physical_vial_index,assay_tube_index,bbox_x,bbox_y,bbox_w,bbox_h,center_x_px,center_y_px,area_px,frame_index,time_s,x_from_left_px,x_from_left_mm,y_from_base_px,y_from_base_mm,distance_from_base_px,distance_from_base_mm,relative_x,relative_height,threshold_used
1,1,144,167,69,13,174.1699604743083,170.35770750988144,506,0,0.0,47.16996047430831,,610.6422924901185,,610.6422924901185,,0.23944142372745336,0.9945314209936783,16.0
1,1,208,168,31,20,222.489406779661,176.15466101694915,472,0,0.0,95.48940677966101,,604.8453389830509,,604.8453389830509,,0.4847178009119848,0.9850901286368906,16.0
1,1,237,168,38,14,252.0163043478261,173.38315217391303,368,0,0.0,125.0163043478261,,607.616847826087,,607.616847826087,,0.6346005296843964,0.9896039866874381,16.0
1,1,275,168,37,14,295.96048632218844,172.80851063829786,329,0,0.0,168.96048632218844,,608.1914893617021,,608.1914893617021,,0.8576674432598398,0.9905398849539122,16.0
2,2,364,165,33,23,377.14495412844036,174.59082568807338,545,0,0.0,22.14495412844036,,604.4091743119266,,604.4091743119266,,0.11241093466213381,0.9827791452226449,19.0
2,2,396,165,41,14,416.73821989528795,170.40052356020942,382,0,0.0,61.738219895287955,,608.5994764397906,,608.5994764397906,,0.31339197916389827,0.9895926446175457,19.0
2,2,493,165,43,9,514.5685618729096,169.62876254180603,299,0,0.0,159.56856187290964,,609.371237458194,,609.371237458194,,0.8099926998624855,0.9908475405824292,19.0
2,2,448,165,48,18,470.7477064220184,174.11926605504587,436,0,0.0,115.74770642201838,,604.8807339449542,,604.8807339449542,,0.5875518092488242,0.983545908853584,19.0
3,3,597,165,32,19,611.0138888888889,172.54398148148147,432,0,0.0,30.013888888888914,,598.4560185185185,,598.4560185185185,,0.16956999372253623,0.9859242479712002,18.0
3,3,628,165,32,17,644.6744186046511,171.55297157622738,387,0,0.0,63.67441860465112,,599.4470284237726,,599.4470284237726,,0.35974247799237924,0.9875568837294442,18.0
3,3,658,164,85,17,697.2564705882353,170.66235294117647,850,0,0.0,116.25647058823529,,600.3376470588236,,600.3376470588236,,0.6568162180126288,0.9890241302451789,18.0
3,3,741,404,2,7,741.4615384615385,406.7692307692308,13,0,0.0,160.46153846153845,,364.2307692307692,,364.2307692307692,,0.9065623641894828,0.6000506906602459,18.0
3,3,601,452,10,14,605.3818181818182,458.2818181818182,110,0,0.0,24.381818181818176,,312.7181818181818,,312.7181818181818,,0.1377503852080123,0.5151864609854725,18.0
3,3,637,480,12,20,642.123076923077,489.1128205128205,195,0,0.0,61.12307692307695,,281.8871794871795,,281.8871794871795,,0.3453281182094743,0.4643940353989777,18.0
3,3,640,677,18,13,648.1887755102041,683.045918367347,196,0,0.0,67.1887755102041,,87.95408163265301,,87.95408163265301,,0.3795976017525655,0.14489964025148766,18.0
3,3,607,706,10,15,611.4166666666666,712.9416666666667,120,0,0.0,30.41666666666663,,58.05833333333328,,58.05833333333328,,0.17184557438794706,0.09564799560680935,18.0
4,4,818,164,49,8,841.0419161676647,166.94910179640718,334,0,0.0,40.04191616766468,,604.0508982035929,,604.0508982035929,,0.22881094952951248,0.9951415126912567,16.0
4,4,873,164,88,11,906.0815450643777,167.6695278969957,466,0,0.0,105.08154506437768,,603.3304721030042,,603.3304721030042,,0.6004659717964439,0.9939546492635984,16.0
1,1,144,167,68,13,173.62626262626262,170.31919191919192,495,1,0.2,46.626262626262616,,610.6808080808081,,610.6808080808081,,0.2366815361739219,0.9945941499687428,16.0
1,1,208,168,31,20,222.489406779661,176.15466101694915,472,1,0.2,95.48940677966101,,604.8453389830509,,604.8453389830509,,0.4847178009119848,0.9850901286368906,16.0
1,1,237,168,38,14,252.07967032967034,173.29945054945054,364,1,0.2,125.07967032967034,,607.7005494505495,,607.7005494505495,,0.6349221844145703,0.9897403085513835,16.0
1,1,275,168,37,14,295.96048632218844,172.80851063829786,329,1,0.2,168.96048632218844,,608.1914893617021,,608.1914893617021,,0.8576674432598398,0.9905398849539122,16.0
2,2,366,165,34,22,380.81050656660415,174.03001876172607,533,1,0.2,25.810506566604147,,604.9699812382739,,604.9699812382739,,0.1310177998304779,0.9836910264036974,19.0
2,2,398,165,40,14,417.0427807486631,170.3716577540107,374,1,0.2,62.04278074866312,,608.6283422459893,,608.6283422459893,,0.3149379733434676,0.9896395808877875,19.0
2,2,493,165,43,9,514.6688741721855,169.58278145695365,302,1,0.2,159.6688741721855,,609.4172185430464,,609.4172185430464,,0.8105018993511954,0.9909223065740591,19.0
2,2,447,165,50,17,470.753986332574,174.06833712984056,439,1,0.2,115.75398633257402,,604.9316628701595,,604.9316628701595,,0.5875836869673808,0.9836287201140804,19.0
3,3,599,165,63,19,632.3832547169811,172.34198113207546,848,1,0.2,51.38325471698113,,598.6580188679245,,598.6580188679245,,0.290300874107238,0.9862570327313419,18.0
3,3,661,165,81,14,699.8698539176627,170.87118193891104,753,1,0.2,118.86985391766268,,600.128818061089,,600.128818061089,,0.6715810955800151,0.9886800956525353,18.0
3,3,601,444,11,15,605.9032258064516,450.36290322580646,124,1,0.2,24.903225806451587,,320.63709677419354,,320.63709677419354,,0.14069619099690162,0.528232449380879,18.0
3,3,639,486,12,21,644.5527638190955,495.8291457286432,199,1,0.2,63.5527638190955,,275.1708542713568,,275.1708542713568,,0.3590551628197486,0.45332924921146095,18.0
3,3,649,682,18,16,657.2955665024631,689.7635467980296,203,1,0.2,76.29556650246309,,81.23645320197045,,81.23645320197045,,0.4310483983190005,0.13383270708726597,18.0
4,4,818,164,50,8,841.1923076923077,166.96449704142012,338,1,0.2,40.192307692307736,,604.0355029585799,,604.0355029585799,,0.2296703296703299,0.9951161498493902,16.0
4,4,873,164,84,11,905.2181425485961,167.73218142548595,463,1,0.2,104.21814254859612,,603.2678185745141,,603.2678185745141,,0.595532243134835,0.9938514309300067,16.0
1,1,145,168,66,10,173.164265129683,170.29971181556195,347,2,0.4,46.164265129683,,610.700288184438,,610.700288184438,,0.23433637121666498,0.994625876521886,16.0
1,1,218,168,62,14,247.18125,173.69375,480,2,0.4,120.18125,,607.30625,,607.30625,,0.6100571065989848,0.9890981270358306,16.0
1,1,280,168,28,5,294.6166666666667,169.74166666666667,120,2,0.4,167.61666666666667,,611.2583333333333,,611.2583333333333,,0.8508460236886634,0.9955347448425624,16.0
2,2,365,165,35,22,379.7240075614367,174.03780718336483,529,2,0.4,24.72400756143668,,604.9621928166351,,604.9621928166351,,0.1255025764539933,0.9836783623034717,19.0
2,2,399,165,39,14,417.7771739130435,170.3233695652174,368,2,0.4,62.7771739130435,,608.6766304347826,,608.6766304347826,,0.31866585742661674,0.9897180982679392,19.0
2,2,493,165,43,10,514.5457516339869,169.6143790849673,306,2,0.4,159.54575163398692,,609.3856209150326,,609.3856209150326,,0.8098769118476493,0.9908709283171262,19.0
2,2,447,165,49,17,470.6590909090909,174.12727272727273,440,2,0.4,115.65909090909088,,604.8727272727273,,604.8727272727273,,0.587101984310106,0.9835328898743533,19.0
3,3,599,165,56,19,628.1440972222222,172.10243055555554,576,2,0.4,47.14409722222217,,598.8975694444445,,598.8975694444445,,0.26635083176396707,0.9866516794801391,17.0
3,3,655,165,87,24,688.839495040577,172.55725879170424,1109,2,0.4,107.83949504057705,,598.4427412082957,,598.4427412082957,,0.6092626838450681,0.985902374313502,17.0
3,3,603,436,11,16,607.7753623188406,442.6159420289855,138,2,0.4,26.77536231884062,,328.3840579710145,,328.3840579710145,,0.15127323343977753,0.5409951531647685,17.0
3,3,637,504,14,20,643.5545023696683,513.1421800947867,211,2,0.4,62.554502369668285,,257.8578199052133,,257.8578199052133,,0.35341526762524456,0.42480695206789676,17.0
3,3,652,687,17,18,659.4095238095238,695.547619047619,210,2,0.4,78.40952380952376,,75.45238095238096,,75.45238095238096,,0.4429916599408122,0.12430375774692086,17.0
3,3,615,765,13,7,620.8,768.3333333333334,75,2,0.4,39.799999999999955,,2.6666666666666288,,2.6666666666666288,,0.22485875706214664,0.004393190554640245,17.0
4,4,818,164,49,8,840.9940298507463,166.95223880597015,335,2,0.4,39.9940298507463,,604.0477611940298,,604.0477611940298,,0.228537313432836,0.9951363446359635,16.0
4,4,873,164,88,11,907.7178947368421,167.61684210526315,475,2,0.4,106.71789473684214,,603.3831578947369,,603.3831578947369,,0.6098165413533837,0.9940414462845748,16.0
1,1,144,167,70,12,174.6888888888889,170.20606060606062,495,3,0.6,47.6888888888889,,610.7939393939394,,610.7939393939394,,0.2420755781161873,0.9947784029217254,16.0
1,1,216,168,57,14,245.04424778761063,173.94026548672565,452,3,0.6,118.04424778761063,,607.0597345132744,,607.0597345132744,,0.5992093796325413,0.9886966360151049,16.0
1,1,273,168,35,5,290.5103448275862,169.64827586206897,145,3,0.6,163.5103448275862,,611.351724137931,,611.351724137931,,0.8300017503938386,0.9956868471301807,16.0
2,2,366,165,34,22,380.6102661596958,174.04562737642584,526,3,0.6,25.61026615969581,,604.9543726235742,,604.9543726235742,,0.13000135106444574,0.983665646542397,19.0
2,2,398,165,39,14,417.04266666666666,170.37866666666667,375,3,0.6,62.04266666666666,,608.6213333333333,,608.6213333333333,,0.31493739424703887,0.9896281842818427,19.0
2,2,492,165,44,9,514.8231511254019,169.4855305466238,311,3,0.6,159.82315112540186,,609.5144694533763,,609.5144694533763,,0.8112850310934104,0.9910804381355711,19.0
2,2,448,165,49,17,470.824480369515,174.11547344110855,433,3,0.6,115.82448036951502,,604.8845265588915,,604.8845265588915,,0.5879415247183504,0.9835520757055146,19.0
3,3,599,165,56,19,627.6208695652174,172.1113043478261,575,3,0.6,46.62086956521739,,598.888695652174,,598.888695652174,,0.26339474330631296,0.9866370603824942,17.0
3,3,655,165,87,24,689.059405940594,172.54815481548155,1111,3,0.6,108.05940594059405,,598.4518451845184,,598.4518451845184,,0.6105051183084409,0.9859173726268837,17.0
3,3,605,432,11,15,609.9703703703703,438.6296296296296,135,3,0.6,28.970370370370347,,332.3703703703704,,332.3703703703704,,0.16367440887214885,0.5475623894075294,17.0
3,3,629,523,15,19,635.7447916666666,531.5,192,3,0.6,54.74479166666663,,239.5,,239.5,,0.30929260828625216,0.39456342668863265,17.0
3,3,653,689,17,18,660.5876777251185,697.3838862559242,211,3,0.6,79.58767772511851,,73.61611374407585,,73.61611374407585,,0.449647896752082,0.1212786058386752,17.0
3,3,624,750,16,18,631.0878048780488,757.8780487804878,205,3,0.6,50.087804878048814,,13.121951219512198,,13.121951219512198,,0.2829819484635526,0.021617712058504445,17.0
4,4,818,164,50,8,841.3857566765579,166.91988130563797,337,3,0.6,40.38575667655789,,604.080118694362,,604.080118694362,,0.23077575243747364,0.9951896518852751,16.0
4,4,873,164,88,11,906.7726315789473,167.6357894736842,475,3,0.6,105.77263157894731,,603.3642105263158,,603.3642105263158,,0.6044150375939846,0.9940102315095812,16.0
1,1,144,167,69,11,174.6437246963563,170.19635627530366,494,4,0.8,47.64372469635629,,610.8036437246964,,610.8036437246964,,0.24184631825561567,0.9947942080206781,16.0
1,1,217,168,56,14,245.15812917594656,173.98663697104678,449,4,0.8,118.15812917594656,,607.0133630289532,,607.0133630289532,,0.5997874577459216,0.9886211124250053,16.0
1,1,273,168,35,5,290.21621621621625,169.6418918918919,148,4,0.8,163.21621621621625,,611.3581081081081,,611.3581081081081,,0.8285087117574429,0.9956972444757461,16.0
2,2,366,165,33,22,380.5162523900574,174.05927342256214,523,4,0.8,25.51625239005739,,604.9407265774379,,604.9407265774379,,0.12952412380739792,0.9836434578494925,19.0
2,2,399,165,38,14,416.790450928382,170.28647214854112,377,4,0.8,61.79045092838197,,608.7135278514588,,608.7135278514588,,0.31365711131158364,0.9897780940674127,19.0
2,2,492,165,44,10,514.0891719745223,169.60509554140128,314,4,0.8,159.0891719745223,,609.3949044585987,,609.3949044585987,,0.807559248601636,0.9908860235099166,19.0
2,2,448,165,47,17,470.4047058823529,174.13176470588235,425,4,0.8,115.40470588235291,,604.8682352941177,,604.8682352941177,,0.5858106897581367,0.9835255858440938,19.0
3,3,592,165,65,20,619.9349046015712,172.79349046015713,891,4,0.8,38.93490460157125,,598.2065095398428,,598.2065095398428,,0.21997121243825563,0.9855131952880443,17.0
3,3,658,165,84,15,698.8829648894668,170.96358907672303,769,4,0.8,117.88296488946685,,600.036410923277,,600.036410923277,,0.66600545135292,0.988527859840654,17.0
3,3,606,429,11,15,610.7480916030535,435.8625954198473,131,4,0.8,29.748091603053467,,335.1374045801527,,335.1374045801527,,0.16806831414154502,0.5521209301155728,17.0
3,3,619,537,16,17,625.7555555555556,544.6555555555556,180,4,0.8,44.75555555555559,,226.34444444444443,,226.34444444444443,,0.25285624607658524,0.37289035328574044,17.0
3,3,653,691,20,15,662.2139534883721,698.0232558139535,215,4,0.8,81.21395348837211,,72.97674418604652,,72.97674418604652,,0.45883589541453174,0.12022527872495307,17.0
3,3,636,728,19,22,644.8628158844765,738.0794223826715,277,4,0.8,63.862815884476504,,32.92057761732849,,32.92057761732849,,0.36080686940382206,0.05423488899065649,17.0
4,4,818,164,49,8,841.2754491017964,166.93413173652695,334,4,0.8,40.275449101796426,,604.065868263473,,604.065868263473,,0.2301454234388367,0.9951661750633822,16.0
4,4,873,164,88,11,906.8305084745763,167.614406779661,472,4,0.8,105.83050847457628,,603.3855932203389,,603.3855932203389,,0.6047457627118644,0.9940454583531119,16.0
1,1,145,168,69,9,173.98833819241983,170.1807580174927,343,5,1.0,46.98833819241983,,610.8192419825073,,610.8192419825073,,0.23851948321025296,0.9948196123493603,16.0
1,1,215,168,58,14,244.51391862955032,173.9528907922912,467,5,1.0,117.51391862955032,,607.0471092077088,,607.0471092077088,,0.596517353449494,0.9886760736281902,16.0
1,1,273,168,35,5,289.94444444444446,169.57638888888889,144,5,1.0,162.94444444444446,,611.4236111111111,,611.4236111111111,,0.8271291596164694,0.9958039268910605,16.0
2,2,366,165,34,22,380.5847619047619,174.05714285714285,525,5,1.0,25.584761904761876,,604.9428571428572,,604.9428571428572,,0.12987188784143083,0.9836469221835076,19.0
2,2,398,165,39,14,417.3097826086956,170.2663043478261,368,5,1.0,62.30978260869563,,608.7336956521739,,608.7336956521739,,0.31629331273449557,0.9898108872393071,19.0
2,2,492,165,44,10,513.9529780564263,169.67398119122257,319,5,1.0,158.95297805642633,,609.3260188087775,,609.3260188087775,,0.8068679089158697,0.9907740143232154,19.0
2,2,447,165,48,17,470.30516431924883,174.15727699530515,426,5,1.0,115.30516431924883,,604.8427230046948,,604.8427230046948,,0.5853054026357809,0.9834841024466582,19.0
3,3,658,165,43,15,681.5443037974684,172.2405063291139,395,5,1.0,100.54430379746839,,598.7594936708861,,598.7594936708861,,0.5680469141099909,0.9864242070360562,17.0
3,3,701,165,41,8,719.5444444444445,168.3740740740741,270,5,1.0,138.54444444444448,,602.6259259259259,,602.6259259259259,,0.7827369742623982,0.9927939471596803,17.0
3,3,599,165,58,10,626.5492957746479,170.32394366197184,355,5,1.0,45.54929577464793,,600.6760563380282,,600.6760563380282,,0.2573406540940561,0.9895816414135554,17.0
3,3,606,429,12,14,611.3828125,435.1796875,128,5,1.0,30.3828125,,335.8203125,,335.8203125,,0.1716543079096045,0.5532459843492586,17.0
3,3,614,542,15,15,620.4629629629629,548.7037037037037,162,5,1.0,39.46296296296293,,222.2962962962963,,222.2962962962963,,0.22295459301109002,0.36622124595765454,17.0
3,3,741,659,2,10,741.4736842105264,663.2631578947369,19,5,1.0,160.47368421052636,,107.73684210526312,,107.73684210526312,,0.9066309842402619,0.17749067892135606,17.0
3,3,653,687,21,14,662.6331877729258,693.5676855895197,229,5,1.0,81.6331877729258,,77.43231441048033,,77.43231441048033,,0.461204450694496,0.12756559210952279,17.0
3,3,650,710,21,22,659.615894039735,720.3874172185431,302,5,1.0,78.61589403973505,,50.61258278145692,,50.61258278145692,,0.4441575934448308,0.08338152023304271,17.0
4,4,818,164,49,8,841.2754491017964,166.93413173652695,334,5,1.0,40.275449101796426,,604.065868263473,,604.065868263473,,0.2301454234388367,0.9951661750633822,16.0
4,4,873,164,88,11,906.590717299578,167.63713080168776,474,5,1.0,105.59071729957805,,603.3628691983122,,603.3628691983122,,0.6033755274261603,0.9940080217435127,16.0
1,1,145,168,67,9,173.34821428571428,170.18154761904762,336,6,1.2,46.34821428571428,,610.8184523809524,,610.8184523809524,,0.23527012327773744,0.9948183263533427,16.0
1,1,216,168,58,14,245.29373650107993,173.9352051835853,463,6,1.2,118.29373650107993,,607.0647948164146,,607.0647948164146,,0.6004758198024363,0.9887048775511639,16.0
1,1,274,168,34,5,290.4214285714286,169.57857142857142,140,6,1.2,163.42142857142858,,611.4214285714286,,611.4214285714286,,0.829550398839739,0.9958003722661704,16.0
2,2,366,165,34,22,380.6413662239089,174.03795066413662,527,6,1.2,25.641366223908904,,604.9620493358634,,604.9620493358634,,0.1301592194107051,0.983678129001404,19.0
2,2,398,165,39,14,417.3097826086956,170.2663043478261,368,6,1.2,62.30978260869563,,608.7336956521739,,608.7336956521739,,0.31629331273449557,0.9898108872393071,19.0
2,2,492,165,44,10,514.1093247588424,169.64630225080387,311,6,1.2,159.10932475884238,,609.3536977491962,,609.3536977491962,,0.8076615469991999,0.9908190207304003,19.0
2,2,448,165,47,18,470.39540229885057,174.2183908045977,435,6,1.2,115.39540229885057,,604.7816091954023,,604.7816091954023,,0.585763463445942,0.9833847303990282,19.0
3,3,658,165,44,14,681.8280423280423,171.96825396825398,378,6,1.2,100.82804232804233,,599.031746031746,,599.031746031746,,0.5696499566556064,0.9868727282236343,18.0
3,3,701,165,41,8,718.2017167381974,168.39484978540773,233,6,1.2,137.20171673819743,,602.6051502145923,,602.6051502145923,,0.7751509420237143,0.9927597202876315,18.0
3,3,607,428,13,13,612.512,433.688,125,6,1.2,31.511999999999944,,337.312,,337.312,,0.17803389830508443,0.5557034596375618,18.0
3,3,608,547,15,13,614.4285714285714,552.7518796992481,133,6,1.2,33.428571428571445,,218.2481203007519,,218.2481203007519,,0.18886198547215505,0.3595520927524743,18.0
3,3,658,681,28,31,671.9682242990655,694.9383177570094,535,6,1.2,90.96822429906547,,76.06168224299063,,76.06168224299063,,0.5139447700512173,0.12530754899998456,18.0
4,4,818,164,49,8,841.2222222222222,166.92492492492494,333,6,1.2,40.22222222222217,,604.0750750750751,,604.0750750750751,,0.22984126984126954,0.9951813427925456,16.0
4,4,873,164,83,11,905.4310722100656,167.74398249452955,457,6,1.2,104.43107221006562,,603.2560175054705,,603.2560175054705,,0.5967489840575179,0.9938319893006103,16.0
1,1,145,168,67,10,173.22988505747128,170.29022988505747,348,7,1.4,46.22988505747128,,610.7097701149426,,610.7097701149426,,0.23466946729680851,0.9946413194054439,16.0
1,1,216,168,57,14,245.03736263736263,173.94285714285715,455,7,1.4,118.03736263736263,,607.0571428571428,,607.0571428571428,,0.5991744296312824,0.9886924150767799,16.0
1,1,273,168,35,5,289.98648648648646,169.6418918918919,148,7,1.4,162.98648648648646,,611.3581081081081,,611.3581081081081,,0.8273425709973932,0.9956972444757461,16.0
2,2,367,165,34,22,381.6666666666667,174.0284090909091,528,7,1.4,26.666666666666686,,604.9715909090909,,604.9715909090909,,0.13536379018612532,0.9836936437546193,19.0
2,2,399,165,38,14,417.89136490250695,170.29805013927577,359,7,1.4,62.89136490250695,,608.7019498607242,,608.7019498607242,,0.31924550711932465,0.9897592680662182,19.0
2,2,492,165,44,10,513.7677419354839,169.7032258064516,310,7,1.4,158.76774193548385,,609.2967741935483,,609.2967741935483,,0.8059276240379891,0.9907264621033306,19.0
2,2,448,165,47,18,470.23853211009174,174.1422018348624,436,7,1.4,115.23853211009174,,604.8577981651376,,604.8577981651376,,0.5849671680715317,0.9835086149026628,19.0
3,3,658,165,44,14,681.9385026737968,171.9331550802139,374,7,1.4,100.93850267379685,,599.066844919786,,599.066844919786,,0.5702740264056319,0.9869305517624152,18.0
3,3,701,165,41,8,718.2658227848101,168.40506329113924,237,7,1.4,137.2658227848101,,602.5949367088608,,602.5949367088608,,0.7755131230780231,0.9927428940837905,18.0
3,3,607,427,13,14,612.6384615384616,433.3692307692308,130,7,1.4,31.63846153846157,,337.6307692307692,,337.6307692307692,,0.17874837027379417,0.5562286148777087,18.0
3,3,608,548,14,12,614.0769230769231,553.1538461538462,130,7,1.4,33.076923076923094,,217.8461538461538,,217.8461538461538,,0.18687527162103443,0.3588898745406158,18.0
3,3,670,667,27,25,683.7731481481482,679.8564814814815,432,7,1.4,102.77314814814815,,91.14351851851848,,91.14351851851848,,0.5806392550742834,0.15015406675208975,18.0
4,4,818,164,49,8,841.1458333333334,166.95833333333334,336,7,1.4,40.14583333333337,,604.0416666666666,,604.0416666666666,,0.2294047619047621,0.9951263042284458,16.0
4,4,873,164,84,11,905.4276457883369,167.792656587473,463,7,1.4,104.42764578833692,,603.207343412527,,603.207343412527,,0.5967294045047824,0.9937518013385949,16.0
1,1,145,168,68,9,173.61861861861863,170.13813813813815,333,8,1.6,46.618618618618626,,610.8618618618618,,610.8618618618618,,0.23664273410466308,0.9948890258336511,16.0
1,1,215,168,57,14,244.81578947368422,173.9671052631579,456,8,1.6,117.81578947368422,,607.0328947368421,,607.0328947368421,,0.5980496927598183,0.9886529230241727,16.0
1,1,272,168,36,5,289.5838926174497,169.64429530201343,149,8,1.6,162.5838926174497,,611.3557046979865,,611.3557046979865,,0.825298947296699,0.9956933301270139,16.0
2,2,365,165,35,22,379.68560606060606,174.04166666666666,528,8,1.6,24.685606060606062,,604.9583333333334,,604.9583333333334,,0.12530764497769575,0.9836720867208673,19.0
2,2,397,165,40,14,417.1536388140162,170.26415094339623,371,8,1.6,62.153638814016176,,608.7358490566038,,608.7358490566038,,0.315500704639676,0.9898143887099249,19.0
2,2,491,165,45,10,513.795731707317,169.6768292682927,328,8,1.6,158.79573170731703,,609.3231707317073,,609.3231707317073,,0.806069704098056,0.990769383303589,19.0
2,2,448,165,45,17,469.8983451536643,174.15839243498817,423,8,1.6,114.89834515366431,,604.8416075650118,,604.8416075650118,,0.5832403307292604,0.9834822887235964,19.0
3,3,599,165,57,10,628.140625,169.94010416666666,384,8,1.6,47.140625,,601.0598958333334,,601.0598958333334,,0.2663312146892655,0.9902139964305328,17.0
3,3,658,165,42,14,681.4715447154472,171.99728997289972,369,8,1.6,100.47154471544718,,599.0027100271003,,599.0027100271003,,0.567635845849984,0.9868248929606266,17.0
3,3,700,165,42,8,717.980694980695,168.45945945945945,259,8,1.6,136.98069498069503,,602.5405405405405,,602.5405405405405,,0.7739022315293504,0.992653279308963,17.0
3,3,607,427,13,14,612.6222222222223,433.44444444444446,135,8,1.6,31.622222222222263,,337.55555555555554,,337.55555555555554,,0.17865662272441957,0.5561047043748856,17.0
3,3,606,550,12,16,611.1958041958042,556.958041958042,143,8,1.6,30.195804195804158,,214.04195804195797,,214.04195804195797,,0.1705977638181026,0.35262266563749256,17.0
3,3,693,644,16,24,700.2971887550201,654.433734939759,249,8,1.6,119.2971887550201,,116.566265060241,,116.566265060241,,0.6739954166950288,0.19203668049463096,17.0
3,3,688,668,19,14,696.2795698924731,675.5967741935484,186,8,1.6,115.27956989247309,,95.40322580645159,,95.40322580645159,,0.6512970050422209,0.15717170643566983,17.0
4,4,818,164,49,8,841.0925373134328,166.94925373134328,335,8,1.6,40.092537313432786,,604.0507462686567,,604.0507462686567,,0.2291002132196159,0.9951412623865843,16.0
4,4,873,164,88,11,905.6730769230769,167.76709401709402,468,8,1.6,104.6730769230769,,603.232905982906,,603.232905982906,,0.598131868131868,0.9937939143046227,16.0
1,1,145,168,68,9,174.08529411764707,170.16764705882352,340,9,1.8,47.08529411764707,,610.8323529411765,,610.8323529411765,,0.239011645267244,0.9948409657022419,16.0
1,1,216,168,92,14,256.08955223880594,172.87728026533998,603,9,1.8,129.08955223880594,,608.12271973466,,608.12271973466,,0.6552769149177966,0.9904278823040065,16.0
2,2,365,165,34,22,379.75094339622643,174.011320754717,530,9,1.8,24.750943396226432,,604.988679245283,,604.988679245283,,0.1256393065798296,0.983721429667127,19.0
2,2,398,165,39,14,417.0373333333333,170.38666666666666,375,9,1.8,62.03733333333332,,608.6133333333333,,608.6133333333333,,0.3149103214890016,0.9896151761517615,19.0
2,2,492,165,44,10,514.6581469648562,169.63258785942492,313,9,1.8,159.6581469648562,,609.3674121405751,,609.3674121405751,,0.8104474465221126,0.9908413205537806,19.0
2,2,447,165,50,18,470.71945701357464,174.22171945701356,442,9,1.8,115.71945701357464,,604.7782805429864,,604.7782805429864,,0.5874084112364195,0.9833793179560755,19.0
3,3,657,165,44,14,681.6058201058202,171.98677248677248,378,9,1.8,100.60582010582016,,599.0132275132275,,599.0132275132275,,0.5683944638746902,0.9868422199558938,17.0
3,3,701,165,41,8,718.733870967742,168.44354838709677,248,9,1.8,137.73387096774195,,602.5564516129032,,602.5564516129032,,0.7781574630945873,0.9926794919487697,17.0
3,3,607,427,13,14,612.6296296296297,433.51851851851853,135,9,1.8,31.629629629629676,,337.48148148148147,,337.48148148148147,,0.17869847248378348,0.5559826713039233,17.0
3,3,607,551,11,17,612.1140939597316,559.0,149,9,1.8,31.114093959731576,,212.0,,212.0,,0.1757858415804044,0.34925864909390447,17.0
3,3,741,588,2,11,741.4761904761905,592.7619047619048,21,9,1.8,160.47619047619048,,178.23809523809518,,178.23809523809518,,0.9066451439332796,0.29363771867890476,17.0
3,3,704,619,17,25,711.4916943521595,630.717607973422,301,9,1.8,130.49169435215947,,140.282392026578,,140.282392026578,,0.7372412110291495,0.23110772986256672,17.0
3,3,703,676,20,13,712.469387755102,681.7244897959183,196,9,1.8,131.46938775510205,,89.27551020408168,,89.27551020408168,,0.742764902571198,0.14707662307097477,17.0
3,3,606,761,12,11,611.3303571428571,766.3928571428571,112,9,1.8,30.33035714285711,,4.60714285714289,,4.60714285714289,,0.17135794995964468,0.0075900211814545135,17.0
4,4,818,164,50,8,841.2225519287833,166.95548961424333,337,9,1.8,40.22255192878333,,604.0445103857567,,604.0445103857567,,0.2298431538787619,0.9951309891033883,16.0
4,4,891,165,55,8,908.391061452514,166.98882681564245,179,9,1.8,107.39106145251401,,604.0111731843575,,604.0111731843575,,0.61366320830008,0.9950760678490239,16.0
4,4,874,167,19,7,883.1683168316831,170.5247524752475,101,9,1.8,82.16831683168311,,600.4752475247525,,600.4752475247525,,0.4695332390381892,0.9892508196453913,16.0
1,1,144,167,70,13,174.43232323232323,170.25454545454545,495,10,2.0,47.43232323232323,,610.7454545454545,,610.7454545454545,,0.24077321437727528,0.9946994373704472,16.0
1,1,208,168,31,20,222.489406779661,176.15466101694915,472,10,2.0,95.48940677966101,,604.8453389830509,,604.8453389830509,,0.4847178009119848,0.9850901286368906,16.0
1,1,237,168,71,14,267.07737226277374,173.17518248175182,685,10,2.0,140.07737226277374,,607.8248175182482,,607.8248175182482,,0.7110526510800698,0.9899426995411209,16.0
2,2,365,165,36,22,379.9063670411985,174.0318352059925,534,10,2.0,24.906367041198507,,604.9681647940075,,604.9681647940075,,0.1264282590923782,0.9836880728357846,19.0
2,2,398,165,39,14,418.100278551532,170.32311977715878,359,10,2.0,63.10027855153203,,608.6768802228412,,608.6768802228412,,0.32030598249508646,0.9897185044273841,19.0
2,2,493,165,43,10,514.4444444444445,169.63725490196077,306,10,2.0,159.44444444444446,,609.3627450980392,,609.3627450980392,,0.8093626621545404,0.9908337318667304,19.0
2,2,448,165,48,17,470.7350230414746,174.09907834101384,434,10,2.0,115.73502304147462,,604.9009216589861,,604.9009216589861,,0.5874874266064701,0.9835787344048555,19.0
3,3,660,165,41,14,681.780487804878,171.99728997289972,369,10,2.0,100.78048780487802,,599.0027100271003,,599.0027100271003,,0.5693812870332091,0.9868248929606266,17.0
3,3,700,165,42,8,718.4054054054054,168.46718146718146,259,10,2.0,137.40540540540542,,602.5328185328185,,602.5328185328185,,0.7763017254542679,0.9926405577146927,17.0
3,3,598,166,59,10,625.9058295964126,170.6748878923767,446,10,2.0,44.90582959641256,,600.3251121076233,,600.3251121076233,,0.2537052519571331,0.989003479584223,17.0
3,3,607,427,13,14,612.5955882352941,433.49264705882354,136,10,2.0,31.595588235294144,,337.50735294117646,,337.50735294117646,,0.1785061482220008,0.5560252931485609,17.0
3,3,607,551,12,18,612.2993630573249,559.1592356687897,157,10,2.0,31.299363057324854,,211.84076433121027,,211.84076433121027,,0.17683255964590314,0.34899631685537114,17.0
3,3,740,566,3,16,741.0697674418604,573.6046511627907,43,10,2.0,160.06976744186045,,197.39534883720933,,197.39534883720933,,0.9043489685980817,0.32519826826558373,17.0
3,3,711,595,15,26,717.9633333333334,606.8266666666666,300,10,2.0,136.96333333333337,,164.1733333333334,,164.1733333333334,,0.7738041431261772,0.27046677649643064,17.0
3,3,713,678,21,13,722.8136363636363,683.8409090909091,220,10,2.0,141.8136363636363,,87.15909090909088,,87.15909090909088,,0.8012069851052899,0.14358993559982022,17.0
3,3,606,746,11,21,610.9510869565217,756.1521739130435,184,10,2.0,29.95108695652175,,14.847826086956502,,14.847826086956502,,0.16921518054532061,0.024460998495809724,17.0
4,4,818,164,50,8,841.5591715976332,166.92603550295857,338,10,2.0,40.55917159763317,,604.0739644970414,,604.0739644970414,,0.2317666948436181,0.9951795131746975,16.0
4,4,873,164,88,11,906.1060606060606,167.7229437229437,462,10,2.0,105.10606060606062,,603.2770562770563,,603.2770562770563,,0.6006060606060607,0.9938666495503399,16.0
1,1,144,167,67,12,173.64255319148936,170.13829787234042,470,11,2.2,46.642553191489355,,610.8617021276596,,610.8617021276596,,0.23676422939842312,0.9948887656802273,17.0
1,1,208,168,31,20,222.489406779661,176.15466101694915,472,11,2.2,95.48940677966101,,604.8453389830509,,604.8453389830509,,0.4847178009119848,0.9850901286368906,17.0
1,1,237,168,71,14,267.19970631424377,173.12922173274598,681,11,2.2,140.19970631424377,,607.8707782672541,,607.8707782672541,,0.7116736361129126,0.9900175541811955,17.0
2,2,365,165,36,22,379.7984934086629,174.03201506591336,531,11,2.2,24.79849340866292,,604.9679849340866,,604.9679849340866,,0.1258806772013346,0.9836877803806287,19.0
2,2,398,165,39,14,418.14722222222224,170.33055555555555,360,11,2.2,63.14722222222224,,608.6694444444445,,608.6694444444445,,0.3205442752397068,0.989706413730804,19.0
2,2,493,165,43,10,514.4065573770492,169.65245901639344,305,11,2.2,159.40655737704924,,609.3475409836066,,609.3475409836066,,0.8091703420154783,0.9908090097294415,19.0
2,2,448,165,48,18,470.6981566820276,174.1705069124424,434,11,2.2,115.69815668202762,,604.8294930875576,,604.8294930875576,,0.5873002877260285,0.9834625903862725,19.0
3,3,660,165,41,14,681.7567567567568,171.9945945945946,370,11,2.2,100.75675675675677,,599.0054054054054,,599.0054054054054,,0.56924721331501,0.9868293334520682,17.0
3,3,700,165,42,8,718.3372549019608,168.38039215686274,255,11,2.2,137.33725490196082,,602.6196078431373,,602.6196078431373,,0.7759166943613606,0.9927835384565687,17.0
3,3,590,165,28,20,603.1851851851852,173.18055555555554,432,11,2.2,22.18518518518522,,597.8194444444445,,597.8194444444445,,0.12534002929483173,0.9848755262676185,17.0
3,3,618,165,37,19,633.0239130434783,172.44782608695652,460,11,2.2,52.023913043478274,,598.5521739130435,,598.5521739130435,,0.2939204126750185,0.986082658835327,17.0
3,3,607,427,13,14,612.6716417910447,433.53731343283584,134,11,2.2,31.67164179104475,,337.46268656716416,,337.46268656716416,,0.17893582932793645,0.555951707688903,17.0
3,3,607,552,12,17,612.2709677419355,559.8516129032258,155,11,2.2,31.270967741935465,,211.14838709677417,,211.14838709677417,,0.17667213413522861,0.3478556624329064,17.0
3,3,740,559,3,17,741.0652173913044,566.8260869565217,46,11,2.2,160.06521739130437,,204.17391304347825,,204.17391304347825,,0.9043232620977648,0.33636558985746007,17.0
3,3,715,573,15,26,721.7392739273928,585.09900990099,303,11,2.2,140.7392739273928,,185.90099009900996,,185.90099009900996,,0.7951371408327276,0.30626192767546945,17.0
3,3,716,673,20,14,725.3755868544602,679.4694835680751,213,11,2.2,144.37558685446015,,91.53051643192487,,91.53051643192487,,0.8156812816636166,0.15079162509378066,17.0
3,3,606,734,11,23,611.1397849462365,744.3978494623656,186,11,2.2,30.139784946236546,,26.60215053763443,,26.60215053763443,,0.17028127088269235,0.04382561867814568,17.0
4,4,818,164,50,8,841.4294117647058,166.95,340,11,2.2,40.42941176470583,,604.05,,604.05,,0.23102521008403334,0.995140032948929,16.0
4,4,873,164,77,11,903.4781609195402,167.8367816091954,435,11,2.2,102.47816091954019,,603.1632183908046,,603.1632183908046,,0.5855894909688011,0.9936791077278494,16.0
4,4,951,164,10,3,956.0454545454545,164.6818181818182,22,11,2.2,155.0454545454545,,606.3181818181818,,606.3181818181818,,0.8859740259740257,0.9988767410513703,16.0
1,1,144,167,68,12,174.35510204081632,170.24489795918367,490,12,2.4,47.35510204081632,,610.7551020408164,,610.7551020408164,,0.24038122863358538,0.9947151499036098,16.0
1,1,208,168,31,20,222.54852320675104,176.13924050632912,474,12,2.4,95.54852320675104,,604.8607594936709,,604.8607594936709,,0.4850178842982286,0.9851152434750341,16.0
1,1,238,168,70,14,267.16398243045387,173.1771595900439,683,12,2.4,140.16398243045387,,607.8228404099561,,607.8228404099561,,0.7114922966012887,0.9899394794950426,16.0
2,2,366,165,35,22,380.7834274952919,174.01883239171374,531,12,2.4,25.783427495291903,,604.9811676082862,,604.9811676082862,,0.13088034261569495,0.9837092156232297,19.0
2,2,399,165,39,14,418.41274238227146,170.3185595567867,361,12,2.4,63.41274238227146,,608.6814404432133,,608.6814404432133,,0.32189209331102264,0.9897259194198591,19.0
2,2,492,165,44,9,514.5141955835962,169.48895899053628,317,12,2.4,159.51419558359623,,609.5110410094637,,609.5110410094637,,0.8097167288507423,0.9910748634300223,19.0
2,2,447,165,48,17,470.16046511627906,174.1767441860465,430,12,2.4,115.16046511627906,,604.8232558139534,,604.8232558139534,,0.5845708889151221,0.9834524484779731,19.0
3,3,658,165,43,14,681.7101063829787,171.9840425531915,376,12,2.4,100.71010638297867,,599.0159574468084,,599.0159574468084,,0.5689836518812355,0.9868467173753022,17.0
3,3,701,165,41,8,718.3886639676114,168.2914979757085,247,12,2.4,137.38866396761136,,602.7085020242915,,602.7085020242915,,0.7762071410599513,0.9929299868604473,17.0
3,3,607,427,13,14,612.5661764705883,433.50735294117646,136,12,2.4,31.56617647058829,,337.49264705882354,,337.49264705882354,,0.17833998005982085,0.556001065994767,17.0
3,3,717,550,14,27,723.7033333333334,562.9,300,12,2.4,142.70333333333338,,208.10000000000002,,208.10000000000002,,0.8062335216572507,0.34283360790774303,17.0
3,3,740,550,3,16,741.0697674418604,557.6046511627907,43,12,2.4,160.06976744186045,,213.39534883720933,,213.39534883720933,,0.9043489685980817,0.3515574115934256,17.0
3,3,607,560,12,18,612.5,568.4367088607595,158,12,2.4,31.5,,202.5632911392405,,202.5632911392405,,0.17796610169491525,0.3337121765061623,17.0
3,3,721,665,19,16,730.0186046511628,672.7813953488372,215,12,2.4,149.01860465116283,,98.21860465116276,,98.21860465116276,,0.8419130206280386,0.16180989234128956,17.0
3,3,606,718,10,19,610.4625,726.51875,160,12,2.4,29.462499999999977,,44.481250000000045,,44.481250000000045,,0.16645480225988687,0.0732804777594729,17.0
4,4,818,164,50,8,841.2375366568915,166.9765395894428,341,12,2.4,40.23753665689151,,604.0234604105572,,604.0234604105572,,0.22992878089652288,0.9950963103963051,16.0
4,4,874,165,40,13,896.0334346504559,169.95136778115503,329,12,2.4,95.03343465045589,,601.048632218845,,601.048632218845,,0.5430481980026051,0.9901954402287397,16.0
4,4,915,165,33,13,928.3307692307692,169.6423076923077,260,12,2.4,127.33076923076919,,601.3576923076923,,601.3576923076923,,0.7276043956043954,0.9907046001774173,16.0
1,1,144,167,70,12,174.4688128772636,170.25955734406438,497,13,2.6,47.46881287726359,,610.7404426559356,,610.7404426559356,,0.240958441001338,0.9946912746839341,16.0
1,1,215,167,94,16,257.19172932330827,172.6315789473684,798,13,2.6,130.19172932330827,,608.3684210526316,,608.3684210526316,,0.6608717224533415,0.9908280473169895,16.0
2,2,366,165,35,22,380.7834274952919,174.01883239171374,531,13,2.6,25.783427495291903,,604.9811676082862,,604.9811676082862,,0.13088034261569495,0.9837092156232297,19.0
2,2,399,165,39,14,418.3722222222222,170.32777777777778,360,13,2.6,63.372222222222206,,608.6722222222222,,608.6722222222222,,0.32168640721940206,0.9897109304426378,19.0
2,2,492,165,44,9,514.5141955835962,169.48895899053628,317,13,2.6,159.51419558359623,,609.5110410094637,,609.5110410094637,,0.8097167288507423,0.9910748634300223,19.0
2,2,447,165,48,17,470.1830985915493,174.17840375586854,426,13,2.6,115.18309859154931,,604.8215962441315,,604.8215962441315,,0.5846857796525345,0.9834497499904576,19.0
3,3,658,165,43,14,681.7553191489362,171.93882978723406,376,13,2.6,100.75531914893622,,599.061170212766,,599.061170212766,,0.5692390912369278,0.9869212029864349,17.0
3,3,701,165,41,8,719.0581395348837,168.28682170542635,258,13,2.6,138.0581395348837,,602.7131782945737,,602.7131782945737,,0.7799894888976481,0.9929376907653603,17.0
3,3,606,427,14,15,612.4068965517241,433.77241379310345,145,13,2.6,31.406896551724117,,337.22758620689655,,337.22758620689655,,0.17744009351256562,0.555564392433108,17.0
3,3,719,524,13,26,724.950354609929,535.9822695035461,282,13,2.6,143.95035460992904,,235.01773049645385,,235.01773049645385,,0.8132788396041188,0.3871791276712584,17.0
3,3,740,532,3,15,741.1944444444445,538.6111111111111,36,13,2.6,160.19444444444446,,232.3888888888889,,232.3888888888889,,0.905053358443189,0.3828482518762585,17.0
3,3,608,561,11,18,613.055900621118,569.1801242236024,161,13,2.6,32.055900621117985,,201.81987577639757,,201.81987577639757,,0.1811067831701581,0.3324874394998312,17.0
3,3,727,657,16,15,735.180412371134,664.159793814433,194,13,2.6,154.18041237113403,,106.84020618556701,,106.84020618556701,,0.8710757761081018,0.17601351925134598,17.0
3,3,606,701,11,20,610.7743902439024,710.0975609756098,164,13,2.6,29.774390243902417,,60.90243902439022,,60.90243902439022,,0.168216894033347,0.10033350745369064,17.0
4,4,818,164,50,8,841.5102040816327,166.97084548104957,343,13,2.6,40.51020408163265,,604.0291545189505,,604.0291545189505,,0.23148688046647228,0.995105691135009,16.0
4,4,873,164,88,11,905.9436008676789,167.73101952277656,461,13,2.6,104.94360086767892,,603.2689804772234,,603.2689804772234,,0.5996777192438796,0.9938533451025098,16.0
1,1,139,168,31,14,153.0223642172524,173.0191693290735,313,14,2.8,26.022364217252402,,607.9808306709265,,607.9808306709265,,0.13209321937691576,0.9901967926236588,16.0
1,1,170,168,41,14,188.3092485549133,172.66184971098266,346,14,2.8,61.309248554913296,,608.3381502890173,,608.3381502890173,,0.31121445966961064,0.9907787463990511,16.0
1,1,208,168,31,20,222.489406779661,176.15466101694915,472,14,2.8,95.48940677966101,,604.8453389830509,,604.8453389830509,,0.4847178009119848,0.9850901286368906,16.0
1,1,237,168,71,14,267.2249637155297,173.18142235123366,689,14,2.8,140.22496371552973,,607.8185776487663,,607.8185776487663,,0.7118018462717245,0.9899325368872416,16.0
2,2,366,165,34,22,380.6527514231499,174.03984819734345,527,14,2.8,25.65275142314988,,604.9601518026566,,604.9601518026566,,0.1302170123002532,0.9836750435815554,19.0
2,2,400,165,38,14,417.7201086956522,170.38315217391303,368,14,2.8,62.720108695652186,,608.616847826087,,608.616847826087,,0.3183761862723461,0.9896208907741252,19.0
2,2,492,165,44,9,514.5235109717869,169.46708463949844,319,14,2.8,159.5235109717869,,609.5329153605015,,609.5329153605015,,0.8097640150852127,0.9911104314804903,19.0
2,2,447,165,48,17,470.16744186046515,174.11627906976744,430,14,2.8,115.16744186046515,,604.8837209302326,,604.8837209302326,,0.5846063038602292,0.9835507657402156,19.0
3,3,658,165,43,14,681.6941489361702,171.95478723404256,376,14,2.8,100.69414893617022,,599.0452127659574,,599.0452127659574,,0.5688934968145211,0.9868949139472116,17.0
3,3,701,165,41,8,718.2897959183674,168.31428571428572,245,14,2.8,137.28979591836742,,602.6857142857143,,602.6857142857143,,0.7756485645105504,0.9928924452812427,17.0
3,3,607,427,13,14,612.5912408759124,433.4379562043796,137,14,2.8,31.591240875912376,,337.5620437956204,,337.5620437956204,,0.17848158686956145,0.556115393402999,17.0
3,3,719,504,13,26,724.7813620071685,515.8709677419355,279,14,2.8,143.78136200716847,,255.1290322580645,,255.1290322580645,,0.812324079136545,0.42031142052399423,17.0
3,3,741,514,2,12,741.4782608695652,519.2608695652174,23,14,2.8,160.47826086956525,,251.73913043478262,,251.73913043478262,,0.9066568410709901,0.41472673877229427,17.0
3,3,608,566,11,19,613.0301204819277,574.7530120481928,166,14,2.8,32.030120481927725,,196.24698795180723,,196.24698795180723,,0.18096113266625832,0.32330640519243364,17.0
3,3,735,651,8,15,738.87,658.65,100,14,2.8,157.87,,112.35000000000002,,112.35000000000002,,0.8919209039548023,0.1850906095551895,17.0
3,3,606,687,11,20,610.55625,695.89375,160,14,2.8,29.556249999999977,,75.10625000000005,,75.10625000000005,,0.16698446327683603,0.12373352553542018,17.0
4,4,818,164,50,8,841.4077380952381,166.9345238095238,336,14,2.8,40.407738095238074,,604.0654761904761,,604.0654761904761,,0.23090136054421756,0.9951655291441123,16.0
4,4,873,164,88,11,906.8720173535792,167.59652928416486,461,14,2.8,105.87201735357917,,603.4034707158352,,603.4034707158352,,0.6049829563061667,0.994074910569745,16.0
1,1,144,167,69,12,174.7418699186992,170.21138211382114,492,15,3.0,47.741869918699194,,610.7886178861788,,610.7886178861788,,0.24234451735380302,0.9947697359709753,16.0
1,1,208,168,31,20,222.489406779661,176.15466101694915,472,15,3.0,95.48940677966101,,604.8453389830509,,604.8453389830509,,0.4847178009119848,0.9850901286368906,16.0
1,1,237,168,32,14,250.5264705882353,173.6705882352941,340,15,3.0,123.5264705882353,,607.3294117647059,,607.3294117647059,,0.6270379217676919,0.9891358497796513,16.0
1,1,269,168,39,14,286.53982300884957,172.7079646017699,339,15,3.0,159.53982300884957,,608.2920353982302,,608.2920353982302,,0.8098468173038049,0.9907036407137298,16.0
2,2,365,165,34,22,379.6527514231499,174.04174573055028,527,15,3.0,24.65275142314988,,604.9582542694498,,604.9582542694498,,0.1251408701682735,0.9836719581617069,19.0
2,2,399,165,39,14,417.5,170.37105263157895,380,15,3.0,62.5,,608.628947368421,,608.628947368421,,0.31725888324873097,0.9896405648267008,19.0
2,2,492,165,44,9,514.559748427673,169.4748427672956,318,15,3.0,159.55974842767296,,609.5251572327044,,609.5251572327044,,0.8099479615617916,0.9910978166385437,19.0
2,2,447,165,48,17,470.12354312354313,174.16317016317015,429,15,3.0,115.12354312354313,,604.8368298368298,,604.8368298368298,,0.5843834676321986,0.9834745200598859,19.0
3,3,590,165,27,20,602.1538461538462,173.2051282051282,429,15,3.0,21.15384615384619,,597.7948717948718,,597.7948717948718,,0.11951325510647565,0.9848350441431167,17.0
3,3,616,165,38,19,632.1306209850108,172.38758029978587,467,15,3.0,51.13062098501075,,598.6124197002141,,598.6124197002141,,0.2888735648870664,0.98618191054401,17.0
3,3,660,165,41,14,681.8746666666667,172.0,375,15,3.0,100.87466666666671,,599.0,,599.0,,0.569913370998117,0.9868204283360791,17.0
3,3,701,165,41,8,718.2622950819672,168.30327868852459,244,15,3.0,137.26229508196718,,602.6967213114754,,602.6967213114754,,0.7754931925534869,0.9929105787668457,17.0
3,3,606,427,14,14,612.4113475177305,433.4326241134752,141,15,3.0,31.41134751773052,,337.5673758865248,,337.5673758865248,,0.17746524021316679,0.5561241777372732,17.0
3,3,721,477,14,27,727.003717472119,489.4646840148699,269,15,3.0,146.00371747211898,,281.5353159851301,,281.5353159851301,,0.8248797597294858,0.4638143591188305,17.0
3,3,740,488,3,15,741.1315789473684,494.8157894736842,38,15,3.0,160.13157894736844,,276.1842105263158,,276.1842105263158,,0.9046981861433245,0.45499869938437526,17.0
3,3,610,582,11,18,614.6524390243902,590.280487804878,164,15,3.0,33.65243902439022,,180.71951219512198,,180.71951219512198,,0.1901267741490973,0.29772572025555516,17.0
3,3,741,649,2,7,741.4615384615385,651.7692307692307,13,15,3.0,160.46153846153845,,119.23076923076928,,119.23076923076928,,0.9065623641894828,0.19642630845266768,17.0
3,3,605,667,10,17,609.5255474452555,674.5401459854015,137,15,3.0,28.525547445255484,,96.45985401459848,,96.45985401459848,,0.16116128500144342,0.15891244483459388,17.0
4,4,818,164,50,8,841.3620178041543,166.93175074183975,337,15,3.0,40.362017804154334,,604.0682492581602,,604.0682492581602,,0.23064010173802477,0.9951700976246461,16.0
4,4,873,164,88,11,906.6804347826087,167.58913043478262,460,15,3.0,105.6804347826087,,603.4108695652174,,603.4108695652174,,0.603888198757764,0.9940870997779528,16.0
1,1,145,168,37,8,160.95412844036696,170.56880733944953,218,16,3.2,33.95412844036696,,610.4311926605504,,610.4311926605504,,0.17235598193079674,0.9941876101963362,16.0
1,1,182,168,30,5,195.51639344262296,169.69672131147541,122,16,3.2,68.51639344262296,,611.3032786885246,,611.3032786885246,,0.3477989514853957,0.9956079457467828,16.0
1,1,212,168,62,14,244.84130434782608,173.84565217391304,460,16,3.2,117.84130434782608,,607.1543478260869,,607.1543478260869,,0.598179209887442,0.9888507293584478,16.0
1,1,274,168,34,5,291.0567375886525,169.65248226950354,141,16,3.2,164.05673758865248,,611.3475177304965,,611.3475177304965,,0.8327753177088958,0.9956799963037403,16.0
2,2,366,165,36,22,380.9981412639405,174.00371747211895,538,16,3.2,25.99814126394051,,604.996282527881,,604.996282527881,,0.13197026022304828,0.9837337927282618,19.0
2,2,399,165,39,14,417.94277929155317,170.32970027247956,367,16,3.2,62.942779291553165,,608.6702997275204,,608.6702997275204,,0.3195064938657521,0.9897078044349925,19.0
2,2,492,165,44,9,514.5141955835962,169.48895899053628,317,16,3.2,159.51419558359623,,609.5110410094637,,609.5110410094637,,0.8097167288507423,0.9910748634300223,19.0
2,2,447,165,48,17,470.1830985915493,174.17840375586854,426,16,3.2,115.18309859154931,,604.8215962441315,,604.8215962441315,,0.5846857796525345,0.9834497499904576,19.0
3,3,658,165,43,14,681.7085561497327,172.00534759358288,374,16,3.2,100.70855614973266,,598.9946524064171,,598.9946524064171,,0.5689748935013145,0.9868116184619722,17.0
3,3,701,165,41,8,718.112,168.276,250,16,3.2,137.11199999999997,,602.7239999999999,,602.7239999999999,,0.77464406779661,0.9929555189456342,17.0
3,3,607,427,13,14,612.5912408759124,433.4379562043796,137,16,3.2,31.591240875912376,,337.5620437956204,,337.5620437956204,,0.17848158686956145,0.556115393402999,17.0
3,3,721,458,14,27,727.2126865671642,470.45522388059703,268,16,3.2,146.21268656716416,,300.54477611940297,,300.54477611940297,,0.8260603760856732,0.4951314268853426,17.0
3,3,736,467,7,18,739.6161616161617,474.80808080808083,99,16,3.2,158.61616161616166,,296.19191919191917,,296.19191919191917,,0.8961365063059981,0.4879603281580217,17.0
3,3,611,593,12,18,616.5028901734104,601.0693641618498,173,16,3.2,35.50289017341038,,169.93063583815024,,169.93063583815024,,0.2005813004147479,0.2799516241155688,17.0
3,3,605,654,10,17,609.25,661.3357142857143,140,16,3.2,28.25,,109.66428571428571,,109.66428571428571,,0.1596045197740113,0.180666039068016,17.0
4,4,818,164,50,8,841.2389380530974,166.95575221238937,339,16,3.2,40.2389380530974,,604.0442477876106,,604.0442477876106,,0.22993678887484229,0.9951305564870027,16.0
4,4,873,164,81,11,904.5567928730512,167.76169265033408,449,16,3.2,103.55679287305122,,603.2383073496659,,603.2383073496659,,0.5917531021317213,0.9938028127671596,16.0
1,1,145,168,34,10,159.73300970873785,170.66504854368932,206,17,3.4,32.73300970873785,,610.3349514563107,,610.3349514563107,,0.16615740968902465,0.994030865564024,16.0
1,1,179,168,11,5,184.2127659574468,169.87234042553192,47,17,3.4,57.212765957446805,,611.1276595744681,,611.1276595744681,,0.29042013176368936,0.9953219211310556,16.0
1,1,190,168,23,5,200.04597701149424,169.64367816091954,87,17,3.4,73.04597701149424,,611.3563218390805,,611.3563218390805,,0.3707917614796662,0.995694335242802,16.0
1,1,217,168,56,14,244.89324618736384,173.94989106753812,459,17,3.4,117.89324618736384,,607.0501089324619,,607.0501089324619,,0.5984428740475322,0.9886809591733906,16.0
2,2,366,165,34,22,380.70510396975425,174.0170132325142,529,17,3.4,25.705103969754248,,604.9829867674858,,604.9829867674858,,0.13048276126778807,0.983712173605668,19.0
2,2,399,165,38,14,417.57103825136613,170.36065573770492,366,17,3.4,62.57103825136613,,608.639344262295,,608.639344262295,,0.3176194835094728,0.9896574703451951,19.0
2,2,492,165,44,9,514.7699680511182,169.46006389776358,313,17,3.4,159.7699680511182,,609.5399361022364,,609.5399361022364,,0.8110150662493311,0.9911218473207096,19.0
2,2,448,165,48,17,470.56136363636364,174.12045454545455,440,17,3.4,115.56136363636364,,604.8795454545455,,604.8795454545455,,0.5866059067835717,0.9835439763488544,19.0
3,3,658,165,43,14,681.5268817204301,172.06989247311827,372,17,3.4,100.52688172043008,,598.9301075268818,,598.9301075268818,,0.5679484842962151,0.9867052842288003,17.0
3,3,700,165,42,8,718.17578125,168.25,256,17,3.4,137.17578125,,602.75,,602.75,,0.775004413841808,0.992998352553542,17.0
3,3,606,427,14,14,612.4113475177305,433.4326241134752,141,17,3.4,31.41134751773052,,337.5673758865248,,337.5673758865248,,0.17746524021316679,0.5561241777372732,17.0
3,3,722,445,21,28,731.2709832134292,456.92565947242207,417,17,3.4,150.2709832134292,,314.07434052757793,,314.07434052757793,,0.8489886057255887,0.5174206598477396,17.0
3,3,610,601,12,18,615.5649717514125,609.2655367231639,177,17,3.4,34.564971751412486,,161.7344632768361,,161.7344632768361,,0.19528232627916658,0.266448868660356,17.0
3,3,604,639,10,17,608.375939849624,646.3684210526316,133,17,3.4,27.375939849624046,,124.63157894736844,,124.63157894736844,,0.15466632683403417,0.20532385329055755,17.0
4,4,818,164,50,8,841.2988165680473,166.94378698224853,338,17,3.4,40.2988165680473,,604.0562130177515,,604.0562130177515,,0.23027895181741315,0.9951502685630172,16.0
4,4,873,164,88,11,906.3126338329764,167.7002141327623,467,17,3.4,105.31263383297642,,603.2997858672377,,603.2997858672377,,0.6017864790455795,0.9939040953331758,16.0
1,1,144,167,68,11,173.62394957983193,170.1764705882353,476,18,3.6,46.62394957983193,,610.8235294117646,,610.8235294117646,,0.23666979482148187,0.9948265951331672,17.0
1,1,208,168,31,20,222.489406779661,176.15466101694915,472,18,3.6,95.48940677966101,,604.8453389830509,,604.8453389830509,,0.4847178009119848,0.9850901286368906,17.0
1,1,237,168,71,14,267.47430249632896,173.10425844346548,681,18,3.6,140.47430249632896,,607.8957415565345,,607.8957415565345,,0.713067525362076,0.9900582110041278,17.0
2,2,364,165,33,23,377.6520947176685,174.5846994535519,549,18,3.6,22.65209471766849,,604.4153005464481,,604.4153005464481,,0.11498525237395173,0.9827891065795904,19.0
2,2,396,165,41,14,416.1937984496124,170.33074935400518,387,18,3.6,61.193798449612416,,608.6692506459948,,608.6692506459948,,0.31062841852595136,0.9897060986113736,19.0
2,2,492,165,44,9,514.4779874213837,169.4811320754717,318,18,3.6,159.47798742138366,,609.5188679245283,,609.5188679245283,,0.8095329310730135,0.9910875901211842,19.0
2,2,448,165,47,17,470.3621495327103,174.0841121495327,428,18,3.6,115.3621495327103,,604.9158878504672,,604.9158878504672,,0.5855946676787325,0.9836030696755564,19.0
3,3,658,165,43,14,681.736,171.93866666666668,375,18,3.6,100.73599999999999,,599.0613333333333,,599.0613333333333,,0.5691299435028248,0.9869214717188358,17.0
3,3,701,165,41,8,718.5952380952381,168.3015873015873,252,18,3.6,137.59523809523807,,602.6984126984128,,602.6984126984128,,0.7773742265267688,0.9929133652362648,17.0
3,3,733,424,10,17,737.705035971223,431.6978417266187,139,18,3.6,156.70503597122297,,339.3021582733813,,339.3021582733813,,0.8853391862780958,0.5589821388358835,17.0
3,3,607,427,14,14,612.731884057971,433.3550724637681,138,18,3.6,31.731884057971,,337.6449275362319,,337.6449275362319,,0.17927618111848023,0.5562519399278943,17.0
3,3,725,445,13,26,730.6942446043165,457.01079136690646,278,18,3.6,149.6942446043165,,313.98920863309354,,313.98920863309354,,0.845730195504613,0.5172804096097093,17.0
3,3,610,601,12,19,615.5754189944134,609.4469273743016,179,18,3.6,34.57541899441344,,161.5530726256984,,161.5530726256984,,0.1953413502509234,0.2661500372746267,17.0
3,3,604,630,11,17,608.6827586206897,637.5241379310345,145,18,3.6,27.682758620689697,,133.4758620689655,,133.4758620689655,,0.15639976621858587,0.2198943361926944,17.0
4,4,818,164,50,8,841.1964285714286,166.92559523809524,336,18,3.6,40.196428571428555,,604.0744047619048,,604.0744047619048,,0.2296938775510203,0.9951802384874874,16.0
4,4,873,164,82,11,904.854945054945,167.77582417582417,455,18,3.6,103.854945054945,,603.2241758241759,,603.2241758241759,,0.5934568288854001,0.9937795318355451,16.0
1,1,144,167,69,12,174.23505976095618,170.29880478087648,502,19,3.8,47.235059760956176,,610.7011952191235,,610.7011952191235,,0.2397718769591684,0.9946273537770741,16.0
1,1,208,168,31,20,222.489406779661,176.15466101694915,472,19,3.8,95.48940677966101,,604.8453389830509,,604.8453389830509,,0.4847178009119848,0.9850901286368906,16.0
1,1,237,168,32,14,250.52492668621701,173.69208211143695,341,19,3.8,123.52492668621701,,607.307917888563,,607.307917888563,,0.6270300847016093,0.989100843466715,16.0
1,1,269,168,39,14,286.7507331378299,172.7067448680352,341,19,3.8,159.7507331378299,,608.2932551319648,,608.2932551319648,,0.8109174270955833,0.990705627250757,16.0
2,2,364,165,33,23,377.6818181818182,174.57454545454544,550,19,3.8,22.681818181818187,,604.4254545454546,,604.4254545454546,,0.11513613290263039,0.9828056171470807,19.0
2,2,396,165,42,14,416.72911392405064,170.35443037974684,395,19,3.8,61.72911392405064,,608.6455696202531,,608.6455696202531,,0.3133457559596479,0.9896675928784604,19.0
2,2,492,165,44,9,514.0065359477125,169.59803921568627,306,19,3.8,159.00653594771245,,609.4019607843137,,609.4019607843137,,0.8071397763843272,0.9908974972102662,19.0
2,2,448,165,48,17,470.49299065420564,174.15887850467288,428,19,3.8,115.49299065420564,,604.8411214953271,,604.8411214953271,,0.5862588358081504,0.9834814983663855,19.0
3,3,660,165,42,14,682.2065217391305,171.97282608695653,368,19,3.8,101.2065217391305,,599.0271739130435,,599.0271739130435,,0.5717882584131666,0.9868651959028724,18.0
3,3,701,165,41,8,718.6460905349794,168.2880658436214,243,19,3.8,137.6460905349794,,602.7119341563786,,602.7119341563786,,0.7776615284462114,0.9929356411142974,18.0
3,3,619,167,36,7,635.9365853658537,170.42439024390245,205,19,3.8,54.936585365853716,,600.5756097560975,,600.5756097560975,,0.3103761885076481,0.9894161610479366,18.0
3,3,599,169,20,6,607.6826923076923,171.20192307692307,104,19,3.8,26.682692307692264,,599.7980769230769,,599.7980769230769,,0.15074967405475856,0.9881352173362058,18.0
3,3,733,404,9,18,737.0074626865671,412.11940298507466,134,19,3.8,156.00746268656712,,358.88059701492534,,358.88059701492534,,0.8813980942743905,0.5912365683936167,18.0
3,3,607,428,13,13,612.6212121212121,433.59090909090907,132,19,3.8,31.621212121212125,,337.40909090909093,,337.40909090909093,,0.17865091593905155,0.5558634117118467,18.0
3,3,729,436,14,25,734.7606177606177,447.7027027027027,259,19,3.8,153.76061776061772,,323.2972972972973,,323.2972972972973,,0.8687040551447329,0.5326149873102097,18.0
3,3,604,607,18,31,612.4923547400612,621.2813455657492,327,19,3.8,31.49235474006116,,149.71865443425077,,149.71865443425077,,0.17792290813593875,0.2466534669427525,18.0
4,4,818,164,50,8,841.2462908011869,166.9347181008902,337,19,3.8,40.24629080118689,,604.0652818991098,,604.0652818991098,,0.2299788045782108,0.9951652090594889,16.0
4,4,873,164,88,11,906.2575107296137,167.69098712446353,466,19,3.8,105.25751072961373,,603.3090128755365,,603.3090128755365,,0.601471489883507,0.9939192963353155,16.0
1,1,145,168,48,9,165.84014869888475,170.46096654275092,269,20,4.0,38.84014869888475,,610.539033457249,,610.539033457249,,0.19715811522276522,0.9943632466730441,16.0
1,1,193,168,20,5,201.5974025974026,169.54545454545453,77,20,4.0,74.5974025974026,,611.4545454545455,,611.4545454545455,,0.3786670182609269,0.9958543085578917,16.0
1,1,217,168,91,14,255.61842105263156,172.86184210526315,608,20,4.0,128.61842105263156,,608.1381578947369,,608.1381578947369,,0.6528853860539673,0.9904530258871936,16.0
2,2,364,165,33,23,377.11764705882354,174.59191176470588,544,20,4.0,22.117647058823536,,604.4080882352941,,604.4080882352941,,0.11227232009555095,0.9827773792443807,19.0
2,2,396,165,42,14,416.74935400516796,170.36692506459949,387,20,4.0,61.74935400516796,,608.6330749354005,,608.6330749354005,,0.3134484974881622,0.9896472763177244,19.0
2,2,492,165,44,9,513.760655737705,169.65573770491804,305,20,4.0,158.76065573770495,,609.344262295082,,609.344262295082,,0.8058916534908881,0.9908036785285886,19.0
2,2,447,165,47,17,470.06526806526807,174.0909090909091,429,20,4.0,115.06526806526807,,604.9090909090909,,604.9090909090909,,0.584087655153645,0.9835920177383591,19.0
3,3,659,165,43,14,682.0679347826087,171.97282608695653,368,20,4.0,101.06793478260875,,599.0271739130435,,599.0271739130435,,0.5710052812576766,0.9868651959028724,18.0
3,3,701,165,41,8,718.2606837606837,168.32478632478632,234,20,4.0,137.26068376068372,,602.6752136752136,,602.6752136752136,,0.7754840890434108,0.9928751460876666,18.0
3,3,620,167,35,7,636.8247422680413,170.3659793814433,194,20,4.0,55.82474226804129,,600.6340206185566,,600.6340206185566,,0.31539402411322764,0.989512389816403,18.0
3,3,599,169,22,6,608.3119266055046,171.1651376146789,109,20,4.0,27.311926605504595,,599.8348623853211,,599.8348623853211,,0.15430467008759657,0.9881958194156856,18.0
3,3,730,380,9,18,733.9338235294117,388.625,136,20,4.0,152.9338235294117,,382.375,,382.375,,0.8640329012961113,0.6299423393739704,18.0
3,3,731,419,12,25,736.733870967742,430.11290322580646,248,20,4.0,155.73387096774195,,340.88709677419354,,340.88709677419354,,0.8798523783488246,0.5615932401551789,18.0
3,3,607,428,13,13,612.5185185185185,433.56296296296296,135,20,4.0,31.518518518518476,,337.43703703703704,,337.43703703703704,,0.17807072609332472,0.5559094514613461,18.0
3,3,603,605,20,23,612.6454545454545,615.7,330,20,4.0,31.645454545454527,,155.29999999999995,,155.29999999999995,,0.1787878787878787,0.25584843492586484,18.0
4,4,818,164,49,8,840.993993993994,166.93093093093094,333,20,4.0,39.99399399399397,,604.0690690690691,,604.0690690690691,,0.22853710853710837,0.9951714482192242,16.0
4,4,873,164,88,11,906.8468085106383,167.6531914893617,470,20,4.0,105.84680851063831,,603.3468085106383,,603.3468085106383,,0.604838905775076,0.9939815626204914,16.0
1,1,144,167,68,12,173.849173553719,170.21487603305786,484,21,4.2,46.849173553719,,610.7851239669421,,610.7851239669421,,0.23781306372446193,0.9947640455487657,16.0
1,1,208,168,31,20,222.489406779661,176.15466101694915,472,21,4.2,95.48940677966101,,604.8453389830509,,604.8453389830509,,0.4847178009119848,0.9850901286368906,16.0
1,1,237,168,32,14,250.52492668621701,173.69208211143695,341,21,4.2,123.52492668621701,,607.307917888563,,607.307917888563,,0.6270300847016093,0.989100843466715,16.0
1,1,269,168,39,14,286.7492711370262,172.6997084548105,343,21,4.2,159.7492711370262,,608.3002915451896,,608.3002915451896,,0.8109100057717066,0.9907170872071491,16.0
2,2,364,165,33,23,377.11764705882354,174.59191176470588,544,21,4.2,22.117647058823536,,604.4080882352941,,604.4080882352941,,0.11227232009555095,0.9827773792443807,19.0
2,2,396,165,42,14,416.8802083333333,170.37760416666666,384,21,4.2,61.880208333333314,,608.6223958333334,,608.6223958333334,,0.3141127326565143,0.9896299119241193,19.0
2,2,492,165,44,9,514.4422442244224,169.56105610561056,303,21,4.2,159.44224422442244,,609.4389438943895,,609.4389438943895,,0.809351493524987,0.9909576323486008,19.0
2,2,447,165,50,17,470.5990888382688,174.123006833713,439,21,4.2,115.59908883826881,,604.876993166287,,604.876993166287,,0.5867974052704,0.9835398262866455,19.0
3,3,658,165,43,14,681.8360655737705,171.95628415300547,366,21,4.2,100.8360655737705,,599.0437158469945,,599.0437158469945,,0.5696952857275169,0.9868924478533682,18.0
3,3,701,165,41,8,718.3666666666667,168.325,240,21,4.2,137.36666666666667,,602.675,,602.675,,0.7760828625235405,0.9928747940691927,18.0
3,3,728,363,9,18,731.7898550724638,370.9347826086956,138,21,4.2,150.78985507246375,,400.0652173913044,,400.0652173913044,,0.8519200851551625,0.6590860253563499,18.0
3,3,731,400,12,25,736.5515873015872,411.8015873015873,252,21,4.2,155.55158730158723,,359.1984126984127,,359.1984126984127,,0.8788225271276114,0.5917601527156717,18.0
3,3,607,428,13,13,612.5413533834586,433.4661654135338,133,21,4.2,31.541353383458613,,337.5338345864662,,337.5338345864662,,0.17819973662970967,0.5560689202412952,18.0
3,3,604,590,10,18,608.2083333333334,598.0347222222222,144,21,4.2,27.20833333333337,,172.96527777777783,,172.96527777777783,,0.15371939736346538,0.2849510342302765,18.0
3,3,613,623,12,20,618.3804347826087,632.2119565217391,184,21,4.2,37.380434782608745,,138.78804347826087,,138.78804347826087,,0.21118889707688557,0.228645870639639,18.0
3,3,734,684,9,17,738.6470588235294,692.4957983193277,119,21,4.2,157.6470588235294,,78.50420168067228,,78.50420168067228,,0.8906613492854768,0.1293314689961652,18.0
4,4,818,164,49,8,841.0925373134328,166.94925373134328,335,21,4.2,40.092537313432786,,604.0507462686567,,604.0507462686567,,0.2291002132196159,0.9951412623865843,16.0
4,4,873,164,88,11,906.9915254237288,167.65042372881356,472,21,4.2,105.99152542372883,,603.3495762711864,,603.3495762711864,,0.6056658595641647,0.9939861223578029,16.0
1,1,144,167,70,12,174.41967871485943,170.24698795180723,498,22,4.4,47.41967871485943,,610.7530120481928,,610.7530120481928,,0.24070902900943872,0.9947117460068287,16.0
1,1,217,167,92,16,257.7180783817952,172.55499367888748,791,22,4.4,130.71807838179518,,608.4450063211125,,608.4450063211125,,0.6635435450852547,0.9909527790246132,16.0
2,2,364,165,34,23,377.1633027522936,174.57614678899083,545,22,4.4,22.16330275229359,,604.4238532110091,,604.4238532110091,,0.11250407488473903,0.9828030133512344,19.0
2,2,397,165,41,14,416.9790026246719,170.4041994750656,381,22,4.4,61.97900262467192,,608.5958005249344,,608.5958005249344,,0.31461422652117726,0.9895866675202185,19.0
2,2,493,165,43,9,514.7682119205298,169.56291390728478,302,22,4.4,159.76821192052978,,609.4370860927152,,609.4370860927152,,0.8110061518808618,0.9909546115328702,19.0
2,2,447,165,49,17,470.37299771167045,174.10068649885582,437,22,4.4,115.37299771167045,,604.8993135011442,,604.8993135011442,,0.5856497345770073,0.9835761195140557,19.0
3,3,658,165,44,14,681.8425414364641,172.05524861878453,362,22,4.4,100.8425414364641,,598.9447513812155,,598.9447513812155,,0.5697318725223961,0.9867294091947537,18.0
3,3,701,165,41,8,718.1293103448276,168.33189655172413,232,22,4.4,137.12931034482756,,602.6681034482758,,602.6681034482758,,0.774741866354958,0.9928634323694824,18.0
3,3,724,337,9,18,727.7153846153847,345.0615384615385,130,22,4.4,146.71538461538466,,425.9384615384615,,425.9384615384615,,0.8289004780530207,0.7017108097832974,18.0
3,3,730,387,13,25,735.3385826771654,398.5590551181102,254,22,4.4,154.3385826771654,,372.4409448818898,,372.4409448818898,,0.8719693936563017,0.6135765154561611,18.0
3,3,607,428,13,13,612.6307692307693,433.5076923076923,130,22,4.4,31.63076923076926,,337.4923076923077,,337.4923076923077,,0.1787049109083009,0.5560005069066024,18.0
3,3,604,580,10,18,608.1310344827587,587.8827586206896,145,22,4.4,27.13103448275865,,183.11724137931037,,183.11724137931037,,0.1532826806935517,0.3016758507072658,18.0
3,3,617,651,12,19,622.609375,659.7708333333333,192,22,4.4,41.609375,,111.22916666666674,,111.22916666666674,,0.23508121468926554,0.18324409665019234,18.0
3,3,729,685,14,17,736.3538461538461,693.2358974358974,195,22,4.4,155.35384615384612,,77.76410256410259,,77.76410256410259,,0.8777053455019554,0.12811219532801085,18.0
4,4,818,164,49,8,841.3215339233038,166.98525073746313,339,22,4.4,40.32153392330383,,604.0147492625368,,604.0147492625368,,0.2304087652760219,0.9950819592463539,16.0
4,4,873,164,88,11,906.7087794432548,167.65310492505353,467,22,4.4,105.7087794432548,,603.3468950749465,,603.3468950749465,,0.6040501682471703,0.9939817052305543,16.0
1,1,144,167,68,12,173.6168032786885,170.25409836065575,488,23,4.6,46.61680327868851,,610.7459016393443,,610.7459016393443,,0.23663351918115993,0.9947001655363914,16.0
1,1,209,168,31,21,223.43951612903226,176.68548387096774,496,23,4.6,96.43951612903226,,604.3145161290322,,604.3145161290322,,0.489540691010316,0.9842255963013554,16.0
1,1,238,168,29,14,250.5993883792049,173.6452599388379,327,23,4.6,123.5993883792049,,607.3547400611621,,607.3547400611621,,0.6274080628386035,0.9891771010768113,16.0
1,1,267,168,41,14,285.3257142857143,172.6457142857143,350,23,4.6,158.3257142857143,,608.3542857142857,,608.3542857142857,,0.8036838288614939,0.9908050255932991,16.0
2,2,364,165,34,23,377.1633027522936,174.57614678899083,545,23,4.6,22.16330275229359,,604.4238532110091,,604.4238532110091,,0.11250407488473903,0.9828030133512344,19.0
2,2,397,165,41,14,416.8753315649867,170.41644562334218,377,23,4.6,61.87533156498671,,608.5835543766578,,608.5835543766578,,0.31408797748724215,0.9895667550839965,19.0
2,2,493,165,43,9,514.7682119205298,169.56291390728478,302,23,4.6,159.76821192052978,,609.4370860927152,,609.4370860927152,,0.8110061518808618,0.9909546115328702,19.0
2,2,447,165,49,17,470.3605442176871,174.05668934240362,441,23,4.6,115.3605442176871,,604.9433106575964,,604.9433106575964,,0.5855865188715081,0.9836476596058478,19.0
3,3,660,165,41,14,681.9222222222222,172.0888888888889,360,23,4.6,100.92222222222222,,598.911111111111,,598.911111111111,,0.5701820464532329,0.9866739886509243,18.0
3,3,701,165,41,8,717.948275862069,168.4051724137931,232,23,4.6,136.94827586206895,,602.5948275862069,,602.5948275862069,,0.7737190726670562,0.9927427143100608,18.0
3,3,618,167,36,7,635.4285714285714,170.38916256157634,203,23,4.6,54.428571428571445,,600.6108374384237,,600.6108374384237,,0.30750605326876523,0.9894741967684081,18.0
3,3,599,169,20,6,607.53,171.18,100,23,4.6,26.529999999999973,,599.8199999999999,,599.8199999999999,,0.14988700564971735,0.9881713344316309,18.0
3,3,718,320,9,18,722.1461538461539,328.05384615384617,130,23,4.6,141.14615384615388,,442.94615384615383,,442.94615384615383,,0.7974358974358976,0.7297300722341908,18.0
3,3,730,386,13,25,735.3147410358565,397.52589641434264,251,23,4.6,154.3147410358565,,373.47410358565736,,373.47410358565736,,0.8718346951178334,0.6152785891032246,18.0
3,3,607,428,14,13,612.6793893129772,433.5496183206107,131,23,4.6,31.67938931297715,,337.4503816793893,,337.4503816793893,,0.178979600638289,0.5559314360451224,18.0
3,3,604,567,10,20,608.3975155279503,576.2608695652174,161,23,4.6,27.397515527950304,,194.73913043478262,,194.73913043478262,,0.15478822332175313,0.3208222906668577,18.0
3,3,618,669,12,21,623.3979591836735,678.8520408163265,196,23,4.6,42.39795918367349,,92.14795918367349,,92.14795918367349,,0.2395364925631271,0.15180882896816061,18.0
3,3,730,695,13,26,736.6525096525097,707.8108108108108,259,23,4.6,155.6525096525097,,63.189189189189165,,63.189189189189165,,0.8793927099011848,0.10410080591299697,18.0
4,4,818,164,49,7,841.7256637168142,166.96755162241888,339,23,4.6,40.72566371681421,,604.0324483775811,,604.0324483775811,,0.23271807838179548,0.9951111175907431,16.0
4,4,873,164,88,11,906.8436830835118,167.61456102783725,467,23,4.6,105.84368308351179,,603.3854389721628,,603.3854389721628,,0.6048210461914959,0.9940452042375004,16.0
1,1,144,167,69,11,174.43632567849687,170.1231732776618,479,24,4.8,47.43632567849687,,610.8768267223381,,610.8768267223381,,0.24079353136292828,0.9949133985705833,16.0
1,1,208,168,31,20,222.58315789473684,176.14947368421053,475,24,4.8,95.58315789473684,,604.8505263157895,,604.8505263157895,,0.4851936948971413,0.9850985770615464,16.0
1,1,237,168,71,14,267.54651162790697,173.23546511627907,688,24,4.8,140.54651162790697,,607.7645348837209,,607.7645348837209,,0.7134340691771928,0.9898445193545943,16.0
2,2,364,165,34,23,377.21572212065814,174.57404021937842,547,24,4.8,22.215722120658143,,604.4259597806216,,604.4259597806216,,0.11277016304902611,0.9828064386676774,19.0
2,2,396,165,41,14,417.1296296296296,170.35978835978835,378,24,4.8,62.12962962962962,,608.6402116402116,,608.6402116402116,,0.31537883060725697,0.9896588807157913,19.0
2,2,493,165,43,9,515.0522875816994,169.52941176470588,306,24,4.8,160.05228758169937,,609.4705882352941,,609.4705882352941,,0.8124481603131948,0.9910090865614539,19.0
2,2,448,165,49,18,470.702947845805,174.15192743764172,441,24,4.8,115.702947845805,,604.8480725623583,,604.8480725623583,,0.5873246083543401,0.9834928009144037,19.0
3,3,660,165,41,15,681.9098360655738,172.18579234972677,366,24,4.8,100.90983606557381,,598.8142076502733,,598.8142076502733,,0.5701120681670837,0.9865143453876001,18.0
3,3,701,165,41,8,718.3469387755102,168.28979591836736,245,24,4.8,137.34693877551024,,602.7102040816326,,602.7102040816326,,0.7759714055113572,0.9929327909087852,18.0
3,3,598,166,58,10,625.9640287769785,170.70263788968825,417,24,4.8,44.964028776978466,,600.2973621103117,,600.2973621103117,,0.254034060886884,0.9889577629494427,18.0
3,3,713,307,10,18,717.5271317829457,315.1240310077519,129,24,4.8,136.52713178294573,,455.8759689922481,,455.8759689922481,,0.771339727587264,0.7510312503990908,18.0
3,3,723,381,14,24,729.3870967741935,392.23790322580646,248,24,4.8,148.38709677419354,,378.76209677419354,,378.76209677419354,,0.8383451795152177,0.6239902747515544,18.0
3,3,607,427,14,14,612.7608695652174,433.40579710144925,138,24,4.8,31.760869565217376,,337.59420289855075,,337.59420289855075,,0.17943994104642585,0.5561683738032137,18.0
3,3,605,550,10,18,609.0972222222222,558.1180555555555,144,24,4.8,28.09722222222217,,212.88194444444446,,212.88194444444446,,0.1587413684871309,0.3507116053450485,18.0
3,3,618,669,12,21,623.54,679.115,200,24,4.8,42.539999999999964,,91.88499999999999,,91.88499999999999,,0.24033898305084725,0.15137561779242173,18.0
3,3,729,716,14,24,735.7220077220077,727.2471042471043,259,24,4.8,154.72200772200767,,43.75289575289571,,43.75289575289571,,0.874135636847501,0.0720805531349188,18.0
4,4,818,164,50,8,841.8110465116279,166.97383720930233,344,24,4.8,40.811046511627865,,604.0261627906976,,604.0261627906976,,0.23320598006644494,0.9951007624228956,16.0
4,4,873,164,88,11,906.3904555314533,167.65943600867678,461,24,4.8,105.39045553145331,,603.3405639913233,,603.3405639913233,,0.6022311744654475,0.9939712751092641,16.0
1,1,144,167,69,11,174.4778947368421,170.09052631578948,475,25,5.0,47.4778947368421,,610.9094736842105,,610.9094736842105,,0.24100454181138123,0.9949665695182582,17.0
1,1,208,168,31,20,222.58315789473684,176.14947368421053,475,25,5.0,95.58315789473684,,604.8505263157895,,604.8505263157895,,0.4851936948971413,0.9850985770615464,17.0
1,1,237,168,71,14,267.9098966026588,173.10930576070902,677,25,5.0,140.90989660265882,,607.890694239291,,607.890694239291,,0.715278662957659,0.9900499906177377,17.0
2,2,364,165,36,22,379.0777777777778,174.01851851851853,540,25,5.0,24.077777777777783,,604.9814814814815,,604.9814814814815,,0.12222222222222225,0.9837097259861488,19.0
2,2,399,165,38,14,417.4851752021563,170.40161725067387,371,25,5.0,62.48517520215631,,608.5983827493261,,608.5983827493261,,0.3171836304677985,0.9895908662590669,19.0
2,2,493,165,43,9,515.0162866449512,169.5211726384365,307,25,5.0,160.01628664495115,,609.4788273615635,,609.4788273615635,,0.8122654144413765,0.9910224835147374,19.0
2,2,447,165,49,18,470.6454545454545,174.17954545454546,440,25,5.0,115.64545454545453,,604.8204545454546,,604.8204545454546,,0.5870327641901245,0.9834478935698449,19.0
3,3,660,165,42,14,682.3451086956521,171.96195652173913,368,25,5.0,101.34510869565213,,599.0380434782609,,599.0380434782609,,0.5725712355686561,0.9868831029295896,18.0
3,3,701,165,41,8,718.4100418410042,168.2594142259414,239,25,5.0,137.41004184100416,,602.7405857740586,,602.7405857740586,,0.7763279200056732,0.9929828431203601,18.0
3,3,617,167,38,7,635.2697674418605,170.45581395348836,215,25,5.0,54.269767441860495,,600.5441860465116,,600.5441860465116,,0.30660885560373163,0.9893643921688824,18.0
3,3,599,169,18,6,606.5760869565217,171.18478260869566,92,25,5.0,25.57608695652175,,599.8152173913044,,599.8152173913044,,0.14449766642102682,0.9881634553398754,18.0
3,3,704,286,11,17,708.5934959349594,293.6178861788618,123,25,5.0,127.59349593495938,,477.3821138211382,,477.3821138211382,,0.7208672086720869,0.7864614725224682,18.0
3,3,717,374,14,24,723.6090534979423,384.72016460905354,243,25,5.0,142.60905349794234,,386.27983539094646,,386.27983539094646,,0.8057008672200132,0.6363753466078196,18.0
3,3,607,427,13,14,612.6544117647059,433.43382352941177,136,25,5.0,31.654411764705856,,337.56617647058823,,337.56617647058823,,0.17883848454636075,0.5561222017637368,18.0
3,3,604,535,10,19,607.9574468085107,543.3404255319149,141,25,5.0,26.957446808510667,,227.6595744680851,,227.6595744680851,,0.15230195937011676,0.3750569595849837,18.0
3,3,618,669,12,21,623.6268656716418,679.2039800995025,201,25,5.0,42.62686567164178,,91.79601990049753,,91.79601990049753,,0.2408297495572982,0.1512290278426648,18.0
3,3,723,736,17,22,730.7209302325582,745.8914728682171,258,25,5.0,149.7209302325582,,25.10852713178292,,25.10852713178292,,0.8458809617658656,0.04136495408860448,18.0
4,4,818,164,50,8,841.6637426900585,166.98830409356725,342,25,5.0,40.663742690058484,,604.0116959064328,,604.0116959064328,,0.23236424394319133,0.9950769290056554,16.0
4,4,873,164,84,11,905.94,167.66,450,25,5.0,104.94000000000005,,603.34,,603.34,,0.5996571428571432,0.9939703459637562,16.0
1,1,144,167,70,11,174.87154150197628,170.2905138339921,506,26,5.2,47.87154150197628,,610.7094861660079,,610.7094861660079,,0.24300274874099637,0.9946408569478956,16.0
1,1,208,168,31,20,222.489406779661,176.15466101694915,472,26,5.2,95.48940677966101,,604.8453389830509,,604.8453389830509,,0.4847178009119848,0.9850901286368906,16.0
1,1,237,168,71,14,267.453216374269,173.11111111111111,684,26,5.2,140.453216374269,,607.8888888888889,,607.8888888888889,,0.7129604892094873,0.9900470503076366,16.0
2,2,364,165,34,23,377.23400365630715,174.57038391224862,547,26,5.2,22.234003656307152,,604.4296160877514,,604.4296160877514,,0.11286296272237133,0.9828123838825226,19.0
2,2,398,165,39,14,417.0981432360743,170.42175066312998,377,26,5.2,62.09814323607429,,608.57824933687,,608.57824933687,,0.31521900119834667,0.9895581290030407,19.0
2,2,493,165,43,9,514.8118811881188,169.54785478547853,303,26,5.2,159.81188118811883,,609.4521452145215,,609.4521452145215,,0.8112278232899434,0.990979097909791,19.0
2,2,447,165,50,18,470.6931818181818,174.18863636363636,440,26,5.2,115.69318181818181,,604.8113636363637,,604.8113636363637,,0.5872750346100599,0.9834331116038434,19.0
3,3,660,165,41,14,681.8038147138965,171.93732970027247,367,26,5.2,100.80381471389649,,599.0626702997275,,599.0626702997275,,0.5695130774796412,0.9869236742993863,18.0
3,3,701,165,41,8,718.1166666666667,168.325,240,26,5.2,137.11666666666667,,602.675,,602.675,,0.7746704331450095,0.9928747940691927,18.0
3,3,615,167,39,7,634.2455357142857,170.47321428571428,224,26,5.2,53.245535714285666,,600.5267857142858,,600.5267857142858,,0.3008222356739303,0.9893357260531891,18.0
3,3,599,169,16,6,605.7738095238095,171.25,84,26,5.2,24.77380952380952,,599.75,,599.75,,0.13996502555824586,0.9880560131795717,18.0
3,3,695,273,12,16,700.2436974789916,280.47058823529414,119,26,5.2,119.24369747899163,,490.52941176470586,,490.52941176470586,,0.6736932060959979,0.8081209419517394,18.0
3,3,711,368,15,23,718.0414937759336,378.6846473029045,241,26,5.2,137.04149377593365,,392.3153526970955,,392.3153526970955,,0.7742457275476478,0.6463185382159727,18.0
3,3,607,427,13,14,612.6616541353384,433.4135338345865,133,26,5.2,31.66165413533838,,337.5864661654135,,337.5864661654135,,0.17887940189456714,0.5561556279496104,18.0
3,3,603,519,10,16,607.4,526.376923076923,130,26,5.2,26.399999999999977,,244.62307692307695,,244.62307692307695,,0.14915254237288122,0.40300342161956665,18.0
3,3,619,670,13,22,624.7028301886793,680.3018867924528,212,26,5.2,43.702830188679286,,90.69811320754718,,90.69811320754718,,0.24690864513378127,0.1494202853501601,18.0
3,3,717,753,17,19,724.5605381165919,762.847533632287,223,26,5.2,143.56053811659194,,8.152466367713032,,8.152466367713032,,0.8110764865344178,0.013430751841372376,18.0
4,4,818,164,49,8,841.6558823529411,166.97941176470587,340,26,5.2,40.65588235294115,,604.0205882352941,,604.0205882352941,,0.2323193277310923,0.9950915786413412,16.0
4,4,873,164,87,11,906.905701754386,167.59649122807016,456,26,5.2,105.90570175438597,,603.4035087719299,,603.4035087719299,,0.6051754385964913,0.9940749732651233,16.0
1,1,145,168,68,8,174.35294117647058,170.28571428571428,357,27,5.4,47.35294117647058,,610.7142857142858,,610.7142857142858,,0.24037025977903848,0.9946486738017684,16.0
1,1,218,168,90,14,256.1036789297659,172.81103678929765,598,27,5.4,129.10367892976592,,608.1889632107024,,608.1889632107024,,0.6553486240089641,0.9905357707014696,16.0
2,2,364,165,34,22,378.6527514231499,174.04174573055028,527,27,5.4,23.65275142314988,,604.9582542694498,,604.9582542694498,,0.12006472803629381,0.9836719581617069,19.0
2,2,398,165,39,14,416.84776902887137,170.35958005249344,381,27,5.4,61.84776902887137,,608.6404199475065,,608.6404199475065,,0.3139480661364029,0.9896592194268399,19.0
2,2,493,165,43,10,514.7909967845659,169.57556270096464,311,27,5.4,159.7909967845659,,609.4244372990354,,609.4244372990354,,0.8111218110891669,0.9909340443886754,19.0
2,2,447,165,49,18,470.5823927765237,174.0722347629797,443,27,5.4,115.5823927765237,,604.9277652370204,,604.9277652370204,,0.5867126536879376,0.9836223824992201,19.0
3,3,660,165,41,14,681.8356164383562,172.0027397260274,365,27,5.4,100.83561643835617,,598.9972602739726,,598.9972602739726,,0.5696927482393004,0.9868159147841394,18.0
3,3,701,165,41,8,718.4556451612904,168.26612903225808,248,27,5.4,137.45564516129036,,602.733870967742,,602.733870967742,,0.7765855658829964,0.9929717808364776,18.0
3,3,615,167,39,7,634.2794759825327,170.40174672489084,229,27,5.4,53.279475982532745,,600.5982532751092,,600.5982532751092,,0.3010139886018799,0.9894534650331288,18.0
3,3,599,169,16,6,605.7710843373494,171.21686746987953,83,27,5.4,24.771084337349407,,599.7831325301205,,599.7831325301205,,0.13994962902457292,0.9881105972489629,18.0
3,3,688,264,12,16,693.1065573770492,271.4344262295082,122,27,5.4,112.10655737704917,,499.5655737704918,,499.5655737704918,,0.6333703806612947,0.8230075350419964,18.0
3,3,703,360,17,22,710.8958333333334,370.2166666666667,240,27,5.4,129.89583333333337,,400.7833333333333,,400.7833333333333,,0.7338747645951038,0.6602690829214717,18.0
3,3,607,427,13,14,612.7226277372263,433.3065693430657,137,27,5.4,31.722627737226276,,337.6934306569343,,337.6934306569343,,0.1792238855210524,0.556331846222297,18.0
3,3,602,505,10,17,606.3840579710145,512.268115942029,138,27,5.4,25.3840579710145,,258.731884057971,,258.731884057971,,0.143412756898387,0.4262469259604135,18.0
3,3,621,673,14,21,627.463768115942,683.0628019323672,207,27,5.4,46.463768115942,,87.93719806763283,,87.93719806763283,,0.26250716449684747,0.14487182548209693,18.0
3,3,707,765,16,7,715.2631578947369,768.3052631578947,95,27,5.4,134.26315789473688,,2.6947368421052715,,2.6947368421052715,,0.7585489146595303,0.004439434665741798,18.0
4,4,818,164,50,8,841.6764705882352,166.94411764705882,340,27,5.4,40.67647058823525,,604.0558823529411,,604.0558823529411,,0.2324369747899157,0.9951497238104466,16.0
4,4,873,164,88,11,906.8195652173913,167.61304347826086,460,27,5.4,105.8195652173913,,603.3869565217392,,603.3869565217392,,0.6046832298136646,0.994047704319175,16.0
1,1,144,167,69,12,174.55,170.28,500,28,5.6,47.55000000000001,,610.72,,610.72,,0.24137055837563456,0.9946579804560262,16.0
1,1,208,168,31,20,222.489406779661,176.15466101694915,472,28,5.6,95.48940677966101,,604.8453389830509,,604.8453389830509,,0.4847178009119848,0.9850901286368906,16.0
1,1,237,168,71,14,267.28445747800583,173.1275659824047,682,28,5.6,140.28445747800583,,607.8724340175953,,607.8724340175953,,0.7121038450660194,0.9900202508429891,16.0
2,2,364,165,36,22,378.8686679174484,174.0187617260788,533,28,5.6,23.86866791744842,,604.9812382739212,,604.9812382739212,,0.12116075084999198,0.9837093305267012,19.0
2,2,398,165,40,14,418.00269541778977,170.39083557951483,371,28,5.6,63.00269541778977,,608.6091644204852,,608.6091644204852,,0.3198106366385267,0.9896083974316832,19.0
2,2,492,165,44,10,514.2779552715655,169.59424920127796,313,28,5.6,159.27795527156547,,609.405750798722,,609.405750798722,,0.8085175394495709,0.9909036598353204,19.0
2,2,448,165,47,17,470.4941724941725,174.13752913752913,429,28,5.6,115.49417249417252,,604.8624708624709,,604.8624708624709,,0.5862648349957996,0.9835162127845055,19.0
3,3,660,165,41,14,681.8547945205479,171.9945205479452,365,28,5.6,100.8547945205479,,599.0054794520548,,599.0054794520548,,0.5698010989861463,0.9868294554399585,18.0
3,3,701,165,41,8,718.516129032258,168.26209677419354,248,28,5.6,137.51612903225805,,602.7379032258065,,602.7379032258065,,0.7769272826681246,0.9929784237657437,18.0
3,3,616,167,39,7,634.972972972973,170.45045045045046,222,28,5.6,53.972972972973025,,600.5495495495495,,600.5495495495495,,0.30493205069476287,0.9893732282529646,18.0
3,3,599,169,17,6,606.1860465116279,171.15116279069767,86,28,5.6,25.186046511627865,,599.8488372093024,,599.8488372093024,,0.14229404808829302,0.9882188421899545,18.0
3,3,684,261,13,15,689.7295081967213,267.655737704918,122,28,5.6,108.72950819672133,,503.344262295082,,503.344262295082,,0.6142910067611375,0.8292327220676804,18.0
3,3,699,350,16,24,706.1142857142858,361.1020408163265,245,28,5.6,125.11428571428576,,409.8979591836735,,409.8979591836735,,0.7068603712671512,0.6752849409945197,18.0
3,3,607,428,14,12,613.1984126984127,433.23809523809524,126,28,5.6,32.19841269841265,,337.76190476190476,,337.76190476190476,,0.18191193614922402,0.5564446536439946,18.0
3,3,602,492,10,18,606.5906040268457,500.2684563758389,149,28,5.6,25.590604026845654,,270.7315436241611,,270.7315436241611,,0.14457968376748956,0.44601572260982053,18.0
3,3,623,677,14,22,629.1013824884792,687.5622119815669,217,28,5.6,48.1013824884792,,83.43778801843314,,83.43778801843314,,0.27175922309875256,0.13745928833349777,18.0
4,4,818,164,49,7,841.5208333333334,166.94940476190476,336,28,5.6,40.52083333333337,,604.0505952380952,,604.0505952380952,,0.23154761904761925,0.9951410135718207,16.0
4,4,873,164,88,11,907.3253275109171,167.5240174672489,458,28,5.6,106.32532751091708,,603.4759825327511,,603.4759825327511,,0.6075733000623833,0.9941943699056855,16.0
1,1,145,168,68,9,174.05382436260624,170.27478753541075,353,29,5.8,47.053824362606235,,610.7252124645893,,610.7252124645893,,0.23885190031779815,0.9946664698120347,16.0
1,1,218,168,90,14,256.34060402684565,172.88758389261744,596,29,5.8,129.34060402684565,,608.1124161073826,,608.1124161073826,,0.6565512894763739,0.990411101152089,16.0
2,2,364,165,34,23,377.1886446886447,174.57509157509156,546,29,5.8,22.188644688644672,,604.4249084249084,,604.4249084249084,,0.11263271415555672,0.9828047291461924,19.0
2,2,397,165,41,14,417.0618556701031,170.33505154639175,388,29,5.8,62.061855670103114,,608.6649484536083,,608.6649484536083,,0.31503480035585335,0.9896991031765988,19.0
2,2,492,165,44,9,514.6535947712418,169.51960784313727,306,29,5.8,159.65359477124184,,609.4803921568628,,609.4803921568628,,0.810424338940314,0.9910250278973378,19.0
2,2,447,165,50,17,470.62302483069976,174.0316027088036,443,29,5.8,115.62302483069976,,604.9683972911964,,604.9683972911964,,0.5869189077700495,0.9836884508799942,19.0
3,3,658,165,43,14,681.6467391304348,172.01358695652175,368,29,5.8,100.64673913043475,,598.9864130434783,,598.9864130434783,,0.5686256448047161,0.9867980445526825,18.0
3,3,701,165,41,8,718.0966386554621,168.34453781512605,238,29,5.8,137.09663865546213,,602.655462184874,,602.655462184874,,0.774557280539334,0.9928426065648664,18.0
3,3,679,262,17,10,686.7165354330708,266.3700787401575,127,29,5.8,105.71653543307082,,504.6299212598425,,504.6299212598425,,0.5972685617687616,0.8313507763753583,18.0
3,3,694,337,15,24,700.7056451612904,348.25,248,29,5.8,119.70564516129036,,422.75,,422.75,,0.6763030800072902,0.6964579901153213,18.0
3,3,613,433,16,12,619.7517730496454,438.21276595744683,141,29,5.8,38.75177304964541,,332.78723404255317,,332.78723404255317,,0.21893657090195145,0.5482491499877318,18.0
3,3,602,475,9,19,605.8881118881119,483.7972027972028,143,29,5.8,24.888111888111894,,287.2027972027972,,287.2027972027972,,0.1406108016277508,0.47315123097660167,18.0
3,3,623,677,14,23,629.3363228699552,687.6502242152467,223,29,5.8,48.33632286995521,,83.34977578475332,,83.34977578475332,,0.2730865698867526,0.13731429289086214,18.0
4,4,818,164,49,8,841.4510385756677,166.96142433234422,337,29,5.8,40.45103857566767,,604.0385756676558,,604.0385756676558,,0.2311487918609581,0.9951212119730738,16.0
4,4,891,165,63,8,909.5,166.95652173913044,184,29,5.8,108.5,,604.0434782608695,,604.0434782608695,,0.62,0.9951292887328987,16.0
4,4,874,167,19,7,883.5851063829787,170.5,94,29,5.8,82.58510638297867,,600.5,,600.5,,0.47191489361702094,0.9892915980230642,16.0
1,1,144,167,67,12,173.840490797546,170.280163599182,489,30,6.0,46.84049079754601,,610.7198364008179,,610.7198364008179,,0.2377689888200305,0.9946577140078469,16.0
1,1,208,168,31,20,222.489406779661,176.15466101694915,472,30,6.0,95.48940677966101,,604.8453389830509,,604.8453389830509,,0.4847178009119848,0.9850901286368906,16.0
1,1,237,168,71,14,267.44687045123726,173.1324599708879,687,30,6.0,140.44687045123726,,607.8675400291121,,607.8675400291121,,0.7129282764022196,0.990012280177707,16.0
2,2,366,165,34,22,380.5847619047619,174.05714285714285,525,30,6.0,25.584761904761876,,604.9428571428572,,604.9428571428572,,0.12987188784143083,0.9836469221835076,19.0
2,2,398,165,40,14,417.531746031746,170.27513227513228,378,30,6.0,62.531746031746025,,608.7248677248677,,608.7248677248677,,0.3174200306180001,0.9897965328859638,19.0
2,2,492,165,44,9,514.6098360655737,169.5344262295082,305,30,6.0,159.60983606557375,,609.4655737704918,,609.4655737704918,,0.8102022135308312,0.9910009329601492,19.0
2,2,447,165,50,17,470.7096774193548,174.1520737327189,434,30,6.0,115.70967741935482,,604.8479262672811,,604.8479262672811,,0.5873587686261665,0.9834925630362295,19.0
3,3,658,165,44,14,681.8128342245989,171.92513368983958,374,30,6.0,100.81283422459887,,599.0748663101604,,599.0748663101604,,0.5695640351672253,0.9869437665735755,18.0
3,3,701,165,41,8,718.7333333333333,168.23333333333332,240,30,6.0,137.73333333333335,,602.7666666666667,,602.7666666666667,,0.7781544256120528,0.9930258099945085,18.0
3,3,677,261,17,10,685.1854838709678,265.5403225806452,124,30,6.0,104.1854838709678,,505.4596774193548,,505.4596774193548,,0.5886185529433209,0.8327177552213424,18.0
3,3,685,322,15,24,691.9126984126984,333.18253968253964,252,30,6.0,110.91269841269843,,437.81746031746036,,437.81746031746036,,0.6266254147610081,0.721280824246228,18.0
3,3,614,433,15,12,620.5434782608696,438.1231884057971,138,30,6.0,39.54347826086962,,332.8768115942029,,332.8768115942029,,0.22340948169982836,0.5483967242079125,18.0
3,3,602,462,9,18,605.8880597014926,470.0970149253731,134,30,6.0,24.88805970149258,,300.9029850746269,,300.9029850746269,,0.14061050678809367,0.4957215569598466,18.0
3,3,623,678,14,22,629.3018867924528,687.9009433962265,212,30,6.0,48.30188679245282,,83.09905660377353,,83.09905660377353,,0.2728920157765696,0.13690124646420682,18.0
4,4,818,164,49,7,841.5845697329377,166.95845697329378,337,30,6.0,40.584569732937666,,604.0415430267062,,604.0415430267062,,0.2319118270453581,0.995126100538231,16.0
4,4,891,165,60,8,908.7777777777778,166.98888888888888,180,30,6.0,107.77777777777783,,604.0111111111112,,604.0111111111112,,0.6158730158730161,0.9950759655866741,16.0
4,4,874,167,19,7,883.5851063829787,170.5,94,30,6.0,82.58510638297867,,600.5,,600.5,,0.47191489361702094,0.9892915980230642,16.0
1,1,145,168,68,9,173.51008645533142,170.2536023054755,347,31,6.2,46.51008645533142,,610.7463976945245,,610.7463976945245,,0.23609180941792599,0.994700973443851,16.0
1,1,218,168,90,14,256.4499151103565,172.83191850594227,589,31,6.2,129.44991511035653,,608.1680814940578,,608.1680814940578,,0.6571061680728758,0.9905017613909736,16.0
2,2,365,165,34,22,379.5847619047619,174.0552380952381,525,31,6.2,24.584761904761876,,604.9447619047619,,604.9447619047619,,0.12479574570945115,0.9836500193573364,19.0
2,2,397,165,41,14,417.2077922077922,170.3064935064935,385,31,6.2,62.20779220779218,,608.6935064935064,,608.6935064935064,,0.31577559496341207,0.9897455390138317,19.0
2,2,492,165,44,10,514.2211538461538,169.63141025641025,312,31,6.2,159.2211538461538,,609.3685897435897,,609.3685897435897,,0.8082292073408823,0.9908432353554304,19.0
2,2,447,165,48,18,470.4109589041096,174.162100456621,438,31,6.2,115.41095890410958,,604.837899543379,,604.837899543379,,0.5858424309853278,0.9834762594201284,19.0
3,3,660,165,41,14,681.8743169398907,172.0054644808743,366,31,6.2,100.87431693989072,,598.9945355191257,,598.9945355191257,,0.5699113951406255,0.986811425896418,18.0
3,3,701,165,41,8,718.1369294605809,168.26970954356847,241,31,6.2,137.13692946058086,,602.7302904564315,,602.7302904564315,,0.7747849122066716,0.9929658821358014,18.0
3,3,617,167,37,7,635.3177570093458,170.39719626168224,214,31,6.2,54.31775700934577,,600.6028037383178,,600.6028037383178,,0.3068799831036484,0.989460961677624,18.0
3,3,599,169,18,6,606.5164835164835,171.16483516483515,91,31,6.2,25.516483516483504,,599.8351648351648,,599.8351648351648,,0.1441609238219407,0.9881963176856093,18.0
3,3,741,256,2,7,741.4615384615385,258.7692307692308,13,31,6.2,160.46153846153845,,512.2307692307693,,512.2307692307693,,0.9065623641894828,0.843872766442783,18.0
3,3,675,261,17,10,682.7142857142857,265.5,126,31,6.2,101.71428571428567,,505.5,,505.5,,0.5746569814366422,0.8327841845140033,18.0
3,3,682,319,16,24,689.2332015810276,330.72332015810275,253,31,6.2,108.23320158102763,,440.27667984189725,,440.27667984189725,,0.611487014582077,0.7253322567411816,18.0
3,3,624,437,18,11,632.2594936708861,441.8544303797468,158,31,6.2,51.25949367088606,,329.1455696202532,,329.1455696202532,,0.2896016591575484,0.542249702834025,18.0
3,3,601,440,11,18,605.6714285714286,447.7,140,31,6.2,24.671428571428578,,323.3,,323.3,,0.13938660209846654,0.5326194398682043,18.0
3,3,623,677,14,23,629.331797235023,687.7235023041475,217,31,6.2,48.33179723502303,,83.27649769585253,,83.27649769585253,,0.27306100132781375,0.13719357116285424,18.0
4,4,818,164,49,8,841.3846153846154,166.97337278106508,338,31,6.2,40.38461538461536,,604.0266272189349,,604.0266272189349,,0.23076923076923062,0.9951015275435501,16.0
4,4,891,165,59,8,908.4944444444444,167.02777777777777,180,31,6.2,107.49444444444441,,603.9722222222222,,603.9722222222222,,0.614253968253968,0.9950118982244187,16.0
4,4,874,167,19,7,883.5578947368421,170.47368421052633,95,31,6.2,82.55789473684206,,600.5263157894736,,600.5263157894736,,0.4717593984962403,0.9893349518772219,16.0
1,1,144,167,69,12,174.3264887063655,170.19507186858317,487,32,6.4,47.326488706365495,,610.8049281314168,,610.8049281314168,,0.24023598328104312,0.994796299888301,16.0
1,1,210,168,31,21,224.37854251012146,176.65384615384616,494,32,6.4,97.37854251012146,,604.3461538461538,,604.3461538461538,,0.49430732238640335,0.9842771235279378,16.0
1,1,239,168,69,14,268.43090638930164,173.1188707280832,673,32,6.4,141.43090638930164,,607.8811292719167,,607.8811292719167,,0.7179233826868103,0.9900344124949784,16.0
2,2,365,165,35,22,379.8101503759398,174.0093984962406,532,32,6.4,24.810150375939827,,604.9906015037594,,604.9906015037594,,0.12593984962406005,0.9837245552906657,19.0
2,2,398,165,40,14,417.7754010695187,170.32085561497325,374,32,6.4,62.77540106951869,,608.6791443850268,,608.6791443850268,,0.31865685822090706,0.9897221859919135,19.0
2,2,492,165,44,10,514.2211538461538,169.63141025641025,312,32,6.4,159.2211538461538,,609.3685897435897,,609.3685897435897,,0.8082292073408823,0.9908432353554304,19.0
2,2,447,165,48,17,470.4490740740741,174.1712962962963,432,32,6.4,115.44907407407408,,604.8287037037037,,604.8287037037037,,0.5860359090054522,0.9834613068352905,19.0
3,3,660,165,41,14,681.7166666666667,172.0888888888889,360,32,6.4,100.7166666666667,,598.911111111111,,598.911111111111,,0.5690207156308853,0.9866739886509243,18.0
3,3,700,165,42,8,718.1833333333334,168.2875,240,32,6.4,137.1833333333334,,602.7125,,602.7125,,0.7750470809792848,0.9929365733113673,18.0
3,3,590,165,32,20,602.3174603174604,173.10204081632654,441,32,6.4,21.31746031746036,,597.8979591836735,,597.8979591836735,,0.12043762891220541,0.9850048750966615,18.0
3,3,621,165,34,19,639.625,172.48636363636365,440,32,6.4,58.625,,598.5136363636364,,598.5136363636364,,0.3312146892655367,0.9860191702860566,18.0
3,3,737,238,6,19,739.911111111111,245.68888888888887,90,32,6.4,158.91111111111104,,525.3111111111111,,525.3111111111111,,0.8978028876333957,0.8654219293428519,18.0
3,3,670,255,15,13,676.696,260.832,125,32,6.4,95.69600000000003,,510.168,,510.168,,0.5406553672316385,0.8404744645799012,18.0
3,3,681,314,15,24,687.843621399177,325.6872427983539,243,32,6.4,106.84362139917698,,445.3127572016461,,445.3127572016461,,0.6036362790913954,0.7336289245496641,18.0
3,3,601,423,10,17,604.8625954198474,430.77862595419845,131,32,6.4,23.862595419847366,,340.22137404580155,,340.22137404580155,,0.13481692327597383,0.5604964976042859,18.0
3,3,634,437,20,12,643.2020725388601,442.2746113989637,193,32,6.4,62.20207253886008,,328.7253886010363,,328.7253886010363,,0.35142413863762756,0.5415574771022015,18.0
3,3,627,688,13,21,632.8088235294117,697.7254901960785,204,32,6.4,51.80882352941171,,73.27450980392155,,73.27450980392155,,0.2927052176802922,0.12071583163743253,18.0
4,4,818,164,49,7,841.5208333333334,166.94940476190476,336,32,6.4,40.52083333333337,,604.0505952380952,,604.0505952380952,,0.23154761904761925,0.9951410135718207,16.0
4,4,873,164,88,11,906.5745614035088,167.6469298245614,456,32,6.4,105.57456140350882,,603.3530701754386,,603.3530701754386,,0.6032832080200504,0.9939918783779877,16.0
1,1,144,167,69,12,174.19959266802442,170.23421588594704,491,33,6.6,47.19959266802442,,610.765784114053,,610.765784114053,,0.2395918409544387,0.9947325474170243,16.0
1,1,207,168,31,20,221.58315789473684,176.14947368421053,475,33,6.6,94.58315789473684,,604.8505263157895,,604.8505263157895,,0.48011755276516166,0.9850985770615464,16.0
1,1,236,168,31,14,250.17664670658684,173.625748502994,334,33,6.6,123.17664670658684,,607.374251497006,,607.374251497006,,0.6252621660232834,0.9892088786596188,16.0
1,1,267,168,41,14,284.6925287356322,172.6494252873563,348,33,6.6,157.6925287356322,,608.3505747126437,,608.3505747126437,,0.8004696890133615,0.9907989816166836,16.0
2,2,364,165,34,23,377.7205081669691,174.57894736842104,551,33,6.6,22.720508166969125,,604.421052631579,,604.421052631579,,0.11533252876634074,0.9827984595635431,19.0
2,2,396,165,42,14,416.90488431876605,170.30848329048843,389,33,6.6,61.90488431876605,,608.6915167095116,,608.6915167095116,,0.3142379914658175,0.9897423035927018,19.0
2,2,492,165,44,9,514.6098360655737,169.5344262295082,305,33,6.6,159.60983606557375,,609.4655737704918,,609.4655737704918,,0.8102022135308312,0.9910009329601492,19.0
2,2,447,165,50,17,470.634703196347,174.15525114155253,438,33,6.6,115.634703196347,,604.8447488584475,,604.8447488584475,,0.5869781888139441,0.9834873965178008,19.0
3,3,659,165,43,14,682.0108108108108,172.04324324324324,370,33,6.6,101.01081081081077,,598.9567567567567,,598.9567567567567,,0.5706825469537331,0.9867491874081659,18.0
3,3,701,165,41,8,718.2697095435685,168.2863070539419,241,33,6.6,137.26970954356852,,602.7136929460581,,602.7136929460581,,0.7755350821670538,0.9929385386261255,18.0
3,3,590,165,32,20,602.4808988764045,173.09213483146067,445,33,6.6,21.480898876404467,,597.9078651685393,,597.9078651685393,,0.12136101060115519,0.9850211946763415,18.0
3,3,622,165,34,19,640.5169300225733,172.46501128668172,443,33,6.6,59.51693002257332,,598.5349887133183,,598.5349887133183,,0.3362538419354425,0.9860543471389098,18.0
3,3,728,223,14,21,734.26,232.45999999999998,200,33,6.6,153.26,,538.54,,538.54,,0.8658757062146892,0.8872158154859966,18.0
3,3,669,254,15,13,676.1229508196722,259.4016393442623,122,33,6.6,95.12295081967216,,511.5983606557377,,511.5983606557377,,0.5374178012410856,0.8428309071758446,18.0
3,3,679,312,16,23,685.9349593495936,323.0325203252032,246,33,6.6,104.93495934959356,,447.9674796747968,,447.9674796747968,,0.5928528776813196,0.738002437685003,18.0
3,3,600,407,10,17,604.4518518518519,414.77037037037036,135,33,6.6,23.45185185185187,,356.22962962962964,,356.22962962962964,,0.13249633814605577,0.586869241564464,18.0
3,3,652,433,22,12,662.3095238095239,438.22857142857146,210,33,6.6,81.30952380952385,,332.77142857142854,,332.77142857142854,,0.4593758407317732,0.5482231113203107,18.0
3,3,636,701,13,20,641.560606060606,710.6161616161617,198,33,6.6,60.560606060606005,,60.38383838383834,,60.38383838383834,,0.3421503167265876,0.09947914066530204,18.0
3,3,609,764,15,8,615.2872340425532,767.9787234042553,94,33,6.6,34.28723404255322,,3.0212765957446663,,3.0212765957446663,,0.19371318668109166,0.004977391426267984,18.0
4,4,818,164,50,8,841.6637426900585,166.98830409356725,342,33,6.6,40.663742690058484,,604.0116959064328,,604.0116959064328,,0.23236424394319133,0.9950769290056554,16.0
4,4,873,164,88,11,906.8026030368763,167.64208242950107,461,33,6.6,105.80260303687635,,603.3579175704989,,603.3579175704989,,0.6045863030678649,0.9939998642018104,16.0
1,1,144,167,69,12,174.38842975206612,170.1694214876033,484,34,6.8,47.388429752066116,,610.8305785123966,,610.8305785123966,,0.24055040483282292,0.994838075753089,16.0
1,1,210,168,31,21,224.37854251012146,176.65384615384616,494,34,6.8,97.37854251012146,,604.3461538461538,,604.3461538461538,,0.49430732238640335,0.9842771235279378,16.0
1,1,239,168,69,14,268.4613095238095,173.10714285714286,672,34,6.8,141.46130952380952,,607.8928571428571,,607.8928571428571,,0.7180777133188301,0.9900535132619822,16.0
2,2,365,165,34,22,379.61406844106466,174.04752851711027,526,34,6.8,24.61406844106466,,604.9524714828897,,604.9524714828897,,0.1249445098531201,0.9836625552567312,19.0
2,2,397,165,41,14,416.86563307493543,170.25064599483204,387,34,6.8,61.86563307493543,,608.749354005168,,608.749354005168,,0.3140387465732763,0.9898363479758829,19.0
2,2,492,165,44,9,514.6655844155844,169.5,308,34,6.8,159.66558441558436,,609.5,,609.5,,0.8104852000791084,0.9910569105691057,19.0
2,2,447,165,49,17,470.67824074074076,174.13657407407408,432,34,6.8,115.67824074074076,,604.8634259259259,,604.8634259259259,,0.5871991915773642,0.9835177657332128,19.0
3,3,659,165,43,14,682.0663129973475,171.9416445623342,377,34,6.8,101.0663129973475,,599.0583554376658,,599.0583554376658,,0.5709961186290818,0.9869165657951661,18.0
3,3,702,165,40,8,718.8602620087336,168.27947598253274,229,34,6.8,137.86026200873357,,602.7205240174673,,602.7205240174673,,0.7788715367725061,0.9929497924505226,18.0
3,3,617,167,37,7,635.4278606965174,170.3233830845771,201,34,6.8,54.42786069651743,,600.6766169154229,,600.6766169154229,,0.3075020378334318,0.9895825649347988,18.0
3,3,599,169,18,6,606.5681818181819,171.0568181818182,88,34,6.8,25.56818181818187,,599.9431818181818,,599.9431818181818,,0.14445300462249644,0.9883742698816833,18.0
3,3,715,206,16,19,722.2857142857142,215.0612244897959,196,34,6.8,141.28571428571422,,555.9387755102041,,555.9387755102041,,0.7982243744955606,0.9158793665736477,18.0
3,3,669,254,16,13,676.5271317829457,259.6821705426357,129,34,6.8,95.52713178294573,,511.3178294573643,,511.3178294573643,,0.539701309508168,0.8423687470467287,18.0
3,3,678,310,15,24,684.7685950413223,321.1487603305785,242,34,6.8,103.76859504132233,,449.8512396694215,,449.8512396694215,,0.5862632488210301,0.7411058314158508,18.0
3,3,599,395,11,17,603.9117647058823,402.5147058823529,136,34,6.8,22.91176470588232,,368.4852941176471,,368.4852941176471,,0.12944499833831818,0.6070597926155635,18.0
3,3,674,426,21,13,683.7190476190476,431.85238095238094,210,34,6.8,102.71904761904761,,339.14761904761906,,339.14761904761906,,0.5803336023675006,0.558727543735781,18.0
3,3,642,711,14,20,648.2562814070352,720.8894472361809,199,34,6.8,67.2562814070352,,50.1105527638191,,50.1105527638191,,0.3799789910001989,0.08255445265868055,18.0
3,3,606,758,10,14,610.4363636363637,764.3,110,34,6.8,29.436363636363694,,6.7000000000000455,,6.7000000000000455,,0.16630713918849543,0.011037891268533847,18.0
4,4,818,164,49,7,841.6627218934912,166.95857988165682,338,34,6.8,40.66272189349115,,604.0414201183432,,604.0414201183432,,0.23235841081994943,0.9951258980532838,16.0
4,4,873,164,86,11,906.4,167.65494505494505,455,34,6.8,105.39999999999998,,603.3450549450549,,603.3450549450549,,0.6022857142857142,0.9939786737150823,16.0
1,1,138,168,29,14,151.47350993377484,173.11920529801324,302,35,7.0,24.473509933774835,,607.8807947019868,,607.8807947019868,,0.12423101489225805,0.9900338675928124,17.0
1,1,167,168,43,14,184.9942363112392,172.62247838616716,347,35,7.0,57.994236311239206,,608.3775216138329,,608.3775216138329,,0.29438698635146804,0.9908428690779036,17.0
1,1,210,168,31,21,224.37854251012146,176.65384615384616,494,35,7.0,97.37854251012146,,604.3461538461538,,604.3461538461538,,0.49430732238640335,0.9842771235279378,17.0
1,1,239,168,69,14,268.38266068759344,173.09865470852017,669,35,7.0,141.38266068759344,,607.9013452914799,,607.9013452914799,,0.7176784806476825,0.9900673376082734,17.0
2,2,365,165,35,22,379.7834274952919,174.01883239171374,531,35,7.0,24.783427495291903,,604.9811676082862,,604.9811676082862,,0.12580420048371524,0.9837092156232297,19.0
2,2,398,165,40,14,417.736,170.33066666666667,375,35,7.0,62.73599999999999,,608.6693333333333,,608.6693333333333,,0.31845685279187813,0.9897062330623305,19.0
2,2,493,165,43,9,514.9676375404531,169.49514563106797,309,35,7.0,159.9676375404531,,609.504854368932,,609.504854368932,,0.8120184646723507,0.991064803851922,19.0
2,2,447,165,49,17,470.6467889908257,174.12844036697248,436,35,7.0,115.64678899082571,,604.8715596330276,,604.8715596330276,,0.587039538024496,0.9835309912732155,19.0
3,3,658,165,45,14,682.1896103896104,171.8935064935065,385,35,7.0,101.18961038961038,,599.1064935064935,,599.1064935064935,,0.5716927140655954,0.9869958706861508,18.0
3,3,702,165,40,8,719.1298701298701,168.25974025974025,231,35,7.0,138.12987012987014,,602.7402597402597,,602.7402597402597,,0.7803947464964415,0.992982305997133,18.0
3,3,699,188,18,19,707.0149253731344,197.17412935323384,201,35,7.0,126.01492537313436,,573.8258706467661,,573.8258706467661,,0.7119487309216631,0.9453473981001089,18.0
3,3,669,254,16,13,676.6141732283464,259.4724409448819,127,35,7.0,95.61417322834643,,511.5275590551181,,511.5275590551181,,0.540193069086703,0.8427142653296839,18.0
3,3,676,306,16,25,683.5078125,317.9453125,256,35,7.0,102.5078125,,453.0546875,,453.0546875,,0.5791401836158192,0.7463833401976936,18.0
3,3,600,382,11,19,604.6352201257862,390.62893081761007,159,35,7.0,23.63522012578619,,380.37106918238993,,380.37106918238993,,0.13353231709483723,0.6266409706464414,18.0
3,3,694,418,21,14,703.5721649484536,424.38659793814435,194,35,7.0,122.57216494845363,,346.61340206185565,,346.61340206185565,,0.6924981070534103,0.5710270215187079,18.0
3,3,656,720,18,17,664.3221153846154,727.5,208,35,7.0,83.32211538461536,,43.5,,43.5,,0.4707464146023467,0.07166392092257001,18.0
3,3,608,751,9,12,611.9139784946236,756.3763440860215,93,35,7.0,30.91397849462362,,14.623655913978496,,14.623655913978496,,0.17465524573233684,0.024091690138350077,18.0
4,4,818,164,49,7,841.5208333333334,166.94940476190476,336,35,7.0,40.52083333333337,,604.0505952380952,,604.0505952380952,,0.23154761904761925,0.9951410135718207,16.0
4,4,891,165,63,8,909.8494623655914,166.93010752688173,186,35,7.0,108.84946236559142,,604.0698924731182,,604.0698924731182,,0.6219969278033796,0.9951728047333084,16.0
4,4,874,167,19,7,883.5578947368421,170.42105263157896,95,35,7.0,82.55789473684206,,600.578947368421,,600.578947368421,,0.4717593984962403,0.9894216595855372,16.0
1,1,144,167,68,12,173.85281385281385,170.07142857142858,462,36,7.2,46.85281385281385,,610.9285714285714,,610.9285714285714,,0.23783154240007032,0.9949976733364356,17.0
1,1,208,168,31,20,222.489406779661,176.15466101694915,472,36,7.2,95.48940677966101,,604.8453389830509,,604.8453389830509,,0.4847178009119848,0.9850901286368906,17.0
1,1,237,168,71,14,267.5522827687776,173.06627393225332,679,36,7.2,140.55228276877762,,607.9337260677466,,607.9337260677466,,0.7134633643085159,0.9901200750289033,17.0
2,2,364,165,33,23,377.09208103130754,174.59300184162063,543,36,7.2,22.092081031307544,,604.4069981583793,,604.4069981583793,,0.11214254330612966,0.9827756067615924,19.0
2,2,396,165,41,14,416.83684210526314,170.3815789473684,380,36,7.2,61.836842105263145,,608.6184210526316,,608.6184210526316,,0.31389259951910226,0.9896234488660676,19.0
2,2,492,165,44,9,514.6850649350649,169.5194805194805,308,36,7.2,159.68506493506493,,609.4805194805194,,609.4805194805194,,0.8105840859647966,0.9910252349276739,19.0
2,2,447,165,49,17,470.5433789954338,174.11872146118722,438,36,7.2,115.54337899543378,,604.8812785388128,,604.8812785388128,,0.5865146141900192,0.9835467943720534,19.0
3,3,660,165,43,18,683.3900709219859,172.68321513002365,423,36,7.2,102.39007092198585,,598.3167848699763,,598.3167848699763,,0.5784749769603721,0.9856948679900763,18.0
3,3,701,165,41,8,718.5708333333333,168.28333333333333,240,36,7.2,137.57083333333333,,602.7166666666667,,602.7166666666667,,0.7772363465160075,0.9929434376716091,18.0
3,3,690,178,9,9,694.2,181.97142857142856,35,36,7.2,113.20000000000005,,589.0285714285715,,589.0285714285715,,0.6395480225988703,0.9703930336549778,18.0
3,3,693,182,11,12,698.4556962025316,187.78481012658227,79,36,7.2,117.45569620253161,,583.2151898734178,,583.2151898734178,,0.6635915039691052,0.9608157988029947,18.0
3,3,617,167,38,7,635.3041474654378,170.4147465437788,217,36,7.2,54.304147465437836,,600.5852534562212,,600.5852534562212,,0.3068030930250725,0.9894320485275472,18.0
3,3,599,169,19,6,607.0421052631579,171.2,95,36,7.2,26.04210526315785,,599.8,,599.8,,0.14713053820993136,0.9881383855024711,18.0
3,3,741,187,2,7,741.4615384615385,189.76923076923077,13,36,7.2,160.46153846153845,,581.2307692307693,,581.2307692307693,,0.9065623641894828,0.957546572044101,18.0
3,3,669,255,16,11,676.6370967741935,259.36290322580646,124,36,7.2,95.63709677419354,,511.63709677419354,,511.63709677419354,,0.5403225806451613,0.842894722856991,18.0
3,3,600,377,13,18,605.6706586826348,385.39520958083835,167,36,7.2,24.67065868263478,,385.60479041916165,,385.60479041916165,,0.1393822524442643,0.6352632461600686,18.0
3,3,712,411,21,13,721.7878787878788,416.57575757575756,198,36,7.2,140.78787878787875,,354.42424242424244,,354.42424242424244,,0.7954117445642868,0.5838949628076482,18.0
3,3,669,725,18,17,677.4056603773585,732.6650943396227,212,36,7.2,96.40566037735846,,38.33490566037733,,38.33490566037733,,0.5446647478946806,0.06315470454757385,18.0
3,3,611,753,11,12,616.1,758.2,110,36,7.2,35.10000000000002,,12.799999999999955,,12.799999999999955,,0.19830508474576283,0.021087314662273402,18.0
4,4,818,164,50,7,841.6863905325444,166.92307692307693,338,36,7.2,40.68639053254435,,604.0769230769231,,604.0769230769231,,0.23249366018596773,0.9951843872766443,16.0
4,4,874,165,43,13,896.5315315315315,169.84084084084083,333,36,7.2,95.53153153153153,,601.1591591591591,,601.1591591591591,,0.5458944658944659,0.9903775274450727,16.0
4,4,917,165,37,13,933.1203007518797,169.54887218045113,266,36,7.2,132.12030075187965,,601.4511278195489,,601.4511278195489,,0.754973147153598,0.990858530180476,16.0
1,1,144,167,69,12,173.78494623655914,170.06666666666666,465,37,7.4,46.784946236559136,,610.9333333333334,,610.9333333333334,,0.23748703673380273,0.9950054288816504,17.0
1,1,217,167,92,16,258.17769130998704,172.58495460440986,771,37,7.4,131.17769130998704,,608.4150453955901,,608.4150453955901,,0.665876605634452,0.9909039827289742,17.0
2,2,365,165,34,22,379.7126654064272,174.02079395085067,529,37,7.4,24.71266540642722,,604.9792060491493,,604.9792060491493,,0.12544500206308234,0.9837060260961777,19.0
2,2,399,165,38,14,417.3631436314363,170.2981029810298,369,37,7.4,62.36314363143629,,608.7018970189702,,608.7018970189702,,0.31656418087023497,0.989759182144667,19.0
2,2,493,165,43,10,515.3440514469453,169.57234726688102,311,37,7.4,160.3440514469453,,609.427652733119,,609.427652733119,,0.8139291951621588,0.9909392727367788,19.0
2,2,447,165,50,17,470.687074829932,174.08616780045352,441,37,7.4,115.68707482993199,,604.9138321995465,,604.9138321995465,,0.5872440346697055,0.9835997271537341,19.0
3,3,660,165,43,23,685.0041753653445,174.15657620041753,479,37,7.4,104.00417536534451,,596.8434237995825,,596.8434237995825,,0.5875942111036413,0.9832675845133155,19.0
3,3,701,165,41,8,718.5367965367966,168.2900432900433,231,37,7.4,137.5367965367966,,602.7099567099567,,602.7099567099567,,0.7770440482304892,0.9929323833771939,19.0
3,3,590,165,29,20,601.9421296296297,173.1851851851852,432,37,7.4,20.942129629629676,,597.8148148148148,,597.8148148148148,,0.11831711655158009,0.9848678992006833,19.0
3,3,618,165,36,19,634.7713004484305,172.49551569506727,446,37,7.4,53.77130044843045,,598.5044843049327,,598.5044843049327,,0.303792657900737,0.986004092759362,19.0
3,3,740,186,3,10,741.0769230769231,190.19230769230768,26,37,7.4,160.0769230769231,,580.8076923076924,,580.8076923076924,,0.9043893959148197,0.9568495754657206,19.0
3,3,669,255,16,10,676.4876033057851,259.3305785123967,121,37,7.4,95.48760330578511,,511.6694214876033,,511.6694214876033,,0.539477984778447,0.8429479760916034,19.0
3,3,600,378,13,18,605.7290322580645,385.70322580645166,155,37,7.4,24.729032258064535,,385.29677419354834,,385.29677419354834,,0.13971204665573184,0.6347558059201784,19.0
3,3,722,406,19,14,730.2252747252747,412.02197802197804,182,37,7.4,149.22527472527474,,358.97802197802196,,358.97802197802196,,0.8430806481653941,0.5913970708039901,19.0
3,3,685,733,17,16,692.6702702702703,740.4378378378378,185,37,7.4,111.6702702702703,,30.562162162162167,,30.562162162162167,,0.6309054817529395,0.05034952580257359,19.0
3,3,619,756,13,12,624.639344262295,761.3770491803278,122,37,7.4,43.639344262295026,,9.622950819672155,,9.622950819672155,,0.24654996758358771,0.01585329624328197,19.0
4,4,818,164,49,7,841.4597014925373,166.9402985074627,335,37,7.4,40.459701492537306,,604.0597014925373,,604.0597014925373,,0.2311982942430703,0.995156015638447,16.0
4,4,874,165,42,13,895.7951807228916,169.85542168674698,332,37,7.4,94.79518072289159,,601.1445783132531,,601.1445783132531,,0.5416867469879519,0.9903535062821303,16.0
4,4,916,165,37,13,932.1203007518797,169.54887218045113,266,37,7.4,131.12030075187965,,601.4511278195489,,601.4511278195489,,0.7492588614393123,0.990858530180476,16.0
1,1,144,167,69,13,173.9412955465587,170.26113360323887,494,38,7.6,46.941295546558706,,610.7388663967611,,610.7388663967611,,0.2382806880535975,0.9946887074865816,16.0
1,1,208,168,31,20,222.489406779661,176.15466101694915,472,38,7.6,95.48940677966101,,604.8453389830509,,604.8453389830509,,0.4847178009119848,0.9850901286368906,16.0
1,1,237,168,71,14,267.30043541364296,173.16835994194486,689,38,7.6,140.30043541364296,,607.8316400580552,,607.8316400580552,,0.7121849513382891,0.989953811169471,16.0
2,2,366,165,33,22,380.5162523900574,174.06118546845124,523,38,7.6,25.51625239005739,,604.9388145315488,,604.9388145315488,,0.12952412380739792,0.9836403488317866,19.0
2,2,399,165,38,14,417.3135135135135,170.29189189189188,370,38,7.6,62.3135135135135,,608.7081081081081,,608.7081081081081,,0.31631225133763197,0.9897692814765986,19.0
2,2,493,165,43,9,514.8609271523179,169.56953642384107,302,38,7.6,159.8609271523179,,609.4304635761589,,609.4304635761589,,0.8114767875752178,0.9909438432132665,19.0
2,2,447,165,49,17,470.578125,173.99776785714286,448,38,7.6,115.578125,,605.0022321428571,,605.0022321428571,,0.5866909898477157,0.9837434668989546,19.0
3,3,658,165,43,14,681.5164556962026,171.70632911392406,395,38,7.6,100.51645569620257,,599.2936708860759,,599.2936708860759,,0.5678895802045343,0.9873042353971596,18.0
3,3,701,165,41,8,718.25,168.26612903225808,248,38,7.6,137.25,,602.733870967742,,602.733870967742,,0.7754237288135594,0.9929717808364776,18.0
3,3,738,187,5,13,740.2592592592592,192.40740740740742,54,38,7.6,159.25925925925924,,578.5925925925926,,578.5925925925926,,0.8997698263234986,0.9532003172859845,18.0
3,3,670,254,16,11,677.2786885245902,258.61475409836066,122,38,7.6,96.27868852459017,,512.3852459016393,,512.3852459016393,,0.5439473927942947,0.84412725848705,18.0
3,3,600,377,13,18,605.75,385.20238095238096,168,38,7.6,24.75,,385.79761904761904,,385.79761904761904,,0.13983050847457626,0.6355809210010198,18.0
3,3,733,397,10,15,738.0973451327434,404.87610619469024,113,38,7.6,157.09734513274338,,366.12389380530976,,366.12389380530976,,0.8875556222188892,0.6031695120351067,18.0
3,3,705,740,19,13,713.8352272727273,745.6988636363636,176,38,7.6,132.83522727272725,,25.301136363636374,,25.301136363636374,,0.7504815100154082,0.04168226748539765,18.0
3,3,627,763,14,9,633.4495412844037,767.2293577981651,109,38,7.6,52.44954128440372,,3.770642201834903,,3.770642201834903,,0.2963250920022809,0.00621193113976096,18.0
4,4,818,164,49,7,841.3862275449102,166.94011976047904,334,38,7.6,40.386227544910184,,604.0598802395209,,604.0598802395209,,0.2307784431137725,0.995156310114532,16.0
4,4,873,164,88,11,906.718954248366,167.56644880174292,459,38,7.6,105.718954248366,,603.4335511982571,,603.4335511982571,,0.6041083099906629,0.9941244665539656,16.0
1,1,145,168,68,9,172.79411764705884,170.24411764705883,340,39,7.8,45.79411764705884,,610.7558823529412,,610.7558823529412,,0.23245744998507026,0.9947164207702625,16.0
1,1,217,168,91,14,255.89090909090908,172.89586776859505,605,39,7.8,128.89090909090908,,608.104132231405,,608.104132231405,,0.6542685740655283,0.9903976094974022,16.0
2,2,366,165,34,22,380.7069943289225,174.0491493383743,529,39,7.8,25.70699432892252,,604.9508506616257,,604.9508506616257,,0.1304923569996067,0.9836599197750012,19.0
2,2,398,165,39,14,417.2084432717678,170.30606860158312,379,39,7.8,62.208443271767806,,608.6939313984169,,608.6939313984169,,0.3157788998566894,0.989746229916125,19.0
2,2,493,165,43,9,514.8033333333333,169.52,300,39,7.8,159.80333333333328,,609.48,,609.48,,0.8111844331641284,0.9910243902439024,19.0
2,2,447,165,49,17,470.65296803652967,174.10502283105023,438,39,7.8,115.65296803652967,,604.8949771689497,,604.8949771689497,,0.5870709037387293,0.9835690685673979,19.0
3,3,667,165,35,14,683.9878419452888,171.66565349544072,329,39,7.8,102.98784194528878,,599.3343465045593,,599.3343465045593,,0.5818522143801625,0.9873712463007567,19.0
3,3,701,165,41,8,718.0826086956522,168.34782608695653,230,39,7.8,137.0826086956522,,602.6521739130435,,602.6521739130435,,0.7744780152296734,0.9928371893130865,19.0
3,3,599,167,69,14,636.9316239316239,172.47222222222223,468,39,7.8,55.9316239316239,,598.5277777777778,,598.5277777777778,,0.3159978753199091,0.986042467508695,19.0
3,3,734,184,9,17,738.5847457627119,191.14406779661016,118,39,7.8,157.58474576271192,,579.8559322033898,,579.8559322033898,,0.8903092980944176,0.955281601653031,19.0
3,3,676,210,13,17,681.6704545454545,219.01704545454544,176,39,7.8,100.6704545454545,,551.9829545454545,,551.9829545454545,,0.568759630200308,0.9093623633368279,19.0
3,3,600,377,13,18,605.5582822085889,385.30674846625766,163,39,7.8,24.558282208588935,,385.69325153374234,,385.69325153374234,,0.13874735711067196,0.6354089811099545,19.0
3,3,739,390,4,13,740.7142857142858,396.1428571428571,42,39,7.8,159.71428571428578,,374.8571428571429,,374.8571428571429,,0.9023405972558518,0.6175570722522947,19.0
3,3,711,740,17,13,718.7625,745.29375,160,39,7.8,137.76250000000005,,25.706249999999955,,25.706249999999955,,0.7783192090395483,0.04234967051070833,19.0
3,3,638,765,14,7,644.1829268292682,768.3536585365854,82,39,7.8,63.18292682926824,,2.6463414634146147,,2.6463414634146147,,0.3569656883009505,0.004359705870534785,19.0
4,4,818,164,49,7,841.4597014925373,166.9402985074627,335,39,7.8,40.459701492537306,,604.0597014925373,,604.0597014925373,,0.2311982942430703,0.995156015638447,16.0
4,4,874,165,41,13,895.7969230769231,169.87384615384616,325,39,7.8,94.79692307692312,,601.1261538461538,,601.1261538461538,,0.5416967032967036,0.9903231529590671,16.0
4,4,915,165,40,13,929.7752808988764,169.52059925093633,267,39,7.8,128.77528089887642,,601.4794007490636,,601.4794007490636,,0.7358587479935795,0.990905108318062,16.0
1,1,144,167,67,12,173.06680584551148,170.24425887265136,479,40,8.0,46.06680584551148,,610.7557411273486,,610.7557411273486,,0.23384165403812934,0.9947161907611541,16.0
1,1,208,168,31,20,222.489406779661,176.15466101694915,472,40,8.0,95.48940677966101,,604.8453389830509,,604.8453389830509,,0.4847178009119848,0.9850901286368906,16.0
1,1,237,168,71,14,267.16058394160586,173.16204379562043,685,40,8.0,140.16058394160586,,607.8379562043796,,607.8379562043796,,0.7114750453888623,0.9899640980527354,16.0
2,2,366,165,35,22,380.8101503759398,174.05075187969925,532,40,8.0,25.810150375939827,,604.9492481203008,,604.9492481203008,,0.13101599175603973,0.9836573140167493,19.0
2,2,399,165,39,14,417.97547683923705,170.28610354223434,367,40,8.0,62.97547683923705,,608.7138964577657,,608.7138964577657,,0.3196724712651627,0.9897786934272613,19.0
2,2,494,165,42,9,515.5265017667845,169.53710247349824,283,40,8.0,160.52650176678446,,609.4628975265018,,609.4628975265018,,0.8148553389176876,0.9909965813439054,19.0
2,2,447,165,52,17,471.40354767184033,174.059866962306,451,40,8.0,116.40354767184033,,604.9401330376941,,604.9401330376941,,0.5908809526489357,0.983642492744218,19.0
3,3,663,165,38,14,682.7784615384616,172.18153846153845,325,40,8.0,101.77846153846156,,598.8184615384615,,598.8184615384615,,0.575019556714472,0.9865213534406285,20.0
3,3,701,165,41,26,724.9768786127167,172.121387283237,346,40,8.0,143.97687861271675,,598.878612716763,,598.878612716763,,0.8134286927272133,0.9866204492862652,20.0
3,3,599,167,65,14,634.4930875576036,172.21198156682027,434,40,8.0,53.493087557603644,,598.7880184331798,,598.7880184331798,,0.30222083365877767,0.9864712000546619,20.0
3,3,676,206,11,22,680.8258426966293,215.84831460674158,178,40,8.0,99.82584269662925,,555.1516853932584,,555.1516853932584,,0.563987811845363,0.9145826777483663,20.0
3,3,600,378,12,17,605.6423841059602,385.8609271523179,151,40,8.0,24.642384105960218,,385.1390728476821,,385.1390728476821,,0.13922250907322156,0.6344960013965109,20.0
3,3,726,741,17,12,734.140127388535,746.108280254777,157,40,8.0,153.140127388535,,24.891719745222986,,24.891719745222986,,0.8651984598222316,0.04100777552755022,20.0
3,3,646,767,14,5,652.2461538461539,769.1384615384616,65,40,8.0,71.2461538461539,,1.86153846153843,,1.86153846153843,,0.40252064319860964,0.0030667849448738553,20.0
4,4,818,164,50,7,841.5402985074627,166.8955223880597,335,40,8.0,40.540298507462694,,604.1044776119403,,604.1044776119403,,0.23165884861407254,0.99522978189776,16.0
4,4,874,165,41,13,896.0575757575757,169.9181818181818,330,40,8.0,95.0575757575757,,601.0818181818182,,601.0818181818182,,0.5431861471861469,0.9902501123258949,16.0
4,4,915,165,40,13,930.570895522388,169.51119402985074,268,40,8.0,129.570895522388,,601.4888059701493,,601.4888059701493,,0.7404051172707886,0.9909206029162262,16.0
1,1,144,167,69,12,173.78571428571428,170.24693877551022,490,41,8.2,46.78571428571428,,610.7530612244898,,610.7530612244898,,0.23749093546047856,0.9947118260985176,16.0
1,1,208,168,31,20,222.489406779661,176.15466101694915,472,41,8.2,95.48940677966101,,604.8453389830509,,604.8453389830509,,0.4847178009119848,0.9850901286368906,16.0
1,1,237,168,71,14,267.24709302325584,173.1700581395349,688,41,8.2,140.24709302325584,,607.8299418604652,,607.8299418604652,,0.7119141777830246,0.9899510453753504,16.0
2,2,364,165,34,23,377.8140794223827,174.57761732851986,554,41,8.2,22.81407942238269,,604.4223826714801,,604.4223826714801,,0.11580750975828777,0.982800622230049,19.0
2,2,396,165,41,14,416.6240409207161,170.34271099744245,391,41,8.2,61.624040920716084,,608.6572890025575,,608.6572890025575,,0.31281239046048775,0.9896866487846463,19.0
2,2,493,165,43,9,514.9251700680272,169.54421768707482,294,41,8.2,159.92517006802723,,609.4557823129252,,609.4557823129252,,0.8118028937463311,0.9909850118909352,19.0
2,2,447,165,49,17,470.718820861678,174.0249433106576,441,41,8.2,115.71882086167801,,604.9750566893424,,604.9750566893424,,0.5874051820389746,0.9836992791696625,19.0
3,3,598,164,57,16,625.9054054054054,171.37258687258688,518,41,8.2,44.90540540540542,,599.6274131274131,,599.6274131274131,,0.2537028553977707,0.9878540578705323,20.0
3,3,660,165,42,14,682.185393258427,172.05337078651687,356,41,8.2,101.18539325842698,,598.9466292134831,,598.9466292134831,,0.5716688884656892,0.9867325028228717,20.0
3,3,702,165,28,8,714.5314285714286,168.17714285714285,175,41,8.2,133.5314285714286,,602.8228571428572,,602.8228571428572,,0.7544148506860372,0.9931183807954813,20.0
3,3,729,165,13,15,737.1386138613861,170.11881188118812,101,41,8.2,156.13861386138615,,600.8811881188119,,600.8811881188119,,0.8821390613637635,0.9899195850392288,20.0
3,3,683,197,11,21,687.5523255813954,206.95348837209303,172,41,8.2,106.5523255813954,,564.046511627907,,564.046511627907,,0.6019905400078835,0.9292364277230757,20.0
3,3,602,377,13,17,607.4585987261147,384.3503184713376,157,41,8.2,26.4585987261147,,386.6496815286624,,386.6496815286624,,0.14948360862211696,0.636984648317401,20.0
3,3,736,742,7,12,739.4090909090909,746.6363636363636,66,41,8.2,158.40909090909088,,24.363636363636374,,24.363636363636374,,0.8949666153055982,0.04013778643103192,20.0
3,3,662,769,13,3,667.28125,770.15625,32,41,8.2,86.28125,,0.84375,,0.84375,,0.4874646892655367,0.0013900329489291599,20.0
4,4,818,164,50,8,841.55,166.9470588235294,340,41,8.2,40.549999999999955,,604.0529411764705,,604.0529411764705,,0.23171428571428546,0.9951448783796879,16.0
4,4,874,165,40,13,895.3282674772037,169.95744680851064,329,41,8.2,94.32826747720367,,601.0425531914893,,601.0425531914893,,0.5390186712983067,0.9901854253566545,16.0
4,4,914,165,40,13,929.570895522388,169.51119402985074,268,41,8.2,128.570895522388,,601.4888059701493,,601.4888059701493,,0.7346908315565029,0.9909206029162262,16.0
1,1,144,167,68,12,173.77300613496934,170.24948875255623,489,42,8.4,46.773006134969336,,610.7505112474438,,610.7505112474438,,0.23742642708106262,0.9947076730414394,16.0
1,1,208,168,31,20,222.489406779661,176.15466101694915,472,42,8.4,95.48940677966101,,604.8453389830509,,604.8453389830509,,0.4847178009119848,0.9850901286368906,16.0
1,1,237,168,71,14,267.10233918128654,173.16374269005848,684,42,8.4,140.10233918128654,,607.8362573099415,,607.8362573099415,,0.7111793867070383,0.9899613311236832,16.0
2,2,364,165,33,23,377.7996389891697,174.53429602888087,554,42,8.4,22.799638989169694,,604.4657039711192,,604.4657039711192,,0.11573420806685124,0.9828710633676735,18.0
2,2,396,165,42,14,416.6818181818182,170.38888888888889,396,42,8.4,61.68181818181819,,608.6111111111111,,608.6111111111111,,0.3131056760498385,0.9896115627822945,18.0
2,2,493,165,43,10,514.7587301587301,169.56507936507936,315,42,8.4,159.75873015873015,,609.4349206349207,,609.4349206349207,,0.8109580211103053,0.9909510904632857,18.0
2,2,447,165,49,18,470.53761061946904,174.18362831858406,452,42,8.4,115.53761061946904,,604.816371681416,,604.816371681416,,0.5864853330937514,0.98344125476653,18.0
3,3,659,165,44,14,682.2773109243698,172.0280112044818,357,42,8.4,101.27731092436977,,598.9719887955182,,598.9719887955182,,0.5721881973128236,0.9867742813764715,20.0
3,3,701,165,28,8,714.4150943396227,168.18867924528303,159,42,8.4,133.41509433962267,,602.8113207547169,,602.8113207547169,,0.7537575951391111,0.9930993752137017,20.0
3,3,728,165,14,16,736.081081081081,171.66216216216216,148,42,8.4,155.08108108108104,,599.3378378378378,,599.3378378378378,,0.8761642998931132,0.9873769980854,20.0
3,3,598,167,57,13,622.7557411273486,171.3277661795407,479,42,8.4,41.75574112734864,,599.6722338204593,,599.6722338204593,,0.2359081419624217,0.9879278975625359,20.0
3,3,690,188,10,21,694.4011627906976,197.7674418604651,172,42,8.4,113.40116279069764,,573.2325581395348,,573.2325581395348,,0.6406845355406646,0.9443699475115895,20.0
3,3,602,377,13,17,607.506329113924,384.37974683544303,158,42,8.4,26.50632911392404,,386.62025316455697,,386.62025316455697,,0.1497532718300793,0.6369361666631911,20.0
3,3,738,742,5,11,740.3023255813953,746.6744186046511,43,42,8.4,159.30232558139528,,24.325581395348877,,24.325581395348877,,0.9000131388779394,0.040075092908317754,20.0
4,4,818,164,50,8,841.4658753709199,166.94955489614244,337,42,8.4,40.46587537091989,,604.0504451038576,,604.0504451038576,,0.23123357354811366,0.9951407662337027,16.0
4,4,874,165,41,13,895.7461300309598,169.8544891640867,323,42,8.4,94.74613003095976,,601.1455108359133,,601.1455108359133,,0.5414064573197701,0.9903550425632839,16.0
4,4,915,165,39,13,930.4831460674158,169.52808988764045,267,42,8.4,129.48314606741576,,601.4719101123595,,601.4719101123595,,0.7399036918138043,0.9908927678951557,16.0
1,1,145,168,68,10,172.82456140350877,170.26608187134502,342,43,8.6,45.82456140350877,,610.733918128655,,610.733918128655,,0.23261198681984147,0.9946806484180049,16.0
1,1,215,168,93,14,255.63139931740614,172.80204778156997,586,43,8.6,128.63139931740614,,608.19795221843,,608.19795221843,,0.6529512655705895,0.990550410779202,16.0
2,2,365,165,34,22,379.7396226415094,174.0132075471698,530,43,8.6,24.739622641509413,,604.9867924528302,,604.9867924528302,,0.12558184081984475,0.983718361711919,19.0
2,2,398,165,40,14,417.3700787401575,170.38057742782152,381,43,8.6,62.37007874015751,,608.6194225721785,,608.6194225721785,,0.3165993844678046,0.9896250773531357,19.0
2,2,494,165,42,10,515.1380471380471,169.6195286195286,297,43,8.6,160.1380471380471,,609.3804713804714,,609.3804713804714,,0.8128834880103915,0.9908625550901974,19.0
2,2,447,165,50,18,470.8788546255507,174.07929515418502,454,43,8.6,115.87885462555067,,604.920704845815,,604.920704845815,,0.588217536170308,0.983610902188317,19.0
3,3,658,165,43,14,681.8204419889503,171.9972375690608,362,43,8.6,100.82044198895028,,599.0027624309392,,599.0027624309392,,0.5696070168867248,0.9868249792931454,19.0
3,3,701,165,32,8,715.377990430622,168.19138755980862,209,43,8.6,134.37799043062205,,602.8086124401914,,602.8086124401914,,0.7591976860487122,0.9930949134105295,19.0
3,3,731,165,11,23,737.083870967742,175.03225806451613,155,43,8.6,156.08387096774197,,595.9677419354839,,595.9677419354839,,0.8818297794787682,0.98182494552798,19.0
3,3,599,167,55,13,623.5217391304348,171.02898550724638,345,43,8.6,42.52173913043475,,599.9710144927536,,599.9710144927536,,0.24023581429624155,0.9884201227228231,19.0
3,3,693,182,11,22,698.1195652173913,192.53804347826087,184,43,8.6,117.11956521739125,,578.4619565217391,,578.4619565217391,,0.6616924588553178,0.9529851013537712,19.0
3,3,601,377,14,18,607.3151515151516,385.0363636363636,165,43,8.6,26.31515151515157,,385.9636363636364,,385.9636363636364,,0.14867317240198627,0.6358544256402576,19.0
4,4,818,164,50,8,841.6165191740413,166.93510324483776,339,43,8.6,40.61651917404129,,604.0648967551622,,604.0648967551622,,0.23209439528023593,0.9951645745554566,16.0
4,4,874,165,41,13,896.0851063829787,169.91793313069908,329,43,8.6,95.08510638297867,,601.0820668693009,,601.0820668693009,,0.5433434650455924,0.9902505220252074,16.0
4,4,915,165,42,13,929.9665427509294,169.4907063197026,269,43,8.6,128.96654275092942,,601.5092936802973,,601.5092936802973,,0.7369516728624538,0.9909543553217419,16.0
1,1,144,167,69,12,173.9022403258656,170.24643584521385,491,44,8.8,46.90224032586559,,610.7535641547861,,610.7535641547861,,0.2380824382023634,0.9947126452032347,16.0
1,1,208,168,31,20,222.489406779661,176.15466101694915,472,44,8.8,95.48940677966101,,604.8453389830509,,604.8453389830509,,0.4847178009119848,0.9850901286368906,16.0
1,1,237,168,40,14,252.56451612903226,173.21774193548387,372,44,8.8,125.56451612903226,,607.7822580645161,,607.7822580645161,,0.6373833306042247,0.9898733844698959,16.0
1,1,277,168,38,14,299.21084337349396,172.7710843373494,332,44,8.8,172.21084337349396,,608.2289156626506,,608.2289156626506,,0.874166717631949,0.9906008398414505,16.0
2,2,364,165,33,23,377.79783393501805,174.543321299639,554,44,8.8,22.797833935018048,,604.456678700361,,604.456678700361,,0.11572504535542157,0.9828563881306682,18.0
2,2,396,165,42,14,416.6818181818182,170.38888888888889,396,44,8.8,61.68181818181819,,608.6111111111111,,608.6111111111111,,0.3131056760498385,0.9896115627822945,18.0
2,2,492,165,44,10,514.4890282131662,169.6050156739812,319,44,8.8,159.4890282131662,,609.3949843260189,,609.3949843260189,,0.8095889757013512,0.9908861533756405,18.0
2,2,447,165,48,18,470.23318385650225,174.19730941704034,446,44,8.8,115.23318385650225,,604.8026905829597,,604.8026905829597,,0.5849400195761536,0.9834190090779833,18.0
3,3,660,165,40,14,681.4622356495469,172.16918429003022,331,44,8.8,100.46223564954687,,598.8308157099698,,598.8308157099698,,0.567583252257327,0.9865417062767212,20.0
3,3,697,165,35,25,709.938028169014,172.8450704225352,355,44,8.8,128.93802816901405,,598.1549295774648,,598.1549295774648,,0.7284634359831302,0.9854282200617213,20.0
3,3,730,165,12,23,737.0328947368421,174.63815789473685,152,44,8.8,156.03289473684208,,596.3618421052631,,596.3618421052631,,0.8815417781742491,0.9824742044567761,20.0
3,3,615,168,39,6,634.6473684210526,170.32631578947368,190,44,8.8,53.64736842105265,,600.6736842105263,,600.6736842105263,,0.3030924769550997,0.9895777334605046,20.0
3,3,599,169,16,14,604.0086206896551,173.4051724137931,116,44,8.8,23.008620689655118,,597.5948275862069,,597.5948275862069,,0.1299922072861871,0.9845054820201101,20.0
3,3,605,373,13,17,610.6708074534162,380.8198757763975,161,44,8.8,29.67080745341616,,390.1801242236025,,390.1801242236025,,0.1676316805277749,0.6428008636303171,20.0
4,4,818,164,50,7,841.6863905325444,166.92307692307693,338,44,8.8,40.68639053254435,,604.0769230769231,,604.0769230769231,,0.23249366018596773,0.9951843872766443,16.0
4,4,874,165,41,13,896.2615384615385,169.8923076923077,325,44,8.8,95.26153846153852,,601.1076923076923,,601.1076923076923,,0.5443516483516487,0.9902927385629198,16.0
4,4,915,165,41,13,929.8694029850747,169.50746268656715,268,44,8.8,128.86940298507466,,601.4925373134329,,601.4925373134329,,0.7363965884861409,0.9909267501045023,16.0
1,1,144,167,69,13,173.92741935483872,170.2983870967742,496,45,9.0,46.92741935483872,,610.7016129032259,,610.7016129032259,,0.23821025053217623,0.9946280340443417,16.0
1,1,207,168,31,20,221.58315789473684,176.14947368421053,475,45,9.0,94.58315789473684,,604.8505263157895,,604.8505263157895,,0.48011755276516166,0.9850985770615464,16.0
1,1,236,168,72,14,267.01897810218975,173.13430656934307,685,45,9.0,140.01897810218975,,607.865693430657,,607.865693430657,,0.7107562340212678,0.9900092726883664,16.0
2,2,365,165,34,22,379.70510396975425,174.0170132325142,529,45,9.0,24.705103969754248,,604.9829867674858,,604.9829867674858,,0.12540661913580836,0.983712173605668,19.0
2,2,398,165,40,14,417.18701298701296,170.33246753246755,385,45,9.0,62.18701298701296,,608.6675324675325,,608.6675324675325,,0.315670116685345,0.9897033048252561,19.0
2,2,493,165,43,10,514.6852459016393,169.60983606557377,305,45,9.0,159.6852459016393,,609.3901639344263,,609.3901639344263,,0.8105850045768492,0.9908783153405305,19.0
2,2,447,165,49,18,470.5743243243243,174.0900900900901,444,45,9.0,115.57432432432432,,604.9099099099099,,604.9099099099099,,0.5866716970777884,0.9835933494470079,19.0
3,3,660,165,40,14,681.5446428571429,172.23511904761904,336,45,9.0,100.54464285714289,,598.764880952381,,598.764880952381,,0.5680488297013723,0.986433082293873,20.0
3,3,699,165,43,23,720.230946882217,172.1431870669746,433,45,9.0,139.23094688221704,,598.8568129330254,,598.8568129330254,,0.7866155191085709,0.9865845353097618,20.0
3,3,598,166,58,10,626.055,170.565,400,45,9.0,45.05499999999995,,600.435,,600.435,,0.25454802259886977,0.9891845140032948,20.0
3,3,600,180,8,11,602.9565217391304,184.85507246376812,69,45,9.0,21.95652173913038,,586.1449275362319,,586.1449275362319,,0.1240481454188157,0.965642384738438,20.0
3,3,610,356,14,19,615.8423913043479,364.7880434782609,184,45,9.0,34.84239130434787,,406.2119565217391,,406.2119565217391,,0.19684966838614615,0.6692124489649739,20.0
4,4,818,164,49,8,841.4510385756677,166.96142433234422,337,45,9.0,40.45103857566767,,604.0385756676558,,604.0385756676558,,0.2311487918609581,0.9951212119730738,16.0
4,4,874,165,41,13,896.1773700305811,169.9113149847095,327,45,9.0,95.17737003058107,,601.0886850152905,,601.0886850152905,,0.5438706858890348,0.9902614250663764,16.0
4,4,915,165,37,13,929.5113636363636,169.57575757575756,264,45,9.0,128.51136363636363,,601.4242424242425,,601.4242424242425,,0.7343506493506493,0.9908142379312067,16.0
1,1,144,167,69,12,173.8617886178862,170.27439024390245,492,46,9.2,46.86178861788619,,610.7256097560976,,610.7256097560976,,0.23787709958317863,0.9946671168666085,16.0
1,1,208,168,31,20,222.489406779661,176.15466101694915,472,46,9.2,95.48940677966101,,604.8453389830509,,604.8453389830509,,0.4847178009119848,0.9850901286368906,16.0
1,1,237,168,71,14,267.2352941176471,173.11764705882354,680,46,9.2,140.23529411764707,,607.8823529411765,,607.8823529411765,,0.7118542848611527,0.9900364054416555,16.0
2,2,364,165,33,23,377.7355072463768,174.55434782608697,552,46,9.2,22.735507246376812,,604.445652173913,,604.445652173913,,0.11540866622526301,0.9828384588193707,18.0
2,2,396,165,42,14,416.30423940149626,170.33416458852867,401,46,9.2,61.30423940149626,,608.6658354114713,,608.6658354114713,,0.31118903249490487,0.9897005453845062,18.0
2,2,492,165,44,10,514.4485981308411,169.5576323987539,321,46,9.2,159.4485981308411,,609.4423676012461,,609.4423676012461,,0.8093837468570615,0.9909631993516197,18.0
2,2,447,165,48,18,470.23595505617976,174.23595505617976,445,46,9.2,115.23595505617976,,604.7640449438202,,604.7640449438202,,0.5849540865795927,0.9833561706403581,18.0
3,3,659,165,42,14,681.7888888888889,172.00555555555556,360,46,9.2,100.78888888888889,,598.9944444444444,,598.9944444444444,,0.569428750784683,0.9868112758557569,19.0
3,3,700,165,42,10,717.5461254612546,168.83025830258302,271,46,9.2,136.54612546125463,,602.169741697417,,602.169741697417,,0.7714470365042635,0.9920424080682322,19.0
3,3,616,167,38,7,634.9712918660287,170.4354066985646,209,46,9.2,53.97129186602865,,600.5645933014354,,600.5645933014354,,0.3049225529154161,0.9893980120287238,19.0
3,3,599,169,18,5,606.6375,170.9125,80,46,9.2,25.637500000000045,,600.0875,,600.0875,,0.14484463276836185,0.9886120263591432,19.0
3,3,601,183,10,11,605.4823529411765,187.9764705882353,85,46,9.2,24.482352941176487,,583.0235294117647,,583.0235294117647,,0.1383183781987372,0.9605000484543076,19.0
3,3,618,344,16,20,624.9663461538462,353.0,208,46,9.2,43.96634615384619,,418.0,,418.0,,0.2483974358974361,0.6886326194398682,19.0
4,4,818,164,50,7,841.8117647058823,166.9558823529412,340,46,9.2,40.8117647058823,,604.0441176470588,,604.0441176470588,,0.23321008403361312,0.9951303420874115,16.0
4,4,874,165,41,13,896.1215805471124,169.91185410334347,329,46,9.2,95.12158054711244,,601.0881458966566,,601.0881458966566,,0.5435518888406425,0.9902605368972925,16.0
4,4,915,165,38,13,929.5962264150943,169.55849056603773,265,46,9.2,128.5962264150943,,601.4415094339622,,601.4415094339622,,0.7348355795148245,0.9908426844052096,16.0
1,1,144,167,69,13,173.73333333333335,170.31919191919192,495,47,9.4,46.73333333333335,,610.6808080808081,,610.6808080808081,,0.23722504230118452,0.9945941499687428,16.0
1,1,218,168,59,14,246.24511930585683,173.86117136659436,461,47,9.4,119.24511930585683,,607.1388286334056,,607.1388286334056,,0.6053051741414053,0.9888254538003349,16.0
1,1,277,168,31,4,292.1219512195122,169.4878048780488,123,47,9.4,165.1219512195122,,611.5121951219512,,611.5121951219512,,0.8381824935000619,0.9959482005243505,16.0
2,2,364,165,33,23,377.12867647058823,174.5735294117647,544,47,9.4,22.128676470588232,,604.4264705882354,,604.4264705882354,,0.11232830695730067,0.9828072692491632,19.0
2,2,396,165,41,14,416.3598971722365,170.38560411311053,389,47,9.4,61.359897172236515,,608.6143958868895,,608.6143958868895,,0.31147155924993153,0.9896169038811211,19.0
2,2,492,165,44,10,514.2402597402597,169.63311688311688,308,47,9.4,159.24025974025972,,609.3668831168832,,609.3668831168832,,0.8083261915749225,0.9908404603526556,19.0
2,2,447,165,48,18,470.17660550458714,174.11009174311926,436,47,9.4,115.17660550458714,,604.8899082568807,,604.8899082568807,,0.5846528198202393,0.9835608264339525,19.0
3,3,658,165,43,14,681.8288770053476,171.9331550802139,374,47,9.4,100.82887700534764,,599.066844919786,,599.066844919786,,0.5696546723465968,0.9869305517624152,18.0
3,3,701,165,41,25,723.4556213017752,171.40532544378698,338,47,9.4,142.45562130177518,,599.594674556213,,599.594674556213,,0.8048340186540971,0.9878001228273691,18.0
3,3,604,185,11,11,608.6304347826087,189.82608695652175,92,47,9.4,27.630434782608745,,581.1739130434783,,581.1739130434783,,0.1561041513141737,0.9574529045197335,18.0
3,3,628,332,18,20,636.2310924369748,341.11344537815125,238,47,9.4,55.23109243697479,,429.88655462184875,,429.88655462184875,,0.3120400702653943,0.708215081749339,18.0
3,3,741,747,2,7,741.4615384615385,749.7692307692307,13,47,9.4,160.46153846153845,,21.230769230769283,,21.230769230769283,,0.9065623641894828,0.03497655556963638,18.0
4,4,818,164,50,7,841.8856304985337,166.94134897360703,341,47,9.4,40.885630498533715,,604.0586510263929,,604.0586510263929,,0.2336321742773355,0.9951542850517181,16.0
4,4,874,165,41,13,896.1564417177914,169.88957055214723,326,47,9.4,95.15644171779138,,601.1104294478528,,601.1104294478528,,0.5437510955302365,0.9902972478547821,16.0
4,4,915,165,38,13,929.5962264150943,169.55849056603773,265,47,9.4,128.5962264150943,,601.4415094339622,,601.4415094339622,,0.7348355795148245,0.9908426844052096,16.0
1,1,144,167,67,12,173.5063559322034,170.17372881355934,472,48,9.6,46.506355932203405,,610.8262711864406,,610.8262711864406,,0.23607287275230154,0.9948310605642355,17.0
1,1,210,168,31,21,224.37854251012146,176.65384615384616,494,48,9.6,97.37854251012146,,604.3461538461538,,604.3461538461538,,0.49430732238640335,0.9842771235279378,17.0
1,1,239,168,69,14,268.20684523809524,173.14732142857142,672,48,9.6,141.20684523809524,,607.8526785714286,,607.8526785714286,,0.7167860164370317,0.9899880758492322,17.0
2,2,366,165,34,22,380.5847619047619,174.05714285714285,525,48,9.6,25.584761904761876,,604.9428571428572,,604.9428571428572,,0.12987188784143083,0.9836469221835076,19.0
2,2,399,165,38,14,417.3623978201635,170.26975476839237,367,48,9.6,62.362397820163494,,608.7302452316076,,608.7302452316076,,0.31656039502621064,0.9898052767993619,19.0
2,2,500,165,36,9,516.7915057915058,169.54054054054055,259,48,9.6,161.79150579150576,,609.4594594594595,,609.4594594594595,,0.8212766791446993,0.990990990990991,19.0
2,2,448,165,52,17,472.54468085106384,173.81702127659574,470,48,9.6,117.54468085106384,,605.1829787234043,,605.1829787234043,,0.5966735068581921,0.9840373637778932,19.0
3,3,660,165,42,14,682.1703910614525,171.93296089385476,358,48,9.6,101.1703910614525,,599.0670391061452,,599.0670391061452,,0.5715841302906921,0.9869308716740448,19.0
3,3,701,165,41,23,724.3147540983607,170.5672131147541,305,48,9.6,143.3147540983607,,600.4327868852458,,600.4327868852458,,0.809687876261925,0.989180868015232,19.0
3,3,590,165,28,20,601.7775175644028,173.1943793911007,427,48,9.6,20.777517564402842,,597.8056206088993,,597.8056206088993,,0.11738710488363188,0.9848527522387138,19.0
3,3,618,165,36,19,634.1130820399113,172.47228381374723,451,48,9.6,53.11308203991132,,598.5277161862527,,598.5277161862527,,0.3000739098300075,0.9860423660399551,19.0
3,3,614,185,12,11,618.9479166666666,189.73958333333334,96,48,9.6,37.94791666666663,,581.2604166666666,,581.2604166666666,,0.21439500941619563,0.9575954146073585,19.0
3,3,638,325,21,18,647.2933884297521,333.08264462809916,242,48,9.6,66.2933884297521,,437.91735537190084,,437.91735537190084,,0.37453891768221526,0.7214453959998366,19.0
4,4,818,164,50,8,841.4601769911504,166.97050147492627,339,48,9.6,40.46017699115043,,604.0294985250737,,604.0294985250737,,0.23120101137800247,0.9951062578666782,16.0
4,4,874,165,42,13,896.406626506024,169.86144578313252,332,48,9.6,95.40662650602405,,601.1385542168675,,601.1385542168675,,0.545180722891566,0.9903435819058773,16.0
4,4,916,165,40,13,930.7752808988764,169.52059925093633,267,48,9.6,129.77528089887642,,601.4794007490636,,601.4794007490636,,0.7415730337078652,0.990905108318062,16.0
1,1,145,168,68,9,173.27953890489914,170.27665706051874,347,49,9.8,46.27953890489914,,610.7233429394812,,610.7233429394812,,0.234921517283752,0.9946634249828684,16.0
1,1,214,168,94,14,255.56045751633985,172.859477124183,612,49,9.8,128.56045751633985,,608.1405228758169,,608.1405228758169,,0.6525911549052784,0.9904568776479103,16.0
2,2,366,165,35,22,380.7377358490566,174.02264150943395,530,49,9.8,25.737735849056605,,604.9773584905661,,604.9773584905661,,0.13064840532516042,0.9837030219358798,19.0
2,2,399,165,38,14,417.82451253481895,170.32869080779943,359,49,9.8,62.82451253481895,,608.6713091922006,,608.6713091922006,,0.318906154999081,0.9897094458409766,19.0
2,2,493,165,43,10,514.8398692810458,169.5261437908497,306,49,9.8,159.83986928104582,,609.4738562091503,,609.4738562091503,,0.8113698948276438,0.9910144003400818,19.0
2,2,448,165,48,18,470.6461187214612,174.13013698630138,438,49,9.8,115.64611872146122,,604.8698630136986,,604.8698630136986,,0.5870361356419351,0.9835282325425994,19.0
3,3,590,165,28,20,601.8344988344988,173.1958041958042,429,49,9.8,20.834498834498845,,597.8041958041958,,597.8041958041958,,0.11770903296327032,0.9848504049492518,18.0
3,3,618,165,36,19,633.9868708971553,172.46608315098467,457,49,9.8,52.98687089715531,,598.5339168490153,,598.5339168490153,,0.2993608525263012,0.9860525812998605,18.0
3,3,660,165,41,14,681.7194444444444,172.03333333333333,360,49,9.8,100.71944444444443,,598.9666666666667,,598.9666666666667,,0.5690364092906465,0.9867655134541461,18.0
3,3,701,165,41,9,720.015444015444,168.27413127413126,259,49,9.8,139.01544401544402,,602.7258687258687,,602.7258687258687,,0.7853979887878193,0.9929585975714477,18.0
3,3,623,185,14,11,629.1610169491526,189.46610169491527,118,49,9.8,48.161016949152554,,581.5338983050847,,581.5338983050847,,0.27209614095566415,0.9580459609638957,18.0
3,3,651,315,22,19,661.3372093023256,323.59302325581393,258,49,9.8,80.33720930232562,,447.40697674418607,,447.40697674418607,,0.4538825384312182,0.7370790391172752,18.0
4,4,818,164,50,8,841.546783625731,166.96783625730995,342,49,9.8,40.546783625730995,,604.03216374269,,604.03216374269,,0.23169590643274854,0.9951106486700001,16.0
4,4,874,165,40,13,895.8780487804878,169.96341463414635,328,49,9.8,94.8780487804878,,601.0365853658536,,601.0365853658536,,0.5421602787456445,0.9901755936834491,16.0
4,4,914,165,41,13,928.8694029850747,169.50746268656715,268,49,9.8,127.86940298507466,,601.4925373134329,,601.4925373134329,,0.7306823027718552,0.9909267501045023,16.0
