physical_vial_index,assay_tube_index,bbox_x,bbox_y,bbox_w,bbox_h,center_x_px,center_y_px,area_px,frame_index,time_s,x_from_left_px,x_from_left_mm,y_from_base_px,y_from_base_mm,distance_from_base_px,distance_from_base_mm,relative_x,relative_height,threshold_used
1,1,171,734,26,19,182.99732620320856,743.2245989304813,374,0,0.0,52.99732620320856,5.1205146090056575,22.775401069518693,3.0417897922562527,22.775401069518693,3.0417897922562527,0.2560257304502829,0.038022372403203164,16.0
2,2,383,567,10,10,387.3132530120482,570.9518072289156,83,0,0.0,24.31325301204822,2.5728310065659494,192.04819277108436,26.26300072083205,192.04819277108436,26.26300072083205,0.12864155032829747,0.3282875090104006,20.0
2,2,402,614,13,26,408.01408450704224,626.6830985915493,284,0,0.0,45.01408450704224,4.763395185930396,136.3169014084507,18.64162754303599,136.3169014084507,18.64162754303599,0.2381697592965198,0.2330203442879499,20.0
2,2,384,685,12,13,389.609375,691.015625,128,0,0.0,26.609375,2.815806878306878,71.984375,9.844017094017094,71.984375,9.844017094017094,0.14079034391534392,0.12305021367521368,20.0
3,3,619,539,14,20,625.0539215686274,548.4411764705883,204,0,0.0,42.0539215686274,4.403551996714911,211.5588235294117,29.08025065696381,211.5588235294117,29.08025065696381,0.22017759983574556,0.36350313321204764,12.0
3,3,600,674,3,87,600.6818181818181,719.0505050505051,198,0,0.0,17.68181818181813,1.8514992860542545,40.94949494949492,5.628796556631604,40.94949494949492,5.628796556631604,0.09257496430271273,0.07035995695789506,12.0
4,4,823,412,10,29,826.8101265822785,426.0379746835443,237,0,0.0,20.810126582278485,2.2743307740195067,330.9620253164557,45.10555711297523,330.9620253164557,45.10555711297523,0.11371653870097533,0.5638194639121903,19.0
4,4,824,507,10,16,828.2357723577236,514.2113821138212,123,0,0.0,22.23577235772359,2.430139055488917,242.78861788617883,33.088738383124884,242.78861788617883,33.088738383124884,0.12150695277444584,0.413609229789061,19.0
4,4,949,547,15,18,955.4734042553191,554.9893617021277,188,0,0.0,149.4734042553191,16.33589117544471,202.01063829787233,27.531262459675958,202.01063829787233,27.531262459675958,0.8167945587722356,0.34414078074594945,19.0
4,4,846,594,12,16,851.7246376811594,601.3115942028985,138,0,0.0,45.72463768115938,4.997228161875342,155.6884057971015,21.218181369281293,155.6884057971015,21.218181369281293,0.2498614080937671,0.2652272671160162,19.0
4,4,887,601,21,20,896.39,610.2466666666667,300,0,0.0,90.38999999999999,9.878688524590162,146.75333333333333,20.00045428733674,146.75333333333333,20.00045428733674,0.4939344262295081,0.25000567859170925,19.0
4,4,969,717,5,11,971.4146341463414,721.219512195122,41,0,0.0,165.41463414634143,18.07810209249633,35.78048780487802,4.876386753646067,35.78048780487802,4.876386753646067,0.9039051046248165,0.060954834420575844,19.0
4,4,866,719,26,20,878.1953642384105,728.6456953642385,302,0,0.0,72.19536423841055,7.890203741902792,28.354304635761537,3.8643004614325775,28.354304635761537,3.8643004614325775,0.39451018709513963,0.04830375576790722,19.0
4,4,920,734,13,21,926.3548387096774,743.7004608294931,217,0,0.0,120.35483870967744,13.153534285210648,13.299539170506932,1.8125436688936194,13.299539170506932,1.8125436688936194,0.6576767142605324,0.022656795861170243,19.0
1,1,170,733,24,19,181.19883040935673,742.546783625731,342,1,0.2,51.19883040935673,4.946746899454757,23.453216374269005,3.1323160433080472,23.453216374269005,3.1323160433080472,0.24733734497273782,0.03915395054135059,17.0
2,2,383,567,10,10,387.2,570.975,80,1,0.2,24.19999999999999,2.5608465608465596,192.02499999999998,26.259829059829055,192.02499999999998,26.259829059829055,0.12804232804232799,0.3282478632478632,20.0
2,2,399,604,14,25,405.6145833333333,616.0694444444445,288,1,0.2,42.614583333333314,4.509479717813049,146.93055555555554,20.093067426400758,146.93055555555554,20.093067426400758,0.22547398589065246,0.25116334283000946,20.0
2,2,384,686,12,12,389.2903225806452,691.258064516129,124,1,0.2,26.29032258064518,2.7820447175285907,71.74193548387098,9.810862972153295,71.74193548387098,9.810862972153295,0.13910223587642953,0.1226357871519162,20.0
3,3,619,540,14,20,625.6359223300971,549.0728155339806,206,1,0.2,42.63592233009706,4.4644944848269175,210.9271844660194,28.99342741800954,210.9271844660194,28.99342741800954,0.22322472424134587,0.3624178427251193,12.0
3,3,600,674,2,17,600.4848484848485,681.7575757575758,33,1,0.2,17.4848484848485,1.8308741868951308,78.24242424242425,10.754972404456941,78.24242424242425,10.754972404456941,0.09154370934475654,0.13443715505571177,12.0
3,3,600,696,3,65,600.810975609756,727.7926829268292,164,1,0.2,17.810975609756042,1.8650236240582243,32.20731707317077,4.427122621741686,32.20731707317077,4.427122621741686,0.09325118120291122,0.05533903277177108,12.0
4,4,829,379,13,20,834.9947916666666,388.328125,192,1,0.2,28.99479166666663,3.1688296903460795,368.671875,50.24488926746167,368.671875,50.24488926746167,0.15844148451730397,0.6280611158432708,19.0
4,4,823,423,8,17,826.2869565217392,430.6347826086957,115,1,0.2,20.28695652173917,2.21715371822286,326.3652173913043,44.47907562402784,326.3652173913043,44.47907562402784,0.110857685911143,0.5559884453003481,19.0
4,4,827,490,9,16,831.0530973451328,496.929203539823,113,1,0.2,25.053097345132755,2.738043425697569,260.070796460177,35.44406084636143,260.070796460177,35.44406084636143,0.13690217128487844,0.4430507605795179,19.0
4,4,951,543,13,20,956.8571428571429,552.204081632653,196,1,0.2,150.8571428571429,16.487119437939114,204.79591836734699,27.91085769912736,204.79591836734699,27.91085769912736,0.8243559718969556,0.34888572123909195,19.0
4,4,849,568,10,17,853.2253521126761,575.9788732394366,142,1,0.2,47.22535211267609,5.161240668052032,181.02112676056345,24.670681670945616,181.02112676056345,24.670681670945616,0.2580620334026016,0.3083835208868202,19.0
4,4,898,588,20,22,907.0,598.2785234899329,298,1,0.2,101.0,11.03825136612022,158.72147651006708,21.631547054182906,158.72147651006708,21.631547054182906,0.5519125683060109,0.2703943381772863,19.0
4,4,858,709,23,21,868.8148148148148,719.070707070707,297,1,0.2,62.81481481481478,6.865007083586315,37.929292929292956,5.1692392407895,37.929292929292956,5.1692392407895,0.34325035417931576,0.06461549050986876,19.0
4,4,920,714,14,21,926.16,723.9733333333334,225,1,0.2,120.15999999999997,13.132240437158467,33.02666666666664,4.501078932424756,33.02666666666664,4.501078932424756,0.6566120218579233,0.05626348665530944,19.0
4,4,969,717,5,10,971.3589743589744,720.8717948717949,39,1,0.2,165.35897435897436,18.072019055625614,36.12820512820508,4.9237758266719025,36.12820512820508,4.9237758266719025,0.9036009527812807,0.06154719783339878,19.0
1,1,170,734,25,18,181.44615384615383,742.5230769230769,325,2,0.4,51.446153846153834,4.970642883686361,23.47692307692307,3.13548221394632,23.47692307692307,3.13548221394632,0.24853214418431804,0.039193527674329,17.0
2,2,383,567,10,10,387.1794871794872,571.1666666666667,78,2,0.4,24.179487179487182,2.5586758920092256,191.83333333333326,26.233618233618223,191.83333333333326,26.233618233618223,0.12793379460046128,0.3279202279202278,20.0
2,2,398,595,15,26,405.3554006968641,607.1602787456445,287,2,0.4,42.35540069686408,4.482052983795141,155.83972125435548,21.311414872390493,155.83972125435548,21.311414872390493,0.22410264918975703,0.2663926859048812,20.0
2,2,384,685,12,13,389.5390625,690.7890625,128,2,0.4,26.5390625,2.8083664021164023,72.2109375,9.875,72.2109375,9.875,0.14041832010582012,0.1234375,20.0
3,3,619,540,14,20,625.4029126213592,549.4805825242718,206,2,0.4,42.40291262135918,4.440095562445987,210.51941747572823,28.937376972608693,210.51941747572823,28.937376972608693,0.22200477812229935,0.36171721215760866,12.0
3,3,600,665,2,28,600.4909090909091,678.2545454545455,55,2,0.4,17.4909090909091,1.8315088053307957,81.74545454545455,11.23648859731334,81.74545454545455,11.23648859731334,0.09157544026653978,0.14045610746641676,12.0
3,3,600,695,3,66,600.8620689655172,727.4770114942529,174,2,0.4,17.86206896551721,1.8703737136667236,32.522988505747094,4.47051388395149,32.522988505747094,4.47051388395149,0.09351868568333618,0.055881423549393634,12.0
4,4,841,347,13,21,846.8556701030927,356.70103092783506,194,2,0.4,40.855670103092734,4.465100557715053,400.29896907216494,54.55522576792708,400.29896907216494,54.55522576792708,0.22325502788575263,0.6819403220990885,20.0
4,4,865,359,13,18,870.9717514124294,367.728813559322,177,2,0.4,64.9717514124294,7.100737859281901,389.271186440678,53.05229116738371,389.271186440678,53.05229116738371,0.3550368929640951,0.6631536395922963,20.0
4,4,831,473,10,16,835.5603448275862,479.9310344827586,116,2,0.4,29.560344827586164,3.2306387789711652,277.0689655172414,37.76067673148094,277.0689655172414,37.76067673148094,0.16153193894855827,0.47200845914351175,20.0
4,4,951,532,11,20,955.934065934066,541.065934065934,182,2,0.4,149.93406593406598,16.38623671410557,215.93406593406598,29.428833517419555,215.93406593406598,29.428833517419555,0.8193118357052785,0.36786041896774446,20.0
4,4,853,539,10,17,856.9705882352941,546.9632352941176,136,2,0.4,50.970588235294144,5.570556091288977,210.03676470588243,28.62511273674718,210.03676470588243,28.62511273674718,0.27852780456444887,0.35781390920933975,20.0
4,4,904,575,21,21,913.606779661017,584.8881355932203,295,2,0.4,107.60677966101696,11.760303788089285,172.11186440677966,23.456472150838795,172.11186440677966,23.456472150838795,0.5880151894044643,0.29320590188548495,20.0
4,4,920,695,16,20,927.1397379912664,704.4366812227074,229,2,0.4,121.13973799126643,13.239315627460812,52.56331877729258,7.163655029273265,52.56331877729258,7.163655029273265,0.6619657813730406,0.08954568786591581,20.0
4,4,849,709,23,19,859.8205128205128,718.1941391941392,273,2,0.4,53.82051282051282,5.882023259072439,38.80586080586079,5.288703346624979,38.80586080586079,5.288703346624979,0.29410116295362193,0.06610879183281225,20.0
4,4,970,716,4,11,971.6486486486486,720.6756756756756,37,2,0.4,165.64864864864865,18.10367744793974,36.32432432432438,4.950504166858519,36.32432432432438,4.950504166858519,0.9051838723969872,0.061881302085731484,20.0
1,1,168,732,24,18,179.18266253869967,741.1052631578947,323,3,0.6,49.182662538699674,4.751948071371949,24.894736842105317,3.324839645022413,24.894736842105317,3.324839645022413,0.23759740356859746,0.04156049556278016,17.0
2,2,383,567,10,10,387.2278481012658,571.0126582278481,79,3,0.6,24.227848101265806,2.5637934498693973,191.98734177215192,26.254679216704535,191.98734177215192,26.254679216704535,0.12818967249346988,0.3281834902088067,20.0
2,2,399,592,14,25,405.95744680851067,603.7553191489362,282,3,0.6,42.95744680851067,4.5457615670381655,159.24468085106378,21.777050372795046,159.24468085106378,21.777050372795046,0.22728807835190828,0.2722131296599381,20.0
2,2,384,685,12,13,389.48854961832063,690.8091603053435,131,3,0.6,26.488549618320633,2.803021123631813,72.19083969465646,9.872251582175242,72.19083969465646,9.872251582175242,0.14015105618159066,0.12340314477719053,20.0
3,3,619,540,14,20,625.2857142857143,549.2714285714285,210,3,0.6,42.285714285714334,4.4278234854151135,210.7285714285715,28.966126656848317,210.7285714285715,28.966126656848317,0.22139117427075566,0.362076583210604,12.0
3,3,600,671,2,22,600.4883720930233,681.2558139534883,43,3,0.6,17.48837209302326,1.8312431511019118,78.74418604651169,10.823943099176864,78.74418604651169,10.823943099176864,0.0915621575550956,0.1352992887397108,12.0
3,3,600,695,3,66,600.8554913294797,727.456647398844,173,3,0.6,17.85549132947972,1.8696849559664628,32.543352601156016,4.473313072323851,32.543352601156016,4.473313072323851,0.09348424779832314,0.05591641340404814,12.0
4,4,846,322,13,21,851.8029556650247,331.53694581280786,203,3,0.6,45.80295566502468,5.0057875043742825,425.46305418719214,57.984743330452076,425.46305418719214,57.984743330452076,0.25028937521871414,0.724809291630651,19.0
4,4,880,346,13,22,885.5480769230769,356.0432692307692,208,3,0.6,79.5480769230769,8.69377889869693,400.9567307692308,54.64486961079806,400.9567307692308,54.64486961079806,0.4346889449348465,0.6830608701349757,19.0
4,4,835,465,10,16,838.9310344827586,471.73275862068965,116,3,0.6,32.931034482758605,3.5990201620501208,285.26724137931035,38.877988603653876,285.26724137931035,38.877988603653876,0.17995100810250603,0.4859748575456735,19.0
4,4,855,508,9,17,858.780303030303,515.9242424242425,132,3,0.6,52.780303030303,5.768339128994864,241.0757575757575,32.85529915853595,241.0757575757575,32.85529915853595,0.2884169564497432,0.41069123948169933,19.0
4,4,954,521,11,21,958.7263157894737,530.5473684210526,190,3,0.6,152.7263157894737,16.691400632729366,226.45263157894738,30.862368869362506,226.45263157894738,30.862368869362506,0.8345700316364683,0.38577961086703133,19.0
4,4,916,563,20,21,925.1317567567568,572.7736486486486,296,3,0.6,119.13175675675677,13.019864126421504,184.22635135135135,25.107509553846864,184.22635135135135,25.107509553846864,0.6509932063210753,0.3138438694230858,19.0
4,4,921,681,17,21,928.9469387755103,691.0,245,3,0.6,122.94693877551026,13.436823909891832,66.0,8.99488926746167,66.0,8.99488926746167,0.6718411954945916,0.11243611584327087,19.0
4,4,833,707,23,19,843.5984251968504,716.0866141732283,254,3,0.6,37.59842519685037,4.1091175078525,40.91338582677167,5.575929925284044,40.91338582677167,5.575929925284044,0.20545587539262497,0.06969912406605056,19.0
4,4,966,721,8,13,970.0740740740741,725.9382716049382,81,3,0.6,164.07407407407413,17.93159279498078,31.061728395061778,4.233284960144705,31.061728395061778,4.233284960144705,0.896579639749039,0.052916062001808824,19.0
1,1,168,733,24,18,178.84076433121018,741.4585987261147,314,4,0.8,48.84076433121018,4.718914428136249,24.5414012738853,3.277649585827753,24.5414012738853,3.277649585827753,0.23594572140681247,0.04097061982284691,17.0
2,2,382,567,11,10,386.8481012658228,570.8987341772151,79,4,0.8,23.848101265822777,2.523608599557966,192.10126582278485,26.270258574056047,192.10126582278485,26.270258574056047,0.1261804299778983,0.3283782321757006,20.0
2,2,400,588,15,25,407.34375,599.6388888888889,288,4,0.8,44.34375,4.692460317460317,163.3611111111111,22.33998100664767,163.3611111111111,22.33998100664767,0.23462301587301587,0.27924976258309586,20.0
2,2,384,685,12,13,389.4769230769231,690.876923076923,130,4,0.8,26.47692307692307,2.8017908017908013,72.12307692307695,9.862984878369497,72.12307692307695,9.862984878369497,0.14008954008954005,0.12328731097961872,20.0
3,3,619,540,14,20,625.3658536585366,549.219512195122,205,4,0.8,42.365853658536594,4.436215042778701,210.78048780487802,28.97326292850557,210.78048780487802,28.97326292850557,0.22181075213893506,0.36216578660631965,12.0
3,3,600,668,3,93,600.7816593886463,716.5021834061135,229,4,0.8,17.78165938864629,1.8619538626854755,43.497816593886455,5.979081318747279,43.497816593886455,5.979081318747279,0.09309769313427377,0.07473851648434099,12.0
4,4,850,291,12,22,855.4320388349514,300.9126213592233,206,4,0.8,49.43203883495141,5.402408615841685,456.0873786407767,62.15841616910074,456.0873786407767,62.15841616910074,0.2701204307920842,0.7769802021137593,20.0
4,4,886,329,12,21,891.3118811881188,339.13861386138615,202,4,0.8,85.31188118811883,9.32370286208949,417.86138613861385,56.94874087067991,417.86138613861385,56.94874087067991,0.4661851431044745,0.7118592608834989,20.0
4,4,839,444,9,16,842.9107142857143,451.14285714285717,112,4,0.8,36.910714285714334,4.03395784543326,305.85714285714283,41.684108055487954,305.85714285714283,41.684108055487954,0.20169789227166304,0.5210513506935994,20.0
4,4,859,484,10,17,863.2615384615385,491.6307692307692,130,4,0.8,57.26153846153852,6.258091635140822,265.3692307692308,36.166164329707776,265.3692307692308,36.166164329707776,0.3129045817570411,0.4520770541213472,20.0
4,4,956,514,12,19,961.4655172413793,522.2241379310344,174,4,0.8,155.4655172413793,16.990766911626153,234.77586206896558,31.996710333078784,234.77586206896558,31.996710333078784,0.8495383455813077,0.3999588791634848,20.0
4,4,924,552,20,21,933.1760563380282,561.7042253521126,284,4,0.8,127.17605633802816,13.89902255060417,195.29577464788736,26.6161192024378,195.29577464788736,26.6161192024378,0.6949511275302085,0.3327014900304725,20.0
4,4,927,668,16,20,934.1446808510639,677.3489361702127,235,4,0.8,128.14468085106387,14.004883153121733,79.65106382978729,10.855340896734214,79.65106382978729,10.855340896734214,0.7002441576560867,0.13569176120917767,20.0
4,4,831,706,20,18,840.231441048035,714.7336244541485,229,4,0.8,34.23144104803498,3.7411410981458997,42.266375545851474,5.760323754119451,42.266375545851474,5.760323754119451,0.187057054907295,0.07200404692649315,20.0
4,4,960,715,14,18,966.661111111111,723.1,180,4,0.8,160.66111111111104,17.5585913782635,33.89999999999998,4.620102214650763,33.89999999999998,4.620102214650763,0.8779295689131751,0.057751277683134546,20.0
1,1,167,733,25,17,178.484375,741.190625,320,5,1.0,48.484375,4.684480676328502,24.809375000000045,3.31343906510852,24.809375000000045,3.31343906510852,0.23422403381642512,0.041417988313856506,17.0
2,2,382,567,11,10,386.7261904761905,571.1547619047619,84,5,1.0,23.72619047619048,2.510707986898464,191.84523809523807,26.235246235246233,191.84523809523807,26.235246235246233,0.1255353993449232,0.3279405779405779,19.0
2,2,402,579,14,26,408.8839590443686,591.1467576791808,293,5,1.0,45.88395904436862,4.855445401520489,171.85324232081916,23.50129809515476,171.85324232081916,23.50129809515476,0.24277227007602445,0.2937662261894345,19.0
2,2,384,685,13,13,389.90977443609023,690.6165413533835,133,5,1.0,26.90977443609023,2.847595178422247,72.38345864661653,9.89859263543474,72.38345864661653,9.89859263543474,0.14237975892111232,0.12373240794293425,19.0
2,2,521,758,13,6,526.4,761.0545454545454,55,5,1.0,163.39999999999998,17.291005291005288,1.945454545454595,0.26604506604507283,1.945454545454595,0.26604506604507283,0.8645502645502644,0.0033255633255634106,19.0
3,3,619,540,14,20,625.3207547169811,549.377358490566,212,5,1.0,42.32075471698113,4.431492640521584,210.62264150943395,28.951565843221157,210.62264150943395,28.951565843221157,0.22157463202607922,0.3618945730402645,12.0
3,3,600,668,3,93,600.7763157894736,716.5482456140351,228,5,1.0,17.776315789473642,1.8613943235050934,43.45175438596493,5.972749743775249,43.45175438596493,5.972749743775249,0.09306971617525467,0.07465937179719061,12.0
4,4,859,252,12,22,864.3834951456311,261.86407766990294,206,5,1.0,58.38349514563106,6.380709851981536,495.13592233009706,67.48019384396552,495.13592233009706,67.48019384396552,0.3190354925990768,0.8435024230495691,20.0
4,4,891,320,12,22,896.6067961165048,329.81067961165047,206,5,1.0,90.60679611650482,9.9023820892355,427.18932038834953,58.22000959296076,427.18932038834953,58.22000959296076,0.495119104461775,0.7277501199120094,20.0
4,4,840,418,9,15,844.0265486725664,424.6283185840708,113,5,1.0,38.02654867256638,4.155906958750424,332.3716814159292,45.29767378752016,332.3716814159292,45.29767378752016,0.2077953479375212,0.566220922344002,20.0
4,4,865,455,10,17,869.3984962406015,463.0827067669173,133,5,1.0,63.3984962406015,6.928797403344427,293.9172932330827,40.05687130944909,293.9172932330827,40.05687130944909,0.34643987016722133,0.5007108913681136,20.0
4,4,959,504,12,19,963.9644970414201,512.2662721893491,169,5,1.0,157.96449704142015,17.263879458078705,244.73372781065086,33.35383002530165,244.73372781065086,33.35383002530165,0.8631939729039352,0.41692287531627065,20.0
4,4,933,538,16,23,940.1176470588235,548.3308823529412,272,5,1.0,134.11764705882354,14.657666345226616,208.66911764705878,28.438721314760993,208.66911764705878,28.438721314760993,0.7328833172613308,0.3554840164345124,20.0
4,4,936,649,18,17,944.0135746606335,657.0904977375566,221,5,1.0,138.01357466063348,15.083450782582894,99.90950226244343,13.616286509361966,99.90950226244343,13.616286509361966,0.7541725391291447,0.17020358136702457,20.0
4,4,823,700,16,17,830.2333333333333,708.2722222222222,180,5,1.0,24.23333333333335,2.648451730418945,48.72777777777776,6.640923717584704,48.72777777777776,6.640923717584704,0.13242258652094727,0.0830115464698088,20.0
4,4,946,703,17,17,953.3426966292135,710.8988764044943,178,5,1.0,147.3426966292135,16.103026954012403,46.10112359550567,6.282946997683907,46.10112359550567,6.282946997683907,0.8051513477006201,0.07853683747104884,20.0
1,1,168,733,24,17,178.4271844660194,741.1197411003236,309,6,1.2,48.42718446601941,4.678955020871441,24.88025889967639,3.322906030006864,24.88025889967639,3.322906030006864,0.23394775104357204,0.041536325375085795,17.0
2,2,382,567,11,10,386.9156626506024,571.0602409638554,83,6,1.2,23.915662650602428,2.5307579524447013,191.93975903614455,26.248172175883017,191.93975903614455,26.248172175883017,0.12653789762223508,0.32810215219853767,19.0
2,2,405,572,14,26,411.9537366548043,584.1032028469751,281,6,1.2,48.95373665480429,5.180289593100983,178.89679715302486,24.464519268789726,178.89679715302486,24.464519268789726,0.25901447965504915,0.30580649085987155,19.0
2,2,385,685,12,13,390.39230769230767,690.723076923077,130,6,1.2,27.392307692307668,2.898656898656896,72.27692307692303,9.884023668639045,72.27692307692303,9.884023668639045,0.1449328449328448,0.12355029585798807,19.0
2,2,516,748,15,16,522.7777777777778,756.2539682539683,189,6,1.2,159.77777777777783,16.907701352145803,6.74603174603169,0.9225342558675815,6.74603174603169,0.9225342558675815,0.84538506760729,0.01153167819834477,19.0
3,3,619,540,14,20,625.4195121951219,549.2926829268292,205,6,1.2,42.41951219512191,4.441833737709101,210.70731707317077,28.96320509596849,210.70731707317077,28.96320509596849,0.22209168688545503,0.3620400636996061,12.0
3,3,600,668,3,93,600.76,716.5866666666667,225,6,1.2,17.75999999999999,1.8596858638743445,43.4133333333333,5.967468499427257,43.4133333333333,5.967468499427257,0.09298429319371723,0.07459335624284072,12.0
4,4,869,216,13,23,875.2582159624413,226.84037558685446,213,6,1.2,69.25821596244134,7.569203930321458,530.1596244131456,72.25344114659565,530.1596244131456,72.25344114659565,0.3784601965160729,0.9031680143324456,19.0
4,4,914,302,16,19,921.1538461538462,310.7641025641026,195,6,1.2,115.15384615384619,12.585119798234556,446.2358974358974,60.815795221246674,446.2358974358974,60.815795221246674,0.6292559899117278,0.7601974402655833,19.0
4,4,836,393,9,16,840.0504201680673,400.34453781512605,119,6,1.2,34.05042016806726,3.7213573954171872,356.65546218487395,48.60721801497431,356.65546218487395,48.60721801497431,0.18606786977085935,0.6075902251871788,19.0
4,4,871,428,11,17,875.7481481481482,435.8296296296296,135,6,1.2,69.74814814814818,7.622748431491604,321.1703703703704,43.771089658653544,321.1703703703704,43.771089658653544,0.3811374215745802,0.5471386207331693,19.0
4,4,962,498,12,16,967.2847682119206,504.86092715231786,151,6,1.2,161.28476821192055,17.626750624253614,252.13907284768214,34.36307636765685,252.13907284768214,34.36307636765685,0.8813375312126805,0.42953845459571066,19.0
4,4,937,526,17,24,945.0848056537102,537.356890459364,283,6,1.2,139.0848056537102,15.200525208055758,219.64310954063603,29.934324979984467,219.64310954063603,29.934324979984467,0.760026260402788,0.37417906224980585,19.0
4,4,946,639,21,16,955.8340425531915,646.3446808510639,235,6,1.2,149.83404255319147,16.375305197070105,110.65531914893609,15.08079306970168,110.65531914893609,15.08079306970168,0.8187652598535052,0.18850991337127102,19.0
4,4,823,695,12,17,827.5177304964539,703.3120567375887,141,6,1.2,21.51773049645385,2.3516645351315684,53.687943262411295,7.316925827926582,53.687943262411295,7.316925827926582,0.11758322675657842,0.09146157284908227,19.0
4,4,925,694,20,18,934.243119266055,702.7247706422019,218,6,1.2,128.24311926605503,14.01564144984208,54.27522935779814,7.396964818779985,54.27522935779814,7.396964818779985,0.700782072492104,0.09246206023474982,19.0
1,1,167,733,25,17,178.2051282051282,741.0544871794872,312,7,1.4,48.205128205128204,4.657500309674223,24.945512820512818,3.331621077864817,24.945512820512818,3.331621077864817,0.23287501548371115,0.04164526347331021,17.0
2,2,407,565,14,25,413.37410071942446,577.18345323741,278,7,1.4,50.37410071942446,5.330592668722165,185.81654676258995,25.410809813687514,185.81654676258995,25.410809813687514,0.26652963343610825,0.31763512267109395,20.0
2,2,383,567,10,9,386.94666666666666,570.9200000000001,75,7,1.4,23.94666666666666,2.5340388007054666,192.07999999999993,26.26735042735042,192.07999999999993,26.26735042735042,0.12670194003527332,0.3283418803418802,20.0
2,2,385,685,12,13,390.312,690.624,125,7,1.4,27.312000000000012,2.8901587301587313,72.37599999999998,9.897572649572647,72.37599999999998,9.897572649572647,0.14450793650793656,0.12371965811965809,20.0
2,2,511,732,14,20,517.1400966183575,741.4106280193237,207,7,1.4,154.14009661835746,16.31112133527592,21.589371980676333,2.9523927494941993,21.589371980676333,2.9523927494941993,0.8155560667637961,0.03690490936867749,20.0
3,3,619,540,14,20,625.3910891089109,549.3762376237623,202,7,1.4,42.39108910891093,4.438857498315281,210.62376237623766,28.951719914259474,210.62376237623766,28.951719914259474,0.22194287491576403,0.3618964989282434,12.0
3,3,600,669,3,92,600.7397260273973,716.6073059360731,219,7,1.4,17.739726027397296,1.8575629348059997,43.39269406392691,5.964631486450434,43.39269406392691,5.964631486450434,0.09287814674029998,0.07455789358063043,12.0
4,4,879,191,17,21,886.4593301435407,200.66985645933013,209,7,1.4,80.45933014354068,8.79336941459461,556.3301435406698,75.82012177726335,556.3301435406698,75.82012177726335,0.43966847072973053,0.9477515222157918,20.0
4,4,938,284,16,18,945.0282485875706,291.8135593220339,177,7,1.4,139.0282485875706,15.194344107931213,465.1864406779661,63.398492767014126,465.1864406779661,63.398492767014126,0.7597172053965606,0.7924811595876765,20.0
4,4,832,372,9,15,835.7864077669902,378.53398058252424,103,7,1.4,29.786407766990237,3.255345111146474,378.46601941747576,51.5796960023817,378.46601941747576,51.5796960023817,0.1627672555573237,0.6447462000297713,20.0
4,4,877,409,10,16,881.2983870967741,416.4112903225806,124,7,1.4,75.29838709677415,8.229331923144716,340.5887096774194,46.417541352970275,340.5887096774194,46.417541352970275,0.4114665961572358,0.5802192669121284,20.0
4,4,962,498,12,15,967.1830985915493,504.6056338028169,142,7,1.4,161.1830985915493,17.61563919033326,252.3943661971831,34.39786932840655,252.3943661971831,34.39786932840655,0.8807819595166629,0.42997336660508195,20.0
4,4,942,513,17,23,949.5,523.6058394160584,274,7,1.4,143.5,15.683060109289617,233.39416058394158,31.808403486738207,233.39416058394158,31.808403486738207,0.7841530054644809,0.39760504358422755,20.0
4,4,956,629,18,16,964.69,636.37,200,7,1.4,158.69000000000005,17.34316939890711,120.63,16.440204429301534,120.63,16.440204429301534,0.8671584699453555,0.20550255536626916,20.0
4,4,907,685,22,18,917.4549180327868,693.1844262295082,244,7,1.4,111.45491803278685,12.180865358774518,63.815573770491824,8.697182115228868,63.815573770491824,8.697182115228868,0.609043267938726,0.10871477644036086,20.0
4,4,823,692,8,14,825.7647058823529,698.5411764705882,85,7,1.4,19.764705882352928,2.160077145612342,58.4588235294118,7.967130975047605,58.4588235294118,7.967130975047605,0.1080038572806171,0.09958913718809506,20.0
1,1,167,733,24,17,178.06514657980455,741.042345276873,307,8,1.6,48.06514657980455,4.643975514956961,24.957654723127007,3.333242700918465,24.957654723127007,3.333242700918465,0.23219877574784806,0.041665533761480814,17.0
2,2,409,555,14,25,415.8819188191882,567.0479704797049,271,8,1.6,52.88191881918817,5.595970245416738,195.95202952029513,26.796858737818138,195.95202952029513,26.796858737818138,0.2797985122708369,0.3349607342227267,21.0
2,2,382,567,11,9,387.0657894736842,570.9736842105262,76,8,1.6,24.06578947368422,2.546644388749653,192.02631578947376,26.260008996851113,192.02631578947376,26.260008996851113,0.12733221943748263,0.3282501124606389,21.0
2,2,385,685,12,13,390.3306451612903,690.6693548387096,124,8,1.6,27.330645161290306,2.892131763099503,72.33064516129036,9.891370278467058,72.33064516129036,9.891370278467058,0.14460658815497515,0.12364212848083822,21.0
2,2,508,712,15,22,514.4061135371179,722.3275109170306,229,8,1.6,151.4061135371179,16.021810956308773,40.67248908296938,5.562049789124018,40.67248908296938,5.562049789124018,0.8010905478154386,0.06952562236405022,21.0
3,3,618,540,14,20,624.7365853658537,548.9170731707318,205,8,1.6,41.73658536585367,4.3703230749585,211.08292682926822,29.014835302992196,211.08292682926822,29.014835302992196,0.218516153747925,0.36268544128740243,12.0
3,3,600,669,2,6,600.4545454545455,671.2727272727273,11,8,1.6,17.454545454545496,1.8277010947168058,88.72727272727275,12.196188691034054,88.72727272727275,12.196188691034054,0.0913850547358403,0.1524523586379257,12.0
3,3,600,677,3,84,600.770731707317,721.209756097561,205,8,1.6,17.770731707317054,1.8608096028604246,38.79024390243899,5.33199228899505,38.79024390243899,5.33199228899505,0.09304048014302123,0.06664990361243812,12.0
4,4,892,175,17,21,899.3731343283582,184.16417910447763,201,8,1.6,93.37313432835822,10.2047141342468,572.8358208955224,78.06961783925348,572.8358208955224,78.06961783925348,0.51023570671234,0.9758702229906684,22.0
4,4,958,257,13,17,963.8300653594771,264.6078431372549,153,8,1.6,157.8300653594771,17.249187470981102,492.3921568627451,67.10625647192438,492.3921568627451,67.10625647192438,0.8624593735490551,0.8388282058990546,22.0
4,4,826,342,9,15,829.5979381443299,348.7319587628866,97,8,1.6,23.597938144329873,2.5790096332600956,408.2680412371134,55.64130033895923,408.2680412371134,55.64130033895923,0.12895048166300477,0.6955162542369904,22.0
4,4,890,381,10,17,894.6115702479339,388.5454545454545,121,8,1.6,88.61157024793386,9.68432461726053,368.4545454545455,50.215270249341806,368.4545454545455,50.215270249341806,0.4842162308630265,0.6276908781167726,22.0
4,4,945,494,23,24,955.5765306122449,505.3698979591837,392,8,1.6,149.57653061224494,16.347161815545896,251.63010204081633,34.29371066995793,251.63010204081633,34.29371066995793,0.8173580907772947,0.42867138337447414,22.0
4,4,966,619,8,14,970.0,625.9775280898876,89,8,1.6,164.0,17.92349726775956,131.02247191011236,17.856554945160116,131.02247191011236,17.856554945160116,0.8961748633879781,0.22320693681450146,22.0
4,4,881,670,20,18,890.6531531531532,677.8783783783783,222,8,1.6,84.6531531531532,9.251710727120567,79.12162162162167,10.783185229522545,79.12162162162167,10.783185229522545,0.4625855363560284,0.1347898153690318,22.0
4,4,823,696,10,15,826.9727272727273,702.5636363636364,110,8,1.6,20.972727272727298,2.292101341281672,54.43636363636358,7.418925197460113,54.43636363636358,7.418925197460113,0.11460506706408359,0.09273656496825142,22.0
1,1,167,733,25,17,178.50310559006212,741.1614906832298,322,9,1.8,48.50310559006212,4.686290395175084,24.838509316770228,3.3173301257789953,24.838509316770228,3.3173301257789953,0.2343145197587542,0.041466626572237444,17.0
2,2,410,547,14,25,416.2425373134328,559.1791044776119,268,9,1.8,53.24253731343282,5.634130932638394,203.82089552238813,27.8729429774206,203.82089552238813,27.8729429774206,0.2817065466319197,0.3484117872177575,21.0
2,2,382,567,11,9,386.68055555555554,570.8333333333333,72,9,1.8,23.680555555555543,2.505878894767782,192.16666666666674,26.27920227920229,192.16666666666674,26.27920227920229,0.12529394473838912,0.3284900284900286,21.0
2,2,385,685,12,13,390.3577235772358,690.7073170731708,123,9,1.8,27.357723577235788,2.894997203940295,72.29268292682923,9.886178861788613,72.29268292682923,9.886178861788613,0.14474986019701475,0.12357723577235766,21.0
2,2,508,700,15,22,514.6359832635983,710.3933054393306,239,9,1.8,151.6359832635983,16.046135795089768,52.60669456066944,7.194077888638556,52.60669456066944,7.194077888638556,0.8023067897544883,0.08992597360798195,21.0
3,3,618,540,14,21,624.2912621359224,549.3252427184466,206,9,1.8,41.29126213592235,4.323692370253649,210.6747572815534,28.958729523237583,210.6747572815534,28.958729523237583,0.21618461851268247,0.3619841190404698,12.0
3,3,600,669,2,6,600.4545454545455,671.2727272727273,11,9,1.8,17.454545454545496,1.8277010947168058,88.72727272727275,12.196188691034054,88.72727272727275,12.196188691034054,0.0913850547358403,0.1524523586379257,12.0
3,3,600,677,3,84,600.7826086956521,720.3091787439613,207,9,1.8,17.78260869565213,1.8620532665604324,39.6908212560387,5.455782990520784,39.6908212560387,5.455782990520784,0.09310266332802163,0.0681972873815098,12.0
4,4,895,170,15,15,900.8851351351351,176.01351351351352,148,9,1.8,94.8851351351351,10.369960124058482,580.9864864864865,79.1804410884479,580.9864864864865,79.1804410884479,0.5184980062029241,0.9897555136055988,21.0
4,4,968,232,6,16,970.7901234567901,239.93827160493828,81,9,1.8,164.79012345679007,18.009849558119132,517.0617283950617,70.46837865690789,517.0617283950617,70.46837865690789,0.9004924779059567,0.8808547332113487,21.0
4,4,823,317,6,13,825.078125,323.078125,64,9,1.8,19.078125,2.0850409836065573,433.921875,59.13756388415673,433.921875,59.13756388415673,0.10425204918032786,0.7392195485519591,21.0
4,4,899,356,11,17,903.4885496183206,363.54961832061065,131,9,1.8,97.48854961832058,10.654486297084215,393.45038167938935,53.62185780979753,393.45038167938935,53.62185780979753,0.5327243148542108,0.6702732226224691,21.0
4,4,947,479,15,28,954.0185758513932,491.79256965944273,323,9,1.8,148.01857585139317,16.176893535671383,265.20743034055727,36.14411316396011,265.20743034055727,36.14411316396011,0.8088446767835692,0.4518014145495013,21.0
4,4,858,657,20,18,867.5981735159818,665.0639269406392,219,9,1.8,61.598173515981784,6.732040821418774,91.93607305936075,12.529618134154788,91.93607305936075,12.529618134154788,0.3366020410709387,0.15662022667693484,21.0
4,4,824,691,11,16,828.6875,698.1953125,128,9,1.8,22.6875,2.4795081967213113,58.8046875,8.014267461669506,58.8046875,8.014267461669506,0.12397540983606557,0.10017834327086883,21.0
1,1,167,733,25,17,178.4069400630915,741.2586750788644,317,10,2.0,48.4069400630915,4.676999039912222,24.74132492113563,3.3043505737743746,24.74132492113563,3.3043505737743746,0.2338499519956111,0.04130438217217968,17.0
2,2,410,538,14,25,416.1760299625468,549.7153558052435,267,10,2.0,53.17602996254681,5.627093117729821,213.28464419475654,29.167130830052177,213.28464419475654,29.167130830052177,0.28135465588649106,0.3645891353756522,21.0
2,2,383,567,10,9,386.9428571428571,570.9714285714285,70,10,2.0,23.94285714285712,2.533635676492817,192.02857142857147,26.260317460317466,192.02857142857147,26.260317460317466,0.12668178382464085,0.3282539682539683,21.0
2,2,385,685,12,13,390.2314049586777,690.8512396694215,121,10,2.0,27.231404958677672,2.8816301543574254,72.14876033057851,9.866497139224412,72.14876033057851,9.866497139224412,0.1440815077178713,0.12333121424030515,21.0
2,2,508,687,14,23,514.2991452991453,697.6880341880342,234,10,2.0,151.29914529914527,16.01049156604712,65.31196581196582,8.93155088026883,65.31196581196582,8.93155088026883,0.8005245783023559,0.11164438600336038,21.0
3,3,618,540,14,20,624.2878048780487,549.2585365853658,205,10,2.0,41.287804878048746,4.3233303537223815,210.74146341463415,28.96789875115246,210.74146341463415,28.96789875115246,0.21616651768611908,0.36209873438940576,12.0
3,3,600,669,2,6,600.4545454545455,671.2727272727273,11,10,2.0,17.454545454545496,1.8277010947168058,88.72727272727275,12.196188691034054,88.72727272727275,12.196188691034054,0.0913850547358403,0.1524523586379257,12.0
3,3,600,677,3,84,600.7208121827412,720.4111675126903,197,10,2.0,17.720812182741156,1.8555824275121628,39.58883248730967,5.441763915781398,39.58883248730967,5.441763915781398,0.09277912137560815,0.06802204894726747,12.0
4,4,971,207,3,9,972.1363636363636,210.8181818181818,22,10,2.0,166.13636363636363,18.15697963238947,546.1818181818182,74.43704506736874,546.1818181818182,74.43704506736874,0.9078489816194734,0.9304630633421095,20.0
4,4,907,330,12,17,912.5109489051094,337.4963503649635,137,10,2.0,106.51094890510944,11.640540863946388,419.5036496350365,57.17255872368471,419.5036496350365,57.17255872368471,0.5820270431973193,0.7146569840460587,20.0
4,4,941,459,20,39,950.6666666666666,477.0912951167728,471,10,2.0,144.66666666666663,15.810564663023674,279.9087048832272,38.14769402156418,279.9087048832272,38.14769402156418,0.7905282331511838,0.47684617526955225,20.0
4,4,846,646,17,19,854.0372093023256,654.9348837209302,215,10,2.0,48.03720930232555,5.249968229762355,102.0651162790698,13.910066954558065,102.0651162790698,13.910066954558065,0.26249841148811776,0.1738758369319758,20.0
4,4,827,683,12,18,831.8841463414634,691.0853658536586,164,10,2.0,25.884146341463406,2.8288684526189516,65.91463414634143,8.98325507956953,65.91463414634143,8.98325507956953,0.14144342263094759,0.11229068849461912,20.0
1,1,167,733,25,17,178.37974683544303,741.2594936708861,316,11,2.2,48.37974683544303,4.674371674922032,24.74050632911394,3.3042412459584565,24.74050632911394,3.3042412459584565,0.2337185837461016,0.041303015574480705,17.0
2,2,408,529,14,25,414.4580152671756,540.4923664122138,262,11,2.2,51.4580152671756,5.445292620865143,222.50763358778624,30.42839433679128,222.50763358778624,30.42839433679128,0.2722646310432571,0.380354929209891,21.0
2,2,382,567,11,9,386.72727272727275,570.974025974026,77,11,2.2,23.727272727272748,2.510822510822513,192.02597402597405,26.259962259962265,192.02597402597405,26.259962259962265,0.12554112554112565,0.3282495282495283,21.0
2,2,510,676,12,23,515.2086956521739,687.1869565217391,230,11,2.2,152.2086956521739,16.106740280653323,75.81304347826085,10.367595689334816,75.81304347826085,10.367595689334816,0.8053370140326661,0.1295949461166852,21.0
2,2,385,685,12,13,390.4032258064516,690.7903225806451,124,11,2.2,27.403225806451587,2.8998122546509615,72.20967741935488,9.8748276812793,72.20967741935488,9.8748276812793,0.14499061273254807,0.12343534601599124,21.0
3,3,618,540,14,21,624.5,549.4549999999999,200,11,2.2,41.5,4.345549738219895,210.54500000000007,28.94089347079039,210.54500000000007,28.94089347079039,0.21727748691099477,0.36176116838487987,12.0
3,3,600,677,3,84,600.8,720.3190476190476,210,11,2.2,17.799999999999955,1.8638743455497335,39.68095238095236,5.454426444117163,39.68095238095236,5.454426444117163,0.09319371727748667,0.06818033055146454,12.0
4,4,971,178,3,9,972.1363636363636,181.8181818181818,22,11,2.2,166.13636363636363,18.15697963238947,575.1818181818182,78.389344897011,575.1818181818182,78.389344897011,0.9078489816194734,0.9798668112126375,19.0
4,4,909,307,10,17,913.0073529411765,315.02941176470586,136,11,2.2,107.00735294117646,11.694792671166827,441.97058823529414,60.23449243411164,441.97058823529414,60.23449243411164,0.5847396335583414,0.7529311554263954,19.0
4,4,946,440,12,24,951.8603603603603,450.9954954954955,222,11,2.2,145.86036036036035,15.941022990203317,306.0045045045045,41.704191414583235,306.0045045045045,41.704191414583235,0.7970511495101659,0.5213023926822905,19.0
4,4,938,462,11,21,943.1358024691358,471.45061728395063,162,11,2.2,137.1358024691358,14.987519395533967,285.54938271604937,38.91644057458935,285.54938271604937,38.91644057458935,0.7493759697766983,0.4864555071823669,19.0
4,4,969,566,5,13,971.140350877193,571.438596491228,57,11,2.2,165.140350877193,18.048125778928195,185.56140350877195,25.289458740548135,185.56140350877195,25.289458740548135,0.9024062889464097,0.3161182342568517,19.0
4,4,842,632,14,22,847.8539823008849,642.3053097345132,226,11,2.2,41.85398230088492,4.574205715943707,114.69469026548677,15.63130361369496,114.69469026548677,15.63130361369496,0.22871028579718536,0.195391295171187,19.0
4,4,831,671,12,21,836.2741935483871,680.6182795698925,186,11,2.2,30.274193548387075,3.3086550326106092,76.38172043010752,10.409774504955028,76.38172043010752,10.409774504955028,0.16543275163053045,0.13012218131193787,19.0
1,1,167,733,24,17,178.34920634920636,741.3587301587302,315,12,2.4,48.349206349206355,4.671420903304962,24.641269841269832,3.29098762487744,24.641269841269832,3.29098762487744,0.2335710451652481,0.041137345310968,17.0
2,2,406,518,13,25,412.1245283018868,529.4830188679246,265,12,2.4,49.12452830188681,5.198362783268446,233.51698113207544,31.93394613771972,233.51698113207544,31.93394613771972,0.25991813916342227,0.3991743267214965,21.0
2,2,382,567,11,9,386.7894736842105,570.8947368421052,76,12,2.4,23.78947368421052,2.51740462266778,192.1052631578948,26.27080521817365,192.1052631578948,26.27080521817365,0.125870231133389,0.3283850652271706,21.0
2,2,510,664,12,22,515.3620689655172,674.2758620689656,232,12,2.4,152.3620689655172,16.12297026090129,88.72413793103442,12.133215443560262,88.72413793103442,12.133215443560262,0.8061485130450646,0.1516651930445033,21.0
2,2,385,686,12,12,390.3103448275862,691.1896551724138,116,12,2.4,27.31034482758622,2.8899835796387534,71.81034482758616,9.82021809608016,71.81034482758616,9.82021809608016,0.14449917898193768,0.12275272620100199,21.0
3,3,618,541,14,19,624.3671497584542,549.5072463768116,207,12,2.4,41.36714975845416,4.33163871816274,210.49275362318838,28.933711838238956,210.49275362318838,28.933711838238956,0.21658193590813696,0.3616713979779869,12.0
3,3,600,688,3,73,600.8162162162162,724.8432432432433,185,12,2.4,17.816216216216162,1.8655723786613783,35.15675675675675,4.832543884090275,35.15675675675675,4.832543884090275,0.09327861893306891,0.06040679855112843,12.0
4,4,899,286,10,17,902.8870967741935,293.7096774193548,124,12,2.4,96.88709677419354,10.588753745813502,463.2903225806452,63.14007803484091,463.2903225806452,63.14007803484091,0.5294376872906751,0.7892509754355114,20.0
4,4,946,419,14,24,952.0778210116732,429.79377431906613,257,12,2.4,146.07782101167322,15.964789181603631,327.20622568093387,44.59369344884959,327.20622568093387,44.59369344884959,0.7982394590801816,0.5574211681106199,20.0
4,4,932,445,13,22,937.6071428571429,454.82142857142856,196,12,2.4,131.6071428571429,14.383294301327092,302.17857142857144,41.182769530299346,302.17857142857144,41.182769530299346,0.7191647150663546,0.5147846191287418,20.0
4,4,966,543,8,14,969.5247524752475,549.2178217821781,101,12,2.4,163.5247524752475,17.871557647568032,207.78217821782187,28.31784370941354,207.78217821782187,28.31784370941354,0.8935778823784017,0.3539730463676693,20.0
4,4,840,612,12,22,845.0934579439253,621.8177570093458,214,12,2.4,39.09345794392527,4.272509064909866,135.18224299065423,18.42347434284896,135.18224299065423,18.42347434284896,0.21362545324549329,0.23029342928561197,20.0
4,4,834,659,11,22,838.6402116402116,669.2857142857142,189,12,2.4,32.640211640211646,3.5672362448318737,87.71428571428578,11.954246775371145,87.71428571428578,11.954246775371145,0.1783618122415937,0.1494280846921393,20.0
1,1,167,733,24,17,178.15705128205127,741.2403846153846,312,13,2.6,48.15705128205127,4.652855196333456,24.75961538461536,3.3067933735713333,24.75961538461536,3.3067933735713333,0.23264275981667282,0.04133491716964167,17.0
2,2,404,506,13,24,409.7171314741036,517.1115537848606,251,13,2.6,46.71713147410361,4.9436117962014405,245.88844621513942,33.62577042258317,245.88844621513942,33.62577042258317,0.24718058981007202,0.4203221302822896,21.0
2,2,382,567,11,9,386.7894736842105,570.8947368421052,76,13,2.6,23.78947368421052,2.51740462266778,192.1052631578948,26.27080521817365,192.1052631578948,26.27080521817365,0.125870231133389,0.3283850652271706,21.0
2,2,509,645,13,24,515.0252100840336,656.4243697478992,238,13,2.6,152.02521008403357,16.08732381841625,106.57563025210084,14.574445162680457,106.57563025210084,14.574445162680457,0.8043661909208125,0.1821805645335057,21.0
2,2,385,686,12,13,390.3781512605042,691.2016806722689,119,13,2.6,27.378151260504183,2.897158863545416,71.79831932773106,9.818573583279463,71.79831932773106,9.818573583279463,0.1448579431772708,0.12273216979099327,21.0
3,3,618,540,14,20,624.4563106796116,549.3009708737864,206,13,2.6,41.45631067961165,4.340974940273471,210.69902912621365,28.962065859273352,210.69902912621365,28.962065859273352,0.21704874701367355,0.3620258232409169,12.0
3,3,600,680,3,81,600.8029556650247,721.4679802955665,203,13,2.6,17.802955665024683,1.8641838392696004,38.53201970443354,5.296497553874025,38.53201970443354,5.296497553874025,0.09320919196348001,0.06620621942342532,12.0
4,4,888,265,10,16,892.439024390244,272.479674796748,123,13,2.6,86.43902439024396,9.446887911502072,484.520325203252,66.0334344399662,484.520325203252,66.0334344399662,0.4723443955751036,0.8254179304995776,20.0
4,4,946,399,13,24,951.76171875,410.19140625,256,13,2.6,145.76171875,15.930242486338798,346.80859375,47.265225724020446,346.80859375,47.265225724020446,0.7965121243169399,0.5908153215502555,20.0
4,4,934,430,11,21,938.4198895027624,439.69613259668506,181,13,2.6,132.41988950276243,14.472119071340156,317.30386740331494,43.2441386580327,317.30386740331494,43.2441386580327,0.7236059535670079,0.5405517332254087,20.0
4,4,964,523,10,16,968.5403225806451,530.1209677419355,124,13,2.6,162.54032258064512,17.76396968094482,226.8790322580645,30.92048139803264,226.8790322580645,30.92048139803264,0.8881984840472411,0.386506017475408,20.0
4,4,835,591,11,21,839.5729166666666,600.1927083333333,192,13,2.6,33.57291666666663,3.6691712204007243,156.80729166666674,21.370670073821703,156.80729166666674,21.370670073821703,0.18345856102003621,0.26713337592277125,20.0
4,4,844,639,13,21,849.6581632653061,648.7755102040817,196,13,2.6,43.65816326530614,4.771383963421436,108.22448979591832,14.749504571845767,108.22448979591832,14.749504571845767,0.23856919817107183,0.18436880714807208,20.0
1,1,167,733,24,17,178.3054662379421,741.4340836012861,311,14,2.8,48.30546623794211,4.667194805598272,24.565916398713853,3.280923726038578,24.565916398713853,3.280923726038578,0.2333597402799136,0.04101154657548223,17.0
2,2,401,500,14,24,407.8888888888889,511.3015873015873,252,14,2.8,44.888888888888914,4.750146972369198,251.6984126984127,34.42029575362909,251.6984126984127,34.42029575362909,0.23750734861845987,0.4302536969203636,21.0
2,2,382,567,11,9,386.77027027027026,570.9324324324325,74,14,2.8,23.77027027027026,2.515372515372514,192.0675675675675,26.265650265650255,192.0675675675675,26.265650265650255,0.1257686257686257,0.3283206283206282,21.0
2,2,513,630,12,23,518.6872246696036,640.6916299559471,227,14,2.8,155.68722466960355,16.474838589376038,122.30837004405294,16.725930946195273,122.30837004405294,16.725930946195273,0.8237419294688019,0.20907413682744092,21.0
2,2,385,686,12,12,390.34188034188037,691.1709401709402,117,14,2.8,27.34188034188037,2.8933206710984516,71.82905982905982,9.822777412521,71.82905982905982,9.822777412521,0.14466603355492258,0.1227847176565125,21.0
3,3,618,540,14,20,624.5586854460093,549.338028169014,213,14,2.8,41.55868544600935,4.351694811100455,210.66197183098598,28.956972072987764,210.66197183098598,28.956972072987764,0.21758474055502278,0.361962150912347,12.0
3,3,600,682,2,7,600.4615384615385,684.7692307692307,13,14,2.8,17.461538461538453,1.8284333467579532,75.23076923076928,10.340999206978596,75.23076923076928,10.340999206978596,0.09142166733789765,0.12926249008723245,12.0
3,3,600,690,3,71,600.7543859649123,726.9707602339181,171,14,2.8,17.75438596491233,1.8590980067971026,33.0292397660819,4.5401016860593675,33.0292397660819,4.5401016860593675,0.09295490033985514,0.0567512710757421,12.0
4,4,880,249,12,16,885.2538461538461,256.2846153846154,130,14,2.8,79.2538461538461,8.661622530474983,500.7153846153846,68.24059756257371,500.7153846153846,68.24059756257371,0.4330811265237492,0.8530074695321714,20.0
4,4,946,388,13,24,951.9325396825396,398.94444444444446,252,14,2.8,145.93253968253964,15.948911440714715,358.05555555555554,48.79803142154079,358.05555555555554,48.79803142154079,0.7974455720357357,0.6099753927692598,20.0
4,4,935,421,13,20,940.5440414507772,429.91709844559585,193,14,2.8,134.54404145077717,14.704266825221548,327.08290155440415,44.57688607215048,327.08290155440415,44.57688607215048,0.7352133412610774,0.557211075901881,20.0
4,4,965,506,9,15,968.8879310344828,512.8103448275863,116,14,2.8,162.8879310344828,17.80195967589976,244.18965517241372,33.279680432356216,244.18965517241372,33.279680432356216,0.890097983794988,0.4159960054044527,20.0
4,4,835,575,14,20,841.8883495145631,583.990291262136,206,14,2.8,35.88834951456306,3.9222239906626295,173.009708737864,23.57883594383155,173.009708737864,23.57883594383155,0.19611119953313147,0.29473544929789436,20.0
4,4,851,623,15,20,857.4242424242424,632.5101010101009,198,14,2.8,51.42424242424238,5.6201357840702055,124.48989898989907,16.966255398964098,124.48989898989907,16.966255398964098,0.28100678920351024,0.21207819248705123,20.0
1,1,167,733,24,17,178.2913907284768,741.3278145695364,302,15,3.0,48.29139072847681,4.665834852992929,24.672185430463628,3.2951165850368787,24.672185430463628,3.2951165850368787,0.23329174264964644,0.04118895731296098,17.0
2,2,399,490,13,23,404.9137254901961,500.72549019607845,255,15,3.0,41.9137254901961,4.435314866687418,262.27450980392155,35.86659963130551,262.27450980392155,35.86659963130551,0.2217657433343709,0.44833249539131886,20.0
2,2,382,567,11,10,386.7261904761905,571.1547619047619,84,15,3.0,23.72619047619048,2.510707986898464,191.84523809523807,26.235246235246233,191.84523809523807,26.235246235246233,0.1255353993449232,0.3279405779405779,20.0
2,2,518,612,13,24,523.4125,623.0,240,15,3.0,160.41250000000002,16.974867724867728,140.0,19.145299145299145,140.0,19.145299145299145,0.8487433862433864,0.23931623931623933,20.0
2,2,385,686,12,13,390.3410852713178,691.4573643410853,129,15,3.0,27.34108527131781,2.8932365366473873,71.54263565891472,9.783608295236201,71.54263565891472,9.783608295236201,0.14466182683236936,0.12229510369045252,20.0
3,3,617,540,15,21,623.7951219512195,549.4634146341464,205,15,3.0,40.79512195121947,4.271740518452301,210.53658536585363,28.93973682004861,210.53658536585363,28.93973682004861,0.21358702592261503,0.3617467102506076,12.0
3,3,600,672,3,89,600.7695852534562,718.8755760368664,217,15,3.0,17.76958525345617,1.8606895553357248,41.12442396313361,5.652841781874035,41.12442396313361,5.652841781874035,0.09303447776678624,0.07066052227342544,12.0
4,4,924,170,20,4,933.6714285714286,171.31428571428572,70,15,3.0,127.67142857142858,13.953161592505856,585.6857142857143,79.82088099294232,585.6857142857143,79.82088099294232,0.6976580796252928,0.9977610124117791,20.0
4,4,871,230,11,17,876.0827067669173,238.0751879699248,133,15,3.0,70.08270676691734,7.659312214963644,518.9248120300751,70.72229124771042,518.9248120300751,70.72229124771042,0.3829656107481822,0.8840286405963802,20.0
4,4,948,368,14,23,954.6015625,378.6171875,256,15,3.0,148.6015625,16.24060792349727,378.3828125,51.56835604770017,378.3828125,51.56835604770017,0.8120303961748634,0.6446044505962522,20.0
4,4,937,407,13,21,942.9278350515464,416.00515463917526,194,15,3.0,136.92783505154637,14.964790716015996,340.99484536082474,46.472892042361124,340.99484536082474,46.472892042361124,0.7482395358007998,0.580911150529514,20.0
4,4,965,489,9,15,968.9406779661017,495.9491525423729,118,15,3.0,162.9406779661017,17.807724367879967,261.0508474576271,35.57762827361188,261.0508474576271,35.57762827361188,0.8903862183939983,0.44472035342014843,20.0
4,4,840,553,15,20,846.8284313725491,562.1274509803922,204,15,3.0,40.82843137254906,4.462123647273121,194.87254901960785,26.558439389384375,194.87254901960785,26.558439389384375,0.22310618236365606,0.3319804923673047,20.0
4,4,861,607,16,20,868.3641025641026,616.1948717948718,195,15,3.0,62.36410256410261,6.815748914109575,140.8051282051282,19.189796007513213,140.8051282051282,19.189796007513213,0.34078744570547875,0.23987245009391517,20.0
1,1,167,733,25,17,178.27156549520765,741.3162939297125,313,16,3.2,48.27156549520765,4.663919371517648,24.683706070287485,3.296655234762936,24.683706070287485,3.296655234762936,0.23319596857588237,0.041208190434536704,17.0
2,2,397,480,13,24,402.8964143426295,490.9800796812749,251,16,3.2,39.8964143426295,4.221842787579841,272.0199203187251,37.199305342731634,272.0199203187251,37.199305342731634,0.21109213937899204,0.46499131678414546,20.0
2,2,382,567,11,10,386.7439024390244,571.109756097561,82,16,3.2,23.743902439024396,2.51258226867983,191.890243902439,26.241400875547214,191.890243902439,26.241400875547214,0.12562911343399152,0.3280175109443402,20.0
2,2,520,595,13,23,525.570796460177,605.566371681416,226,16,3.2,162.570796460177,17.203258884674817,157.43362831858406,21.529385069208075,157.43362831858406,21.529385069208075,0.8601629442337407,0.269117313365101,20.0
2,2,385,685,12,14,390.3046875,691.3203125,128,16,3.2,27.3046875,2.8893849206349205,71.6796875,9.802350427350428,71.6796875,9.802350427350428,0.14446924603174602,0.12252938034188034,20.0
3,3,618,541,13,20,623.8163265306123,550.4591836734694,196,16,3.2,40.81632653061229,4.273960893257831,209.5408163265306,28.802861350725856,209.5408163265306,28.802861350725856,0.21369804466289155,0.3600357668840732,12.0
3,3,600,687,3,74,600.8128342245989,725.2727272727273,187,16,3.2,17.812834224598873,1.8652182434134945,34.72727272727275,4.773508278662921,34.72727272727275,4.773508278662921,0.09326091217067473,0.05966885348328651,12.0
3,3,689,732,19,25,697.9761904761905,744.0343915343915,378,16,3.2,114.97619047619048,12.039391672899526,15.965608465608511,2.19458535609739,15.965608465608511,2.19458535609739,0.6019695836449763,0.027432316951217374,12.0
4,4,948,170,21,11,957.4560439560439,174.56043956043956,182,16,3.2,151.4560439560439,16.552573109950153,582.4395604395604,79.37847501731657,582.4395604395604,79.37847501731657,0.8276286554975077,0.9922309377164572,21.0
4,4,861,212,11,16,866.2735042735043,218.78632478632477,117,16,3.2,60.27350427350427,6.587268226612489,538.2136752136753,73.35109713303922,538.2136752136753,73.35109713303922,0.32936341133062447,0.9168887141629902,21.0
4,4,950,351,14,23,956.6115702479339,361.60743801652893,242,16,3.2,150.61157024793386,16.460280901413537,395.39256198347107,53.88655018514086,395.39256198347107,53.88655018514086,0.8230140450706768,0.6735818773142608,21.0
4,4,940,395,12,19,945.6294117647059,403.2294117647059,170,16,3.2,139.62941176470588,15.2600450016072,353.7705882352941,48.21404950395831,353.7705882352941,48.21404950395831,0.76300225008036,0.6026756187994788,21.0
4,4,964,486,10,15,968.4705882352941,492.47058823529414,119,16,3.2,162.47058823529414,17.756348441015753,264.52941176470586,36.05170858803487,264.52941176470586,36.05170858803487,0.8878174220507876,0.45064635735043584,21.0
4,4,846,539,14,20,852.1928934010152,547.9543147208121,197,16,3.2,46.192893401015226,5.048403650384178,209.04568527918786,28.49004228677177,209.04568527918786,28.49004228677177,0.2524201825192089,0.35612552858464713,21.0
4,4,871,599,17,18,878.6938775510204,607.1989795918367,196,16,3.2,72.69387755102036,7.944686071149767,149.80102040816325,20.41581198066961,149.80102040816325,20.41581198066961,0.39723430355748834,0.2551976497583701,21.0
1,1,167,733,25,17,178.39432176656152,741.2776025236593,317,17,3.4,48.39432176656152,4.6757798808272,24.72239747634069,3.301822701347671,24.72239747634069,3.301822701347671,0.23378899404136,0.04127278376684589,17.0
2,2,394,471,14,24,400.1304347826087,482.0474308300395,253,17,3.4,37.13043478260869,3.9291465378421893,280.9525691699605,38.4208641599946,280.9525691699605,38.4208641599946,0.19645732689210946,0.4802608019999325,20.0
2,2,382,567,11,10,386.69879518072287,571.1566265060242,83,17,3.4,23.69879518072287,2.507809013833108,191.84337349397583,26.23499124703943,191.84337349397583,26.23499124703943,0.1253904506916554,0.32793739058799287,20.0
2,2,522,577,12,23,527.5044247787611,587.2787610619469,226,17,3.4,164.50442477876106,17.407875637964132,175.72123893805315,24.03025489751154,175.72123893805315,24.03025489751154,0.8703937818982067,0.3003781862188943,20.0
2,2,385,685,12,14,390.3203125,691.3203125,128,17,3.4,27.3203125,2.89103835978836,71.6796875,9.802350427350428,71.6796875,9.802350427350428,0.144551917989418,0.12252938034188034,20.0
3,3,618,541,14,20,624.0,550.4567307692307,208,17,3.4,41.0,4.293193717277487,209.54326923076928,28.80319851969337,209.54326923076928,28.80319851969337,0.21465968586387435,0.36003998149616717,12.0
3,3,600,678,3,83,600.8028846153846,721.3605769230769,208,17,3.4,17.80288461538464,1.8641763995167164,38.639423076923094,5.311260904044412,38.639423076923094,5.311260904044412,0.09320881997583581,0.06639076130055514,12.0
4,4,965,176,9,11,969.183908045977,181.183908045977,87,17,3.4,163.18390804597698,17.834306890270707,575.816091954023,78.47578765983279,575.816091954023,78.47578765983279,0.8917153445135354,0.9809473457479098,20.0
4,4,850,201,15,13,856.7822580645161,206.7258064516129,124,17,3.4,50.7822580645161,5.549973558963508,550.2741935483871,74.99477935923504,550.2741935483871,74.99477935923504,0.2774986779481754,0.937434741990438,20.0
4,4,952,341,14,23,958.484126984127,351.52777777777777,252,17,3.4,152.484126984127,16.664931910833552,405.47222222222223,55.26026878667424,405.47222222222223,55.26026878667424,0.8332465955416776,0.690753359833428,20.0
4,4,939,395,13,20,944.5721925133689,403.52941176470586,187,17,3.4,138.57219251336892,15.14450191402939,353.47058823529414,48.17316364365167,353.47058823529414,48.17316364365167,0.7572250957014695,0.6021645455456459,20.0
4,4,963,483,10,16,967.6507936507936,490.1507936507937,126,17,3.4,161.65079365079362,17.66675340445832,266.8492063492063,36.367864579108186,266.8492063492063,36.367864579108186,0.883337670222916,0.45459830723885236,20.0
4,4,853,524,16,20,860.3971962616822,533.3738317757009,214,17,3.4,54.39719626168221,5.945048771768548,223.62616822429914,30.477160916429185,223.62616822429914,30.477160916429185,0.29725243858842737,0.3809645114553648,20.0
4,4,885,589,19,17,893.6009852216748,597.0,203,17,3.4,87.60098522167482,9.57387816630326,160.0,21.80579216354344,160.0,21.80579216354344,0.47869390831516295,0.272572402044293,20.0
1,1,167,733,24,17,178.19155844155844,741.3733766233767,308,18,3.6,48.19155844155844,4.6561892214066125,24.626623376623343,3.2890315027209804,24.626623376623343,3.2890315027209804,0.23280946107033063,0.041112893784012255,17.0
2,2,392,463,14,23,398.26720647773277,473.57085020242914,247,18,3.6,35.26720647773277,3.731979521453203,289.42914979757086,39.580054673172086,289.42914979757086,39.580054673172086,0.18659897607266016,0.49475068341465106,20.0
2,2,523,555,12,22,528.1181818181818,565.3272727272727,220,18,3.6,165.11818181818182,17.472823472823475,197.67272727272734,27.032167832167843,197.67272727272734,27.032167832167843,0.8736411736411737,0.337902097902098,20.0
2,2,382,567,11,10,386.76190476190476,571.1547619047619,84,18,3.6,23.76190476190476,2.514487276392038,191.84523809523807,26.235246235246233,191.84523809523807,26.235246235246233,0.1257243638196019,0.3279405779405779,20.0
2,2,385,686,12,13,390.23015873015873,691.4206349206349,126,18,3.6,27.230158730158735,2.8814982783236758,71.57936507936506,9.788631121964453,71.57936507936506,9.788631121964453,0.1440749139161838,0.12235788902455566,20.0
3,3,617,541,15,20,623.8780487804878,550.209756097561,205,18,3.6,40.8780487804878,4.280423956072021,209.790243902439,28.83714692817031,209.790243902439,28.83714692817031,0.21402119780360107,0.36046433660212884,12.0
3,3,600,677,3,84,600.8056872037914,720.9763033175356,211,18,3.6,17.805687203791422,1.864469864271353,39.02369668246445,5.364082018208172,39.02369668246445,5.364082018208172,0.09322349321356765,0.06705102522760215,12.0
4,4,970,176,4,9,971.8148148148148,179.74074074074073,27,18,3.6,165.81481481481478,18.12183768467921,577.2592592592592,78.67247144930279,577.2592592592592,78.67247144930279,0.9060918842339606,0.9834058931162849,20.0
4,4,840,191,14,13,846.3666666666667,196.74166666666667,120,18,3.6,40.366666666666674,4.411657559198543,560.2583333333333,76.35547984099942,560.2583333333333,76.35547984099942,0.22058287795992718,0.9544434980124928,20.0
4,4,954,324,14,24,959.901185770751,335.0395256916996,253,18,3.6,153.901185770751,16.819801723579346,421.9604743083004,57.50739002498131,421.9604743083004,57.50739002498131,0.8409900861789672,0.7188423753122664,20.0
4,4,939,394,12,21,943.9842105263158,403.1842105263158,190,18,3.6,137.9842105263158,15.080241587575497,353.8157894736842,48.22020980901999,353.8157894736842,48.22020980901999,0.7540120793787748,0.60275262261275,20.0
4,4,963,482,10,16,967.2713178294573,488.968992248062,129,18,3.6,161.2713178294573,17.62528063709916,268.031007751938,36.52892780264913,268.031007751938,36.52892780264913,0.8812640318549579,0.4566115975331141,20.0
4,4,868,506,18,19,876.9069767441861,514.753488372093,215,18,3.6,70.90697674418607,7.749396365484816,242.246511627907,33.01485678063469,242.246511627907,33.01485678063469,0.3874698182742408,0.41268570975793356,20.0
4,4,905,575,18,15,912.9175257731958,581.8453608247423,194,18,3.6,106.91752577319585,11.684975494338344,175.15463917525767,23.871160364600705,175.15463917525767,23.871160364600705,0.5842487747169172,0.2983895045575088,20.0
1,1,168,733,24,17,178.5936507936508,741.2857142857143,315,19,3.8,48.593650793650795,4.695038724024231,24.714285714285666,3.3007393274505064,24.714285714285666,3.3007393274505064,0.23475193620121157,0.04125924159313133,17.0
2,2,391,453,13,23,397.26141078838174,464.21991701244815,241,19,3.8,34.26141078838174,3.625546115172671,298.78008298755185,40.85881476752846,298.78008298755185,40.85881476752846,0.18127730575863354,0.5107351845941057,21.0
2,2,522,537,12,22,527.4647887323944,546.8544600938967,213,19,3.8,164.46478873239437,17.40368134734332,216.1455399061033,29.55836443160387,216.1455399061033,29.55836443160387,0.8701840673671659,0.36947955539504834,21.0
2,2,382,567,11,10,386.7866666666667,571.12,75,19,3.8,23.78666666666669,2.517107583774253,191.88,26.24,191.88,26.24,0.12585537918871265,0.328,21.0
2,2,385,686,12,13,390.336,691.528,125,19,3.8,27.336000000000013,2.892698412698414,71.47199999999998,9.773948717948715,71.47199999999998,9.773948717948715,0.1446349206349207,0.12217435897435894,21.0
3,3,617,541,15,20,623.8656716417911,550.0,201,19,3.8,40.865671641791096,4.279127920606397,210.0,28.8659793814433,210.0,28.8659793814433,0.21395639603031988,0.36082474226804123,12.0
3,3,600,678,3,83,600.7673267326733,721.1089108910891,202,19,3.8,17.76732673267327,1.8604530610129077,38.89108910891093,5.345854173046177,38.89108910891093,5.345854173046177,0.09302265305064539,0.0668231771630772,12.0
4,4,966,170,8,10,969.7361111111111,174.09722222222223,72,19,3.8,163.7361111111111,17.894656952033998,582.9027777777778,79.44160514858983,582.9027777777778,79.44160514858983,0.8947328476016999,0.9930200643573728,21.0
4,4,840,180,10,17,844.241935483871,187.66935483870967,124,19,3.8,38.241935483870975,4.179446500969505,569.3306451612904,77.59191075451997,569.3306451612904,77.59191075451997,0.20897232504847527,0.9698988844314997,21.0
4,4,953,307,14,24,959.195020746888,318.0290456431535,241,19,3.8,153.19502074688796,16.742625218239123,438.9709543568465,59.82568372836068,438.9709543568465,59.82568372836068,0.8371312609119561,0.7478210466045085,21.0
4,4,936,390,12,22,940.8177083333334,400.33333333333337,192,19,3.8,134.81770833333337,14.734175774134794,356.66666666666663,48.608745031232246,356.66666666666663,48.608745031232246,0.7367087887067397,0.6076093128904031,21.0
4,4,963,480,9,16,966.8925619834711,486.93388429752065,121,19,3.8,160.89256198347107,17.583886555570608,270.06611570247935,36.806284933898375,270.06611570247935,36.806284933898375,0.8791943277785305,0.46007856167372974,21.0
4,4,881,488,17,19,889.2488038277512,496.8612440191388,209,19,3.8,83.2488038277512,9.098229926530186,260.1387559808612,35.45332279125877,260.1387559808612,35.45332279125877,0.4549114963265093,0.4431665348907346,21.0
4,4,919,565,20,13,928.0655737704918,570.7103825136612,183,19,3.8,122.06557377049182,13.340499865627521,186.28961748633878,25.388704257081947,186.28961748633878,25.388704257081947,0.6670249932813761,0.31735880321352433,21.0
1,1,168,733,23,17,178.38032786885248,741.3704918032787,305,20,4.0,48.380327868852476,4.674427813415698,24.629508196721304,3.2894167875420774,24.629508196721304,3.2894167875420774,0.2337213906707849,0.041117709844275964,17.0
2,2,389,440,14,24,395.515873015873,451.6666666666667,252,20,4.0,32.51587301587301,3.4408331233728053,311.3333333333333,42.57549857549857,311.3333333333333,42.57549857549857,0.17204165616864028,0.5321937321937321,20.0
2,2,521,525,13,21,527.0471698113207,534.6981132075472,212,20,4.0,164.0471698113207,17.359488868922828,228.30188679245282,31.220770843412353,228.30188679245282,31.220770843412353,0.8679744434461414,0.3902596355426544,20.0
2,2,382,567,11,10,386.8705882352941,571.2705882352941,85,20,4.0,23.87058823529412,2.525988173046997,191.7294117647059,26.2194067370538,191.7294117647059,26.2194067370538,0.12629940865234984,0.3277425842131725,20.0
2,2,385,686,12,13,390.1666666666667,691.563492063492,126,20,4.0,27.166666666666686,2.8747795414462103,71.43650793650795,9.769095102428437,71.43650793650795,9.769095102428437,0.1437389770723105,0.12211368878035547,20.0
3,3,614,541,16,19,621.6780487804878,549.8585365853659,205,20,4.0,38.67804878048776,4.05005746392542,210.14146341463413,28.88542452434833,210.14146341463413,28.88542452434833,0.20250287319627097,0.36106780655435416,12.0
3,3,600,660,3,101,600.7581967213115,713.5491803278688,244,20,4.0,17.758196721311492,1.8594970388807845,46.45081967213116,6.384992394794661,46.45081967213116,6.384992394794661,0.09297485194403923,0.07981240493493326,12.0
4,4,838,170,10,12,842.5057471264367,174.5287356321839,87,20,4.0,36.505747126436745,3.9896991395012837,582.471264367816,79.38279582525601,582.471264367816,79.38279582525601,0.1994849569750642,0.9922849478157002,21.0
4,4,963,170,9,7,967.0,172.30612244897958,49,20,4.0,161.0,17.595628415300546,584.6938775510205,79.6857073323367,584.6938775510205,79.6857073323367,0.8797814207650273,0.9960713416542086,21.0
4,4,955,292,13,24,960.9919028340081,303.2186234817814,247,20,4.0,154.9919028340081,16.939005774208535,453.7813765182186,61.844139900268296,453.7813765182186,61.844139900268296,0.8469502887104268,0.7730517487533537,21.0
4,4,930,388,13,20,935.8820224719101,396.87078651685397,178,20,4.0,129.8820224719101,14.194756554307114,360.12921348314603,49.08064238271155,360.12921348314603,49.08064238271155,0.7097378277153557,0.6135080297838944,21.0
4,4,890,473,16,19,897.7560975609756,481.98536585365855,205,20,4.0,91.7560975609756,10.027988804478207,275.01463414634145,37.48069971330037,275.01463414634145,37.48069971330037,0.5013994402239104,0.4685087464162546,21.0
4,4,963,477,9,15,966.9203539823009,483.46902654867256,113,20,4.0,160.92035398230087,17.5869239324919,273.53097345132744,37.27849723357103,273.53097345132744,37.27849723357103,0.8793461966245949,0.4659812154196379,21.0
4,4,932,556,19,13,940.5777777777778,562.0611111111111,180,20,4.0,134.57777777777778,14.70795385549484,194.93888888888887,26.56748059814499,194.93888888888887,26.56748059814499,0.735397692774742,0.3320935074768124,21.0
1,1,167,733,24,17,177.59935897435898,741.0480769230769,312,21,4.2,47.59935897435898,4.598971881580578,24.951923076923094,3.3324772055990777,24.951923076923094,3.3324772055990777,0.22994859407902887,0.04165596506998847,17.0
2,2,387,435,14,24,393.1400778210117,446.4630350194553,257,21,4.2,30.140077821011687,3.1894262244456812,316.5369649805447,43.28710632212577,316.5369649805447,43.28710632212577,0.15947131122228406,0.5410888290265722,20.0
2,2,522,520,12,22,527.4063926940639,530.1141552511415,219,21,4.2,164.40639269406392,17.397501872387718,232.88584474885852,31.84763688873279,232.88584474885852,31.84763688873279,0.8698750936193859,0.39809546110915983,20.0
2,2,382,567,11,11,386.8452380952381,571.4404761904761,84,21,4.2,23.845238095238074,2.5233056185437115,191.55952380952385,26.1961741961742,191.55952380952385,26.1961741961742,0.12616528092718557,0.32745217745217753,20.0
2,2,384,686,13,13,390.2442748091603,691.8396946564885,131,21,4.2,27.244274809160288,2.882992043297385,71.16030534351148,9.73132380765969,71.16030534351148,9.73132380765969,0.14414960216486924,0.12164154759574612,20.0
3,3,614,544,16,16,621.8157894736842,551.3526315789474,190,21,4.2,38.81578947368416,4.064480573160646,208.64736842105265,28.680050642069094,208.64736842105265,28.680050642069094,0.20322402865803227,0.35850063302586366,12.0
3,3,600,662,3,99,600.725321888412,713.9227467811158,233,21,4.2,17.725321888412054,1.8560546480012623,46.07725321888415,6.333643054142152,46.07725321888415,6.333643054142152,0.0928027324000631,0.0791705381767769,12.0
4,4,838,170,8,9,841.6333333333333,173.36666666666667,60,21,4.2,35.633333333333326,3.894353369763205,583.6333333333333,79.54116978989211,583.6333333333333,79.54116978989211,0.19471766848816024,0.9942646223736513,21.0
4,4,964,170,5,3,965.8571428571429,170.92857142857142,14,21,4.2,159.8571428571429,17.47072599531616,586.0714285714286,79.87344852762229,586.0714285714286,79.87344852762229,0.8735362997658082,0.9984181065952786,21.0
4,4,956,282,14,24,962.3456790123457,293.4526748971193,243,21,4.2,156.34567901234573,17.086959454901173,463.5473251028807,63.1751039322495,463.5473251028807,63.1751039322495,0.8543479727450586,0.7896887991531187,21.0
4,4,925,385,13,19,930.9204545454545,393.6534090909091,176,21,4.2,124.9204545454545,13.652508693492296,363.3465909090909,49.51912652934799,363.3465909090909,49.51912652934799,0.6826254346746148,0.6189890816168498,21.0
4,4,898,455,16,18,905.490099009901,463.21287128712873,202,21,4.2,99.49009900990097,10.873234864470051,293.78712871287127,40.0391316814816,293.78712871287127,40.0391316814816,0.5436617432235026,0.50048914601852,21.0
4,4,962,470,10,15,966.139344262295,476.5245901639344,122,21,4.2,160.13934426229503,17.50156767893935,280.4754098360656,38.224928086686965,280.4754098360656,38.224928086686965,0.8750783839469674,0.477811601083587,21.0
4,4,946,542,18,13,954.0650887573964,548.4260355029586,169,21,4.2,148.06508875739644,16.18197691337666,208.5739644970414,28.42575325342983,208.5739644970414,28.42575325342983,0.8090988456688329,0.3553219156678729,21.0
1,1,169,734,23,17,179.1168384879725,741.9965635738831,291,22,4.4,49.1168384879725,4.745588259707488,24.003436426116878,3.20580119213581,24.003436426116878,3.20580119213581,0.2372794129853744,0.04007251490169762,17.0
2,2,388,429,13,25,393.90588235294115,440.64313725490194,255,22,4.4,30.90588235294115,3.2704637410519735,322.35686274509806,44.08298977710743,322.35686274509806,44.08298977710743,0.16352318705259866,0.5510373722138429,20.0
2,2,523,510,12,21,528.2380952380952,519.4952380952382,210,22,4.4,165.23809523809518,17.485512723607957,243.50476190476184,33.29979649979649,243.50476190476184,33.29979649979649,0.8742756361803978,0.4162474562474561,20.0
2,2,382,567,12,10,387.0449438202247,571.4157303370787,89,22,4.4,24.044943820224717,2.544438499494679,191.58426966292132,26.19955824450206,191.58426966292132,26.19955824450206,0.12722192497473395,0.32749447805627574,20.0
2,2,385,686,12,13,390.28,691.928,125,22,4.4,27.279999999999973,2.8867724867724838,71.072,9.719247863247864,71.072,9.719247863247864,0.14433862433862418,0.1214905982905983,20.0
3,3,614,544,16,17,621.6839378238342,551.4974093264249,193,22,4.4,38.683937823834185,4.050674117678972,208.50259067357513,28.660149920766337,208.50259067357513,28.660149920766337,0.20253370588394862,0.35825187400957925,12.0
3,3,600,664,2,10,600.4736842105264,668.2631578947369,19,22,4.4,17.473684210526358,1.829705152934697,91.73684210526312,12.609875203472594,91.73684210526312,12.609875203472594,0.09148525764673486,0.15762344004340742,12.0
3,3,600,676,3,85,600.6436170212766,719.1702127659574,188,22,4.4,17.643617021276555,1.8474991645315764,40.829787234042556,5.612341887840901,40.829787234042556,5.612341887840901,0.09237495822657882,0.07015427359801127,12.0
4,4,841,170,7,6,843.40625,172.125,32,22,4.4,37.40625,4.088114754098361,584.875,79.71039182282794,584.875,79.71039182282794,0.20440573770491804,0.9963798977853492,21.0
4,4,946,170,14,9,951.8804347826087,173.2391304347826,92,22,4.4,145.88043478260875,15.943216916132103,583.7608695652174,79.55855121842826,583.7608695652174,79.55855121842826,0.7971608458066052,0.9944818902303533,21.0
4,4,959,272,14,23,965.7619047619048,282.7792207792208,231,22,4.4,159.76190476190482,17.460317460317466,474.2207792207792,64.62974844576208,474.2207792207792,64.62974844576208,0.8730158730158734,0.8078718555720259,21.0
4,4,916,383,13,19,921.6369047619048,391.9345238095238,168,22,4.4,115.63690476190482,12.637913088732766,365.0654761904762,49.753386874340876,365.0654761904762,49.753386874340876,0.6318956544366383,0.621917335929261,21.0
4,4,906,439,15,18,912.6237113402062,447.2319587628866,194,22,4.4,106.62371134020623,11.652864627344943,309.7680412371134,42.2171095382778,309.7680412371134,42.2171095382778,0.5826432313672472,0.5277138692284725,21.0
4,4,962,459,9,15,965.8288288288288,465.6126126126126,111,22,4.4,159.82882882882882,17.46763156599222,291.3873873873874,39.71208005279556,291.3873873873874,39.71208005279556,0.873381578299611,0.4964010006599444,21.0
4,4,953,529,16,16,959.8304093567251,536.6140350877192,171,22,4.4,153.8304093567251,16.8120665963634,220.38596491228077,30.035565916494825,220.38596491228077,30.035565916494825,0.84060332981817,0.3754445739561853,21.0
1,1,169,734,23,17,179.1958762886598,742.0515463917526,291,23,4.6,49.195876288659804,4.753224762189353,23.948453608247405,3.198457910951239,23.948453608247405,3.198457910951239,0.23766123810946765,0.039980723886890494,17.0
2,2,387,424,14,24,393.4822134387352,434.9802371541502,253,23,4.6,30.482213438735187,3.2256310517180093,328.0197628458498,44.857403466099115,328.0197628458498,44.857403466099115,0.16128155258590046,0.560717543326239,21.0
2,2,523,500,11,21,527.6868686868687,509.5353535353535,198,23,4.6,164.6868686868687,17.427181871626317,253.46464646464648,34.66183199516533,253.46464646464648,34.66183199516533,0.8713590935813159,0.43327289993956664,21.0
2,2,382,567,11,10,386.9746835443038,571.3924050632911,79,23,4.6,23.974683544303787,2.5370035496617764,191.6075949367089,26.20274802553284,191.6075949367089,26.20274802553284,0.12685017748308883,0.3275343503191605,21.0
2,2,385,686,12,13,390.27868852459017,691.8934426229508,122,23,4.6,27.278688524590166,2.8866337063058376,71.10655737704917,9.723973658399887,71.10655737704917,9.723973658399887,0.1443316853152919,0.12154967072999859,21.0
3,3,614,543,16,18,621.6666666666666,551.3838383838383,198,23,4.6,38.66666666666663,4.048865619546244,208.61616161616166,28.675761046895072,208.61616161616166,28.675761046895072,0.20244328097731218,0.3584470130861884,12.0
3,3,600,664,2,9,600.4705882352941,667.7647058823529,17,23,4.6,17.470588235294144,1.8293809670465073,92.23529411764707,12.67839094400647,92.23529411764707,12.67839094400647,0.09146904835232536,0.15847988680008088,12.0
3,3,600,684,3,77,600.7166666666667,723.4055555555556,180,23,4.6,17.716666666666697,1.85514834205934,36.594444444444434,5.0301641848033585,36.594444444444434,5.0301641848033585,0.092757417102967,0.06287705231004198,12.0
4,4,841,170,7,6,843.3333333333334,171.96666666666667,30,23,4.6,37.33333333333337,4.080145719489986,585.0333333333333,79.73197047132311,585.0333333333333,79.73197047132311,0.2040072859744993,0.9966496308915388,21.0
4,4,944,170,14,11,950.2796610169491,174.72881355932202,118,23,4.6,144.27966101694915,15.768268963601,582.271186440678,79.35552796465798,582.271186440678,79.35552796465798,0.78841344818005,0.9919440995582248,21.0
4,4,961,265,13,24,967.206008583691,276.06437768240346,233,23,4.6,161.20600858369096,17.618143014611032,480.93562231759654,65.54488890188709,480.93562231759654,65.54488890188709,0.8809071507305517,0.8193111112735887,21.0
4,4,907,385,16,17,914.7425149700599,392.5269461077844,167,23,4.6,108.74251497005991,11.884427865580319,364.4730538922156,49.67264788991013,364.4730538922156,49.67264788991013,0.5942213932790159,0.6209080986238766,21.0
4,4,911,426,14,19,917.3112244897959,434.6326530612245,196,23,4.6,111.3112244897959,12.165161146425781,322.3673469387755,43.934221047874,322.3673469387755,43.934221047874,0.6082580573212891,0.549177763098425,21.0
4,4,961,449,10,15,965.0854700854701,455.4102564102564,117,23,4.6,159.0854700854701,17.38639017327542,301.5897435897436,41.102520421089416,301.5897435897436,41.102520421089416,0.869319508663771,0.5137815052636177,21.0
4,4,954,525,15,16,960.7245508982036,532.7305389221557,167,23,4.6,154.72455089820357,16.90978698341023,224.2694610778443,30.564832855583553,224.2694610778443,30.564832855583553,0.8454893491705113,0.3820604106947944,21.0
1,1,169,734,22,17,179.42413793103447,742.196551724138,290,24,4.8,49.424137931034466,4.775279027153088,23.803448275862024,3.179091589430654,23.803448275862024,3.179091589430654,0.23876395135765444,0.03973864486788318,17.0
2,2,388,424,13,23,394.0539419087137,434.6473029045643,241,24,4.8,31.053941908713682,3.2861314189115007,328.3526970954357,44.90293293612796,328.3526970954357,44.90293293612796,0.16430657094557505,0.5612866617015995,21.0
2,2,522,483,12,21,527.4174757281553,493.0242718446602,206,24,4.8,164.4174757281553,17.398674680228073,269.9757281553398,36.91975769645673,269.9757281553398,36.91975769645673,0.8699337340114037,0.4614969712057091,21.0
2,2,382,567,11,10,386.875,571.525,80,24,4.8,23.875,2.5264550264550265,191.47500000000002,26.184615384615388,191.47500000000002,26.184615384615388,0.12632275132275134,0.32730769230769236,21.0
2,2,385,686,12,13,390.39516129032256,691.9758064516129,124,24,4.8,27.395161290322562,2.8989588667008004,71.02419354838707,9.712710228839258,71.02419354838707,9.712710228839258,0.14494794333504002,0.12140887786049073,21.0
3,3,614,544,17,16,621.734375,551.4166666666667,192,24,4.8,38.734375,4.0559554973821985,208.58333333333326,28.671248568155775,208.58333333333326,28.671248568155775,0.20279777486910994,0.3583906071019472,12.0
3,3,600,672,3,89,600.7224880382776,718.2200956937799,209,24,4.8,17.72248803827756,1.8557579097672838,41.779904306220146,5.742942172676309,41.779904306220146,5.742942172676309,0.09278789548836419,0.07178677715845386,12.0
4,4,842,170,5,4,843.8125,171.1875,16,24,4.8,37.8125,4.132513661202186,585.8125,79.8381601362862,585.8125,79.8381601362862,0.20662568306010928,0.9979770017035775,21.0
4,4,937,174,15,16,944.0875912408759,181.64963503649636,137,24,4.8,138.0875912408759,15.091540026325234,575.3503649635036,78.4123154975814,575.3503649635036,78.4123154975814,0.7545770013162617,0.9801539437197676,21.0
4,4,963,253,11,24,968.5257731958764,264.5360824742268,194,24,4.8,162.52577319587635,17.76237958424878,492.4639175257732,67.1160364600713,492.4639175257732,67.1160364600713,0.8881189792124391,0.8389504557508913,21.0
4,4,899,382,14,19,905.5325443786983,390.8757396449704,169,24,4.8,99.53254437869828,10.877873702589975,366.1242603550296,49.897684545830266,366.1242603550296,49.897684545830266,0.5438936851294988,0.6237210568228784,21.0
4,4,917,412,15,18,924.0531914893617,420.0851063829787,188,24,4.8,118.05319148936167,12.901988140913843,336.9148936170213,45.91685091884447,336.9148936170213,45.91685091884447,0.6450994070456921,0.5739606364855558,21.0
4,4,961,422,9,15,965.0619469026549,428.5929203539823,113,24,4.8,159.06194690265488,17.383819333623485,328.4070796460177,44.757353273733244,328.4070796460177,44.757353273733244,0.8691909666811742,0.5594669159216655,21.0
4,4,959,514,13,17,964.63125,521.5625,160,24,4.8,158.63125000000002,17.336748633879782,235.4375,32.08688245315162,235.4375,32.08688245315162,0.8668374316939892,0.40108603066439524,21.0
1,1,169,735,22,16,179.16724738675958,742.397212543554,287,25,5.0,49.167247386759584,4.750458684711071,23.60278745644598,3.152292147772418,23.60278745644598,3.152292147772418,0.23752293423555354,0.039403651847155226,17.0
2,2,387,423,14,24,393.99615384615385,434.3076923076923,260,25,5.0,30.996153846153845,3.2800162800162798,328.6923076923077,44.949375410913866,328.6923076923077,44.949375410913866,0.16400081400081398,0.5618671926364234,20.0
2,2,524,464,12,22,529.4663461538462,473.84134615384613,208,25,5.0,166.4663461538462,17.61548636548637,289.15865384615387,39.543063773833005,289.15865384615387,39.543063773833005,0.8807743182743185,0.4942882971729126,20.0
2,2,382,567,11,10,386.73809523809524,571.3571428571429,84,25,5.0,23.73809523809524,2.5119677500629884,191.6428571428571,26.207570207570203,191.6428571428571,26.207570207570203,0.12559838750314942,0.32759462759462754,20.0
2,2,384,686,13,13,390.1333333333333,691.925925925926,135,25,5.0,27.133333333333326,2.871252204585537,71.07407407407402,9.719531497309267,71.07407407407402,9.719531497309267,0.14356261022927685,0.12149414371636584,20.0
3,3,614,544,16,16,621.6091370558376,551.5989847715737,197,25,5.0,38.60913705583755,4.0428415765274925,208.40101522842633,28.646187660264786,208.40101522842633,28.646187660264786,0.2021420788263746,0.35807734575330985,12.0
3,3,600,672,3,89,600.7638888888889,718.2916666666666,216,25,5.0,17.763888888888914,1.8600930773705668,41.70833333333337,5.733104238258883,41.70833333333337,5.733104238258883,0.09300465386852835,0.07166380297823603,12.0
4,4,842,170,5,4,843.8125,171.1875,16,25,5.0,37.8125,4.132513661202186,585.8125,79.8381601362862,585.8125,79.8381601362862,0.20662568306010928,0.9979770017035775,20.0
4,4,863,170,18,8,871.3223140495868,172.96694214876032,121,25,5.0,65.3223140495868,7.139050715801836,584.0330578512396,79.59564672589296,584.0330578512396,79.59564672589296,0.3569525357900918,0.9949455840736621,20.0
4,4,937,174,16,16,944.6054421768707,181.312925170068,147,25,5.0,138.60544217687072,15.148135757035051,575.687074829932,78.45820440612361,575.687074829932,78.45820440612361,0.7574067878517526,0.9807275550765452,20.0
4,4,965,239,9,23,969.4277108433735,250.6987951807229,166,25,5.0,163.42771084337346,17.86095200474027,506.30120481927713,69.00186777775498,506.30120481927713,69.00186777775498,0.8930476002370135,0.8625233472219372,20.0
4,4,891,376,14,19,897.6264367816092,384.62068965517244,174,25,5.0,91.62643678160919,10.013818227498271,372.37931034482756,50.750161546143445,372.37931034482756,50.750161546143445,0.5006909113749136,0.6343770193267931,20.0
4,4,923,392,12,20,928.1890547263681,401.33830845771143,201,25,5.0,122.18905472636811,13.35399505206209,355.66169154228857,48.471780789409,355.66169154228857,48.471780789409,0.6676997526031044,0.6058972598676126,20.0
4,4,961,394,9,17,964.7142857142858,401.3968253968254,126,25,5.0,158.71428571428578,17.345823575331778,355.6031746031746,48.46380573808171,355.6031746031746,48.46380573808171,0.867291178766589,0.6057975717260214,20.0
4,4,960,505,13,18,965.8982035928144,513.2634730538922,167,25,5.0,159.8982035928144,17.47521350741141,243.7365269461078,33.21792530781708,243.7365269461078,33.21792530781708,0.8737606753705706,0.41522406634771347,20.0
4,4,844,753,14,5,850.6909090909091,755.3818181818182,55,25,5.0,44.690909090909145,4.884252359662201,1.6181818181818244,0.22053585256311065,1.6181818181818244,0.22053585256311065,0.2442126179831101,0.002756698157038883,20.0
1,1,169,735,22,16,178.8525179856115,742.3884892086331,278,26,5.2,48.85251798561151,4.7200500469189866,23.611510791366868,3.1534572008503328,23.611510791366868,3.1534572008503328,0.23600250234594933,0.039418215010629164,17.0
2,2,387,420,13,24,393.28685258964146,431.0717131474104,251,26,5.2,30.286852589641455,3.204957945993805,331.9282868525896,45.39190247556782,331.9282868525896,45.39190247556782,0.16024789729969025,0.5673987809445976,20.0
2,2,527,450,10,22,531.948275862069,460.17816091954023,174,26,5.2,168.94827586206895,17.878124429848565,302.82183908045977,41.411533549464586,302.82183908045977,41.411533549464586,0.8939062214924284,0.5176441693683073,20.0
2,2,382,567,11,11,386.77272727272725,571.5681818181818,88,26,5.2,23.772727272727252,2.5156325156325137,191.43181818181824,26.178710178710187,191.43181818181824,26.178710178710187,0.12578162578162566,0.3272338772338773,20.0
2,2,384,686,13,13,390.15671641791045,691.8507462686567,134,26,5.2,27.156716417910445,2.8737266050698884,71.14925373134326,9.72981247608113,71.14925373134326,9.72981247608113,0.14368633025349442,0.12162265595101412,20.0
3,3,614,544,16,16,621.5608465608466,551.4232804232804,189,26,5.2,38.560846560846585,4.03778498019336,208.5767195767196,28.67033946071747,208.5767195767196,28.67033946071747,0.20188924900966798,0.35837924325896836,12.0
3,3,600,675,3,86,600.7830188679245,719.433962264151,212,26,5.2,17.78301886792451,1.862096216536598,40.56603773584902,5.576087661285089,40.56603773584902,5.576087661285089,0.0931048108268299,0.0697010957660636,12.0
4,4,842,170,5,4,843.8125,171.1875,16,26,5.2,37.8125,4.132513661202186,585.8125,79.8381601362862,585.8125,79.8381601362862,0.20662568306010928,0.9979770017035775,20.0
4,4,857,170,18,10,865.3216783216783,174.25874125874125,143,26,5.2,59.32167832167829,6.483243532423857,582.7412587412588,79.41959233270988,582.7412587412588,79.41959233270988,0.32416217662119284,0.9927449041588735,20.0
4,4,938,173,16,17,945.3154362416108,180.36912751677852,149,26,5.2,139.31543624161077,15.225730736788062,576.6308724832215,78.58683100282406,576.6308724832215,78.58683100282406,0.7612865368394031,0.9823353875353007,20.0
4,4,967,228,7,22,970.280303030303,239.1969696969697,132,26,5.2,164.280303030303,17.95413147872164,517.8030303030303,70.5694078777554,517.8030303030303,70.5694078777554,0.897706573936082,0.8821175984719425,20.0
4,4,885,370,16,18,892.5168539325842,378.4325842696629,178,26,5.2,86.51685393258424,9.455393872413579,378.5674157303371,51.593514920659224,378.5674157303371,51.593514920659224,0.4727696936206789,0.6449189365082403,20.0
4,4,925,371,13,20,930.4822335025381,380.4416243654822,197,26,5.2,124.48223350253807,13.604615683337494,376.5583756345178,51.319710478298845,376.5583756345178,51.319710478298845,0.6802307841668747,0.6414963809787356,20.0
4,4,960,370,10,16,964.1129032258065,376.8709677419355,124,26,5.2,158.11290322580646,17.280098713202893,380.1290322580645,51.80634170467659,380.1290322580645,51.80634170467659,0.8640049356601446,0.6475792713084574,20.0
4,4,963,492,11,17,968.2534246575342,499.7739726027397,146,26,5.2,162.2534246575342,17.732614716670405,257.2260273972603,35.05635807799118,257.2260273972603,35.05635807799118,0.8866307358335203,0.43820447597488976,20.0
4,4,844,751,17,7,852.2022471910112,754.6179775280899,89,26,5.2,46.202247191011224,5.049425922514888,2.3820224719100906,0.32463679344600893,2.3820224719100906,0.32463679344600893,0.25247129612574437,0.0040579599180751115,20.0
1,1,169,735,22,16,179.23741007194246,742.5791366906475,278,27,5.4,49.23741007194246,4.757237688110383,23.420863309352512,3.1279950997465793,23.420863309352512,3.1279950997465793,0.23786188440551914,0.03909993874683224,17.0
2,2,386,411,12,23,391.4936170212766,421.7148936170213,235,27,5.4,28.493617021276577,3.015197568389056,341.2851063829787,46.671467539552644,341.2851063829787,46.671467539552644,0.1507598784194528,0.583393344244408,20.0
2,2,529,437,8,21,532.7464788732394,447.13380281690144,142,27,5.4,169.74647887323943,17.962590356956554,315.86619718309856,43.19537739256049,315.86619718309856,43.19537739256049,0.8981295178478277,0.5399422174070061,20.0
2,2,382,567,11,11,386.82022471910113,571.5955056179776,89,27,5.4,23.820224719101134,2.5206587004339824,191.40449438202245,26.174973590703924,191.40449438202245,26.174973590703924,0.12603293502169913,0.32718716988379903,20.0
2,2,384,686,13,13,390.17293233082705,691.8947368421053,133,27,5.4,27.172932330827052,2.8754425746906933,71.10526315789468,9.723796671165085,71.10526315789468,9.723796671165085,0.14377212873453465,0.12154745838956356,20.0
3,3,614,544,16,16,621.5729166666666,551.390625,192,27,5.4,38.57291666666663,4.0390488656195425,208.609375,28.67482817869416,208.609375,28.67482817869416,0.2019524432809771,0.35843535223367695,12.0
3,3,600,671,3,90,600.7614678899082,717.8256880733945,218,27,5.4,17.761467889908204,1.8598395696238956,42.17431192660547,5.797156278571198,42.17431192660547,5.797156278571198,0.09299197848119478,0.07246445348213998,12.0
4,4,841,170,23,12,852.236559139785,175.15591397849462,186,27,5.4,46.23655913978496,5.05317586227158,581.8440860215054,79.297320071074,581.8440860215054,79.297320071074,0.252658793113579,0.9912165008884248,19.0
4,4,941,170,10,18,945.0763888888889,178.77083333333334,144,27,5.4,139.0763888888889,15.199605343047969,578.2291666666666,78.80465644520159,578.2291666666666,78.80465644520159,0.7599802671523984,0.9850582055650198,19.0
4,4,969,218,5,20,971.379746835443,227.58227848101265,79,27,5.4,165.37974683544303,18.074289271633116,529.4177215189874,72.15233001962349,529.4177215189874,72.15233001962349,0.9037144635816559,0.9019041252452936,19.0
4,4,926,354,13,20,932.0382775119617,363.2488038277512,209,27,5.4,126.03827751196172,13.774675137919314,393.7511961722488,53.66285467424175,393.7511961722488,53.66285467424175,0.6887337568959657,0.6707856834280218,19.0
4,4,960,357,10,17,964.7482014388489,364.8129496402878,139,27,5.4,158.74820143884892,17.349530211896056,392.1870503597122,53.44968318360643,392.1870503597122,53.44968318360643,0.8674765105948029,0.6681210397950804,19.0
4,4,878,368,18,16,886.8055555555555,375.0722222222222,180,27,5.4,80.80555555555554,8.831208257437764,381.9277777777778,52.05148589816393,381.9277777777778,52.05148589816393,0.4415604128718882,0.6506435737270491,19.0
4,4,965,483,9,16,969.5495495495495,490.7837837837838,111,27,5.4,163.5495495495495,17.874267710333278,266.2162162162162,36.28159675859846,266.2162162162162,36.28159675859846,0.893713385516664,0.45351995948248075,19.0
4,4,844,740,14,18,850.5280898876405,749.056179775281,178,27,5.4,44.528089887640476,4.866457911217538,7.9438202247190475,1.0826330800298531,7.9438202247190475,1.0826330800298531,0.2433228955608769,0.013532913500373164,19.0
1,1,169,735,22,16,179.28158844765343,742.6028880866426,277,28,5.6,49.281588447653434,4.761506130208061,23.397111913357435,3.1248229600477377,23.397111913357435,3.1248229600477377,0.23807530651040307,0.039060287000596716,17.0
2,2,383,404,13,23,389.31474103585657,414.87649402390434,251,28,5.6,26.31474103585657,2.7846286810430234,348.12350597609566,47.60663329587633,348.12350597609566,47.60663329587633,0.13923143405215116,0.5950829161984541,19.0
2,2,531,424,6,19,533.8936170212766,432.8723404255319,94,28,5.6,170.89361702127655,18.08398063717212,330.1276595744681,45.14566284779051,330.1276595744681,45.14566284779051,0.9041990318586061,0.5643207855973814,19.0
2,2,383,567,11,12,387.55,572.04,100,28,5.6,24.55000000000001,2.597883597883599,190.96000000000004,26.11418803418804,190.96000000000004,26.11418803418804,0.12989417989417995,0.3264273504273505,19.0
2,2,384,686,13,14,390.1,692.0142857142857,140,28,5.6,27.100000000000023,2.86772486772487,70.98571428571427,9.707448107448105,70.98571428571427,9.707448107448105,0.1433862433862435,0.1213431013431013,19.0
3,3,614,544,16,16,621.5706806282723,551.4293193717277,191,28,5.6,38.57068062827227,4.038814725473536,208.57068062827227,28.66950936471097,208.57068062827227,28.66950936471097,0.2019407362736768,0.35836886705888704,12.0
3,3,600,671,3,89,600.6633165829146,717.6582914572864,199,28,5.6,17.663316582914604,1.8495619458549324,42.341708542713604,5.820166122709773,42.341708542713604,5.820166122709773,0.09247809729274661,0.07275207653387217,12.0
4,4,823,170,6,12,825.1090909090909,174.3272727272727,55,28,5.6,19.109090909090924,2.088425235966221,582.6727272727273,79.41025243921327,582.6727272727273,79.41025243921327,0.10442126179831106,0.9926281554901658,19.0
4,4,841,170,20,17,849.9397590361446,179.54819277108433,166,28,5.6,43.93975903614455,4.802159457502137,577.4518072289156,78.69871308060179,577.4518072289156,78.69871308060179,0.24010797287510682,0.9837339135075224,19.0
4,4,942,170,10,17,946.2042253521126,178.03521126760563,142,28,5.6,140.20422535211264,15.322866158700835,578.9647887323944,78.90491158192769,578.9647887323944,78.90491158192769,0.7661433079350418,0.986311394774096,19.0
4,4,970,206,4,18,971.7586206896551,214.6206896551724,58,28,5.6,165.75862068965512,18.115696250235533,542.3793103448276,73.91881571990835,542.3793103448276,73.91881571990835,0.9057848125117766,0.9239851964988545,19.0
4,4,963,332,9,18,966.8666666666667,340.0814814814815,135,28,5.6,160.86666666666667,17.581056466302368,416.9185185185185,56.820241024670324,416.9185185185185,56.820241024670324,0.8790528233151185,0.710253012808379,19.0
4,4,925,357,13,20,930.9560975609756,365.8731707317073,205,28,5.6,124.95609756097565,13.656404105024661,391.1268292682927,53.305189678813306,391.1268292682927,53.305189678813306,0.6828202052512331,0.6663148709851664,19.0
4,4,872,361,17,18,880.0279329608938,369.41899441340786,179,28,5.6,74.02793296089385,8.090484476600421,387.58100558659214,52.82194283973999,387.58100558659214,52.82194283973999,0.404524223830021,0.6602742854967498,19.0
4,4,969,472,5,16,971.1884057971015,479.7391304347826,69,28,5.6,165.1884057971015,18.05337768274333,277.2608695652174,37.78683060514036,277.2608695652174,37.78683060514036,0.9026688841371666,0.47233538256425445,19.0
4,4,843,729,12,21,848.3419689119171,739.020725388601,193,28,5.6,42.34196891191709,4.627537586001868,17.979274611398978,2.450327033921496,17.979274611398978,2.450327033921496,0.2313768793000934,0.0306290879240187,19.0
1,1,169,735,23,17,179.3169014084507,742.806338028169,284,29,5.8,49.31690140845069,4.764918010478327,23.193661971831034,3.0976510146018077,23.193661971831034,3.0976510146018077,0.23824590052391637,0.038720637682522596,17.0
2,2,382,398,13,23,388.2936507936508,409.01190476190476,252,29,5.8,25.293650793650784,2.6765768035609296,353.98809523809524,48.40862840862841,353.98809523809524,48.40862840862841,0.13382884017804647,0.6051078551078551,19.0
2,2,533,409,4,19,534.6615384615385,417.89230769230767,65,29,5.8,171.6615384615385,18.16524216524217,345.10769230769233,47.19421433267588,345.10769230769233,47.19421433267588,0.9082621082621084,0.5899276791584485,19.0
2,2,382,567,13,11,387.5576923076923,571.7692307692307,104,29,5.8,24.55769230769232,2.5986975986976,191.23076923076928,26.151216305062466,191.23076923076928,26.151216305062466,0.12993487993488,0.3268902038132808,19.0
2,2,384,686,13,14,390.22463768115944,692.036231884058,138,29,5.8,27.224637681159436,2.8809140403343316,70.963768115942,9.704446921838223,70.963768115942,9.704446921838223,0.1440457020167166,0.12130558652297778,19.0
3,3,614,544,16,16,621.5608465608466,551.4232804232804,189,29,5.8,38.560846560846585,4.03778498019336,208.5767195767196,28.67033946071747,208.5767195767196,28.67033946071747,0.20188924900966798,0.35837924325896836,12.0
3,3,600,673,3,88,600.6930693069307,719.2871287128713,202,29,5.8,17.693069306930738,1.8526774143382971,40.71287128712868,5.596270967302911,40.71287128712868,5.596270967302911,0.09263387071691485,0.06995338709128639,12.0
4,4,827,170,20,19,835.8711111111111,177.77777777777777,225,29,5.8,29.871111111111077,3.264602307225254,579.2222222222222,78.93999621427218,579.2222222222222,78.93999621427218,0.16323011536126272,0.9867499526784024,20.0
4,4,942,170,10,17,946.0,178.0300751879699,133,29,5.8,140.0,15.300546448087431,578.9699248120301,78.90561155870938,578.9699248120301,78.90561155870938,0.7650273224043715,0.9863201444838672,20.0
4,4,971,195,3,17,972.088888888889,202.95555555555555,45,29,5.8,166.08888888888896,18.1517911353977,554.0444444444445,75.50861253075905,554.0444444444445,75.50861253075905,0.9075895567698851,0.9438576566344881,20.0
4,4,965,305,9,17,969.0,312.74789915966386,119,29,5.8,163.0,17.814207650273225,444.25210084033614,60.54543111963695,444.25210084033614,60.54543111963695,0.8907103825136612,0.7568178889954619,20.0
4,4,865,349,13,19,871.1506024096385,357.8253012048193,166,29,5.8,65.15060240963851,7.120284416353935,399.1746987951807,54.40200324295478,399.1746987951807,54.40200324295478,0.3560142208176968,0.6800250405369347,20.0
4,4,925,358,13,20,931.4607843137255,367.1372549019608,204,29,5.8,125.46078431372553,13.711561127183117,389.8627450980392,53.13291244947724,389.8627450980392,53.13291244947724,0.6855780563591559,0.6641614056184655,20.0
4,4,969,467,5,15,971.1692307692308,473.7692307692308,65,29,5.8,165.1692307692308,18.051282051282055,283.2307692307692,38.6004455510418,283.2307692307692,38.6004455510418,0.9025641025641028,0.4825055693880225,20.0
4,4,842,713,11,20,846.8296703296703,722.478021978022,182,29,5.8,40.82967032967031,4.462259052422985,34.52197802197804,4.704869236385424,34.52197802197804,4.704869236385424,0.22311295262114922,0.05881086545481779,20.0
1,1,169,735,23,17,179.1048951048951,742.8321678321678,286,30,6.0,49.10489510489509,4.7444343096517,23.167832167832216,3.0942012911962893,23.167832167832216,3.0942012911962893,0.237221715482585,0.03867751613995361,17.0
2,2,380,389,14,21,386.287037037037,398.6296296296296,216,30,6.0,23.28703703703701,2.4642367234959797,364.3703703703704,49.82842671731561,364.3703703703704,49.82842671731561,0.123211836174799,0.6228553339664451,19.0
2,2,533,401,4,16,534.7307692307693,408.0769230769231,52,30,6.0,171.73076923076928,18.172568172568177,354.9230769230769,48.536489151873766,354.9230769230769,48.536489151873766,0.9086284086284089,0.606706114398422,19.0
2,2,382,567,13,12,387.91818181818184,571.9909090909091,110,30,6.0,24.918181818181836,2.6368446368446388,191.0090909090909,26.12090132090132,191.0090909090909,26.12090132090132,0.13184223184223193,0.3265112665112665,19.0
2,2,385,686,13,14,390.7482014388489,692.2374100719425,139,30,6.0,27.748201438848923,2.9363176125766057,70.76258992805754,9.676935374777099,70.76258992805754,9.676935374777099,0.14681588062883028,0.12096169218471374,19.0
3,3,614,544,16,16,621.5053191489362,551.5372340425531,188,30,6.0,38.50531914893622,4.031970591511646,208.4627659574469,28.65467573298239,208.4627659574469,28.65467573298239,0.20159852957558233,0.35818344666227986,12.0
3,3,600,672,3,89,600.6582914572864,718.7437185929648,199,30,6.0,17.658291457286396,1.849035754689675,41.2562814070352,5.670966516430956,41.2562814070352,5.670966516430956,0.09245178773448375,0.07088708145538694,12.0
4,4,823,170,9,7,827.188679245283,172.52830188679246,53,30,6.0,21.18867924528297,2.315702649757702,584.4716981132076,79.65542734081194,584.4716981132076,79.65542734081194,0.11578513248788508,0.9956928417601493,19.0
4,4,836,170,12,5,841.6190476190476,171.35714285714286,42,30,6.0,35.61904761904759,3.892792089513398,585.6428571428571,79.81504015575565,585.6428571428571,79.81504015575565,0.19463960447566991,0.9976880019469456,19.0
4,4,937,170,11,17,941.5611510791367,177.54676258992805,139,30,6.0,135.56115107913672,14.815426347446635,579.453237410072,78.97148039660266,579.453237410072,78.97148039660266,0.7407713173723318,0.9871435049575332,19.0
4,4,971,179,3,18,972.04,187.48,50,30,6.0,166.03999999999996,18.14644808743169,569.52,77.61771720613288,569.52,77.61771720613288,0.9073224043715845,0.970221465076661,19.0
4,4,969,276,5,14,971.1967213114754,282.39344262295083,61,30,6.0,165.19672131147536,18.054286482128454,474.60655737704917,64.68232468511744,474.60655737704917,64.68232468511744,0.9027143241064227,0.808529058563968,19.0
4,4,861,341,13,20,866.9257142857143,350.6514285714286,175,30,6.0,60.92571428571432,6.658548009367685,406.3485714285714,55.37970309077634,406.3485714285714,55.37970309077634,0.33292740046838426,0.6922462886347043,19.0
4,4,925,358,13,20,931.1601941747573,367.29611650485435,206,30,6.0,125.1601941747573,13.678709745875114,389.70388349514565,53.11126180513058,389.70388349514565,53.11126180513058,0.6839354872937558,0.6638907725641323,19.0
4,4,969,450,5,14,971.1803278688525,456.55737704918033,61,30,6.0,165.1803278688525,18.052494849054916,300.44262295081967,40.946183707096374,300.44262295081967,40.946183707096374,0.9026247424527458,0.5118272963387047,19.0
4,4,843,699,12,21,847.9948717948718,708.9794871794871,195,30,6.0,41.994871794871756,4.589603474849373,48.02051282051286,6.54453326344298,48.02051282051286,6.54453326344298,0.22948017374246862,0.08180666579303725,19.0
1,1,169,735,22,17,178.993006993007,742.8426573426574,286,31,6.2,48.993006993006986,4.733623864058646,23.15734265734261,3.0928003549038543,23.15734265734261,3.0928003549038543,0.2366811932029323,0.03866000443629818,17.0
2,2,380,377,12,22,384.65346534653463,386.88613861386136,202,31,6.2,21.65346534653463,2.2913719943422888,376.11386138613864,51.434374206651434,376.11386138613864,51.434374206651434,0.11456859971711444,0.642929677583143,18.0
2,2,533,398,4,17,534.6724137931035,405.7758620689655,58,31,6.2,171.6724137931035,18.166392993979205,357.2241379310345,48.85116416150899,357.2241379310345,48.85116416150899,0.9083196496989603,0.6106395520188623,18.0
2,2,382,567,13,12,387.98319327731093,572.1512605042017,119,31,6.2,24.98319327731093,2.643724156329199,190.84873949579833,26.098972922502334,190.84873949579833,26.098972922502334,0.13218620781645996,0.3262371615312792,18.0
2,2,385,687,13,14,390.77777777777777,692.8819444444445,144,31,6.2,27.77777777777777,2.9394473838918276,70.11805555555554,9.588793922127254,70.11805555555554,9.588793922127254,0.1469723691945914,0.11985992402659067,18.0
3,3,614,544,16,16,621.4920634920635,551.3439153439153,189,31,6.2,38.492063492063494,4.030582564613979,208.65608465608466,28.68124874997727,208.65608465608466,28.68124874997727,0.20152912823069893,0.3585156093747159,12.0
3,3,600,666,3,95,600.6682242990654,715.873831775701,214,31,6.2,17.6682242990654,1.8500758428340733,44.12616822429902,6.06545267687959,44.12616822429902,6.06545267687959,0.09250379214170366,0.07581815846099488,12.0
4,4,933,170,16,7,940.1739130434783,172.57608695652175,92,31,6.2,134.17391304347825,14.663815633167022,584.4239130434783,79.64891489519295,584.4239130434783,79.64891489519295,0.733190781658351,0.9956114361899119,20.0
4,4,971,170,3,12,972.1724137931035,174.68965517241378,29,31,6.2,166.1724137931035,18.16091954022989,582.3103448275863,79.36086471244786,582.3103448275863,79.36086471244786,0.9080459770114945,0.9920108089055985,20.0
4,4,971,250,3,11,972.0689655172414,254.9655172413793,29,31,6.2,166.0689655172414,18.1496137177313,502.0344827586207,68.42037243729072,502.0344827586207,68.42037243729072,0.907480685886565,0.8552546554661341,20.0
4,4,855,351,20,12,864.430303030303,355.9939393939394,165,31,6.2,58.43030303030298,6.385825467792675,401.0060606060606,54.651592586856644,401.0060606060606,54.651592586856644,0.31929127338963376,0.683144907335708,20.0
4,4,925,358,13,20,931.1044776119403,367.00995024875624,201,31,6.2,125.1044776119403,13.67262050403719,389.99004975124376,53.15026231703492,389.99004975124376,53.15026231703492,0.6836310252018596,0.6643782789629366,20.0
4,4,970,433,4,14,971.5686274509803,439.1372549019608,51,31,6.2,165.56862745098033,18.094931961855774,317.8627450980392,43.32030597588269,317.8627450980392,43.32030597588269,0.9047465980927887,0.5415038246985336,20.0
4,4,846,681,13,21,851.9253731343283,690.8059701492538,201,31,6.2,45.92537313432831,5.019166462768121,66.19402985074623,9.021332858704767,66.19402985074623,9.021332858704767,0.25095832313840605,0.1127666607338096,20.0
1,1,169,736,23,16,179.43006993006992,743.0664335664336,286,32,6.4,49.43006993006992,4.775852167156514,22.933566433566398,3.062913713998851,22.933566433566398,3.062913713998851,0.2387926083578257,0.03828642142498564,17.0
2,2,380,367,11,21,384.2972972972973,376.42702702702707,185,32,6.4,21.29729729729729,2.253682253682253,386.57297297297293,52.86468006468006,386.57297297297293,52.86468006468006,0.11268411268411266,0.6608085008085007,18.0
2,2,533,399,4,16,534.875,406.20833333333337,48,32,6.4,171.875,18.187830687830687,356.79166666666663,48.792022792022784,356.79166666666663,48.792022792022784,0.9093915343915344,0.6099002849002848,18.0
2,2,383,567,12,12,388.2280701754386,572.1228070175439,114,32,6.4,25.228070175438575,2.6696370556019655,190.8771929824561,26.102863997600835,190.8771929824561,26.102863997600835,0.13348185278009828,0.32628579997001045,18.0
2,2,385,687,13,15,390.45205479452056,693.5958904109589,146,32,6.4,27.452054794520564,2.9049793433355093,69.40410958904113,9.491160285680838,69.40410958904113,9.491160285680838,0.14524896716677546,0.11863950357101047,18.0
3,3,614,544,16,16,621.4731182795699,551.5,186,32,6.4,38.47311827956992,4.0285987727298345,208.5,28.65979381443299,208.5,28.65979381443299,0.20142993863649172,0.3582474226804124,12.0
3,3,600,660,3,101,600.6995708154507,713.1030042918455,233,32,6.4,17.69957081545067,1.8533582005707507,46.89699570815446,6.446322434110579,46.89699570815446,6.446322434110579,0.09266791002853754,0.08057903042638224,12.0
4,4,934,170,16,6,941.0864197530864,172.17283950617283,81,32,6.4,135.08641975308637,14.76354314241381,584.8271604938271,79.70387195827287,584.8271604938271,79.70387195827287,0.7381771571206905,0.9962983994784108,20.0
4,4,971,170,3,4,971.9090909090909,171.36363636363637,11,32,6.4,165.90909090909088,18.13214108296075,585.6363636363636,79.81415518042434,585.6363636363636,79.81415518042434,0.9066070541480375,0.9976769397553042,20.0
4,4,971,220,3,10,972.0769230769231,224.46153846153845,26,32,6.4,166.0769230769231,18.150483396385038,532.5384615384615,72.5776438212554,532.5384615384615,72.5776438212554,0.9075241698192519,0.9072205477656926,20.0
4,4,923,354,14,20,929.5242718446602,363.56796116504853,206,32,6.4,123.52427184466023,13.499920420181446,393.43203883495147,53.61935793321315,393.43203883495147,53.61935793321315,0.6749960210090723,0.6702419741651643,20.0
4,4,846,358,21,10,855.8589743589744,362.0769230769231,156,32,6.4,49.858974358974365,5.449068235953482,394.9230769230769,53.822565849823086,394.9230769230769,53.822565849823086,0.2724534117976741,0.6727820731227886,20.0
4,4,969,421,5,15,971.1194029850747,427.43283582089555,67,32,6.4,165.11940298507466,18.045836391811438,329.56716417910445,44.91545678761219,329.56716417910445,44.91545678761219,0.9022918195905719,0.5614432098451524,20.0
4,4,849,672,16,19,855.9705882352941,680.5441176470588,204,32,6.4,49.970588235294144,5.461266473802639,76.45588235294122,10.419881751678531,76.45588235294122,10.419881751678531,0.2730633236901319,0.13024852189598163,20.0
1,1,169,736,22,16,179.26739926739927,743.018315018315,273,33,6.6,49.26739926739927,4.760135194917804,22.98168498168502,3.0693402312767972,22.98168498168502,3.0693402312767972,0.2380067597458902,0.03836675289095997,17.0
2,2,380,364,10,21,383.8342857142857,373.6,175,33,6.6,20.834285714285727,2.2046863189720347,389.4,53.251282051282054,389.4,53.251282051282054,0.11023431594860172,0.6656410256410256,18.0
2,2,534,398,3,14,535.081081081081,404.05405405405406,37,33,6.6,172.08108108108104,18.209638209638204,358.94594594594594,49.086625086625084,358.94594594594594,49.086625086625084,0.9104819104819103,0.6135828135828135,18.0
2,2,383,567,13,12,388.52941176470586,572.1512605042017,119,33,6.6,25.529411764705856,2.701525054466228,190.84873949579833,26.098972922502334,190.84873949579833,26.098972922502334,0.13507625272331142,0.3262371615312792,18.0
2,2,385,687,13,15,390.8811188811189,693.4545454545455,143,33,6.6,27.88111888111888,2.9503829503829504,69.5454545454545,9.510489510489505,69.5454545454545,9.510489510489505,0.14751914751914752,0.11888111888111881,18.0
3,3,614,544,16,16,621.5873015873016,551.4920634920635,189,33,6.6,38.58730158730157,4.040555140031578,208.5079365079365,28.660884743358967,208.5079365079365,28.660884743358967,0.20202775700157888,0.35826105929198715,12.0
3,3,600,660,3,101,600.7215189873418,713.1012658227849,237,33,6.6,17.721518987341824,1.8556564384651124,46.89873417721515,6.446561398929917,46.89873417721515,6.446561398929917,0.09278282192325563,0.08058201748662397,12.0
4,4,856,170,12,5,861.6304347826087,171.58695652173913,46,33,6.6,55.630434782608745,6.079828937990027,585.4130434782609,79.78371972446486,585.4130434782609,79.78371972446486,0.30399144689950136,0.9972964965558107,21.0
4,4,934,170,16,6,940.9876543209876,172.17283950617283,81,33,6.6,134.98765432098764,14.752749106118868,584.8271604938271,79.70387195827287,584.8271604938271,79.70387195827287,0.7376374553059434,0.9962983994784108,21.0
4,4,970,200,4,11,971.7647058823529,204.58823529411765,34,33,6.6,165.76470588235293,18.116361298617807,552.4117647058823,75.28610081170457,552.4117647058823,75.28610081170457,0.9058180649308903,0.9410762601463072,21.0
4,4,922,351,14,19,928.3497536945813,359.90640394088666,203,33,6.6,122.3497536945813,13.371557780828557,397.09359605911334,54.11837765711936,397.09359605911334,54.11837765711936,0.6685778890414279,0.6764797207139921,21.0
4,4,841,358,20,9,850.3809523809524,361.9795918367347,147,33,6.6,44.38095238095241,4.850377309393706,395.0204081632653,53.835830754789136,395.0204081632653,53.835830754789136,0.2425188654696853,0.6729478844348642,21.0
4,4,966,417,8,15,969.8380952380952,423.8095238095238,105,33,6.6,163.8380952380952,17.90580275826177,333.1904761904762,45.40926421675996,333.1904761904762,45.40926421675996,0.8952901379130885,0.5676158027094995,21.0
4,4,853,670,18,15,861.1060606060606,676.6969696969697,198,33,6.6,55.10606060606062,6.022520284815369,80.30303030303025,10.944194930566304,80.30303030303025,10.944194930566304,0.30112601424076846,0.1368024366320788,21.0
1,1,170,736,21,16,179.30943396226417,743.2339622641509,265,34,6.8,49.309433962264166,4.764196518093156,22.766037735849068,3.0405392635524633,22.766037735849068,3.0405392635524633,0.2382098259046578,0.03800674079440579,17.0
2,2,380,355,9,21,383.35483870967744,364.6774193548387,155,34,6.8,20.354838709677438,2.1539511862092526,398.3225806451613,54.47146401985111,398.3225806451613,54.47146401985111,0.10769755931046264,0.680893300248139,18.0
2,2,534,397,3,14,535.1111111111111,403.19444444444446,36,34,6.8,172.1111111111111,18.212815990593764,359.80555555555554,49.20417853751187,359.80555555555554,49.20417853751187,0.9106407995296882,0.6150522317188983,18.0
2,2,383,567,13,12,388.53846153846155,572.0683760683761,117,34,6.8,25.538461538461547,2.7024827024827034,190.9316239316239,26.11030754620498,190.9316239316239,26.11030754620498,0.13512413512413518,0.3263788443275622,18.0
2,2,385,687,13,15,391.2721088435374,693.4625850340136,147,34,6.8,28.27210884353741,2.9917575495806785,69.53741496598639,9.509390080818651,69.53741496598639,9.509390080818651,0.1495878774790339,0.11886737601023314,18.0
3,3,614,544,16,16,621.5079365079365,551.4973544973545,189,34,6.8,38.507936507936506,4.032244660516912,208.50264550264546,28.66015745740831,208.50264550264546,28.66015745740831,0.20161223302584558,0.3582519682176039,12.0
3,3,600,660,3,101,600.6289592760181,712.6289592760181,221,34,6.8,17.628959276018122,1.8459643220961384,47.37104072398188,6.511483261028437,47.37104072398188,6.511483261028437,0.09229821610480692,0.08139354076285546,12.0
4,4,855,170,14,10,861.96875,173.53125,96,34,6.8,55.96875,6.116803278688525,583.46875,79.51873935264055,583.46875,79.51873935264055,0.30584016393442626,0.9939842419080068,22.0
4,4,934,170,16,6,941.175,172.1625,80,34,6.8,135.17499999999995,14.773224043715842,584.8375,79.7052810902896,584.8375,79.7052810902896,0.7386612021857921,0.9963160136286201,22.0
4,4,970,179,4,14,971.6326530612245,184.9591836734694,49,34,6.8,165.63265306122446,18.101929296308683,572.0408163265306,77.96126968675034,572.0408163265306,77.96126968675034,0.9050964648154342,0.9745158710843792,22.0
4,4,920,348,14,19,926.3208556149733,357.2513368983957,187,34,6.8,120.32085561497331,13.149820285789433,399.7486631016043,54.48022665779956,399.7486631016043,54.48022665779956,0.6574910142894717,0.6810028332224946,22.0
4,4,836,360,18,9,844.0074074074074,363.762962962963,135,34,6.8,38.00740740740741,4.153815017202996,393.237037037037,53.5927818789829,393.237037037037,53.5927818789829,0.2076907508601498,0.6699097734872862,22.0
4,4,963,415,11,16,968.255033557047,422.32214765100673,149,34,6.8,162.255033557047,17.732790552682733,334.67785234899327,45.61197306289517,334.67785234899327,45.61197306289517,0.8866395276341366,0.5701496632861895,22.0
4,4,859,669,19,12,867.510752688172,674.8172043010752,186,34,6.8,61.51075268817203,6.722486632587107,82.18279569892479,11.20038101518566,82.18279569892479,11.20038101518566,0.3361243316293554,0.14000476268982076,22.0
1,1,168,735,24,17,178.83448275862068,742.6103448275862,290,35,7.0,48.83448275862068,4.7183075129102106,23.389655172413768,3.1238270681020057,23.389655172413768,3.1238270681020057,0.23591537564551054,0.03904783835127507,17.0
2,2,380,345,9,21,383.2631578947368,354.8092105263158,152,35,7.0,20.26315789473682,2.144249512670563,408.1907894736842,55.820962663067924,408.1907894736842,55.820962663067924,0.10721247563352815,0.6977620332883491,18.0
2,2,534,396,3,16,535.0697674418604,403.04651162790697,43,35,7.0,172.06976744186045,18.208440999138674,359.95348837209303,49.224408666269134,359.95348837209303,49.224408666269134,0.9104220499569335,0.6153051083283642,18.0
2,2,383,567,13,12,388.54782608695655,571.9652173913043,115,35,7.0,25.547826086956547,2.7034736599954017,191.03478260869565,26.124414715719062,191.03478260869565,26.124414715719062,0.1351736829997701,0.3265551839464883,18.0
2,2,385,689,13,14,390.5531914893617,695.0,141,35,7.0,27.553191489361723,2.9156816390858964,68.0,9.2991452991453,68.0,9.2991452991453,0.14578408195429482,0.11623931623931624,18.0
3,3,614,544,16,17,621.4,551.8,195,35,7.0,38.39999999999998,4.020942408376961,208.20000000000005,28.618556701030933,208.20000000000005,28.618556701030933,0.20104712041884804,0.35773195876288666,12.0
3,3,600,660,3,101,600.6826086956522,713.0130434782609,230,35,7.0,17.68260869565222,1.8515820623719603,46.9869565217391,6.4586881816823505,46.9869565217391,6.4586881816823505,0.09257910311859802,0.08073360227102938,12.0
4,4,855,170,15,9,862.2574257425742,173.2970297029703,101,35,7.0,56.25742574257424,6.1483525401720485,583.7029702970297,79.55066034712499,583.7029702970297,79.55066034712499,0.3074176270086024,0.9943832543390624,22.0
4,4,934,170,15,7,940.3827160493827,172.3827160493827,81,35,7.0,134.38271604938268,14.686635633812315,584.6172839506173,79.67526868151513,584.6172839506173,79.67526868151513,0.7343317816906157,0.9959408585189392,22.0
4,4,970,174,4,14,971.7021276595744,180.14893617021278,47,35,7.0,165.70212765957444,18.10952214858737,576.8510638297872,78.61684004494545,576.8510638297872,78.61684004494545,0.9054761074293686,0.9827105005618181,22.0
4,4,916,338,13,18,921.8736263736264,346.36813186813185,182,35,7.0,115.8736263736264,12.663784303128567,410.63186813186815,55.963457326319336,410.63186813186815,55.963457326319336,0.6331892151564283,0.6995432165789918,22.0
4,4,829,356,17,10,836.2857142857143,360.56349206349205,126,35,7.0,30.285714285714334,3.309914129586266,396.43650793650795,54.028825613152705,396.43650793650795,54.028825613152705,0.1654957064793133,0.6753603201644087,22.0
4,4,959,414,14,17,965.4219653179191,421.6705202312139,173,35,7.0,159.4219653179191,17.42316560851575,335.3294797687861,45.70078088842059,335.3294797687861,45.70078088842059,0.8711582804257875,0.5712597611052573,22.0
4,4,868,675,20,13,876.7112299465241,681.4010695187166,187,35,7.0,70.7112299465241,7.728003272844163,75.59893048128345,10.303091036631475,75.59893048128345,10.303091036631475,0.3864001636422082,0.12878863795789344,22.0
1,1,169,735,23,17,179.1263157894737,742.7543859649123,285,36,7.2,49.12631578947369,4.746503941011951,23.24561403508767,3.1045895205459324,23.24561403508767,3.1045895205459324,0.23732519705059754,0.038807369006824154,17.0
2,2,380,336,9,20,383.24475524475525,345.013986013986,143,36,7.2,20.244755244755254,2.1423021423021433,417.986013986014,57.16048054509592,417.986013986014,57.16048054509592,0.10711510711510716,0.7145060068136991,18.0
2,2,534,396,3,15,535.075,402.55,40,36,7.2,172.07500000000005,18.208994708994712,360.45,49.292307692307695,360.45,49.292307692307695,0.9104497354497357,0.6161538461538462,18.0
2,2,383,567,13,12,388.46153846153845,572.008547008547,117,36,7.2,25.461538461538453,2.6943426943426934,190.991452991453,26.118489297976478,190.991452991453,26.118489297976478,0.13471713471713467,0.326481116224706,18.0
2,2,385,687,13,15,390.6577181208054,693.6040268456376,149,36,7.2,27.657718120805384,2.926742658286284,69.39597315436242,9.490047610852981,69.39597315436242,9.490047610852981,0.14633713291431422,0.11862559513566226,18.0
3,3,614,544,16,18,621.3451776649746,552.1675126903554,197,36,7.2,38.345177664974585,4.015201849735559,207.83248730964465,28.56803949273466,207.83248730964465,28.56803949273466,0.20076009248677792,0.3571004936591832,12.0
3,3,600,667,3,94,600.7181818181818,715.4363636363636,220,36,7.2,17.718181818181847,1.8553069966682563,44.56363636363642,6.125585754451741,44.56363636363642,6.125585754451741,0.09276534983341281,0.07656982193064676,12.0
4,4,863,170,17,7,870.6315789473684,172.4,95,36,7.2,64.63157894736844,7.063560540696004,584.6,79.67291311754686,584.6,79.67291311754686,0.3531780270348002,0.9959114139693357,23.0
4,4,932,170,16,6,938.9054054054054,172.1216216216216,74,36,7.2,132.90540540540542,14.525180918623542,584.8783783783783,79.71085224918274,584.8783783783783,79.71085224918274,0.7262590459311772,0.9963856531147842,23.0
4,4,970,170,4,11,971.6756756756756,174.48648648648648,37,36,7.2,165.67567567567562,18.106631221385314,582.5135135135135,79.38855380081955,582.5135135135135,79.38855380081955,0.9053315610692657,0.9923569225102445,23.0
4,4,914,328,12,19,919.7213114754098,336.92349726775956,183,36,7.2,113.72131147540983,12.428558631192331,420.07650273224044,57.2506306960464,420.07650273224044,57.2506306960464,0.6214279315596166,0.71563288370058,23.0
4,4,823,353,15,12,829.7017543859649,358.57894736842104,114,36,7.2,23.701754385964932,2.5903556705972606,398.42105263157896,54.29929167040258,398.42105263157896,54.29929167040258,0.129517783529863,0.6787411458800323,23.0
4,4,952,417,16,14,959.577380952381,423.23809523809524,168,36,7.2,153.57738095238096,16.78441321883945,333.76190476190476,45.48714204591547,333.76190476190476,45.48714204591547,0.8392206609419725,0.5685892755739433,23.0
4,4,878,679,21,13,887.5497382198953,685.109947643979,191,36,7.2,81.54973821989529,8.91253969616342,71.89005235602099,9.797622126885313,71.89005235602099,9.797622126885313,0.445626984808171,0.12247027658606642,23.0
1,1,169,736,23,16,178.8581560283688,742.9787234042553,282,37,7.4,48.858156028368796,4.720594785349642,23.021276595744666,3.0746279259759155,23.021276595744666,3.0746279259759155,0.2360297392674821,0.03843284907469894,17.0
2,2,380,326,8,20,383.0148148148148,335.3407407407407,135,37,7.4,20.014814814814827,2.1179698216735265,427.6592592592593,58.48331750553974,427.6592592592593,58.48331750553974,0.10589849108367633,0.7310414688192466,18.0
2,2,533,396,4,15,534.9302325581396,402.51162790697674,43,37,7.4,171.93023255813955,18.193675402977732,360.48837209302326,49.29755515802028,360.48837209302326,49.29755515802028,0.9096837701488865,0.6162194394752535,18.0
2,2,383,567,13,11,388.44347826086954,571.9130434782609,115,37,7.4,25.44347826086954,2.6924315619967767,191.08695652173913,26.131549609810477,191.08695652173913,26.131549609810477,0.13462157809983882,0.326644370122631,18.0
2,2,385,688,13,14,390.75694444444446,694.0555555555555,144,37,7.4,27.756944444444457,2.937242798353911,68.94444444444446,9.428300094966763,68.94444444444446,9.428300094966763,0.14686213991769553,0.11785375118708455,18.0
3,3,615,545,15,17,621.775956284153,552.4262295081967,183,37,7.4,38.77595628415304,4.060309558550056,207.57377049180332,28.532477043546848,207.57377049180332,28.532477043546848,0.20301547792750282,0.3566559630443356,12.0
3,3,600,667,3,92,600.75,714.4045454545454,220,37,7.4,17.75,1.8586387434554974,45.59545454545457,6.2674164323648895,45.59545454545457,6.2674164323648895,0.09293193717277487,0.07834270540456112,12.0
4,4,881,170,17,5,888.5945945945946,171.77027027027026,74,37,7.4,82.59459459459458,9.026731649682468,585.2297297297298,79.75873659008244,585.2297297297298,79.75873659008244,0.4513365824841234,0.9969842073760303,22.0
4,4,933,170,15,6,939.5394736842105,172.18421052631578,76,37,7.4,133.53947368421052,14.594477998274375,584.8157894736842,79.70232224513583,584.8157894736842,79.70232224513583,0.7297238999137187,0.9962790280641979,22.0
4,4,968,170,6,14,970.7857142857142,175.75714285714287,70,37,7.4,164.78571428571422,18.009367681498823,581.2428571428571,79.21538087125822,581.2428571428571,79.21538087125822,0.9004683840749411,0.9901922608907276,22.0
4,4,911,311,12,20,916.2717391304348,320.2391304347826,184,37,7.4,110.27173913043475,12.051556189118552,436.7608695652174,59.52447966817273,436.7608695652174,59.52447966817273,0.6025778094559276,0.7440559958521591,22.0
4,4,823,354,10,10,826.5405405405405,359.0405405405405,74,37,7.4,20.54054054054052,2.244867818638308,397.9594594594595,54.23638289055666,397.9594594594595,54.23638289055666,0.1122433909319154,0.6779547861319583,22.0
4,4,941,414,18,17,949.6435643564356,421.36633663366337,202,37,7.4,143.6435643564356,15.698750202889137,335.63366336633663,45.742236915344,335.63366336633663,45.742236915344,0.7849375101444569,0.5717779614418,22.0
4,4,893,676,23,12,903.5825242718447,681.4708737864078,206,37,7.4,97.5825242718447,10.66475675102128,75.52912621359224,10.293577678172706,75.52912621359224,10.293577678172706,0.5332378375510639,0.12866972097715884,22.0
1,1,168,736,24,16,178.8256227758007,742.9608540925267,281,38,7.6,48.825622775800696,4.717451475922773,23.039145907473312,3.0770144784605424,23.039145907473312,3.0770144784605424,0.23587257379613863,0.03846268098075678,17.0
2,2,380,329,9,20,383.14814814814815,337.31851851851854,135,38,7.6,20.148148148148152,2.1320791691162064,425.68148148148146,58.21285216840772,425.68148148148146,58.21285216840772,0.10660395845581033,0.7276606521050965,18.0
2,2,533,396,4,16,534.9555555555555,402.8666666666667,45,38,7.6,171.95555555555552,18.19635508524397,360.1333333333333,49.24900284900284,360.1333333333333,49.24900284900284,0.9098177542621986,0.6156125356125356,18.0
2,2,383,567,13,12,388.6271186440678,572.1864406779662,118,38,7.6,25.62711864406782,2.7118644067796636,190.81355932203383,26.09416195856873,190.81355932203383,26.09416195856873,0.1355932203389832,0.3261770244821091,18.0
2,2,385,688,13,15,390.81456953642385,694.4370860927153,151,38,7.6,27.814569536423846,2.943340691685063,68.56291390728472,9.37612497877398,68.56291390728472,9.37612497877398,0.14716703458425315,0.11720156223467475,18.0
3,3,614,545,16,16,621.378947368421,552.3315789473684,190,38,7.6,38.378947368420995,4.018737944337277,207.66842105263163,28.545487429915,207.66842105263163,28.545487429915,0.20093689721686384,0.3568185928739375,12.0
3,3,600,667,3,94,600.6760563380282,715.4037558685446,213,38,7.6,17.67605633802816,1.8508959516259855,44.596244131455364,6.130067921849535,44.596244131455364,6.130067921849535,0.09254479758129927,0.07662584902311918,12.0
4,4,897,170,7,3,899.7058823529412,170.8235294117647,17,38,7.6,93.70588235294122,10.241080038572811,586.1764705882354,79.88776430504059,586.1764705882354,79.88776430504059,0.5120540019286405,0.9985970538130075,22.0
4,4,933,170,16,6,939.8227848101266,172.16455696202533,79,38,7.6,133.82278481012656,14.625440962855363,584.8354430379746,79.70500075474952,584.8354430379746,79.70500075474952,0.7312720481427681,0.9963125094343691,22.0
4,4,969,170,5,11,971.2666666666667,174.24444444444444,45,38,7.6,165.26666666666665,18.061930783242257,582.7555555555556,79.42154079121711,582.7555555555556,79.42154079121711,0.9030965391621129,0.9927692598902139,22.0
4,4,911,292,11,21,916.0421052631579,301.83684210526314,190,38,7.6,110.04210526315785,12.02645959160195,455.16315789473686,62.03245763471711,455.16315789473686,62.03245763471711,0.6013229795800975,0.7754057204339639,22.0
4,4,823,359,5,8,824.5,362.3,30,38,7.6,18.5,2.021857923497268,394.7,53.79216354344123,394.7,53.79216354344123,0.10109289617486339,0.6724020442930153,22.0
4,4,929,413,20,16,938.5781990521327,419.82464454976304,211,38,7.6,132.57819905213273,14.489420661435272,337.17535545023696,45.952348272604695,337.17535545023696,45.952348272604695,0.7244710330717635,0.5744043534075587,22.0
4,4,902,672,22,13,912.2079207920792,677.8168316831683,202,38,7.6,106.20792079207922,11.607423037385708,79.18316831683171,10.79157319479819,79.18316831683171,10.79157319479819,0.5803711518692853,0.13489466493497737,22.0
1,1,169,735,23,17,179.02090592334494,742.602787456446,287,39,7.8,49.02090592334494,4.736319412883569,23.39721254355402,3.1248363998068807,23.39721254355402,3.1248363998068807,0.23681597064417845,0.03906045499758601,17.0
2,2,380,322,6,19,382.0752688172043,330.4301075268817,93,39,7.8,19.07526881720429,2.0185469647835226,432.5698924731183,59.15485709034097,432.5698924731183,59.15485709034097,0.10092734823917614,0.739435713629262,17.0
2,2,533,394,4,17,534.6551724137931,401.3620689655172,58,39,7.8,171.65517241379314,18.164568509396098,361.6379310344828,49.45475979958739,361.6379310344828,49.45475979958739,0.908228425469805,0.6181844974948424,17.0
2,2,383,567,13,12,388.6290322580645,572.1532258064516,124,39,7.8,25.629032258064512,2.712066905615292,190.8467741935484,26.098704163220297,190.8467741935484,26.098704163220297,0.13560334528076462,0.3262338020402537,17.0
2,2,385,688,13,16,390.83125,695.18125,160,39,7.8,27.83125000000001,2.9451058201058213,67.81875000000002,9.274358974358977,67.81875000000002,9.274358974358977,0.14725529100529106,0.11592948717948721,17.0
3,3,613,545,16,16,620.3826530612245,552.3724489795918,196,39,7.8,37.38265306122446,3.9144139331125087,207.6275510204082,28.539869556069853,207.6275510204082,28.539869556069853,0.19572069665562544,0.3567483694508732,12.0
3,3,600,667,3,92,600.7089201877934,714.5962441314554,213,39,7.8,17.70892018779341,1.8543371924391006,45.403755868544636,6.241066098769022,45.403755868544636,6.241066098769022,0.09271685962195503,0.07801332623461278,12.0
4,4,933,170,15,6,939.8947368421052,172.18421052631578,76,39,7.8,133.8947368421052,14.633304572907672,584.8157894736842,79.70232224513583,584.8157894736842,79.70232224513583,0.7316652286453836,0.9962790280641979,22.0
4,4,969,170,5,11,971.1702127659574,174.29787234042553,47,39,7.8,165.17021276595744,18.051389373328682,582.7021276595744,79.41425930624523,582.7021276595744,79.41425930624523,0.9025694686664342,0.9926782413280655,22.0
4,4,912,279,11,20,916.7,288.3833333333333,180,39,7.8,110.70000000000005,12.098360655737709,468.6166666666667,63.86598523566156,468.6166666666667,63.86598523566156,0.6049180327868855,0.7983248154457695,22.0
4,4,914,406,21,16,923.9770642201835,413.29357798165137,218,39,7.8,117.97706422018348,12.893668220785079,343.70642201834863,46.842442523795384,343.70642201834863,46.842442523795384,0.644683411039254,0.5855305315474423,22.0
4,4,907,662,20,15,916.4074074074074,669.2037037037037,216,39,7.8,110.40740740740739,12.066383323213923,87.7962962962963,11.965423686036974,87.7962962962963,11.965423686036974,0.6033191661606961,0.1495677960754622,22.0
1,1,168,735,24,17,178.80071174377224,742.797153024911,281,40,8.0,48.80071174377224,4.715044612924854,23.20284697508896,3.0988777262222316,23.20284697508896,3.0988777262222316,0.2357522306462427,0.038735971577777896,17.0
2,2,380,316,7,21,382.35135135135135,325.5855855855856,111,40,8.0,19.351351351351354,2.047762047762048,437.4144144144144,59.81735581735581,437.4144144144144,59.81735581735581,0.1023881023881024,0.7477169477169477,17.0
2,2,533,394,4,18,534.6349206349206,401.73015873015873,63,40,8.0,171.6349206349206,18.162425464012763,361.26984126984127,49.40442273775607,361.26984126984127,49.40442273775607,0.9081212732006381,0.6175552842219508,17.0
2,2,383,567,13,12,388.55737704918033,572.0245901639344,122,40,8.0,25.55737704918033,2.7044843438286064,190.97540983606564,26.11629536219701,190.97540983606564,26.11629536219701,0.13522421719143032,0.3264536920274626,17.0
2,2,385,689,13,15,390.7748344370861,695.615894039735,151,40,8.0,27.7748344370861,2.93913591926837,67.38410596026495,9.214920473198625,67.38410596026495,9.214920473198625,0.1469567959634185,0.11518650591498282,17.0
3,3,612,545,16,15,619.4594594594595,551.9891891891891,185,40,8.0,36.45945945945948,3.8177444460166994,208.01081081081088,28.592551314200808,208.01081081081088,28.592551314200808,0.190887222300835,0.3574068914275101,12.0
3,3,600,665,3,96,600.6849315068494,714.310502283105,219,40,8.0,17.684931506849352,1.8518252886753248,45.68949771689495,6.280343328782811,45.68949771689495,6.280343328782811,0.09259126443376624,0.07850429160978513,12.0
4,4,934,170,13,6,939.21875,172.125,64,40,8.0,133.21875,14.559426229508198,584.875,79.71039182282794,584.875,79.71039182282794,0.7279713114754098,0.9963798977853492,22.0
4,4,969,170,5,11,971.1702127659574,174.29787234042553,47,40,8.0,165.17021276595744,18.051389373328682,582.7021276595744,79.41425930624523,582.7021276595744,79.41425930624523,0.9025694686664342,0.9926782413280655,22.0
4,4,913,261,12,20,918.4086021505376,270.18279569892474,186,40,8.0,112.4086021505376,12.285093131206295,486.81720430107526,66.34646736641571,486.81720430107526,66.34646736641571,0.6142546565603147,0.8293308420801964,22.0
4,4,899,398,23,17,910.1623931623932,405.5982905982906,234,40,8.0,104.16239316239319,11.383868105179584,351.4017094017094,47.89120400704728,351.4017094017094,47.89120400704728,0.5691934052589792,0.598640050088091,22.0
4,4,915,653,20,15,923.9330143540669,659.8373205741627,209,40,8.0,117.93301435406693,12.888854027766877,97.16267942583727,13.241932460080037,97.16267942583727,13.241932460080037,0.6444427013883438,0.16552415575100046,22.0
1,1,167,735,24,17,177.67687074829934,742.8843537414966,294,41,8.2,47.676870748299336,4.60646094186467,23.115646258503375,3.0872315537233224,23.115646258503375,3.0872315537233224,0.2303230470932335,0.03859039442154153,17.0
2,2,380,307,7,20,382.21,315.89,100,41,8.2,19.20999999999998,2.0328042328042306,447.11,61.143247863247865,447.11,61.143247863247865,0.10164021164021153,0.7642905982905983,17.0
2,2,533,394,4,18,534.6,401.9384615384615,65,41,8.2,171.60000000000002,18.15873015873016,361.0615384615385,49.375936883629194,361.0615384615385,49.375936883629194,0.907936507936508,0.6171992110453649,17.0
2,2,383,567,13,12,388.55737704918033,572.0245901639344,122,41,8.2,25.55737704918033,2.7044843438286064,190.97540983606564,26.11629536219701,190.97540983606564,26.11629536219701,0.13522421719143032,0.3264536920274626,17.0
2,2,385,691,13,16,390.72435897435895,697.5384615384615,156,41,8.2,27.72435897435895,2.9337946004612645,65.46153846153845,8.952005259697566,65.46153846153845,8.952005259697566,0.14668973002306324,0.11190006574621958,17.0
3,3,612,545,18,14,619.8214285714286,551.1938775510205,196,41,8.2,36.821428571428555,3.855646970830215,208.80612244897952,28.70187250157794,208.80612244897952,28.70187250157794,0.19278234854151077,0.35877340626972426,12.0
3,3,600,665,3,96,600.7744680851064,715.4978723404255,235,41,8.2,17.774468085106378,1.8612008466079977,44.50212765957451,6.117130949769693,44.50212765957451,6.117130949769693,0.09306004233039988,0.07646413687212116,12.0
4,4,967,170,7,10,970.4363636363637,173.6727272727273,55,41,8.2,164.4363636363637,17.971187282662697,583.3272727272727,79.49945795260956,583.3272727272727,79.49945795260956,0.898559364133135,0.9937432244076195,22.0
4,4,918,246,11,21,922.989247311828,255.67741935483872,186,41,8.2,116.98924731182797,12.785710088724368,501.3225806451613,68.3233500027477,501.3225806451613,68.3233500027477,0.6392855044362183,0.8540418750343463,22.0
4,4,891,394,23,17,902.0590717299579,401.46413502109704,237,41,8.2,96.05907172995785,10.498259205459874,355.53586497890296,48.45463236509751,355.53586497890296,48.45463236509751,0.5249129602729937,0.6056829045637189,22.0
4,4,926,645,20,15,935.4221105527638,651.819095477387,199,41,8.2,129.4221105527638,14.144492956586207,105.18090452261299,14.334705897460033,105.18090452261299,14.334705897460033,0.7072246478293104,0.17918382371825042,22.0
1,1,168,735,23,17,178.03157894736842,742.8526315789474,285,42,8.4,48.031578947368416,4.640732265446224,23.147368421052647,3.091468236534577,23.147368421052647,3.091468236534577,0.23203661327231118,0.03864335295668222,17.0
2,2,380,300,5,19,381.74074074074076,308.8395061728395,81,42,8.4,18.740740740740762,1.9831471683323558,454.1604938271605,62.10741795926981,454.1604938271605,62.10741795926981,0.09915735841661778,0.7763427244908727,17.0
2,2,533,394,4,18,534.6507936507936,401.7936507936508,63,42,8.4,171.65079365079362,18.164105148232128,361.2063492063492,49.39574006240673,361.2063492063492,49.39574006240673,0.9082052574116064,0.6174467507800842,17.0
2,2,383,567,13,12,388.5702479338843,571.9752066115702,121,42,8.4,25.570247933884275,2.705846342209976,191.02479338842977,26.123048668503216,191.02479338842977,26.123048668503216,0.1352923171104988,0.3265381083562902,17.0
2,2,385,692,13,16,390.8354430379747,699.0443037974684,158,42,8.4,27.8354430379747,2.9455495278280104,63.95569620253161,8.746078113166716,63.95569620253161,8.746078113166716,0.1472774763914005,0.10932597641458396,17.0
3,3,612,545,16,14,618.8479532163743,551.3567251461989,171,42,8.4,35.84795321637432,3.7537123786779394,208.64327485380113,28.679487952412526,208.64327485380113,28.679487952412526,0.18768561893389696,0.35849359940515657,12.0
3,3,600,664,3,97,600.7236842105264,714.3552631578947,228,42,8.4,17.723684210526358,1.8558831634059014,45.64473684210532,6.274190631217226,45.64473684210532,6.274190631217226,0.09279415817029507,0.07842738289021532,12.0
4,4,968,170,6,8,970.775,172.975,40,42,8.4,164.77499999999998,18.008196721311474,584.025,79.59454855195911,584.025,79.59454855195911,0.9004098360655737,0.9949318568994889,21.0
4,4,920,235,12,21,925.4583333333334,244.93229166666669,192,42,8.4,119.45833333333337,13.055555555555559,512.0677083333333,69.78776263486654,512.0677083333333,69.78776263486654,0.652777777777778,0.8723470329358318,21.0
4,4,891,393,23,18,901.9635627530364,401.36437246963567,247,42,8.4,95.9635627530364,10.487821065905617,355.63562753036433,48.46822862424045,355.63562753036433,48.46822862424045,0.5243910532952809,0.6058528578030057,21.0
4,4,936,636,19,16,944.2843137254902,643.436274509804,204,42,8.4,138.28431372549016,15.11303975141969,113.56372549019602,15.477168720980718,113.56372549019602,15.477168720980718,0.7556519875709845,0.19346460901225898,21.0
1,1,167,735,23,17,177.48239436619718,742.9577464788732,284,43,8.6,47.482394366197184,4.587670953255767,23.04225352112678,3.077429518681373,23.04225352112678,3.077429518681373,0.22938354766278832,0.038467868983517166,17.0
2,2,380,297,6,19,381.83529411764704,305.5529411764706,85,43,8.6,18.835294117647038,1.9931528166822263,457.4470588235294,62.55686274509803,457.4470588235294,62.55686274509803,0.09965764083411131,0.7819607843137255,17.0
2,2,532,393,5,19,534.4444444444445,401.44444444444446,72,43,8.6,171.44444444444446,18.142269253380366,361.55555555555554,49.44349477682811,361.55555555555554,49.44349477682811,0.9071134626690183,0.6180436847103513,17.0
2,2,382,567,14,12,388.36,571.992,125,43,8.6,25.360000000000014,2.683597883597885,191.00800000000004,26.12075213675214,191.00800000000004,26.12075213675214,0.13417989417989426,0.3265094017094018,17.0
2,2,385,691,14,16,391.125,698.4625,160,43,8.6,28.125,2.9761904761904763,64.53750000000002,8.825641025641028,64.53750000000002,8.825641025641028,0.1488095238095238,0.11032051282051286,17.0
3,3,612,544,16,15,618.8,551.2444444444445,180,43,8.6,35.799999999999955,3.748691099476435,208.75555555555547,28.69492172584955,208.75555555555547,28.69492172584955,0.18743455497382175,0.35868652157311937,12.0
3,3,600,666,3,95,600.75,716.1798245614035,228,43,8.6,17.75,1.8586387434554974,43.82017543859649,6.023391812865498,43.82017543859649,6.023391812865498,0.09293193717277487,0.07529239766081872,12.0
4,4,968,170,6,8,970.775,172.975,40,43,8.6,164.77499999999998,18.008196721311474,584.025,79.59454855195911,584.025,79.59454855195911,0.9004098360655737,0.9949318568994889,21.0
4,4,920,227,12,20,925.5208333333334,236.05208333333331,192,43,8.6,119.52083333333337,13.062386156648456,520.9479166666667,70.99801249290178,520.9479166666667,70.99801249290178,0.6531193078324228,0.8874751561612721,21.0
4,4,890,391,22,17,900.6945606694561,399.01673640167365,239,43,8.6,94.69456066945611,10.34913231360176,357.98326359832635,48.78817902532557,357.98326359832635,48.78817902532557,0.517456615680088,0.6098522378165696,21.0
4,4,942,625,17,16,949.4742268041236,631.9536082474226,194,43,8.6,143.47422680412365,15.68024336657089,125.04639175257739,17.042097683485846,125.04639175257739,17.042097683485846,0.7840121683285445,0.21302622104357308,21.0
1,1,167,735,23,17,177.5669014084507,742.9507042253521,284,44,8.8,47.56690140845069,4.595835884874463,23.04929577464793,3.0783700533753495,23.04929577464793,3.0783700533753495,0.22979179424372315,0.03847962566719187,17.0
2,2,380,290,6,20,382.04255319148933,299.2872340425532,94,44,8.8,19.042553191489333,2.015084993808395,463.7127659574468,63.41371158392434,463.7127659574468,63.41371158392434,0.10075424969041975,0.7926713947990544,17.0
2,2,532,394,5,18,534.3857142857142,401.42857142857144,70,44,8.8,171.38571428571424,18.1360544217687,361.57142857142856,49.44566544566544,361.57142857142856,49.44566544566544,0.9068027210884352,0.6180708180708181,17.0
2,2,382,567,14,12,388.36,571.992,125,44,8.8,25.360000000000014,2.683597883597885,191.00800000000004,26.12075213675214,191.00800000000004,26.12075213675214,0.13417989417989426,0.3265094017094018,17.0
2,2,385,692,13,16,391.07547169811323,698.7547169811321,159,44,8.8,28.075471698113233,2.9709493860437286,64.2452830188679,8.785679729075952,64.2452830188679,8.785679729075952,0.14854746930218643,0.10982099661344939,17.0
3,3,612,544,16,15,618.7988826815642,551.4469273743016,179,44,8.8,35.79888268156424,3.7485741027815953,208.5530726256984,28.667089020714556,208.5530726256984,28.667089020714556,0.18742870513907978,0.358338612758932,12.0
3,3,600,664,3,97,600.7347826086957,715.2086956521739,230,44,8.8,17.734782608695696,1.8570452993398634,44.7913043478261,6.156880322725237,44.7913043478261,6.156880322725237,0.09285226496699317,0.07696100403406546,12.0
4,4,968,170,6,10,970.9148936170213,173.7659574468085,47,44,8.8,164.91489361702133,18.023485641204516,583.2340425531916,79.48675196636341,583.2340425531916,79.48675196636341,0.9011742820602259,0.9935843995795427,22.0
4,4,920,210,11,20,924.7967914438502,218.85561497326205,187,44,8.8,118.79679144385022,12.983255895502756,538.144385026738,73.34165383669341,538.144385026738,73.34165383669341,0.6491627947751378,0.9167706729586678,22.0
4,4,888,386,21,18,897.9955947136564,394.33039647577095,227,44,8.8,91.99559471365637,10.054163356683757,362.66960352422905,49.42686249052525,362.66960352422905,49.42686249052525,0.5027081678341878,0.6178357811315657,22.0
4,4,950,616,15,16,956.5174418604652,623.0988372093022,172,44,8.8,150.51744186046517,16.44999364595248,133.90116279069775,18.2488807891922,133.90116279069775,18.2488807891922,0.8224996822976238,0.2281110098649025,22.0
1,1,167,736,23,16,177.61565836298934,743.2562277580071,281,45,9.0,47.615658362989336,4.6005467017381,22.74377224199293,3.0375655748905412,22.74377224199293,3.0375655748905412,0.230027335086905,0.037969569686131764,17.0
2,2,380,287,7,19,382.38461538461536,295.4230769230769,104,45,9.0,19.38461538461536,2.0512820512820484,467.5769230769231,63.94214332675871,467.5769230769231,63.94214332675871,0.10256410256410242,0.799276791584484,17.0
2,2,532,393,5,19,534.5147058823529,401.05882352941177,68,45,9.0,171.51470588235293,18.149704326174913,361.94117647058823,49.496229260935145,361.94117647058823,49.496229260935145,0.9074852163087457,0.6187028657616893,17.0
2,2,382,567,14,11,388.3709677419355,571.8951612903226,124,45,9.0,25.370967741935488,2.6847584912101046,191.10483870967744,26.133995037220846,191.10483870967744,26.133995037220846,0.13423792456050523,0.3266749379652606,17.0
2,2,385,692,14,16,391.11875,698.74375,160,45,9.0,28.118749999999977,2.9755291005290982,64.25625000000002,8.78717948717949,64.25625000000002,8.78717948717949,0.1487764550264549,0.10983974358974363,17.0
3,3,612,544,15,15,618.6722222222222,551.2111111111111,180,45,9.0,35.67222222222222,3.735311227457824,208.7888888888889,28.699503627338675,208.7888888888889,28.699503627338675,0.1867655613728912,0.3587437953417335,12.0
3,3,600,665,3,96,600.7368421052631,715.6578947368421,228,45,9.0,17.736842105263122,1.8572609534306934,44.34210526315792,6.09513474407669,44.34210526315792,6.09513474407669,0.09286304767153467,0.07618918430095863,12.0
4,4,969,170,5,12,971.0535714285714,175.125,56,45,9.0,165.05357142857144,18.03864168618267,581.875,79.3015332197615,581.875,79.3015332197615,0.9019320843091336,0.9912691652470187,22.0
4,4,916,195,12,20,921.2096774193549,203.9731182795699,186,45,9.0,115.20967741935488,12.591221575885779,553.0268817204301,75.36993277280138,553.0268817204301,75.36993277280138,0.6295610787942889,0.9421241596600172,22.0
4,4,887,385,22,17,897.2112068965517,392.9008620689655,232,45,9.0,91.21120689655174,9.968437912191447,364.0991379310345,49.62168830405921,364.0991379310345,49.62168830405921,0.4984218956095724,0.6202711038007401,22.0
4,4,952,611,15,16,958.7942857142857,618.0514285714286,175,45,9.0,152.7942857142857,16.698829039812644,138.94857142857143,18.936772937454368,138.94857142857143,18.936772937454368,0.8349414519906323,0.23670966171817961,22.0
1,1,167,735,23,17,177.67253521126761,743.1197183098592,284,46,9.2,47.672535211267615,4.606042049397837,22.880281690140805,3.055797220719974,22.880281690140805,3.055797220719974,0.23030210246989186,0.038197465258999676,17.0
2,2,380,285,7,20,382.35238095238094,294.03809523809525,105,46,9.2,19.35238095238094,2.0478710002519516,468.96190476190475,64.13154253154254,468.96190476190475,64.13154253154254,0.10239355001259756,0.8016442816442816,17.0
2,2,532,393,5,18,534.4848484848485,400.77272727272725,66,46,9.2,171.4848484848485,18.14654481321148,362.22727272727275,49.535353535353536,362.22727272727275,49.535353535353536,0.907327240660574,0.6191919191919192,17.0
2,2,382,567,14,11,388.36290322580646,571.9435483870968,124,46,9.2,25.362903225806463,2.683905103259943,191.05645161290317,26.127377998345732,191.05645161290317,26.127377998345732,0.13419525516299716,0.32659222497932167,17.0
2,2,385,692,13,16,391.2193548387097,698.741935483871,155,46,9.2,28.219354838709705,2.9861751152073763,64.25806451612902,8.787427626137303,64.25806451612902,8.787427626137303,0.1493087557603688,0.10984284532671629,17.0
3,3,612,545,15,14,618.7784090909091,551.4943181818182,176,46,9.2,35.77840909090912,3.7464302712993844,208.50568181818176,28.660574820368627,208.50568181818176,28.660574820368627,0.18732151356496923,0.3582571852546078,12.0
3,3,600,670,2,13,600.48,675.76,25,46,9.2,17.480000000000018,1.8303664921465987,84.24000000000001,11.57938144329897,84.24000000000001,11.57938144329897,0.09151832460732993,0.14474226804123713,12.0
3,3,600,684,3,77,600.8092783505155,723.3350515463917,194,46,9.2,17.809278350515456,1.8648459005775346,36.664948453608304,5.039855457540661,36.664948453608304,5.039855457540661,0.09324229502887674,0.06299819321925826,12.0
4,4,969,170,5,12,971.1132075471698,174.8490566037736,53,46,9.2,165.11320754716985,18.04515929477266,582.1509433962265,79.33914049693036,582.1509433962265,79.33914049693036,0.9022579647386331,0.9917392562116294,22.0
4,4,907,180,12,21,912.1658291457286,189.7889447236181,199,46,9.2,106.1658291457286,11.602822857456676,567.2110552763819,77.30303990138084,567.2110552763819,77.30303990138084,0.5801411428728338,0.9662879987672605,22.0
4,4,884,384,22,17,894.4112554112554,391.75324675324674,231,46,9.2,88.41125541125541,9.662432285383105,365.24675324675326,49.77809243567336,365.24675324675326,49.77809243567336,0.48312161426915523,0.622226155445917,22.0
4,4,957,599,13,18,962.6685714285715,607.4285714285714,175,46,9.2,156.66857142857145,17.12224824355972,149.57142857142856,20.38452178145534,149.57142857142856,20.38452178145534,0.8561124121779861,0.2548065222681917,22.0
1,1,164,737,24,16,174.76351351351352,744.125,296,47,9.4,44.763513513513516,4.3249771510641075,21.875,2.9215358931552586,21.875,2.9215358931552586,0.2162488575532054,0.036519198664440734,17.0
2,2,380,285,6,19,381.91954022988506,293.48275862068965,87,47,9.4,18.919540229885058,2.002067749194186,469.51724137931035,64.20748600058944,469.51724137931035,64.20748600058944,0.1001033874597093,0.8025935750073682,17.0
2,2,532,393,5,20,534.4675324675325,401.987012987013,77,47,9.4,171.46753246753246,18.144712430426715,361.012987012987,49.36929736929737,361.012987012987,49.36929736929737,0.9072356215213357,0.6171162171162171,17.0
2,2,383,566,13,12,388.64102564102564,571.4529914529915,117,47,9.4,25.641025641025635,2.7133360466693794,191.54700854700855,26.19446270728322,191.54700854700855,26.19446270728322,0.13566680233346898,0.32743078384104024,17.0
2,2,385,692,13,16,391.1132075471698,698.8176100628931,159,47,9.4,28.113207547169793,2.9749425975841053,64.1823899371069,8.777078965758209,64.1823899371069,8.777078965758209,0.14874712987920524,0.10971348707197762,17.0
3,3,612,545,16,14,619.0055865921788,551.4581005586592,179,47,9.4,36.005586592178815,3.7702184913276247,208.54189944134077,28.665553187813163,208.54189944134077,28.665553187813163,0.18851092456638124,0.35831941484766455,12.0
3,3,600,668,3,93,600.6777251184834,716.2322274881517,211,47,9.4,17.67772511848341,1.851070693034912,43.76777251184831,6.016188661422448,43.76777251184831,6.016188661422448,0.0925535346517456,0.0752023582677806,12.0
4,4,900,170,12,11,905.5555555555555,173.92929292929293,99,47,9.4,99.55555555555554,10.880388585306617,583.070707070707,79.46449159396349,583.070707070707,79.46449159396349,0.5440194292653309,0.9933061449245435,21.0
4,4,971,174,3,8,972.2222222222222,177.22222222222223,18,47,9.4,166.22222222222217,18.166363084395865,579.7777777777778,79.01571077039561,579.7777777777778,79.01571077039561,0.9083181542197933,0.9876963846299452,21.0
4,4,885,373,16,22,892.5101214574898,383.0769230769231,247,47,9.4,86.51012145748984,9.454658082785775,373.9230769230769,50.96055562835801,373.9230769230769,50.96055562835801,0.47273290413928876,0.6370069453544751,21.0
4,4,961,581,12,20,965.9781420765028,589.75956284153,183,47,9.4,159.97814207650276,17.48394995371615,167.24043715846994,22.792563837610896,167.24043715846994,22.792563837610896,0.8741974976858075,0.2849070479701362,21.0
1,1,163,737,24,16,173.61458333333334,744.2013888888889,288,48,9.6,43.61458333333334,4.2139694041867966,21.798611111111086,2.911333704322015,21.798611111111086,2.911333704322015,0.21069847020933982,0.03639167130402519,17.0
2,2,380,279,7,21,382.12745098039215,288.44117647058823,102,48,9.6,19.127450980392155,2.0240688868139847,474.55882352941177,64.89693313222726,474.55882352941177,64.89693313222726,0.10120344434069924,0.8112116641528406,17.0
2,2,534,385,3,14,535.1111111111111,391.19444444444446,36,48,9.6,172.1111111111111,18.212815990593764,371.80555555555554,50.845204178537514,371.80555555555554,50.845204178537514,0.9106407995296882,0.6355650522317189,17.0
2,2,384,567,14,12,390.19166666666666,571.9666666666667,120,48,9.6,27.191666666666663,2.8774250440917104,191.0333333333333,26.12421652421652,191.0333333333333,26.12421652421652,0.14387125220458552,0.3265527065527065,17.0
2,2,385,692,13,16,391.0379746835443,699.0822784810126,158,48,9.6,28.03797468354429,2.966981447994105,63.91772151898738,8.740884994049557,63.91772151898738,8.740884994049557,0.14834907239970524,0.10926106242561945,17.0
3,3,612,545,16,14,618.8342857142857,551.4571428571428,175,48,9.6,35.83428571428567,3.7522812266267715,208.5428571428572,28.665684830633293,208.5428571428572,28.665684830633293,0.1876140613313386,0.35832106038291617,12.0
3,3,600,676,2,8,600.4666666666667,679.2666666666667,15,48,9.6,17.466666666666697,1.8289703315881358,80.73333333333335,11.097365406643759,80.73333333333335,11.097365406643759,0.0914485165794068,0.138717067583047,12.0
3,3,600,689,3,71,600.8478260869565,724.0923913043479,184,48,9.6,17.847826086956502,1.8688823127703142,35.90760869565213,4.935753772598231,35.90760869565213,4.935753772598231,0.09344411563851572,0.061696922157477886,12.0
4,4,971,170,3,10,972.0769230769231,173.92307692307693,26,48,9.6,166.0769230769231,18.150483396385038,583.0769230769231,79.46533874983619,583.0769230769231,79.46533874983619,0.9075241698192519,0.9933167343729524,20.0
4,4,885,358,15,25,891.7765151515151,369.625,264,48,9.6,85.77651515151513,9.374482530220233,387.375,52.793867120954005,387.375,52.793867120954005,0.46872412651101164,0.659923339011925,20.0
4,4,961,568,12,21,966.3641025641025,577.9282051282051,195,48,9.6,160.3641025641025,17.526131427770764,179.07179487179485,24.405014633294016,179.07179487179485,24.405014633294016,0.8763065713885382,0.3050626829161752,20.0
1,1,162,737,25,17,173.67202572347267,744.4501607717042,311,49,9.8,43.67202572347267,4.219519393572239,21.54983922829581,2.8781087450144653,21.54983922829581,2.8781087450144653,0.21097596967861193,0.03597635931268082,16.0
2,2,380,272,6,21,381.9166666666667,281.3020833333333,96,49,9.8,18.916666666666686,2.0017636684303373,481.6979166666667,65.87321937321937,481.6979166666667,65.87321937321937,0.10008818342151686,0.8234152421652422,17.0
2,2,534,375,3,14,535.1111111111111,381.19444444444446,36,49,9.8,172.1111111111111,18.212815990593764,381.80555555555554,52.212725546058884,381.80555555555554,52.212725546058884,0.9106407995296882,0.6526590693257359,17.0
2,2,384,566,14,12,390.344,571.288,125,49,9.8,27.343999999999994,2.893544973544973,191.712,26.21702564102564,191.712,26.21702564102564,0.14467724867724865,0.32771282051282047,17.0
2,2,385,692,13,15,391.11764705882354,698.843137254902,153,49,9.8,28.117647058823536,2.975412387177094,64.15686274509801,8.773588067705711,64.15686274509801,8.773588067705711,0.1487706193588547,0.10966985084632139,17.0
3,3,611,545,17,14,618.84,551.1828571428571,175,49,9.8,35.84000000000003,3.7528795811518356,208.81714285714293,28.703387334315178,208.81714285714293,28.703387334315178,0.18764397905759178,0.35879234167893975,12.0
3,3,600,672,2,12,600.4782608695652,677.2608695652174,23,49,9.8,17.478260869565247,1.83018438424767,82.73913043478262,11.373076348423728,82.73913043478262,11.373076348423728,0.09150921921238349,0.1421634543552966,12.0
3,3,600,686,3,74,600.8368421052631,723.2947368421053,190,49,9.8,17.836842105263145,1.8677321576191774,36.705263157894706,5.045396997648757,36.705263157894706,5.045396997648757,0.09338660788095887,0.06306746247060946,12.0
4,4,877,343,16,23,884.2418032786885,353.5696721311475,244,49,9.8,78.24180327868851,8.551016751769236,403.4303278688525,54.981986762364905,403.4303278688525,54.981986762364905,0.4275508375884618,0.6872748345295613,21.0
4,4,961,552,11,21,965.8118279569892,561.5215053763441,186,49,9.8,159.8118279569892,17.465773547211935,195.47849462365593,26.64102141378616,195.47849462365593,26.64102141378616,0.8732886773605967,0.33301276767232696,21.0
