frame_index,time_s,x_px,y_px,bbox_x,bbox_y,bbox_w,bbox_h,x_from_left_px,x_from_left_mm,y_from_base_px,y_from_base_mm,distance_from_base_px,distance_from_base_mm,relative_x,relative_height,detected,internal_track_id,display_id,physical_vial_index,assay_tube_index,label,dt_s,dx_px,dy_px,displacement_px,speed_px_s_raw,vertical_velocity_px_s_raw,height_px_smoothed,speed_px_s_smoothed,vertical_velocity_px_s_smoothed,height_mm_smoothed,vertical_velocity_mm_s_raw,vertical_velocity_mm_s_smoothed,displacement_mm,speed_mm_s_raw,speed_mm_s_smoothed
0,0.0,182.99732620320856,743.2245989304813,171,734,26,19,52.99732620320856,5.1205146090056575,22.775401069518693,3.0417897922562527,22.775401069518693,3.0417897922562527,0.2560257304502829,0.038022372403203164,True,1,1,1,1,"fly (1,1)",,,,,,,23.11430872189385,4.804958836879141,1.6945382618757776,3.0870529177821497,,0.22631562762948643,,,0.48983555283928354
1,0.2,181.19883040935673,742.546783625731,170,733,24,19,51.19883040935673,4.946746899454757,23.453216374269005,3.1323160433080472,23.453216374269005,3.1323160433080472,0.24733734497273782,0.03915395054135059,True,1,1,1,1,"fly (1,1)",0.2,-1.7984957938518278,-0.677815304750311,1.9219835347516567,9.609917673758282,3.389076523751555,23.235180173570257,3.6174009224146206,1.1692033456739637,3.10319601650354,0.45263125525897285,0.156154036150112,0.19593422113571343,0.9796711056785671,0.36673174738403697
2,0.4,181.44615384615383,742.5230769230769,170,734,25,18,51.446153846153834,4.970642883686361,23.47692307692307,3.13548221394632,23.47692307692307,3.13548221394632,0.24853214418431804,0.039193527674329,True,1,1,1,1,"fly (1,1)",0.2,0.2473234367971031,-0.023706702654067158,0.24845701869711592,1.2422850934855796,0.11853351327033579,23.94162543109913,8.068864093746543,3.5322262876443733,3.1975459674255933,0.015830853191363126,0.4717497546102675,0.024104827294708774,0.12052413647354386,0.8488672102439562
3,0.6,179.18266253869967,741.1052631578947,168,732,24,18,49.182662538699674,4.751948071371949,24.894736842105317,3.324839645022413,24.894736842105317,3.324839645022413,0.23759740356859746,0.04156049556278016,True,1,1,1,1,"fly (1,1)",0.19999999999999996,-2.26349130745416,-1.4178137651822453,2.6708779027991523,13.354389513995764,7.0890688259112284,24.30435373097123,5.685009929859727,1.8136414993604915,3.2459904815988287,0.9467871553804665,0.24222257086617602,0.28928127771595147,1.4464063885797576,0.6183154305483752
4,0.8,178.84076433121018,741.4585987261147,168,733,24,18,48.84076433121018,4.718914428136249,24.5414012738853,3.277649585827753,24.5414012738853,3.277649585827753,0.23594572140681247,0.04097061982284691,True,1,1,1,1,"fly (1,1)",0.20000000000000007,-0.34189820748949273,0.3533355682200181,0.4916710364195671,2.4583551820978347,-1.7666778411000899,24.748504371996887,6.014074955647357,2.2207532051282906,3.305309431986229,-0.23595029597330167,0.2965947519370006,0.05760315331836487,0.28801576659182426,0.6609150114132133
5,1.0,178.484375,741.190625,167,733,25,17,48.484375,4.684480676328502,24.809375000000045,3.31343906510852,24.809375000000045,3.31343906510852,0.23422403381642512,0.041417988313856506,True,1,1,1,1,"fly (1,1)",0.19999999999999996,-0.3563893312101811,-0.26797372611474657,0.44589603416969453,2.2294801708484733,1.339868630573733,24.743678391187245,1.7144092042385317,-0.024129904048208712,3.3046648936477125,0.17894739640383686,-0.0032226916925821906,0.04966457581361158,0.24832287906805797,0.19704885285013649
6,1.2,178.4271844660194,741.1197411003236,168,733,24,17,48.42718446601941,4.678955020871441,24.88025889967639,3.322906030006864,24.88025889967639,3.322906030006864,0.23394775104357204,0.041536325375085795,True,1,1,1,1,"fly (1,1)",0.19999999999999996,-0.05719053398058804,-0.07088389967634612,0.09107845195385733,0.45539225976928677,0.35441949838173065,24.878382240063086,1.280700112668609,0.673519244379198,3.3226553909934005,0.04733482449171823,0.08995248672844035,0.010961582578105426,0.05480791289052714,0.1396389587176449
7,1.4,178.2051282051282,741.0544871794872,167,733,25,17,48.205128205128204,4.657500309674223,24.945512820512818,3.331621077864817,24.945512820512818,3.331621077864817,0.23287501548371115,0.04164526347331021,True,1,1,1,1,"fly (1,1)",0.19999999999999996,-0.22205626089120756,-0.065253920836426,0.2314455814776134,1.1572279073880674,0.3262696041821301,24.927808814438738,0.7717187696876561,0.24713287187826913,3.3292566029300485,0.04357523928976593,0.03300605968324118,0.02315721683886991,0.11578608419434958,0.07956743923282589
8,1.6,178.06514657980455,741.042345276873,167,733,24,17,48.06514657980455,4.643975514956961,24.957654723127007,3.333242700918465,24.957654723127007,3.333242700918465,0.23219877574784806,0.041665533761480814,True,1,1,1,1,"fly (1,1)",0.20000000000000018,-0.13998162532365654,-0.012141902614189348,0.14050722838112287,0.7025361419056138,0.060709513070946686,24.91389228680335,1.3763818990070948,-0.06958263817693938,3.3273979681874253,0.008108115268239395,-0.00929317371311412,0.013621664122720204,0.06810832061360096,0.13664472549962484
9,1.8,178.50310559006212,741.1614906832298,167,733,25,17,48.50310559006212,4.686290395175084,24.838509316770228,3.3173301257789953,24.838509316770228,3.3173301257789953,0.2343145197587542,0.041466626572237444,True,1,1,1,1,"fly (1,1)",0.19999999999999996,0.4379590102575719,0.11914540635677895,0.45387632954552054,2.269381647727603,-0.5957270317838949,24.845829653677622,1.218507495922191,-0.3403131656286482,3.318307800157278,-0.07956287569734767,-0.04545084015073736,0.04520795433818478,0.22603977169092396,0.12465335570163016
10,2.0,178.4069400630915,741.2586750788644,167,733,25,17,48.4069400630915,4.676999039912222,24.74132492113563,3.3043505737743746,24.74132492113563,3.3043505737743746,0.2338499519956111,0.04130438217217968,True,1,1,1,1,"fly (1,1)",0.19999999999999996,-0.09616552697062275,0.09718439563459924,0.13672093962667123,0.6836046981333563,-0.4859219781729963,24.773446855673267,1.0296713583042458,-0.3619139900217761,3.308640648503942,-0.06489776002310378,-0.048335758266680656,0.015962394960073102,0.07981197480036553,0.10633331322600299
11,2.2,178.37974683544303,741.2594936708861,167,733,25,17,48.37974683544303,4.674371674922032,24.74050632911394,3.3042412459584565,24.74050632911394,3.3042412459584565,0.2337185837461016,0.041303015574480705,True,1,1,1,1,"fly (1,1)",0.20000000000000018,-0.027193227648467655,0.0008185920216874365,0.02720554581035558,0.13602772905177776,-0.004092960108437179,24.707700363839802,0.4462602706744618,-0.32873245916732713,3.2998598148700906,-0.0005466390795905158,-0.04390416816925909,0.0026296386373439013,0.013148193186719495,0.05361693384216348
12,2.4,178.34920634920636,741.3587301587302,167,733,24,17,48.349206349206355,4.671420903304962,24.641269841269832,3.29098762487744,24.641269841269832,3.29098762487744,0.2335710451652481,0.041137345310968,True,1,1,1,1,"fly (1,1)",0.19999999999999973,-0.03054048623667427,0.09923648784410943,0.1038296769676501,0.5191483848382512,-0.49618243922054783,24.71379718499971,0.5945171555295995,0.030484105799548966,3.3006740814690763,-0.06626810540508296,0.004071332994931139,0.013578126707881062,0.0678906335394054,0.0676504716646475
13,2.6,178.15705128205127,741.2403846153846,167,733,24,17,48.15705128205127,4.652855196333456,24.75961538461536,3.3067933735713333,24.75961538461536,3.3067933735713333,0.23264275981667282,0.04133491716964167,True,1,1,1,1,"fly (1,1)",0.20000000000000018,-0.19215506715508468,-0.1183455433455265,0.2256750705397541,1.1283753526987694,0.5917277167276319,24.655600541533016,0.9558764091866122,-0.2909832173334819,3.292901574829117,0.07902874346946691,-0.03886253319979727,0.024382517653563533,0.12191258826781755,0.11256454738812438
14,2.8,178.3054662379421,741.4340836012861,167,733,24,17,48.30546623794211,4.667194805598272,24.565916398713853,3.280923726038578,24.565916398713853,3.280923726038578,0.2333597402799136,0.04101154657548223,True,1,1,1,1,"fly (1,1)",0.19999999999999973,0.14841495589084275,0.1936989859015057,0.2440210980045629,1.220105490022816,-0.9684949295075298,24.665905737930945,0.9614888495294714,0.051525981989659596,3.2942778948822635,-0.12934823766377573,0.006881600265731151,0.02957808407142999,0.14789042035715017,0.11369744473314043
15,3.0,178.2913907284768,741.3278145695364,167,733,24,17,48.29139072847681,4.665834852992929,24.672185430463628,3.2951165850368787,24.672185430463628,3.2951165850368787,0.23329174264964644,0.04118895731296098,True,1,1,1,1,"fly (1,1)",0.20000000000000018,-0.014075509465300229,-0.10626903174977542,0.10719714117336587,0.5359857058668289,0.5313451587488767,24.640602633154987,0.6235796759935841,-0.12651552387978943,3.2908985152794643,0.0709642949915023,-0.01689689801399542,0.01425786511489072,0.07128932557445354,0.0771548010984014
16,3.2,178.27156549520765,741.3162939297125,167,733,25,17,48.27156549520765,4.663919371517648,24.683706070287485,3.296655234762936,24.683706070287485,3.296655234762936,0.23319596857588237,0.041208190434536704,True,1,1,1,1,"fly (1,1)",0.20000000000000018,-0.019825233269159526,-0.011520639823856982,0.022929566418221456,0.11464783209110718,0.05760319911928486,24.692762992363935,0.4313936253788914,0.2608017960447265,3.2978648403824953,0.00769324863028719,0.03483162551515482,0.002456931472720088,0.01228465736360043,0.04942020353689669
17,3.4,178.39432176656152,741.2776025236593,167,733,25,17,48.39432176656152,4.6757798808272,24.72239747634069,3.301822701347671,24.72239747634069,3.301822701347671,0.23378899404136,0.04127278376684589,True,1,1,1,1,"fly (1,1)",0.19999999999999973,0.12275627135386458,-0.038691406053203536,0.12870946763574742,0.643547338178738,0.19345703026601793,24.677575641083838,0.6264727364812365,-0.07593675640047552,3.295836479610529,0.025837332923674995,-0.010141803859830337,0.012937325534527193,0.06468662767263605,0.06465170642189433
18,3.6,178.19155844155844,741.3733766233767,167,733,24,17,48.19155844155844,4.6561892214066125,24.626623376623343,3.2890315027209804,24.626623376623343,3.2890315027209804,0.23280946107033063,0.041112893784012255,True,1,1,1,1,"fly (1,1)",0.20000000000000018,-0.20276332500307603,0.09577409971734596,0.22424460783477307,1.1212230391738645,-0.47887049858672937,24.687768855749898,1.2741522838738695,0.05096607333030123,3.297197843839719,-0.06395599313345318,0.006806821145950488,0.023396766845889306,0.11698383422944643,0.12818236260215055
19,3.8,178.5936507936508,741.2857142857143,168,733,24,17,48.593650793650795,4.695038724024231,24.714285714285666,3.3007393274505064,24.714285714285666,3.3007393274505064,0.23475193620121157,0.04125924159313133,True,1,1,1,1,"fly (1,1)",0.19999999999999973,0.40209235209235317,-0.0876623376623229,0.41153729485380064,2.0576864742690057,0.4383116883116151,24.65680576254344,1.4422223616892333,-0.1548154660323078,3.293062539237855,0.058539123647629664,-0.020676523009322673,0.04057532518087377,0.2028766259043691,0.14581374504839265
20,4.0,178.38032786885248,741.3704918032787,168,733,23,17,48.380327868852476,4.674427813415698,24.629508196721304,3.2894167875420774,24.629508196721304,3.2894167875420774,0.2337213906707849,0.041117709844275964,True,1,1,1,1,"fly (1,1)",0.20000000000000018,-0.2133229247983195,0.08477751756436191,0.2295515143249662,1.14775757162483,-0.4238875878218092,24.765238995976688,2.476655668196558,0.5421661671662528,3.3075444401972205,-0.05661269954214449,0.0724095047968287,0.02351615500227248,0.1175807750113623,0.25161589975836907
21,4.2,177.59935897435898,741.0480769230769,167,733,24,17,47.59935897435898,4.598971881580578,24.951923076923094,3.3324772055990777,24.951923076923094,3.3324772055990777,0.22994859407902887,0.04165596506998847,True,1,1,1,1,"fly (1,1)",0.20000000000000018,-0.7809688944934976,-0.32241488020179077,0.8449045917391684,4.224522958695839,1.6120744010089525,24.52828923325376,4.773288467127565,-1.1847488136146456,3.2758983950923217,0.21530209028500094,-0.1582302255244937,0.0868780596718752,0.43439029835937565,0.5069247109488982
22,4.4,179.1168384879725,741.9965635738831,169,734,23,17,49.1168384879725,4.745588259707488,24.003436426116878,3.20580119213581,24.003436426116878,3.20580119213581,0.2372794129853744,0.04007251490169762,True,1,1,1,1,"fly (1,1)",0.20000000000000018,1.517479513613523,0.9484866508062169,1.789516974212407,8.947584871062027,-4.74243325403108,24.30127103709579,4.5511714040330205,-1.1350909807898302,3.245578769562042,-0.6333800673163376,-0.151598127651397,0.19376061189519153,0.9688030594759568,0.48538834542834913
23,4.6,179.1958762886598,742.0515463917526,169,734,23,17,49.195876288659804,4.753224762189353,23.948453608247405,3.198457910951239,23.948453608247405,3.198457910951239,0.23766123810946765,0.039980723886890494,True,1,1,1,1,"fly (1,1)",0.1999999999999993,0.0790378006873027,0.054982817869472456,0.09628127646823846,0.48140638234119404,-0.2749140893473633,23.91844610340877,3.5937061671603243,-1.9141246684351154,3.194450230839234,-0.03671640592285432,-0.255642693614039,0.010594335689942938,0.05297167844971488,0.38950888516268073
24,4.8,179.42413793103447,742.196551724138,169,734,22,17,49.424137931034466,4.775279027153088,23.803448275862024,3.179091589430654,23.803448275862024,3.179091589430654,0.23876395135765444,0.03973864486788318,True,1,1,1,1,"fly (1,1)",0.20000000000000018,0.22826164237466173,0.14500533238538083,0.27042544961555065,1.352127248077752,-0.7250266619269035,23.784896446851803,1.1544639590731964,-0.6677482827848279,3.176613882718104,-0.09683160760292511,-0.08918174060565348,0.029350383512474123,0.1467519175623705,0.1274537264096571
25,5.0,179.16724738675958,742.397212543554,169,735,22,16,49.167247386759584,4.750458684711071,23.60278745644598,3.152292147772418,23.60278745644598,3.152292147772418,0.23752293423555354,0.039403651847155226,True,1,1,1,1,"fly (1,1)",0.20000000000000018,-0.25689054427488145,0.20066081941604352,0.32597164936012896,1.6298582468006433,-1.0033040970802167,23.67258217455829,1.5187456149597096,-0.5615713614675614,3.161613646017802,-0.133997208291181,-0.07500118350151068,0.03652751664337721,0.1826375832168859,0.16051474705966695
26,5.2,178.8525179856115,742.3884892086331,169,735,22,16,48.85251798561151,4.7200500469189866,23.611510791366868,3.1534572008503328,23.611510791366868,3.1534572008503328,0.23600250234594933,0.039418215010629164,True,1,1,1,1,"fly (1,1)",0.20000000000000018,-0.314729401148071,-0.008723334920887282,0.31485027000014687,1.574251350000733,0.04361667460443637,23.545053852388452,1.783905042304264,-0.6376416108491861,3.1445814827897767,0.005825265389574058,-0.08516081614012472,0.03043094807994892,0.15215474039974447,0.1867128940098358
27,5.4,179.23741007194246,742.5791366906475,169,735,22,16,49.23741007194246,4.757237688110383,23.420863309352512,3.1279950997465793,23.420863309352512,3.1279950997465793,0.23786188440551914,0.03909993874683224,True,1,1,1,1,"fly (1,1)",0.20000000000000018,0.3848920863309502,0.19064748201435577,0.4295211060222835,2.1476055301114156,-0.953237410071778,23.476495338025604,1.3242161704536046,-0.3427925718142431,3.13542508688155,-0.12731050551876721,-0.045781979541133666,0.04506927168257544,0.225346358412877,0.13469718089452892
28,5.6,179.28158844765343,742.6028880866426,169,735,22,16,49.281588447653434,4.761506130208061,23.397111913357435,3.1248229600477377,23.397111913357435,3.1248229600477377,0.23807530651040307,0.039060287000596716,True,1,1,1,1,"fly (1,1)",0.1999999999999993,0.044178375710970386,0.023751395995077473,0.050158326249732856,0.25079163124866516,-0.11875697997538778,23.337212398180327,1.1436188029430037,-0.6964146992263897,3.1168230247987085,-0.015860698494207848,-0.09301031041420839,0.005318088774193031,0.02659044387096525,0.12962112785017413
29,5.8,179.3169014084507,742.806338028169,169,735,23,17,49.31690140845069,4.764918010478327,23.193661971831034,3.0976510146018077,23.193661971831034,3.0976510146018077,0.23824590052391637,0.038720637682522596,True,1,1,1,1,"fly (1,1)",0.20000000000000018,0.03531296079725621,0.20344994152640083,0.20649184949378624,1.0324592474689303,-1.0172497076320033,23.25286868434023,0.7837069519480288,-0.42171856920049305,3.1055584219486114,-0.13585972722965012,-0.05632301425048334,0.027385316253336036,0.13692658126668006,0.08912594011039428
30,6.0,179.1048951048951,742.8321678321678,169,735,23,17,49.10489510489509,4.7444343096517,23.167832167832216,3.0942012911962893,23.167832167832216,3.0942012911962893,0.237221715482585,0.03867751613995361,True,1,1,1,1,"fly (1,1)",0.20000000000000018,-0.21200630355559724,0.025829803998817624,0.2135739954252984,1.067869977126491,-0.129149019994088,23.172945599001952,0.8874076282449616,-0.39961542669137357,3.094884220233984,-0.017248617027592048,-0.05337100857313903,0.020772159038707525,0.10386079519353754,0.09843052882824337
31,6.2,178.993006993007,742.8426573426574,169,735,22,17,48.993006993006986,4.733623864058646,23.15734265734261,3.0928003549038543,23.15734265734261,3.0928003549038543,0.2366811932029323,0.03866000443629818,True,1,1,1,1,"fly (1,1)",0.20000000000000018,-0.11188811188810632,0.010489510489605891,0.11237873202789285,0.5618936601394637,-0.05244755244802941,23.086247086247074,1.3616198018903403,-0.4334925637743932,3.083305120032998,-0.007004681462174916,-0.05789550100492752,0.010900842004902505,0.05450421002451247,0.1390122181895443
32,6.4,179.43006993006992,743.0664335664336,169,736,23,16,49.43006993006992,4.775852167156514,22.933566433566398,3.062913713998851,22.933566433566398,3.062913713998851,0.2387926083578257,0.03828642142498564,True,1,1,1,1,"fly (1,1)",0.20000000000000018,0.4370629370629331,0.22377622377621265,0.49101915368101373,2.4550957684050663,-1.1188811188810623,23.02419802419801,1.2883935757439369,-0.31024531024532526,3.0750181000598342,-0.1494332045250156,-0.04143509986582,0.05173432987011661,0.25867164935058284,0.13269209744524343
33,6.6,179.26739926739927,743.018315018315,169,736,22,16,49.26739926739927,4.760135194917804,22.98168498168502,3.0693402312767972,22.98168498168502,3.0693402312767972,0.2380067597458902,0.03836675289095997,True,1,1,1,1,"fly (1,1)",0.1999999999999993,-0.16267066267064934,-0.04811854811862304,0.16963825973745553,0.8481912986872806,0.24059274059311606,22.89376305036683,1.467272066572386,-0.6521748691559036,3.0575977362760374,0.03213258638973049,-0.08710181891898489,0.01698008659212693,0.08490043296063494,0.1630005420198172
34,6.8,179.30943396226417,743.2339622641509,170,736,21,16,49.309433962264166,4.764196518093156,22.766037735849068,3.0405392635524633,22.766037735849068,3.0405392635524633,0.2382098259046578,0.03800674079440579,True,1,1,1,1,"fly (1,1)",0.20000000000000018,0.04203469486489553,0.21564724583595307,0.21970582652496237,1.0985291326248108,-1.0782362291797645,23.045792629982618,1.9553835749434256,0.7601478980789501,3.077902187643756,-0.14400483862166955,0.10152225683859091,0.029085908749646783,0.14542954374823377,0.23526482165199036
35,7.0,178.83448275862068,742.6103448275862,168,735,24,17,48.83448275862068,4.7183075129102106,23.389655172413768,3.1238270681020057,23.389655172413768,3.1238270681020057,0.23591537564551054,0.03904783835127507,True,1,1,1,1,"fly (1,1)",0.20000000000000018,-0.4749512036434851,-0.6236174365647003,0.7838860587036379,3.919430293518186,3.1180871828234986,23.133768981116834,2.215061268264681,0.4398817556710806,3.0896519507334674,0.4164390227477118,0.05874881544855858,0.09509289764942057,0.4754644882471024,0.2638544780596573
36,7.2,179.1263157894737,742.7543859649123,169,735,23,17,49.12631578947369,4.746503941011951,23.24561403508767,3.1045895205459324,23.24561403508767,3.1045895205459324,0.23732519705059754,0.038807369006824154,True,1,1,1,1,"fly (1,1)",0.20000000000000018,0.29183303085301304,0.14404113732609858,0.3254448757302097,1.627224378651047,-0.7202056866304922,23.218848601082033,2.431591564041678,0.42539809982599736,3.1010148382079508,-0.09618773778036652,0.056814437372420305,0.03413388043672716,0.17066940218363566,0.2813952485937623
37,7.4,178.8581560283688,742.9787234042553,169,736,23,16,48.858156028368796,4.720594785349642,23.021276595744666,3.0746279259759155,23.021276595744666,3.0746279259759155,0.2360297392674821,0.03843284907469894,True,1,1,1,1,"fly (1,1)",0.20000000000000018,-0.26815976110489714,0.2243374393430031,0.3496240039911606,1.7481200199558016,-1.1216871967150146,23.102012179435217,1.1869776591597556,-0.5841821082340927,3.085410641660797,-0.14980797285008438,-0.07802098273577206,0.039610371070109784,0.19805185535054876,0.12948483176794157
38,7.6,178.8256227758007,742.9608540925267,168,736,24,16,48.825622775800696,4.717451475922773,23.039145907473312,3.0770144784605424,23.039145907473312,3.0770144784605424,0.23587257379613863,0.03846268098075678,True,1,1,1,1,"fly (1,1)",0.1999999999999993,-0.03253325256810058,-0.017869311728645698,0.03711771577448345,0.18558857887241792,0.08934655864322881,23.152545015590665,1.3243309771865208,0.2526641807772496,3.0921596014144463,0.011932762423134721,0.03374479876824709,0.003946647553928037,0.019733237769640255,0.1582775069874678
39,7.8,179.02090592334494,742.602787456446,169,735,23,17,49.02090592334494,4.736319412883569,23.39721254355402,3.1248363998068807,23.39721254355402,3.1248363998068807,0.23681597064417845,0.03906045499758601,True,1,1,1,1,"fly (1,1)",0.20000000000000018,0.19528314754424514,-0.3580666360807072,0.4078568665462689,2.039284332731343,1.7903331804035345,23.213068475372097,1.2311349748514842,0.30261729890715583,3.100242868163218,0.2391096067316909,0.04041633374386009,0.05140948556844292,0.2570474278422144,0.1481984280438816
40,8.0,178.80071174377224,742.797153024911,168,735,24,17,48.80071174377224,4.715044612924854,23.20284697508896,3.0988777262222316,23.20284697508896,3.0988777262222316,0.2357522306462427,0.038735971577777896,True,1,1,1,1,"fly (1,1)",0.20000000000000018,-0.22019417957270093,0.19436556846505937,0.2937064025901385,1.4685320129506914,-0.971827842325296,23.23856859238212,3.047970355497996,0.12750058505010434,3.103648559917478,-0.12979336792324536,0.01702845877129978,0.033562923703958074,0.1678146185197902,0.32363141863839107
41,8.2,177.67687074829934,742.8843537414966,167,735,24,17,47.676870748299336,4.60646094186467,23.115646258503375,3.0872315537233224,23.115646258503375,3.0872315537233224,0.2303230470932335,0.03859039442154153,True,1,1,1,1,"fly (1,1)",0.1999999999999993,-1.1238409954729036,0.08720071658558481,1.127218944162387,5.636094720811955,-0.4360035829279256,23.155287218214994,2.9617486742291224,-0.4164068708356206,3.09252583882671,-0.05823086249454622,-0.05561360545383926,0.10920644191063333,0.5460322095531686,0.29550261573900927
42,8.4,178.03157894736842,742.8526315789474,168,735,23,17,48.031578947368416,4.640732265446224,23.147368421052647,3.091468236534577,23.147368421052647,3.091468236534577,0.23203661327231118,0.03864335295668222,True,1,1,1,1,"fly (1,1)",0.20000000000000107,0.3547081990690799,-0.03172216254927207,0.35612385778494604,1.7806192889247208,0.15861081274635952,23.101756066894268,3.4041608159509305,-0.2676557566036322,3.0853764363130907,0.02118341405627377,-0.035747012568097904,0.03453220382881401,0.17266101914406912,0.33104282915709365
43,8.6,177.48239436619718,742.9577464788732,167,735,23,17,47.482394366197184,4.587670953255767,23.04225352112678,3.077429518681373,23.04225352112678,3.077429518681373,0.22938354766278832,0.038467868983517166,True,1,1,1,1,"fly (1,1)",0.1999999999999993,-0.5491845811712324,0.10511489992586576,0.559153687623221,2.795768438116115,-0.5255744996293307,23.079639238942452,1.6667958453843905,-0.11058413975907512,3.0824226028637667,-0.07019358926602129,-0.014769167246621523,0.05488705175480846,0.2744352587740433,0.16273029952208104
44,8.8,177.5669014084507,742.9507042253521,167,735,23,17,47.56690140845069,4.595835884874463,23.04929577464793,3.0783700533753495,23.04929577464793,3.0783700533753495,0.22979179424372315,0.03847962566719187,True,1,1,1,1,"fly (1,1)",0.20000000000000107,0.08450704225350592,-0.007042253521149178,0.08479996182246766,0.42399980911233603,0.0352112676057457,22.94510717925588,1.5889052676924527,-0.6726602984328665,3.064455048982421,0.004702673469882931,-0.08983776940672683,0.008218924129626218,0.041094620648130874,0.17363580449562557
45,9.0,177.61565836298934,743.2562277580071,167,736,23,16,47.615658362989336,4.6005467017381,22.74377224199293,3.0375655748905412,22.74377224199293,3.0375655748905412,0.230027335086905,0.037969569686131764,True,1,1,1,1,"fly (1,1)",0.1999999999999993,0.04875695453864637,0.3055235326550019,0.3093895111697803,1.546947555848907,-1.5276176632750147,22.89111656892722,0.9034565087472431,-0.2699530516432949,3.0572442829952884,-0.20402239242404213,-0.03605382993566512,0.041075506812940386,0.20537753406470266,0.11389378862265308
46,9.2,177.67253521126761,743.1197183098592,167,735,23,17,47.672535211267615,4.606042049397837,22.880281690140805,3.055797220719974,22.880281690140805,3.055797220719974,0.23030210246989186,0.038197465258999676,True,1,1,1,1,"fly (1,1)",0.1999999999999993,0.05687684827827866,-0.13650944814787636,0.14788443225609677,0.7394221612804864,0.6825472407393842,22.499684644044578,5.891829347837386,-1.9571596244132097,3.0049662295885913,0.09115822914716386,-0.2613902670334838,0.01904184223102509,0.09520921115512579,0.6193390567564266
47,9.4,174.76351351351352,744.125,164,737,24,16,44.763513513513516,4.3249771510641075,21.875,2.9215358931552586,21.875,2.9215358931552586,0.2162488575532054,0.036519198664440734,True,1,1,1,1,"fly (1,1)",0.20000000000000107,-2.909021697754099,1.005281690140805,3.0778236652765694,15.389118326382764,-5.0264084507039986,22.18463093375063,7.295291517434396,-1.5752685514697287,2.9628889393990825,-0.671306637823573,-0.21038645094754274,0.311486085009892,1.5574304250494517,0.7366725089840341
48,9.6,173.61458333333334,744.2013888888889,163,737,24,16,43.61458333333334,4.2139694041867966,21.798611111111086,2.911333704322015,21.798611111111086,2.911333704322015,0.21069847020933982,0.03639167130402519,True,1,1,1,1,"fly (1,1)",0.1999999999999993,-1.148930180180173,0.07638888888891415,1.1514668129279835,5.757334064639938,-0.3819444444445721,21.74115011313563,7.474346800253902,-2.217404103074982,2.903659447497246,-0.051010944166218944,-0.2961474595091796,0.1114755781495046,0.557377890747525,0.7610782933827472
49,9.8,173.67202572347267,744.4501607717042,162,737,25,17,43.67202572347267,4.219519393572239,21.54983922829581,2.8781087450144653,21.54983922829581,2.8781087450144653,0.21097596967861193,0.03597635931268082,True,1,1,1,1,"fly (1,1)",0.20000000000000107,0.057442390139328836,0.2487718828152765,0.2553176019478025,1.2765880097390057,-1.243859414076376,21.674225169703448,3.5169610371894713,-0.812901929260474,2.89472122466824,-0.1661247965377468,-0.1085678703519829,0.033685312870253184,0.16842656435126502,0.36290222754939494
0,0.0,389.609375,691.015625,384,685,12,13,26.609375,2.815806878306878,71.984375,9.844017094017094,71.984375,9.844017094017094,0.14079034391534392,0.12305021367521368,True,2,1,2,2,"fly (2,1)",,,,,,,71.86315524193549,1.0017839252960152,-0.6060987903225623,9.827440033085194,,-0.08288530465949684,,,0.11829727641038873
1,0.2,389.2903225806452,691.258064516129,384,686,12,12,26.29032258064518,2.7820447175285907,71.74193548387098,9.810862972153295,71.74193548387098,9.810862972153295,0.13910223587642953,0.1226357871519162,True,2,1,2,2,"fly (2,1)",0.2,-0.31905241935481854,0.24243951612902492,0.4007135701184061,2.0035678505920305,-1.2121975806451246,71.97908266129032,1.5526573067705005,0.3776041666666667,9.843293355390129,-0.16577060931899368,0.05163817663817719,0.04731891056415549,0.23659455282077746,0.19441173200482073
2,0.4,389.5390625,690.7890625,384,685,12,13,26.5390625,2.8083664021164023,72.2109375,9.875,72.2109375,9.875,0.14041832010582012,0.1234375,True,2,1,2,2,"fly (2,1)",0.2,0.24873991935481854,-0.4690020161290249,0.5308808139438943,2.6544040697194715,2.3450100806451246,72.04790422617582,1.6432644102935405,0.34410782442743465,9.852704851442846,0.32068513923352526,0.04705748026358,0.06932812863873694,0.3466406431936847,0.2044291893526021
3,0.6,389.48854961832063,690.8091603053435,384,685,12,13,26.488549618320633,2.803021123631813,72.19083969465646,9.872251582175242,72.19083969465646,9.872251582175242,0.14015105618159066,0.12340314477719053,True,2,1,2,2,"fly (2,1)",0.19999999999999996,-0.05051288167936718,0.02009780534353922,0.05436426211382384,0.2718213105691193,-0.10048902671769613,72.17495137257781,1.089996728802102,0.63523573200996,9.87007882018158,-0.013742089123791604,0.08686984369367028,0.0060104744086688176,0.030052372043344093,0.14114437293447266
4,0.8,389.4769230769231,690.876923076923,384,685,12,13,26.47692307692307,2.8017908017908013,72.12307692307695,9.862984878369497,72.12307692307695,9.862984878369497,0.14008954008954005,0.12328731097961872,True,2,1,2,2,"fly (2,1)",0.20000000000000007,-0.011626541397561141,0.06776277157950972,0.06875296122354305,0.3437648061177151,-0.3388138578975485,72.23245842144998,1.047083034777122,0.28753524436088673,9.87794303199316,-0.04633351902872283,0.03932105905790038,0.009348020713277826,0.046740103566389114,0.1222922188577746
5,1.0,389.90977443609023,690.6165413533835,384,685,13,13,26.90977443609023,2.847595178422247,72.38345864661653,9.89859263543474,72.38345864661653,9.89859263543474,0.14237975892111232,0.12373240794293425,True,2,1,2,2,"fly (2,1)",0.19999999999999996,0.43285135916715944,-0.2603817235395809,0.5051325975289063,2.525662987644532,1.3019086176979047,72.26115288220551,1.780065923243291,0.14347230377760914,9.881867060814427,0.17803878532621556,0.019620144106339662,0.0580168361927181,0.29008418096359057,0.200773883709275
6,1.2,390.39230769230767,690.723076923077,385,685,12,13,27.392307692307668,2.898656898656896,72.27692307692303,9.884023668639045,72.27692307692303,9.884023668639045,0.1449328449328448,0.12355029585798807,True,2,1,2,2,"fly (2,1)",0.19999999999999996,0.4825332562174367,0.10653556969350575,0.49415399519352493,2.470769975967625,-0.5326778484675289,72.34546057451318,1.8780385094196277,0.42153846153837565,9.893396317882143,-0.07284483397847376,0.057646285338582494,0.053099473319569046,0.2654973665978453,0.21184977161445573
7,1.4,390.312,690.624,385,685,12,13,27.312000000000012,2.8901587301587313,72.37599999999998,9.897572649572647,72.37599999999998,9.897572649572647,0.14450793650793656,0.12371965811965809,True,2,1,2,2,"fly (2,1)",0.19999999999999996,-0.080307692307656,-0.09907692307695015,0.12753651292934526,0.6376825646467265,0.49538461538475087,72.32785607940446,1.1178804728395053,-0.08802247554361493,9.890988865559583,0.06774490466800566,-0.012037261612804296,0.01599355345638626,0.07996776728193132,0.12600276152883275
8,1.6,390.3306451612903,690.6693548387096,385,685,12,13,27.330645161290306,2.892131763099503,72.33064516129036,9.891370278467058,72.33064516129036,9.891370278467058,0.14460658815497515,0.12364212848083822,True,2,1,2,2,"fly (2,1)",0.20000000000000018,0.018645161290294254,0.04535483870961343,0.04903777558083295,0.24518887790416452,-0.22677419354806697,72.33310936270652,0.37200741478719185,0.026266416510338907,9.891707263276105,-0.031011855527944804,0.00359198858261265,0.0065086301413443265,0.032543150706721605,0.0473865030538228
9,1.8,390.3577235772358,690.7073170731708,385,685,12,13,27.357723577235788,2.894997203940295,72.29268292682923,9.886178861788613,72.29268292682923,9.886178861788613,0.14474986019701475,0.12357723577235766,True,2,1,2,2,"fly (2,1)",0.19999999999999996,0.027078415945481993,0.03796223446113345,0.04663016036213688,0.23315080181068445,-0.1898111723056673,72.2573628062327,0.47860390139612835,-0.3787327823691082,9.881348759826695,-0.02595708339222292,-0.05179251724705717,0.00592971823456309,0.029648591172815455,0.06038352705077154
10,2.0,390.2314049586777,690.8512396694215,385,685,12,13,27.231404958677672,2.8816301543574254,72.14876033057851,9.866497139224412,72.14876033057851,9.866497139224412,0.1440815077178713,0.12333121424030515,True,2,1,2,2,"fly (2,1)",0.19999999999999996,-0.1263186185581162,0.14392259625071802,0.19149440489470718,0.9574720244735361,-0.7196129812535902,72.21704022558754,0.70070763360477,-0.2016129032258127,9.87583456076411,-0.0984086128210038,-0.027570995312930335,0.023791767854555505,0.11895883927277755,0.08286858939444441
11,2.2,390.4032258064516,690.7903225806451,385,685,12,13,27.403225806451587,2.8998122546509615,72.20967741935488,9.8748276812793,72.20967741935488,9.8748276812793,0.14499061273254807,0.12343534601599124,True,2,1,2,2,"fly (2,1)",0.20000000000000018,0.17182084777391538,-0.060917088776363926,0.18230001490601805,0.9115000745300894,0.30458544388181935,72.05626085917318,1.3063106082427225,-0.8038968320717772,9.853847638861291,0.0416527102744357,-0.1099346095140894,0.01999966754754807,0.09999833773774026,0.16546409623620964
12,2.4,390.3103448275862,691.1896551724138,385,686,12,12,27.31034482758622,2.8899835796387534,71.81034482758616,9.82021809608016,71.81034482758616,9.82021809608016,0.14449917898193768,0.12275272620100199,True,2,1,2,2,"fly (2,1)",0.19999999999999973,-0.09288097886536661,0.3993325917687116,0.4099919451449079,2.049959725724542,-1.9966629588435607,71.93944719155736,1.1019275015661842,-0.5840683380790789,9.837873120212974,-0.2730479259957001,-0.07987259324158276,0.055487022339622154,0.27743511169811114,0.1380800265934734
13,2.6,390.3781512605042,691.2016806722689,385,686,12,13,27.378151260504183,2.897158863545416,71.79831932773106,9.818573583279463,71.79831932773106,9.818573583279463,0.1448579431772708,0.12273216979099327,True,2,1,2,2,"fly (2,1)",0.20000000000000018,0.06780643291796196,0.012025499855099042,0.06886454088878442,0.3443227044439218,-0.060127499275495155,71.81257466145901,0.8773363522556917,-0.6343626504917673,9.820523030626873,-0.00822256400348386,-0.08675044793049787,0.007361326068913766,0.0368066303445688,0.11423465150487805
14,2.8,390.34188034188037,691.1709401709402,385,686,12,12,27.34188034188037,2.8933206710984516,71.82905982905982,9.822777412521,71.82905982905982,9.822777412521,0.14466603355492258,0.1227847176565125,True,2,1,2,2,"fly (2,1)",0.19999999999999973,-0.036270918623813486,-0.030740501328750724,0.04754532531972228,0.23772662659861174,0.15370250664375382,71.72333827190187,0.6713918997497151,-0.4461819477857408,9.808319763678888,0.021019146207690326,-0.06101633473993093,0.005692442494390833,0.028462212471954202,0.08703829367921277
15,3.0,390.3410852713178,691.4573643410853,385,686,12,13,27.34108527131781,2.8932365366473873,71.54263565891472,9.783608295236201,71.54263565891472,9.783608295236201,0.14466182683236936,0.12229510369045252,True,2,1,2,2,"fly (2,1)",0.20000000000000018,-0.0007950705625603405,0.28642417014509647,0.28642527364132275,1.4321263682066125,-1.432120850725481,71.68379432932484,0.7929554934170581,-0.19771971288510756,9.802912045035876,-0.19584558642399924,-0.027038593215058488,0.039169207644223096,0.1958460382211153,0.10665909051778451
16,3.2,390.3046875,691.3203125,385,685,12,14,27.3046875,2.8893849206349205,71.6796875,9.802350427350428,71.6796875,9.802350427350428,0.14446924603174602,0.12252938034188034,True,2,1,2,2,"fly (2,1)",0.20000000000000018,-0.03639777131780875,-0.137051841085281,0.14180269708919016,0.7090134854459502,0.6852592054264045,71.63400355297158,0.7397549512175209,-0.24895388176635883,9.796103049979019,0.09371066057113345,-0.0340449752842886,0.019133804172056824,0.09566902086028403,0.09992741828286565
17,3.4,390.3203125,691.3203125,385,685,12,14,27.3203125,2.89103835978836,71.6796875,9.802350427350428,71.6796875,9.802350427350428,0.144551917989418,0.12252938034188034,True,2,1,2,2,"fly (2,1)",0.19999999999999973,0.015625,0.0,0.015625,0.07812500000000011,0.0,71.64624669312168,0.4871774927341699,0.06121570075057051,9.797777325555103,0.0,0.00837137788042063,0.0016534391534395176,0.008267195767197599,0.06249582418219773
18,3.6,390.23015873015873,691.4206349206349,385,686,12,13,27.230158730158735,2.8814982783236758,71.57936507936506,9.788631121964453,71.57936507936506,9.788631121964453,0.1440749139161838,0.12235788902455566,True,2,1,2,2,"fly (2,1)",0.20000000000000018,-0.09015376984126533,0.10032242063493868,0.13487879855131205,0.6743939927565596,-0.501612103174693,71.57701752645501,0.5021121738501909,-0.34614583333336674,9.788310089087865,-0.06859652692987156,-0.047336182336188436,0.016710251183822324,0.08355125591911154,0.06138384801106633
19,3.8,390.336,691.528,385,686,12,13,27.336000000000013,2.892698412698414,71.47199999999998,9.773948717948715,71.47199999999998,9.773948717948715,0.1446349206349207,0.12217435897435894,True,2,1,2,2,"fly (2,1)",0.19999999999999973,0.10584126984127806,0.10736507936508133,0.15076350575880243,0.7538175287940132,-0.5368253968254073,71.49595767195767,0.7644253442848225,-0.4052992724867484,9.777224980780536,-0.07341202007869373,-0.055425541536650406,0.018466618469377947,0.09233309234688986,0.08956907826628872
20,4.0,390.1666666666667,691.563492063492,385,686,12,13,27.166666666666686,2.8747795414462103,71.43650793650795,9.769095102428437,71.43650793650795,9.769095102428437,0.1437389770723105,0.12211368878035547,True,2,1,2,2,"fly (2,1)",0.20000000000000018,-0.16933333333332712,0.03549206349202905,0.1730129022607791,0.8650645113038947,-0.17746031746014507,71.3562710933398,1.017791939930779,-0.6984328930892992,9.758122542678947,-0.02426807760138592,-0.09551219050793884,0.018564577306572967,0.09282288653286476,0.12614165188097146
21,4.2,390.2442748091603,691.8396946564885,384,686,13,13,27.244274809160288,2.882992043297385,71.16030534351148,9.73132380765969,71.16030534351148,9.73132380765969,0.14414960216486924,0.12164154759574612,True,2,1,2,2,"fly (2,1)",0.20000000000000018,0.07760814249360237,0.2762025929964693,0.28689875593888614,1.4344937796944295,-1.3810129649823453,71.22293776000647,0.9252830820048623,-0.6666666666666281,9.739888924445331,-0.18885647384373688,-0.09116809116808484,0.038653795352631984,0.19326897676315974,0.1164537219815633
22,4.4,390.28,691.928,385,686,12,13,27.279999999999973,2.8867724867724838,71.072,9.719247863247864,71.072,9.719247863247864,0.14433862433862418,0.1214905982905983,True,2,1,2,2,"fly (2,1)",0.20000000000000018,0.03572519083968473,0.0883053435114789,0.09525819100325274,0.4762909550162633,-0.4415267175573941,71.11295424018688,0.6945653345312248,-0.5499175990979658,9.72484844310248,-0.060379722059131724,-0.0752024067142512,0.01265386052973309,0.0632693026486654,0.09339248058241383
23,4.6,390.27868852459017,691.8934426229508,385,686,12,13,27.278688524590166,2.8866337063058376,71.10655737704917,9.723973658399887,71.10655737704917,9.723973658399887,0.1443316853152919,0.12154967072999859,True,2,1,2,2,"fly (2,1)",0.1999999999999993,-0.001311475409806917,-0.03455737704916828,0.03458225377659632,0.17291126888298222,0.17278688524584201,71.06758364181208,0.45415473080496516,-0.22685299187401098,9.718643916829002,0.023628975760114995,-0.031022631367386266,0.004727832467083246,0.02363916233541631,0.05679705380967775
24,4.8,390.39516129032256,691.9758064516129,385,686,12,13,27.395161290322562,2.8989588667008004,71.02419354838707,9.712710228839258,71.02419354838707,9.712710228839258,0.14494794333504002,0.12140887786049073,True,2,1,2,2,"fly (2,1)",0.20000000000000018,0.11647276573239651,0.08236382866209624,0.1426523937031302,0.7132619685156504,-0.4118191433104808,71.06827499983676,0.7396193297227294,0.0034567901233612717,9.718738461516137,-0.05631714780314207,0.00047272343567313313,0.01669653928899032,0.08348269644495153,0.08326394337997013
25,5.0,390.1333333333333,691.925925925926,384,686,13,13,27.133333333333326,2.871252204585537,71.07407407407402,9.719531497309267,71.07407407407402,9.719531497309267,0.14356261022927685,0.12149414371636584,True,2,1,2,2,"fly (2,1)",0.20000000000000018,-0.26182795698923655,-0.049880525686944566,0.2665369503539114,1.3326847517695557,0.2494026284347226,71.08250711793478,0.813202469644288,0.07116059049015645,9.720684734076551,0.034106342350046476,0.00973136280207379,0.028533994271908537,0.14266997135954257,0.09300847847739435
26,5.2,390.15671641791045,691.8507462686567,384,686,13,13,27.156716417910445,2.8737266050698884,71.14925373134326,9.72981247608113,71.14925373134326,9.72981247608113,0.14368633025349442,0.12162265595101412,True,2,1,2,2,"fly (2,1)",0.20000000000000018,0.023383084577119462,-0.07517965726924558,0.07873213772953172,0.39366068864765824,0.3758982863462276,71.10953032110399,0.6535887810239052,0.1351160158460136,9.724380214851829,0.051404893859316965,0.018477403876377214,0.010574553525537803,0.052872767627688964,0.07560716998463875
27,5.4,390.17293233082705,691.8947368421053,384,686,13,13,27.172932330827052,2.8754425746906933,71.10526315789468,9.723796671165085,71.10526315789468,9.723796671165085,0.14377212873453465,0.12154745838956356,True,2,1,2,2,"fly (2,1)",0.20000000000000018,0.016215912916607067,0.04399057344858193,0.04688418053090045,0.23442090265450205,-0.21995286724290944,71.0800770583174,0.4427596742453997,-0.14726631393292258,9.72035241823144,-0.03007902458023179,-0.020138983101937655,0.006255754193336953,0.03127877096668474,0.05818164001570625
28,5.6,390.1,692.0142857142857,384,686,13,14,27.100000000000023,2.86772486772487,70.98571428571427,9.707448107448105,70.98571428571427,9.707448107448105,0.1433862433862435,0.1213431013431013,True,2,1,2,2,"fly (2,1)",0.1999999999999993,-0.07293233082702955,0.11954887218041677,0.14003948628680737,0.7001974314340393,-0.5977443609020859,71.01824851985032,0.5224645626123928,-0.30914269233543773,9.711897233483805,-0.08174281858489814,-0.042275923738180614,0.018078676290548948,0.09039338145274506,0.06310125428393944
29,5.8,390.22463768115944,692.036231884058,384,686,13,14,27.224637681159436,2.8809140403343316,70.963768115942,9.704446921838223,70.963768115942,9.704446921838223,0.1440457020167166,0.12130558652297778,True,2,1,2,2,"fly (2,1)",0.20000000000000018,0.1246376811594132,0.021946169772263602,0.1265550707497276,0.6327753537486375,-0.10973084886131791,70.9040241099046,1.379132132133756,-0.5711220497285774,9.696276801354475,-0.015005928049411907,-0.07810216064664334,0.013526322086477712,0.06763161043238851,0.15577205295541244
30,6.0,390.7482014388489,692.2374100719425,385,686,13,14,27.748201438848923,2.9363176125766057,70.76258992805754,9.676935374777099,70.76258992805754,9.676935374777099,0.14681588062883028,0.12096169218471374,True,2,1,2,2,"fly (2,1)",0.20000000000000018,0.5235637576894874,0.20117818788446584,0.5608847222437189,2.804423611218592,-1.0058909394223283,70.61480453318502,2.2210873448550887,-1.446097883597871,9.656725406247524,-0.13755773530562,-0.19775697553475213,0.061858233396220805,0.30929116698110376,0.272635928967024
31,6.2,390.77777777777777,692.8819444444445,385,687,13,14,27.77777777777777,2.9394473838918276,70.11805555555554,9.588793922127254,70.11805555555554,9.588793922127254,0.1469723691945914,0.11985992402659067,True,2,1,2,2,"fly (2,1)",0.20000000000000018,0.029576338928848145,0.6445343725019939,0.6452126139196079,3.226063069598037,-3.2226718625099666,70.0949183575514,3.318059505572045,-2.5994308781681235,9.58562986086173,-0.44070726324922443,-0.3554777269289741,0.08819700189751603,0.44098500948757974,0.4226574472794867
32,6.4,390.45205479452056,693.5958904109589,385,687,13,15,27.452054794520564,2.9049793433355093,69.40410958904113,9.491160285680838,69.40410958904113,9.491160285680838,0.14524896716677546,0.11863950357101047,True,2,1,2,2,"fly (2,1)",0.20000000000000018,-0.32572298325720794,0.7139459665144159,0.7847383671799021,3.9236918358995068,-3.5697298325720763,69.6892065633504,3.136161521894127,-2.028558971005052,9.530147906099199,-0.4881681822320778,-0.2774097738126561,0.1035392330739554,0.5176961653697766,0.4018050548134635
33,6.6,390.8811188811189,693.4545454545455,385,687,13,15,27.88111888111888,2.9503829503829504,69.5454545454545,9.510489510489505,69.5454545454545,9.510489510489505,0.14751914751914752,0.11888111888111881,True,2,1,2,2,"fly (2,1)",0.1999999999999993,0.4290640865983164,-0.14134495641337708,0.4517459320369659,2.2587296601848377,0.7067247820668879,69.49565970016067,2.712594847113351,-0.9677343159485928,9.503679958996331,0.09664612404333396,-0.13233973551433717,0.04934679791660667,0.24673398958303422,0.32379205824955404
34,6.8,391.2721088435374,693.4625850340136,385,687,13,15,28.27210884353741,2.9917575495806785,69.53741496598639,9.509390080818651,69.53741496598639,9.509390080818651,0.1495878774790339,0.11886737601023314,True,2,1,2,2,"fly (2,1)",0.20000000000000018,0.39098996241853,0.008039579468118063,0.39107260905114244,1.9553630452557105,-0.04019789734059028,69.0276231704803,4.2333637931314785,-2.3401826484018753,9.439674963484485,-0.005497148354267617,-0.3200249775592297,0.04138920395917029,0.20694601979585128,0.5238689333741385
35,7.0,390.5531914893617,695.0,385,689,13,14,27.553191489361723,2.9156816390858964,68.0,9.2991452991453,68.0,9.2991452991453,0.14578408195429482,0.11623931623931624,True,2,1,2,2,"fly (2,1)",0.20000000000000018,-0.7189173541756873,1.537414965986386,1.6971997347907792,8.485998673953889,-7.687074829931923,68.97779604011627,5.813588936298912,-0.24913565182013495,9.432860996938977,-1.0512239083667554,-0.03406983272753905,0.22358535814870625,1.1179267907435302,0.7603284118094739
36,7.2,390.6577181208054,693.6040268456376,385,687,13,15,27.657718120805384,2.926742658286284,69.39597315436242,9.490047610852981,69.39597315436242,9.490047610852981,0.14633713291431422,0.11862559513566226,True,2,1,2,2,"fly (2,1)",0.20000000000000018,0.1045266314436617,-1.395973154362423,1.399881017937429,6.999405089687139,6.979865771812109,68.78013919960229,5.932306210157123,-0.9882842025698806,9.405831001655015,0.9545115585384059,-0.13514997641981266,0.1912224849778082,0.9561124248890401,0.7957362815234158
37,7.4,390.75694444444446,694.0555555555555,385,688,13,14,27.756944444444457,2.937242798353911,68.94444444444446,9.428300094966763,68.94444444444446,9.428300094966763,0.14686213991769553,0.11785375118708455,True,2,1,2,2,"fly (2,1)",0.20000000000000018,0.09922632363907269,0.4515287099179659,0.4623029733660693,2.3115148668303442,-2.2576435495898273,68.9677771686972,3.7467362328622933,0.9381898454745361,9.431490894864574,-0.3087375794310884,0.12829946604779968,0.0626339257875354,0.31316962893767675,0.5106444328281236
38,7.6,390.81456953642385,694.4370860927153,385,688,13,15,27.814569536423846,2.943340691685063,68.56291390728472,9.37612497877398,68.56291390728472,9.37612497877398,0.14716703458425315,0.11720156223467475,True,2,1,2,2,"fly (2,1)",0.1999999999999993,0.057625091979389254,0.3815305371597333,0.38585774841387815,1.9292887420693976,-1.9076526857986733,68.44203611724306,2.6541859203594487,-2.6287052572706675,9.359594682699907,-0.26087558096391833,-0.3594810608233405,0.052530248931530556,0.2626512446576537,0.36157581005624645
39,7.8,390.83125,695.18125,385,688,13,16,27.83125000000001,2.9451058201058213,67.81875000000002,9.274358974358977,67.81875000000002,9.274358974358977,0.14725529100529106,0.11592948717948721,True,2,1,2,2,"fly (2,1)",0.20000000000000018,0.01668046357616504,0.744163907284701,0.7443508304357219,3.7217541521786064,-3.720819536423502,67.92192328918323,2.614164360667026,-2.6005641402991846,9.288468142110526,-0.5088300220750148,-0.35563270294689836,0.10178131131468188,0.5089065565734089,0.3567485206509275
40,8.0,390.7748344370861,695.615894039735,385,689,13,15,27.7748344370861,2.93913591926837,67.38410596026495,9.214920473198625,67.38410596026495,9.214920473198625,0.1469567959634185,0.11518650591498282,True,2,1,2,2,"fly (2,1)",0.20000000000000018,-0.056415562913912254,0.43464403973507615,0.43829003755061563,2.1914501877530763,-2.173220198675379,66.88813147393448,5.176451414838456,-5.1689590762437945,9.147094902418388,-0.2971925058017619,-0.7068661984606908,0.059737552144343994,0.2986877607217197,0.707480546336907
41,8.2,390.72435897435895,697.5384615384615,385,691,13,16,27.72435897435895,2.9337946004612645,65.46153846153845,8.952005259697566,65.46153846153845,8.952005259697566,0.14668973002306324,0.11190006574621958,True,2,1,2,2,"fly (2,1)",0.1999999999999993,-0.050475462727149534,1.9225674987264938,1.9232299809167304,9.616149904583686,-9.612837493632503,65.60044687477834,6.452423305524807,-6.438422995780681,8.97100128202097,-1.3145760675052955,-0.8804681019871016,0.26296946434311746,1.314847321715592,0.8816156551257928
42,8.4,390.8354430379747,699.0443037974684,385,692,13,16,27.8354430379747,2.9455495278280104,63.95569620253161,8.746078113166716,63.95569620253161,8.746078113166716,0.1472774763914005,0.10932597641458396,True,2,1,2,2,"fly (2,1)",0.20000000000000107,0.11108406361574907,1.5058422590068403,1.5099339648475398,7.549669824237659,-7.529211295034162,64.6515782213567,6.805066675818392,-4.7443432671082,8.841241466168436,-1.0296357326542471,-0.6487990792626601,0.20626237658801438,1.0313118829400665,0.9241516720699554
43,8.6,391.125,698.4625,385,691,14,16,28.125,2.9761904761904763,64.53750000000002,8.825641025641028,64.53750000000002,8.825641025641028,0.1488095238095238,0.11032051282051286,True,2,1,2,2,"fly (2,1)",0.1999999999999993,0.28955696202530135,-0.5818037974684103,0.6498760597267642,3.2493802986338327,2.9090189873420615,64.24615974046651,4.093657667227556,-2.027092404450911,8.785799622627898,0.3978145623715626,-0.2772092177026885,0.08525916231084124,0.4262958115542077,0.5530417756803089
44,8.8,391.07547169811323,698.7547169811321,385,692,13,16,28.075471698113233,2.9709493860437286,64.2452830188679,8.785679729075952,64.2452830188679,8.785679729075952,0.14854746930218643,0.10982099661344939,True,2,1,2,2,"fly (2,1)",0.20000000000000107,-0.04952830188676671,0.29221698113212824,0.29638457576223715,1.4819228788111778,-1.4610849056606334,64.34634433962265,1.6515114468892778,0.5009229957806899,8.799500080632157,-0.199806482825381,0.06850229002129068,0.04030352650933071,0.20151763254665248,0.21730286625587847
45,9.0,391.11875,698.74375,385,692,14,16,28.118749999999977,2.9755291005290982,64.25625000000002,8.78717948717949,64.25625000000002,8.78717948717949,0.1487764550264549,0.10983974358974363,True,2,1,2,2,"fly (2,1)",0.1999999999999993,0.043278301886743975,-0.01096698113212824,0.044646232644564805,0.22323116322282482,0.05483490566064139,64.25319917833231,0.7360866819298311,-0.46572580645166034,8.786762280797582,0.00749879051769045,-0.06368899917287471,0.004819030933355037,0.024095154666775268,0.09295243926487624
46,9.2,391.2193548387097,698.741935483871,385,692,13,16,28.219354838709705,2.9861751152073763,64.25806451612902,8.787427626137303,64.25806451612902,8.787427626137303,0.1493087557603688,0.10984284532671629,True,2,1,2,2,"fly (2,1)",0.1999999999999993,0.10060483870972803,-0.001814516129002186,0.10062120075109818,0.5031060037554926,0.009072580645010963,64.23223481774532,0.45938007726025126,-0.10482180293498233,8.783895359691668,0.0012406947890664143,-0.014334605529571118,0.010648906116240158,0.05324453058120098,0.051234878430114185
47,9.4,391.1132075471698,698.8176100628931,385,692,13,16,28.113207547169793,2.9749425975841053,64.1823899371069,8.777078965758209,64.1823899371069,8.777078965758209,0.14874712987920524,0.10971348707197762,True,2,1,2,2,"fly (2,1)",0.20000000000000107,-0.1061472915399122,0.07567457902212027,0.13036061296048834,0.6518030648024382,-0.37837289511059935,64.11939199074111,0.8435585737887806,-0.5642141350210759,8.768463861981688,-0.05174330189547022,-0.07715748854988837,0.015272990008473344,0.0763649500423663,0.10496847524166115
48,9.6,391.0379746835443,699.0822784810126,385,692,13,16,28.03797468354429,2.966981447994105,63.91772151898738,8.740884994049557,63.91772151898738,8.740884994049557,0.14834907239970524,0.10926106242561945,True,2,1,2,2,"fly (2,1)",0.1999999999999993,-0.07523286362550152,0.2646684181195269,0.27515333056168156,1.3757666528084127,-1.3233420905976392,64.0856580670641,1.0959630848523545,-0.1686696183850275,8.763850675837825,-0.18096985854326128,-0.02306593071931969,0.03705918902028311,0.1852959451014162,0.1435075517751767
49,9.8,391.11764705882354,698.843137254902,385,692,13,15,28.117647058823536,2.975412387177094,64.15686274509801,8.773588067705711,64.15686274509801,8.773588067705711,0.1487706193588547,0.10966985084632139,True,2,1,2,2,"fly (2,1)",0.20000000000000107,0.07967237527924453,-0.2391412261106325,0.2520639073892441,1.260319536946214,1.195706130553156,64.0372921320427,1.3180430948773125,-0.0638179800222416,8.757236530877634,0.16351536828077243,-0.008727245131244427,0.033772352036349707,0.16886176018174764,0.1770788526415819
0,0.0,408.01408450704224,626.6830985915493,402,614,13,26,45.01408450704224,4.763395185930396,136.3169014084507,18.64162754303599,136.3169014084507,18.64162754303599,0.2381697592965198,0.2330203442879499,True,3,2,2,2,"fly (2,2)",,,,,,,141.62372848200312,27.2037750409969,26.534135367762133,19.367347484718373,,3.628599708411917,,,3.6837063536362216
1,0.2,405.6145833333333,616.0694444444445,399,604,14,25,42.614583333333314,4.509479717813049,146.93055555555554,20.093067426400758,146.93055555555554,20.093067426400758,0.22547398589065246,0.25116334283000946,True,3,2,2,2,"fly (2,2)",0.2,-2.399501173708927,-10.613654147104853,10.88151001639876,54.4075500819938,53.068270735524266,146.3623927394539,32.990741579323355,32.538033076507986,20.015369947275747,7.257199416823834,4.44964554892417,1.4734825414544888,7.367412707272443,4.486897759568813
2,0.4,405.3554006968641,607.1602787456445,398,595,15,26,42.35540069686408,4.482052983795141,155.83972125435548,21.311414872390493,155.83972125435548,21.311414872390493,0.22410264918975703,0.2663926859048812,True,3,2,2,2,"fly (2,2)",0.2,-0.2591826364692338,-8.909165698799939,8.912934931195254,44.56467465597627,44.54582849399969,154.0049858869916,38.75370025611928,38.21296573768848,21.060510890528764,6.091737229948677,5.225704716265091,1.2186561142867993,6.093280571433996,5.270187125029609
3,0.6,405.95744680851067,603.7553191489362,399,592,14,25,42.95744680851067,4.5457615670381655,159.24468085106378,21.777050372795046,159.24468085106378,21.777050372795046,0.22728807835190828,0.2722131296599381,True,3,2,2,2,"fly (2,2)",0.19999999999999996,0.6020461116465867,-3.404959596708295,3.4577752060775566,17.288876030387787,17.02479798354148,159.48183773884344,27.8571785095838,27.384259259259238,21.809482083944403,2.3281775020227617,3.7448559670781854,0.46997361927647724,2.349868096382387,3.783935222833483
4,0.8,407.34375,599.6388888888889,400,588,15,25,44.34375,4.692460317460317,163.3611111111111,22.33998100664767,163.3611111111111,22.33998100664767,0.23462301587301587,0.27924976258309586,True,3,2,2,2,"fly (2,2)",0.20000000000000007,1.3863031914893327,-4.116430260047309,4.34359696847747,21.71798484238734,20.58215130023654,164.81967809433135,27.38674388389211,26.689201777439468,22.53944315819916,2.8146531692631163,3.6498053712737764,0.5817314001368132,2.908657000684065,3.707339018372154
5,1.0,408.8839590443686,591.1467576791808,402,579,14,26,45.88395904436862,4.855445401520489,171.85324232081916,23.50129809515476,171.85324232081916,23.50129809515476,0.24277227007602445,0.2937662261894345,True,3,2,2,2,"fly (2,2)",0.19999999999999996,1.5402090443686234,-8.492131209708077,8.630674155780236,43.15337077890119,42.46065604854039,171.37038352831837,34.4295130110279,32.75352716993515,23.43526612353072,5.806585442535451,4.4791148266578,1.172698391610002,5.8634919580500116,4.61825446322332
6,1.2,411.9537366548043,584.1032028469751,405,572,14,26,48.95373665480429,5.180289593100983,178.89679715302486,24.464519268789726,178.89679715302486,24.464519268789726,0.25901447965504915,0.30580649085987155,True,3,2,2,2,"fly (2,2)",0.19999999999999996,3.069777610435665,-7.0435548322057,7.683436682359032,38.417183411795165,35.21777416102851,178.85552874547798,38.96355023782554,37.42572608579811,24.458875725877334,4.8161058681748345,5.118048011733076,1.0165228861871762,5.082614430935882,5.245623481917384
7,1.4,413.37410071942446,577.18345323741,407,565,14,25,50.37410071942446,5.330592668722165,185.81654676258995,25.410809813687514,185.81654676258995,25.410809813687514,0.26652963343610825,0.31763512267109395,True,3,2,2,2,"fly (2,2)",0.19999999999999996,1.4203640646201734,-6.919749609565088,7.064019304556049,35.320096522780254,34.598748047825445,186.88845781196997,41.98097398521169,40.16464533245993,25.55739594009846,4.7314527244889435,5.4926010711056295,0.9581528113532519,4.79076405676626,5.643168347501771
8,1.6,415.8819188191882,567.0479704797049,409,555,14,25,52.88191881918817,5.595970245416738,195.95202952029513,26.796858737818138,195.95202952029513,26.796858737818138,0.2797985122708369,0.3349607342227267,True,3,2,2,2,"fly (2,2)",0.20000000000000018,2.5078180997637105,-10.135482757705176,10.441128404211941,52.20564202105966,50.67741378852584,195.19649060175774,42.303787804747856,41.54016394893876,26.69353717630875,6.93024462065311,5.680706181051455,1.4112253109606354,7.05612655480317,5.743564644810199
9,1.8,416.2425373134328,559.1791044776119,410,547,14,25,53.24253731343282,5.634130932638394,203.82089552238813,27.8729429774206,203.82089552238813,27.8729429774206,0.2817065466319197,0.3484117872177575,True,3,2,2,2,"fly (2,2)",0.19999999999999996,0.36061849424464754,-7.868866002093,7.877124974080731,39.38562487040366,39.34433001046501,204.3525230791466,46.303726234986016,45.780162386944305,27.94564418176364,5.380421198012312,6.260535027274436,1.0767606645722336,5.383803322861169,6.3036549398330095
10,2.0,416.1760299625468,549.7153558052435,410,538,14,25,53.17602996254681,5.627093117729821,213.28464419475654,29.167130830052177,213.28464419475654,29.167130830052177,0.28135465588649106,0.3645891353756522,True,3,2,2,2,"fly (2,2)",0.19999999999999996,-0.06650735088601323,-9.46374867236841,9.463982362698946,47.31991181349474,47.31874336184206,213.20439110164364,44.537906787183125,44.259340112485184,29.156156048088018,6.470939263157886,6.0525593316219,1.294206988366938,6.4710349418346915,6.075443841305693
11,2.2,414.4580152671756,540.4923664122138,408,529,14,25,51.4580152671756,5.445292620865143,222.50763358778624,30.42839433679128,222.50763358778624,30.42839433679128,0.2722646310432571,0.380354929209891,True,3,2,2,2,"fly (2,2)",0.20000000000000018,-1.7180146953712097,-9.222989393029707,9.381636735530208,46.908183677650996,46.11494696514849,223.10308630487273,50.16591178143127,49.49347601614554,30.509823768187726,6.306317533695504,6.768338600498534,1.274298651844245,6.371493259221219,6.823621490377373
12,2.4,412.1245283018868,529.4830188679246,406,518,13,25,49.12452830188681,5.198362783268446,233.51698113207544,31.93394613771972,233.51698113207544,31.93394613771972,0.25991813916342227,0.3991743267214965,True,3,2,2,2,"fly (2,2)",0.19999999999999973,-2.3334869652887846,-11.009347544289199,11.253927970629599,56.26963985314807,55.046737721446064,233.97102031166705,55.39847394147628,54.339670033971466,31.996036965698057,7.5277590046422125,7.431065987551659,1.5256672540152396,7.6283362700762085,7.518104322736748
13,2.6,409.7171314741036,517.1115537848606,404,506,13,24,46.71713147410361,4.9436117962014405,245.88844621513942,33.62577042258317,245.88844621513942,33.62577042258317,0.24718058981007202,0.4203221302822896,True,3,2,2,2,"fly (2,2)",0.20000000000000018,-2.4073968277832023,-12.371465083063981,12.603519658725967,63.017598293629774,61.85732541531985,243.70128001520916,49.91379213569984,48.65129851771079,33.32667077131066,8.459121424317264,6.653169028063023,1.710896687782565,8.554483438912818,6.757173676703957
14,2.8,407.8888888888889,511.3015873015873,401,500,14,24,44.888888888888914,4.750146972369198,251.6984126984127,34.42029575362909,251.6984126984127,34.42029575362909,0.23750734861845987,0.4302536969203636,True,3,2,2,2,"fly (2,2)",0.19999999999999973,-1.8282425852146957,-5.809966483273286,6.090827652064329,30.454138260321685,29.049832416366467,253.28712290582453,49.468249134060734,47.92921445307682,34.63755526917259,3.972626655229595,6.554422489309652,0.817740264224568,4.088701321122846,6.681351074955933
15,3.0,404.9137254901961,500.72549019607845,399,490,13,23,41.9137254901961,4.435314866687418,262.27450980392155,35.86659963130551,262.27450980392155,35.86659963130551,0.2217657433343709,0.44833249539131886,True,3,2,2,2,"fly (2,2)",0.20000000000000018,-2.975163398692814,-10.576097105508836,10.986602169646163,54.933010848230765,52.88048552754413,261.99761427368645,45.04907200724197,43.552456839309436,35.82873357588874,7.231519388382098,5.955891533580766,1.4801736929664284,7.4008684648321355,6.079347180753612
16,3.2,402.8964143426295,490.9800796812749,397,480,13,24,39.8964143426295,4.221842787579841,272.0199203187251,37.199305342731634,272.0199203187251,37.199305342731634,0.21109213937899204,0.46499131678414546,True,3,2,2,2,"fly (2,2)",0.20000000000000018,-2.017311147566602,-9.745410514803552,9.952013382634698,49.760066913173446,48.72705257401772,271.7489997642024,50.482840291308655,48.756927452579625,37.162256378010575,6.663528557130605,6.6676140106091815,1.3496943512611728,6.748471756305858,6.810006334470077
17,3.4,400.1304347826087,482.0474308300395,394,471,14,24,37.13043478260869,3.9291465378421893,280.9525691699605,38.4208641599946,280.9525691699605,38.4208641599946,0.19645732689210946,0.4802608019999325,True,3,2,2,2,"fly (2,2)",0.19999999999999973,-2.76597956002081,-8.932648851235399,9.351088622504335,46.75544311252174,44.66324425617705,280.8005464287521,46.63674045150555,45.25773332274884,38.40007472529944,6.107794086314841,6.189091736444289,1.256135756454446,6.280678782272238,6.302781934265563
18,3.6,398.26720647773277,473.57085020242914,392,463,14,23,35.26720647773277,3.731979521453203,289.42914979757086,39.580054673172086,289.42914979757086,39.580054673172086,0.18659897607266016,0.49475068341465106,True,3,2,2,2,"fly (2,2)",0.20000000000000018,-1.8632283048759177,-8.47658062761036,8.678942265764304,43.39471132882148,42.382903138051766,289.7206006516944,45.72483452805192,44.60027111471128,39.61991120023171,5.79595256588742,6.099182374661376,1.1758390528437197,5.879195264218593,6.191927628286831
19,3.8,397.26141078838174,464.21991701244815,391,453,13,23,34.26141078838174,3.625546115172671,298.78008298755185,40.85881476752846,298.78008298755185,40.85881476752846,0.18127730575863354,0.5107351845941057,True,3,2,2,2,"fly (2,2)",0.19999999999999973,-1.0057956893510323,-9.350933189980992,9.404869828562498,47.024349142812554,46.754665949905025,299.84752203948534,51.263067521783775,50.63460693895468,41.00478933873304,6.3938004717818675,6.924390692506616,1.2831817676739308,6.4159088383696625,6.976022454170035
20,4.0,395.515873015873,451.6666666666667,389,440,14,24,32.51587301587301,3.4408331233728053,311.3333333333333,42.57549857549857,311.3333333333333,42.57549857549857,0.17204165616864028,0.5321937321937321,True,3,2,2,2,"fly (2,2)",0.20000000000000018,-1.745537772508726,-12.553250345781464,12.674028418743474,63.37014209371731,62.766251728907264,308.88346043380994,46.33204850925108,45.1796919716231,42.2404732217176,8.583419039850561,6.178419414922811,1.7265926519843722,8.632963259921853,6.274144928186758
21,4.2,393.1400778210117,446.4630350194553,387,435,14,24,30.140077821011687,3.1894262244456812,316.5369649805447,43.28710632212577,316.5369649805447,43.28710632212577,0.15947131122228406,0.5410888290265722,True,3,2,2,2,"fly (2,2)",0.20000000000000018,-2.3757951948613254,-5.2036316472114095,5.720330858244678,28.601654291223362,26.018158236057022,316.7423870196587,40.44070762046476,39.29463292924364,43.31519822491058,3.5580387331360055,5.373625015964947,0.7547125372537526,3.7735626862687597,5.4688394331144865
22,4.4,393.90588235294115,440.64313725490194,388,429,13,25,30.90588235294115,3.2704637410519735,322.35686274509806,44.08298977710743,322.35686274509806,44.08298977710743,0.16352318705259866,0.5510373722138429,True,3,2,2,2,"fly (2,2)",0.20000000000000018,0.7658045319294615,-5.819897764553332,5.870065295290724,29.350326476453592,29.099488822766634,322.30453019049753,28.78187083068128,27.810715854194182,44.07583318844411,3.9794172749082755,3.803174817667575,0.7999984706305708,3.9999923531528507,3.8840355799658925
23,4.6,393.4822134387352,434.9802371541502,387,424,14,24,30.482213438735187,3.2256310517180093,328.0197628458498,44.857403466099115,328.0197628458498,44.857403466099115,0.16128155258590046,0.560717543326239,True,3,2,2,2,"fly (2,2)",0.1999999999999993,-0.42366891420596176,-5.662900100751756,5.678726344873356,28.39363172436688,28.31450050375888,326.2431075621279,20.350657895237315,19.692886858151656,44.61444205977816,3.8720684449584435,2.693044356670317,0.7757103400952107,3.8785517004760672,2.7523781449668383
24,4.8,394.0539419087137,434.6473029045643,388,424,13,23,31.053941908713682,3.2861314189115007,328.3526970954357,44.90293293612796,328.3526970954357,44.90293293612796,0.16430657094557505,0.5612866617015995,True,3,2,2,2,"fly (2,2)",0.20000000000000018,0.5717284699784955,-0.3329342495858896,0.6616030969782947,3.3080154848914702,1.6646712479294463,328.35492254453106,11.141369262350743,10.55907491201607,44.903237271046976,0.2276473501442309,1.4439760563440676,0.07571807625431919,0.3785903812715956,1.4971195918805877
25,5.0,393.99615384615385,434.3076923076923,387,423,14,24,30.996153846153845,3.2800162800162798,328.6923076923077,44.949375410913866,328.6923076923077,44.949375410913866,0.16400081400081398,0.5618671926364234,True,3,2,2,2,"fly (2,2)",0.20000000000000018,-0.05778806255983682,-0.33961059687197803,0.3444921155587756,1.7224605777938766,1.6980529843598886,329.65776388011096,7.1981651167289975,6.514206677899678,45.081403607536544,0.23221237392952768,0.8908316824478383,0.04684333877882019,0.23421669389410074,0.9523479655894213
26,5.2,393.28685258964146,431.0717131474104,387,420,13,24,30.286852589641455,3.204957945993805,331.9282868525896,45.39190247556782,331.9282868525896,45.39190247556782,0.16024789729969025,0.5673987809445976,True,3,2,2,2,"fly (2,2)",0.20000000000000018,-0.70930125651239,-3.2359791602819428,3.3128038575003322,16.564019287501647,16.1798958014097,333.9685669759587,21.974004757283158,21.55401547923833,45.67091514201144,2.2126353232697564,2.94755767237447,0.44884736432051386,2.244236821602567,2.9820833972919
27,5.4,391.4936170212766,421.7148936170213,386,411,12,23,28.493617021276577,3.015197568389056,341.2851063829787,46.671467539552644,341.2851063829787,46.671467539552644,0.1507598784194528,0.583393344244408,True,3,2,2,2,"fly (2,2)",0.20000000000000018,-1.793235568364878,-9.356819530389089,9.5271068813108,47.63553440655396,46.7840976519454,340.4456330705547,33.36173625037309,32.38533047297998,46.55666777033226,6.3978253199241255,4.428763141604107,1.2935593352758075,6.467796676379032,4.509294979263554
28,5.6,389.31474103585657,414.87649402390434,383,404,13,23,26.31474103585657,2.7846286810430234,348.12350597609566,47.60663329587633,348.12350597609566,47.60663329587633,0.13923143405215116,0.5950829161984541,True,3,2,2,2,"fly (2,2)",0.1999999999999993,-2.1788759854200066,-6.838399593116947,7.17713101141271,35.88565505706368,34.191997965584854,347.79890253238983,37.76175847080398,36.76634730917605,47.562243081352456,4.675828781618438,5.027876555100988,0.9631702879618098,4.815851439809066,5.1099514228594485
29,5.8,388.2936507936508,409.01190476190476,382,398,13,23,25.293650793650784,2.6765768035609296,353.98809523809524,48.40862840862841,353.98809523809524,48.40862840862841,0.13382884017804647,0.6051078551078551,True,3,2,2,2,"fly (2,2)",0.20000000000000018,-1.021090242205787,-5.864589261999583,5.95281718975887,29.764085948794325,29.322946309997892,355.4939905281871,39.507262789325985,38.47543997898614,48.614562807273444,4.009975563760403,5.261598629604943,0.8092412304780503,4.046206152390248,5.346667397240863
30,6.0,386.287037037037,398.6296296296296,380,389,14,21,23.28703703703701,2.4642367234959797,364.3703703703704,49.82842671731561,364.3703703703704,49.82842671731561,0.123211836174799,0.6228553339664451,True,3,2,2,2,"fly (2,2)",0.20000000000000018,-2.006613756613774,-10.38227513227514,10.574409472424,52.87204736211995,51.91137566137566,364.8241089982014,47.306319725574916,46.6505923500716,49.89047644419848,7.098991543435987,6.37956818462517,1.4355889199046568,7.177944599523277,6.433424091080056
31,6.2,384.65346534653463,386.88613861386136,380,377,12,22,21.65346534653463,2.2913719943422888,376.11386138613864,51.434374206651434,376.11386138613864,51.434374206651434,0.11456859971711444,0.642929677583143,True,3,2,2,2,"fly (2,2)",0.20000000000000018,-1.6335716905023787,-11.743491015768257,11.856565173162105,59.28282586581047,58.71745507884123,375.6857349098273,54.82691472901121,54.308129558129444,51.3758269962157,8.029737446679121,7.4267527600860745,1.6152243042653305,8.076121521326645,7.469359289873569
32,6.4,384.2972972972973,376.42702702702707,380,367,11,21,21.29729729729729,2.253682253682253,386.57297297297293,52.86468006468006,386.57297297297293,52.86468006468006,0.11268411268411266,0.6608085008085007,True,3,2,2,2,"fly (2,2)",0.20000000000000018,-0.3561680492373398,-10.459111586834297,10.46517419182065,52.3258709591032,52.295557934171434,384.02894478637046,41.97738598143375,41.71604938271597,52.51677877420451,7.151529290143118,5.704758889944074,1.4308023497541584,7.1540117487707855,5.726201697403486
33,6.6,383.8342857142857,373.6,380,364,10,21,20.834285714285727,2.2046863189720347,389.4,53.251282051282054,389.4,53.251282051282054,0.11023431594860172,0.6656410256410256,True,3,2,2,2,"fly (2,2)",0.1999999999999993,-0.4630115830115642,-2.827027027027043,2.8646922238775034,14.323461119387568,14.135135135135265,391.43185120604477,37.10886517843978,37.01453209837106,53.52914204527107,1.933009933009984,5.0618163553327955,0.38969436442260413,1.9484718221130275,5.069555016585775
34,6.8,383.35483870967744,364.6774193548387,380,355,9,21,20.354838709677438,2.1539511862092526,398.3225806451613,54.47146401985111,398.3225806451613,54.47146401985111,0.10769755931046264,0.680893300248139,True,3,2,2,2,"fly (2,2)",0.20000000000000018,-0.47944700460828926,-8.922580645161304,8.935452691365725,44.677263456828584,44.61290322580648,398.63779003961514,36.114632693180106,36.029694167852135,54.51456957806702,6.100909842845285,4.927137663979774,1.2212362957747034,6.106181478873512,4.934106960147389
35,7.0,383.2631578947368,354.8092105263158,380,345,9,21,20.26315789473682,2.144249512670563,408.1907894736842,55.820962663067924,408.1907894736842,55.820962663067924,0.10721247563352815,0.6977620332883491,True,3,2,2,2,"fly (2,2)",0.20000000000000018,-0.09168081494061653,-9.868208828522938,9.86863470066484,49.34317350332416,49.34104414261465,408.1664613682865,47.665548652023425,47.64335664335661,55.817635742671655,6.747493216084053,6.515330823023107,1.3495335158911272,6.74766757945563,6.517148515369217
36,7.2,383.24475524475525,345.013986013986,380,336,9,20,20.244755244755254,2.1423021423021433,417.986013986014,57.16048054509592,417.986013986014,57.16048054509592,0.10711510711510716,0.7145060068136991,True,3,2,2,2,"fly (2,2)",0.20000000000000018,-0.018402649981567265,-9.795224512329753,9.795241799183518,48.976208995917546,48.97612256164872,417.9453542396525,48.89975719497179,48.89446435682995,57.154920237901194,6.697589410139984,6.686422476147702,1.3395192975557035,6.697596487778512,6.686855899745537
37,7.4,383.0148148148148,335.3407407407407,380,326,8,20,20.014814814814827,2.1179698216735265,427.6592592592593,58.48331750553974,427.6592592592593,58.48331750553974,0.10589849108367633,0.7310414688192466,True,3,2,2,2,"fly (2,2)",0.20000000000000018,-0.2299404299404273,-9.6732452732453,9.675977817134747,48.37988908567369,48.366226366226456,423.77558490891823,35.7558111351377,29.151153346328684,57.95221673968113,6.614184802219072,3.9864825088996567,1.3230607264004954,6.615303632002472,4.889021886243674
38,7.6,383.14814814814815,337.31851851851854,380,329,9,20,20.148148148148152,2.1320791691162064,425.68148148148146,58.21285216840772,425.68148148148146,58.21285216840772,0.10660395845581033,0.7276606521050965,True,3,2,2,2,"fly (2,2)",0.1999999999999993,0.13333333333332575,1.977777777777817,1.982267064764366,9.911335323821866,-9.88888888888912,428.636877737953,31.049510708516788,24.306464145173795,58.617008921429466,-1.3523266856600862,3.323960908741739,0.27083310779000686,1.354165538950039,4.237859413338914
39,7.8,382.0752688172043,330.4301075268817,380,322,6,19,19.07526881720429,2.0185469647835226,432.5698924731183,59.15485709034097,432.5698924731183,59.15485709034097,0.10092734823917614,0.739435713629262,True,3,2,2,2,"fly (2,2)",0.20000000000000018,-1.072879330943863,-6.8884109916368175,6.971461543210969,34.85730771605481,34.44205495818406,431.8885961230047,23.01018491875635,16.258591925258532,59.061688358701495,4.71002460966623,2.2233971863601174,0.948821813812847,4.744109069064231,3.1379958397252623
40,8.0,382.35135135135135,325.5855855855856,380,316,7,21,19.351351351351354,2.047762047762048,437.4144144144144,59.81735581735581,437.4144144144144,59.81735581735581,0.1023881023881024,0.7477169477169477,True,3,2,2,2,"fly (2,2)",0.20000000000000018,0.27608253414706496,-4.8445219412961364,4.85238234327848,24.261911716392376,24.22260970648066,439.03143562917757,35.867432989497935,35.714197530864304,60.038486923648215,3.3124936350742087,4.883992824733578,0.6631425822323045,3.3157129111615196,4.896568018692581
41,8.2,382.21,315.89,380,307,7,20,19.20999999999998,2.0328042328042306,447.11,61.143247863247865,447.11,61.143247863247865,0.10164021164021153,0.7642905982905983,True,3,2,2,2,"fly (2,2)",0.1999999999999993,-0.1413513513513749,-9.695585585585604,9.696615907209289,48.48307953604662,48.47792792792819,446.22830274719166,36.02515175093286,35.98433559007038,61.02267387995783,6.629460229460295,4.920934781548069,1.325976415170394,6.629882075851994,4.924278292243437
42,8.4,381.74074074074076,308.8395061728395,380,300,5,19,18.740740740740762,1.9831471683323558,454.1604938271605,62.10741795926981,454.1604938271605,62.10741795926981,0.09915735841661778,0.7763427244908727,True,3,2,2,2,"fly (2,2)",0.20000000000000107,-0.46925925925921774,-7.050493827160494,7.0660928000719565,35.3304640003596,35.252469135802286,452.9058508835633,33.4177225947576,33.38774068185834,61.9358428558719,4.8208504801097005,4.565844879570368,0.9654479779433645,4.827239889716797,4.5683008987096025
43,8.6,381.83529411764704,305.5529411764706,380,297,6,19,18.835294117647038,1.9931528166822263,457.4470588235294,62.55686274509803,457.4470588235294,62.55686274509803,0.09965764083411131,0.7819607843137255,True,3,2,2,2,"fly (2,2)",0.1999999999999993,0.0945533769062763,-3.286564996368895,3.2879248495733076,16.439624247866597,16.432824981844533,458.4401062027123,27.705252895861253,27.671276595744505,62.692664096097396,2.247223929141108,3.7841062011274436,0.4495561461120021,2.2477807305600184,3.7868893473902836
44,8.8,382.04255319148933,299.2872340425532,380,290,6,20,19.042553191489333,2.015084993808395,463.7127659574468,63.41371158392434,463.7127659574468,63.41371158392434,0.10075424969041975,0.7926713947990544,True,3,2,2,2,"fly (2,2)",0.20000000000000107,0.20725907384229458,-6.265707133917374,6.2691340878715485,31.345670439357576,31.328535669586703,462.9122492859665,22.39387749271192,22.360715416270963,63.30423921859369,4.284244194131523,3.057875612481499,0.8571294843788119,4.285647421894036,3.0605927566674516
45,9.0,382.38461538461536,295.4230769230769,380,287,7,19,19.38461538461536,2.0512820512820484,467.5769230769231,63.94214332675871,467.5769230769231,63.94214332675871,0.10256410256410242,0.799276791584484,True,3,2,2,2,"fly (2,2)",0.1999999999999993,0.3420621931260257,-3.8641571194763173,3.8792675581823044,19.39633779091159,19.320785597381654,466.75053126542485,19.222930661043474,19.191409897292218,63.82913248074186,2.6421587141718654,2.6244663107408392,0.5296700235096583,2.648350117548301,2.627049044064182
46,9.2,382.35238095238094,294.03809523809525,380,285,7,20,19.35238095238094,2.0478710002519516,468.96190476190475,64.13154253154254,468.96190476190475,64.13154253154254,0.10239355001259756,0.8016442816442816,True,3,2,2,2,"fly (2,2)",0.1999999999999993,-0.03223443223441791,-1.3849816849816534,1.385356750572247,6.92678375286126,6.924908424908292,468.6853564060461,9.947865610053023,9.674125703105979,64.09372395296356,0.94699602391913,1.3229573611085061,0.1894299185500414,0.9471495927502104,1.3463112349254114
47,9.4,381.91954022988506,293.48275862068965,380,285,6,19,18.919540229885058,2.002067749194186,469.51724137931035,64.20748600058944,469.51724137931035,64.20748600058944,0.1001033874597093,0.8025935750073682,True,3,2,2,2,"fly (2,2)",0.20000000000000107,-0.43284072249588235,-0.5553366174056009,0.7040950572772487,3.520475286386225,2.77668308702799,471.0126565568756,11.892198619966754,11.636500754147823,64.41198722145309,0.37971734523452283,1.5913163424475887,0.08868679889554539,0.4434339944777246,1.613191336576361
48,9.6,382.12745098039215,288.44117647058823,380,279,7,21,19.127450980392155,2.0240688868139847,474.55882352941177,64.89693313222726,474.55882352941177,64.89693313222726,0.10120344434069924,0.8112116641528406,True,3,2,2,2,"fly (2,2)",0.1999999999999993,0.2079107505070965,-5.041582150101419,5.0458673641305385,25.229336820652783,25.207910750507185,475.25799385846295,21.48694437074155,21.226686507936524,64.99254616867869,3.447235658189113,2.902794736128053,0.6897980845002275,3.44899042250115,2.9250431581393084
49,9.8,381.9166666666667,281.3020833333333,380,272,6,21,18.916666666666686,2.0017636684303373,481.6979166666667,65.87321937321937,481.6979166666667,65.87321937321937,0.10008818342151686,0.8234152421652422,True,3,2,2,2,"fly (2,2)",0.20000000000000107,-0.21078431372546902,-7.139093137254918,7.142204201037169,35.71102100518565,35.695465686274396,478.1283700980393,30.470178912919213,30.451688218390792,65.38507625272331,4.881431204960523,4.164333431574818,0.9765410114878157,4.882705057439052,4.165847739970101
0,0.0,387.3132530120482,570.9518072289156,383,567,10,10,24.31325301204822,2.5728310065659494,192.04819277108436,26.26300072083205,192.04819277108436,26.26300072083205,0.12864155032829747,0.3282875090104006,True,4,3,2,2,"fly (2,3)",,,,,,,192.03659638554217,0.28900853543374944,-0.057981927710955006,26.261414890330553,,-0.007929152507486492,,,0.030992577006329076
1,0.2,387.2,570.975,383,567,10,10,24.19999999999999,2.5608465608465596,192.02499999999998,26.259829059829055,192.02499999999998,26.259829059829055,0.12804232804232799,0.3282478632478632,True,4,3,2,2,"fly (2,3)",0.2,-0.1132530120482329,0.023192771084382002,0.11560341417349979,0.5780170708674989,-0.11596385542191001,191.96884203480587,0.5139410525489717,-0.35809906291850285,26.25214933809311,-0.015858305014972984,-0.048970812023044395,0.012397030802531631,0.06198515401265815,0.06449597698860955
2,0.4,387.1794871794872,571.1666666666667,383,567,10,10,24.179487179487182,2.5586758920092256,191.83333333333326,26.233618233618223,191.83333333333326,26.233618233618223,0.12793379460046128,0.3279202279202278,True,4,3,2,2,"fly (2,3)",0.2,-0.02051282051280623,0.19166666666671972,0.19276121735588322,0.963806086779416,-0.9583333333335986,191.94855836849504,0.7829793500222766,-0.10141833155406244,26.249375503383934,-0.1310541310541602,-0.013869173545858843,0.026300555390634105,0.1315027769531705,0.10061900776977373
3,0.6,387.2278481012658,571.0126582278481,383,567,10,10,24.227848101265806,2.5637934498693973,191.98734177215192,26.254679216704535,191.98734177215192,26.254679216704535,0.12818967249346988,0.3281834902088067,True,4,3,2,2,"fly (2,3)",0.19999999999999996,0.04836092177862383,-0.15400843881866422,0.16142297848398293,0.8071148924199149,0.7700421940933213,191.97398030942335,1.2510858860354614,0.12710970464146007,26.25285200812627,0.10530491543155665,0.017382523711653164,0.021673818468698505,0.10836909234349254,0.15178924199586377
4,0.8,386.8481012658228,570.8987341772151,382,567,11,10,23.848101265822777,2.523608599557966,192.10126582278485,26.270258574056047,192.10126582278485,26.270258574056047,0.1261804299778983,0.3283782321757006,True,4,3,2,2,"fly (2,3)",0.20000000000000007,-0.37974683544302934,-0.11392405063293154,0.39646733578141086,1.9823366789070536,0.5696202531646575,191.9779485633916,1.4024353059011225,0.019841269841359994,26.253394675335603,0.07789678675756304,0.002713336046683177,0.04309917133818567,0.2154958566909283,0.1701439798035936
5,1.0,386.7261904761905,571.1547619047619,382,567,11,10,23.72619047619048,2.510707986898464,191.84523809523807,26.235246235246233,191.84523809523807,26.235246235246233,0.1255353993449232,0.3279405779405779,True,4,3,2,2,"fly (2,3)",0.19999999999999996,-0.12191078963229529,0.2560277275467797,0.2835708692752798,1.4178543463763993,-1.2801386377338988,191.96208765138917,1.4862973451072203,-0.07930456001228485,26.251225661728437,-0.17506169404907015,-0.010845068035862951,0.03731339807527198,0.18656699037635993,0.1737799822291165
6,1.2,386.9156626506024,571.0602409638554,382,567,11,10,23.915662650602428,2.5307579524447013,191.93975903614455,26.248172175883017,191.93975903614455,26.248172175883017,0.12653789762223508,0.32810215219853767,True,4,3,2,2,"fly (2,3)",0.19999999999999996,0.18947217441194653,-0.09452094090647734,0.21174020200764157,1.0587010100382082,0.4726047045323868,191.95499904379417,1.064897144190937,-0.035443037974876766,26.250256279493225,0.06462970318391827,-0.004846911176047773,0.023855419924012265,0.11927709962006135,0.13437612544160785
7,1.4,386.94666666666666,570.9200000000001,383,567,10,9,23.94666666666666,2.5340388007054666,192.07999999999993,26.26735042735042,192.07999999999993,26.26735042735042,0.12670194003527332,0.3283418803418802,True,4,3,2,2,"fly (2,3)",0.19999999999999996,0.0310040160642302,-0.14024096385537632,0.1436272152316406,0.7181360761582032,0.7012048192768817,192.01535827520607,0.8100469837997667,0.3017961570594709,26.258510533361516,0.09589125733700857,0.04127126934146596,0.019456857265680468,0.09728428632840236,0.09649975978114643
8,1.6,387.0657894736842,570.9736842105262,382,567,11,9,24.06578947368422,2.546644388749653,192.02631578947376,26.260008996851113,192.02631578947376,26.260008996851113,0.12733221943748263,0.3282501124606389,True,4,3,2,2,"fly (2,3)",0.20000000000000018,0.11912280701756117,0.05368421052617123,0.13066077304057785,0.6533038652028887,-0.2684210526308559,192.09099415204682,1.140487176362176,0.3781793842036527,26.268853901134605,-0.03670715249652897,0.05171683886545728,0.014587578678995133,0.0729378933949756,0.1318371014499413
9,1.8,386.68055555555554,570.8333333333333,382,567,11,9,23.680555555555543,2.505878894767782,192.16666666666674,26.27920227920229,192.16666666666674,26.27920227920229,0.12529394473838912,0.3284900284900286,True,4,3,2,2,"fly (2,3)",0.19999999999999996,-0.3852339181286766,-0.14035087719298645,0.41000431754508715,2.0500215877254364,0.7017543859649323,192.073851294904,1.3951631863120486,-0.0857142857140994,26.266509578790288,0.0959664117558923,-0.011721611721586806,0.04505782492528918,0.22528912462644596,0.15536224332893034
10,2.0,386.9428571428571,570.9714285714285,383,567,10,9,23.94285714285712,2.533635676492817,192.02857142857147,26.260317460317466,192.02857142857147,26.260317460317466,0.12668178382464085,0.3282539682539683,True,4,3,2,2,"fly (2,3)",0.19999999999999996,0.2623015873015788,0.1380952380952749,0.29643282120156406,1.4821641060078206,-0.6904761904763747,192.07373737373743,1.5367286679447325,-0.000569605832841561,26.266493999827343,-0.09442409442412372,-7.789481474655871e-05,0.03357194239307389,0.1678597119653695,0.1690761634182092
11,2.2,386.72727272727275,570.974025974026,382,567,11,9,23.727272727272748,2.510822510822513,192.02597402597405,26.259962259962265,192.02597402597405,26.259962259962265,0.12554112554112565,0.3282495282495283,True,4,3,2,2,"fly (2,3)",0.20000000000000018,-0.2155844155843738,0.002597402597416476,0.21560006202018833,1.0780003101009408,-0.012987012987082368,192.0532695374801,1.0213475045289047,-0.10233918128657615,26.26369497948446,-0.0017760017760082277,-0.013995101714403537,0.02281593073256245,0.11407965366281214,0.1151204509888175
12,2.4,386.7894736842105,570.8947368421052,382,567,11,9,23.78947368421052,2.51740462266778,192.1052631578948,26.27080521817365,192.1052631578948,26.27080521817365,0.125870231133389,0.3283850652271706,True,4,3,2,2,"fly (2,3)",0.19999999999999973,0.06220095693777239,-0.0792891319207456,0.10077561949559037,0.5038780974779525,0.3964456596037286,192.07883344725454,0.5272928025262978,0.1278195488722154,26.267190898769854,0.054214791056921355,0.01747959642697104,0.012684397467654158,0.06342198733827088,0.05916721366702767
13,2.6,386.7894736842105,570.8947368421052,382,567,11,9,23.78947368421052,2.51740462266778,192.1052631578948,26.27080521817365,192.1052631578948,26.27080521817365,0.125870231133389,0.3283850652271706,True,4,3,2,2,"fly (2,3)",0.20000000000000018,0.0,0.0,0.0,0.0,0.0,192.09269796111903,0.23846800668897927,0.06932256932240469,26.26908690066585,0.0,0.00948000947998296,0.0,0.0,0.030375709756611552
14,2.8,386.77027027027026,570.9324324324325,382,567,11,9,23.77027027027026,2.515372515372514,192.0675675675675,26.265650265650255,192.0675675675675,26.265650265650255,0.1257686257686257,0.3283206283206282,True,4,3,2,2,"fly (2,3)",0.19999999999999973,-0.019203413940260816,0.03769559032730285,0.04230518451779701,0.21152592258898534,-0.1884779516365145,192.00602294023346,0.44827040629633874,-0.4333751044278716,26.257233906356714,-0.02577476261697246,-0.05926497154569311,0.005541028386312754,0.027705141931563808,0.06050131547904949
15,3.0,386.7261904761905,571.1547619047619,382,567,11,10,23.72619047619048,2.510707986898464,191.84523809523807,26.235246235246233,191.84523809523807,26.235246235246233,0.1255353993449232,0.3279405779405779,True,4,3,2,2,"fly (2,3)",0.20000000000000018,-0.04407979407977791,0.22232947232942024,0.22665705926000643,1.133285296300031,-1.1116473616471003,191.93434985508154,0.5288798265694795,-0.3583654257596434,26.24743245881457,-0.15202015202010685,-0.04900723771072533,0.03075976090111696,0.15379880450558467,0.07122415318265311
16,3.2,386.7439024390244,571.109756097561,382,567,11,10,23.743902439024396,2.51258226867983,191.890243902439,26.241400875547214,191.890243902439,26.241400875547214,0.12562911343399152,0.3280175109443402,True,4,3,2,2,"fly (2,3)",0.20000000000000018,0.017711962833914185,-0.04500580720093694,0.0483656521638845,0.24182826081942227,0.22502903600468452,191.85961849721764,0.5667878195904904,-0.3736567893194356,26.237212785944294,0.03077320150490334,-0.05109836435137181,0.006433702622162189,0.03216851311081092,0.07530860905767944
17,3.4,386.69879518072287,571.1566265060242,382,567,11,10,23.69879518072287,2.507809013833108,191.84337349397583,26.23499124703943,191.84337349397583,26.23499124703943,0.1253904506916554,0.32793739058799287,True,4,3,2,2,"fly (2,3)",0.19999999999999973,-0.04510725830152751,0.04687040846317814,0.0650499803304035,0.32524990165201795,-0.234352042315891,191.85961849721764,0.29425458818904454,-1.6942465948706817e-16,26.237212785944294,-0.0320481425389119,-3.2742905609062234e-17,0.007991701911328548,0.03995850955664279,0.03518088879366529
18,3.6,386.76190476190476,571.1547619047619,382,567,11,10,23.76190476190476,2.514487276392038,191.84523809523807,26.235246235246233,191.84523809523807,26.235246235246233,0.1257243638196019,0.3279405779405779,True,4,3,2,2,"fly (2,3)",0.20000000000000018,0.06310958118189092,-0.0018646012622411945,0.06313712041913878,0.31568560209569363,0.009323006311205964,191.8562038630713,0.2847777114548626,-0.017073170731691817,26.236745827428553,0.001274941034008491,-0.0023347925786924516,0.006683128742708444,0.03341564371354219,0.0335048875708173
19,3.8,386.7866666666667,571.12,382,567,11,10,23.78666666666669,2.517107583774253,191.88,26.24,191.88,26.24,0.12585537918871265,0.328,True,4,3,2,2,"fly (2,3)",0.19999999999999973,0.024761904761930964,-0.03476190476192187,0.042679526123375194,0.21339763061687625,0.17380952380960957,191.8182166199813,0.46368419363957697,-0.18993621544988523,26.231550990766678,0.023768823768826084,-0.025974183309388096,0.00542810188845339,0.027140509442266987,0.05756286366396323
20,4.0,386.8705882352941,571.2705882352941,382,567,11,10,23.87058823529412,2.525988173046997,191.7294117647059,26.2194067370538,191.7294117647059,26.2194067370538,0.12629940865234984,0.3277425842131725,True,4,3,2,2,"fly (2,3)",0.20000000000000018,0.0839215686274315,0.15058823529409437,0.1723938696412324,0.8619693482061612,-0.7529411764704712,191.72297852474324,0.6447371203572109,-0.4761904761903673,26.218526977742666,-0.10296631473099883,-0.06512006512005299,0.022426487567216134,0.11213243783608057,0.08540248109970566
21,4.2,386.8452380952381,571.4404761904761,382,567,11,11,23.845238095238074,2.5233056185437115,191.55952380952385,26.1961741961742,191.55952380952385,26.1961741961742,0.12616528092718557,0.32745217745217753,True,4,3,2,2,"fly (2,3)",0.20000000000000018,-0.025350140056048076,0.16988795518204824,0.17176887644971917,0.858844382248595,-0.8494397759102404,191.62440174571702,0.9089929663211672,-0.49288389513113345,26.205046392576687,-0.11616270439798616,-0.06740292582989577,0.02338689920415392,0.1169344960207695,0.11202583293313732
22,4.4,387.0449438202247,571.4157303370787,382,567,12,10,24.044943820224717,2.544438499494679,191.58426966292132,26.19955824450206,191.58426966292132,26.19955824450206,0.12722192497473395,0.32749447805627574,True,4,3,2,2,"fly (2,3)",0.20000000000000018,0.19970572498664296,-0.02474585339746227,0.20123303370174928,1.0061651685087454,0.12372926698731124,191.58379613638468,0.7450546905078971,-0.20302804666168073,26.199493488736366,0.016920241639297715,-0.027764519201595506,0.021402112988512405,0.10701056494256193,0.08813221046773718
23,4.6,386.9746835443038,571.3924050632911,382,567,11,10,23.974683544303787,2.5370035496617764,191.6075949367089,26.20274802553284,191.6075949367089,26.20274802553284,0.12685017748308883,0.3275343503191605,True,4,3,2,2,"fly (2,3)",0.1999999999999993,-0.07026027592092987,-0.023325273787577316,0.07403090415326993,0.37015452076635097,0.116626368937887,191.5556215332101,0.7352502041150523,-0.14087301587304987,26.1956405515501,0.01594890515390196,-0.019264685931356443,0.008090314087976015,0.040451570439880215,0.08411688287799092
24,4.8,386.875,571.525,382,567,11,10,23.875,2.5264550264550265,191.47500000000002,26.184615384615388,191.47500000000002,26.184615384615388,0.12632275132275134,0.32730769230769236,True,4,3,2,2,"fly (2,3)",0.20000000000000018,-0.09968354430378668,0.13259493670886968,0.16588618461401225,0.8294309230700605,-0.6629746835443479,191.57515069318868,0.7608747962206147,0.0976457998929922,26.198311205906148,-0.09066320458726898,0.01335327178023723,0.020977702650306157,0.10488851325153069,0.09368695054801894
25,5.0,386.73809523809524,571.3571428571429,382,567,11,10,23.73809523809524,2.5119677500629884,191.6428571428571,26.207570207570203,191.6428571428571,26.207570207570203,0.12559838750314942,0.32759462759462754,True,4,3,2,2,"fly (2,3)",0.20000000000000018,-0.1369047619047592,-0.16785714285708764,0.2166077889650867,1.0830389448254325,0.8392857142854374,191.51655844155846,0.9939260999233345,-0.29296125815108076,26.190298590298596,0.11477411477407874,-0.040063078037757514,0.027144153590529217,0.13572076795264595,0.1286893968545116
26,5.2,386.77272727272725,571.5681818181818,382,567,11,11,23.772727272727252,2.5156325156325137,191.43181818181824,26.178710178710187,191.43181818181824,26.178710178710187,0.12578162578162566,0.3272338772338773,True,4,3,2,2,"fly (2,3)",0.20000000000000018,0.034632034632011255,0.21103896103886655,0.21386168637490227,1.0693084318745103,-1.0551948051943318,191.49305656889928,0.808775728836336,-0.11750936329595629,26.187084658994774,-0.14430014430008228,-0.016069656519105035,0.029091781871871683,0.1454589093593583,0.10416481986630421
27,5.4,386.82022471910113,571.5955056179776,382,567,11,11,23.820224719101134,2.5206587004339824,191.40449438202245,26.174973590703924,191.40449438202245,26.174973590703924,0.12603293502169913,0.32718716988379903,True,4,3,2,2,"fly (2,3)",0.20000000000000018,0.04749744637388176,0.027323799795794912,0.05479596196181299,0.27397980980906467,-0.13661899897897445,191.26543752128023,1.8719069505425363,-1.1380952380951257,26.155957267867382,-0.01868294003131153,-0.15563695563694,0.006262956457381689,0.03131478228690842,0.2227212592348079
28,5.6,387.55,572.04,383,567,11,12,24.55000000000001,2.597883597883599,190.96000000000004,26.11418803418804,190.96000000000004,26.11418803418804,0.12989417989417995,0.3264273504273505,True,4,3,2,2,"fly (2,3)",0.1999999999999993,0.7297752808988776,0.44449438202241254,0.8544865219888036,4.272432609944033,-2.2224719101120707,191.19842120426392,1.9669349306942898,-0.335081585081604,26.14679264331814,-0.30392778257942615,-0.04582312274620215,0.09827801721163106,0.49139008605815704,0.23596365107384676
29,5.8,387.5576923076923,571.7692307692307,382,567,13,11,24.55769230769232,2.5986975986976,191.23076923076928,26.151216305062466,191.23076923076928,26.151216305062466,0.12993487993488,0.3268902038132808,True,4,3,2,2,"fly (2,3)",0.20000000000000018,0.007692307692309441,-0.27076923076924686,0.2708784744659546,1.3543923723297717,1.3538461538462332,191.06662004662007,2.5809332436376002,-0.6590057882192496,26.12876855338394,0.18514135437213125,-0.09012044967100545,0.037037216975295,0.18518608487647484,0.30673490644936524
30,6.0,387.91818181818184,571.9909090909091,382,567,13,12,24.918181818181836,2.6368446368446388,191.0090909090909,26.12090132090132,191.0090909090909,26.12090132090132,0.13184223184223193,0.3265112665112665,True,4,3,2,2,"fly (2,3)",0.20000000000000018,0.36048951048951494,0.22167832167838242,0.4231949497277992,2.115974748638994,-1.1083916083919112,191.02953321188616,1.4451708549513562,-0.18543417366951562,26.12369684948871,-0.1515749208057214,-0.025358519476175897,0.048725709682692804,0.2436285484134638,0.18124191140684118
31,6.2,387.98319327731093,572.1512605042017,382,567,13,12,24.98319327731093,2.643724156329199,190.84873949579833,26.098972922502334,190.84873949579833,26.098972922502334,0.13218620781645996,0.3262371615312792,True,4,3,2,2,"fly (2,3)",0.20000000000000018,0.06501145912909578,0.16035141329257385,0.1730290887770606,0.8651454438853022,-0.8017570664628686,190.91167446244845,1.4045807860903226,-0.5892937471886243,26.107579413668162,-0.10964199199493753,-0.08058717910271788,0.022982220186117005,0.11491110093058492,0.16318557021707422
32,6.4,388.2280701754386,572.1228070175439,383,567,12,12,25.228070175438575,2.6696370556019655,190.8771929824561,26.102863997600835,190.8771929824561,26.102863997600835,0.13348185278009828,0.32628579997001045,True,4,3,2,2,"fly (2,3)",0.20000000000000018,0.24487689812764302,-0.028453486657781468,0.2465244331493343,1.2326221657466705,0.1422674332889072,190.8582239913509,1.2037257630576033,-0.26725235548762316,26.100269947535168,0.019455375492505294,-0.036547330664979207,0.026203412261434824,0.131017061307174,0.13551692468265789
33,6.6,388.52941176470586,572.1512605042017,383,567,13,12,25.529411764705856,2.701525054466228,190.84873949579833,26.098972922502334,190.84873949579833,26.098972922502334,0.13507625272331142,0.3262371615312792,True,4,3,2,2,"fly (2,3)",0.1999999999999993,0.30134158926728105,0.028453486657781468,0.3026819359081662,1.5134096795408365,-0.14226743328890784,190.8858521366261,1.0543056548565286,0.1381407263759604,26.10404815543605,-0.01945537549250538,0.018891039504407982,0.032124522362042836,0.16062261181021475,0.11617156936909057
34,6.8,388.53846153846155,572.0683760683761,383,567,13,12,25.538461538461547,2.7024827024827034,190.9316239316239,26.11030754620498,190.9316239316239,26.11030754620498,0.13512413512413518,0.3263788443275622,True,4,3,2,2,"fly (2,3)",0.20000000000000018,0.009049773755691604,-0.08288443582557647,0.08337702385641567,0.416885119282078,0.414422179127882,190.93838201203928,0.8160696878451428,0.2626493770659024,26.111231728142126,0.05667311851322405,0.03591786353037911,0.011375006997976604,0.05687503498988297,0.0960691015477052
35,7.0,388.54782608695655,571.9652173913043,383,567,13,12,25.547826086956547,2.7034736599954017,191.03478260869565,26.124414715719062,191.03478260869565,26.124414715719062,0.1351736829997701,0.3265551839464883,True,4,3,2,2,"fly (2,3)",0.20000000000000018,0.009364548495000236,-0.10315867707174675,0.10358285294250269,0.517914264712513,0.5157933853587333,190.98595317725753,0.47252602026294305,0.23785582609112502,26.117737186633505,0.07053584757041868,0.03252729245690603,0.014141931568603602,0.07070965784301794,0.06067004185898322
36,7.2,388.46153846153845,572.008547008547,383,567,13,12,25.461538461538453,2.6943426943426934,190.991452991453,26.118489297976478,190.991452991453,26.118489297976478,0.13471713471713467,0.326481116224706,True,4,3,2,2,"fly (2,3)",0.20000000000000018,-0.08628762541809465,0.043329617242648055,0.09655573535884752,0.4827786767942372,-0.21664808621324008,191.03773070729594,0.4955579277813352,0.25888765019203647,26.124817874502003,-0.029627088712924604,0.03540343934249768,0.010885086548809769,0.0544254327440488,0.06371069760007368
37,7.4,388.44347826086954,571.9130434782609,383,567,13,11,25.44347826086954,2.6924315619967767,191.08695652173913,26.131549609810477,191.08695652173913,26.131549609810477,0.13462157809983882,0.326644370122631,True,4,3,2,2,"fly (2,3)",0.20000000000000018,-0.018060200668912785,-0.09550353028612335,0.09719616836745097,0.48598084183725443,0.4775176514306163,190.963989611742,0.8718324493358128,-0.3687054777697103,26.114733622118564,0.06530155916999897,-0.05042126191722124,0.013199400442630882,0.06599700221315435,0.11036806027607211
38,7.6,388.6271186440678,572.1864406779662,383,567,13,12,25.62711864406782,2.7118644067796636,190.81355932203383,26.09416195856873,190.81355932203383,26.09416195856873,0.1355932203389832,0.3261770244821091,True,4,3,2,2,"fly (2,3)",0.1999999999999993,0.1836403831982807,0.2733971997053004,0.329347565875188,1.6467378293759458,-1.366985998526507,190.9157633457738,0.7663561412874896,-0.24113132984098418,26.108138577199835,-0.18693825620873805,-0.032975224593633855,0.042136349174202496,0.21068174587101324,0.0998041098178535
39,7.8,388.6290322580645,572.1532258064516,383,567,13,12,25.629032258064512,2.712066905615292,190.8467741935484,26.098704163220297,190.8467741935484,26.098704163220297,0.13560334528076462,0.3262338020402537,True,4,3,2,2,"fly (2,3)",0.20000000000000018,0.0019136139966917654,-0.033214871514587685,0.033269950529853556,0.16634975264926763,0.16607435757293829,190.87858111721596,0.8497737326349872,-0.18591114278914922,26.103053827995343,0.02271102325783756,-0.02542374602244406,0.004546716273878603,0.022733581369392995,0.10973147943649163
40,8.0,388.55737704918033,572.0245901639344,383,567,13,12,25.55737704918033,2.7044843438286064,190.97540983606564,26.11629536219701,190.97540983606564,26.11629536219701,0.13522421719143032,0.3264536920274626,True,4,3,2,2,"fly (2,3)",0.20000000000000018,-0.07165520888418087,-0.12863564251722437,0.1472467231759496,0.7362336158797474,0.6431782125861213,190.9325312885599,0.3008611228430053,0.2697508567196864,26.110431629204772,0.08795599488356834,0.03688900604713529,0.019155822213813754,0.09577911106906868,0.03950423081282054
41,8.2,388.55737704918033,572.0245901639344,383,567,13,12,25.55737704918033,2.7044843438286064,190.97540983606564,26.11629536219701,190.97540983606564,26.11629536219701,0.13522421719143032,0.3264536920274626,True,4,3,2,2,"fly (2,3)",0.1999999999999993,0.0,0.0,0.0,0.0,0.0,190.991871020187,0.33046665970655353,0.2966986581355961,26.118546464299083,0.0,0.04057417547153117,0.0,0.0,0.04340850450470968
42,8.4,388.5702479338843,571.9752066115702,383,567,13,12,25.570247933884275,2.705846342209976,191.02479338842977,26.123048668503216,191.02479338842977,26.123048668503216,0.1352923171104988,0.3265381083562902,True,4,3,2,2,"fly (2,3)",0.20000000000000107,0.012870884703943375,-0.04938355236413372,0.051033272647982714,0.2551663632399122,0.2469177618206673,191.00273440816514,0.4365846992752398,0.05431693989066779,26.120032055817457,0.0337665315310252,0.007427957591884073,0.006889280489012118,0.034446402445060406,0.04875991903938898
43,8.6,388.36,571.992,382,567,14,12,25.360000000000014,2.683597883597885,191.00800000000004,26.12075213675214,191.00800000000004,26.12075213675214,0.13417989417989426,0.3265094017094018,True,4,3,2,2,"fly (2,3)",0.1999999999999993,-0.21024793388426133,0.01679338842973266,0.2109175469171605,1.0545877345858061,-0.08396694214866358,191.01359779614327,0.4365846992752398,0.05431693989066779,26.121517647335835,-0.011482658755372951,0.007427957591884073,0.022366670934621236,0.11183335467310658,0.04875991903938898
44,8.8,388.36,571.992,382,567,14,12,25.360000000000014,2.683597883597885,191.00800000000004,26.12075213675214,191.00800000000004,26.12075213675214,0.13417989417989426,0.3265094017094018,True,4,3,2,2,"fly (2,3)",0.20000000000000107,0.0,0.0,0.0,0.0,0.0,191.0402795698925,0.5139589480769547,0.13340886874611177,26.125166436908376,0.0,0.018243947862715788,0.0,0.0,0.059433886562129334
45,9.0,388.3709677419355,571.8951612903226,382,567,14,11,25.370967741935488,2.6847584912101046,191.10483870967744,26.133995037220846,191.10483870967744,26.133995037220846,0.13423792456050523,0.3266749379652606,True,4,3,2,2,"fly (2,3)",0.1999999999999993,0.010967741935473896,-0.09683870967739949,0.09745782192901101,0.4872891096450568,0.4841935483869992,191.0564301075269,0.24418726410623726,0.08075268817189393,26.127375057439576,0.06621450234352035,0.011043102655984694,0.013293661002656249,0.06646830501328148,0.0332758381872869
46,9.2,388.36290322580646,571.9435483870968,382,567,14,11,25.362903225806463,2.683905103259943,191.05645161290317,26.127377998345732,191.05645161290317,26.127377998345732,0.13419525516299716,0.32659222497932167,True,4,3,2,2,"fly (2,3)",0.1999999999999993,-0.008064516129024923,0.04838709677426323,0.04905453653473059,0.24527268267365382,-0.241935483871317,191.2360996231964,1.1840427249886885,0.8983475783475073,26.151945247616595,-0.033085194375566236,0.12285095088512739,0.006671841909715832,0.03335920954857928,0.15537027571638207
47,9.4,388.64102564102564,571.4529914529915,383,566,13,12,25.641025641025635,2.7133360466693794,191.54700854700855,26.19446270728322,191.54700854700855,26.19446270728322,0.13566680233346898,0.32743078384104024,True,4,3,2,2,"fly (2,3)",0.20000000000000107,0.2781224152191726,-0.4905569341053706,0.5639132765294738,2.819566382647354,2.45278467052684,191.21226449774835,3.744127084356156,-0.1191756272402323,26.148685743281828,0.3354235446874281,-0.016297521673874698,0.07325666251745748,0.36628331258728547,0.43070238721284787
48,9.6,390.19166666666666,571.9666666666667,384,567,14,12,27.191666666666663,2.8774250440917104,191.0333333333333,26.12421652421652,191.0333333333333,26.12421652421652,0.14387125220458552,0.3265527065527065,True,4,3,2,2,"fly (2,3)",0.1999999999999993,1.5506410256410277,0.513675213675242,1.6335084375494862,8.16754218774746,-2.5683760683762196,191.4307806267806,4.821624419327062,1.092580645161344,26.178568290841792,-0.35123091533348594,0.14941273779984296,0.17849292790053514,0.8924646395026788,0.5765803885471883
49,9.8,390.344,571.288,384,566,14,12,27.343999999999994,2.893544973544973,191.712,26.21702564102564,191.712,26.21702564102564,0.14467724867724865,0.32771282051282047,True,4,3,2,2,"fly (2,3)",0.20000000000000107,0.1523333333333312,-0.6786666666666861,0.6955529375172781,3.477764687586372,3.393333333333412,191.37266666666665,5.822653437666916,0.41247863247859606,26.17062108262108,0.46404558404558677,0.056407334356050415,0.09419864271032065,0.47099321355160073,0.6817289265271398
0,0.0,600.6818181818181,719.0505050505051,600,674,3,87,17.68181818181813,1.8514992860542545,40.94949494949492,5.628796556631604,40.94949494949492,5.628796556631604,0.09257496430271273,0.07035995695789506,True,5,1,3,3,"fly (3,1)",,,,,,,36.578406011332845,21.857829784553598,-21.855444690810373,5.027959589186645,,-3.004184837224795,,,3.0043750946663854
1,0.2,600.810975609756,727.7926829268292,600,696,3,65,17.810975609756042,1.8650236240582243,32.20731707317077,4.427122621741686,32.20731707317077,4.427122621741686,0.09325118120291122,0.05533903277177108,True,5,1,3,3,"fly (3,1)",0.2,0.12915742793791196,8.742177876324149,8.74313191382144,43.715659569107196,-43.710889381620746,35.226600176137595,15.104852501592747,-14.044177406246376,4.84214435410826,-6.00836967444959,-1.9304711211335235,1.2017500378665542,6.008750189332771,2.0757831428409435
2,0.4,600.8620689655172,727.4770114942529,600,695,3,66,17.86206896551721,1.8703737136667236,32.522988505747094,4.47051388395149,32.522988505747094,4.47051388395149,0.09351868568333618,0.055881423549393634,True,5,1,3,3,"fly (3,1)",0.2,0.05109335576116791,-0.31567143257632324,0.31977958713420945,1.598897935671047,1.5783571628816162,32.424552726691296,15.140519233589004,-14.010237247231506,4.456983192672342,0.21695631104901913,-1.9258058071795887,0.043719847838011985,0.2185992391900599,2.08058760914083
3,0.6,600.8554913294797,727.456647398844,600,695,3,66,17.85549132947972,1.8696849559664628,32.543352601156016,4.473313072323851,32.543352601156016,4.473313072323851,0.09348424779832314,0.05591641340404814,True,5,1,3,3,"fly (3,1)",0.19999999999999996,-0.006577636037491175,-0.020364095408922367,0.02140003919775372,0.10700019598876861,0.10182047704461186,36.188052566929855,18.826487376689805,18.8174992011928,4.974302758340873,0.013995941861804088,2.586597828342654,0.0028826797799319497,0.014413398899659752,2.587317701428273
4,0.8,600.7816593886463,716.5021834061135,600,668,3,93,17.78165938864629,1.8619538626854755,43.497816593886455,5.979081318747279,43.497816593886455,5.979081318747279,0.09309769313427377,0.07473851648434099,True,5,1,3,3,"fly (3,1)",0.20000000000000007,-0.07383194083342914,-10.954463992730439,10.954712799681923,54.7735639984096,54.77231996365217,39.83097452700247,18.370806603176682,18.214609800363057,5.475048044948792,7.528841232117138,2.503726433039597,1.5057880932390204,7.5289404661951,2.525045039893379
5,1.0,600.7763157894736,716.5482456140351,600,668,3,93,17.776315789473642,1.8613943235050934,43.45175438596493,5.972749743775249,43.45175438596493,5.972749743775249,0.09306971617525467,0.07465937179719061,True,5,1,3,3,"fly (3,1)",0.19999999999999996,-0.005343599172647373,0.04606220792152271,0.04637112302633512,0.23185561513167566,-0.23031103960761362,43.454301437728226,18.404709625773112,18.116634553628796,5.973099853983261,-0.03165787486015149,2.4902590451723428,0.006356250917075498,0.0317812545853775,2.5294917561264767
6,1.2,600.76,716.5866666666667,600,668,3,93,17.75999999999999,1.8596858638743445,43.4133333333333,5.967468499427257,43.4133333333333,5.967468499427257,0.09298429319371723,0.07459335624284072,True,5,1,3,3,"fly (3,1)",0.19999999999999996,-0.01631578947365142,0.038421052631633756,0.04174185275561311,0.2087092637780656,-0.19210526315816884,43.41926059440838,0.1950735996101506,-0.1752042165992407,5.968283243217646,-0.026406221739958553,-0.024083053828074522,0.005550709519790495,0.027753547598952485,0.025750550611221293
7,1.4,600.7397260273973,716.6073059360731,600,669,3,92,17.739726027397296,1.8575629348059997,43.39269406392691,5.964631486450434,43.39269406392691,5.964631486450434,0.09287814674029998,0.07455789358063043,True,5,1,3,3,"fly (3,1)",0.19999999999999996,-0.020273972602694812,0.02063926940638794,0.02893118398414211,0.14465591992071059,-0.10319634703193972,41.8654237665664,7.788712727028028,-7.769184139209901,5.75469742495758,-0.014185064884113533,-1.067929091300331,0.003543369929866778,0.017716849649333895,1.0695693461787588
8,1.6,600.770731707317,721.209756097561,600,677,3,84,17.770731707317054,1.8608096028604246,38.79024390243899,5.33199228899505,38.79024390243899,5.33199228899505,0.09304048014302123,0.06664990361243812,True,5,1,3,3,"fly (3,1)",0.20000000000000018,0.031005679919758222,4.602450161487923,4.602554599477066,23.01277299738531,-23.012250807439592,40.6245864074682,9.220235752775881,-6.204186795490986,5.584135588655422,-3.1631959872769206,-0.852809181510788,0.6326475282575985,3.16323764128799,1.2666464113189104
9,1.8,600.7826086956521,720.3091787439613,600,677,3,84,17.78260869565213,1.8620532665604324,39.6908212560387,5.455782990520784,39.6908212560387,5.455782990520784,0.09310266332802163,0.0681972873815098,True,5,1,3,3,"fly (3,1)",0.19999999999999996,0.011876988335075112,-0.900577353599715,0.9006556682043242,4.503278341021622,4.502886767998576,39.35663254859579,9.370766801514991,-6.339769294362054,5.4098463984324106,0.6189535076286702,-0.8714459511150595,0.12379694860388152,0.6189847430194078,1.286474808929874
10,2.0,600.7208121827412,720.4111675126903,600,677,3,84,17.720812182741156,1.8555824275121628,39.58883248730967,5.441763915781398,39.58883248730967,5.441763915781398,0.09277912137560815,0.06802204894726747,True,5,1,3,3,"fly (3,1)",0.19999999999999996,-0.06179651291097343,0.10198876872902929,0.11924981322760857,0.596249066138043,-0.5099438436451466,39.65353537476691,1.902304984150003,1.4845141308556247,5.450657783473115,-0.07009537369692788,0.20405692520352256,0.015440408496444907,0.07720204248222455,0.2572887651254909
11,2.2,600.8,720.3190476190476,600,677,3,84,17.799999999999955,1.8638743455497335,39.68095238095236,5.454426444117163,39.68095238095236,5.454426444117163,0.09319371727748667,0.06818033055146454,True,5,1,3,3,"fly (3,1)",0.20000000000000018,0.07918781725879853,-0.09211989364268902,0.12147750905806888,0.6073875452903439,0.4605994682134447,38.14218054167293,7.941586680890077,-7.556774165469932,5.242911414662945,0.06331264167882539,-1.0387318440508493,0.015135901974968117,0.07567950987484051,1.0874353145169657
12,2.4,600.8162162162162,724.8432432432433,600,688,3,73,17.816216216216162,1.8655723786613783,35.15675675675675,4.832543884090275,35.15675675675675,4.832543884090275,0.09327861893306891,0.06040679855112843,True,5,1,3,3,"fly (3,1)",0.19999999999999973,0.016216216216207613,4.524195624195613,4.524224686248363,22.621123431241845,-22.620978120978094,37.78990961404755,13.368318652586987,-1.7613546381269078,5.1944892940271545,-3.109412800134445,-0.24211060317895683,0.6218848782387657,3.1094243911938326,1.834960879718972
13,2.6,600.8029556650247,721.4679802955665,600,680,3,81,17.802955665024683,1.8641838392696004,38.53201970443354,5.296497553874025,38.53201970443354,5.296497553874025,0.09320919196348001,0.06620621942342532,True,5,1,3,3,"fly (3,1)",0.20000000000000018,-0.013260551191478953,-3.375262947676788,3.3752889962457586,16.87644498122878,16.876314738383925,35.572672075757396,22.33751327384941,-11.086187691450796,4.889714374674555,2.3197683489187493,-1.5238745967629965,0.46395574761764913,2.3197787380882438,3.070422652439744
14,2.8,600.7543859649123,726.9707602339181,600,690,3,71,17.75438596491233,1.8590980067971026,33.0292397660819,4.5401016860593675,33.0292397660819,4.5401016860593675,0.09295490033985514,0.0567512710757421,True,5,1,3,3,"fly (3,1)",0.19999999999999973,-0.04856970011235262,5.502779938351637,5.502994281815514,27.514971409077607,-27.51389969175822,37.561894477883015,28.289136239962033,9.94611201062807,5.163147007269143,-3.781979339073294,1.3671631629729297,0.7564129656074304,3.782064828037157,3.888516578720855
15,3.0,600.7695852534562,718.8755760368664,600,672,3,89,17.76958525345617,1.8606895553357248,41.12442396313361,5.652841781874035,41.12442396313361,5.652841781874035,0.09303447776678624,0.07066052227342544,True,5,1,3,3,"fly (3,1)",0.20000000000000018,0.015199288543840339,-8.095184197051708,8.09519846591595,40.47599232957971,40.475920985258504,36.293645485496086,33.32581696289832,-6.341244961934663,4.988817248865441,5.563700479073334,-0.8716487920185098,1.1127412340074339,5.563706170037165,4.5808322740514
16,3.2,600.8128342245989,725.2727272727273,600,687,3,74,17.812834224598873,1.8652182434134945,34.72727272727275,4.773508278662921,34.72727272727275,4.773508278662921,0.09326091217067473,0.05966885348328651,True,5,1,3,3,"fly (3,1)",0.20000000000000018,0.04324897114270243,6.397151235860861,6.397297430007537,31.986487150037657,-31.985756179304275,38.163706589109815,30.67443149627823,9.350305518068662,5.245870321527122,-4.396667516055569,1.2852653633084075,0.8793451648159765,4.396725824079878,4.2164000557333905
17,3.4,600.8028846153846,721.3605769230769,600,678,3,83,17.80288461538464,1.8641763995167164,38.639423076923094,5.311260904044412,38.639423076923094,5.311260904044412,0.09320881997583581,0.06639076130055514,True,5,1,3,3,"fly (3,1)",0.19999999999999973,-0.009949609214231714,-3.9121503496503465,3.9121630018434614,19.560815009217333,19.560751748251757,37.4634641622201,17.82290709531743,-3.501212134448586,5.149617066971834,2.6887631269074577,-0.48126627277643713,0.5377536346166256,2.688768173083132,2.449867881348617
18,3.6,600.8056872037914,720.9763033175356,600,677,3,84,17.805687203791422,1.864469864271353,39.02369668246445,5.364082018208172,39.02369668246445,5.364082018208172,0.09322349321356765,0.06705102522760215,True,5,1,3,3,"fly (3,1)",0.20000000000000018,0.00280258840678016,-0.3842736055413525,0.38428382533946026,1.9214191266972995,1.9213680277067606,38.85140295609949,7.390818940984688,6.9396939693969815,5.340399031766253,0.2641055708187998,0.9539098239720941,0.052821929376568426,0.2641096468828419,1.0154012445976994
19,3.8,600.7673267326733,721.1089108910891,600,678,3,83,17.76732673267327,1.8604530610129077,38.89108910891093,5.345854173046177,38.89108910891093,5.345854173046177,0.09302265305064539,0.0668231771630772,True,5,1,3,3,"fly (3,1)",0.19999999999999973,-0.03836047111815333,0.13260757355351416,0.1380445374078864,0.6902226870394329,-0.6630378677675717,41.45520182116885,13.470107398663759,13.018994325346762,5.698309528683004,-0.09113922580997537,1.789552484583748,0.018665182765425132,0.09332591382712578,1.8510429561124173
20,4.0,600.7581967213115,713.5491803278688,600,660,3,101,17.758196721311492,1.8594970388807845,46.45081967213116,6.384992394794661,46.45081967213116,6.384992394794661,0.09297485194403923,0.07981240493493326,True,5,1,3,3,"fly (3,1)",0.20000000000000018,-0.009130011361776269,-7.559730563220228,7.559736076450916,37.798680382254545,37.798652816101104,43.80638733330875,13.4546513553773,11.755927560699497,6.021496540660997,5.19569110874242,1.615935059889965,1.0391386615254579,5.195693307627285,1.8487807370399578
21,4.2,600.725321888412,713.9227467811158,600,662,3,99,17.725321888412054,1.8560546480012623,46.07725321888415,6.333643054142152,46.07725321888415,6.333643054142152,0.0928027324000631,0.0791705381767769,True,5,1,3,3,"fly (3,1)",0.20000000000000018,-0.032874832899437934,0.3735664532470082,0.37501019936758406,1.8750509968379185,-1.8678322662350395,44.452620041685954,21.97141384780922,3.2311635418860347,6.110325778925905,-0.256746703262549,0.4441461913245404,0.05146459793309298,0.2573229896654647,3.0199252717383716
22,4.4,600.6436170212766,719.1702127659574,600,676,3,85,17.643617021276555,1.8474991645315764,40.829787234042556,5.612341887840901,40.829787234042556,5.612341887840901,0.09237495822657882,0.07015427359801127,True,5,1,3,3,"fly (3,1)",0.20000000000000018,-0.08170486713549963,5.247465984841597,5.248102032867046,26.24051016433521,-26.23732992420796,41.167161632457045,16.431808236315614,-16.42729204614456,5.65871637559547,-3.6065058315062495,-2.2580470166521738,0.7213519035844741,3.6067595179223675,2.2584074221583
23,4.6,600.7166666666667,723.4055555555556,600,684,3,77,17.716666666666697,1.85514834205934,36.594444444444434,5.0301641848033585,36.594444444444434,5.0301641848033585,0.092757417102967,0.06287705231004198,True,5,1,3,3,"fly (3,1)",0.1999999999999993,0.07304964539014236,4.235342789598121,4.235972709554728,21.179863547773717,-21.17671394799068,39.734711994902376,24.449229786383707,-7.1622481877733675,5.461816081773523,-2.910888515187723,-0.9845014691097408,0.5822279517774119,2.91113975888707,3.360596839809883
24,4.8,600.7224880382776,718.2200956937799,600,672,3,89,17.72248803827756,1.8557579097672838,41.779904306220146,5.742942172676309,41.779904306220146,5.742942172676309,0.09278789548836419,0.07178677715845386,True,5,1,3,3,"fly (3,1)",0.20000000000000018,0.005821371610863935,-5.185459861775712,5.185463129408444,25.9273156470422,25.92729930887854,40.027560694665986,15.840197622508237,1.464243498817994,5.502070198579517,3.5638899393647496,0.2012705840299652,0.7127782485240431,3.5638912426202127,2.1762615843153883
25,5.0,600.7638888888889,718.2916666666666,600,672,3,89,17.763888888888914,1.8600930773705668,41.70833333333337,5.733104238258883,41.70833333333337,5.733104238258883,0.09300465386852835,0.07166380297823603,True,5,1,3,3,"fly (3,1)",0.20000000000000018,0.041400850611353235,0.07157097288677505,0.08268273454175955,0.41341367270879736,-0.35785486443387493,41.35142512513418,10.684336057840996,6.619322152340975,5.684044690740094,-0.049189672087130945,0.9098724608028835,0.010750750287776823,0.05375375143888407,1.4675972546514906
26,5.2,600.7830188679245,719.433962264151,600,675,3,86,17.78301886792451,1.862096216536598,40.56603773584902,5.576087661285089,40.56603773584902,5.576087661285089,0.0931048108268299,0.0697010957660636,True,5,1,3,3,"fly (3,1)",0.20000000000000018,0.01912997903559699,1.142295597484349,1.1424557707543992,5.712278853771991,-5.711477987421739,41.48289433192929,4.72259513636655,0.6573460339755375,5.702116059371723,-0.7850828848689677,0.09035684315814874,0.15702935397907541,0.7851467698953764,0.6481003984481247
27,5.4,600.7614678899082,717.8256880733945,600,671,3,90,17.761467889908204,1.8598395696238956,42.17431192660547,5.797156278571198,42.17431192660547,5.797156278571198,0.09299197848119478,0.07246445348213998,True,5,1,3,3,"fly (3,1)",0.20000000000000018,-0.021550978016307454,-1.6082741907564468,1.608418576523774,8.042092882618862,8.041370953782227,41.6940194017227,4.908206831691158,1.0556253489670555,5.73113668752202,1.105343086430545,0.14510314075148434,0.22108013480202335,1.1054006740101157,0.6721838859614722
28,5.6,600.6633165829146,717.6582914572864,600,671,3,89,17.663316582914604,1.8495619458549324,42.341708542713604,5.820166122709773,42.341708542713604,5.820166122709773,0.09247809729274661,0.07275207653387217,True,5,1,3,3,"fly (3,1)",0.1999999999999993,-0.09815130699359997,-0.16739661610813528,0.19404975173652328,0.9702487586826198,0.8369830805406794,41.74296391881592,5.719295493843781,0.24472258546609402,5.737864456194628,0.11504922069287589,0.03363884336303687,0.02520084279578516,0.12600421397892625,0.7836630126677949
29,5.8,600.6930693069307,719.2871287128713,600,673,3,88,17.693069306930738,1.8526774143382971,40.71287128712868,5.596270967302911,40.71287128712868,5.596270967302911,0.09263387071691485,0.06995338709128639,True,5,1,3,3,"fly (3,1)",0.20000000000000018,0.02975272401613438,1.6288372555849264,1.629108968045973,8.145544840229858,-8.144186277924625,41.43695374562583,3.9461343015119947,-1.5300508659504402,5.69580120214788,-1.1194757770343102,-0.2103162702337373,0.2239168300028692,1.1195841500143449,0.5398365680450111
30,6.0,600.6582914572864,718.7437185929648,600,672,3,89,17.658291457286396,1.849035754689675,41.2562814070352,5.670966516430956,41.2562814070352,5.670966516430956,0.09245178773448375,0.07088708145538694,True,5,1,3,3,"fly (3,1)",0.20000000000000018,-0.034777849644342496,-0.5434101199065253,0.5445218611247015,2.722609305623505,2.7170505995326244,42.03177363948763,8.405891392414434,2.9740994693090266,5.777563386871152,0.3734777456402224,0.4088109236163609,0.07478426802835286,0.373921340141764,1.1553143826785504
31,6.2,600.6682242990654,715.873831775701,600,666,3,95,17.6682242990654,1.8500758428340733,44.12616822429902,6.06545267687959,44.12616822429902,6.06545267687959,0.09250379214170366,0.07581815846099488,True,5,1,3,3,"fly (3,1)",0.20000000000000018,0.009932841779004775,-2.8698868172638186,2.8699040062779897,14.349520031389936,14.34943408631908,44.09314844649623,10.30905109662604,10.306874035042968,6.060913875807042,1.9724308022431707,1.4167524446794448,0.39448753157590916,1.972437657879544,1.4169261672460918
32,6.4,600.6995708154507,713.1030042918455,600,660,3,101,17.69957081545067,1.8533582005707507,46.89699570815446,6.446322434110579,46.89699570815446,6.446322434110579,0.09266791002853754,0.08057903042638224,True,5,1,3,3,"fly (3,1)",0.20000000000000018,0.03134651638526975,-2.7708274838554416,2.7710047905729374,13.855023952864675,13.854137419277196,45.97396603655621,9.438209518915867,9.404087950299898,6.319445503306696,1.9043487861549417,1.292658137498267,0.38088390074339423,1.9044195037169696,1.296136767144587
33,6.6,600.7215189873418,713.1012658227849,600,660,3,101,17.721518987341824,1.8556564384651124,46.89873417721515,6.446561398929917,46.89873417721515,6.446561398929917,0.09278282192325563,0.08058201748662397,True,5,1,3,3,"fly (3,1)",0.1999999999999993,0.021948171891153834,-0.001738469060683201,0.0220169144985983,0.11008457249299189,0.008692345303416036,47.05559020311716,5.457187404763332,5.408120832804755,6.468122364689644,0.0011948240966885891,0.7433843069147442,0.00231062796744978,0.01155313983724894,0.7480597784051572
34,6.8,600.6289592760181,712.6289592760181,600,660,3,101,17.628959276018122,1.8459643220961384,47.37104072398188,6.511483261028437,47.37104072398188,6.511483261028437,0.09229821610480692,0.08139354076285546,True,5,1,3,3,"fly (3,1)",0.20000000000000018,-0.09255971132370178,-0.4723065467667311,0.48129073778646664,2.406453688932331,2.3615327338336534,47.08557714097871,1.4852011122194622,0.14993468930773254,6.472244280546902,0.3246093104926026,0.02060957928628591,0.0656413383322511,0.32820669166125516,0.20174181077624373
35,7.0,600.6826086956522,713.0130434782609,600,660,3,101,17.68260869565222,1.8515820623719603,46.9869565217391,6.4586881816823505,46.9869565217391,6.4586881816823505,0.09257910311859802,0.08073360227102938,True,5,1,3,3,"fly (3,1)",0.20000000000000018,0.053649419634098194,0.38408420224277506,0.38781301504661303,1.9390650752330634,-1.9204210112138735,46.30721120311913,5.4878083244257665,-3.8918296892978748,6.365252399054175,-0.26397539673043346,-0.5349594074636254,0.05309312016604587,0.26546560083022913,0.7530961870140723
36,7.2,600.7181818181818,715.4363636363636,600,667,3,94,17.718181818181847,1.8553069966682563,44.56363636363642,6.125585754451741,44.56363636363642,6.125585754451741,0.09276534983341281,0.07656982193064676,True,5,1,3,3,"fly (3,1)",0.20000000000000018,0.035573122529626744,2.4233201581026833,2.4235812418223825,12.117906209111903,-12.116600790513406,45.715349143610034,6.406171518035425,-2.9593102975455055,6.28389678949966,-1.6655121361530452,-0.4067780477725791,0.3331232537101472,1.6656162685507347,0.8801436324190605
37,7.4,600.75,714.4045454545454,600,667,3,92,17.75,1.8586387434554974,45.59545454545457,6.2674164323648895,45.59545454545457,6.2674164323648895,0.09293193717277487,0.07834270540456112,True,5,1,3,3,"fly (3,1)",0.20000000000000018,0.03181818181815288,-1.0318181818181529,1.0323086539522623,5.1615432697613075,5.15909090909076,44.91844501351545,7.429720945139792,-3.9845206504729007,6.174356702888722,0.7091533895657414,-0.5477004330546932,0.141869805575244,0.7093490278762195,1.0209327335549994
38,7.6,600.6760563380282,715.4037558685446,600,667,3,94,17.67605633802816,1.8508959516259855,44.596244131455364,6.130067921849535,44.596244131455364,6.130067921849535,0.09254479758129927,0.07662584902311918,True,5,1,3,3,"fly (3,1)",0.1999999999999993,-0.07394366197183899,0.999210413999208,1.0019426713092292,5.009713356546164,-4.9960520699960576,45.19848484848486,4.737385877999489,1.400199174847019,6.212850150994481,-0.6867425525767759,0.19246724052880074,0.13756658084760867,0.6878329042380458,0.6508131572866976
39,7.8,600.7089201877934,714.5962441314554,600,667,3,92,17.70892018779341,1.8543371924391006,45.403755868544636,6.241066098769022,45.403755868544636,6.241066098769022,0.09271685962195503,0.07801332623461278,True,5,1,3,3,"fly (3,1)",0.20000000000000018,0.03286384976524914,-0.8075117370892713,0.8081802015381998,4.040901007690995,4.037558685446353,45.229832572298314,3.4947831757665955,0.156738619067286,6.217159116467123,0.5549908845974367,0.021544827363201385,0.11105150794916602,0.5552575397458296,0.47995926494233965
40,8.0,600.6849315068494,714.310502283105,600,665,3,96,17.684931506849352,1.8518252886753248,45.68949771689495,6.280343328782811,45.68949771689495,6.280343328782811,0.09259126443376624,0.07850429160978513,True,5,1,3,3,"fly (3,1)",0.20000000000000018,-0.023988680944057705,-0.28574184835031247,0.2867470326125255,1.4337351630626263,1.428709241751561,45.198460415004696,3.809447282817897,-0.1568607864680954,6.212846792440509,0.19638615006894328,-0.021561620133071575,0.03935747016862915,0.19678735084314558,0.5231506995401415
41,8.2,600.7744680851064,715.4978723404255,600,665,3,96,17.774468085106378,1.8612008466079977,44.50212765957451,6.117130949769693,44.50212765957451,6.117130949769693,0.09306004233039988,0.07646413687212116,True,5,1,3,3,"fly (3,1)",0.1999999999999993,0.08953657825702521,1.187370057320436,1.1907411355400097,5.95370567770007,-5.936850286602201,45.27878740619159,4.368708920149903,0.4016349559344518,6.223888303256577,-0.8160618950655947,0.05520755408033703,0.1634814416062897,0.8174072080314514,0.599980982934519
42,8.4,600.7236842105264,714.3552631578947,600,664,3,97,17.723684210526358,1.8558831634059014,45.64473684210532,6.274190631217226,45.64473684210532,6.274190631217226,0.09279415817029507,0.07842738289021532,True,5,1,3,3,"fly (3,1)",0.20000000000000107,-0.05078387458001998,-1.142609182530805,1.1437371839374086,5.718685919687013,5.713045912653994,44.65567998009211,6.932049150742656,-3.115537130497452,6.138237797950805,0.7852984072376625,-0.42825252652885926,0.15714967798579324,0.785748389928962,0.9524084592658587
43,8.6,600.75,716.1798245614035,600,666,3,95,17.75,1.8586387434554974,43.82017543859649,6.023391812865498,43.82017543859649,6.023391812865498,0.09293193717277487,0.07529239766081872,True,5,1,3,3,"fly (3,1)",0.1999999999999993,0.026315789473642326,1.8245614035088238,1.8247511709681707,9.123755854840885,-9.122807017544151,44.7520722095093,6.566227472535537,0.4819611470859491,6.151487588935987,-1.2539940917586456,0.06624895492590303,0.250813955967432,1.2540697798371645,0.9024360898271757
44,8.8,600.7347826086957,715.2086956521739,600,664,3,97,17.734782608695696,1.8570452993398634,44.7913043478261,6.156880322725237,44.7913043478261,6.156880322725237,0.09285226496699317,0.07696100403406546,True,5,1,3,3,"fly (3,1)",0.20000000000000107,-0.015217391304304329,-0.9711289092296056,0.9712481286157476,4.856240643078712,4.855644546148002,44.317861683193506,5.408671842394909,-2.1710526315790184,6.091802293222475,0.6674425492986922,-0.2984264785675632,0.13349801994308128,0.6674900997154029,0.743429885262067
45,9.0,600.7368421052631,715.6578947368421,600,665,3,96,17.736842105263122,1.8572609534306934,44.34210526315792,6.09513474407669,44.34210526315792,6.09513474407669,0.09286304767153467,0.07618918430095863,True,5,1,3,3,"fly (3,1)",0.1999999999999993,0.002059496567426322,0.44919908466818015,0.44920380585302494,2.2460190292651325,-2.2459954233409087,41.932786021530774,15.163250775187938,-11.925378308313705,5.76395684144753,-0.3087278932427362,-1.639227258874736,0.061745955246726866,0.30872977623363546,2.0842508670583317
46,9.2,600.8092783505155,723.3350515463917,600,684,3,77,17.809278350515456,1.8648459005775346,36.664948453608304,5.039855457540661,36.664948453608304,5.039855457540661,0.09324229502887674,0.06299819321925826,True,5,1,3,3,"fly (3,1)",0.1999999999999993,0.07243624525233372,7.677156809549615,7.677498530643968,38.38749265321997,-38.38578404774821,41.59160874287151,25.3845742598463,-1.705886393296429,5.7170596210132665,-5.276396432680165,-0.2344861021713299,1.055306545045188,5.276532725225959,3.4891381290046746
47,9.4,600.6777251184834,716.2322274881517,600,668,3,93,17.67772511848341,1.851070693034912,43.76777251184831,6.016188661422448,43.76777251184831,6.016188661422448,0.0925535346517456,0.0752023582677806,True,5,1,3,3,"fly (3,1)",0.20000000000000107,-0.13155323203204716,-7.102824058240003,7.104042219410796,35.52021109705379,35.51412029119982,38.78010988703625,37.73924153213338,-14.057494279176469,5.330599297187113,4.881666019408911,-1.9323016191307865,0.9764303771108916,4.882151885554432,5.187197697741149
48,9.6,600.8478260869565,724.0923913043479,600,689,3,71,17.847826086956502,1.8688823127703142,35.90760869565213,4.935753772598231,35.90760869565213,4.935753772598231,0.09344411563851572,0.061696922157477886,True,5,1,3,3,"fly (3,1)",0.1999999999999993,0.17010096847309342,7.860163816196177,7.862004169225245,39.31002084612636,-39.30081908098103,38.79354812179838,26.27296078988982,0.06719117381055402,5.3324464772231455,-5.402174444121106,0.00923590018014401,1.0805816964886077,5.402908482443058,3.6111022183931465
49,9.8,600.8368421052631,723.2947368421053,600,686,3,74,17.836842105263145,1.8677321576191774,36.705263157894706,5.045396997648757,36.705263157894706,5.045396997648757,0.09338660788095887,0.06306746247060946,True,5,1,3,3,"fly (3,1)",0.20000000000000107,-0.010983981693357237,-0.7976544622425763,0.7977300852978617,3.9886504264892872,3.98827231121286,36.30643592677342,21.64933563630783,-17.65627338488408,4.990575385123494,0.5482161252526268,-2.4269791594342394,0.10964925743639106,0.5482462871819523,2.975577384812504
0,0.0,625.0539215686274,548.4411764705883,619,539,14,20,42.0539215686274,4.403551996714911,211.5588235294117,29.08025065696381,211.5588235294117,29.08025065696381,0.22017759983574556,0.36350313321204764,True,6,2,3,3,"fly (3,2)",,,,,,,211.24300399771556,2.147226107030828,-1.5790976584807481,29.036839037486672,,-0.21705809738567616,,,0.26519169575743246
1,0.2,625.6359223300971,549.0728155339806,619,540,14,20,42.63592233009706,4.4644944848269175,210.9271844660194,28.99342741800954,210.9271844660194,28.99342741800954,0.22322472424134587,0.3624178427251193,True,6,2,3,3,"fly (3,2)",0.2,0.5820007614696578,0.6316390633922992,0.8588904428123313,4.294452214061656,-3.1581953169614962,211.00180849038645,2.214227542062377,-1.7323434228057977,29.00368501586068,-0.4341161947713523,-0.2381228072585273,0.10607667830297299,0.5303833915148649,0.2786789278565504
2,0.4,625.4029126213592,549.4805825242718,619,540,14,20,42.40291262135918,4.440095562445987,210.51941747572823,28.937376972608693,210.51941747572823,28.937376972608693,0.22200477812229935,0.36171721215760866,True,6,2,3,3,"fly (3,2)",0.2,-0.23300970873788174,0.40776699029117935,0.46964608242509515,2.3482304121254756,-2.0388349514558968,210.72505779010638,2.6138135287337576,-1.3837535014003304,28.96564368248885,-0.2802522270042296,-0.19020666685915325,0.061130678410957276,0.30565339205478637,0.330777878009382
3,0.6,625.2857142857143,549.2714285714285,619,540,14,20,42.285714285714334,4.4278234854151135,210.7285714285715,28.966126656848317,210.7285714285715,28.966126656848317,0.22139117427075566,0.362076583210604,True,6,2,3,3,"fly (3,2)",0.19999999999999996,-0.11719833564484361,-0.20915395284328042,0.2397515920028282,1.1987579600141411,1.0457697642164023,210.67615890305925,1.3414732533383285,-0.24449443523565148,28.95892218598753,0.14374842119812217,-0.03360748250661534,0.03125937009169895,0.15629685045849478,0.17234283562110483
4,0.8,625.3658536585366,549.219512195122,619,540,14,20,42.365853658536594,4.436215042778701,210.78048780487802,28.97326292850557,210.78048780487802,28.97326292850557,0.22181075213893506,0.36216578660631965,True,6,2,3,3,"fly (3,2)",0.20000000000000007,0.08013937282225925,-0.05191637630650803,0.09548627757507364,0.47743138787536804,0.25958188153254,210.7105669142945,0.8323341579747715,0.172040056176191,28.963651809525015,0.035681358286261386,0.023648117687441083,0.011015652870006673,0.05507826435003335,0.10746680130762899
5,1.0,625.3207547169811,549.377358490566,619,540,14,20,42.32075471698113,4.431492640521584,210.62264150943395,28.951565843221157,210.62264150943395,28.951565843221157,0.22157463202607922,0.3618945730402645,True,6,2,3,3,"fly (3,2)",0.19999999999999996,-0.0450989415554659,0.1578462954440738,0.16416262520696107,0.8208131260348055,-0.7892314772203692,210.7034821291609,0.6495621634133464,-0.035423925667904275,28.962677955898403,-0.1084854264220603,-0.004869268133044609,0.022205057822871768,0.11102528911435887,0.08131708019269053
6,1.2,625.4195121951219,549.2926829268292,619,540,14,20,42.41951219512191,4.441833737709101,210.70731707317077,28.96320509596849,210.70731707317077,28.96320509596849,0.22209168688545503,0.3620400636996061,True,6,2,3,3,"fly (3,2)",0.19999999999999996,0.09875747814078295,-0.08467556373682328,0.13008839526597307,0.6504419763298656,0.4233778186841165,210.65124031961412,0.6375130007256367,-0.26120904773392806,28.95549695114971,0.0581962637366651,-0.03590502374349215,0.015569537422735874,0.07784768711367938,0.08273189842594508
7,1.4,625.3910891089109,549.3762376237623,619,540,14,20,42.39108910891093,4.438857498315281,210.62376237623766,28.951719914259474,210.62376237623766,28.951719914259474,0.22194287491576403,0.3618964989282434,True,6,2,3,3,"fly (3,2)",0.19999999999999996,-0.028423086210978,0.08355469693310624,0.08825677996244777,0.4412838998122389,-0.4177734846655313,210.8046687595589,1.6964158117307333,0.7671421997237826,28.976586771073386,-0.05742590854508124,0.10544909961839831,0.011864543809959398,0.059322719049797,0.20100564448630828
8,1.6,624.7365853658537,548.9170731707318,618,540,14,20,41.73658536585367,4.3703230749585,211.08292682926822,29.014835302992196,211.08292682926822,29.014835302992196,0.218516153747925,0.36268544128740243,True,6,2,3,3,"fly (3,2)",0.20000000000000018,-0.654503743057262,-0.459164453030553,0.7995043118100198,3.9975215590500954,2.2958222651527627,210.79381549568643,2.4864052854887744,-0.05426631936226626,28.975094913496417,0.31557694366361105,-0.007459287884845733,0.09316930545908976,0.4658465272954484,0.29664635864484695
9,1.8,624.2912621359224,549.3252427184466,618,540,14,21,41.29126213592235,4.323692370253649,210.6747572815534,28.958729523237583,210.6747572815534,28.958729523237583,0.21618461851268247,0.3619841190404698,True,6,2,3,3,"fly (3,2)",0.19999999999999996,-0.44532322993131856,0.40816954771480596,0.6040820795207976,3.020410397603989,-2.0408477385740302,210.83304917515193,2.450636760049809,0.19616839732748215,28.98048785912741,-0.280528898773067,0.026964728154978117,0.07295396591785909,0.36476982958929555,0.2921660716993185
10,2.0,624.2878048780487,549.2585365853658,618,540,14,20,41.287804878048746,4.3233303537223815,210.74146341463415,28.96789875115246,210.74146341463415,28.96789875115246,0.21616651768611908,0.36209873438940576,True,6,2,3,3,"fly (3,2)",0.19999999999999996,-0.0034572578736060677,-0.0667061330807428,0.06679566469906846,0.3339783234953424,0.33353066540371407,210.65374023206255,1.6000950031584742,-0.8965447154469074,28.955840581726807,0.04584613957439033,-0.12323638700301248,0.009176371642642334,0.04588185821321168,0.19516926228138418
11,2.2,624.5,549.4549999999999,618,540,14,21,41.5,4.345549738219895,210.54500000000007,28.94089347079039,210.54500000000007,28.94089347079039,0.21727748691099477,0.36176116838487987,True,6,2,3,3,"fly (3,2)",0.20000000000000018,0.2121951219512539,0.19646341463408135,0.2891792576752186,1.4458962883760917,-0.9823170731704058,210.59307234594087,0.8312158399626689,-0.303339430608389,28.947501353393935,-0.13502640181036074,-0.04169614166437794,0.03497121980832908,0.17485609904164526,0.09967169372319003
12,2.4,624.3671497584542,549.5072463768116,618,541,14,19,41.36714975845416,4.33163871816274,210.49275362318838,28.933711838238956,210.49275362318838,28.933711838238956,0.21658193590813696,0.3616713979779869,True,6,2,3,3,"fly (3,2)",0.19999999999999973,-0.1328502415458388,0.05224637681169497,0.14275458160331433,0.7137729080165727,-0.2612318840584752,210.57892758313403,1.0944237129730752,-0.07072381403418164,28.9455570561009,-0.0359081627571634,-0.009721486465181811,0.01565542478294261,0.07827712391471316,0.13413033868759008
13,2.6,624.4563106796116,549.3009708737864,618,540,14,20,41.45631067961165,4.340974940273471,210.69902912621365,28.962065859273352,210.69902912621365,28.962065859273352,0.21704874701367355,0.3620258232409169,True,6,2,3,3,"fly (3,2)",0.20000000000000018,0.08916092115748597,-0.20627550302526743,0.2247203885053124,1.123601942526561,1.0313775151263362,210.61791819346266,0.7939171549224947,0.19495305164317211,28.95091659016669,0.14177010517197872,0.02679767032895808,0.029851558621282387,0.1492577931064118,0.09562587567825254
14,2.8,624.5586854460093,549.338028169014,618,540,14,20,41.55868544600935,4.351694811100455,210.66197183098598,28.956972072987764,210.66197183098598,28.956972072987764,0.21758474055502278,0.361962150912347,True,6,2,3,3,"fly (3,2)",0.19999999999999973,0.10237476639770193,0.037057295227668874,0.1088753228448699,0.5443766142243502,-0.18528647613834462,210.63252877435107,1.8456428652966055,0.0730529044420789,28.952924917436576,-0.02546893142794108,0.01004163634942043,0.011868542002726513,0.059342710013632644,0.2058515814494358
15,3.0,623.7951219512195,549.4634146341464,617,540,15,21,40.79512195121947,4.271740518452301,210.53658536585363,28.93973682004861,210.53658536585363,28.93973682004861,0.21358702592261503,0.3617467102506076,True,6,2,3,3,"fly (3,2)",0.20000000000000018,-0.763563494789878,0.12538646513235108,0.7737900078277816,3.868950039138905,-0.6269323256617548,210.2464578411234,3.1311001945567725,-1.9303546661384023,28.89985674792074,-0.08617626469577636,-0.26534084757916054,0.08179084824565268,0.408954241228263,0.3842547794866286
16,3.2,623.8163265306123,550.4591836734694,618,541,13,20,40.81632653061229,4.273960893257831,209.5408163265306,28.802861350725856,209.5408163265306,28.802861350725856,0.21369804466289155,0.3600357668840732,True,6,2,3,3,"fly (3,2)",0.20000000000000018,0.021204579392815504,0.9957690393230223,0.9959947860614136,4.979973930307064,-4.978845196615107,209.8735569743845,3.255791069079755,-1.864504333694487,28.848598896822608,-0.6843773466137643,-0.2562892554906543,0.13689347744359817,0.6844673872179903,0.39653350820301414
17,3.4,624.0,550.4567307692307,618,541,14,20,41.0,4.293193717277487,209.54326923076928,28.80319851969337,209.54326923076928,28.80319851969337,0.21465968586387435,0.36003998149616717,True,6,2,3,3,"fly (3,2)",0.19999999999999973,0.18367346938771334,-0.0024529042386802757,0.18368984755865905,0.9184492377932965,0.012264521193401394,209.62477648657963,2.4252119425558054,-1.2439024390243947,28.81440226619651,0.0016858448375778345,-0.17098315313049864,0.01923577923255783,0.09617889616278927,0.3206665384203185
18,3.6,623.8780487804878,550.209756097561,617,541,15,20,40.8780487804878,4.280423956072021,209.790243902439,28.83714692817031,209.790243902439,28.83714692817031,0.21402119780360107,0.36046433660212884,True,6,2,3,3,"fly (3,2)",0.20000000000000018,-0.1219512195121979,-0.24697467166970455,0.27544253191341134,1.3772126595670555,1.2348733583485216,209.77783771106942,1.115422217363019,0.7653061224489951,28.835441609768992,0.16974204238469057,0.10519671786240657,0.036270666376035245,0.18135333188017605,0.140613354924311
19,3.8,623.8656716417911,550.0,617,541,15,20,40.865671641791096,4.279127920606397,210.0,28.8659793814433,210.0,28.8659793814433,0.21395639603031988,0.36082474226804123,True,6,2,3,3,"fly (3,2)",0.19999999999999973,-0.012377138696706425,-0.2097560975610122,0.21012095094574074,1.0506047547287052,1.0487804878050624,209.97723577235772,4.462925772876679,0.9969903064414134,28.86285027798731,0.1441622663649513,0.13704334109159907,0.028861567345993534,0.14430783672996786,0.4917108842231807
20,4.0,621.6780487804878,549.8585365853659,614,541,16,19,38.67804878048776,4.05005746392542,210.14146341463413,28.88542452434833,210.14146341463413,28.88542452434833,0.20250287319627097,0.36106780655435416,True,6,2,3,3,"fly (3,2)",0.20000000000000018,-2.187622861303339,-0.14146341463413137,2.1921919808668573,10.960959904334278,0.7073170731706562,209.59627727856227,6.504572754624845,-1.904792468977232,28.810484849286908,0.0972257145251553,-0.2618271435020244,0.22989429681187984,1.1494714840593983,0.7743926341720991
21,4.2,621.8157894736842,551.3526315789474,614,544,16,16,38.81578947368416,4.064480573160646,208.64736842105265,28.680050642069094,208.64736842105265,28.680050642069094,0.20322402865803227,0.35850063302586366,True,6,2,3,3,"fly (3,2)",0.20000000000000018,0.13774069319640603,1.4940949935814842,1.5004307209623116,7.502153604811551,-7.470474967907415,209.09714083642064,6.480737756941739,-2.4956822107081185,28.74187502906125,-1.0268694113961798,-0.3430491011282711,0.20587971634538652,1.0293985817269318,0.7666583580261529
22,4.4,621.6839378238342,551.4974093264249,614,544,16,17,38.683937823834185,4.050674117678972,208.50259067357513,28.660149920766337,208.50259067357513,28.660149920766337,0.20253370588394862,0.35825187400957925,True,6,2,3,3,"fly (3,2)",0.20000000000000018,-0.13185164984997755,0.14477774747751937,0.1958199523358778,0.9790997616793881,-0.7238887373875962,208.5887069035965,3.0185455907314673,-2.542169664120779,28.671987203243503,-0.09950360651378878,-0.3494391290887633,0.024221001658425865,0.12110500829212921,0.4096937488641903
23,4.6,621.6666666666666,551.3838383838383,614,543,16,18,38.66666666666663,4.048865619546244,208.61616161616166,28.675761046895072,208.61616161616166,28.675761046895072,0.20244328097731218,0.3584470130861884,True,6,2,3,3,"fly (3,2)",0.1999999999999993,-0.01727115716755634,-0.11357094258653433,0.11487668114069238,0.5743834057034639,0.5678547129326736,208.5673618743567,0.6432394284120635,-0.10672514619898173,28.669053178605726,0.07805563064367887,-0.014670123188865276,0.015715531314701943,0.07857765657351,0.0805677152055032
24,4.8,621.734375,551.4166666666667,614,544,17,16,38.734375,4.0559554973821985,208.58333333333326,28.671248568155775,208.58333333333326,28.671248568155775,0.20279777486910994,0.3583906071019472,True,6,2,3,3,"fly (3,2)",0.20000000000000018,0.06770833333337123,0.032828282828404554,0.07524702357066777,0.3762351178533385,-0.16414141414202263,208.53350339264043,0.6855206482487537,-0.16929240858132646,28.664399091771873,-0.022562393696485807,-0.0232704341692505,0.008404096150174085,0.042020480750870386,0.08734053901065669
25,5.0,621.6091370558376,551.5989847715737,614,544,16,16,38.60913705583755,4.0428415765274925,208.40101522842633,28.646187660264786,208.40101522842633,28.646187660264786,0.2021420788263746,0.35807734575330985,True,6,2,3,3,"fly (3,2)",0.20000000000000018,-0.12523794416244982,0.18231810490692624,0.22118868423789192,1.1059434211894585,-0.9115905245346304,208.52035604615972,0.797758879693231,-0.06573673240344151,28.662591896379343,-0.12530453945494446,-0.00903597696266803,0.028284695941517963,0.1414234797075897,0.1022737637994044
26,5.2,621.5608465608466,551.4232804232804,614,544,16,16,38.560846560846585,4.03778498019336,208.5767195767196,28.67033946071747,208.5767195767196,28.67033946071747,0.20188924900966798,0.35837924325896836,True,6,2,3,3,"fly (3,2)",0.20000000000000018,-0.04829049499096527,-0.17570434829326587,0.18221962000737935,0.911098100036896,0.8785217414663286,208.52903660171532,0.7303716926048208,0.04340277777790404,28.663785099892138,0.12075900226342628,0.005966017563974149,0.024675466187950638,0.12337733093975307,0.09603903717143725
27,5.4,621.5729166666666,551.390625,614,544,16,16,38.57291666666663,4.0390488656195425,208.609375,28.67482817869416,208.609375,28.67482817869416,0.2019524432809771,0.35843535223367695,True,6,2,3,3,"fly (3,2)",0.20000000000000018,0.012070105820043864,-0.03265542328040283,0.034814711317621636,0.17407355658810802,0.163277116402014,208.58559173499728,0.42632209395990867,0.2827756664098989,28.671559001374202,0.02244358988344073,0.038869507410303934,0.004663260173393794,0.02331630086696895,0.057771152343183974
28,5.6,621.5706806282723,551.4293193717277,614,544,16,16,38.57068062827227,4.038814725473536,208.57068062827227,28.66950936471097,208.57068062827227,28.66950936471097,0.2019407362736768,0.35836886705888704,True,6,2,3,3,"fly (3,2)",0.1999999999999993,-0.00223603839435782,0.03869437172772905,0.038758925050944325,0.19379462525472232,-0.19347185863864594,208.58559173499728,0.14185650691776427,-3.1456319031046104e-16,28.671559001374202,-0.026594069915955126,-6.938893903907228e-17,0.005323965044565957,0.02661982522282988,0.018849812002093336
29,5.8,621.5608465608466,551.4232804232804,614,544,16,16,38.560846560846585,4.03778498019336,208.5767195767196,28.67033946071747,208.5767195767196,28.67033946071747,0.20188924900966798,0.35837924325896836,True,6,2,3,3,"fly (3,2)",0.20000000000000018,-0.009834067425686044,-0.00603894844732622,0.011540267782092542,0.057701338910462655,0.030194742236631072,208.53672205414625,0.29510275178684414,-0.24434840425518214,28.664841519470276,0.0041504800325142775,-0.0335874095196154,0.0013226619832962321,0.006613309916481154,0.03892448902020099
30,6.0,621.5053191489362,551.5372340425531,614,544,16,16,38.50531914893622,4.031970591511646,208.4627659574469,28.65467573298239,208.4627659574469,28.65467573298239,0.20159852957558233,0.35818344666227986,True,6,2,3,3,"fly (3,2)",0.20000000000000018,-0.05552741191036148,0.11395361927270642,0.12676245823906968,0.6338122911953478,-0.5697680963635315,208.56519006341705,0.5534589247452217,0.1423400463539791,28.668754647892374,-0.07831863867540527,0.01956564211050463,0.0167080663842584,0.08354033192129193,0.07439995346449225
31,6.2,621.4920634920635,551.3439153439153,614,544,16,16,38.492063492063494,4.030582564613979,208.65608465608466,28.68124874997727,208.65608465608466,28.68124874997727,0.20152912823069893,0.3585156093747159,True,6,2,3,3,"fly (3,2)",0.20000000000000018,-0.01325565687272956,-0.19331869863776774,0.19377262882597118,0.9688631441298551,0.9665934931888378,208.53961687117717,0.7962755057342678,-0.12786596119932853,28.665239432464215,0.13286508497440497,-0.01757607714080105,0.02660924371114076,0.13304621855570367,0.10810627385877707
32,6.4,621.4731182795699,551.5,614,544,16,16,38.47311827956992,4.0285987727298345,208.5,28.65979381443299,208.5,28.65979381443299,0.20142993863649172,0.3582474226804124,True,6,2,3,3,"fly (3,2)",0.20000000000000018,-0.018945212493576946,0.1560846560846585,0.1572302163755202,0.7861510818776003,-0.7804232804232918,208.55467372134038,0.7757694015729092,0.07528425081602559,28.667309102589744,-0.10727467772140277,0.01034835062762693,0.021546454219867128,0.10773227109933554,0.10026955270239558
33,6.6,621.5873015873016,551.4920634920635,614,544,16,16,38.58730158730157,4.040555140031578,208.5079365079365,28.660884743358967,208.5079365079365,28.660884743358967,0.20202775700157888,0.35826105929198715,True,6,2,3,3,"fly (3,2)",0.1999999999999993,0.11418330773165053,-0.007936507936506132,0.11445879574225402,0.5722939787112722,0.0396825396825308,208.50352733686066,0.585383771328301,-0.255731922398657,28.660278671733423,0.005454644629878677,-0.03515215428160207,0.012006033690429466,0.06003016845214754,0.06982455115221688
34,6.8,621.5079365079365,551.4973544973545,614,544,16,16,38.507936507936506,4.032244660516912,208.50264550264546,28.66015745740831,208.50264550264546,28.66015745740831,0.20161223302584558,0.3582519682176039,True,6,2,3,3,"fly (3,2)",0.20000000000000018,-0.07936507936506132,0.005291005291041984,0.07954125067920617,0.3977062533960305,-0.026455026455209894,208.40352733686066,0.858861680567886,-0.4999999999999238,28.64653296726607,-0.0036364297532820414,-0.06872852233676356,0.008342242781033507,0.041711213905167493,0.10576170127576097
35,7.0,621.4,551.8,614,544,16,17,38.39999999999998,4.020942408376961,208.20000000000005,28.618556701030933,208.20000000000005,28.618556701030933,0.20104712041884804,0.35773195876288666,True,6,2,3,3,"fly (3,2)",0.20000000000000018,-0.10793650793652887,0.3026455026454187,0.3213169619192714,1.6065848095963555,-1.513227513227092,208.1783776040967,1.2873956071906072,-1.1257486638197625,28.615584550391304,-0.2080037818868872,-0.15474208437384587,0.043108744293993605,0.21554372146996784,0.17048885896820462
36,7.2,621.3451776649746,552.1675126903554,614,544,16,18,38.345177664974585,4.015201849735559,207.83248730964465,28.56803949273466,207.83248730964465,28.56803949273466,0.20076009248677792,0.3571004936591832,True,6,2,3,3,"fly (3,2)",0.20000000000000018,-0.05482233502539202,0.36751269035539735,0.37157915171588746,1.8578957585794356,-1.8375634517769852,207.86875260048268,1.992324137273488,-1.5481250180702457,28.57302441243748,-0.2525860414813683,-0.21280068976910357,0.05084232830589576,0.25421164152947856,0.25231902865142863
37,7.4,621.775956284153,552.4262295081967,615,545,15,17,38.77595628415304,4.060309558550056,207.57377049180332,28.532477043546848,207.57377049180332,28.532477043546848,0.20301547792750282,0.3566559630443356,True,6,2,3,3,"fly (3,2)",0.20000000000000018,0.4307786191784544,0.25871681784133216,0.5024983687289352,2.5124918436446735,-1.2935840892066597,207.69155961802653,2.137022152951329,-0.8859649122806924,28.548667988732166,-0.17781224593905504,-0.12178211852655572,0.05744034459096796,0.28720172295483953,0.25307103850009643
38,7.6,621.378947368421,552.3315789473684,614,545,16,16,38.378947368420995,4.018737944337277,207.66842105263163,28.545487429915,207.66842105263163,28.545487429915,0.20093689721686384,0.3568185928739375,True,6,2,3,3,"fly (3,2)",0.1999999999999993,-0.39700891573204444,-0.09465056082831325,0.40813577132597406,2.0406788566298775,0.4732528041415679,207.6232475216144,3.1796106351286952,-0.3415604820607608,28.5392780098439,0.06505193184075632,-0.04694989444134368,0.0435599502031941,0.21779975101597127,0.3424590974457913
39,7.8,620.3826530612245,552.3724489795918,613,545,16,16,37.38265306122446,3.9144139331125087,207.6275510204082,28.539869556069853,207.6275510204082,28.539869556069853,0.19572069665562544,0.3567483694508732,True,6,2,3,3,"fly (3,2)",0.20000000000000018,-0.9962943071965356,0.0408700322234381,0.9971322410223078,4.985661205111534,-0.20435016111719032,207.76892762795023,4.008091956283483,0.7284005316792749,28.559302766728553,-0.028089369225732217,0.10012378442326642,0.10447516367331267,0.5223758183665629,0.43021268085385705
40,8.0,619.4594594594595,551.9891891891891,612,545,16,15,36.45945945945948,3.8177444460166994,208.01081081081088,28.592551314200808,208.01081081081088,28.592551314200808,0.190887222300835,0.3574068914275101,True,6,2,3,3,"fly (3,2)",0.20000000000000018,-0.9231936017649787,-0.38325979040268976,0.999587161421808,4.997935807109036,1.916298952013447,208.14816142673286,4.784214072113919,1.8961689939131592,28.611431123949533,0.2634087906547753,0.2606417861049046,0.11009249463580752,0.5504624731790371,0.5504549805611267
41,8.2,619.8214285714286,551.1938775510205,612,545,18,14,36.821428571428555,3.855646970830215,208.80612244897952,28.70187250157794,208.80612244897952,28.70187250157794,0.19278234854151077,0.35877340626972426,True,6,2,3,3,"fly (3,2)",0.1999999999999993,0.3619691119690742,-0.7953116381686414,0.8738090408242342,4.3690452041211865,3.976558190843221,208.48673603786384,4.767330892757166,1.6928730556549054,28.65797058939709,0.5466059368856709,0.2326973272377889,0.11570533002755565,0.5785266501377803,0.5502687864958108
42,8.4,618.8479532163743,551.3567251461989,612,545,16,14,35.84795321637432,3.7537123786779394,208.64327485380113,28.679487952412526,208.64327485380113,28.679487952412526,0.18768561893389696,0.35849359940515657,True,6,2,3,3,"fly (3,2)",0.20000000000000107,-0.9734753550542337,0.1628475951783912,0.9870023334082607,4.935011667041278,-0.8142379758919517,208.73498428611205,3.3048390286060236,1.2412412412409966,28.692094059946673,-0.11192274582707935,0.17061735274790465,0.1043634472341236,0.5218172361706152,0.39383138309900384
43,8.6,618.8,551.2444444444445,612,544,16,15,35.799999999999955,3.748691099476435,208.75555555555547,28.69492172584955,208.75555555555547,28.69492172584955,0.18743455497382175,0.35868652157311937,True,6,2,3,3,"fly (3,2)",0.1999999999999993,-0.047953216374367,-0.11228070175434368,0.12209204293112118,0.6104602146556081,0.5614035087717204,208.65063434501835,2.1859673148386363,-0.42174970546852436,28.68049956632554,0.07716886718512256,-0.057972468105642126,0.016230052597723196,0.08115026298861627,0.24737741811265032
44,8.8,618.7988826815642,551.4469273743016,612,544,16,15,35.79888268156424,3.7485741027815953,208.5530726256984,28.667089020714556,208.5530726256984,28.667089020714556,0.18742870513907978,0.358338612758932,True,6,2,3,3,"fly (3,2)",0.20000000000000107,-0.001117318435717607,0.2024829298570694,0.2024860125638057,1.012430062819023,-1.0124146492853416,208.69917235671426,0.9870955124746611,0.24269005847960445,28.687171457967594,-0.1391635256749694,0.033359458210249694,0.027832951035744062,0.13916475517871957,0.13181000737515677
45,9.0,618.6722222222222,551.2111111111111,612,544,15,15,35.67222222222222,3.735311227457824,208.7888888888889,28.699503627338675,208.7888888888889,28.699503627338675,0.1867655613728912,0.3587437953417335,True,6,2,3,3,"fly (3,2)",0.1999999999999993,-0.12666045934201975,-0.2358162631904861,0.26767925198986947,1.3383962599493522,1.1790813159524347,208.61588111092303,1.287708345494142,-0.4164562289561961,28.67572248947395,0.1620730331205961,-0.057244842468205416,0.03502300079162676,0.17511500395813442,0.17223594730854877
46,9.2,618.7784090909091,551.4943181818182,612,545,15,14,35.77840909090912,3.7464302712993844,208.50568181818176,28.660574820368627,208.50568181818176,28.660574820368627,0.18732151356496923,0.3582571852546078,True,6,2,3,3,"fly (3,2)",0.1999999999999993,0.10618686868690475,0.28320707070713524,0.30245974274280907,1.5122987137140507,-1.4160353535356813,208.61215671613715,1.3336422780329429,-0.018621973929385388,28.67521054517349,-0.19464403485024276,-0.002559721502321484,0.040485616557758314,0.2024280827887923,0.16635364694630203
47,9.4,619.0055865921788,551.4581005586592,612,545,16,14,36.005586592178815,3.7702184913276247,208.54189944134077,28.665553187813163,208.54189944134077,28.665553187813163,0.18851092456638124,0.35831941484766455,True,6,2,3,3,"fly (3,2)",0.20000000000000107,0.2271775012696935,-0.03621762315901833,0.23004637208708648,1.1502318604354262,0.18108811579509068,208.53014613412657,1.1730161164002777,-0.4100529100528189,28.663937612938366,0.02489183722268238,-0.05636466117563813,0.024303570818396004,0.12151785409197938,0.13787822523060236
48,9.6,618.8342857142857,551.4571428571428,612,545,16,14,35.83428571428567,3.7522812266267715,208.5428571428572,28.665684830633293,208.5428571428572,28.665684830633293,0.1876140613313386,0.35832106038291617,True,6,2,3,3,"fly (3,2)",0.1999999999999993,-0.1713008778931453,-0.0009577015164268232,0.1713035550102707,0.8565177750513565,0.0047885075821341334,208.63396648044696,1.1261585978920994,0.519101731601947,28.678208450920547,0.0006582141006461508,0.07135418991091744,0.017937747762207006,0.08968873881103535,0.13324761672002908
49,9.8,618.84,551.1828571428571,611,545,17,14,35.84000000000003,3.7528795811518356,208.81714285714293,28.703387334315178,208.81714285714293,28.703387334315178,0.18764397905759178,0.35879234167893975,True,6,2,3,3,"fly (3,2)",0.20000000000000107,0.005714285714361722,-0.2742857142857247,0.27434523163790464,1.371726158189516,1.371428571428616,208.68000000000006,1.114121966620436,0.688108539505375,28.68453608247424,0.18851251840942396,0.09458536625503497,0.0377072514514147,0.18853625725707251,0.13911249803405396
0,0.0,926.3548387096774,743.7004608294931,920,734,13,21,120.35483870967744,13.153534285210648,13.299539170506932,1.8125436688936194,13.299539170506932,1.8125436688936194,0.6576767142605324,0.022656795861170243,True,7,1,4,4,"fly (4,1)",,,,,,,23.163102918586787,49.32022413349627,49.317818740399275,3.1568113006591876,,6.721338158827841,,,6.721548971040503
1,0.2,926.16,723.9733333333334,920,714,14,21,120.15999999999997,13.132240437158467,33.02666666666664,4.501078932424756,33.02666666666664,4.501078932424756,0.6566120218579233,0.05626348665530944,True,7,1,4,4,"fly (4,1)",0.2,-0.19483870967746952,-19.72712749615971,19.72808965339851,98.64044826699254,98.63563748079855,32.96317487148872,65.48215439744939,65.43963267797608,4.49242587686388,13.442676317655682,8.918518933966077,2.6886195884162016,13.443097942081007,8.922246372823519
2,0.4,927.1397379912664,704.4366812227074,920,695,16,20,121.13973799126643,13.239315627460812,52.56331877729258,7.163655029273265,52.56331877729258,7.163655029273265,0.6619657813730406,0.08954568786591581,True,7,1,4,4,"fly (4,1)",0.2,0.979737991266461,-19.536652110625937,19.56120298507113,97.80601492535564,97.68326055312968,50.529995147986405,88.07826867471384,87.83410138248844,6.886541076386564,13.312880484242546,11.970575997613418,2.6647282352779103,13.32364117638955,11.99200403460433
3,0.6,928.9469387755103,691.0,921,681,17,21,122.94693877551026,13.436823909891832,66.0,8.99488926746167,66.0,8.99488926746167,0.6718411954945916,0.11243611584327087,True,7,1,4,4,"fly (4,1)",0.19999999999999996,1.8072007842438325,-13.43668122270742,13.557668566358661,67.78834283179332,67.18340611353712,66.07146086902662,79.54332562339088,77.70732860520108,9.00462839782305,9.156171190942024,10.590436607182431,1.8418545970684865,9.209272985342436,10.75304358496372
4,0.8,934.1446808510639,677.3489361702127,927,668,16,20,128.14468085106387,14.004883153121733,79.65106382978729,10.855340896734214,79.65106382978729,10.855340896734214,0.7002441576560867,0.13569176120917767,True,7,1,4,4,"fly (4,1)",0.20000000000000007,5.197742075553606,-13.65106382978729,14.607123822604748,73.03561911302371,68.25531914893642,81.85352203074358,84.49866172510964,78.91030580858474,11.155505557852615,9.30225814636272,10.754385800147835,1.945243318631835,9.726216593159172,11.25206399902883
5,1.0,944.0135746606335,657.0904977375566,936,649,18,17,138.01357466063348,15.083450782582894,99.90950226244343,13.616286509361966,99.90950226244343,13.616286509361966,0.7541725391291447,0.17020358136702457,True,7,1,4,4,"fly (4,1)",0.19999999999999996,9.868893809569613,-20.258438432656135,22.53440464610238,112.67202323051193,101.2921921632807,96.73862841372227,88.52730836263117,74.42553191489348,13.184140158599286,13.804728063138766,10.143173003733352,2.964140483716975,14.820702418584878,11.437075186144185
6,1.2,955.8340425531915,646.3446808510639,946,639,21,16,149.83404255319147,16.375305197070105,110.65531914893609,15.08079306970168,110.65531914893609,15.08079306970168,0.8187652598535052,0.18850991337127102,True,7,1,4,4,"fly (4,1)",0.19999999999999996,11.820467892557986,-10.745816886492662,15.974856548871575,79.87428274435788,53.729084432463324,110.39827380379317,86.41335129301741,68.29822695035453,15.045761336121728,7.322532801698573,9.308105887612204,1.9528613093377003,9.764306546688504,10.976269864930913
7,1.4,964.69,636.37,956,629,18,16,158.69000000000005,17.34316939890711,120.63,16.440204429301534,120.63,16.440204429301534,0.8671584699453555,0.20550255536626916,True,7,1,4,4,"fly (4,1)",0.19999999999999996,8.855957446808588,-9.974680851063908,13.338749580836486,66.69374790418244,49.87340425531956,120.76926368634948,68.30677229797082,51.85494941278156,16.459184148054444,6.79705679799927,7.067114059663582,1.6687601259038722,8.343800629519363,8.587086281948828
8,1.6,970.0,625.9775280898876,966,619,8,14,164.0,17.92349726775956,131.02247191011236,17.856554945160116,131.02247191011236,17.856554945160116,0.8961748633879781,0.22320693681450146,True,7,1,4,4,"fly (4,1)",0.20000000000000018,5.309999999999945,-10.392471910112363,11.670457249074431,58.352286245372106,51.96235955056177,145.73795847296142,71.98804030323976,64.24466104566021,19.86207270500326,7.081752579292904,8.755660789868513,1.5306303339277245,7.653151669638616,9.462288851708797
11,2.2,971.140350877193,571.438596491228,969,566,5,13,165.140350877193,18.048125778928195,185.56140350877195,25.289458740548135,185.56140350877195,25.289458740548135,0.9024062889464097,0.3161182342568517,True,7,1,4,4,"fly (4,1)",0.6000000000000001,1.1403508771929864,-54.53893159865959,54.55085205609885,90.91808676016473,90.8982193310993,174.7886845455687,86.88917380187023,84.65481747563695,23.821285798373932,12.388172992313361,11.537283471977773,7.433948553581046,12.389914255968408,11.73690189220711
12,2.4,969.5247524752475,549.2178217821781,966,543,8,14,163.5247524752475,17.871557647568032,207.78217821782187,28.31784370941354,207.78217821782187,28.31784370941354,0.8935778823784017,0.3539730463676693,True,7,1,4,4,"fly (4,1)",0.19999999999999973,-1.6155984019454763,-22.22077470904992,22.279429680014733,111.39714840007382,111.10387354524974,206.74087132821944,99.30876264255038,99.16212102585406,28.175927949331438,15.141924844327052,13.514428759911963,3.033527950202857,15.167639751014306,13.527285465320602
13,2.6,968.5403225806451,530.1209677419355,964,523,10,16,162.54032258064512,17.76396968094482,226.8790322580645,30.92048139803264,226.8790322580645,30.92048139803264,0.8881984840472411,0.386506017475408,True,7,1,4,4,"fly (4,1)",0.20000000000000018,-0.9844298946023855,-19.096854040242647,19.12221055348253,95.61105276741257,95.48427020121315,226.2836218827667,97.85958816145042,97.71375277273636,30.839335179934128,13.013188443095475,13.317036153013476,2.6048604777958215,13.024302388979097,13.32982219572362
14,2.8,968.8879310344828,512.8103448275863,965,506,9,15,162.8879310344828,17.80195967589976,244.18965517241372,33.279680432356216,244.18965517241372,33.279680432356216,0.890097983794988,0.4159960054044527,True,7,1,4,4,"fly (4,1)",0.19999999999999973,0.34760845383766537,-17.31062291434921,17.314112663372946,86.57056331686485,86.55311457174616,244.03984496270178,88.82933001013316,88.78111539967544,33.25926336800024,11.795995171617902,12.09964094033056,2.359504889435488,11.797524447177457,12.103867398673396
15,3.0,968.9406779661017,495.9491525423729,965,489,9,15,162.9406779661017,17.807724367879967,261.0508474576271,35.57762827361188,261.0508474576271,35.57762827361188,0.8903862183939983,0.44472035342014843,True,7,1,4,4,"fly (4,1)",0.20000000000000018,0.05274693161891264,-16.861192285213406,16.861274789224428,84.30637394612206,84.30596142606696,256.58997146491555,62.80928629552489,62.75063251106891,34.969672431334324,11.489739206278305,8.552045316670386,2.2979550719727286,11.489775359863634,8.557193243933726
16,3.2,968.4705882352941,492.47058823529414,964,486,10,15,162.47058823529414,17.756348441015753,264.52941176470586,36.05170858803487,264.52941176470586,36.05170858803487,0.8878174220507876,0.45064635735043584,True,7,1,4,4,"fly (4,1)",0.20000000000000018,-0.4700897308075582,-3.4785643070787273,3.510184324717554,17.550921623587755,17.392821535393622,264.14315519051314,38.05307884991614,37.76591862798765,35.999067146918314,2.370401572114955,5.146973577919947,0.4768559849520183,2.384279924760089,5.172361705829329
17,3.4,967.6507936507936,490.1507936507937,963,483,10,16,161.65079365079362,17.66675340445832,266.8492063492063,36.367864579108186,266.8492063492063,36.367864579108186,0.883337670222916,0.45459830723885236,True,7,1,4,4,"fly (4,1)",0.19999999999999973,-0.8197945845005279,-2.319794584500471,2.4603881960077167,12.3019409800386,11.598972922502371,266.4698752886167,12.019673916984013,11.633600490518083,36.31616698993073,1.5807799553665822,1.5854992150620826,0.32860596657285235,1.6430298328642639,1.6196316255621788
18,3.6,967.2713178294573,488.968992248062,963,482,10,16,161.2713178294573,17.62528063709916,268.031007751938,36.52892780264913,268.031007751938,36.52892780264913,0.8812640318549579,0.4566115975331141,True,7,1,4,4,"fly (4,1)",0.20000000000000018,-0.37947582133631386,-1.1818014027316508,1.2412318294651357,6.206159147325673,5.909007013658249,268.31544326787457,9.619455420229476,9.227839896289167,36.567692438551894,0.8053161177047123,1.2576272431058422,0.16631702381243674,0.8315851190621829,1.2922533892206673
19,3.8,966.8925619834711,486.93388429752065,963,480,9,16,160.89256198347107,17.583886555570608,270.06611570247935,36.806284933898375,270.06611570247935,36.806284933898375,0.8791943277785305,0.46007856167372974,True,7,1,4,4,"fly (4,1)",0.19999999999999973,-0.3787558459862339,-2.0351079505413736,2.070053226664826,10.350266133324144,10.175539752706882,270.5426989685816,11.293757107499792,11.136278503535188,36.87123665670618,1.386785656246234,1.5177210907714063,0.2804290431471107,1.4021452157355554,1.5316135584679766
20,4.0,966.9203539823009,483.46902654867256,963,477,9,15,160.92035398230087,17.5869239324919,273.53097345132744,37.27849723357103,273.53097345132744,37.27849723357103,0.8793461966245949,0.4659812154196379,True,7,1,4,4,"fly (4,1)",0.20000000000000018,0.027791998829798104,-3.4648577488480896,3.464969208369911,17.32484604184954,17.324288744240434,274.6908329966241,20.87206525346996,20.74067014021266,37.43657008471879,2.361061498363275,2.8266671400630585,0.4722220681212386,2.361110340606191,2.8382053395840585
21,4.2,966.139344262295,476.5245901639344,962,470,10,15,160.13934426229503,17.50156767893935,280.4754098360656,38.224928086686965,280.4754098360656,38.224928086686965,0.8750783839469674,0.477811601083587,True,7,1,4,4,"fly (4,1)",0.20000000000000018,-0.7810097200058408,-6.94443638473814,6.988216717047242,34.94108358523618,34.72218192369067,281.79792355826015,35.61596776008201,35.53545280818002,38.40516845768452,4.732154265579669,4.8429918648286305,0.9502720924820866,4.751360462410428,4.85005546572953
22,4.4,965.8288288288288,465.6126126126126,962,459,9,15,159.82882882882882,17.46763156599222,291.3873873873874,39.71208005279556,291.3873873873874,39.71208005279556,0.873381578299611,0.4964010006599444,True,7,1,4,4,"fly (4,1)",0.20000000000000018,-0.31051543346620747,-10.911977551321797,10.916394730632067,54.58197365316029,54.55988775660894,291.1508469377322,46.89002151860194,46.76461689736029,39.67984285352398,7.43575983054295,6.373371979197313,1.4875391188343952,7.437695594171969,6.384371608616202
23,4.6,965.0854700854701,455.4102564102564,961,449,10,15,159.0854700854701,17.38639017327542,301.5897435897436,41.102520421089416,301.5897435897436,41.102520421089416,0.869319508663771,0.5137815052636177,True,7,1,4,4,"fly (4,1)",0.1999999999999993,-0.7433587433587263,-10.202356202356214,10.229401463481828,51.147007317409326,51.01178101178125,307.12807020771623,79.93857094537043,79.88611634992017,41.85731791587274,6.952201841469321,10.887375311743797,1.3928117538532365,6.964058769266208,10.891974382510474
24,4.8,965.0619469026549,428.5929203539823,961,422,9,15,159.06194690265488,17.383819333623485,328.4070796460177,44.757353273733244,328.4070796460177,44.757353273733244,0.8691909666811742,0.5594669159216655,True,7,1,4,4,"fly (4,1)",0.20000000000000018,-0.02352318281521093,-26.817336056274087,26.817346373108354,134.08673186554165,134.08668028137032,328.5333326129786,107.07510810964179,107.02631202631198,44.77455981096812,18.274164263219124,14.58620947547692,3.6548337568186517,18.27416878409324,14.590487869747411
25,5.0,964.7142857142858,401.3968253968254,961,394,9,17,158.71428571428578,17.345823575331778,355.6031746031746,48.46380573808171,355.6031746031746,48.46380573808171,0.867291178766589,0.6057975717260214,True,7,1,4,4,"fly (4,1)",0.20000000000000018,-0.3476611883691021,-27.1960949571569,27.1983170291949,135.99158514597437,135.9804747857844,354.71309550241887,130.91482167047326,130.89881444720143,48.34250023883052,18.532262321742312,17.83970213931194,3.7066472111765614,18.53323605588279,17.841105086335542
26,5.2,964.1129032258065,376.8709677419355,960,370,10,16,158.11290322580646,17.280098713202893,380.1290322580645,51.80634170467659,380.1290322580645,51.80634170467659,0.8640049356601446,0.6475792713084574,True,7,1,4,4,"fly (4,1)",0.20000000000000018,-0.6013824884793166,-24.525857654889933,24.53322959998077,122.66614799990374,122.62928827444955,375.9730857403171,106.34381507159412,106.29995118949076,51.23994354212158,16.712679832974388,14.4872165164553,3.3431820838061204,16.715910419030585,14.491061445211047
27,5.4,964.7482014388489,364.8129496402878,960,357,10,17,158.74820143884892,17.349530211896056,392.1870503597122,53.44968318360643,392.1870503597122,53.44968318360643,0.8674765105948029,0.6681210397950804,True,7,1,4,4,"fly (4,1)",0.20000000000000018,0.6352982130424607,-12.05801810164769,12.074742413780855,60.373712068904226,60.29009050823839,396.4115337120984,102.38334470971641,102.19223985890665,54.025421970984446,8.216707394649198,13.927392144314368,1.6448075721439563,8.224037860719774,13.944149997950595
28,5.6,966.8666666666667,340.0814814814815,963,332,9,18,160.86666666666667,17.581056466302368,416.9185185185185,56.820241024670324,416.9185185185185,56.820241024670324,0.8790528233151185,0.710253012808379,True,7,1,4,4,"fly (4,1)",0.1999999999999993,2.118465227817751,-24.731468158806308,24.822034812068154,124.11017406034121,123.65734079403198,417.7858899061889,107.18914070865911,106.8717809704528,56.93845177597124,16.85278920531952,14.565149024933946,3.378500342820273,16.892501714101424,14.592978466844926
29,5.8,969.0,312.74789915966386,965,305,9,17,163.0,17.814207650273225,444.25210084033614,60.54543111963695,444.25210084033614,60.54543111963695,0.8907103825136612,0.7568178889954619,True,7,1,4,4,"fly (4,1)",0.20000000000000018,2.1333333333333258,-27.33358232181763,27.41670719934639,137.08353599673183,136.66791160908804,445.25905891196794,137.78763665868954,137.36584502889502,60.68266560980825,18.62595047483312,18.721069169185014,3.7324791651427187,18.662395825713578,18.75805589573454
30,6.0,971.1967213114754,282.39344262295083,969,276,5,14,165.19672131147536,18.054286482128454,474.60655737704917,64.68232468511744,474.60655737704917,64.68232468511744,0.9027143241064227,0.808529058563968,True,7,1,4,4,"fly (4,1)",0.20000000000000018,2.1967213114753577,-30.35445653671303,30.43383998379913,152.1691999189955,151.772282683565,473.631046992002,142.15389719674462,141.8599404001702,64.54937608068171,20.684467827402404,19.333552354367313,4.143854029477728,20.71927014738862,19.359327101618785
31,6.2,972.0689655172414,254.9655172413793,971,250,3,11,166.0689655172414,18.1496137177313,502.0344827586207,68.42037243729072,502.0344827586207,68.42037243729072,0.907480685886565,0.8552546554661341,True,7,1,4,4,"fly (4,1)",0.20000000000000018,0.8722442057660373,-27.427925381571526,27.441791134901308,137.20895567450643,137.13962690785752,503.05983389137714,147.2993515608063,147.14393449687554,68.56011364788786,18.690238760866418,20.053687836030743,3.7392630663508344,18.696315331754157,20.067314284598776
32,6.4,972.0769230769231,224.46153846153845,971,220,3,10,166.0769230769231,18.150483396385038,532.5384615384615,72.5776438212554,532.5384615384615,72.5776438212554,0.9075241698192519,0.9072205477656926,True,7,1,4,4,"fly (4,1)",0.20000000000000018,0.007957559681699422,-30.50397877984085,30.5039798177834,152.51989908891687,152.5198938992041,528.9949030009883,129.70254415761752,129.67534554805528,72.09470569008356,20.7863569198234,17.672960210978562,4.157271474930714,20.78635737465355,17.67534410720375
33,6.6,971.7647058823529,204.58823529411765,970,200,4,11,165.76470588235293,18.116361298617807,552.4117647058823,75.28610081170457,552.4117647058823,75.28610081170457,0.9058180649308903,0.9410762601463072,True,7,1,4,4,"fly (4,1)",0.1999999999999993,-0.3122171945701666,-19.8733031674208,19.87575554188577,99.3787777094292,99.36651583710422,552.3303475236248,116.68205193751233,116.67722261318322,75.27500477323677,13.54228495224587,15.901495415766036,2.708671923040696,13.54335961520353,15.901918669367296
34,6.8,971.6326530612245,184.9591836734694,970,179,4,14,165.63265306122446,18.101929296308683,572.0408163265306,77.96126968675034,572.0408163265306,77.96126968675034,0.9050964648154342,0.9745158710843792,True,7,1,4,4,"fly (4,1)",0.20000000000000018,-0.13205282112846817,-19.629051620648255,19.629495802838186,98.14747901419084,98.14525810324133,567.1012149540667,73.860000890049,73.85433715220954,77.28807018113345,13.375844375228839,10.065327039483412,2.675207803648962,13.376039018244798,10.065823423047602
35,7.0,971.7021276595744,180.14893617021278,970,174,4,14,165.70212765957444,18.10952214858737,576.8510638297872,78.61684004494545,576.8510638297872,78.61684004494545,0.9054761074293686,0.9827105005618181,True,7,1,4,4,"fly (4,1)",0.20000000000000018,0.06947459834998426,-4.810247503256619,4.810749189305386,24.05374594652691,24.051237516283074,577.1351312232771,50.17126076734046,50.16958134605199,78.65555451083844,3.277851790975529,6.83742164852496,0.6556143271388951,3.278071635694473,6.837568835855752
36,7.2,971.6756756756756,174.48648648648648,970,170,4,11,165.67567567567562,18.106631221385314,582.5135135135135,79.38855380081955,582.5135135135135,79.38855380081955,0.9053315610692657,0.9923569225102445,True,7,1,4,4,"fly (4,1)",0.20000000000000018,-0.026451983898823528,-5.662449683726294,5.662511468260721,28.31255734130358,28.312248418631587,580.2024781620527,20.040970526658928,15.336734693877537,79.07359157234107,3.8585687793705112,2.090185307513127,0.7717191707255964,3.8585958536279783,2.7099189524857934
37,7.4,970.7857142857142,175.75714285714287,968,170,6,14,164.78571428571422,18.009367681498823,581.2428571428571,79.21538087125822,581.2428571428571,79.21538087125822,0.9004683840749411,0.9901922608907276,True,7,1,4,4,"fly (4,1)",0.20000000000000018,-0.8899613899613996,1.2706563706563827,1.5513216584292495,7.7566082921462405,-6.35328185328205,582.1706420706421,14.66858166606933,9.84081954294728,79.34182515443163,-0.8658646478066593,1.341167910452773,0.19861787362698524,0.9930893681349253,1.971820474370979
38,7.6,971.2666666666667,174.24444444444444,969,170,5,11,165.26666666666665,18.061930783242257,582.7555555555556,79.42154079121711,582.7555555555556,79.42154079121711,0.9030965391621129,0.9927692598902139,True,7,1,4,4,"fly (4,1)",0.1999999999999993,0.48095238095243076,-1.5126984126984269,1.5873158729516164,7.93657936475811,7.563492063492303,582.2335134526624,5.414833960963513,0.3143569101015102,79.3503936562402,1.0307995997944666,0.042842509042796045,0.21275524027000517,1.0637762013500296,0.7069747997192422
39,7.8,971.1702127659574,174.29787234042553,969,170,5,11,165.17021276595744,18.051389373328682,582.7021276595744,79.41425930624523,582.7021276595744,79.41425930624523,0.9025694686664342,0.9926782413280655,True,7,1,4,4,"fly (4,1)",0.20000000000000018,-0.09645390070920712,0.05342789598108766,0.11026284519722637,0.5513142259861313,-0.2671394799057223,582.7199369582348,2.829297863581433,2.4321175278621934,79.41668646790252,-0.036407424859419245,0.33146405831168246,0.012811765934553581,0.06405882967276785,0.37594501034093364
40,8.0,971.1702127659574,174.29787234042553,969,170,5,11,165.17021276595744,18.051389373328682,582.7021276595744,79.41425930624523,582.7021276595744,79.41425930624523,0.9025694686664342,0.9926782413280655,True,7,1,4,4,"fly (4,1)",0.20000000000000018,0.0,0.0,0.0,0.0,0.0,582.9105093488072,1.790476889411197,0.9528619528617847,79.44265885503334,0.0,0.12986193565408216,0.0,0.0,0.21636850307005787
41,8.2,970.4363636363637,173.6727272727273,967,170,7,10,164.4363636363637,17.971187282662697,583.3272727272727,79.49945795260956,583.3272727272727,79.49945795260956,0.898559364133135,0.9937432244076195,True,7,1,4,4,"fly (4,1)",0.1999999999999993,-0.7338491295937501,-0.6251450676982415,0.964023288449477,4.820116442247403,3.1257253384910766,583.3514667956157,2.899310445199992,2.204787234042553,79.5027552702713,0.42599323182166565,0.300482076189799,0.11700933590748003,0.5850466795374022,0.3650802585943265
42,8.4,970.775,172.975,968,170,6,8,164.77499999999998,18.008196721311474,584.025,79.59454855195911,584.025,79.59454855195911,0.9004098360655737,0.9949318568994889,True,7,1,4,4,"fly (4,1)",0.20000000000000107,0.338636363636283,-0.6977272727272918,0.7755629786705073,3.877814893352516,3.4886363636365827,583.7924242424242,2.899310445199992,2.204787234042553,79.56285168550926,0.47545299674773134,0.300482076189799,0.10203881924911531,0.5101940962455739,0.3650802585943265
43,8.6,970.775,172.975,968,170,6,8,164.77499999999998,18.008196721311474,584.025,79.59454855195911,584.025,79.59454855195911,0.9004098360655737,0.9949318568994889,True,7,1,4,4,"fly (4,1)",0.1999999999999993,0.0,0.0,0.0,0.0,0.0,583.7613475177305,2.6313273100985666,-0.1553836234684991,79.55861635676054,0.0,-0.02117664374357736,0.0,0.0,0.3515237156824494
44,8.8,970.9148936170213,173.7659574468085,968,170,6,10,164.91489361702133,18.023485641204516,583.2340425531916,79.48675196636341,583.2340425531916,79.48675196636341,0.9011742820602259,0.9935843995795427,True,7,1,4,4,"fly (4,1)",0.20000000000000107,0.13989361702135739,0.7909574468085054,0.8032334073886295,4.016167036943126,-3.95478723404208,583.0446808510638,3.6155550609208142,-3.5833333333332966,79.46094457936134,-0.5389829279784635,-0.4883588869960203,0.10887541016035472,0.5443770508017707,0.4911886920457961
45,9.0,971.0535714285714,175.125,969,170,5,12,165.05357142857144,18.03864168618267,581.875,79.3015332197615,581.875,79.3015332197615,0.9019320843091336,0.9912691652470187,True,7,1,4,4,"fly (4,1)",0.1999999999999993,0.13867781155011016,1.3590425531915002,1.3660996291638468,6.830498145819258,-6.795212765957809,582.4199953164726,4.0860784827089836,-3.1234276729558506,79.37580856101842,-0.9260937330095975,-0.4256800917145871,0.18583780506712216,0.9291890253356141,0.5548018134601478
46,9.2,971.1132075471698,174.8490566037736,969,170,5,12,165.11320754716985,18.04515929477266,582.1509433962265,79.33914049693036,582.1509433962265,79.33914049693036,0.9022579647386331,0.9917392562116294,True,7,1,4,4,"fly (4,1)",0.1999999999999993,0.05963611859840512,-0.27594339622640973,0.28231405307290036,1.4115702653645068,1.3797169811323378,581.2679070580015,7.113204852459525,-5.760441292356201,79.21879482902915,0.1880363858442997,-0.7850686599463309,0.03816787284861088,0.1908393642430551,0.9489997801963854
47,9.4,972.2222222222222,177.22222222222223,971,174,3,8,166.22222222222217,18.166363084395865,579.7777777777778,79.01571077039561,579.7777777777778,79.01571077039561,0.9083181542197933,0.9876963846299452,True,7,1,4,4,"fly (4,1)",0.20000000000000107,1.1090146750523218,2.3731656184486383,2.6195092292389646,13.097546146194754,-11.865828092243127,581.6685480836425,10.340277706693225,2.003205128205199,79.27339667238739,-1.6171486326736952,0.2730092167911675,0.34539419020209855,1.7269709510104836,1.3891172828242695
48,9.6,972.0769230769231,173.92307692307693,971,170,3,10,166.0769230769231,18.150483396385038,583.0769230769231,79.46533874983619,583.0769230769231,79.46533874983619,0.9075241698192519,0.9933167343729524,True,7,1,4,4,"fly (4,1)",0.1999999999999993,-0.14529914529907728,-3.2991452991452945,3.3023433417040597,16.511716708520357,16.495726495726387,581.4273504273505,14.804631427357585,2.314949201741629,79.2405247601159,2.248139897202898,0.3154956322646014,0.4499083066438516,2.249541533219266,1.9882562421148766
0,0.0,878.1953642384105,728.6456953642385,866,719,26,20,72.19536423841055,7.890203741902792,28.354304635761537,3.8643004614325775,28.354304635761537,3.8643004614325775,0.39451018709513963,0.04830375576790722,True,8,2,4,4,"fly (4,2)",,,,,,,33.141798782527246,33.5107359951429,23.937470733828548,4.516769851111039,,3.262346948392305,,,4.148714715195543
1,0.2,868.8148148148148,719.070707070707,858,709,23,21,62.81481481481478,6.865007083586315,37.929292929292956,5.1692392407895,37.929292929292956,5.1692392407895,0.34325035417931576,0.06461549050986876,True,8,2,4,4,"fly (4,2)",0.2,-9.380549423595767,-9.574988293531419,13.40429439805716,67.0214719902858,47.874941467657095,35.02981945697176,37.40201629875878,17.419260283498755,4.774081016282352,6.52469389678461,2.374004808654003,1.6594858860782171,8.297429430391086,4.41617077387856
2,0.4,859.8205128205128,718.1941391941392,849,709,23,19,53.82051282051282,5.882023259072439,38.80586080586079,5.288703346624979,38.80586080586079,5.288703346624979,0.29410116295362193,0.06610879183281225,True,8,2,4,4,"fly (4,2)",0.2,-8.994301994301964,-0.8765678765678331,9.036915381198106,45.18457690599053,4.382839382839165,39.21617985397514,64.66604370686294,20.931801985016893,5.3446241708995075,0.5973205291773986,2.8527157730857784,0.9902165782489186,4.951082891244593,7.4095402568622655
3,0.6,843.5984251968504,716.0866141732283,833,707,23,19,37.59842519685037,4.1091175078525,40.91338582677167,5.575929925284044,40.91338582677167,5.575929925284044,0.20545587539262497,0.06969912406605056,True,8,2,4,4,"fly (4,2)",0.19999999999999996,-16.222087623662446,-2.1075250209108845,16.358416444862495,81.7920822243125,10.537625104554424,40.66187405949464,48.37331742337713,7.228471027597531,5.541652342009492,1.4361328932953257,0.9851408555499189,1.7960216897902235,8.98010844895112,5.329716602676478
4,0.8,840.231441048035,714.7336244541485,831,706,20,18,34.23144104803498,3.7411410981458997,42.266375545851474,5.760323754119451,42.266375545851474,5.760323754119451,0.187057054907295,0.07200404692649315,True,8,2,4,4,"fly (4,2)",0.20000000000000007,-3.3669841488153907,-1.352989719079801,3.6286586279656756,18.143293139828373,6.7649485953990025,43.969179716800305,53.15225805983592,16.536528286528288,5.992392465662733,0.9219691441770325,2.2537006182662074,0.4115916935667446,2.057958467833722,6.018293164813898
5,1.0,830.2333333333333,708.2722222222222,823,700,16,17,24.23333333333335,2.648451730418945,48.72777777777776,6.640923717584704,48.72777777777776,6.640923717584704,0.13242258652094727,0.0830115464698088,True,8,2,4,4,"fly (4,2)",0.19999999999999996,-9.998107714701632,-6.461402231926286,11.904279763073376,59.521398815366894,32.307011159631436,48.227365528680174,35.313041348713334,21.290929059399375,6.572724433210246,4.402999817326264,2.901659837737563,1.4033625155313705,7.016812577656854,4.255395014821945
6,1.2,827.5177304964539,703.3120567375887,823,695,12,17,21.51773049645385,2.3516645351315684,53.687943262411295,7.316925827926582,53.687943262411295,7.316925827926582,0.11758322675657842,0.09146157284908227,True,8,2,4,4,"fly (4,2)",0.19999999999999996,-2.7156028368794978,-4.960165484633535,5.654886418188946,28.274432090944735,24.800827423167682,53.62484818986695,37.73653455278474,26.987413305933885,7.308326840186297,3.3800105517093924,3.678012034880258,0.7382827997950517,3.6914139989752597,4.699148825474237
7,1.4,825.7647058823529,698.5411764705882,823,692,8,14,19.764705882352928,2.160077145612342,58.4588235294118,7.967130975047605,58.4588235294118,7.967130975047605,0.1080038572806171,0.09958913718809506,True,8,2,4,4,"fly (4,2)",0.19999999999999996,-1.753024614100923,-4.770880267000507,5.08275455040852,25.413772752042608,23.85440133500254,55.52771014272889,24.8959689292557,9.51430976430971,7.567660666811434,3.2510257356051184,1.2966691331256837,0.6778439799581195,3.3892198997905982,3.300010277536149
8,1.6,826.9727272727273,702.5636363636364,823,696,10,15,20.972727272727298,2.292101341281672,54.43636363636358,7.418925197460113,54.43636363636358,7.418925197460113,0.11460506706408359,0.09273656496825142,True,8,2,4,4,"fly (4,2)",0.20000000000000018,1.2080213903743697,4.022459893048222,4.19994038895596,20.99970194477978,-20.11229946524109,57.23329155525846,23.292549640850297,8.52790706264785,7.800107878059074,-2.74102888793746,1.1622360562382088,0.5638793867685188,2.8193969338425915,3.109776285277191
9,1.8,828.6875,698.1953125,824,691,11,16,22.6875,2.4795081967213113,58.8046875,8.014267461669506,58.8046875,8.014267461669506,0.12397540983606557,0.10017834327086883,True,8,2,4,4,"fly (4,2)",0.19999999999999996,1.7147727272727025,-4.3683238636364194,4.692834845145701,23.464174225728513,21.8416193181821,59.71856176090167,27.81379942178955,12.426351028216052,8.138815912899716,2.976711321046968,1.693540174203208,0.6241424044396768,3.120712022198385,3.6967754692895602
10,2.0,831.8841463414634,691.0853658536586,827,683,12,18,25.884146341463406,2.8288684526189516,65.91463414634143,8.98325507956953,65.91463414634143,8.98325507956953,0.14144342263094759,0.11229068849461912,True,8,2,4,4,"fly (4,2)",0.19999999999999996,3.1966463414634063,-7.109946646341427,7.7955044189720715,38.97752209486037,35.549733231707144,67.03368069214964,39.73129301437039,36.57559465623989,9.135765682064688,4.844938089500116,4.984748845824856,1.0300434903655407,5.150217451827705,5.265380606258224
11,2.2,836.2741935483871,680.6182795698925,831,671,12,21,30.274193548387075,3.3086550326106092,76.38172043010752,10.409774504955028,76.38172043010752,10.409774504955028,0.16543275163053045,0.13012218131193787,True,8,2,4,4,"fly (4,2)",0.20000000000000018,4.3900472069236685,-10.467086283766093,11.35043654450447,56.7521827225223,52.33543141883042,76.67021343024491,51.20476833325741,48.18266369047632,10.449092119965234,7.132597126927485,6.566632189502733,1.5050424689497182,7.525212344748584,6.835091560776452
12,2.4,838.6402116402116,669.2857142857142,834,659,11,22,32.640211640211646,3.5672362448318737,87.71428571428578,11.954246775371145,87.71428571428578,11.954246775371145,0.1783618122415937,0.1494280846921393,True,8,2,4,4,"fly (4,2)",0.19999999999999973,2.3660180918245715,-11.332565284178258,11.5769200364779,57.884600182389576,56.66282642089137,90.77349864677053,77.01603117040679,70.51642608262813,12.37117528405731,7.722361352080595,9.610415820460394,1.5659689771506118,7.82984488575307,10.191001804751808
13,2.6,849.6581632653061,648.7755102040817,844,639,13,21,43.65816326530614,4.771383963421436,108.22448979591832,14.749504571845767,108.22448979591832,14.749504571845767,0.23856919817107183,0.18436880714807208,True,8,2,4,4,"fly (4,2)",0.20000000000000018,11.017951625094497,-20.510204081632537,23.282262121261724,116.41131060630852,102.5510204081626,106.80955816670105,88.13914299824762,80.18029759965263,14.55666891539367,13.9762889823731,10.927468156681789,3.0435896367507578,15.217948183753775,11.638733529889228
14,2.8,857.4242424242424,632.5101010101009,851,623,15,20,51.42424242424238,5.6201357840702055,124.48989898989907,16.966255398964098,124.48989898989907,16.966255398964098,0.28100678920351024,0.21207819248705123,True,8,2,4,4,"fly (4,2)",0.19999999999999973,7.766079158936236,-16.26540919398076,18.02430364120893,90.12151820604477,81.3270459699039,124.50650566364853,101.58344938467083,88.48473748473735,16.968518659441028,11.083754135591667,12.059248720236775,2.3736815040321657,11.868407520160844,13.236457986287368
15,3.0,868.3641025641026,616.1948717948718,861,607,16,20,62.36410256410261,6.815748914109575,140.8051282051282,19.189796007513213,140.8051282051282,19.189796007513213,0.34078744570547875,0.23987245009391517,True,8,2,4,4,"fly (4,2)",0.20000000000000018,10.93986013986023,-16.315229215229124,19.64350386833186,98.21751934165921,81.57614607614555,138.3653492010635,85.60938253204101,69.29421768707489,18.85728779571564,11.117703042745564,9.44384568137307,2.5246036509894987,12.623018254947482,10.941504614878882
16,3.2,878.6938775510204,607.1989795918367,871,599,17,18,72.69387755102036,7.944686071149767,149.80102040816325,20.41581198066961,149.80102040816325,20.41581198066961,0.39723430355748834,0.2551976497583701,True,8,2,4,4,"fly (4,2)",0.20000000000000018,10.329774986917755,-8.995892203035055,13.697822009683826,68.48911004841906,44.97946101517523,150.20204953776383,85.67244970176365,59.183501683501525,20.470466717242086,6.130079865781978,8.065894607632234,1.6666176139056665,8.333088069528324,10.554648110618967
17,3.4,893.6009852216748,597.0,885,589,19,17,87.60098522167482,9.57387816630326,160.0,21.80579216354344,160.0,21.80579216354344,0.47869390831516295,0.272572402044293,True,8,2,4,4,"fly (4,2)",0.19999999999999973,14.907107670654455,-10.198979591836746,18.062143943042514,90.31071971521268,50.9948979591838,161.65188652780697,93.85297530142846,57.24918495021577,22.030921502937918,6.949900914369165,7.802273928479152,2.1415676014762166,10.707838007381097,11.269282218330504
18,3.6,912.9175257731958,581.8453608247423,905,575,18,15,106.91752577319585,11.684975494338344,175.15463917525767,23.871160364600705,175.15463917525767,23.871160364600705,0.5842487747169172,0.2983895045575088,True,8,2,4,4,"fly (4,2)",0.20000000000000018,19.31654055152103,-15.154639175257671,24.55181922813075,122.75909614065364,75.77319587628828,173.81475222053214,102.35709730787208,60.814328463625905,23.688552261742032,10.326841005286314,8.288153794020568,2.953384115616422,14.766920578082097,12.234616907743819
19,3.8,928.0655737704918,570.7103825136612,919,565,20,13,122.06557377049182,13.340499865627521,186.28961748633878,25.388704257081947,186.28961748633878,25.388704257081947,0.6670249932813761,0.31735880321352433,True,8,2,4,4,"fly (4,2)",0.19999999999999973,15.148047997295976,-11.134978311081113,18.800295213549955,94.0014760677499,55.67489155540564,185.46104851682844,97.60467706291138,58.23148148148144,25.275781739942545,7.5877194624062225,7.936147391002579,2.2458184275536492,11.22909213776826,11.674325994001444
20,4.0,940.5777777777778,562.0611111111111,932,556,19,13,134.57777777777778,14.70795385549484,194.93888888888887,26.56748059814499,194.93888888888887,26.56748059814499,0.735397692774742,0.3320935074768124,True,8,2,4,4,"fly (4,2)",0.20000000000000018,12.512204007285959,-8.649271402550085,15.210691796066131,76.05345898033059,43.24635701275039,196.60082362408968,88.64949184570906,55.69887553630621,26.793979369552257,5.893881705315204,7.590988148048538,1.8053930532307971,9.026965266153978,10.705189886127114
21,4.2,954.0650887573964,548.4260355029586,946,542,18,13,148.06508875739644,16.18197691337666,208.5739644970414,28.42575325342983,208.5739644970414,28.42575325342983,0.8090988456688329,0.3553219156678729,True,8,2,4,4,"fly (4,2)",0.20000000000000018,13.487310979618655,-13.635075608152533,19.178708097809356,95.8935404890467,68.17537804076261,207.96627276607035,79.22217715460128,56.82724570990326,28.342933256023215,9.291363276424187,7.744769432354789,2.371902450891823,11.859512254459105,9.843376999952778
22,4.4,959.8304093567251,536.6140350877192,953,529,16,16,153.8304093567251,16.8120665963634,220.38596491228077,30.035565916494825,220.38596491228077,30.035565916494825,0.84060332981817,0.3754445739561853,True,8,2,4,4,"fly (4,2)",0.20000000000000018,5.765320599328675,-11.812000415239368,13.143906398885322,65.71953199442656,59.06000207619679,217.74313016238884,60.512859492379654,48.88428698159239,29.675384008502736,8.049063315324975,6.662253762397604,1.7287306958490525,8.643653479245256,7.731409522251471
23,4.6,960.7245508982036,532.7305389221557,954,525,15,16,154.72455089820357,16.90978698341023,224.2694610778443,30.564832855583553,224.2694610778443,30.564832855583553,0.8454893491705113,0.3820604106947944,True,8,2,4,4,"fly (4,2)",0.1999999999999993,0.8941415414784615,-3.8834961655635425,3.9851011987331284,19.925505993665713,19.41748082781778,226.69764199670837,48.267723890683385,44.77255917159764,30.89576040841,2.646334695443651,6.101881999536311,0.538212566610009,2.691062833050055,6.412906801945578
24,4.8,964.63125,521.5625,959,514,13,17,158.63125000000002,17.336748633879782,235.4375,32.08688245315162,235.4375,32.08688245315162,0.8668374316939892,0.40108603066439524,True,8,2,4,4,"fly (4,2)",0.20000000000000018,3.9066991017964483,-11.168038922155688,11.831626736791588,59.158133683957885,55.84019461077839,234.4811626746507,40.35317715547122,38.91760338971171,31.956546872184088,7.61024798784031,5.303932318870428,1.5808008187082867,7.904004093541427,5.430833856414705
25,5.0,965.8982035928144,513.2634730538922,960,505,13,18,159.8982035928144,17.47521350741141,243.7365269461078,33.21792530781708,243.7365269461078,33.21792530781708,0.8737606753705706,0.41522406634771347,True,8,2,4,4,"fly (4,2)",0.20000000000000018,1.2669535928143887,-8.299026946107801,8.395178357758022,41.97589178879007,41.49513473053897,245.4666847811227,56.533948105287514,54.92761053235989,33.45372194631996,5.655214273327326,7.485875370679366,1.1394869285305282,5.697434642652636,7.627754318254991
26,5.2,968.2534246575342,499.7739726027397,963,492,11,17,162.2534246575342,17.732614716670405,257.2260273972603,35.05635807799118,257.2260273972603,35.05635807799118,0.8866307358335203,0.43820447597488976,True,8,2,4,4,"fly (4,2)",0.20000000000000018,2.3552210647197853,-13.48950045115248,13.693563768622935,68.46781884311461,67.44750225576234,255.72625685319477,51.9531371045157,51.29786036036027,34.851960048135574,9.192163850870463,6.991190509078066,1.856364843714184,9.281824218570911,7.048752842307963
27,5.4,969.5495495495495,490.7837837837838,965,483,9,16,163.5495495495495,17.874267710333278,266.2162162162162,36.28159675859846,266.2162162162162,36.28159675859846,0.893713385516664,0.45351995948248075,True,8,2,4,4,"fly (4,2)",0.20000000000000018,1.296124892015314,-8.990188818955914,9.083140136328495,45.415700681642434,44.95094409477953,266.9010377262313,56.57047620979201,55.873904365182646,36.37492848057666,6.126193403036412,7.614842162205464,1.2333999331400707,6.166999665700348,7.676029076906232
28,5.6,971.1884057971015,479.7391304347826,969,472,5,16,165.1884057971015,18.05337768274333,277.2608695652174,37.78683060514036,277.2608695652174,37.78683060514036,0.9026688841371666,0.47233538256425445,True,8,2,4,4,"fly (4,2)",0.1999999999999993,1.6388562475519848,-11.04465334900118,11.16558182092376,55.827909104619,55.2232667450061,275.5692850040676,43.69775402892328,43.34123638918161,37.55629097159354,7.526169232709519,5.906812455084378,1.5158526692894825,7.57926334644744,5.938117078649893
29,5.8,971.1692307692308,473.7692307692308,969,467,5,15,165.1692307692308,18.051282051282055,283.2307692307692,38.6004455510418,283.2307692307692,38.6004455510418,0.9025641025641028,0.4825055693880225,True,8,2,4,4,"fly (4,2)",0.20000000000000018,-0.0191750278706877,-5.96989966555185,5.969930460101686,29.849652300508406,29.849498327759225,286.9780872489354,57.24561596404112,57.04401122433914,39.111153287759514,4.068074729507206,7.774311580829859,0.8136176447603799,4.068088223801896,7.792014639376437
30,6.0,971.1803278688525,456.55737704918033,969,450,5,14,165.1803278688525,18.052494849054916,300.44262295081967,40.946183707096374,300.44262295081967,40.946183707096374,0.9026247424527458,0.5118272963387047,True,8,2,4,4,"fly (4,2)",0.20000000000000018,0.011097099621679263,-17.211853720050442,17.211857297399206,86.05928648699596,86.05926860025214,300.51204575987606,67.67706170421452,67.66979255470302,40.95564507800696,11.728690780272853,9.222458951237208,2.345738469575998,11.72869234787998,9.2230960527378
31,6.2,971.5686274509803,439.1372549019608,970,433,4,14,165.56862745098033,18.094931961855774,317.8627450980392,43.32030597588269,317.8627450980392,43.32030597588269,0.9047465980927887,0.5415038246985336,True,8,2,4,4,"fly (4,2)",0.20000000000000018,0.38829958212784277,-17.42012214721956,17.424449265027864,87.12224632513924,87.10061073609772,315.95751074265445,77.2489054310055,77.22732491389196,43.060648823530414,11.870611343931568,10.52501872761731,2.3745015173063075,11.872507586531528,10.526910252967077
32,6.4,971.1194029850747,427.43283582089555,969,421,5,15,165.11940298507466,18.045836391811438,329.56716417910445,44.91545678761219,329.56716417910445,44.91545678761219,0.9022918195905719,0.5614432098451524,True,8,2,4,4,"fly (4,2)",0.20000000000000018,-0.44922446590567233,-11.704419081065225,11.713036696176273,58.56518348088131,58.52209540532608,326.8734618225399,54.96779979495878,54.57975539942752,44.548342326751616,7.97575405864751,7.43846751610597,1.5959061648979467,7.979530824489727,7.472810915823984
33,6.6,969.8380952380952,423.8095238095238,966,417,8,15,163.8380952380952,17.90580275826177,333.1904761904762,45.40926421675996,333.1904761904762,45.40926421675996,0.8952901379130885,0.5676158027094995,True,8,2,4,4,"fly (4,2)",0.1999999999999993,-1.2813077469794507,-3.623312011371752,3.8431939157711477,19.215969578855805,18.116560056858823,332.478497572858,29.54735338716789,28.025178751590065,45.31223135575578,2.4690371457388327,3.819445145020796,0.513278867290138,2.5663943364506996,3.959480837163848
34,6.8,968.255033557047,422.32214765100673,963,415,11,16,162.255033557047,17.732790552682733,334.67785234899327,45.61197306289517,334.67785234899327,45.61197306289517,0.8866395276341366,0.5701496632861895,True,8,2,4,4,"fly (4,2)",0.20000000000000018,-1.583061681048207,-1.4873761585170655,2.172181420353318,10.86090710176658,7.436880792585321,334.3992694360852,14.87069577578084,9.603859316136065,45.57400605602524,1.0135442306760458,1.3088735013473278,0.2665034701102245,1.3325173505511214,1.8364861523097862
35,7.0,965.4219653179191,421.6705202312139,959,414,14,17,159.4219653179191,17.42316560851575,335.3294797687861,45.70078088842059,335.3294797687861,45.70078088842059,0.8711582804257875,0.5712597611052573,True,8,2,4,4,"fly (4,2)",0.20000000000000018,-2.833068239127897,-0.6516274197928169,2.9070421293440325,14.535210646720149,3.2581370989640814,334.5897456265614,18.55062829601015,0.9523809523809152,45.5999653324104,0.4440391276271068,0.1297963819258515,0.3221093539855086,1.6105467699275415,2.103575715587672
36,7.2,959.577380952381,423.23809523809524,952,417,16,14,153.57738095238096,16.78441321883945,333.76190476190476,45.48714204591547,333.76190476190476,45.48714204591547,0.8392206609419725,0.5685892755739433,True,8,2,4,4,"fly (4,2)",0.20000000000000018,-5.8445843655381395,1.5675750068813272,6.051153427908752,30.255767139543735,-7.837875034406629,334.90834929900916,31.778025444905523,1.5930183622389302,45.643386616560015,-1.0681942125255963,0.21710642074805656,0.6735326052568719,3.3676630262843563,3.518119650896239
37,7.4,949.6435643564356,421.36633663366337,941,414,18,17,143.6435643564356,15.698750202889137,335.63366336633663,45.742236915344,335.63366336633663,45.742236915344,0.7849375101444569,0.5717779614418,True,8,2,4,4,"fly (4,2)",0.20000000000000018,-9.933816595945359,-1.871758604431875,10.108619709690547,50.54309854845269,9.358793022159366,335.5236411928261,45.55336844524115,3.0764594690847953,45.72724241128805,1.275474347142661,0.4192789736401779,1.115229831295366,5.576149156476824,5.0270147665636395
38,7.6,938.5781990521327,419.82464454976304,929,413,20,16,132.57819905213273,14.489420661435272,337.17535545023696,45.952348272604695,337.17535545023696,45.952348272604695,0.7244710330717635,0.5744043534075587,True,8,2,4,4,"fly (4,2)",0.1999999999999993,-11.065365304302873,-1.5416920839003296,11.172247929545367,55.86123964772703,7.708460419501676,338.8384802783074,62.12685993619678,16.574195427406444,46.17900923724803,1.0505567863034708,2.2588341297998573,1.2274464233859441,6.137232116929742,6.949809167426326
39,7.8,923.9770642201835,413.29357798165137,914,406,21,16,117.97706422018348,12.893668220785079,343.70642201834863,46.842442523795384,343.70642201834863,46.842442523795384,0.644683411039254,0.5855305315474423,True,8,2,4,4,"fly (4,2)",0.20000000000000018,-14.601134831949253,-6.531066568111669,15.995248322482137,79.97624161241062,32.655332840558316,344.09449562343167,71.6347725331055,26.280076725621274,46.89533160114912,4.450471255953442,3.581611819505459,1.8272092457744846,9.136046228872415,8.154948848068084
40,8.0,910.1623931623932,405.5982905982906,899,398,23,17,104.16239316239319,11.383868105179584,351.4017094017094,47.89120400704728,351.4017094017094,47.89120400704728,0.5691934052589792,0.598640050088091,True,8,2,4,4,"fly (4,2)",0.20000000000000018,-13.814671057790292,-7.695287383360778,15.813367267835789,79.06683633917888,38.476436916803856,350.21466546632035,68.17599406614671,30.60084921444333,47.72942629864673,5.243807416259467,4.1704734874880245,1.8383136396804218,9.1915681984021,7.858613151866873
41,8.2,902.0590717299579,401.46413502109704,891,394,23,17,96.05907172995785,10.498259205459874,355.53586497890296,48.45463236509751,355.53586497890296,48.45463236509751,0.5249129602729937,0.6056829045637189,True,8,2,4,4,"fly (4,2)",0.1999999999999993,-8.103321432435337,-4.134155577193553,9.096980849370105,45.48490424685069,20.67077788596784,354.19106730365894,41.74743115620972,19.882009186692834,48.27135499879508,2.8171417902511666,2.7096435007417825,1.0496450056652176,5.2482250283261065,4.841832700385762
42,8.4,901.9635627530364,401.36437246963567,891,393,23,18,95.9635627530364,10.487821065905617,355.63562753036433,48.46822862424045,355.63562753036433,48.46822862424045,0.5243910532952809,0.6058528578030057,True,8,2,4,4,"fly (4,2)",0.20000000000000107,-0.095508976921451,-0.09976255146136737,0.13811057651991837,0.6905528825995881,0.49881275730683416,356.3849187025312,19.83959045630601,10.969256994361587,48.57034667155451,0.06798129571471598,1.4949583637971553,0.017140974885816968,0.08570487442908438,2.3591699210192965
43,8.6,900.6945606694561,399.01673640167365,890,391,22,17,94.69456066945611,10.34913231360176,357.98326359832635,48.78817902532557,357.98326359832635,48.78817902532557,0.517456615680088,0.6098522378165696,True,8,2,4,4,"fly (4,2)",0.1999999999999993,-1.2690020835802898,-2.3476360679620143,2.6686628478935406,13.34331423946775,11.738180339810112,358.76283155097326,13.691248226320846,11.889564242210099,48.894423380030425,1.5997520054255845,1.6203835423795665,0.3487159720605395,1.7435798603027037,1.782274613310969
44,8.8,897.9955947136564,394.33039647577095,888,386,21,18,91.99559471365637,10.054163356683757,362.66960352422905,49.42686249052525,362.66960352422905,49.42686249052525,0.5027081678341878,0.6178357811315657,True,8,2,4,4,"fly (4,2)",0.20000000000000107,-2.6989659557997356,-4.6863399259027005,5.407975511379069,27.039877556895203,23.43169962951338,361.58400168453,16.17871859288535,14.105850667783548,49.27890993997001,3.193417325998401,1.922432799697929,0.7035078210402286,3.517539105201124,2.1084595594385545
45,9.0,897.2112068965517,392.9008620689655,887,385,22,17,91.21120689655174,9.968437912191447,364.0991379310345,49.62168830405921,364.0991379310345,49.62168830405921,0.4984218956095724,0.6202711038007401,True,8,2,4,4,"fly (4,2)",0.1999999999999993,-0.7843878171046299,-1.4295344068054305,1.6305927964586133,8.152963982293096,7.147672034027178,364.00516490067224,16.77430068070407,12.105816080711485,49.6088810767526,0.9741290676698035,1.6498556839129777,0.21285194256236756,1.0642597128118416,2.1000317279267002
46,9.2,894.4112554112554,391.75324675324674,884,384,22,17,88.41125541125541,9.662432285383105,365.24675324675326,49.77809243567336,365.24675324675326,49.77809243567336,0.48312161426915523,0.622226155445917,True,8,2,4,4,"fly (4,2)",0.1999999999999993,-2.799951485296333,-1.147615315718781,3.026012100584771,15.130060502923909,5.738076578593925,367.7563227002882,22.564620975892563,18.755788998079694,50.12011212269686,0.7820206580707306,2.5561552297212518,0.34365927315342704,1.7182963657671413,2.928483266730442
47,9.4,892.5101214574898,383.0769230769231,885,373,16,22,86.51012145748984,9.454658082785775,373.9230769230769,50.96055562835801,373.9230769230769,50.96055562835801,0.47273290413928876,0.6370069453544751,True,8,2,4,4,"fly (4,2)",0.20000000000000107,-1.9011339537655658,-8.676323676323648,8.882167688492185,44.41083844246069,43.381618381618004,375.5149433899434,42.30015296595198,38.793103448275865,51.1775050616618,5.9123159634232225,5.286964694824655,1.2005787443224762,6.002893721612349,5.632169694904607
48,9.6,891.7765151515151,369.625,885,358,15,25,85.77651515151513,9.374482530220233,387.375,52.793867120954005,387.375,52.793867120954005,0.46872412651101164,0.659923339011925,True,8,2,4,4,"fly (4,2)",0.1999999999999993,-0.7336063059747175,-13.451923076923094,13.47191199049422,67.35955995247134,67.25961538461571,388.2428015973098,66.8158475243215,63.6392910368319,52.912136503892306,9.166557462980013,8.673157211152558,1.8350637994668604,9.175318997334335,8.95597090981152
49,9.8,884.2418032786885,353.5696721311475,877,343,16,23,78.24180327868851,8.551016751769236,403.4303278688525,54.981986762364905,403.4303278688525,54.981986762364905,0.4275508375884618,0.6872748345295613,True,8,2,4,4,"fly (4,2)",0.20000000000000107,-7.53471187282662,-16.055327868852487,17.73542883560659,88.67714417803248,80.27663934426201,395.4026639344262,78.0183520652519,73.76812736443884,53.88792694165946,10.94059820705444,10.053577835017226,2.337940002097588,11.689700010487877,10.432509503911104
0,0.0,971.4146341463414,721.219512195122,969,717,5,11,165.41463414634143,18.07810209249633,35.78048780487802,4.876386753646067,35.78048780487802,4.876386753646067,0.9039051046248165,0.060954834420575844,True,9,3,4,4,"fly (4,3)",,,,,,,35.95434646654155,0.8803598300960599,0.8692933083176513,4.900081290158985,,0.11847268256458765,,,0.11944474611243959
1,0.2,971.3589743589744,720.8717948717949,969,717,5,10,165.35897435897436,18.072019055625614,36.12820512820508,4.9237758266719025,36.12820512820508,4.9237758266719025,0.9036009527812807,0.06154719783339878,True,9,3,4,4,"fly (4,3)",0.2,-0.05565978736706256,-0.3477173233270605,0.352143932038424,1.7607196601921198,1.7385866166353026,36.07767241913583,1.1699396503823911,0.9063941990772643,4.9168889157254965,0.2369453651291753,0.12352902202075189,0.04777789844497584,0.23888949222487918,0.1486841164129315
2,0.4,971.6486486486486,720.6756756756756,970,716,4,11,165.64864864864865,18.10367744793974,36.32432432432438,4.950504166858519,36.32432432432438,4.950504166858519,0.9051838723969872,0.061881302085731484,True,9,3,4,4,"fly (4,3)",0.2,0.28967428967428077,-0.19611919611929807,0.3498198581910107,1.7490992909550533,0.9805959805964903,34.504752615863744,10.325114417448379,-7.864599016360408,4.702521651225042,0.13364170093308037,-1.0718363225022705,0.041432571402783065,0.20716285701391532,1.3779753736728007
3,0.6,970.0740740740741,725.9382716049382,966,721,8,13,164.07407407407413,17.93159279498078,31.061728395061778,4.233284960144705,31.061728395061778,4.233284960144705,0.896579639749039,0.052916062001808824,True,9,3,4,4,"fly (4,3)",0.19999999999999996,-1.5745745745745126,5.262595929262602,5.493104860239591,27.465524301197963,-26.312979646313018,33.76201757312871,17.136424970961944,-3.713675213675178,4.601297113884662,-3.586096033569067,-0.5061226867018995,0.7375747543559213,3.6878737717796075,2.1939484516789656
4,0.8,966.661111111111,723.1,960,715,14,18,160.66111111111104,17.5585913782635,33.89999999999998,4.620102214650763,33.89999999999998,4.620102214650763,0.8779295689131751,0.057751277683134546,True,9,3,4,4,"fly (4,3)",0.20000000000000007,-3.4129629629630927,-2.8382716049381997,4.438930264146563,22.19465132073281,14.191358024690993,37.02095066352248,46.65726673089822,16.294665451968815,5.045444724159792,1.934086272530288,2.220738051375647,0.5373617452486751,2.6868087262433744,5.808084421752888
5,1.0,953.3426966292135,710.8988764044943,946,703,17,17,147.3426966292135,16.103026954012403,46.10112359550567,6.282946997683907,46.10112359550567,6.282946997683907,0.8051513477006201,0.07853683747104884,True,9,3,4,4,"fly (4,3)",0.19999999999999996,-13.318414481897548,-12.201123595505692,18.062324914152775,90.3116245707639,61.00561797752847,44.758784317767926,72.1274624177036,38.68916827122727,6.100004677038219,8.314223915165721,5.272799764392134,2.209914153447136,11.049570767235682,8.522217349393204
6,1.2,934.243119266055,702.7247706422019,925,694,20,18,128.24311926605503,14.01564144984208,54.27522935779814,7.396964818779985,54.27522935779814,7.396964818779985,0.700782072492104,0.09246206023474982,True,9,3,4,4,"fly (4,3)",0.19999999999999996,-19.09957736315846,-8.17410576229247,20.775222272322818,103.87611136161411,40.87052881146236,54.73064224126521,96.91196462832234,49.85928961748642,7.459031310564253,5.57008910548039,6.795133167630176,2.3660545109401103,11.830272554700555,11.374565111174133
7,1.4,917.4549180327868,693.1844262295082,907,685,22,18,111.45491803278685,12.180865358774518,63.815573770491824,8.697182115228868,63.815573770491824,8.697182115228868,0.609043267938726,0.10871477644036086,True,9,3,4,4,"fly (4,3)",0.19999999999999996,-16.788201233268182,-9.540344412693685,19.3096315905178,96.54815795258902,47.70172206346843,65.73747491663721,118.2487163196697,55.034163376859986,8.959110721177131,6.501086482244418,7.500397053064394,2.2487704023172324,11.243852011586164,13.684740597133711
8,1.6,890.6531531531532,677.8783783783783,881,670,20,18,84.6531531531532,9.251710727120567,79.12162162162167,10.783185229522545,79.12162162162167,10.783185229522545,0.4625855363560284,0.1347898153690318,True,9,3,4,4,"fly (4,3)",0.20000000000000018,-26.80176487963365,-15.306047851129847,30.864375928961216,154.32187964480593,76.53023925564916,78.29108948382475,127.58489003670354,62.768072835937666,10.6699951596354,10.430015571468374,8.554422192291335,3.596019445022887,17.98009722511442,14.850883779242613
9,1.8,867.5981735159818,665.0639269406392,858,657,20,18,61.598173515981784,6.732040821418774,91.93607305936075,12.529618134154788,91.93607305936075,12.529618134154788,0.3366020410709387,0.15662022667693484,True,9,3,4,4,"fly (4,3)",0.19999999999999996,-23.054979637171414,-12.81445143773908,26.37692650254312,131.88463251271563,64.07225718869542,91.04093698668407,123.61255429561602,63.74923751429662,12.407623439411799,8.732164523161218,8.688141398881994,3.0657404202054512,15.32870210102726,14.478572189232152
10,2.0,854.0372093023256,654.9348837209302,846,646,17,19,48.03720930232555,5.249968229762355,102.0651162790698,13.910066954558065,102.0651162790698,13.910066954558065,0.26249841148811776,0.1738758369319758,True,9,3,4,4,"fly (4,3)",0.19999999999999996,-13.560964213656234,-10.129043219709047,16.92623014586529,84.63115072932646,50.64521609854525,102.8986265346391,95.60851092821395,59.28844773977516,14.023662900802606,6.902244102016388,8.080197306954025,2.025383448310955,10.126917241554779,11.567102784668938
11,2.2,847.8539823008849,642.3053097345132,842,632,14,22,41.85398230088492,4.574205715943707,114.69469026548677,15.63130361369496,114.69469026548677,15.63130361369496,0.22871028579718536,0.195391295171187,True,9,3,4,4,"fly (4,3)",0.20000000000000018,-6.183227001440628,-12.629573986416972,14.061949908519967,70.30974954259977,63.1478699320848,117.31401651173694,86.10145813490088,72.07694988548917,15.988281637033994,8.60618329568447,9.823093681156955,1.8491378022849567,9.245689011424776,11.138239973478292
12,2.4,845.0934579439253,621.8177570093458,840,612,12,22,39.09345794392527,4.272509064909866,135.18224299065423,18.42347434284896,135.18224299065423,18.42347434284896,0.21362545324549329,0.23029342928561197,True,9,3,4,4,"fly (4,3)",0.19999999999999973,-2.7605243569596496,-20.48755272516746,20.67269482655525,103.36347413277639,102.43776362583745,135.5614083076026,95.08871136488568,91.23695897932824,18.475149343455204,13.960853645770008,12.434338532106063,2.8084227334910614,14.042113667455325,12.776464791990646
13,2.6,839.5729166666666,600.1927083333333,835,591,11,21,33.57291666666663,3.6691712204007243,156.80729166666674,21.370670073821703,156.80729166666674,21.370670073821703,0.18345856102003621,0.26713337592277125,True,9,3,4,4,"fly (4,3)",0.20000000000000018,-5.520541277258644,-21.62504867601251,22.3185820838562,111.5929104192809,108.12524338006246,154.999747798395,98.93050526500797,97.1916974539621,21.12432678683407,14.73597865486371,13.245887216894323,3.0083183394183712,15.041591697091842,13.398932328119779
14,2.8,841.8883495145631,583.990291262136,835,575,14,20,35.88834951456306,3.9222239906626295,173.009708737864,23.57883594383155,173.009708737864,23.57883594383155,0.19611119953313147,0.29473544929789436,True,9,3,4,4,"fly (4,3)",0.19999999999999973,2.3154328478964317,-16.20241707119726,16.3670262485933,81.83513124296661,81.01208535598641,174.89651647471285,101.8327102211182,99.48384338158932,23.835981802345874,11.040829350049247,13.558275077559024,2.2226183239624313,11.113091619812172,13.765099281783002
15,3.0,846.8284313725491,562.1274509803922,840,553,15,20,40.82843137254906,4.462123647273121,194.87254901960785,26.558439389384375,194.87254901960785,26.558439389384375,0.22310618236365606,0.3319804923673047,True,9,3,4,4,"fly (4,3)",0.20000000000000018,4.9400818579860015,-21.862840281743843,22.41401780022144,112.0700890011071,109.31420140871911,192.30931434555325,89.89237402524502,87.06398935420185,26.209105873329236,14.898017227764116,11.865620354916778,3.028122905689001,15.14061452844499,12.115596802779173
16,3.2,852.1928934010152,547.9543147208121,846,539,14,20,46.192893401015226,5.048403650384178,209.04568527918786,28.49004228677177,209.04568527918786,28.49004228677177,0.2524201825192089,0.35612552858464713,True,9,3,4,4,"fly (4,3)",0.20000000000000018,5.364462028466164,-14.17313625958002,15.154380366332278,75.77190183166132,70.86568129790004,209.18146750769827,90.4977371456227,84.3607658107252,28.50854753086178,9.658014486936972,11.497208287662723,2.018616852016074,10.09308426008036,12.044647654144965
17,3.4,860.3971962616822,533.3738317757009,853,524,16,20,54.39719626168221,5.945048771768548,223.62616822429914,30.477160916429185,223.62616822429914,30.477160916429185,0.29725243858842737,0.3809645114553648,True,9,3,4,4,"fly (4,3)",0.19999999999999973,8.204302860666985,-14.580482945111271,16.730244120819908,83.65122060409965,72.90241472555645,224.97278837713134,94.61693876779971,78.95660434716527,30.66068666127855,9.935593148287078,10.760695652083852,2.180048834781906,10.900244173909545,12.187394664724765
18,3.6,876.9069767441861,514.753488372093,868,506,18,19,70.90697674418607,7.749396365484816,242.246511627907,33.01485678063469,242.246511627907,33.01485678063469,0.3874698182742408,0.41268570975793356,True,9,3,4,4,"fly (4,3)",0.20000000000000018,16.509780482503857,-18.620343403607876,24.88553877352766,124.42769386763818,93.1017170180393,242.0038119443558,105.58628211758283,85.1551178361223,32.981780162774214,12.688479321027504,11.605467507478338,3.1137711120368823,15.568855560184398,13.467464934717066
19,3.8,889.2488038277512,496.8612440191388,881,488,17,19,83.2488038277512,9.098229926530186,260.1387559808612,35.45332279125877,260.1387559808612,35.45332279125877,0.4549114963265093,0.4431665348907346,True,9,3,4,4,"fly (4,3)",0.19999999999999973,12.341827083565136,-17.892244352954208,21.735986376202106,108.67993188101067,89.46122176477115,259.1333005850366,106.26367507619682,85.64744320340384,35.31629309506461,12.19233005312043,11.672564661451972,2.7866590140114496,13.933295070057266,13.551392732766923
20,4.0,897.7560975609756,481.98536585365855,890,473,16,19,91.7560975609756,10.027988804478207,275.01463414634145,37.48069971330037,275.01463414634145,37.48069971330037,0.5013994402239104,0.4685087464162546,True,9,3,4,4,"fly (4,3)",0.20000000000000018,8.507293733224401,-14.87587816548023,17.13667989598833,85.68339947994157,74.37939082740108,276.3135062800247,98.62650126647749,85.9010284749404,37.65771806201358,10.136884610207977,11.707124834744851,2.230405513611824,11.15202756805911,12.852510058663908
21,4.2,905.490099009901,463.21287128712873,898,455,16,18,99.49009900990097,10.873234864470051,293.78712871287127,40.0391316814816,293.78712871287127,40.0391316814816,0.5436617432235026,0.50048914601852,True,9,3,4,4,"fly (4,3)",0.20000000000000018,7.734001448925369,-18.772494566529815,20.30323448769607,101.51617243848025,93.86247283264899,292.85660136544203,91.56785679885718,82.71547542708686,39.912313644353254,12.792159840906148,11.272977911698378,2.694441507575072,13.472207537875349,12.063597541011353
22,4.4,912.6237113402062,447.2319587628866,906,439,15,18,106.62371134020623,11.652864627344943,309.7680412371134,42.2171095382778,309.7680412371134,42.2171095382778,0.5826432313672472,0.5277138692284725,True,9,3,4,4,"fly (4,3)",0.20000000000000018,7.1336123303052545,-15.980912524242115,17.500799695629958,87.50399847814971,79.9045626212105,308.64083896292004,85.41178777944744,78.92118798739007,42.06348742254446,10.889889283981011,10.755868890956052,2.313311503419923,11.566557517099605,11.332761552280894
23,4.6,917.3112244897959,434.6326530612245,911,426,14,19,111.3112244897959,12.165161146425781,322.3673469387755,43.934221047874,322.3673469387755,43.934221047874,0.6082580573212891,0.549177763098425,True,9,3,4,4,"fly (4,3)",0.1999999999999993,4.687513149589677,-12.599305701662104,13.44303848434242,67.21519242171235,62.99652850831074,323.01676059763673,78.29619309588821,71.87960817358338,44.022727168332096,8.585557547980999,9.796198728938117,1.7919039203735403,8.959519601867733,10.367226734896988
24,4.8,924.0531914893617,420.0851063829787,917,412,15,18,118.05319148936167,12.901988140913843,336.9148936170213,45.91685091884447,336.9148936170213,45.91685091884447,0.6450994070456921,0.5739606364855558,True,9,3,4,4,"fly (4,3)",0.20000000000000018,6.741966999565761,-14.547546678245794,16.033877677560536,80.16938838780261,72.7377333912289,338.31464403269507,81.12419149379448,76.48941717529199,46.10761758537583,9.913149354852342,10.42445208521867,2.115120617144728,10.57560308572363,10.836049802567493
25,5.0,928.1890547263681,401.33830845771143,923,392,12,20,122.18905472636811,13.35399505206209,355.66169154228857,48.471780789409,355.66169154228857,48.471780789409,0.6676997526031044,0.6058972598676126,True,9,3,4,4,"fly (4,3)",0.20000000000000018,4.135863237006447,-18.746797925267288,19.197598734373717,95.9879936718685,93.73398962633635,356.3783202646093,93.75601565009599,90.31838115957044,48.56944739551744,12.774649352822667,12.309149050708067,2.594605344022226,12.973026720111118,12.614436357560592
26,5.2,930.4822335025381,380.4416243654822,925,371,13,20,124.48223350253807,13.604615683337494,376.5583756345178,51.319710478298845,376.5583756345178,51.319710478298845,0.6802307841668747,0.6414963809787356,True,9,3,4,4,"fly (4,3)",0.20000000000000018,2.2931787761699525,-20.896684092229236,21.022132978123384,105.11066489061683,104.48342046114608,375.32375444968505,95.80470645789006,94.7271709253791,51.151448647316535,14.239648444449196,12.910006258995459,2.8589358533694096,14.294679266847035,13.004747549299838
27,5.4,932.0382775119617,363.2488038277512,926,354,13,20,126.03827751196172,13.774675137919314,393.7511961722488,53.66285467424175,393.7511961722488,53.66285467424175,0.6887337568959657,0.6707856834280218,True,9,3,4,4,"fly (4,3)",0.20000000000000018,1.5560440094236583,-17.192820537730995,17.263092162236983,86.31546081118483,85.9641026886549,387.14546702501974,68.53993318349048,59.10856287667345,52.76258494378464,11.715720979714515,8.055681482340496,2.3493073321882747,11.746536660941363,9.308259428414331
28,5.6,930.9560975609756,365.8731707317073,925,357,13,20,124.95609756097565,13.656404105024661,391.1268292682927,53.305189678813306,391.1268292682927,53.305189678813306,0.6828202052512331,0.6663148709851664,True,9,3,4,4,"fly (4,3)",0.1999999999999993,-1.082179950986074,2.6243669039561155,2.8387347697339442,14.193673848669771,-13.121834519780624,391.5802568461936,35.77155976294795,22.173949105869003,53.366985600844096,-1.7883249771422236,3.022003285297318,0.3767124714909189,1.8835623574546012,4.844852200756712
29,5.8,931.4607843137255,367.1372549019608,925,358,13,20,125.46078431372553,13.711561127183117,389.8627450980392,53.13291244947724,389.8627450980392,53.13291244947724,0.6855780563591559,0.6641614056184655,True,9,3,4,4,"fly (4,3)",0.20000000000000018,0.5046867527498762,1.2640841702534544,1.3611089257978506,6.805544628989247,-6.320420851267267,390.23115262049254,7.56638517971087,-6.745521128505263,53.183121311140376,-0.8613861466803377,-0.9193214485186156,0.18089151677483514,0.904457583874175,0.9949135958701089
30,6.0,931.1601941747573,367.29611650485435,925,358,13,20,125.1601941747573,13.678709745875114,389.70388349514565,53.11126180513058,389.70388349514565,53.11126180513058,0.6839354872937558,0.6638907725641323,True,9,3,4,4,"fly (4,3)",0.20000000000000018,-0.30059013896823217,0.1588616028935803,0.33998741229471824,1.6999370614735896,-0.7943080144679009,389.8522261148096,3.32106024878327,-1.894632528414868,53.131478857214255,-0.10825322173328535,-0.2582122696306397,0.039344169256310874,0.1967208462815542,0.43284783255592313
31,6.2,931.1044776119403,367.00995024875624,925,358,13,20,125.1044776119403,13.67262050403719,389.99004975124376,53.15026231703492,389.99004975124376,53.15026231703492,0.6836310252018596,0.6643782789629366,True,9,3,4,4,"fly (4,3)",0.20000000000000018,-0.055716562816996884,-0.2861662560981131,0.29153981117739514,1.4576990558869745,1.430831280490564,391.0419906937803,7.3648655831623175,5.948822894853734,53.293627351792885,0.19500255952170403,0.8107424728931881,0.03947301350240879,0.19736506751204377,0.9644886391071791
32,6.4,929.5242718446602,363.56796116504853,923,354,14,20,123.52427184466023,13.499920420181446,393.43203883495147,53.61935793321315,393.43203883495147,53.61935793321315,0.6749960210090723,0.6702419741651643,True,9,3,4,4,"fly (4,3)",0.20000000000000018,-1.580205767280063,-3.4419890837077105,3.7873921264252814,18.93696063212639,17.20994541853854,393.5052282151028,13.207088358853616,12.316187606612836,53.62933263578915,2.3454780808911457,1.6785264199813004,0.499876000705589,2.4993800035279428,1.757689428199906
33,6.6,928.3497536945813,359.90640394088666,922,351,14,19,122.3497536945813,13.371557780828557,397.09359605911334,54.11837765711936,397.09359605911334,54.11837765711936,0.6685778890414279,0.6764797207139921,True,9,3,4,4,"fly (4,3)",0.1999999999999993,-1.1745181500789386,-3.661557224161868,3.8453210777094826,19.22660538854748,18.307786120809403,396.7580993318897,18.290401768171787,16.26435558393421,54.07265408271069,2.495098619531051,2.2166072346077352,0.5152646427119452,2.576323213559735,2.399208596238775
34,6.8,926.3208556149733,357.2513368983957,920,348,14,19,120.32085561497331,13.149820285789433,399.7486631016043,54.48022665779956,399.7486631016043,54.48022665779956,0.6574910142894717,0.6810028332224946,True,9,3,4,4,"fly (4,3)",0.20000000000000018,-2.028898079607984,-2.6550670424909413,3.3415278567683013,16.70763928384149,13.275335212454694,402.49137576419525,31.57272365789524,28.666382161527793,54.854020547079415,1.8092450034010084,3.90683232184364,0.42438451432573054,2.1219225716286507,4.167472684894745
35,7.0,921.8736263736264,346.36813186813185,916,338,13,18,115.8736263736264,12.663784303128567,410.63186813186815,55.963457326319336,410.63186813186815,55.963457326319336,0.6331892151564283,0.6995432165789918,True,9,3,4,4,"fly (4,3)",0.20000000000000018,-4.447229241346918,-10.883205030263866,11.756785260259361,58.78392630129675,54.41602515131928,410.15234465523764,41.30847780820141,38.30484445521181,55.89810489338843,7.416153342598862,5.220421731545062,1.5608344538991723,7.804172269495854,5.489515151075898
36,7.2,919.7213114754098,336.92349726775956,914,328,12,19,113.72131147540983,12.428558631192331,420.07650273224044,57.2506306960464,420.07650273224044,57.2506306960464,0.6214279315596166,0.71563288370058,True,9,3,4,4,"fly (4,3)",0.20000000000000018,-2.1523148982165594,-9.444634600372297,9.686773567893209,48.433867839466,47.22317300186144,422.48974680977534,64.13466956389142,61.68701077268844,57.57952256351282,6.435866848635316,8.40708835062194,1.3084901224206393,6.542450612103191,8.623691711570066
37,7.4,916.2717391304348,320.2391304347826,911,311,12,20,110.27173913043475,12.051556189118552,436.7608695652174,59.52447966817273,436.7608695652174,59.52447966817273,0.6025778094559276,0.7440559958521591,True,9,3,4,4,"fly (4,3)",0.20000000000000018,-3.4495723449750813,-16.684366832976934,17.037242910182318,85.18621455091152,83.4218341648846,437.3335100640649,75.21289583437235,74.21881627144792,59.602522666312076,11.369244860631643,10.115000513996302,2.3048904506222336,11.524452253111157,10.20247350596209
38,7.6,916.0421052631579,301.83684210526314,911,292,11,21,110.04210526315785,12.02645959160195,455.16315789473686,62.03245763471711,455.16315789473686,62.03245763471711,0.6013229795800975,0.7754057204339639,True,9,3,4,4,"fly (4,3)",0.1999999999999993,-0.2296338672769025,-18.40228832951948,18.403721022547842,92.01860511273954,92.01144164759772,453.5135647088736,81.51758178277639,80.9002732240438,61.8076408461838,12.539889832721949,11.02559089935861,2.5081035305343753,12.540517652671921,11.079884710856142
39,7.8,916.7,288.3833333333333,912,279,11,20,110.70000000000005,12.098360655737709,468.6166666666667,63.86598523566156,468.6166666666667,63.86598523566156,0.6049180327868855,0.7983248154457695,True,9,3,4,4,"fly (4,3)",0.20000000000000018,0.657894736842195,-13.453508771929819,13.469585136935631,67.3479256846781,67.26754385964904,470.1990096208263,83.58977773372189,83.4272245597632,64.08163674559813,9.16763800472224,11.369979497071638,1.8349368453570722,9.174684226785352,11.384235423264476
40,8.0,918.4086021505376,270.18279569892474,913,261,12,20,112.4086021505376,12.285093131206295,486.81720430107526,66.34646736641571,486.81720430107526,66.34646736641571,0.6142546565603147,0.8293308420801964,True,9,3,4,4,"fly (4,3)",0.20000000000000018,1.7086021505375584,-18.20053763440859,18.280560480749624,91.40280240374804,91.00268817204287,485.5854838709677,78.26932832351062,76.93237125070742,66.178600868275,12.402410653770726,10.484820613384322,2.487500878067234,12.437504390336159,10.602870790839765
41,8.2,922.989247311828,255.67741935483872,918,246,11,21,116.98924731182797,12.785710088724368,501.3225806451613,68.3233500027477,501.3225806451613,68.3233500027477,0.6392855044362183,0.8540418750343463,True,9,3,4,4,"fly (4,3)",0.1999999999999993,4.580645161290363,-14.505376344086017,15.211451376421088,76.05725688210572,72.52688172043034,500.0691644265233,74.19528656399866,72.4184027777776,68.15252666800997,9.884413181660001,9.869628998674957,2.0392847510795504,10.196423755397788,10.026421273880983
42,8.4,925.4583333333334,244.93229166666669,920,235,12,21,119.45833333333337,13.055555555555559,512.0677083333333,69.78776263486654,512.0677083333333,69.78776263486654,0.652777777777778,0.8723470329358318,True,9,3,4,4,"fly (4,3)",0.20000000000000107,2.4690860215054045,-10.745127688172033,11.02516008122851,55.125800406142254,53.7256384408596,511.44606854838713,58.52839954934722,56.88452060931917,69.703041710172,7.322063160594144,7.752575210810122,1.4890671351818099,7.44533567590901,7.897701699934683
43,8.6,925.5208333333334,236.05208333333331,920,227,12,20,119.52083333333337,13.062386156648456,520.9479166666667,70.99801249290178,520.9479166666667,70.99801249290178,0.6531193078324228,0.8874751561612721,True,9,3,4,4,"fly (4,3)",0.1999999999999993,0.0625,-8.880208333333371,8.880428271958705,44.40214135979368,44.40104166666758,523.7200033422461,61.862154218919954,61.36967396929426,71.37580965482057,6.051249290176223,8.36383972324282,1.2102691336994469,6.051345668497256,8.407188502869484
44,8.8,924.7967914438502,218.85561497326205,920,210,11,20,118.79679144385022,12.983255895502756,538.144385026738,73.34165383669341,538.144385026738,73.34165383669341,0.6491627947751378,0.9167706729586678,True,9,3,4,4,"fly (4,3)",0.20000000000000107,-0.7240418894831464,-17.196468360071265,17.21170417816488,86.05852089082394,85.98234180035558,537.373061137945,69.00137648476901,68.2652889784947,73.2365330341322,11.718206718958095,9.303616896558061,2.3449768328404508,11.72488416420219,9.368440888690548
45,9.0,921.2096774193549,203.9731182795699,916,195,12,20,115.20967741935488,12.591221575885779,553.0268817204301,75.36993277280138,553.0268817204301,75.36993277280138,0.6295610787942889,0.9421241596600172,True,9,3,4,4,"fly (4,3)",0.1999999999999993,-3.5871140244953494,-14.882496693692161,15.308693440737827,76.5434672036894,74.41248346846093,552.7941073411833,82.23744266176621,77.10523101619195,75.33820883695854,10.141394680539868,10.508379014131775,2.0658185666744333,10.329092833372203,10.969887073209073
46,9.2,912.1658291457286,189.7889447236181,907,180,12,21,106.1658291457286,11.602822857456676,567.2110552763819,77.30303990138084,567.2110552763819,77.30303990138084,0.5801411428728338,0.9662879987672605,True,9,3,4,4,"fly (4,3)",0.1999999999999993,-9.043848273626281,-14.184173555951787,16.822067978156998,84.11033989078528,70.92086777975933,567.7695480225065,82.1880883756592,74.87720340661518,77.37915475604858,9.665535642897359,10.204729595450132,2.171136844410558,10.85568422205283,10.859905097454359
47,9.4,905.5555555555555,173.92929292929293,900,170,12,11,99.55555555555554,10.880388585306617,583.070707070707,79.46449159396349,583.070707070707,79.46449159396349,0.5440194292653309,0.9933061449245435,True,9,3,4,4,"fly (4,3)",0.20000000000000107,-6.610273590173051,-15.859651794325174,17.182091606500677,85.91045803250293,79.2982589716253,575.1408811735446,85.01039896164411,75.10956337569232,78.38376574767216,10.807258462913168,10.236397052905264,2.2789876473876216,11.394938236938048,11.125311229495438
0,0.0,896.39,610.2466666666667,887,601,21,20,90.38999999999999,9.878688524590162,146.75333333333333,20.00045428733674,146.75333333333333,20.00045428733674,0.4939344262295081,0.25000567859170925,True,10,4,4,4,"fly (4,4)",,,,,,,152.7374049217002,39.985040257169835,29.920357941834368,20.816000670759824,,4.077731917115415,,,5.003155003042544
1,0.2,907.0,598.2785234899329,898,588,20,22,101.0,11.03825136612022,158.72147651006708,21.631547054182906,158.72147651006708,21.631547054182906,0.5519125683060109,0.2703943381772863,True,10,4,4,4,"fly (4,4)",0.2,10.610000000000014,-11.968143176733747,15.994016102867935,79.97008051433967,59.840715883668736,159.19555808339337,51.54265705820439,42.26421845574388,21.69615783078615,8.15546383423083,5.760029772503425,2.0012620012170177,10.006310006085087,6.606399535971225
2,0.4,913.606779661017,584.8881355932203,904,575,21,21,107.60677966101696,11.760303788089285,172.11186440677966,23.456472150838795,172.11186440677966,23.456472150838795,0.5880151894044643,0.29320590188548495,True,10,4,4,4,"fly (4,4)",0.2,6.606779661016958,-13.390387896712582,14.931578132054701,74.65789066027351,66.95193948356291,171.68656408939935,79.41069385603693,62.45503003003004,23.39850958628952,9.124625483279445,8.511758777516873,1.9625777203657182,9.81288860182859,10.067459405766733
3,0.6,925.1317567567568,572.7736486486486,916,563,20,21,119.13175675675677,13.019864126421504,184.22635135135135,25.107509553846864,184.22635135135135,25.107509553846864,0.6509932063210753,0.3138438694230858,True,10,4,4,4,"fly (4,4)",0.19999999999999996,11.524977095739814,-12.114486944571695,16.72082207869952,83.60411039349762,60.57243472285849,183.87799680200612,75.5601208669296,60.957163563033795,25.06003363570782,8.255187015040343,8.30762024709149,2.0766359218773047,10.383179609386525,9.642169071037012
4,0.8,933.1760563380282,561.7042253521126,924,552,20,21,127.17605633802816,13.89902255060417,195.29577464788736,26.6161192024378,195.29577464788736,26.6161192024378,0.6949511275302085,0.3327014900304725,True,10,4,4,4,"fly (4,4)",0.20000000000000007,8.044299581271389,-11.069423296536002,13.683672309403534,68.41836154701764,55.347116482679986,196.06374788209916,75.78679162311329,60.92875540046521,26.720783357015222,7.543048242954684,8.303748606536997,1.7460878003791849,8.730439001895922,9.661519793579382
5,1.0,940.1176470588235,548.3308823529412,933,538,16,23,134.11764705882354,14.657666345226616,208.66911764705878,28.438721314760993,208.66911764705878,28.438721314760993,0.7328833172613308,0.3554840164345124,True,10,4,4,4,"fly (4,4)",0.19999999999999996,6.941590720795375,-13.373342999171427,15.067580585764919,75.3379029288246,66.86671499585715,207.86933394519406,67.9950788155944,59.027930315474464,28.329721832394423,9.113010561615964,8.044692376896007,1.9741881538911397,9.8709407694557,8.85225494916136
6,1.2,945.0848056537102,537.356890459364,937,526,17,24,139.0848056537102,15.200525208055758,219.64310954063603,29.934324979984467,219.64310954063603,29.934324979984467,0.760026260402788,0.37417906224980585,True,10,4,4,4,"fly (4,4)",0.19999999999999996,4.967158594886655,-10.97399189357725,12.045794394188187,60.22897197094095,54.86995946788626,220.5687959238788,69.25976507165171,63.49730989342373,30.060483260494554,7.47801832611737,8.653807140500678,1.5910770152264904,7.955385076132454,9.16744674578411
7,1.4,949.5,523.6058394160584,942,513,17,23,143.5,15.683060109289617,233.39416058394158,31.808403486738207,233.39416058394158,31.808403486738207,0.7841530054644809,0.39760504358422755,True,10,4,4,4,"fly (4,4)",0.19999999999999996,4.415194346289809,-13.751051043305552,14.442484063037917,72.2124203151896,68.75525521652777,234.88912405513133,76.18329891184779,71.60164065626255,32.01214637889353,9.370392533768703,9.758315591994895,1.9352028783528352,9.676014391764179,10.164641779609624
8,1.6,955.5765306122449,505.3698979591837,945,494,23,24,149.57653061224494,16.347161815545896,251.63010204081633,34.29371066995793,251.63010204081633,34.29371066995793,0.8173580907772947,0.42867138337447414,True,10,4,4,4,"fly (4,4)",0.20000000000000018,6.076530612244937,-18.23594145687474,19.221700889882577,96.10850444941279,91.17970728437362,250.0772309884384,78.88434348941838,75.94053466653537,34.08207577355208,12.426535916098612,10.34964697329273,2.572505174186451,12.862525870932243,10.60987968778362
9,1.8,954.0185758513932,491.79256965944273,947,479,15,28,148.01857585139317,16.176893535671383,265.20743034055727,36.14411316396011,265.20743034055727,36.14411316396011,0.8088446767835692,0.4518014145495013,True,10,4,4,4,"fly (4,4)",0.19999999999999996,-1.5579547608517714,-13.577328299740941,13.666421140730552,68.33210570365277,67.88664149870472,265.58207908820026,79.94445881475679,77.52424049880932,36.19517261849407,9.252012470010877,10.565484224709948,1.8582197601308879,9.291098800654442,10.779199572982526
10,2.0,950.6666666666666,477.0912951167728,941,459,20,39,144.66666666666663,15.810564663023674,279.9087048832272,38.14769402156418,279.9087048832272,38.14769402156418,0.7905282331511838,0.47684617526955225,True,10,4,4,4,"fly (4,4)",0.19999999999999996,-3.351909184726537,-14.701274542669921,15.078553258240952,75.39276629120478,73.50637271334962,276.88850597994457,63.590123924363006,56.532134458721735,37.73608258670455,10.017904288020356,7.7045498410523665,2.0367948094721777,10.183974047360891,8.368726714644186
11,2.2,943.1358024691358,471.45061728395063,938,462,11,21,137.1358024691358,14.987519395533967,285.54938271604937,38.91644057458935,285.54938271604937,38.91644057458935,0.7493759697766983,0.4864555071823669,True,10,4,4,4,"fly (4,4)",0.20000000000000018,-7.530864197530832,-5.640677832822178,9.4090999556463,47.04549977823145,28.203389164110863,289.2122196759493,70.01967968492609,61.61856848002366,39.41563470881763,3.8437327651258677,8.397760610565404,1.1262214591834463,5.631107295917227,9.180847888213465
12,2.4,937.6071428571429,454.82142857142856,932,445,13,22,131.6071428571429,14.383294301327092,302.17857142857144,41.182769530299346,302.17857142857144,41.182769530299346,0.7191647150663546,0.5147846191287418,True,10,4,4,4,"fly (4,4)",0.19999999999999973,-5.528659611992907,-16.62918871252208,17.524154597068392,87.62077298534207,83.14594356261051,301.6772738493119,70.13395159877346,62.32527086681292,41.11444958764047,11.331644778549986,8.49407439411421,2.345492464272452,11.727462321362276,9.224993169012574
13,2.6,938.4198895027624,439.69613259668506,934,430,11,21,132.41988950276243,14.472119071340156,317.30386740331494,43.2441386580327,317.30386740331494,43.2441386580327,0.7236059535670079,0.5405517332254087,True,10,4,4,4,"fly (4,4)",0.20000000000000018,0.8127466456195407,-15.125295974743494,15.147116406549387,75.73558203274686,75.6264798737174,315.5217801287635,71.13057503808598,69.222531397258,43.001264753494176,10.306845638666777,9.43407582926855,2.063281977951646,10.31640988975822,9.602648962724382
14,2.8,940.5440414507772,429.91709844559585,935,421,13,20,134.54404145077717,14.704266825221548,327.08290155440415,44.57688607215048,327.08290155440415,44.57688607215048,0.7352133412610774,0.557211075901881,True,10,4,4,4,"fly (4,4)",0.19999999999999973,2.1241519480147417,-9.779034151089206,10.007074019233785,50.035370096169,48.895170755446095,328.4605381061813,65.44814458801002,64.6937898870888,44.76463892418144,6.663737070588889,8.816870853436294,1.352814935410529,6.764074677052654,8.88319674726001
15,3.0,942.9278350515464,416.00515463917526,937,407,13,21,136.92783505154637,14.964790716015996,340.99484536082474,46.472892042361124,340.99484536082474,46.472892042361124,0.7482395358007998,0.580911150529514,True,10,4,4,4,"fly (4,4)",0.20000000000000018,2.383793600769195,-13.911943806420595,14.114696327022857,70.57348163511422,69.55971903210292,340.616111716841,61.96671523379691,60.77786805329858,46.42127587282331,9.480029851053215,8.283184743209338,1.9138211349938337,9.56910567496916,8.38774962236502
16,3.2,945.6294117647059,403.2294117647059,940,395,12,19,139.62941176470588,15.2600450016072,353.7705882352941,48.21404950395831,353.7705882352941,48.21404950395831,0.76300225008036,0.6026756187994788,True,10,4,4,4,"fly (4,4)",0.20000000000000018,2.701576713159511,-12.775742874469358,13.05825879402152,65.29129397010753,63.878714372346735,349.41200727713766,47.11985812847541,43.979477801483284,47.620035063323705,8.705787307985908,5.993795952501977,1.7660137030146505,8.830068515073245,6.337330883778239
17,3.4,944.5721925133689,403.52941176470586,939,395,13,20,138.57219251336892,15.14450191402939,353.47058823529414,48.17316364365167,353.47058823529414,48.17316364365167,0.7572250957014695,0.6021645455456459,True,10,4,4,4,"fly (4,4)",0.19999999999999973,-1.05721925133696,0.2999999999999545,1.0989597560408912,5.494798780204463,-1.4999999999997746,353.68565531475747,24.731740938536948,21.368240188099108,48.202474318876654,-0.2044293015331891,2.912196277764776,0.12256369225846239,0.6128184612923128,3.2803644352641395
18,3.6,943.9842105263158,403.1842105263158,939,394,12,21,137.9842105263158,15.080241587575497,353.8157894736842,48.22020980901999,353.8157894736842,48.22020980901999,0.7540120793787748,0.60275262261275,True,10,4,4,4,"fly (4,4)",0.20000000000000018,-0.5879819870531264,-0.3452012383900751,0.681826013059772,3.4091300652988568,1.726006191950374,354.65101479188166,10.069274462767781,4.826797385620884,48.33403949463463,0.2352308268416079,0.6578258787898986,0.07964126588537195,0.39820632942685935,1.2041894668145046
19,3.8,940.8177083333334,400.33333333333337,936,390,12,22,134.81770833333337,14.734175774134794,356.66666666666663,48.608745031232246,356.66666666666663,48.608745031232246,0.7367087887067397,0.6076093128904031,True,10,4,4,4,"fly (4,4)",0.19999999999999973,-3.1665021929824206,-2.8508771929824093,4.260778908559999,21.303894542800023,14.254385964912066,356.8705565411656,18.28619955087569,11.097708746419807,48.63653240765459,1.9426761110612771,1.5124645650998048,0.5203087219448675,2.601543609724341,2.194418175442666
20,4.0,935.8820224719101,396.87078651685397,930,388,13,20,129.8820224719101,14.194756554307114,360.12921348314603,49.08064238271155,360.12921348314603,49.08064238271155,0.7097378277153557,0.6135080297838944,True,10,4,4,4,"fly (4,4)",0.20000000000000018,-4.935685861423281,-3.462546816479403,6.029114808905642,30.145574044528182,17.312734082397,360.0474903529678,27.00554226650962,15.884669059011088,49.06950464776393,2.3594867573965295,2.164861200546669,0.7167009174353602,3.583504587176798,3.223937592247836
21,4.2,930.9204545454545,393.6534090909091,925,385,13,19,124.9204545454545,13.652508693492296,363.3465909090909,49.51912652934799,363.3465909090909,49.51912652934799,0.6826254346746148,0.6189890816168498,True,10,4,4,4,"fly (4,4)",0.20000000000000018,-4.9615679264555865,-3.2173774259448464,5.9134316424401385,29.567158212200667,16.086887129724218,362.8470935275711,35.63980741572896,13.998015873015945,49.45105192880013,2.1924207331822014,1.9077364051810484,0.6973529159684744,3.4867645798423688,4.092237550619901
22,4.4,921.6369047619048,391.9345238095238,916,383,13,19,115.63690476190482,12.637913088732766,365.0654761904762,49.753386874340876,365.0654761904762,49.753386874340876,0.6318956544366383,0.621917335929261,True,10,4,4,4,"fly (4,4)",0.20000000000000018,-9.283549783549688,-1.718885281385326,9.441337998091614,47.206689990458024,8.594426406926623,364.2950403305942,37.124275838711355,7.239734015115936,49.64838709786633,1.1713017249644142,0.9866758453309629,1.0412886969681079,5.206443484840535,4.160733739861896
23,4.6,914.7425149700599,392.5269461077844,907,385,16,17,108.74251497005991,11.884427865580319,364.4730538922156,49.67264788991013,364.4730538922156,49.67264788991013,0.5942213932790159,0.6209080986238766,True,10,4,4,4,"fly (4,4)",0.1999999999999993,-6.894389791844901,0.5924222982606011,6.919795862695051,34.598979313475375,-2.962111491303016,365.2209301459072,42.86325292242739,4.629449076564533,49.77457310336043,-0.40369492215372704,0.6309300274704542,0.7577986309805536,3.7889931549027813,4.71748438984429
24,4.8,905.5325443786983,390.8757396449704,899,382,14,19,99.53254437869828,10.877873702589975,366.1242603550296,49.897684545830266,366.1242603550296,49.897684545830266,0.5438936851294988,0.6237210568228784,True,10,4,4,4,"fly (4,4)",0.20000000000000018,-9.209970591361639,-1.6512064628140024,9.356817892669762,46.784089463348764,8.256032314070005,367.65887486402426,43.92982137762507,12.189723590585572,50.10683132729461,1.1251832796006755,1.661291119670947,1.0314033059579117,5.157016529789554,5.005002171012744
25,5.0,897.6264367816092,384.62068965517244,891,376,14,19,91.62643678160919,10.013818227498271,372.37931034482756,50.750161546143445,372.37931034482756,50.750161546143445,0.5006909113749136,0.6343770193267931,True,10,4,4,4,"fly (4,4)",0.20000000000000018,-7.90610759708909,-6.2550499897979535,10.08127907121022,50.40639535605106,31.27524994898974,372.35699547673147,45.77181375113386,23.49060306353576,50.74712033754431,4.262385001565892,3.2014450512484864,1.2137993656691806,6.068996828345897,5.427796942461654
26,5.2,892.5168539325842,378.4325842696629,885,370,16,18,86.51685393258424,9.455393872413579,378.5674157303371,51.593514920659224,378.5674157303371,51.593514920659224,0.4727696936206789,0.6449189365082403,True,10,4,4,4,"fly (4,4)",0.20000000000000018,-5.109582849024946,-6.188105385509516,8.024991286800363,40.12495643400178,30.940526927547552,377.6248346176474,41.22134177731331,26.339195704580305,51.465054121655534,4.216766872578891,3.589668920556106,1.0114754938499038,5.057377469249515,4.999081126725572
27,5.4,886.8055555555555,375.0722222222222,878,368,18,16,80.80555555555554,8.831208257437764,381.9277777777778,52.05148589816393,381.9277777777778,52.05148589816393,0.4415604128718882,0.6506435737270491,True,10,4,4,4,"fly (4,4)",0.20000000000000018,-5.711298377028697,-3.3603620474407307,6.6265347083774255,33.1326735418871,16.80181023720364,382.69206636490236,39.12891509267991,25.336158736274317,52.155647886187715,2.289854887523537,3.452968822660909,0.7741738165162614,3.8708690825813035,4.757370433685526
28,5.6,880.0279329608938,369.41899441340786,872,361,17,18,74.02793296089385,8.090484476600421,387.58100558659214,52.82194283973999,387.58100558659214,52.82194283973999,0.404524223830021,0.6602742854967498,True,10,4,4,4,"fly (4,4)",0.1999999999999993,-6.777622594661693,-5.653227808814336,8.82582306043014,44.12911530215086,28.266139044071778,389.56116071985025,50.09072845073115,34.34547177473936,53.09181066028623,3.8522847078803006,4.680813870492589,1.0687729498451481,5.34386474922576,6.161831005628907
29,5.8,871.1506024096385,357.8253012048193,865,349,13,19,65.15060240963851,7.120284416353935,399.1746987951807,54.40200324295478,399.1746987951807,54.40200324295478,0.3560142208176968,0.6800250405369347,True,10,4,4,4,"fly (4,4)",0.20000000000000018,-8.87733055125534,-11.593693208588547,14.60207930163111,73.01039650815548,57.96846604294269,397.7014252701147,52.92235508381435,40.701322751322664,54.20121639115704,7.90030201607393,5.547028654354011,1.8541518370159338,9.27075918507966,6.673621515260457
30,6.0,866.9257142857143,350.6514285714286,861,341,13,20,60.92571428571432,6.658548009367685,406.3485714285714,55.37970309077634,406.3485714285714,55.37970309077634,0.33292740046838426,0.6922462886347043,True,10,4,4,4,"fly (4,4)",0.20000000000000018,-4.224888123924188,-7.173872633390715,8.325510688227352,41.627553441136726,35.86936316695355,402.1764436099376,48.04026120272281,22.375091699114076,54.81109964019592,4.888499239107804,3.0494162451944216,1.0812481222951913,5.406240611475952,6.1881840055959705
31,6.2,864.430303030303,355.9939393939394,855,351,20,12,58.43030303030298,6.385825467792675,401.0060606060606,54.651592586856644,401.0060606060606,54.651592586856644,0.31929127338963376,0.683144907335708,True,10,4,4,4,"fly (4,4)",0.20000000000000018,-2.495411255411341,5.342510822510803,5.896566731775251,29.482833658876228,-26.712554112553992,400.7592363192363,41.22094297568501,-7.086036453506302,54.617953842485356,-3.640552519598469,-0.9657289885528177,0.7775104440464605,3.887552220232299,5.182796675070756
32,6.4,855.8589743589744,362.0769230769231,846,358,21,10,49.858974358974365,5.449068235953482,394.9230769230769,53.822565849823086,394.9230769230769,53.822565849823086,0.2724534117976741,0.6727820731227886,True,10,4,4,4,"fly (4,4)",0.20000000000000018,-8.571328671328615,6.082983682983695,10.510488365408424,52.552441827042074,-30.414918414918446,396.9831818974676,36.47656946280997,-18.88027210884349,54.10332973048963,-4.145133685167789,-2.573120559978669,1.250919438700805,6.2545971935040185,4.378779572190859
33,6.6,850.3809523809524,361.9795918367347,841,358,20,9,44.38095238095241,4.850377309393706,395.0204081632653,53.835830754789136,395.0204081632653,53.835830754789136,0.2425188654696853,0.6729478844348642,True,10,4,4,4,"fly (4,4)",0.1999999999999993,-5.478021978021957,-0.0973312401883959,5.4788865805023015,27.394432902511603,0.4866562009419812,394.3935073744597,37.67953293654198,-12.948372615039327,53.750392827865035,0.06632452483025043,-1.7646845131229092,0.5988378605672502,2.9941893028362614,4.312508460971114
34,6.8,844.0074074074074,363.762962962963,836,360,18,9,38.00740740740741,4.153815017202996,393.237037037037,53.5927818789829,393.237037037037,53.5927818789829,0.2076907508601498,0.6699097734872862,True,10,4,4,4,"fly (4,4)",0.20000000000000018,-6.373544973544995,1.7833711262283032,6.61834481601446,33.09172408007227,-8.916855631141509,394.89798437893677,34.09255031477438,2.52238502238507,53.819146082308244,-1.2152443790311895,0.34376627221603195,0.7377477773146133,3.6887388865730633,3.8108031117861536
35,7.0,836.2857142857143,360.56349206349205,829,356,17,10,30.285714285714334,3.309914129586266,396.43650793650795,54.028825613152705,396.43650793650795,54.028825613152705,0.1654957064793133,0.6753603201644087,True,10,4,4,4,"fly (4,4)",0.20000000000000018,-7.721693121693079,-3.1994708994709526,8.35829879234786,41.79149396173926,15.997354497354749,396.0315325350413,36.42199003871976,5.667740780522753,53.9736330541794,2.180218670849035,0.7724348593557426,0.9498962291898281,4.749481145949137,4.0939246449748845
36,7.2,829.7017543859649,358.57894736842104,823,353,15,12,23.701754385964932,2.5903556705972606,398.42105263157896,54.29929167040258,398.42105263157896,54.29929167040258,0.129517783529863,0.6787411458800323,True,10,4,4,4,"fly (4,4)",0.20000000000000018,-6.583959899749402,-1.9845446950710084,6.876550414869555,34.38275207434774,9.922723475355033,397.60567334251544,30.715976160075993,7.8707040373707935,54.18816672470398,1.3523302862493825,1.0726683526229401,0.7687107804804914,3.843553902402453,3.4496259800636526
37,7.4,826.5405405405405,359.0405405405405,823,354,10,10,20.54054054054052,2.244867818638308,397.9594594594595,54.23638289055666,397.9594594594595,54.23638289055666,0.1122433909319154,0.6779547861319583,True,10,4,4,4,"fly (4,4)",0.20000000000000018,-3.161213845424413,0.46159317211947837,3.1947364888281986,15.973682444140978,-2.3079658605973896,397.0268373636795,23.194647313263687,-2.894179894179962,54.10927936813349,-0.31454389922959763,-0.39443678285246664,0.3511685783678738,1.7558428918393674,2.694891551457926
38,7.6,824.5,362.3,823,359,5,8,18.5,2.021857923497268,394.7,53.79216354344123,394.7,53.79216354344123,0.10109289617486339,0.6724020442930153,True,10,4,4,4,"fly (4,4)",0.1999999999999993,-2.040540540540519,3.2594594594594923,3.8455014842604545,19.22750742130234,-16.29729729729752,396.3297297297297,17.60059493272166,-9.302631578947459,54.01427321699895,-2.221096735577185,-1.267820317403391,0.49705557202638967,2.485277860131957,2.1205603759856624
0,0.0,851.7246376811594,601.3115942028985,846,594,12,16,45.72463768115938,4.997228161875342,155.6884057971015,21.218181369281293,155.6884057971015,21.218181369281293,0.2498614080937671,0.2652272671160162,True,11,5,4,4,"fly (4,5)",,,,,,,168.35476627883247,63.44283328406701,63.33180240865488,22.944431520113454,,8.631250754160806,,,8.640984620970068
1,0.2,853.2253521126761,575.9788732394366,849,568,10,17,47.22535211267609,5.161240668052032,181.02112676056345,24.670681670945616,181.02112676056345,24.670681670945616,0.2580620334026016,0.3083835208868202,True,11,5,4,4,"fly (4,5)",0.2,1.5007144315167125,-25.332720963461952,25.377133313626803,126.88566656813401,126.66360481730976,182.2487657545158,91.0558061967957,90.58059818130157,24.83799192565803,17.262501508321613,12.344885612443145,3.456393848388027,17.281969241940136,12.386586992203283
2,0.4,856.9705882352941,546.9632352941176,853,539,10,17,50.970588235294144,5.570556091288977,210.03676470588243,28.62511273674718,210.03676470588243,28.62511273674718,0.27852780456444887,0.35781390920933975,True,11,5,4,4,"fly (4,5)",0.2,3.745236122618053,-29.015637945318986,29.25635040445062,146.2817520222531,145.07818972659493,210.71121634740112,142.87531523257806,142.31225296442668,28.71703118874291,19.772155329007823,19.39519631542443,3.975558346933942,19.87779173466971,19.444599636057518
3,0.6,858.780303030303,515.9242424242425,855,508,9,17,52.780303030303,5.768339128994864,241.0757575757575,32.85529915853595,241.0757575757575,32.85529915853595,0.2884169564497432,0.41069123948169933,True,11,5,4,4,"fly (4,5)",0.19999999999999996,1.8097147950088583,-31.038992869875074,31.0917054214694,155.45852710734704,155.1949643493754,238.82725101695692,141.75230288566019,140.58017334777892,32.54885874166363,21.15093210894385,19.1591377646036,4.23480758631254,21.174037931562705,19.262096465598848
4,0.8,863.2615384615385,491.6307692307692,859,484,10,17,57.26153846153852,6.258091635140822,265.3692307692308,36.166164329707776,265.3692307692308,36.166164329707776,0.3129045817570411,0.4520770541213472,True,11,5,4,4,"fly (4,5)",0.20000000000000007,4.481235431235518,-24.29347319347329,24.70332590547609,123.5166295273804,121.4673659673664,266.78742719269036,141.65878854615133,139.80088087866713,36.359444932564266,16.554325855859126,19.052930954503186,3.3468919461128257,16.734459730564122,19.216322722240182
5,1.0,869.3984962406015,463.0827067669173,865,455,10,17,63.3984962406015,6.928797403344427,293.9172932330827,40.05687130944909,293.9172932330827,40.05687130944909,0.34643987016722133,0.5007108913681136,True,11,5,4,4,"fly (4,5)",0.19999999999999996,6.136957779062982,-28.54806246385192,29.200241800745292,146.0012090037265,142.74031231925963,293.4856314575613,136.47761295680561,133.49102132435482,39.998041765936804,19.45353489870659,18.192984166862658,3.9480941009187447,19.740470504593727,18.455793256219234
6,1.2,875.7481481481482,435.8296296296296,871,428,11,17,69.74814814814818,7.622748431491604,321.1703703703704,43.771089658653544,321.1703703703704,43.771089658653544,0.3811374215745802,0.5471386207331693,True,11,5,4,4,"fly (4,5)",0.19999999999999996,6.349651907546672,-27.253077137287676,27.983000067861976,139.9150003393099,136.2653856864384,318.55879109362417,128.96534690805842,125.36579818031434,43.41516744035764,18.571091746022258,17.085628372104168,3.7784899066999715,18.89244953349986,17.40277049046618
7,1.4,881.2983870967741,416.4112903225806,877,409,10,16,75.29838709677415,8.229331923144716,340.5887096774194,46.417541352970275,340.5887096774194,46.417541352970275,0.4114665961572358,0.5802192669121284,True,11,5,4,4,"fly (4,5)",0.19999999999999996,5.5502389486259744,-19.418339307048996,20.195966276227757,100.97983138113881,97.091696535245,343.40454183411174,131.76956506091435,124.22875370243794,46.80130042032187,13.232258471583659,16.930664899821185,2.71507828666099,13.575391433304954,17.60079525997376
8,1.6,894.6115702479339,388.5454545454545,890,381,10,17,88.61157024793386,9.68432461726053,368.4545454545455,50.215270249341806,368.4545454545455,50.215270249341806,0.4842162308630265,0.6276908781167726,True,11,5,4,4,"fly (4,5)",0.20000000000000018,13.313183151159706,-27.865835777126108,30.882772692458882,154.41386346229427,139.32917888563043,367.49787893711806,129.34009797386213,120.46668551503159,50.08488980403654,18.988644481857637,16.41794691857331,4.066908962623299,20.334544813116477,17.206713289177827
9,1.8,903.4885496183206,363.54961832061065,899,356,11,17,97.48854961832058,10.654486297084215,393.45038167938935,53.62185780979753,393.45038167938935,53.62185780979753,0.5327243148542108,0.6702732226224691,True,11,5,4,4,"fly (4,5)",0.19999999999999996,8.87697937038672,-24.995836224843856,26.525319815630645,132.62659907815325,124.97918112421931,393.8028589229904,141.63231711010994,131.5248999293618,53.669895594274685,17.032937802278635,17.925028951190722,3.5420407242224097,17.71020362111205,18.82337511874243
10,2.0,912.5109489051094,337.4963503649635,907,330,12,17,106.51094890510944,11.640540863946388,419.5036496350365,57.17255872368471,419.5036496350365,57.17255872368471,0.5820270431973193,0.7146569840460587,True,11,5,4,4,"fly (4,5)",0.19999999999999996,9.022399286788868,-26.05326795564713,27.57129775797646,137.85648878988232,130.26633977823568,418.3082065165733,127.6150658258036,122.5267379679144,57.00963632253129,17.753504569435886,16.69870364128305,3.6850753843997515,18.42537692199876,17.149217337034187
11,2.2,913.0073529411765,315.02941176470586,909,307,10,17,107.00735294117646,11.694792671166827,441.97058823529414,60.23449243411164,441.97058823529414,60.23449243411164,0.5847396335583414,0.7529311554263954,True,11,5,4,4,"fly (4,5)",0.20000000000000018,0.49640403606701966,-22.466938600257663,22.472421921875075,112.36210960937527,112.33469300128822,441.58818681699194,122.7392029057737,116.39990150209307,60.18237639754576,15.309668552134625,15.8637003750723,3.0624142935983527,15.31207146799175,16.427447626490018
12,2.4,902.8870967741935,293.7096774193548,899,286,10,17,96.88709677419354,10.588753745813502,463.2903225806452,63.14007803484091,463.2903225806452,63.14007803484091,0.5294376872906751,0.7892509754355114,True,11,5,4,4,"fly (4,5)",0.19999999999999973,-10.120256166982927,-21.319734345351037,23.599802063612668,117.9990103180635,106.59867172675533,463.2604120063971,116.223177798604,108.36112594702587,63.13600163630625,14.527928003646393,14.768126193802482,3.1089788978959048,15.544894489479544,15.469864481670394
13,2.6,892.439024390244,272.479674796748,888,265,10,16,86.43902439024396,9.446887911502072,484.520325203252,66.0334344399662,484.520325203252,66.0334344399662,0.4723443955751036,0.8254179304995776,True,11,5,4,4,"fly (4,5)",0.20000000000000018,-10.44807238394958,-21.230002622606833,23.66168269367466,118.30841346837319,106.15001311303406,482.8420107997606,108.29816350445786,97.9079939668175,65.8047033457936,14.466782025626431,13.343508547436798,3.1105254975079806,15.552627487539889,14.270329090584712
14,2.8,885.2538461538461,256.2846153846154,880,249,12,16,79.2538461538461,8.661622530474983,500.7153846153846,68.24059756257371,500.7153846153846,68.24059756257371,0.4330811265237492,0.8530074695321714,True,11,5,4,4,"fly (4,5)",0.19999999999999973,-7.18517823639786,-16.195059412132593,17.717413345387357,88.5870667269369,80.97529706066308,501.3868406162373,102.94607972866687,92.72414908238325,68.33210775008344,11.03581561303757,12.63702202144917,2.3426930589469377,11.713465294734704,13.549461578055807
15,3.0,876.0827067669173,238.0751879699248,871,230,11,17,70.08270676691734,7.659312214963644,518.9248120300751,70.72229124771042,518.9248120300751,70.72229124771042,0.3829656107481822,0.8840286405963802,True,11,5,4,4,"fly (4,5)",0.20000000000000018,-9.171139386928758,-18.209427414690595,20.388551798138124,101.94275899069054,91.0471370734526,519.2846239530451,99.5762657055562,89.48891668403877,70.77132864777445,12.408468425683512,12.196104488455028,2.6764583903785684,13.38229195189283,13.09691253521016
16,3.2,866.2735042735043,218.78632478632477,861,212,11,16,60.27350427350427,6.587268226612489,538.2136752136753,73.35109713303922,538.2136752136753,73.35109713303922,0.32936341133062447,0.9168887141629902,True,11,5,4,4,"fly (4,5)",0.20000000000000018,-9.809202493413068,-19.28886318360003,21.63979427980825,108.19897139904116,96.44431591800063,535.8042269307125,95.62608981794979,82.59801488833742,73.02272257999489,13.144029426643998,11.25696966110221,2.838996071800593,14.194980359002951,12.431796251408693
17,3.4,856.7822580645161,206.7258064516129,850,201,15,13,50.7822580645161,5.549973558963508,550.2741935483871,74.99477935923504,550.2741935483871,74.99477935923504,0.2774986779481754,0.937434741990438,True,11,5,4,4,"fly (4,5)",0.19999999999999973,-9.491246208988173,-12.060518334711873,15.34730781282351,76.73653906411765,60.302591673559014,549.5820673651319,85.69186035238675,68.88920217209694,74.90045211109123,8.218411130979117,9.388647655481675,1.9436232886660574,9.7181164433303,10.92778964880116
18,3.6,846.3666666666667,196.74166666666667,840,191,14,13,40.366666666666674,4.411657559198543,560.2583333333333,76.35547984099942,560.2583333333333,76.35547984099942,0.22058287795992718,0.9544434980124928,True,11,5,4,4,"fly (4,5)",0.20000000000000018,-10.415591397849425,-9.984139784946223,14.428014118800306,72.14007059400146,49.92069892473121,559.9543906810036,65.15519674992909,51.8616165793585,76.3140566515848,6.803502408821907,7.068022702467928,1.7740544288140467,8.870272144070226,8.292875274511012
19,3.8,844.241935483871,187.66935483870967,840,180,10,17,38.241935483870975,4.179446500969505,569.3306451612904,77.59191075451997,569.3306451612904,77.59191075451997,0.20897232504847527,0.9698988844314997,True,11,5,4,4,"fly (4,5)",0.19999999999999973,-2.124731182795699,-9.072311827957009,9.317796118333618,46.588980591668154,45.36155913978525,570.6867476208132,61.667715170188245,53.66178469904827,77.77672880692514,6.182154567602759,7.313360776701617,1.2580474472264995,6.290237236132506,8.055018206086935
20,4.0,842.5057471264367,174.5287356321839,838,170,10,12,36.505747126436745,3.9896991395012837,582.471264367816,79.38279582525601,582.471264367816,79.38279582525601,0.1994849569750642,0.9922849478157002,True,11,5,4,4,"fly (4,5)",0.20000000000000018,-1.73618835743423,-13.14061920652577,13.254818864979036,66.27409432489512,65.70309603262837,578.47841428748,40.04286432541093,38.958333333333336,78.83862545655603,8.954425353680186,5.309483248154479,1.800909047611616,9.004545238058073,5.4063604139753965
21,4.2,841.6333333333333,173.36666666666667,838,170,8,9,35.633333333333326,3.894353369763205,583.6333333333333,79.54116978989211,583.6333333333333,79.54116978989211,0.19471766848816024,0.9942646223736513,True,11,5,4,4,"fly (4,5)",0.20000000000000018,-0.8724137931034193,-1.1620689655172214,1.453103611933905,7.265518059669518,5.810344827586386,583.6598659003831,28.120669234685966,25.90725806451604,79.54478581265869,0.7918698231804904,3.530801780513283,0.18485975354712228,0.9242987677356106,3.7383711732146128
22,4.4,843.40625,172.125,841,170,7,6,37.40625,4.088114754098361,584.875,79.71039182282794,584.875,79.71039182282794,0.20440573770491804,0.9963798977853492,True,11,5,4,4,"fly (4,5)",0.20000000000000018,1.7729166666666742,-1.2416666666666742,2.1644790638986557,10.82239531949327,6.208333333333366,584.5138888888888,6.31983216313422,4.270114942528757,79.66117736134771,0.8461101646791739,0.5819577434451632,0.2572539027700312,1.2862695138501548,0.7751946291418371
23,4.6,843.3333333333334,171.96666666666667,841,170,7,6,37.33333333333337,4.080145719489986,585.0333333333333,79.73197047132311,585.0333333333333,79.73197047132311,0.2040072859744993,0.9966496308915388,True,11,5,4,4,"fly (4,5)",0.1999999999999993,-0.07291666666662877,-0.15833333333333144,0.17431662204797366,0.8715831102398713,0.7916666666665179,585.2402777777778,5.422515858176065,3.631944444444455,79.76017414347909,0.10789324247582538,0.4949839106568274,0.023003121167949454,0.11501560583974768,0.664428980380969
24,4.8,843.8125,171.1875,842,170,5,4,37.8125,4.132513661202186,585.8125,79.8381601362862,585.8125,79.8381601362862,0.20662568306010928,0.9979770017035775,True,11,5,4,4,"fly (4,5)",0.20000000000000018,0.47916666666662877,-0.7791666666666686,0.9147138289590113,4.573569144795052,3.8958333333334814,585.5527777777778,1.815050751678308,1.5624999999999998,79.8027635812985,0.5309483248154829,0.21294718909710275,0.11840036429060133,0.5920018214530062,0.23567247576425068
25,5.0,843.8125,171.1875,842,170,5,4,37.8125,4.132513661202186,585.8125,79.8381601362862,585.8125,79.8381601362862,0.20662568306010928,0.9979770017035775,True,11,5,4,4,"fly (4,5)",0.20000000000000018,0.0,0.0,0.0,0.0,0.0,585.8125,1.5245230482650174,1.2986111111111605,79.8381601362862,0.0,0.17698277493849432,0.0,0.0,0.1973339404843348
26,5.2,843.8125,171.1875,842,170,5,4,37.8125,4.132513661202186,585.8125,79.8381601362862,585.8125,79.8381601362862,0.20662568306010928,0.9979770017035775,True,11,5,4,4,"fly (4,5)",0.20000000000000018,0.0,0.0,0.0,0.0,0.0,584.4896953405018,15.519976544164143,-6.614023297490987,79.6578801145488,0.0,-0.901400108687013,0.0,0.0,1.779612055583935
27,5.4,852.236559139785,175.15591397849462,841,170,23,12,46.23655913978496,5.05317586227158,581.8440860215054,79.297320071074,581.8440860215054,79.297320071074,0.252658793113579,0.9912165008884248,True,11,5,4,4,"fly (4,5)",0.20000000000000018,8.424059139784958,3.968413978494624,9.311985926498494,46.55992963249243,-19.84206989247296,581.7027977501403,23.78089586815857,-13.934487951807284,79.27806442932068,-2.704200326061039,-1.899078426140693,1.0677672333503623,5.338836166751807,2.861456628146067
28,5.6,849.9397590361446,179.54819277108433,841,170,20,17,43.93975903614455,4.802159457502137,577.4518072289156,78.69871308060179,577.4518072289156,78.69871308060179,0.24010797287510682,0.9837339135075224,True,11,5,4,4,"fly (4,5)",0.1999999999999993,-2.2968001036404075,4.392278792589707,4.9565515943966405,24.78275797198329,-21.961393962948897,579.5060384908811,47.413572380368485,-10.983796296296404,78.978676455316,-2.9930349523610396,-1.4969398700233716,0.6491067435372769,3.245533717686396,5.455413034102769
29,5.8,835.8711111111111,177.77777777777777,827,170,20,19,29.871111111111077,3.264602307225254,579.2222222222222,78.93999621427218,579.2222222222222,78.93999621427218,0.16323011536126272,0.9867499526784024,True,11,5,4,4,"fly (4,5)",0.20000000000000018,-14.068647925033474,-1.7704149933065594,14.179605907325962,70.89802953662975,8.852074966532648,580.3819091881152,48.803620824258616,4.37935348617028,79.09804554522863,1.2064156683519645,0.5968454495632328,1.556373843574022,7.781869217870103,5.656437980964131
30,6.0,827.188679245283,172.52830188679246,823,170,9,7,21.18867924528297,2.315702649757702,584.4716981132076,79.65542734081194,584.4716981132076,79.65542734081194,0.11578513248788508,0.9956928417601493,True,11,5,4,4,"fly (4,5)",0.20000000000000018,-8.682431865828107,-5.249475890985309,10.146014992832573,50.73007496416282,26.24737945492709,583.0356546045635,59.68415557436072,12.222787787738403,79.45971442651633,3.5771556326987732,1.6657973134907567,1.18838220146718,5.941911007335896,6.666988932105073
33,6.6,861.6304347826087,171.58695652173913,856,170,12,5,55.630434782608745,6.079828937990027,585.4130434782609,79.78371972446486,585.4130434782609,79.78371972446486,0.30399144689950136,0.9972964965558107,True,11,5,4,4,"fly (4,5)",0.5999999999999996,34.441755537325776,-0.941345365053337,34.45461733337374,57.4243622222896,1.5689089417554678,584.4511638638228,39.34065926899999,6.0316070017927315,79.65262880597245,0.21382063942153226,0.8220248043329228,3.7663119426655314,6.2771865711092225,4.518945133811443
34,6.8,861.96875,173.53125,855,170,14,10,55.96875,6.116803278688525,583.46875,79.51873935264055,583.46875,79.51873935264055,0.30584016393442626,0.9939842419080068,True,11,5,4,4,"fly (4,5)",0.20000000000000018,0.3383152173912549,1.9442934782608745,1.9735081241095163,9.867540620547572,-9.721467391304364,584.1949212584301,23.050205888975274,-2.32715232146688,79.61770647474347,-1.3249018591215378,-0.31715874909260616,0.267547564597843,1.3377378229892138,2.61310982826147
35,7.0,862.2574257425742,173.2970297029703,855,170,15,9,56.25742574257424,6.1483525401720485,583.7029702970297,79.55066034712499,583.7029702970297,79.55066034712499,0.3074176270086024,0.9943832543390624,True,11,5,4,4,"fly (4,5)",0.20000000000000018,0.28867574257424167,-0.23422029702970804,0.37174296481772795,1.8587148240886382,1.1711014851482549,583.9239067656765,17.945519425670657,-1.3550724637680844,79.58077093910413,0.15960497242218694,-0.18467767819667322,0.04488101813719516,0.2244050906859756,2.059609492761497
36,7.2,870.6315789473684,172.4,863,170,17,7,64.63157894736844,7.063560540696004,584.6,79.67291311754686,584.6,79.67291311754686,0.3531780270348002,0.9959114139693357,True,11,5,4,4,"fly (4,5)",0.20000000000000018,8.374153204794197,-0.8970297029702863,8.42206056647516,42.110302832375766,4.485148514851854,584.5109000089199,44.613090019628544,2.9349662162163264,79.66077001825143,0.6112638521093311,0.3999953957364726,0.9233371129218616,4.616685564609304,4.888773844159082
37,7.4,888.5945945945946,171.77027027027026,881,170,17,5,82.59459459459458,9.026731649682468,585.2297297297298,79.75873659008244,585.2297297297298,79.75873659008244,0.4513365824841234,0.9969842073760303,True,11,5,4,4,"fly (4,5)",0.20000000000000018,17.963015647226143,-0.6297297297297462,17.974050480484266,89.87025240242124,3.1486486486488703,585.3354001059885,62.57943257483537,4.1225004853428535,79.7731380042233,0.4291173626778995,0.561839929859337,1.9650461754363957,9.82523087718197,6.8492786767492815
38,7.6,899.7058823529412,170.8235294117647,897,170,7,3,93.70588235294122,10.241080038572811,586.1764705882354,79.88776430504059,586.1764705882354,79.88776430504059,0.5120540019286405,0.9985970538130075,True,11,5,4,4,"fly (4,5)",0.1999999999999993,11.111287758346634,-0.9467408585055637,11.151548497941782,55.75774248970911,4.733704292527835,585.7031001589826,72.81399744606517,3.9411764705883527,79.82325044756152,0.6451385747907802,0.5371279687343399,1.2211839176913097,6.105919588456571,7.96557523281927
0,0.0,955.4734042553191,554.9893617021277,949,547,15,18,149.4734042553191,16.33589117544471,202.01063829787233,27.531262459675958,202.01063829787233,27.531262459675958,0.8167945587722356,0.34414078074594945,True,12,6,4,4,"fly (4,6)",,,,,,,203.40327833260966,7.775167837251951,6.96320017368663,27.72106007940166,,0.9489880986285026,,,1.0215262269982428
1,0.2,956.8571428571429,552.204081632653,951,543,13,20,150.8571428571429,16.487119437939114,204.79591836734699,27.91085769912736,204.79591836734699,27.91085769912736,0.8243559718969556,0.34888572123909195,True,12,6,4,4,"fly (4,6)",0.2,1.3837386018237794,-2.785280069474652,3.1100671349007807,15.550335674503902,13.92640034737326,207.5802075330951,23.81066561626459,23.205712726989418,28.290317892074288,1.8979761972570053,3.1626184295726625,0.4086104907992971,2.0430524539964856,3.216558139748274
2,0.4,955.934065934066,541.065934065934,951,532,11,20,149.93406593406598,16.38623671410557,215.93406593406598,29.428833517419555,215.93406593406598,29.428833517419555,0.8193118357052785,0.36786041896774446,True,12,6,4,4,"fly (4,6)",0.2,-0.9230769230769056,-11.138147566718999,11.176332234857975,55.881661174289874,55.690737833594994,215.72753862678678,41.948784047462915,40.73665546845841,29.40068669530314,7.589879091460983,5.551844016144247,1.5213243930496672,7.606621965248335,5.659318772095317
3,0.6,958.7263157894737,530.5473684210526,954,521,11,21,152.7263157894737,16.691400632729366,226.45263157894738,30.862368869362506,226.45263157894738,30.862368869362506,0.8345700316364683,0.38577961086703133,True,12,6,4,4,"fly (4,6)",0.19999999999999996,2.7922498554077038,-10.518565644881392,10.882871058718992,54.41435529359497,52.59282822440697,225.72085319399298,51.36931377468333,49.96657283603099,30.76263757328695,7.1676767597147535,6.809754389919043,1.4656563794082256,7.32828189704113,6.933600870362844
4,0.8,961.4655172413793,522.2241379310344,956,514,12,19,155.4655172413793,16.990766911626153,234.77586206896558,31.996710333078784,234.77586206896558,31.996710333078784,0.8495383455813077,0.3999588791634848,True,12,6,4,4,"fly (4,6)",0.20000000000000007,2.7392014519056147,-8.323230490018204,8.762384971233033,43.81192485616515,41.61615245009101,235.32074048618793,49.85316762143492,47.9994364609748,32.07096974258098,5.671707318581392,6.541660846470154,1.1731797497598135,5.865898748799066,6.705273735506043
5,1.0,963.9644970414201,512.2662721893491,959,504,12,19,157.96449704142015,17.263879458078705,244.73372781065086,33.35383002530165,244.73372781065086,33.35383002530165,0.8631939729039352,0.41692287531627065,True,12,6,4,4,"fly (4,6)",0.19999999999999996,2.4989798000408427,-9.957865741685282,10.266644542908923,51.333222714544625,49.789328708426424,243.8828875757662,45.241087429616464,42.81073544789128,33.23787224201243,6.785598461114317,5.834512497157244,1.3843281121355862,6.9216405606779325,6.0500110929002915
6,1.2,967.2847682119206,504.86092715231786,962,498,12,16,161.28476821192055,17.626750624253614,252.13907284768214,34.36307636765685,252.13907284768214,34.36307636765685,0.8813375312126805,0.42953845459571066,True,12,6,4,4,"fly (4,6)",0.19999999999999996,3.320271170500405,-7.405345037031282,8.115622943627923,40.578114718139624,37.026725185156415,249.75572228517203,31.09510145731072,29.364173547029214,34.03825857378835,5.0462317117760245,4.00193165887961,1.0724987938447752,5.362493969223877,4.155585105809995
7,1.4,967.1830985915493,504.6056338028169,962,498,12,15,161.1830985915493,17.61563919033326,252.3943661971831,34.39786932840655,252.3943661971831,34.39786932840655,0.8807819595166629,0.42997336660508195,True,12,6,4,4,"fly (4,6)",0.19999999999999996,-0.10166962037123994,-0.2552933495009597,0.2747933878495828,1.3739669392479144,1.2764667475047988,270.1793145164566,37.21607388749938,35.105288272270975,36.82171237021554,0.1739648037484898,4.784366374415122,0.03652415750563515,0.18262078752817582,4.971612252696187
11,2.2,951.8603603603603,450.9954954954955,946,440,12,24,145.86036036036035,15.941022990203317,306.0045045045045,41.704191414583235,306.0045045045045,41.704191414583235,0.7970511495101659,0.5213023926822905,True,12,6,4,4,"fly (4,6)",0.8000000000000003,-15.322738231188964,-53.61013830732139,55.7569120040885,69.69614000511059,67.01267288415171,295.2016987942072,59.02809625869145,58.09924850460118,40.23191806394646,9.132902607720853,7.918125860933716,7.49577760106921,9.369722001336509,8.000113881668865
12,2.4,952.0778210116732,429.79377431906613,946,419,14,24,146.07782101167322,15.964789181603631,327.20622568093387,44.59369344884959,327.20622568093387,44.59369344884959,0.7982394590801816,0.5574211681106199,True,12,6,4,4,"fly (4,6)",0.19999999999999973,0.2174606513128765,-21.201721176429373,21.20283636634314,106.01418183171583,106.00860588214701,326.67310797847944,91.24496826457595,90.34437303720976,44.52103686248443,14.447510171331805,12.312691384968971,2.8895997712283776,14.447998856141908,12.392166343622689
13,2.6,951.76171875,410.19140625,946,399,13,24,145.76171875,15.930242486338798,346.80859375,47.265225724020446,346.80859375,47.265225724020446,0.7965121243169399,0.5908153215502555,True,12,6,4,4,"fly (4,6)",0.20000000000000018,-0.31610226167322253,-19.60236806906613,19.604916591380295,98.02458295690138,98.01184034533057,344.0234583288298,86.76001986401324,86.75175175175178,46.88565019813694,13.357661375854258,11.823066678262599,2.6717556346779325,13.35877817338965,11.823791315621904
14,2.8,951.9325396825396,398.94444444444446,946,388,13,24,145.93253968253964,15.948911440714715,358.05555555555554,48.79803142154079,358.05555555555554,48.79803142154079,0.7974455720357357,0.6099753927692598,True,12,6,4,4,"fly (4,6)",0.19999999999999973,0.17082093253964103,-11.246961805555543,11.24825896068449,56.24129480342253,56.23480902777779,361.0823206018519,85.59151432182169,85.29431136511019,49.210537731087136,7.664028487601736,11.624437664750957,1.5329193834668287,7.664596917334153,11.650523583168678
15,3.0,954.6015625,378.6171875,948,368,14,23,148.6015625,16.24060792349727,378.3828125,51.56835604770017,378.3828125,51.56835604770017,0.8120303961748634,0.6446044505962522,True,12,6,4,4,"fly (4,6)",0.20000000000000018,2.669022817460359,-20.327256944444457,20.50173304102825,102.50866520514116,101.6362847222222,377.27697667967556,81.46348175689174,80.97328038911843,51.41764588479395,13.851623130796883,11.035540768534021,2.7856391317564477,13.928195658782226,11.07856256718947
16,3.2,956.6115702479339,361.60743801652893,950,351,14,23,150.61157024793386,16.460280901413537,395.39256198347107,53.88655018514086,395.39256198347107,53.88655018514086,0.8230140450706768,0.6735818773142608,True,12,6,4,4,"fly (4,6)",0.20000000000000018,2.010007747933855,-17.00974948347107,17.128097052422326,85.64048526211155,85.04874741735527,393.0825322352311,79.80325460722992,79.02777777777779,53.57172500650509,11.590970687203448,10.77039560855574,2.328579025090408,11.642895125452029,10.838495234539897
17,3.4,958.484126984127,351.52777777777777,952,341,14,23,152.484126984127,16.664931910833552,405.47222222222223,55.26026878667424,405.47222222222223,55.26026878667424,0.8332465955416776,0.690753359833428,True,12,6,4,4,"fly (4,6)",0.19999999999999973,1.8725567361931326,-10.07966023875116,10.252122670887399,51.26061335443706,50.39830119375586,407.6084195046645,73.21542217353444,72.62943634716727,55.55140299893213,6.86859300766689,9.898389962135232,1.3888789838770856,6.944394919385437,9.949849462306045
18,3.6,959.901185770751,335.0395256916996,954,324,14,24,153.901185770751,16.819801723579346,421.9604743083004,57.50739002498131,421.9604743083004,57.50739002498131,0.8409900861789672,0.7188423753122664,True,12,6,4,4,"fly (4,6)",0.20000000000000018,1.4170587866240112,-16.48825208607815,16.549033580810956,82.74516790405471,82.44126043039067,422.1345502957897,73.04381281820689,72.63065395562576,57.53111418000541,11.235606191535357,9.898555905366367,2.2524516684161355,11.262258342080667,9.934847685570025
19,3.8,959.195020746888,318.0290456431535,953,307,14,24,153.19502074688796,16.742625218239123,438.9709543568465,59.82568372836068,438.9709543568465,59.82568372836068,0.8371312609119561,0.7478210466045085,True,12,6,4,4,"fly (4,6)",0.19999999999999973,-0.7061650238630364,-17.01048004854613,17.02513143922576,85.12565719612891,85.05240024273076,438.23760172778856,80.82198799629998,80.51525715999396,59.72573788453676,11.591468516896855,10.973118522656762,2.319577959048791,11.597889795243969,11.000027452950143
20,4.0,960.9919028340081,303.2186234817814,955,292,13,24,154.9919028340081,16.939005774208535,453.7813765182186,61.844139900268296,453.7813765182186,61.844139900268296,0.8469502887104268,0.7730517487533537,True,12,6,4,4,"fly (4,6)",0.20000000000000018,1.7968820871201387,-14.810422161372117,14.919027777743278,74.59513888871632,74.05211080686051,452.0998853259819,69.67248825338216,69.31141799096717,61.61497585362616,10.09228085953807,9.446189845446979,2.0279868443051603,10.139934221525792,9.47787843111355
21,4.2,962.3456790123457,293.4526748971193,956,282,14,24,156.34567901234573,17.086959454901173,463.5473251028807,63.1751039322495,463.5473251028807,63.1751039322495,0.8543479727450586,0.7896887991531187,True,12,6,4,4,"fly (4,6)",0.20000000000000018,1.3537761783376254,-9.765948584662056,9.859333735060256,49.296668675301234,48.829742923310235,463.8498269472928,59.9753327608203,58.74970810655444,63.216330759426626,6.65482015990601,8.00677452900232,1.3391622553141798,6.695811276570893,8.114906077422411
22,4.4,965.7619047619048,282.7792207792208,959,272,14,23,159.76190476190482,17.460317460317466,474.2207792207792,64.62974844576208,474.2207792207792,64.62974844576208,0.8730158730158734,0.8078718555720259,True,12,6,4,4,"fly (4,6)",0.20000000000000018,3.4162257495590893,-10.67345411789853,11.206838143688683,56.03419071844337,53.3672705894926,472.90124221375214,46.557575525385055,45.25707633229654,64.44991375996622,7.273222567562876,6.1679150026979945,1.5017945468341112,7.508972734170549,6.282678126989708
23,4.6,967.206008583691,276.06437768240346,961,265,13,24,161.20600858369096,17.618143014611032,480.93562231759654,65.54488890188709,480.93562231759654,65.54488890188709,0.8809071507305517,0.8193111112735887,True,12,6,4,4,"fly (4,6)",0.1999999999999993,1.4441038217861433,-6.714843096817333,6.868373436482085,34.341867182410546,33.574215484086785,482.54010635471633,49.464674194627435,48.19432070482085,65.76355793590682,4.575702280625096,6.568220879703002,0.928650074045533,4.6432503702276815,6.680331643836542
24,4.8,968.5257731958764,264.5360824742268,963,253,11,24,162.52577319587635,17.76237958424878,492.4639175257732,67.1160364600713,492.4639175257732,67.1160364600713,0.8881189792124391,0.8389504557508913,True,12,6,4,4,"fly (4,6)",0.20000000000000018,1.319764612185395,-11.528295208176644,11.603592936605688,58.01796468302839,57.64147604088317,493.2335815542156,53.89769569435731,53.46737599749655,67.22093104657112,7.855737790921033,7.286865553321509,1.5777543654222808,7.8887718271113965,7.324683650968672
25,5.0,969.4277108433735,250.6987951807229,965,239,9,23,163.42771084337346,17.86095200474027,506.30120481927713,69.00186777775498,506.30120481927713,69.00186777775498,0.8930476002370135,0.8625233472219372,True,12,6,4,4,"fly (4,6)",0.20000000000000018,0.9019376474971068,-13.83728729350392,13.86665104352661,69.333255217633,69.18643646751968,505.52271754936015,61.67271015026813,61.44567997572281,68.8957707051939,9.4291565884184,8.374198293113833,1.8884057511133887,9.442028755566936,8.394112022873705
26,5.2,970.280303030303,239.1969696969697,967,228,7,22,164.280303030303,17.95413147872164,517.8030303030303,70.5694078777554,517.8030303030303,70.5694078777554,0.897706573936082,0.8821175984719425,True,12,6,4,4,"fly (4,6)",0.20000000000000018,0.8525921869295416,-11.501825483753208,11.533382110028613,57.666910550143015,57.509127418765566,517.8406522137649,61.77774143431443,61.58967332202361,70.57453522504461,7.8377005000020645,8.393822599253646,1.5703070971885573,7.8515354859427795,8.410314931864363
27,5.4,971.379746835443,227.58227848101265,969,218,5,20,165.37974683544303,18.074289271633116,529.4177215189874,72.15233001962349,529.4177215189874,72.15233001962349,0.9037144635816559,0.9019041252452936,True,12,6,4,4,"fly (4,6)",0.20000000000000018,1.0994438051400266,-11.614691215957038,11.666611707033466,58.333058535167275,58.073456079785565,529.8666873889484,60.27853133104677,60.13017587591742,72.21351787242908,7.914610709340472,8.194913236922291,1.5874761108166755,7.93738055408337,8.207923563211333
28,5.6,971.7586206896551,214.6206896551724,970,206,4,18,165.75862068965512,18.115696250235533,542.3793103448276,73.91881571990835,542.3793103448276,73.91881571990835,0.9057848125117766,0.9239851964988545,True,12,6,4,4,"fly (4,6)",0.1999999999999993,0.3788738542120882,-12.961588825840238,12.967124981565961,64.83562490783004,64.80794412920113,541.9471587694198,60.50590866328991,60.40235690235709,73.8599194234303,8.832428501424335,8.2320077550061,1.7669709299215637,8.83485464960785,8.241089249175927
29,5.8,972.088888888889,202.95555555555555,971,195,3,17,166.08888888888896,18.1517911353977,554.0444444444445,75.50861253075905,554.0444444444445,75.50861253075905,0.9075895567698851,0.9438576566344881,True,12,6,4,4,"fly (4,6)",0.20000000000000018,0.3302681992338421,-11.665134099616864,11.669808509374493,58.34904254687241,58.325670498084556,555.3145849297574,66.85427711474115,66.8371308016877,75.68171515226676,7.9489840542534935,9.10897864418232,1.5902065087673132,7.9510325438365586,9.11048146981801
30,6.0,972.04,187.48,971,179,3,18,166.03999999999996,18.14644808743169,569.52,77.61771720613288,569.52,77.61771720613288,0.9073224043715845,0.970221465076661,True,12,6,4,4,"fly (4,6)",0.20000000000000018,-0.04888888888899601,-15.475555555555559,15.475632777904215,77.378163889521,77.37777777777744,568.6249297573436,66.56078585407805,66.55172413793115,77.49573148311326,10.545523376869133,9.070081654232512,2.1091114432019253,10.545557216009618,9.070875879324605
31,6.2,972.1724137931035,174.68965517241378,971,170,3,12,166.1724137931035,18.16091954022989,582.3103448275863,79.36086471244786,582.3103448275863,79.36086471244786,0.9080459770114945,0.9920108089055985,True,12,6,4,4,"fly (4,6)",0.20000000000000018,0.13241379310352386,-12.79034482758621,12.791030225168159,63.955151125840736,63.95172413793142,579.1555694879834,52.67181540577628,52.65319865319854,78.93091236633502,8.71573753157491,7.175904416108801,1.7432075756255292,8.716037878127638,7.177536849872346
32,6.4,971.9090909090909,171.36363636363637,971,170,3,4,165.90909090909088,18.13214108296075,585.6363636363636,79.81415518042434,585.6363636363636,79.81415518042434,0.9066070541480375,0.9976769397553042,True,12,6,4,4,"fly (4,6)",0.20000000000000018,-0.2633228840126094,-3.3260188087774054,3.336426240393423,16.6821312019671,16.63009404388673,583.973354231975,40.31864116390391,40.29090909090908,79.5875099464361,2.266452339882361,5.491094935728635,0.454203091095956,2.271015455479778,5.493526666803708
0,0.0,828.2357723577236,514.2113821138212,824,507,10,16,22.23577235772359,2.430139055488917,242.78861788617883,33.088738383124884,242.78861788617883,33.088738383124884,0.12150695277444584,0.413609229789061,True,13,7,4,4,"fly (4,7)",,,,,,,251.42970717317792,43.775779286912886,43.20544643499545,34.26639961474316,,5.888306158091368,,,5.9384073027939595
1,0.2,831.0530973451328,496.929203539823,827,490,9,16,25.053097345132755,2.738043425697569,260.070796460177,35.44406084636143,260.070796460177,35.44406084636143,0.13690217128487844,0.4430507605795179,True,13,7,4,4,"fly (4,7)",0.2,2.8173249874091653,-17.28217857399818,17.510311714765155,87.55155857382577,86.4108928699909,259.97612662119906,58.493172155196156,57.133912718437614,35.43115865365575,11.776612316182735,7.786563913926763,2.375362921117584,11.876814605587919,7.90628588425746
2,0.4,835.5603448275862,479.9310344827586,831,473,10,16,29.560344827586164,3.2306387789711652,277.0689655172414,37.76067673148094,277.0689655172414,37.76067673148094,0.16153193894855827,0.47200845914351175,True,13,7,4,4,"fly (4,7)",0.2,4.507247482453408,-16.998169057064388,17.585591578352542,87.9279578917627,84.99084528532194,274.13566778557623,73.2667668300496,70.79770582188587,37.360908727165416,11.583079425597553,9.648750367548319,2.368408609436892,11.84204304718446,9.867075594140353
3,0.6,838.9310344827586,471.73275862068965,835,465,10,16,32.931034482758605,3.5990201620501208,285.26724137931035,38.877988603653876,285.26724137931035,38.877988603653876,0.17995100810250603,0.4859748575456735,True,13,7,4,4,"fly (4,7)",0.19999999999999996,3.3706896551724412,-8.198275862068954,8.864156804912069,44.32078402456035,40.991379310344776,289.3977832512315,79.03454301540528,76.31057732827637,39.440924463540924,5.58655936086467,10.400078681877536,1.1764738259297358,5.88236912964868,10.640847787433103
4,0.8,842.9107142857143,451.14285714285717,839,444,9,16,36.910714285714334,4.03395784543326,305.85714285714283,41.684108055487954,305.85714285714283,41.684108055487954,0.20169789227166304,0.5210513506935994,True,13,7,4,4,"fly (4,7)",0.20000000000000007,3.9796798029557294,-20.589901477832484,20.970977425978553,104.85488712989273,102.94950738916239,307.83202188412747,93.95523619598764,92.17119316447963,41.953256815554,14.030597259170387,12.561661760065364,2.8396262370932344,14.198131185466167,12.719538255790654
5,1.0,844.0265486725664,424.6283185840708,840,418,9,15,38.02654867256638,4.155906958750424,332.3716814159292,45.29767378752016,332.3716814159292,45.29767378752016,0.2077953479375212,0.566220922344002,True,13,7,4,4,"fly (4,7)",0.19999999999999996,1.1158343868520433,-26.51453855878634,26.53800748670196,132.69003743350984,132.57269279393174,331.628095485982,120.1935505747,118.98036800927268,45.19633328599414,18.067828660161037,16.21538235220072,3.6156228904514225,18.078114452257118,16.32200007228556
6,1.2,840.0504201680673,400.34453781512605,836,393,9,16,34.05042016806726,3.7213573954171872,356.65546218487395,48.60721801497431,356.65546218487395,48.60721801497431,0.18606786977085935,0.6075902251871788,True,13,7,4,4,"fly (4,7)",0.19999999999999996,-3.9761285044991155,-24.28378076894478,24.607145432139475,123.0357271606974,121.41890384472393,355.8310543394263,122.28102281313868,121.01479426722157,48.49486260162539,16.547721137270738,16.49264657815625,3.33795091582668,16.689754579133403,16.60393291100942
7,1.4,835.7864077669902,378.53398058252424,832,372,9,15,29.786407766990237,3.255345111146474,378.46601941747576,51.5796960023817,378.46601941747576,51.5796960023817,0.1627672555573237,0.6447462000297713,True,13,7,4,4,"fly (4,7)",0.19999999999999996,-4.264012401077025,-21.81055723260181,22.22346076904175,111.11730384520878,109.05278616300907,381.1298409464877,128.78062202558127,126.49393303530697,51.94273811877175,14.862389937036976,17.239377585731784,3.0087859403275474,15.04392970163774,17.440446007900785
8,1.6,829.5979381443299,348.7319587628866,826,342,9,15,23.597938144329873,2.5790096332600956,408.2680412371134,55.64130033895923,408.2680412371134,55.64130033895923,0.12895048166300477,0.6955162542369904,True,13,7,4,4,"fly (4,7)",0.20000000000000018,-6.188469622660364,-29.802021819637616,30.43776701416756,152.18883507083765,149.01010909818794,406.88531188486303,131.18363288548528,128.77735469187672,55.45285340849923,20.308021682887638,17.55057644863736,4.117530748586245,20.587653742931206,17.76217154282008
9,1.8,825.078125,323.078125,823,317,6,13,19.078125,2.0850409836065573,433.921875,59.13756388415673,433.921875,59.13756388415673,0.10425204918032786,0.7392195485519591,True,13,7,4,4,"fly (4,7)",0.19999999999999996,-4.5198131443298735,-25.65383376288662,26.04895194808188,130.24475974040942,128.26916881443313,421.09495811855663,141.21679740562354,138.63963895631053,57.38943211155799,17.48131772598747,18.894669704437554,3.5309862367782583,17.654931183891296,19.12129246341125
0,0.0,826.8101265822785,426.0379746835443,823,412,10,29,20.810126582278485,2.2743307740195067,330.9620253164557,45.10555711297523,330.9620253164557,45.10555711297523,0.11371653870097533,0.5638194639121903,True,14,8,4,4,"fly (4,8)",,,,,,,328.66362135388,11.566208868126166,-11.492019812878453,44.79231636850153,,-1.56620372236846,,,1.5727131646125587
1,0.2,826.2869565217392,430.6347826086957,823,423,8,17,20.28695652173917,2.21715371822286,326.3652173913043,44.47907562402784,326.3652173913043,44.47907562402784,0.110857685911143,0.5559884453003481,True,14,8,4,4,"fly (4,8)",0.2,-0.5231700605393144,4.596807925151381,4.626483547250467,23.132417736252332,-22.984039625756907,328.66362135388,11.566208868126166,-11.492019812878453,44.79231636850153,-3.13240744473692,-1.56620372236846,0.6290852658450236,3.1454263292251174,1.5727131646125587
1,0.2,600.4848484848485,681.7575757575758,600,674,2,17,17.4848484848485,1.8308741868951308,78.24242424242425,10.754972404456941,78.24242424242425,10.754972404456941,0.09154370934475654,0.13443715505571177,True,15,3,3,3,"fly (3,3)",,,,,,,79.9939393939394,8.75758886441296,8.75757575757575,10.995730500885141,,1.2037904821409962,,,1.2037915276416198
2,0.4,600.4909090909091,678.2545454545455,600,665,2,28,17.4909090909091,1.8315088053307957,81.74545454545455,11.23648859731334,81.74545454545455,11.23648859731334,0.09157544026653978,0.14045610746641676,True,15,3,3,3,"fly (3,3)",0.2,0.0060606060606005485,-3.5030303030303003,3.503035545765184,17.51517772882592,17.5151515151515,79.57735494479682,10.840508528301404,0.8362696734790601,10.93846803364905,2.4075809642819923,0.11495115786653765,0.48151661105664795,2.4075830552832396,1.4901036578761737
3,0.6,600.4883720930233,681.2558139534883,600,671,2,22,17.48837209302326,1.8312431511019118,78.74418604651169,10.823943099176864,78.74418604651169,10.823943099176864,0.0915621575550956,0.1352992887397108,True,15,3,3,3,"fly (3,3)",0.19999999999999996,-0.0025369978858407194,3.0012684989428635,3.0012695712156585,15.006347856078296,-15.006342494714321,83.07230443974633,14.168223191500955,4.163965233732747,11.418873462508087,-2.0627274906823794,0.5723663551522677,0.4125455836690562,2.0627279183452814,1.9475203789589328
8,1.6,600.4545454545455,671.2727272727273,600,669,2,6,17.454545454545496,1.8277010947168058,88.72727272727275,12.196188691034054,88.72727272727275,12.196188691034054,0.0913850547358403,0.1524523586379257,True,15,3,3,3,"fly (3,3)",1.0,-0.03382663847776257,-9.983086680761062,9.983143989598648,9.983143989598648,9.983086680761062,85.39957716701906,8.329830615225648,-1.6744186046510865,11.738773493748324,1.3722455918571903,-0.2301606329417297,1.372250163248278,1.372250163248278,1.1449926938645199
9,1.8,600.4545454545455,671.2727272727273,600,669,2,6,17.454545454545496,1.8277010947168058,88.72727272727275,12.196188691034054,88.72727272727275,12.196188691034054,0.0913850547358403,0.1524523586379257,True,15,3,3,3,"fly (3,3)",0.19999999999999996,0.0,0.0,0.0,0.0,0.0,88.72727272727275,3.3277146631995493,3.3276955602536873,12.196188691034054,0.0,0.4574151972857301,0.0,0.0,0.4574167210827593
10,2.0,600.4545454545455,671.2727272727273,600,669,2,6,17.454545454545496,1.8277010947168058,88.72727272727275,12.196188691034054,88.72727272727275,12.196188691034054,0.0913850547358403,0.1524523586379257,True,15,3,3,3,"fly (3,3)",0.19999999999999996,0.0,0.0,0.0,0.0,0.0,84.22843822843826,5.623543878401328,-5.6235431235431115,11.577792196348902,0.0,-0.772995618356441,0.0,0.0,0.7729956785696334
14,2.8,600.4615384615385,684.7692307692307,600,682,2,7,17.461538461538453,1.8284333467579532,75.23076923076928,10.340999206978596,75.23076923076928,10.340999206978596,0.09142166733789765,0.12926249008723245,True,15,3,3,3,"fly (3,3)",0.7999999999999998,0.006993006992956907,13.496503496503465,13.496505308163185,16.870631635203985,-16.870629370629334,85.23162802110171,9.06230999155297,-2.1847779413568964,11.715687700495081,-2.318986855069323,-0.30031311908685826,1.8551896285671199,2.3189870357089,1.2456782521000518
22,4.4,600.4736842105264,668.2631578947369,600,664,2,10,17.473684210526358,1.829705152934697,91.73684210526312,12.609875203472594,91.73684210526312,12.609875203472594,0.09148525764673486,0.15762344004340742,True,15,3,3,3,"fly (3,3)",1.6000000000000005,0.01214574898790488,-16.50607287449384,16.506077343127888,10.316298339454926,10.316295546558646,86.40096848455983,9.893079370088197,-1.354024587383643,11.87642178481922,1.4180474978087483,-0.18612021819706512,2.268876352946009,1.4180477205912552,1.359872431235071
23,4.6,600.4705882352941,667.7647058823529,600,664,2,9,17.470588235294144,1.8293809670465073,92.23529411764707,12.67839094400647,92.23529411764707,12.67839094400647,0.09146904835232536,0.15847988680008088,True,15,3,3,3,"fly (3,3)",0.1999999999999993,-0.003095975232213277,-0.4984520123839502,0.49846162712113373,2.4923081356056773,2.49226006191976,91.9860681114551,6.404303237530302,6.404277804239203,12.64413307373953,0.3425787026693795,0.8803131002390638,0.06851650748101128,0.3425825374050576,0.8803151289981563
1,0.2,834.9947916666666,388.328125,829,379,13,20,28.99479166666663,3.1688296903460795,368.671875,50.24488926746167,368.671875,50.24488926746167,0.15844148451730397,0.6280611158432708,True,16,9,4,4,"fly (4,9)",,,,,,,384.48542203608247,84.44500861260423,79.06773518041234,52.40005751769438,,10.77584125116351,,,11.252588288043404
2,0.4,846.8556701030927,356.70103092783506,841,347,13,21,40.855670103092734,4.465100557715053,400.29896907216494,54.55522576792708,400.29896907216494,54.55522576792708,0.22325502788575263,0.6819403220990885,True,16,9,4,4,"fly (4,9)",0.2,11.860878436426106,-31.627094072164937,33.77800344504169,168.89001722520845,158.13547036082468,398.1446327531191,99.03966449507368,94.6519653119869,54.261619455280275,21.55168250232702,12.899756771650672,4.501035315217361,22.505176576086807,13.288187955983105
3,0.6,851.8029556650247,331.53694581280786,846,322,13,21,45.80295566502468,5.0057875043742825,425.46305418719214,57.984743330452076,425.46305418719214,57.984743330452076,0.25028937521871414,0.724809291630651,True,16,9,4,4,"fly (4,9)",0.19999999999999996,4.947285561931949,-25.164085115027206,25.645795252002504,128.22897626001256,125.82042557513606,427.2831339667112,150.43733772636622,145.69250606796118,58.232795089159964,17.147587812625,19.85587816939844,3.4718774583725005,17.359387291862507,20.275647610037808
4,0.8,855.4320388349514,300.9126213592233,850,291,12,22,49.43203883495141,5.402408615841685,456.0873786407767,62.15841616910074,456.0873786407767,62.15841616910074,0.2701204307920842,0.7769802021137593,True,16,9,4,4,"fly (4,9)",0.20000000000000007,3.62908316992673,-30.624324453584563,30.838603938775552,154.19301969387772,153.12162226792276,458.8954517193553,160.90969785922897,158.06158876322021,62.54111778117277,20.86836419324331,21.54161346006408,4.192475792432823,20.96237896216411,21.792173782901813
5,1.0,864.3834951456311,261.86407766990294,859,252,12,22,58.38349514563106,6.380709851981536,495.13592233009706,67.48019384396552,495.13592233009706,67.48019384396552,0.3190354925990768,0.8435024230495691,True,16,9,4,4,"fly (4,9)",0.19999999999999996,8.951456310679646,-39.048543689320354,40.061419524759316,200.30709762379664,195.24271844660183,493.7943084613398,179.28860720380774,174.49428370992246,67.29735038655397,26.608888374323925,23.781163026905954,5.410951018935764,27.054755094678825,24.20401876335249
6,1.2,875.2582159624413,226.84037558685446,869,216,13,23,69.25821596244134,7.569203930321458,530.1596244131456,72.25344114659565,530.1596244131456,72.25344114659565,0.3784601965160729,0.9031680143324456,True,16,9,4,4,"fly (4,9)",0.19999999999999996,10.874720816810282,-35.02370208304848,36.67314085874976,183.36570429374885,175.1185104152427,527.2085634279708,175.3356687905157,167.07127483315526,71.8512522559415,23.86623651315063,22.769509346937692,4.918984446642907,24.59492223321454,23.50141565633605
7,1.4,886.4593301435407,200.66985645933013,879,191,17,21,80.45933014354068,8.79336941459461,556.3301435406698,75.82012177726335,556.3301435406698,75.82012177726335,0.43966847072973053,0.9477515222157918,True,16,9,4,4,"fly (4,9)",0.19999999999999996,11.201114181099342,-26.17051912752433,28.466840890800327,142.33420445400168,130.85259563762125,553.1085296164459,143.49528270115192,129.49983094237552,75.38106025437084,17.833403153338526,17.649039992146594,3.7709139282229573,18.85456964111479,18.909137313266058
8,1.6,899.3731343283582,184.16417910447763,892,175,17,21,93.37313432835822,10.2047141342468,572.8358208955224,78.06961783925348,572.8358208955224,78.06961783925348,0.51023570671234,0.9758702229906684,True,16,9,4,4,"fly (4,9)",0.20000000000000018,12.913804184817536,-16.50567735485251,20.957187871141056,104.78593935570518,82.52838677426261,570.0508169742262,96.1895851237734,84.71143678890142,77.69006023498825,11.247480309950635,11.544999903087096,2.655584013093771,13.277920065468845,12.582574875400402
9,1.8,900.8851351351351,176.01351351351352,895,170,15,15,94.8851351351351,10.369960124058482,580.9864864864865,79.1804410884479,580.9864864864865,79.1804410884479,0.5184980062029241,0.9897555136055988,True,16,9,4,4,"fly (4,9)",0.19999999999999996,1.5120008067768822,-8.15066559096411,8.289722312322667,41.44861156161334,40.75332795482041,579.8360072225744,57.945225110268176,42.39924596503541,79.02364664021457,5.554116245972126,5.778432158778258,1.1230469839235142,5.615234919617572,7.308825472537516
15,3.0,933.6714285714286,171.31428571428572,924,170,20,4,127.67142857142858,13.953161592505856,585.6857142857143,79.82088099294232,585.6857142857143,79.82088099294232,0.6976580796252928,0.9977610124117791,True,16,9,4,4,"fly (4,9)",1.2,32.78629343629348,-4.699227799227799,33.12134929618321,27.601124413486012,3.9160231660232134,583.0372537372538,63.02510010439297,9.479527296691376,79.4599323662356,0.5336999204120119,1.2919287627518026,3.639985719031358,3.0333214325261317,7.277502679994394
16,3.2,957.4560439560439,174.56043956043956,948,170,21,11,151.4560439560439,16.552573109950153,582.4395604395604,79.37847501731657,582.4395604395604,79.37847501731657,0.8276286554975077,0.9922309377164572,True,16,9,4,4,"fly (4,9)",0.20000000000000018,23.784615384615336,3.2461538461538453,24.005112867615928,120.02556433807953,-16.230769230769496,581.3137888930993,71.65717822455481,-15.144029497477755,79.22504789003057,-2.21202987812873,-2.06392224837855,2.6367903375678985,13.18395168783948,8.01859245353811
17,3.4,969.183908045977,181.183908045977,965,176,9,11,163.18390804597698,17.834306890270707,575.816091954023,78.47578765983279,575.816091954023,78.47578765983279,0.8917153445135354,0.9809473457479098,True,16,9,4,4,"fly (4,9)",0.19999999999999973,11.727864089933064,6.623468485537444,13.468969184419763,67.3448459220989,-33.11734242768698,578.5049705509476,67.45802613089604,-14.04409171075847,78.84224470881739,-4.513436787418931,-1.9140159060658863,1.567700848049741,7.8385042402487155,7.588094354469354
18,3.6,971.8148148148148,179.74074074074073,970,176,4,9,165.81481481481478,18.12183768467921,577.2592592592592,78.67247144930279,577.2592592592592,78.67247144930279,0.9060918842339606,0.9834058931162849,True,16,9,4,4,"fly (4,9)",0.20000000000000018,2.6309067688378036,-1.4431673052362726,3.0007336265019418,15.003668132509695,7.215836526181072,578.6593763303534,37.47313099095435,0.7720288970290264,78.86328808590848,0.9834189473500023,0.10521688545542378,0.34836542706397366,1.7418271353198669,4.530083164669992
19,3.8,969.7361111111111,174.09722222222223,966,170,8,10,163.7361111111111,17.894656952033998,582.9027777777778,79.44160514858983,582.9027777777778,79.44160514858983,0.8947328476016999,0.9930200643573728,True,16,9,4,4,"fly (4,9)",0.19999999999999973,-2.0787037037036953,-5.643518518518505,6.014175783650887,30.070878918254476,28.21759259259299,581.6186381960192,20.475216591186296,14.7963093283291,79.26659464340976,3.8456684964352004,2.016532787506526,0.8019836236882777,4.0099181184413935,2.560598896731116
20,4.0,967.0,172.30612244897958,963,170,9,7,161.0,17.595628415300546,584.6938775510205,79.6857073323367,584.6938775510205,79.6857073323367,0.8797814207650273,0.9960713416542086,True,16,9,4,4,"fly (4,9)",0.20000000000000018,-2.736111111111086,-1.7910997732426495,3.2702205445589465,16.351102722794717,8.95549886621324,584.5560279667424,18.45717323522483,14.686948853615535,79.66692033618294,1.2205109187343754,2.001628463865829,0.38601028728641784,1.9300514364320875,2.355812545210824
21,4.2,965.8571428571429,170.92857142857142,964,170,5,3,159.8571428571429,17.47072599531616,586.0714285714286,79.87344852762229,586.0714285714286,79.87344852762229,0.8735362997658082,0.9984181065952786,True,16,9,4,4,"fly (4,9)",0.20000000000000018,-1.1428571428571104,-1.3775510204081627,1.7899076129250604,8.949538064625294,6.887755102040381,584.8420585625555,32.044223158451274,1.4301529790659113,79.70590235946243,0.9387059764279106,0.19491011639739,0.2254936161517983,1.1274680807589905,3.6185557392169074
22,4.4,951.8804347826087,173.2391304347826,946,170,14,9,145.88043478260875,15.943216916132103,583.7608695652174,79.55855121842826,583.7608695652174,79.55855121842826,0.7971608458066052,0.9944818902303533,True,16,9,4,4,"fly (4,9)",0.20000000000000018,-13.976708074534145,2.3105590062111787,14.166405737586777,70.83202868793381,-11.552795031055883,584.0344948591079,30.23834627424078,-4.037818517237506,79.59584257023619,-1.574486545970116,-0.5502989461312079,1.5596295400919307,7.798147700459646,3.4218757444268966
23,4.6,950.2796610169491,174.72881355932202,944,170,14,11,144.27966101694915,15.768268963601,582.271186440678,79.35552796465798,582.271186440678,79.35552796465798,0.78841344818005,0.9919440995582248,True,16,9,4,4,"fly (4,9)",0.1999999999999993,-1.6007737656595964,1.4896831245394253,2.18669441403264,10.933472070163239,-7.448415622697011,580.4608069897996,42.7327042298142,-17.868439346541624,79.10879822688922,-1.0151162688514184,-2.4352217167348056,0.2680022904124097,1.3400114520620532,4.9808311120396835
24,4.8,944.0875912408759,181.64963503649636,937,174,15,16,138.0875912408759,15.091540026325234,575.3503649635036,78.4123154975814,575.3503649635036,78.4123154975814,0.7545770013162617,0.9801539437197676,True,16,9,4,4,"fly (4,9)",0.20000000000000018,-6.192069776073254,6.920821477174343,9.286522386269121,46.43261193134556,-34.60410738587197,577.7695420780378,20.151514288335793,-13.456324558808888,78.742015956121,-4.716062335382882,-1.8339113538410834,1.1608668367194717,5.804334183597353,2.502885184640593
25,5.0,944.6054421768707,181.312925170068,937,174,16,16,138.60544217687072,15.148135757035051,575.687074829932,78.45820440612361,575.687074829932,78.45820440612361,0.7574067878517526,0.9807275550765452,True,16,9,4,4,"fly (4,9)",0.20000000000000018,0.5178509359948293,-0.3367098664283503,0.6176917726997165,3.08845886349858,1.6835493321423185,575.8894374255524,18.475416613408782,-9.400523262427399,78.48578363550969,0.2294445427110501,-1.2811616030565398,0.07286198365247493,0.3643099182623743,2.3065798909009616
26,5.2,945.3154362416108,180.36912751677852,938,173,16,17,139.31543624161077,15.225730736788062,576.6308724832215,78.58683100282406,576.6308724832215,78.58683100282406,0.7612865368394031,0.9823353875353007,True,16,9,4,4,"fly (4,9)",0.20000000000000018,0.7099940647400445,-0.9437976532894936,1.181035809076442,5.905179045382204,4.718988266447464,576.8490379932733,5.691332236401112,4.798002838605075,78.6165639513831,0.643132983502212,0.6539015793669728,0.15021911416863176,0.7510955708431581,0.7374460843517019
27,5.4,945.0763888888889,178.77083333333334,941,170,10,18,139.0763888888889,15.199605343047969,578.2291666666666,78.80465644520159,578.2291666666666,78.80465644520159,0.7599802671523984,0.9850582055650198,True,16,9,4,4,"fly (4,9)",0.20000000000000018,-0.23904735272185462,-1.5982941834451765,1.6160717600645123,8.080358800322553,7.991470917225449,577.9416092940942,6.906069961551687,5.462856504103871,78.76546634331778,1.0891272118876563,0.7445119596734647,0.21938655278991503,1.0969327639495743,0.8808171378127243
28,5.6,946.2042253521126,178.03521126760563,942,170,10,17,140.20422535211264,15.322866158700835,578.9647887323944,78.90491158192769,578.9647887323944,78.90491158192769,0.7661433079350418,0.986311394774096,True,16,9,4,4,"fly (4,9)",0.1999999999999993,1.1278364632237299,-0.7356220657277106,1.3465344077900556,6.732672038950302,3.678110328638708,578.721293403697,5.278160155993819,3.8984205480142005,78.87172652861288,0.5012756836305261,0.531300926475543,0.1588846157290877,0.7944230786454414,0.6676697542525667
29,5.8,946.0,178.0300751879699,942,170,10,17,140.0,15.300546448087431,578.9699248120301,78.90561155870938,578.9699248120301,78.90561155870938,0.7650273224043715,0.9863201444838672,True,16,9,4,4,"fly (4,9)",0.20000000000000018,-0.20422535211264403,-0.0051360796357187155,0.204289925741721,1.0214496287086041,0.025680398178451445,579.1293169848321,10.026513083452562,2.0401179056756304,78.92733451241325,0.003499883908446574,0.27803991900178504,0.02233068403253711,0.11165342016268544,1.1179779353269328
30,6.0,941.5611510791367,177.54676258992805,937,170,11,17,135.56115107913672,14.815426347446635,579.453237410072,78.97148039660266,579.453237410072,78.97148039660266,0.7407713173723318,0.9871435049575332,True,16,9,4,4,"fly (4,9)",0.20000000000000018,-4.438848920863279,-0.4833125980418629,4.46508351653976,22.32541758269878,2.4165629902097385,580.9490250885268,16.383329966798133,9.098540518473127,79.175335616835,0.3293441894663826,1.2400055221087538,0.4895714614345349,2.447857307172672,2.01015784029069
31,6.2,940.1739130434783,172.57608695652175,933,170,16,7,134.17391304347825,14.663815633167022,584.4239130434783,79.64891489519295,584.4239130434783,79.64891489519295,0.733190781658351,0.9956114361899119,True,16,9,4,4,"fly (4,9)",0.20000000000000018,-1.38723803565847,-4.970675633406302,5.160624537797408,25.803122688987017,24.853378167031202,582.9014369824591,17.705572933399615,9.762059469661786,79.44142241668949,3.3871724929514326,1.3304339992724803,0.6941925587073432,3.470962793536713,2.1627195465940403
32,6.4,941.0864197530864,172.17283950617283,934,170,16,6,135.08641975308637,14.76354314241381,584.8271604938271,79.70387195827287,584.8271604938271,79.70387195827287,0.7381771571206905,0.9962983994784108,True,16,9,4,4,"fly (4,9)",0.20000000000000018,0.9125067096081239,-0.40324745034891407,0.9976357057026101,4.988178528513046,2.0162372517444265,584.6927446770442,10.428376125997906,8.956538472925208,79.68555293724623,0.2747853153996258,1.2206526027836861,0.11386770781454743,0.5693385390727367,1.3647571713613875
33,6.6,940.9876543209876,172.17283950617283,934,170,16,6,134.98765432098764,14.752749106118868,584.8271604938271,79.70387195827287,584.8271604938271,79.70387195827287,0.7376374553059434,0.9962983994784108,True,16,9,4,4,"fly (4,9)",0.1999999999999993,-0.09876543209873034,0.0,0.09876543209873034,0.4938271604936535,0.0,584.8306069958848,2.1400531929116138,0.6893115942028741,79.70434166894512,0.0,0.09394365849442932,0.0107940362949428,0.05397018147471419,0.24197519044574722
34,6.8,941.175,172.1625,934,170,16,6,135.17499999999995,14.773224043715842,584.8375,79.7052810902896,584.8375,79.7052810902896,0.7386612021857921,0.9963160136286201,True,16,9,4,4,"fly (4,9)",0.20000000000000018,0.18734567901231003,-0.010339506172840629,0.1876307779456284,0.9381538897281412,0.051697530864203096,584.7606481481481,1.8478591182044433,-0.34979423868302906,79.6948072433592,0.007045660083662136,-0.047672127929558834,0.020523370157958357,0.1026168507897917,0.20493271915287944
35,7.0,940.3827160493827,172.3827160493827,934,170,15,7,134.38271604938268,14.686635633812315,584.6172839506173,79.67526868151513,584.6172839506173,79.67526868151513,0.7343317816906157,0.9959408585189392,True,16,9,4,4,"fly (4,9)",0.20000000000000018,-0.792283950617275,0.22021604938271366,0.8223192608783078,4.111596304391536,-1.1010802469132832,584.7777207763319,4.183592840661045,0.08536314091865187,79.69713400699582,-0.15006204387233865,0.011633818183109185,0.09164222503882674,0.4582111251941333,0.4624916830584726
36,7.2,938.9054054054054,172.1216216216216,932,170,16,6,132.90540540540542,14.525180918623542,584.8783783783783,79.71085224918274,584.8783783783783,79.71085224918274,0.7262590459311772,0.9963856531147842,True,16,9,4,4,"fly (4,9)",0.20000000000000018,-1.4773106439772619,-0.26109442776109404,1.5002056655726925,7.501028327863456,1.3054721388050428,584.7704839342265,4.932791322627023,-0.036184210526360006,79.69614772527791,0.17791783833800406,-0.004931408589617561,0.1653294146382989,0.8266470731914938,0.5446528977093235
37,7.4,939.5394736842105,172.18421052631578,933,170,15,6,133.53947368421052,14.594477998274375,584.8157894736842,79.70232224513583,584.8157894736842,79.70232224513583,0.7297238999137187,0.9962790280641979,True,16,9,4,4,"fly (4,9)",0.20000000000000018,0.6340682788051026,0.06258890469416656,0.6371498671252164,3.185749335626079,-0.3129445234708325,584.8432036300125,4.035579222903649,0.36359847892886643,79.70605841635603,-0.0426500202345181,0.04955345539064143,0.06982009894846893,0.34910049474234434,0.4437135283139513
38,7.6,939.8227848101266,172.16455696202533,933,170,16,6,133.82278481012656,14.625440962855363,584.8354430379746,79.70500075474952,584.8354430379746,79.70500075474952,0.7312720481427681,0.9963125094343691,True,16,9,4,4,"fly (4,9)",0.1999999999999993,0.28331112591604324,-0.01965356429045073,0.2839920010442812,1.419960005221411,0.09826782145239611,584.8223406617809,1.6595496434325936,-0.10431484115694638,79.70321508167373,0.013392548068438306,-0.014216673411506018,0.03107860340160321,0.1553930170080166,0.1820099581251983
39,7.8,939.8947368421052,172.18421052631578,933,170,15,6,133.8947368421052,14.633304572907672,584.8157894736842,79.70232224513583,584.8157894736842,79.70232224513583,0.7316652286453836,0.9962790280641979,True,16,9,4,4,"fly (4,9)",0.20000000000000018,0.07195203197863975,0.01965356429045073,0.0745879178900583,0.37293958945029115,-0.09826782145239568,584.8420775038862,1.7285916132246417,0.09868421052639327,79.70590494090443,-0.013392548068438247,0.013449296153519684,0.008307272525046976,0.04153636262523484,0.1895060403239001
40,8.0,939.21875,172.125,934,170,13,6,133.21875,14.559426229508198,584.875,79.71039182282794,584.875,79.71039182282794,0.7279713114754098,0.9963798977853492,True,16,9,4,4,"fly (4,9)",0.20000000000000018,-0.6759868421052033,-0.0592105263157805,0.6785750490004454,3.392875245002224,0.29605263157918643,584.8453947368421,1.8829074172262572,0.09889240506339186,79.70635703398189,0.040347888460559,0.013477670196060373,0.07431774826769001,0.3715887413384497,0.20656255198184184
2,0.4,870.9717514124294,367.728813559322,865,359,13,18,64.9717514124294,7.100737859281901,389.271186440678,53.05229116738371,389.271186440678,53.05229116738371,0.3550368929640951,0.6631536395922963,True,17,10,4,4,"fly (4,10)",,,,,,,395.1139586049544,46.70527350089373,29.213860821381992,53.848580389090884,,3.981446108535885,,,5.6314329058467685
3,0.6,885.5480769230769,356.0432692307692,880,346,13,22,79.5480769230769,8.69377889869693,400.9567307692308,54.64486961079806,400.9567307692308,54.64486961079806,0.4346889449348465,0.6830608701349757,True,17,10,4,4,"fly (4,10)",0.19999999999999996,14.576325510647507,-11.685544328552794,18.68210940035749,93.41054700178746,58.427721642763984,402.69643444950754,60.903945524336386,47.650332829893124,54.88196721628723,7.96289221707177,6.494082838827009,2.252573162338707,11.262865811693537,7.735015429549224
4,0.8,891.3118811881188,339.13861386138615,886,329,12,21,85.31188118811883,9.32370286208949,417.86138613861385,56.94874087067991,417.86138613861385,56.94874087067991,0.4661851431044745,0.7118592608834989,True,17,10,4,4,"fly (4,10)",0.20000000000000007,5.7638042650419266,-16.90465536938308,17.860257914244343,89.30128957122169,84.52327684691537,415.33581243206476,78.78056599993063,63.19688991278591,56.604540024812906,11.519356299409257,8.612864042628416,2.3884360953908277,11.942180476954135,10.06298176436921
5,1.0,896.6067961165048,329.81067961165047,891,320,12,22,90.60679611650482,9.9023820892355,427.18932038834953,58.22000959296076,427.18932038834953,58.22000959296076,0.495119104461775,0.7277501199120094,True,17,10,4,4,"fly (4,10)",0.19999999999999996,5.294914928385992,-9.327934249735677,10.725972285356546,53.62986142678274,46.63967124867839,430.4288679876203,99.42664433289822,75.46527777777773,58.66151522829578,6.356343611404222,10.284876017414357,1.396779800891992,6.983899004459961,12.530336531108441
6,1.2,921.1538461538462,310.7641025641026,914,302,16,19,115.15384615384619,12.585119798234556,446.2358974358974,60.815795221246674,446.2358974358974,60.815795221246674,0.6292559899117278,0.7601974402655833,True,17,10,4,4,"fly (4,10)",0.19999999999999996,24.547050037341364,-19.046577047547885,31.069756400138036,155.34878200069022,95.23288523773944,446.2038861674044,120.46172899420299,78.87509089892045,60.811432527073855,12.978928141429588,10.749586493890357,3.7329860223822453,18.664930111911232,14.6684281533151
7,1.4,945.0282485875706,291.8135593220339,938,284,16,18,139.0282485875706,15.194344107931213,465.1864406779661,63.398492767014126,465.1864406779661,63.398492767014126,0.7597172053965606,0.7924811595876765,True,17,10,4,4,"fly (4,10)",0.19999999999999996,23.874402433724413,-18.950543242068704,30.48130871102719,152.40654355513598,94.75271621034354,467.93816499220287,157.70264220423687,108.67139412399256,63.77351482006173,12.913487728837264,14.810411464939373,3.6712910687148215,18.356455343574112,19.40561357005399
8,1.6,963.8300653594771,264.6078431372549,958,257,13,17,157.8300653594771,17.249187470981102,492.3921568627451,67.10625647192438,492.3921568627451,67.10625647192438,0.8624593735490551,0.8388282058990546,True,17,10,4,4,"fly (4,10)",0.20000000000000018,18.801816771906488,-27.205716184778964,33.0705202113769,165.35260105688437,136.0285809238947,491.54677531192425,148.64071440076597,118.04305159860705,66.9910426319488,18.538818524551264,16.08763905943535,4.239091050935331,21.195455254676634,18.9291305775979
9,1.8,970.7901234567901,239.93827160493828,968,232,6,16,164.79012345679007,18.009849558119132,517.0617283950617,70.46837865690789,517.0617283950617,70.46837865690789,0.9004924779059567,0.8808547332113487,True,17,10,4,4,"fly (4,10)",0.19999999999999996,6.960058097312981,-24.66957153231664,25.63259971805551,128.16299859027757,123.34785766158294,518.545234479875,146.4238531239289,134.99229583975352,70.67056006540034,16.81061092491753,18.39758716725769,3.4470962269085907,17.235481134542958,19.42930003833264
10,2.0,972.1363636363636,210.8181818181818,971,207,3,9,166.13636363636363,18.15697963238947,546.1818181818182,74.43704506736874,546.1818181818182,74.43704506736874,0.9078489816194734,0.9304630633421095,True,17,10,4,4,"fly (4,10)",0.19999999999999996,1.346240179573556,-29.120089786756466,29.151191944924935,145.75595972462472,145.60044893378293,546.1417882528993,139.63965277163405,137.9827688651219,74.43158954042921,19.84333205230428,18.805147375144358,3.9713927451556645,19.85696372577833,18.95131466951085
11,2.2,972.1363636363636,181.8181818181818,971,178,3,9,166.13636363636363,18.15697963238947,575.1818181818182,78.389344897011,575.1818181818182,78.389344897011,0.9078489816194734,0.9798668112126375,True,17,10,4,4,"fly (4,10)",0.20000000000000018,0.0,-29.0,29.0,144.99999999999986,144.99999999999986,560.6818181818182,145.37797986231232,145.3002244668914,76.41319498218988,19.761499148211268,19.802415600257774,3.952299829642257,19.761499148211268,19.809231436994796
5,1.0,526.4,761.0545454545454,521,758,13,6,163.39999999999998,17.291005291005288,1.945454545454595,0.26604506604507283,1.945454545454595,0.26604506604507283,0.8645502645502644,0.0033255633255634106,True,18,4,2,2,"fly (2,4)",,,,,,,4.345743145743143,15.0345508924154,12.001443001442741,0.5942896609563272,,1.641222974556272,,,1.9004933009271059
6,1.2,522.7777777777778,756.2539682539683,516,748,15,16,159.77777777777783,16.907701352145803,6.74603174603169,0.9225342558675815,6.74603174603169,0.9225342558675815,0.84538506760729,0.01153167819834477,True,18,4,2,2,"fly (2,4)",0.19999999999999996,-3.622222222222149,-4.800577200577095,6.013820356966159,30.0691017848308,24.002886002885482,10.093619424054205,36.4862262997737,32.73986239203624,1.3803240238022845,3.282445949112544,4.4772461390818785,0.7601973203708422,3.8009866018542118,4.793180606880234
7,1.4,517.1400966183575,741.4106280193237,511,732,14,20,154.14009661835746,16.31112133527592,21.589371980676333,2.9523927494941993,21.589371980676333,2.9523927494941993,0.8155560667637961,0.03690490936867749,True,18,4,2,2,"fly (2,4)",0.19999999999999996,-5.637681159420367,-14.843340234644643,15.877915422898054,79.3895771144903,74.21670117322323,23.002630936559132,68.61617173962141,64.54505756252462,3.145658931495266,10.14929246813309,8.826674538464905,2.115711043757297,10.578555218786487,9.169255192328924
8,1.6,514.4061135371179,722.3275109170306,508,712,15,22,151.4061135371179,16.021810956308773,40.67248908296938,5.562049789124018,40.67248908296938,5.562049789124018,0.8010905478154386,0.06952562236405022,True,18,4,2,2,"fly (2,4)",0.20000000000000018,-2.7339830812395576,-19.083117102293045,19.277967263908646,96.38983631954315,95.41558551146514,38.28951854143838,78.48716961286156,76.43443802439623,5.236173475752257,13.048285198149081,10.452572721284955,2.625644751269216,13.128223756346069,10.622608602184972
9,1.8,514.6359832635983,710.3933054393306,508,700,15,22,151.6359832635983,16.046135795089768,52.60669456066944,7.194077888638556,52.60669456066944,7.194077888638556,0.8023067897544883,0.08992597360798195,True,18,4,2,2,"fly (2,4)",0.19999999999999996,0.22986972648038773,-11.934205477700061,11.93641908091025,59.68209540455126,59.67102738850032,52.86371648520154,73.20686980059466,72.87098971881579,7.229226186010468,8.160140497572693,9.965263551291049,1.6322093662844714,8.16104683142236,9.992821151834873
10,2.0,514.2991452991453,697.6880341880342,508,687,14,23,151.29914529914527,16.01049156604712,65.31196581196582,8.93155088026883,65.31196581196582,8.93155088026883,0.8005245783023559,0.11164438600336038,True,18,4,2,2,"fly (2,4)",0.19999999999999996,-0.33683796445302505,-12.70527125129638,12.709735535537911,63.54867767768957,63.52635625648192,64.57723461696537,58.64424835210584,58.567590658819114,8.831074819414068,8.687364958151374,8.009243167017997,1.7378385735472381,8.689192867736192,8.015524327333011
11,2.2,515.2086956521739,687.1869565217391,510,676,12,23,152.2086956521739,16.106740280653323,75.81304347826085,10.367595689334816,75.81304347826085,10.367595689334816,0.8053370140326661,0.1295949461166852,True,18,4,2,2,"fly (2,4)",0.20000000000000018,0.9095503530286351,-10.501077666295032,10.54039439481535,52.7019719740767,52.50538833147511,76.61638240708703,60.27022554362221,60.19573895060832,10.47745400438797,7.180224045329926,8.231895924869514,1.4392666565680983,7.196333282840485,8.237999296014483
12,2.4,515.3620689655172,674.2758620689656,510,664,12,22,152.3620689655172,16.12297026090129,88.72413793103442,12.133215443560262,88.72413793103442,12.133215443560262,0.8061485130450646,0.1516651930445033,True,18,4,2,2,"fly (2,4)",0.19999999999999973,0.15337331334330884,-12.911094452773568,12.912005395820058,64.56002697910037,64.55547226386793,90.37093722046536,68.84511683982191,68.77277406689167,12.358418765191844,8.828098771127241,9.404823804019376,1.7656943474933517,8.82847173746677,9.410751601852924
13,2.6,515.0252100840336,656.4243697478992,509,645,13,24,152.02521008403357,16.08732381841625,106.57563025210084,14.574445162680457,106.57563025210084,14.574445162680457,0.8043661909208125,0.1821805645335057,True,18,4,2,2,"fly (2,4)",0.20000000000000018,-0.33685888148363574,-17.851492321066416,17.854670313257753,89.27335156628868,89.257461605332,105.86937940906273,78.19997763815938,77.49221094298684,14.477863850811998,12.206148595600961,10.597225428100765,2.4414899570503055,12.207449785251516,10.65548358594071
14,2.8,518.6872246696036,640.6916299559471,513,630,12,23,155.68722466960355,16.474838589376038,122.30837004405294,16.725930946195273,122.30837004405294,16.725930946195273,0.8237419294688019,0.20907413682744092,True,18,4,2,2,"fly (2,4)",0.19999999999999973,3.6620145855699775,-15.732739791952099,16.153310873817794,80.76655436908908,78.6636989597606,122.96133343205126,87.19963432000115,85.45977011494261,16.815225084724958,10.757428917574098,11.686806169564802,2.186105847020766,10.930529235103844,11.830160135293381
15,3.0,523.4125,623.0,518,612,13,24,160.41250000000002,16.974867724867728,140.0,19.145299145299145,140.0,19.145299145299145,0.8487433862433864,0.23931623931623933,True,18,4,2,2,"fly (2,4)",0.20000000000000018,4.725275330396471,-17.691629955947064,18.31179940492515,91.55899702462567,88.45814977973524,139.91399945421233,86.71971658105718,84.76333011080534,19.133538386900828,12.096840995519347,11.591566510879362,2.470500277104959,12.352501385524784,11.752677992004346
16,3.2,525.570796460177,605.566371681416,520,595,13,23,162.570796460177,17.203258884674817,157.43362831858406,21.529385069208075,157.43362831858406,21.529385069208075,0.8601629442337407,0.269117313365101,True,18,4,2,2,"fly (2,4)",0.20000000000000018,2.1582964601769845,-17.433628318584056,17.566719669891373,87.83359834945679,87.16814159292021,157.71828908554573,90.44678502876314,89.021448156667,21.56831303733959,11.920429619544642,12.173873252193777,2.3950006710768843,11.97500335538441,12.291212508467424
17,3.4,527.5044247787611,587.2787610619469,522,577,12,23,164.50442477876106,17.407875637964132,175.72123893805315,24.03025489751154,175.72123893805315,24.03025489751154,0.8703937818982067,0.3003781862188943,True,18,4,2,2,"fly (2,4)",0.19999999999999973,1.9336283185840557,-18.287610619469092,18.389551942441365,91.94775971220695,91.43805309734559,176.94253150978818,96.52723083712641,96.12121212121224,24.19726926629582,12.50434914151734,13.144781144781161,2.5092265568986116,12.546132784493075,13.178071115508155
18,3.6,528.1181818181818,565.3272727272727,523,555,12,22,165.11818181818182,17.472823472823475,197.67272727272734,27.032167832167843,197.67272727272734,27.032167832167843,0.8736411736411737,0.337902097902098,True,18,4,2,2,"fly (2,4)",0.20000000000000018,0.6137570394207614,-21.951488334674195,21.960066889943114,109.80033444971548,109.75744167337088,196.51316870562792,98.05663880361105,97.85318597919878,26.873595720427748,15.009564673281503,13.381632270659663,3.002615441329398,15.013077206646976,13.398307720359446
19,3.8,527.4647887323944,546.8544600938967,522,537,12,22,164.46478873239437,17.40368134734332,216.1455399061033,29.55836443160387,216.1455399061033,29.55836443160387,0.8701840673671659,0.36947955539504834,True,18,4,2,2,"fly (2,4)",0.19999999999999973,-0.6533930857874566,-18.472812633375952,18.48436444978212,92.42182224891073,92.36406316687989,214.04005132376116,87.67991591206358,87.63441309066611,29.270434369061352,12.63098299718015,11.98419324316802,2.5271426339876544,12.635713169938288,11.987919629001679
20,4.0,527.0471698113207,534.6981132075472,521,525,13,21,164.0471698113207,17.359488868922828,228.30188679245282,31.220770843412353,228.30188679245282,31.220770843412353,0.8679744434461414,0.3902596355426544,True,18,4,2,2,"fly (2,4)",0.20000000000000018,-0.41761892107365384,-12.156346886349525,12.163518207512928,60.81759103756458,60.781734431747566,225.7777571491382,58.743157268002356,58.68852912688531,30.87559072124967,8.312032059042409,8.02578176094158,1.662993702083956,8.314968510419773,8.03025645568802
21,4.2,527.4063926940639,530.1141552511415,522,520,12,22,164.40639269406392,17.397501872387718,232.88584474885852,31.84763688873279,232.88584474885852,31.84763688873279,0.8698750936193859,0.39809546110915983,True,18,4,2,2,"fly (2,4)",0.20000000000000018,0.3592228827432109,-4.583957956405698,4.598011703506358,22.990058517531768,22.919789782028467,234.89749781535772,45.688279790505305,45.59870333109753,32.122734743980544,3.1343302266021817,6.2357201136543665,0.6280175373412001,3.1400876867059977,6.243059061717015
22,4.4,528.2380952380952,519.4952380952382,523,510,12,21,165.23809523809518,17.485512723607957,243.50476190476184,33.29979649979649,243.50476190476184,33.29979649979649,0.8742756361803978,0.4162474562474561,True,18,4,2,2,"fly (2,4)",0.20000000000000018,0.8317025440312591,-10.618917155903318,10.65143796328392,53.257189816419555,53.09458577951654,243.2850843727556,42.04096048399653,41.93793278698947,33.26975512789821,7.260798055318507,5.735101919588298,1.4548241976050562,7.274120988025275,5.743542839180052
23,4.6,527.6868686868687,509.5353535353535,523,500,11,21,164.6868686868687,17.427181871626317,253.46464646464648,34.66183199516533,253.46464646464648,34.66183199516533,0.8713590935813159,0.43327289993956664,True,18,4,2,2,"fly (2,4)",0.1999999999999993,-0.5512265512264776,-9.959884559884642,9.975126623607618,49.875633118038266,49.79942279942339,255.6483788415827,61.899739706678595,61.816472344135526,34.96046206380618,6.810177476844205,8.453534679539898,1.3632839685617724,6.8164198428088865,8.460356362474487
24,4.8,527.4174757281553,493.0242718446602,522,483,12,21,164.4174757281553,17.398674680228073,269.9757281553398,36.91975769645673,269.9757281553398,36.91975769645673,0.8699337340114037,0.4614969712057091,True,18,4,2,2,"fly (2,4)",0.20000000000000018,-0.26939295871341074,-16.511081690693345,16.513279237115608,82.56639618557797,82.55540845346665,270.86634282204676,76.30073017354646,76.08981990232006,37.04155115515169,11.289628506456982,10.40544545672752,2.258105651317863,11.290528256589305,10.422733339291495
25,5.0,529.4663461538462,473.84134615384613,524,464,12,22,166.4663461538462,17.61548636548637,289.15865384615387,39.543063773833005,289.15865384615387,39.543063773833005,0.8807743182743185,0.4942882971729126,True,18,4,2,2,"fly (2,4)",0.20000000000000018,2.048870425690893,-19.182925690814045,19.29203224340464,96.46016121702311,95.91462845407014,287.3187403606512,82.82014929035785,82.26198769302208,39.29145167325144,13.116530386881374,11.24950259049875,2.6322503836952618,13.161251918476298,11.2953235758841
26,5.2,531.948275862069,460.17816091954023,527,450,10,22,168.94827586206895,17.878124429848565,302.82183908045977,41.411533549464586,302.82183908045977,41.411533549464586,0.8939062214924284,0.5176441693683073,True,18,4,2,2,"fly (2,4)",0.20000000000000018,2.481929708222765,-13.6631852343059,13.886778093694502,69.43389046847246,68.31592617152944,302.61556336990407,77.07927869314845,76.4841150462645,41.38332490528603,9.342348878157898,10.459366160172925,1.886838110517342,9.434190552586701,10.508218283831178
27,5.4,532.7464788732394,447.13380281690144,529,437,8,21,169.74647887323943,17.962590356956554,315.86619718309856,43.19537739256049,315.86619718309856,43.19537739256049,0.8981295178478277,0.5399422174070061,True,18,4,2,2,"fly (2,4)",0.20000000000000018,0.7982030111704717,-13.044358102638796,13.068756878789966,65.34378439394978,65.22179051319392,316.2718986126755,68.77176451501022,68.28167621385712,43.250857929938526,8.919219215479501,9.337665123262518,1.7858424760861098,8.929212380430542,9.377900326640065
28,5.6,533.8936170212766,432.8723404255319,531,424,6,19,170.89361702127655,18.08398063717212,330.1276595744681,45.14566284779051,330.1276595744681,45.14566284779051,0.9041990318586061,0.5643207855973814,True,18,4,2,2,"fly (2,4)",0.1999999999999993,1.1471381480371292,-14.261462391369548,14.307523736521638,71.53761868260844,71.307311956848,330.36718302175296,70.62663902210572,70.47642204538765,45.17841819100895,9.751427276150153,9.637801305352157,1.9540596093805824,9.770298046902948,9.650107782987847
29,5.8,534.6615384615385,417.89230769230767,533,409,4,19,171.6615384615385,18.16524216524217,345.10769230769233,47.19421433267588,345.10769230769233,47.19421433267588,0.9082621082621084,0.5899276791584485,True,18,4,2,2,"fly (2,4)",0.20000000000000018,0.7679214402619436,-14.98003273322422,14.999702797951802,74.99851398975895,74.90016366612103,343.3861429350791,65.20475883203477,65.09479956663061,46.95878877744672,10.242757424426818,8.901852932188804,2.0501625843260127,10.250812921630054,8.91086167513092
30,6.0,534.7307692307693,408.0769230769231,533,401,4,16,171.73076923076928,18.172568172568177,354.9230769230769,48.536489151873766,354.9230769230769,48.536489151873766,0.9086284086284089,0.606706114398422,True,18,4,2,2,"fly (2,4)",0.20000000000000018,0.06923076923078497,-9.815384615384573,9.815628764747395,49.07814382373693,49.076923076922824,352.4183023872679,45.19522067566292,45.1607972609439,48.193955882019544,6.711374095989442,6.1758355228641255,1.3422948113719535,6.711474056859761,6.1786549838599045
31,6.2,534.6724137931035,405.7758620689655,533,398,4,17,171.6724137931035,18.166392993979205,357.2241379310345,48.85116416150899,357.2241379310345,48.85116416150899,0.9083196496989603,0.6106395520188623,True,18,4,2,2,"fly (2,4)",0.20000000000000018,-0.05835543766579576,-2.3010610079575713,2.301800842698577,11.509004213492876,11.505305039787846,356.312960506926,20.99166507158507,19.47329059829048,48.72655870180185,1.5733750481761164,2.6630140989115105,0.31473559461798045,1.5736779730899009,2.8665621532656416
32,6.4,534.875,406.20833333333337,533,399,4,16,171.875,18.187830687830687,356.79166666666663,48.792022792022784,356.79166666666663,48.792022792022784,0.9093915343915344,0.6099002849002848,True,18,4,2,2,"fly (2,4)",0.20000000000000018,0.20258620689651252,0.4324712643678481,0.477569435505081,2.387847177525403,-2.1623563218392388,357.65391684788233,8.239140163363452,6.704781704781728,48.90993734671895,-0.2957068474310273,0.9168932245855302,0.06290688596945282,0.3145344298472638,1.1217513469138816
33,6.6,535.081081081081,404.05405405405406,534,398,3,14,172.08108108108104,18.209638209638204,358.94594594594594,49.086625086625084,358.94594594594594,49.086625086625084,0.9104819104819103,0.6135828135828135,True,18,4,2,2,"fly (2,4)",0.1999999999999993,0.20608108108103806,-2.154279279279308,2.164113819814407,10.820569099072074,10.771396396396579,358.5143893893894,5.836362078326111,4.3023627075351225,49.02760880538657,1.4730114730115016,0.5883572933381385,0.29540832756089536,1.477041637804482,0.7931860141477877
34,6.8,535.1111111111111,403.19444444444446,534,397,3,14,172.1111111111111,18.212815990593764,359.80555555555554,49.20417853751187,359.80555555555554,49.20417853751187,0.9106407995296882,0.6150522317188983,True,18,4,2,2,"fly (2,4)",0.20000000000000018,0.030030030030047783,-0.8596096096096062,0.860133991676172,4.3006699583808565,4.298048048048027,359.5683299578648,5.296415499585037,5.269702842377353,49.17173743013536,0.5877672544339413,0.7206431237439181,0.11759639495832383,0.5879819747916186,0.7228375268597027
35,7.0,535.0697674418604,403.04651162790697,534,396,3,16,172.06976744186045,18.208440999138674,359.95348837209303,49.224408666269134,359.95348837209303,49.224408666269134,0.9104220499569335,0.6153051083283642,True,18,4,2,2,"fly (2,4)",0.20000000000000018,-0.041343669250636594,-0.1479328165374909,0.15360148826043638,0.7680074413021812,0.7396640826874539,360.06968130921615,2.5171244651761913,2.5067567567567512,49.24029829869624,0.1011506437863118,0.3428043428043515,0.02069779359660183,0.10348896798300905,0.3436591204676074
36,7.2,535.075,402.55,534,396,3,15,172.07500000000005,18.208994708994712,360.45,49.292307692307695,360.45,49.292307692307695,0.9104497354497357,0.6161538461538462,True,18,4,2,2,"fly (2,4)",0.20000000000000018,0.005232558139596222,-0.4965116279069548,0.4965391991691075,2.4826959958455355,2.482558139534772,360.2972868217054,1.3331787860652777,1.1380275624461917,49.2714238388657,0.3394951301928015,0.15562770084734712,0.06790128372563932,0.3395064186281963,0.1746536569500757
37,7.4,534.9302325581396,402.51162790697674,533,396,4,15,171.93023255813955,18.193675402977732,360.48837209302326,49.29755515802028,360.48837209302326,49.29755515802028,0.9096837701488865,0.6162194394752535,True,18,4,2,2,"fly (2,4)",0.20000000000000018,-0.14476744186049473,-0.038372093023269827,0.14976658420962333,0.7488329210481159,0.19186046511634897,360.3572351421188,1.6704107896262237,0.29974160206715045,49.27962189977694,0.026237328562928017,0.04099030455617917,0.01619311684780471,0.08096558423902347,0.22120100235301102
38,7.6,534.9555555555555,402.8666666666667,533,396,4,16,171.95555555555552,18.19635508524397,360.1333333333333,49.24900284900284,360.1333333333333,49.24900284900284,0.9098177542621986,0.6156125356125356,True,18,4,2,2,"fly (2,4)",0.1999999999999993,0.02532299741596944,0.3550387596899327,0.35594069039700277,1.7797034519850201,-1.7751937984496697,360.7532121536131,3.3999946267065133,1.9798850574713311,49.33377260220351,-0.24276154508719203,0.2707535121328295,0.04862620083836284,0.24313100419181505,0.4550284702109669
39,7.8,534.6551724137931,401.3620689655172,533,394,4,17,171.65517241379314,18.164568509396098,361.6379310344828,49.45475979958739,361.6379310344828,49.45475979958739,0.908228425469805,0.6181844974948424,True,18,4,2,2,"fly (2,4)",0.20000000000000018,-0.30038314176238146,-1.5045977011494642,1.534289501417282,7.671447507086403,7.522988505747314,361.0137018792191,3.7647944127073227,1.3024486280300076,49.369395128782095,1.0287847529227525,0.17811263289298482,0.20819776444041296,1.0409888222020638,0.5120110422743589
40,8.0,534.6349206349206,401.73015873015873,533,394,4,18,171.6349206349206,18.162425464012763,361.26984126984127,49.40442273775607,361.26984126984127,49.40442273775607,0.9081212732006381,0.6175552842219508,True,18,4,2,2,"fly (2,4)",0.20000000000000018,-0.020251778872534487,0.36808976464152465,0.3686464558101095,1.843232279050546,-1.8404488232076217,361.3231035886208,3.5235759900965378,1.54700854700858,49.41170647365755,-0.25168530915660603,0.21155672437725279,0.050382660085839956,0.25191330042919957,0.47884160662287395
41,8.2,534.6,401.9384615384615,533,394,4,18,171.60000000000002,18.15873015873016,361.0615384615385,49.375936883629194,361.0615384615385,49.375936883629194,0.907936507936508,0.6171992110453649,True,18,4,2,2,"fly (2,4)",0.1999999999999993,-0.034920634920581506,0.2083028083027898,0.21120963683053226,1.056048184152665,-1.0415140415139528,361.17924297924293,1.222194438977165,-0.7193030468892916,49.39203322793066,-0.1424292706343882,-0.09836622863443767,0.028724539447471883,0.14362269723735993,0.1660447640745645
42,8.4,534.6507936507936,401.7936507936508,533,394,4,18,171.65079365079362,18.164105148232128,361.2063492063492,49.39574006240673,361.2063492063492,49.39574006240673,0.9082052574116064,0.6174467507800842,True,18,4,2,2,"fly (2,4)",0.20000000000000107,0.05079365079359377,-0.14481074481074074,0.15346057074565775,0.7673028537282847,0.7240537240536998,361.2744810744811,1.2838118453877938,0.4761904761904621,49.405057240954676,0.0990158938876812,0.06512006512006484,0.020519658911427218,0.10259829455713554,0.16959063138868422
43,8.6,534.4444444444445,401.44444444444446,532,393,5,19,171.44444444444446,18.142269253380366,361.55555555555554,49.44349477682811,361.55555555555554,49.44349477682811,0.9071134626690183,0.6180436847103513,True,18,4,2,2,"fly (2,4)",0.1999999999999993,-0.20634920634915943,-0.34920634920632665,0.4056168996564849,2.0280844982824315,1.7460317460316395,361.4444444444445,1.0331913813408902,0.8498168498168001,49.428300094966765,0.2387735721069015,0.11621427006041084,0.05251018047431156,0.2625509023715587,0.13268807148657205
44,8.8,534.3857142857142,401.42857142857144,532,394,5,18,171.38571428571424,18.1360544217687,361.57142857142856,49.44566544566544,361.57142857142856,49.44566544566544,0.9068027210884352,0.6180708180708181,True,18,4,2,2,"fly (2,4)",0.20000000000000107,-0.05873015873021359,-0.015873015873012264,0.060837358402391066,0.3041867920119537,0.0793650793650609,361.68938686585744,1.4300942199585769,1.2247121070650302,49.46179649447623,0.010853344186649792,0.1674819975473583,0.006583003506204718,0.03291501753102342,0.18577837630143468
45,9.0,534.5147058823529,401.05882352941177,532,393,5,19,171.51470588235293,18.149704326174913,361.94117647058823,49.496229260935145,361.94117647058823,49.496229260935145,0.9074852163087457,0.6187028657616893,True,18,4,2,2,"fly (2,4)",0.1999999999999993,0.1289915966386843,-0.36974789915967676,0.3916022739162677,1.9580113695813453,1.8487394957983905,361.91329258976316,1.233482748848587,1.1195286195286789,49.492416080651374,0.25281907634852363,0.15309793087571014,0.0523738418003445,0.26186920900172345,0.16368081156689665
46,9.2,534.4848484848485,400.77272727272725,532,393,5,18,171.4848484848485,18.14654481321148,362.22727272727275,49.535353535353536,362.22727272727275,49.535353535353536,0.907327240660574,0.6191919191919192,True,18,4,2,2,"fly (2,4)",0.1999999999999993,-0.029857397504429173,-0.286096256684516,0.2876500169904913,1.4382500849524618,1.430481283422585,361.727145403616,3.1561024404673446,-0.9307359307358681,49.46696005519535,0.1956213720919571,-0.12728012728011406,0.03925164163358878,0.19625820816794462,0.42948626515835847
47,9.4,534.4675324675325,401.987012987013,532,393,5,20,171.46753246753246,18.144712430426715,361.012987012987,49.36929736929737,361.012987012987,49.36929736929737,0.9072356215213357,0.6171162171162171,True,18,4,2,2,"fly (2,4)",0.20000000000000107,-0.01731601731603405,1.2142857142857224,1.2144091733736517,6.072045866868226,-6.07142857142858,365.0152717652718,20.522999220119814,16.440631808278926,49.91661836106281,-0.8302808302808229,2.2482915293372927,0.1660662756610827,0.830331378305409,2.8046586009908334
48,9.6,535.1111111111111,391.19444444444446,534,385,3,14,172.1111111111111,18.212815990593764,371.80555555555554,50.845204178537514,371.80555555555554,50.845204178537514,0.9106407995296882,0.6355650522317189,True,18,4,2,2,"fly (2,4)",0.1999999999999993,0.6435786435786213,-10.792568542568517,10.811740341707713,54.058701708538756,53.96284271284278,371.541366041366,36.71024919180224,32.63047138047131,50.80907569796458,7.379534046200744,4.4622866845089115,1.4774772432998242,7.387386216499148,5.018441477470456
49,9.8,535.1111111111111,381.19444444444446,534,375,3,14,172.1111111111111,18.212815990593764,381.80555555555554,52.212725546058884,381.80555555555554,52.212725546058884,0.9106407995296882,0.6526590693257359,True,18,4,2,2,"fly (2,4)",0.20000000000000107,0.0,-10.0,10.0,49.99999999999974,49.99999999999974,376.80555555555554,52.029350854269246,51.98142135642126,51.528964862298196,6.837606837606812,7.108570441903779,1.3675213675213698,6.837606837606812,7.11249652705298
16,3.2,697.9761904761905,744.0343915343915,689,732,19,25,114.97619047619048,12.039391672899526,15.965608465608511,2.19458535609739,15.965608465608511,2.19458535609739,0.6019695836449763,0.027432316951217374,True,19,4,3,3,"fly (3,4)",,,,,,,15.965608465608511,0.0,0.0,2.19458535609739,,0.0,,,0.0
46,9.2,600.48,675.76,600,670,2,13,17.480000000000018,1.8303664921465987,84.24000000000001,11.57938144329897,84.24000000000001,11.57938144329897,0.09151832460732993,0.14474226804123713,True,20,5,3,3,"fly (3,5)",,,,,,,82.48666666666668,4.383365018896874,-4.383333333333322,11.338373424971365,,-0.6025200458190144,,,0.6025225733026306
48,9.6,600.4666666666667,679.2666666666667,600,676,2,8,17.466666666666697,1.8289703315881358,80.73333333333335,11.097365406643759,80.73333333333335,11.097365406643759,0.0914485165794068,0.138717067583047,True,20,5,3,3,"fly (3,5)",0.40000000000000036,-0.013333333333321207,3.5066666666666606,3.506692015117502,8.766730037793748,-8.766666666666644,82.57082125603866,6.265294363308406,0.42077294685989247,11.34994106612215,-1.2050400916380288,0.05783820575393742,0.4820180586421049,1.2050451466052612,0.8612044067323321
49,9.8,600.4782608695652,677.2608695652174,600,672,2,12,17.478260869565247,1.83018438424767,82.73913043478262,11.373076348423728,82.73913043478262,11.373076348423728,0.09150921921238349,0.1421634543552966,True,20,5,3,3,"fly (3,5)",0.20000000000000107,0.011594202898550066,-2.005797101449275,2.0058306104263055,10.029153052131473,10.028985507246322,81.73623188405799,9.39794154496261,0.6311594202898387,11.235220877533742,1.378554708899841,0.08675730863090614,0.27571361471834854,1.3785680735917354,1.2918066100984982
