physical_vial_index,assay_tube_index,bbox_x,bbox_y,bbox_w,bbox_h,center_x_px,center_y_px,area_px,frame_index,time_s,x_from_left_px,x_from_left_mm,y_from_base_px,y_from_base_mm,distance_from_base_px,distance_from_base_mm,relative_x,relative_height,threshold_used
1,1,149,282,3,5,149.83333333333334,283.5833333333333,12,0,0.0,19.833333333333343,1.9162640901771346,482.4166666666667,64.42960489705064,482.4166666666667,64.42960489705064,0.09581320450885673,0.805370061213133,8.64
1,1,157,312,4,4,158.45454545454544,313.1818181818182,11,0,0.0,28.45454545454544,2.7492314448836175,452.8181818181818,60.47655182880558,452.8181818181818,60.47655182880558,0.13746157224418087,0.7559568978600698,8.64
1,1,155,319,6,10,157.86046511627907,323.95348837209303,43,0,0.0,27.860465116279073,2.6918323783844516,442.04651162790697,59.037931436114455,442.04651162790697,59.037931436114455,0.13459161891922258,0.7379741429514307,8.64
1,1,163,322,5,7,165.34782608695653,324.9130434782609,23,0,0.0,35.34782608695653,3.415248897290486,441.0869565217391,58.909777164839944,441.0869565217391,58.909777164839944,0.1707624448645243,0.7363722145604994,8.64
1,1,150,369,3,7,151.11764705882354,371.47058823529414,17,0,0.0,21.117647058823536,2.040352372833192,394.52941176470586,52.69174113718943,394.52941176470586,52.69174113718943,0.10201761864165959,0.6586467642148679,8.64
1,1,169,771,8,7,171.8108108108108,773.5405405405405,37,0,0.0,41.81081081081081,4.039691865778822,-7.540540540540519,-1.0070838785362963,-7.540540540540519,-1.0070838785362963,0.20198459328894108,-0.012588548481703704,8.64
1,1,179,772,6,7,181.55172413793105,775.2758620689655,29,0,0.0,51.551724137931046,4.980842911877396,-9.275862068965466,-1.2388463531172575,-9.275862068965466,-1.2388463531172575,0.24904214559386978,-0.01548557941396572,8.64
1,1,189,772,13,7,195.30612244897958,774.4897959183673,49,0,0.0,65.30612244897958,6.3097702849255635,-8.48979591836735,-1.1338625600490617,-8.48979591836735,-1.1338625600490617,0.31548851424627816,-0.01417328200061327,8.64
1,1,204,772,5,3,206.0,772.8461538461538,13,0,0.0,76.0,7.342995169082125,-6.846153846153811,-0.9143444201874873,-6.846153846153811,-0.9143444201874873,0.3671497584541063,-0.011429305252343591,8.64
1,1,219,772,5,3,221.0,772.8461538461538,13,0,0.0,91.0,8.792270531400966,-6.846153846153811,-0.9143444201874873,-6.846153846153811,-0.9143444201874873,0.4396135265700483,-0.011429305252343591,8.64
1,1,209,776,8,3,212.3478260869565,776.9565217391304,23,0,0.0,82.3478260869565,7.956311699222851,-10.95652173913038,-1.4633084125716702,-10.95652173913038,-1.4633084125716702,0.3978155849611425,-0.01829135515714588,8.64
1,1,281,777,29,4,294.9423076923077,778.6057692307693,104,0,0.0,164.94230769230768,15.936454849498325,-12.605769230769283,-1.6835751894182682,-12.605769230769283,-1.6835751894182682,0.7968227424749164,-0.021044689867728353,8.64
1,1,256,779,7,2,258.8181818181818,779.6363636363636,11,0,0.0,128.8181818181818,12.446201141853313,-13.636363636363626,-1.8212171801487314,-13.636363636363626,-1.8212171801487314,0.6223100570926657,-0.022765214751859143,8.64
1,1,264,779,17,2,270.5652173913044,779.7391304347826,23,0,0.0,140.56521739130437,13.581180424280616,-13.739130434782624,-1.8349422951295657,-13.739130434782624,-1.8349422951295657,0.6790590212140308,-0.022936778689119572,8.64
1,1,151,780,5,2,153.0,780.5,10,0,0.0,23.0,2.2222222222222223,-14.5,-1.9365609348914858,-14.5,-1.9365609348914858,0.1111111111111111,-0.024207011686143573,8.64
2,2,462,337,17,14,469.38216560509557,343.203821656051,157,0,0.0,106.38216560509557,11.257372021703235,419.796178343949,57.408024388916104,419.796178343949,57.408024388916104,0.5628686010851617,0.7176003048614513,19.0
2,2,488,577,22,17,498.18823529411765,584.878431372549,255,0,0.0,135.18823529411765,14.305633364456895,178.12156862745098,24.358505111446288,178.12156862745098,24.358505111446288,0.7152816682228447,0.3044813138930786,19.0
2,2,415,722,16,18,422.54679802955667,730.3497536945813,203,0,0.0,59.54679802955667,6.301248468736156,32.650246305418705,4.464990947749566,32.650246305418705,4.464990947749566,0.3150624234368078,0.05581238684686958,19.0
2,2,398,739,15,13,404.5098039215686,744.7254901960785,153,0,0.0,41.50980392156862,4.3925718435522345,18.274509803921546,2.499078263784143,18.274509803921546,2.499078263784143,0.21962859217761174,0.031238478297301787,19.0
3,3,600,665,3,90,600.8201754385965,711.530701754386,228,0,0.0,17.820175438596493,1.8659869569210987,48.46929824561403,6.662446494242478,48.46929824561403,6.662446494242478,0.09329934784605494,0.08328058117803097,12.0
4,4,851,598,12,24,856.0995475113123,609.2941176470588,221,0,0.0,50.09954751131227,5.475360383749974,147.70588235294122,20.130273574506468,147.70588235294122,20.130273574506468,0.2737680191874987,0.2516284196813309,18.0
4,4,969,679,5,11,971.45,683.875,40,0,0.0,165.45000000000005,18.08196721311476,73.125,9.965928449744464,73.125,9.965928449744464,0.9040983606557379,0.12457410562180579,18.0
4,4,941,719,20,13,950.7061611374407,724.6255924170616,211,0,0.0,144.70616113744074,15.814880998627403,32.374407582938375,4.412185019821243,32.374407582938375,4.412185019821243,0.7907440499313702,0.055152312747765546,18.0
1,1,149,282,3,5,149.83333333333334,283.5833333333333,12,1,0.2,19.833333333333343,1.9162640901771346,482.4166666666667,64.42960489705064,482.4166666666667,64.42960489705064,0.09581320450885673,0.805370061213133,8.64
1,1,163,322,5,6,165.36363636363637,324.77272727272725,22,1,0.2,35.363636363636374,3.416776460254722,441.22727272727275,58.92851722567917,441.22727272727275,58.92851722567917,0.17083882301273612,0.7366064653209896,8.64
1,1,169,770,14,9,176.78048780487805,773.7439024390244,82,1,0.2,46.78048780487805,4.519853894191116,-7.743902439024396,-1.0342440653121063,-7.743902439024396,-1.0342440653121063,0.2259926947095558,-0.012928050816401328,8.64
1,1,188,772,29,7,200.018018018018,775.3873873873874,111,1,0.2,70.01801801801801,6.765025895460677,-9.387387387387435,-1.2537412203522451,-9.387387387387435,-1.2537412203522451,0.3382512947730339,-0.015671765254403062,8.64
1,1,219,772,6,3,221.5,772.875,16,1,0.2,91.5,8.840579710144928,-6.875,-0.9181969949916527,-6.875,-0.9181969949916527,0.4420289855072464,-0.011477462437395659,8.64
1,1,281,777,32,4,296.1538461538462,778.7211538461538,104,1,0.2,166.1538461538462,16.053511705685622,-12.721153846153811,-1.6989854886348996,-12.721153846153811,-1.6989854886348996,0.8026755852842811,-0.021237318607936245,8.64
1,1,247,779,7,2,250.0,779.5833333333334,12,1,0.2,120.0,11.594202898550725,-13.583333333333371,-1.8141346688926039,-13.583333333333371,-1.8141346688926039,0.5797101449275363,-0.022676683361157548,8.64
1,1,256,779,7,2,258.8181818181818,779.6363636363636,11,1,0.2,128.8181818181818,12.446201141853313,-13.636363636363626,-1.8212171801487314,-13.636363636363626,-1.8212171801487314,0.6223100570926657,-0.022765214751859143,8.64
1,1,264,779,17,2,270.5652173913044,779.7391304347826,23,1,0.2,140.56521739130437,13.581180424280616,-13.739130434782624,-1.8349422951295657,-13.739130434782624,-1.8349422951295657,0.6790590212140308,-0.022936778689119572,8.64
2,2,468,336,19,12,476.45962732919253,341.5776397515528,161,1,0.2,113.45962732919253,12.006309770284922,421.4223602484472,57.63040823910389,421.4223602484472,57.63040823910389,0.6003154885142462,0.7203801029887986,19.0
2,2,494,568,21,16,504.00847457627117,575.1694915254237,236,1,0.2,141.00847457627117,14.921531701192716,187.83050847457628,25.686223381138635,187.83050847457628,25.686223381138635,0.7460765850596358,0.32107779226423294,19.0
2,2,413,720,16,18,420.43283582089555,728.5273631840796,201,1,0.2,57.43283582089555,6.077548764115931,34.472636815920396,4.71420674405749,34.472636815920396,4.71420674405749,0.30387743820579655,0.05892758430071862,19.0
2,2,395,736,14,14,400.99305555555554,741.8333333333334,144,1,0.2,37.99305555555554,4.020429159318047,21.16666666666663,2.8945868945868893,21.16666666666663,2.8945868945868893,0.20102145796590234,0.03618233618233612,19.0
3,3,600,664,2,10,600.4736842105264,668.2631578947369,19,1,0.2,17.473684210526358,1.829705152934697,91.73684210526312,12.609875203472594,91.73684210526312,12.609875203472594,0.09148525764673486,0.15762344004340742,12.0
3,3,600,677,3,79,600.8020304568528,717.2131979695431,197,1,0.2,17.802030456852776,1.8640869588327516,42.7868020304569,5.881347358138405,42.7868020304569,5.881347358138405,0.09320434794163757,0.07351684197673006,12.0
4,4,853,575,11,23,857.7440758293839,585.9763033175356,211,1,0.2,51.74407582938386,5.655090254577471,171.02369668246445,23.30816990561696,171.02369668246445,23.30816990561696,0.28275451272887353,0.29135212382021203,18.0
4,4,931,719,21,13,941.3288288288288,724.990990990991,222,1,0.2,135.32882882882882,14.79003593757692,32.00900900900899,4.362386236321498,32.00900900900899,4.362386236321498,0.739501796878846,0.05452982795401873,18.0
1,1,149,281,4,5,150.26666666666668,282.93333333333334,15,2,0.4,20.26666666666668,1.9581320450885682,483.06666666666666,64.5164162493044,483.06666666666666,64.5164162493044,0.0979066022544284,0.8064552031163049,8.64
1,1,148,310,4,4,149.33333333333334,311.08333333333337,12,2,0.4,19.333333333333343,1.8679549114331733,454.91666666666663,60.75681691708402,454.91666666666663,60.75681691708402,0.09339774557165866,0.7594602114635502,8.64
1,1,157,312,4,3,158.5,313.0,10,2,0.4,28.5,2.753623188405797,453.0,60.5008347245409,453.0,60.5008347245409,0.13768115942028986,0.7562604340567612,8.64
1,1,160,321,3,7,160.89473684210526,324.0,19,2,0.4,30.89473684210526,2.9849987287058224,442.0,59.031719532554256,442.0,59.031719532554256,0.1492499364352911,0.7378964941569283,8.64
1,1,168,770,11,12,173.3,775.8444444444444,90,2,0.4,43.30000000000001,4.183574879227054,-9.844444444444434,-1.3147838990910763,-9.844444444444434,-1.3147838990910763,0.20917874396135272,-0.016434798738638453,8.64
1,1,181,772,36,10,198.26027397260273,775.6438356164383,146,2,0.4,68.26027397260273,6.595195552908476,-9.64383561643831,-1.287991401193764,-9.64383561643831,-1.287991401193764,0.3297597776454238,-0.016099892514922054,8.64
1,1,219,772,7,3,222.0,772.8947368421053,19,2,0.4,92.0,8.88888888888889,-6.894736842105317,-0.9208329672260858,-6.894736842105317,-0.9208329672260858,0.4444444444444444,-0.011510412090326072,8.64
1,1,254,777,20,4,264.40816326530614,779.1020408163265,49,2,0.4,134.40816326530614,12.986295967662429,-13.102040816326507,-1.7498552008449426,-13.102040816326507,-1.7498552008449426,0.6493147983831214,-0.02187319001056178,8.64
1,1,277,777,33,4,293.9807692307692,778.7596153846154,104,2,0.4,163.98076923076923,15.843552582683019,-12.759615384615358,-1.7041222550404485,-12.759615384615358,-1.7041222550404485,0.7921776291341509,-0.021301528188005608,8.64
1,1,234,778,6,4,235.9375,779.375,16,2,0.4,105.9375,10.235507246376812,-13.375,-1.7863105175292153,-13.375,-1.7863105175292153,0.5117753623188406,-0.022328881469115193,8.64
2,2,475,334,19,12,483.93037974683546,339.1392405063291,158,2,0.4,120.93037974683546,12.796865581675709,423.8607594936709,57.963864546143036,423.8607594936709,57.963864546143036,0.6398432790837855,0.7245483068267878,19.0
2,2,497,566,20,16,506.30125523012555,573.376569037657,239,2,0.4,143.30125523012555,15.164153992605877,189.62343096234304,25.931409362371696,189.62343096234304,25.931409362371696,0.7582076996302939,0.3241426170296462,19.0
2,2,408,715,16,17,415.74619289340103,722.7208121827412,197,2,0.4,52.74619289340103,5.5816077135874105,40.279187817258844,5.508265000650782,40.279187817258844,5.508265000650782,0.27908038567937055,0.06885331250813477,19.0
2,2,391,727,15,14,397.6666666666667,733.2517006802722,147,2,0.4,34.666666666666686,3.668430335097004,29.748299319727835,4.068143496714917,29.748299319727835,4.068143496714917,0.1834215167548502,0.05085179370893647,19.0
3,3,600,664,2,11,600.4761904761905,668.7619047619048,21,2,0.4,17.47619047619048,1.8299675891298934,91.23809523809518,12.541318933071503,91.23809523809518,12.541318933071503,0.09149837945649467,0.1567664866633938,12.0
3,3,600,677,3,78,600.8051282051282,716.4102564102565,195,2,0.4,17.8051282051282,1.8644113303799161,43.589743589743534,5.9917173319235095,43.589743589743534,5.9917173319235095,0.09322056651899581,0.07489646664904387,12.0
4,4,857,554,12,21,862.4129353233831,563.8258706467661,201,2,0.4,56.41293532338307,6.165348122774105,193.17412935323387,26.326968225312964,193.17412935323387,26.326968225312964,0.3082674061387053,0.329087102816412,19.0
4,4,931,720,22,13,941.6227272727273,725.5227272727273,220,2,0.4,135.62272727272727,14.822155986090413,31.477272727272748,4.289917918538023,31.477272727272748,4.289917918538023,0.7411077993045206,0.0536239739817253,19.0
4,4,968,745,6,13,971.031746031746,750.8412698412699,63,2,0.4,165.03174603174602,18.036256396912133,6.158730158730123,0.8393499364538498,6.158730158730123,0.8393499364538498,0.9018128198456067,0.010491874205673123,19.0
1,1,149,282,4,6,150.1578947368421,284.1578947368421,19,3,0.6,20.15789473684211,1.9476226798881267,481.8421052631579,64.35286881644846,481.8421052631579,64.35286881644846,0.09738113399440633,0.8044108602056059,8.64
1,1,165,328,4,3,166.2,329.0,10,3,0.6,36.19999999999999,3.497584541062801,437.0,58.363939899833056,437.0,58.363939899833056,0.17487922705314005,0.7295492487479132,8.64
1,1,153,388,5,3,154.72727272727272,389.1818181818182,11,3,0.6,24.72727272727272,2.389108476064997,376.8181818181818,50.32630141144331,376.8181818181818,50.32630141144331,0.11945542380324985,0.6290787676430414,8.64
1,1,168,771,12,11,173.46987951807228,776.289156626506,83,3,0.6,43.469879518072275,4.199988359234037,-10.289156626506042,-1.3741778466118253,-10.289156626506042,-1.3741778466118253,0.20999941796170182,-0.017177223082647818,8.64
1,1,185,772,31,10,199.46478873239437,775.7253521126761,142,3,0.6,69.46478873239437,6.7115737905695045,-9.725352112676092,-1.2988784123774413,-9.725352112676092,-1.2988784123774413,0.3355786895284752,-0.016235980154718017,8.64
1,1,219,772,6,3,221.5,772.875,16,3,0.6,91.5,8.840579710144928,-6.875,-0.9181969949916527,-6.875,-0.9181969949916527,0.4420289855072464,-0.011477462437395659,8.64
1,1,152,774,4,5,153.53333333333333,775.6666666666666,15,3,0.6,23.53333333333333,2.2737520128824475,-9.666666666666629,-1.2910406232609855,-9.666666666666629,-1.2910406232609855,0.11368760064412238,-0.01613800779076232,8.64
1,1,223,776,4,3,224.5,776.8,10,3,0.6,94.5,9.130434782608695,-10.799999999999955,-1.4424040066777903,-10.799999999999955,-1.4424040066777903,0.45652173913043476,-0.018030050083472377,8.64
1,1,285,777,25,4,297.0121951219512,778.719512195122,82,3,0.6,167.0121951219512,16.136443973135382,-12.719512195121979,-1.698766236410281,-12.719512195121979,-1.698766236410281,0.8068221986567691,-0.021234577955128512,8.64
1,1,253,778,19,3,262.6842105263158,779.421052631579,38,3,0.6,132.68421052631578,12.819730485634375,-13.42105263157896,-1.792461119409544,-13.42105263157896,-1.792461119409544,0.6409865242817188,-0.022405763992619298,8.64
1,1,272,777,13,4,277.85185185185185,778.925925925926,27,3,0.6,147.85185185185185,14.285203077473609,-12.92592592592598,-1.7263340134792629,-12.92592592592598,-1.7263340134792629,0.7142601538736805,-0.021579175168490786,8.64
2,2,485,330,17,12,492.6381578947368,335.23026315789474,152,3,0.6,129.63815789473682,13.718323586744638,427.76973684210526,58.498425551057124,427.76973684210526,58.498425551057124,0.6859161793372318,0.7312303193882141,19.0
2,2,503,561,16,23,510.66935483870964,571.2459677419355,248,3,0.6,147.66935483870964,15.62638675541901,191.7540322580645,26.22277364212848,191.7540322580645,26.22277364212848,0.7813193377709504,0.327784670526606,19.0
2,2,406,712,15,18,413.07035175879395,720.6683417085427,199,3,0.6,50.07035175879395,5.298449921565497,42.3316582914573,5.788944723618092,42.3316582914573,5.788944723618092,0.26492249607827484,0.07236180904522616,19.0
2,2,388,719,14,15,394.0807453416149,725.7080745341615,161,3,0.6,31.080745341614886,3.288967761017448,37.29192546583852,5.09975049105484,37.29192546583852,5.09975049105484,0.16444838805087242,0.0637468811381855,19.0
3,3,600,663,2,11,600.4761904761905,667.7619047619048,21,3,0.6,17.47619047619048,1.8299675891298934,92.23809523809518,12.678775977745042,92.23809523809518,12.678775977745042,0.09149837945649467,0.15848469972181303,12.0
3,3,600,677,3,78,600.8407960199005,716.6965174129353,201,3,0.6,17.840796019900495,1.8681461800942927,43.30348258706465,5.9523687404899865,43.30348258706465,5.9523687404899865,0.09340730900471463,0.07440460925612483,12.0
4,4,864,532,13,21,869.7929292929293,541.5959595959596,198,3,0.6,63.79292929292933,6.971904840757304,215.40404040404042,29.35659835148762,215.40404040404042,29.35659835148762,0.3485952420378652,0.36695747939359524,19.0
4,4,931,721,22,14,941.3199999999999,727.24,225,3,0.6,135.31999999999994,14.78907103825136,29.75999999999999,4.055877342419079,29.75999999999999,4.055877342419079,0.739453551912568,0.05069846678023848,19.0
4,4,960,735,14,19,966.9742268041236,743.4432989690722,194,3,0.6,160.97422680412365,17.59281167258182,13.556701030927798,1.8475912818981666,13.556701030927798,1.8475912818981666,0.8796405836290909,0.023094891023727082,19.0
1,1,168,778,13,4,173.6216216216216,779.972972972973,37,4,0.8,43.621621621621614,4.214649432040735,-13.972972972973025,-1.8661733519830417,-13.972972972973025,-1.8661733519830417,0.21073247160203679,-0.023327166899788022,12.0
2,2,449,178,10,3,453.22727272727275,178.6818181818182,22,4,0.8,90.22727272727275,9.54785954785955,584.3181818181818,79.9067599067599,584.3181818181818,79.9067599067599,0.4773929773929775,0.9988344988344987,19.0
2,2,494,326,18,12,502.23648648648646,330.9121621621622,148,4,0.8,139.23648648648646,14.73401973401973,432.0878378378378,59.08893508893509,432.0878378378378,59.08893508893509,0.7367009867009865,0.7386116886116886,19.0
2,2,500,562,17,22,508.1640625,572.390625,256,4,0.8,145.1640625,15.361276455026456,190.609375,26.066239316239315,190.609375,26.066239316239315,0.7680638227513228,0.32582799145299146,19.0
2,2,386,700,11,18,390.81528662420385,708.2484076433121,157,4,0.8,27.81528662420385,2.9434165739898255,54.751592356687866,7.487397245359024,54.751592356687866,7.487397245359024,0.14717082869949127,0.0935924655669878,19.0
2,2,533,702,4,16,534.875,709.0416666666666,48,4,0.8,171.875,18.187830687830687,53.95833333333337,7.378917378917384,53.95833333333337,7.378917378917384,0.9093915343915344,0.0922364672364673,19.0
2,2,403,709,14,17,409.29120879120876,717.0989010989011,182,4,0.8,46.29120879120876,4.898540612826324,45.90109890109886,6.277073353996426,45.90109890109886,6.277073353996426,0.24492703064131618,0.07846341692495531,19.0
3,3,600,663,2,11,600.4761904761905,667.7619047619048,21,4,0.8,17.47619047619048,1.8299675891298934,92.23809523809518,12.678775977745042,92.23809523809518,12.678775977745042,0.09149837945649467,0.15848469972181303,12.0
3,3,600,677,3,78,600.8112244897959,716.3520408163265,196,4,0.8,17.811224489795904,1.8650496847953826,43.64795918367349,5.999719475419036,43.64795918367349,5.999719475419036,0.09325248423976913,0.07499649344273795,12.0
4,4,871,513,14,20,877.145,521.94,200,4,0.8,71.14499999999998,7.775409836065572,235.05999999999995,32.03543441226575,235.05999999999995,32.03543441226575,0.3887704918032786,0.4004429301533219,19.0
4,4,952,710,17,21,959.8951965065502,720.0349344978166,229,4,0.8,153.89519650655018,16.81914715918581,36.96506550218339,5.037828347827379,36.96506550218339,5.037828347827379,0.8409573579592906,0.06297285434784224,19.0
1,1,167,758,17,24,175.0790273556231,770.1276595744681,329,5,1.0,45.07902735562311,4.355461580253441,-4.127659574468112,-0.5512733989272938,-4.127659574468112,-0.5512733989272938,0.21777307901267204,-0.006890917486591172,17.0
2,2,448,178,8,3,451.4117647058823,178.64705882352942,17,5,1.0,88.41176470588232,9.355742296918764,584.3529411764706,79.91151332327803,584.3529411764706,79.91151332327803,0.4677871148459382,0.9988939165409754,20.0
2,2,499,326,17,12,506.4748201438849,331.1007194244604,139,5,1.0,143.47482014388493,15.182520650146554,431.8992805755396,59.063149480415674,431.8992805755396,59.063149480415674,0.7591260325073277,0.7382893685051959,20.0
2,2,500,562,17,22,507.9596774193549,572.2620967741935,248,5,1.0,144.95967741935488,15.339648404164537,190.73790322580646,26.083815825751312,190.73790322580646,26.083815825751312,0.7669824202082268,0.3260476978218914,20.0
2,2,386,688,11,17,390.49640287769785,695.8992805755396,139,5,1.0,27.496402877697847,2.909672262190248,67.10071942446041,9.17616675890057,67.10071942446041,9.17616675890057,0.1454836131095124,0.11470208448625711,20.0
2,2,532,693,5,18,534.2432432432432,700.8243243243244,74,5,1.0,171.24324324324323,18.12097812097812,62.17567567567562,8.502656502656496,62.17567567567562,8.502656502656496,0.906048906048906,0.10628320628320619,20.0
2,2,400,702,14,18,406.27868852459017,710.3551912568306,183,5,1.0,43.278688524590166,4.579755399427531,52.64480874316939,7.199290084535985,52.64480874316939,7.199290084535985,0.22898776997137654,0.08999112605669982,20.0
3,3,600,662,3,93,600.7860262008734,710.8384279475982,229,5,1.0,17.78602620087338,1.8624111205103016,49.161572052401766,6.757604405828421,49.161572052401766,6.757604405828421,0.09312055602551508,0.08447005507285527,12.0
4,4,880,497,14,20,885.9578947368421,506.12105263157895,190,5,1.0,79.95789473684215,8.738567730802421,250.87894736842105,34.19133865327714,250.87894736842105,34.19133865327714,0.43692838654012106,0.4273917331659643,20.0
4,4,947,689,16,21,954.5683760683761,699.0213675213676,234,5,1.0,148.5683760683761,16.236980991079356,57.97863247863245,7.9016875609720545,57.97863247863245,7.9016875609720545,0.8118490495539677,0.09877109451215067,20.0
1,1,169,731,15,24,175.86486486486487,741.6756756756756,296,6,1.2,45.86486486486487,4.431387909648779,24.32432432432438,3.248657672697747,24.32432432432438,3.248657672697747,0.22156939548243898,0.040608220908721834,19.0
2,2,451,178,6,2,453.27272727272725,178.45454545454547,11,6,1.2,90.27272727272725,9.55266955266955,584.5454545454545,79.93783993783993,584.5454545454545,79.93783993783993,0.4776334776334775,0.9992229992229992,20.0
2,2,504,324,16,13,511.0514705882353,330.0441176470588,136,6,1.2,148.0514705882353,15.666822284469346,432.9558823529412,59.20764203117145,432.9558823529412,59.20764203117145,0.7833411142234672,0.7400955253896431,20.0
2,2,500,563,17,21,508.1541666666667,572.7625,240,6,1.2,145.1541666666667,15.360229276895947,190.23749999999995,26.01538461538461,190.23749999999995,26.01538461538461,0.7680114638447973,0.3251923076923076,20.0
2,2,387,680,12,16,392.14285714285717,687.2785714285715,140,6,1.2,29.142857142857167,3.0839002267573723,75.72142857142853,10.35506715506715,75.72142857142853,10.35506715506715,0.15419501133786861,0.12943833943833938,20.0
2,2,531,686,6,19,533.8172043010752,693.9139784946236,93,6,1.2,170.8172043010752,18.075894635034413,69.08602150537638,9.447661060564291,69.08602150537638,9.447661060564291,0.9037947317517206,0.11809576325705363,20.0
2,2,399,695,13,19,404.6666666666667,703.9635416666666,192,6,1.2,41.666666666666686,4.409171075837745,59.03645833333337,8.073361823361829,59.03645833333337,8.073361823361829,0.22045855379188722,0.10091702279202286,20.0
3,3,600,664,3,90,600.7716894977169,710.6712328767123,219,6,1.2,17.77168949771692,1.8609098950488923,49.32876712328766,6.780586546156379,49.32876712328766,6.780586546156379,0.09304549475244461,0.08475733182695475,12.0
4,4,887,477,13,21,892.9695431472081,486.6345177664975,197,6,1.2,86.96954314720813,9.504868103520014,270.3654822335025,36.8470844611247,270.3654822335025,36.8470844611247,0.4752434051760007,0.4605885557640588,20.0
4,4,940,660,16,22,947.3333333333334,670.4375,240,6,1.2,141.33333333333337,15.44626593806922,86.5625,11.797274275979557,86.5625,11.797274275979557,0.7723132969034611,0.14746592844974446,20.0
1,1,165,701,16,25,172.79617834394904,712.484076433121,314,7,1.4,42.79617834394904,4.134896458352564,53.515923566878996,7.147368756845275,53.515923566878996,7.147368756845275,0.2067448229176282,0.08934210946056594,19.0
2,2,512,322,15,12,518.3577235772358,327.33333333333337,123,7,1.4,155.3577235772358,16.43997074891384,435.66666666666663,59.57834757834757,435.66666666666663,59.57834757834757,0.821998537445692,0.7447293447293447,20.0
2,2,500,563,17,22,507.75,573.2539682539682,252,7,1.4,144.75,15.317460317460318,189.7460317460318,25.94817528150862,189.7460317460318,25.94817528150862,0.7658730158730159,0.32435219101885776,20.0
2,2,530,674,7,22,533.3307086614174,683.4803149606299,127,7,1.4,170.33070866141736,18.0244136149648,79.51968503937007,10.874486842990779,79.51968503937007,10.874486842990779,0.90122068074824,0.13593108553738475,20.0
2,2,387,680,23,30,398.5338753387534,694.3224932249323,369,7,1.4,35.533875338753376,3.7601984485453306,68.67750677506774,9.391795798299862,68.67750677506774,9.391795798299862,0.18800992242726655,0.11739744747874828,20.0
3,3,600,664,3,90,600.7991071428571,711.5,224,7,1.4,17.79910714285711,1.8637808526551949,48.5,6.666666666666667,48.5,6.666666666666667,0.09318904263275975,0.08333333333333333,12.0
4,4,894,454,12,21,899.4285714285714,463.6666666666667,189,7,1.4,93.42857142857144,10.210772833723656,293.3333333333333,39.97728563316297,293.3333333333333,39.97728563316297,0.5105386416861828,0.49971607041453714,19.0
4,4,929,634,16,22,936.085020242915,644.3238866396762,247,7,1.4,130.085020242915,14.216942103050819,112.67611336032382,15.35619943581926,112.67611336032382,15.35619943581926,0.7108471051525409,0.19195249294774075,19.0
4,4,965,731,9,23,969.4846625766871,741.7914110429448,163,7,1.4,163.48466257668713,17.867176237889304,15.208588957055213,2.072720811864424,15.208588957055213,2.072720811864424,0.8933588118944652,0.025909010148305302,19.0
1,1,163,682,16,25,170.97727272727272,693.5422077922078,308,8,1.6,40.97727272727272,3.959156785243741,72.45779220779218,9.677167573661727,72.45779220779218,9.677167573661727,0.19795783926218705,0.12096459467077159,21.0
2,2,514,321,14,12,520.2941176470588,326.5798319327731,119,8,1.6,157.29411764705878,16.644880174291934,436.4201680672269,59.68139050491991,436.4201680672269,59.68139050491991,0.8322440087145967,0.746017381311499,21.0
2,2,499,564,20,19,507.9704641350211,572.7299578059071,237,8,1.6,144.97046413502107,15.340789855557786,190.27004219409287,26.019834829961418,190.27004219409287,26.019834829961418,0.7670394927778893,0.32524793537451774,21.0
2,2,528,668,9,21,532.3765432098766,677.4382716049383,162,8,1.6,169.37654320987656,17.923443725912865,85.56172839506166,11.700749182230656,85.56172839506166,11.700749182230656,0.8961721862956432,0.14625936477788318,21.0
2,2,387,680,22,27,397.69714285714286,692.8257142857143,350,8,1.6,34.697142857142865,3.671655328798187,70.1742857142857,9.596483516483515,70.1742857142857,9.596483516483515,0.18358276643990934,0.11995604395604394,21.0
3,3,600,663,4,92,600.7822222222222,710.88,225,8,1.6,17.78222222222223,1.8620127981384536,49.120000000000005,6.751890034364262,49.120000000000005,6.751890034364262,0.09310063990692267,0.08439862542955327,12.0
4,4,896,436,13,21,902.0842105263158,445.2,190,8,1.6,96.08421052631581,10.501006614897904,311.8,42.49403747870528,311.8,42.49403747870528,0.5250503307448952,0.531175468483816,20.0
4,4,920,612,14,21,926.5043103448276,621.6810344827586,232,8,1.6,120.50431034482756,13.169869983041263,135.3189655172414,18.442107736591673,135.3189655172414,18.442107736591673,0.6584934991520631,0.2305263467073959,20.0
4,4,962,733,12,22,967.4545454545455,742.9952153110048,209,8,1.6,161.4545454545455,17.64530551415798,14.004784688995187,1.9086589013962776,14.004784688995187,1.9086589013962776,0.8822652757078989,0.02385823626745347,20.0
1,1,161,659,16,25,168.85714285714286,670.9047619047619,315,9,1.8,38.85714285714286,3.754313319530711,95.09523809523807,12.700532633754667,95.09523809523807,12.700532633754667,0.18771566597653555,0.15875665792193336,21.0
2,2,517,322,13,12,522.7857142857142,327.2053571428571,112,9,1.8,159.78571428571422,16.908541194255474,435.7946428571429,59.59584859584861,435.7946428571429,59.59584859584861,0.8454270597127737,0.7449481074481075,21.0
2,2,496,564,21,19,505.61410788381744,572.2157676348547,241,9,1.8,142.61410788381744,15.09143998770555,190.78423236514527,26.09015143454978,190.78423236514527,26.09015143454978,0.7545719993852774,0.32612689293187225,21.0
2,2,524,661,13,22,530.7019230769231,670.8653846153846,208,9,1.8,167.7019230769231,17.746235246235248,92.13461538461536,12.599605522682442,92.13461538461536,12.599605522682442,0.8873117623117625,0.15749506903353053,21.0
2,2,387,679,22,27,397.51002865329514,691.7621776504297,349,9,1.8,34.51002865329514,3.651854883946575,71.23782234957025,9.741924423872854,71.23782234957025,9.741924423872854,0.18259274419732877,0.12177405529841069,21.0
3,3,600,662,3,93,600.7644444444444,710.4,225,9,1.8,17.764444444444393,1.8601512507271616,49.60000000000002,6.8178694158075634,49.60000000000002,6.8178694158075634,0.09300756253635808,0.08522336769759455,12.0
4,4,904,413,15,19,910.8306010928961,421.5081967213115,183,9,1.8,104.83060109289613,11.456896294305588,335.4918032786885,45.722903342921775,335.4918032786885,45.722903342921775,0.5728448147152794,0.5715362917865222,20.0
4,4,917,589,13,23,923.3030303030303,599.7359307359307,231,9,1.8,117.30303030303025,12.820003311806586,157.26406926406935,21.432922557283728,157.26406926406935,21.432922557283728,0.6410001655903292,0.2679115319660466,20.0
1,1,159,635,15,23,165.84192439862542,646.1065292096221,291,10,2.0,35.84192439862542,3.46298786460149,119.89347079037793,16.012483578013747,119.89347079037793,16.012483578013747,0.1731493932300745,0.20015604472517184,20.0
2,2,520,323,13,10,525.40625,327.36458333333337,96,10,2.0,162.40625,17.18584656084656,435.63541666666663,59.57407407407407,435.63541666666663,59.57407407407407,0.859292328042328,0.7446759259259259,22.0
2,2,494,564,20,19,503.23478260869564,572.7217391304348,230,10,2.0,140.23478260869564,14.839659535311709,190.2782608695652,26.020958751393533,190.2782608695652,26.020958751393533,0.7419829767655854,0.32526198439241916,22.0
2,2,525,650,12,22,530.375,660.0925925925926,216,10,2.0,167.375,17.711640211640212,102.90740740740739,14.072807850585626,102.90740740740739,14.072807850585626,0.8855820105820106,0.17591009813232034,22.0
2,2,387,679,20,21,396.43389830508477,688.9864406779661,295,10,2.0,33.43389830508477,3.5379786566227267,74.01355932203387,10.121512385919162,74.01355932203387,10.121512385919162,0.17689893283113634,0.12651890482398953,22.0
3,3,600,663,3,90,600.7660550458716,709.7477064220184,218,10,2.0,17.766055045871553,1.860319900091262,50.25229357798162,6.907531763296443,50.25229357798162,6.907531763296443,0.0930159950045631,0.08634414704120554,12.0
4,4,912,393,14,20,917.7989417989418,401.64550264550263,189,10,2.0,111.79894179894177,12.2184635845838,355.35449735449737,48.42991446057886,355.35449735449737,48.42991446057886,0.61092317922919,0.6053739307572357,19.0
4,4,920,573,13,22,925.9535864978903,583.0126582278481,237,10,2.0,119.95358649789034,13.10968158446889,173.98734177215192,23.712073836068406,173.98734177215192,23.712073836068406,0.6554840792234445,0.2964009229508551,19.0
1,1,155,609,15,23,161.8375451263538,619.7328519855596,277,11,2.2,31.837545126353803,3.076091316555923,146.2671480144404,19.534844476052143,146.2671480144404,19.534844476052143,0.15380456582779614,0.24418555595065178,19.0
2,2,522,322,13,10,527.73,326.56,100,11,2.2,164.73000000000002,17.431746031746034,436.44,59.68410256410256,436.44,59.68410256410256,0.8715873015873017,0.746051282051282,22.0
2,2,494,565,20,19,502.882096069869,573.5109170305677,229,11,2.2,139.88209606986902,14.802338208451749,189.48908296943227,25.91303698727279,189.48908296943227,25.91303698727279,0.7401169104225874,0.3239129623409099,22.0
2,2,523,638,13,22,528.6926605504588,648.2477064220184,218,11,2.2,165.69266055045875,17.53361487306442,114.75229357798162,15.692621343997486,114.75229357798162,15.692621343997486,0.8766807436532209,0.19615776679996857,22.0
2,2,386,679,21,20,395.92413793103447,688.4413793103448,290,11,2.2,32.924137931034466,3.484035759897827,74.55862068965519,10.196050692602418,74.55862068965519,10.196050692602418,0.17420178799489136,0.12745063365753023,22.0
3,3,600,665,2,10,600.4736842105264,669.2631578947369,19,11,2.2,17.473684210526358,1.829705152934697,90.73684210526312,12.472418158799055,90.73684210526312,12.472418158799055,0.09148525764673486,0.15590522698498818,12.0
3,3,600,676,3,78,600.8851674641148,716.6411483253588,209,11,2.2,17.88516746411483,1.8727924046193538,43.35885167464119,5.959979611634528,43.35885167464119,5.959979611634528,0.0936396202309677,0.07449974514543159,12.0
4,4,916,376,13,21,921.4545454545455,385.3315508021391,187,11,2.2,115.4545454545455,12.617983109786392,371.6684491978609,50.653280980969114,371.6684491978609,50.653280980969114,0.6308991554893196,0.633166012262114,20.0
4,4,906,549,14,21,912.1028037383178,558.6542056074766,214,11,2.2,106.10280373831779,11.59593483478883,198.34579439252343,27.03179480647679,198.34579439252343,27.03179480647679,0.5797967417394415,0.3378974350809599,20.0
1,1,153,590,15,21,160.03488372093022,599.6356589147288,258,12,2.4,30.034883720930225,2.9019211324570264,166.36434108527123,22.21894371756544,166.36434108527123,22.21894371756544,0.14509605662285133,0.277736796469568,18.0
2,2,524,322,12,10,529.3956043956044,326.032967032967,91,12,2.4,166.39560439560444,17.608000465143327,436.967032967033,59.75617544848314,436.967032967033,59.75617544848314,0.8804000232571664,0.7469521931060393,22.0
2,2,494,565,19,18,502.7280701754386,573.4078947368421,228,12,2.4,139.72807017543857,14.786039172004083,189.59210526315792,25.927125506072876,189.59210526315792,25.927125506072876,0.7393019586002041,0.324089068825911,22.0
2,2,519,631,15,21,526.2045454545455,640.5454545454545,220,12,2.4,163.2045454545455,17.270322270322275,122.4545454545455,16.745920745920753,122.4545454545455,16.745920745920753,0.8635161135161137,0.2093240093240094,22.0
2,2,386,678,21,21,395.9692832764505,688.2525597269624,293,12,2.4,32.96928327645048,3.4888130451270354,74.74744027303757,10.221872174090608,74.74744027303757,10.221872174090608,0.17444065225635177,0.1277734021761326,22.0
3,3,600,658,3,97,600.7659574468086,708.5659574468085,235,12,2.4,17.765957446808557,1.8603096802940897,51.43404255319149,7.069971484974775,51.43404255319149,7.069971484974775,0.09301548401470448,0.08837464356218469,12.0
4,4,918,362,14,20,924.1452513966481,370.70391061452517,179,12,2.4,118.14525139664806,12.912049332967001,386.29608938547483,52.6468264920579,386.29608938547483,52.6468264920579,0.6456024666483501,0.6580853311507238,21.0
4,4,900,527,12,21,905.5700934579439,537.1261682242991,214,12,2.4,99.57009345794393,10.881977427097697,219.87383177570086,29.965769236892793,219.87383177570086,29.965769236892793,0.5440988713548849,0.3745721154611599,21.0
1,1,152,568,16,22,159.2605633802817,578.3802816901409,284,13,2.6,29.260563380281695,2.827107572974077,187.61971830985908,25.057725316842614,187.61971830985908,25.057725316842614,0.14135537864870384,0.3132215664605327,12.0
2,2,525,321,12,10,530.1333333333333,325.5,90,13,2.6,167.13333333333333,17.68606701940035,437.5,59.82905982905983,437.5,59.82905982905983,0.8843033509700176,0.7478632478632479,22.0
2,2,492,564,20,18,501.4429824561404,572.421052631579,228,13,2.6,138.44298245614038,14.65005105355983,190.57894736842104,26.062078272604587,190.57894736842104,26.062078272604587,0.7325025526779915,0.32577597840755734,22.0
2,2,514,624,17,18,521.5733944954129,632.2614678899083,218,13,2.6,158.5733944954129,16.78025338575798,130.73853211009168,17.87877362189288,130.73853211009168,17.87877362189288,0.839012669287899,0.223484670273661,22.0
2,2,386,678,21,21,395.9863481228669,688.1467576791808,293,13,2.6,32.9863481228669,3.4906188489806245,74.85324232081916,10.236340830197493,74.85324232081916,10.236340830197493,0.17453094244903122,0.12795426037746865,22.0
3,3,600,659,4,98,600.875486381323,708.875486381323,257,13,2.6,17.875486381322958,1.871778678672561,51.12451361867704,7.02742455239547,51.12451361867704,7.02742455239547,0.09358893393362805,0.08784280690494337,12.0
4,4,925,341,15,20,931.320652173913,349.7554347826087,184,13,2.6,125.320652173913,13.696246139225465,407.2445652173913,55.50181468039404,407.2445652173913,55.50181468039404,0.6848123069612733,0.6937726835049256,20.0
4,4,972,503,2,7,972.4615384615385,505.7692307692308,13,13,2.6,166.46153846153845,18.192517864649012,251.23076923076923,34.23928711833312,251.23076923076923,34.23928711833312,0.9096258932324506,0.42799108897916394,20.0
4,4,898,509,13,21,903.6355140186915,518.6542056074766,214,13,2.6,97.63551401869154,10.670547980184867,238.34579439252343,32.483242847362646,238.34579439252343,32.483242847362646,0.5335273990092434,0.4060405355920331,20.0
1,1,153,551,16,24,160.58387096774194,562.1354838709677,310,14,2.8,30.583870967741944,2.954963378525792,203.86451612903227,27.227314341106148,203.86451612903227,27.227314341106148,0.14774816892628959,0.3403414292638268,12.0
2,2,528,318,9,10,532.1351351351351,322.27027027027026,74,14,2.8,169.1351351351351,17.897897897897895,440.72972972972974,60.270732270732275,440.72972972972974,60.270732270732275,0.8948948948948947,0.7533841533841534,22.0
2,2,490,562,20,18,499.33628318584067,570.0442477876106,226,14,2.8,136.33628318584067,14.427119913845573,192.95575221238937,26.387111413660087,192.95575221238937,26.387111413660087,0.7213559956922787,0.32983889267075106,22.0
2,2,510,619,17,18,517.7844036697247,627.2293577981652,218,14,2.8,154.78440366972472,16.379301975632245,135.7706422018348,18.56692542931074,135.7706422018348,18.56692542931074,0.8189650987816123,0.23208656786638426,22.0
2,2,386,678,20,21,395.66315789473686,688.0701754385965,285,14,2.8,32.663157894736855,3.456418824839879,74.9298245614035,10.246813615234668,74.9298245614035,10.246813615234668,0.17282094124199393,0.12808517019043333,22.0
3,3,600,659,4,98,600.8211382113822,709.4918699186992,246,14,2.8,17.821138211382163,1.8660877708253574,50.508130081300806,6.9426982929623104,50.508130081300806,6.9426982929623104,0.09330438854126787,0.08678372866202888,12.0
4,4,930,325,15,20,936.3807106598985,334.16243654822335,197,14,2.8,130.38071065989845,14.249257995617317,422.83756345177665,57.62692517230346,422.83756345177665,57.62692517230346,0.7124628997808659,0.7203365646537933,19.0
4,4,901,482,13,22,906.8318965517242,492.48275862068965,232,14,2.8,100.83189655172418,11.01987940456002,264.51724137931035,36.05004993244434,264.51724137931035,36.05004993244434,0.550993970228001,0.45062562415555424,19.0
1,1,155,538,16,25,162.75728155339806,550.0614886731391,309,15,3.0,32.75728155339806,3.1649547394587496,215.93851132686086,28.839867956842852,215.93851132686086,28.839867956842852,0.15824773697293748,0.36049834946053566,12.0
2,2,529,314,8,10,532.6911764705883,318.3529411764706,68,15,3.0,169.6911764705883,17.956738250855903,444.6470588235294,60.806435394670686,444.6470588235294,60.806435394670686,0.8978369125427952,0.7600804424333836,22.0
2,2,489,560,20,19,498.5450643776824,568.5622317596567,233,15,3.0,135.54506437768242,14.343393055839408,194.4377682403433,26.5897802721837,194.4377682403433,26.5897802721837,0.7171696527919705,0.33237225340229626,22.0
2,2,509,608,16,21,516.4122807017544,618.0701754385965,228,15,3.0,153.4122807017544,16.23410377796343,144.9298245614035,19.81946318788424,144.9298245614035,19.81946318788424,0.8117051888981714,0.247743289848553,22.0
2,2,387,678,20,21,395.9861111111111,687.7256944444445,288,15,3.0,32.986111111111086,3.4905937683715433,75.27430555555554,10.29392212725546,75.27430555555554,10.29392212725546,0.17452968841857716,0.12867402659069324,22.0
3,3,600,658,3,99,600.7967479674796,708.849593495935,246,15,3.0,17.796747967479632,1.8635338185842547,51.15040650406502,7.030983711898972,51.15040650406502,7.030983711898972,0.09317669092921274,0.08788729639873714,12.0
4,4,933,310,13,21,938.7195767195767,319.24867724867727,189,15,3.0,132.7195767195767,14.504871772631335,437.75132275132273,59.6594647701973,437.75132275132273,59.6594647701973,0.7252435886315667,0.7457433096274664,19.0
4,4,903,459,13,22,908.5155555555556,469.19555555555553,225,15,3.0,102.51555555555558,11.203885853066183,287.80444444444447,39.223774370622756,287.80444444444447,39.223774370622756,0.5601942926533092,0.49029717963278446,19.0
1,1,159,529,13,21,164.8108108108108,538.3783783783783,222,16,3.2,34.81081081081081,3.363363363363363,227.62162162162167,30.400216577178185,227.62162162162167,30.400216577178185,0.16816816816816815,0.38000270721472734,18.0
2,2,531,306,6,10,533.7169811320755,310.5471698113207,53,16,3.2,170.7169811320755,18.065289008685237,452.4528301886793,61.87389130785358,452.4528301886793,61.87389130785358,0.9032644504342618,0.7734236413481698,22.0
2,2,483,557,22,16,493.5232067510549,564.210970464135,237,16,3.2,130.5232067510549,13.811979550376178,198.78902953586498,27.18482455191316,198.78902953586498,27.18482455191316,0.6905989775188089,0.3398103068989145,22.0
2,2,507,604,16,21,514.3547008547009,613.6495726495726,234,16,3.2,151.35470085470092,16.016370460814912,149.35042735042737,20.42399006501571,149.35042735042737,20.42399006501571,0.8008185230407456,0.25529987581269636,22.0
2,2,386,677,21,22,395.8923611111111,687.5138888888889,288,16,3.2,32.892361111111086,3.4806731334509085,75.48611111111109,10.322886989553652,75.48611111111109,10.322886989553652,0.17403365667254542,0.12903608736942065,22.0
3,3,600,661,3,96,600.7838983050848,710.6822033898305,236,16,3.2,17.78389830508479,1.8621883041973601,49.31779661016947,6.7790785718446,49.31779661016947,6.7790785718446,0.09310941520986801,0.0847384821480575,12.0
4,4,937,290,14,21,943.5130890052355,299.4554973821989,191,16,3.2,137.51308900523554,15.028752896747054,457.5445026178011,62.35700206034768,457.5445026178011,62.35700206034768,0.7514376448373526,0.7794625257543459,20.0
4,4,901,430,12,22,906.2830188679245,439.7641509433962,212,16,3.2,100.28301886792451,10.959892772450766,317.2358490566038,43.234868695959634,317.2358490566038,43.234868695959634,0.5479946386225383,0.5404358586994954,20.0
1,1,163,514,13,22,168.94560669456067,523.8661087866109,239,17,3.4,38.94560669456067,3.762860550199098,242.13389121338912,32.338416188766494,242.13389121338912,32.338416188766494,0.1881430275099549,0.4042302023595812,18.0
2,2,533,303,4,10,534.7741935483871,307.48387096774195,31,17,3.4,171.77419354838707,18.17716333845366,455.51612903225805,62.292803970223325,455.51612903225805,62.292803970223325,0.908858166922683,0.7786600496277916,20.0
2,2,472,550,23,16,482.8631178707224,557.4866920152092,263,17,3.4,119.86311787072242,12.683927817007662,205.5133079847908,28.10438399792011,205.5133079847908,28.10438399792011,0.6341963908503832,0.3513047999740014,20.0
2,2,504,598,17,21,511.8666666666667,607.9372549019608,255,17,3.4,148.86666666666667,15.753086419753087,155.06274509803916,21.205161722808775,155.06274509803916,21.205161722808775,0.7876543209876543,0.2650645215351097,20.0
2,2,386,680,22,23,396.42628205128204,690.5929487179487,312,17,3.4,33.426282051282044,3.53717270383937,72.40705128205127,9.901818978742053,72.40705128205127,9.901818978742053,0.17685863519196848,0.12377273723427568,20.0
3,3,600,662,4,93,600.8729508196722,709.7172131147541,244,17,3.4,17.872950819672155,1.8715131748347806,50.282786885245855,6.911723283195307,50.282786885245855,6.911723283195307,0.09357565874173904,0.08639654103994134,12.0
4,4,943,270,16,20,950.3426966292135,279.2022471910112,178,17,3.4,144.3426966292135,15.775158101553387,477.7977528089888,65.11724058725571,477.7977528089888,65.11724058725571,0.7887579050776694,0.8139655073406964,20.0
4,4,897,395,12,22,902.688679245283,405.66037735849056,212,17,3.4,96.68867924528297,10.56706876997628,351.33962264150944,47.882742438365845,351.33962264150944,47.882742438365845,0.528353438498814,0.5985342804795731,20.0
4,4,918,743,17,15,924.925,750.675,160,17,3.4,118.92499999999995,12.997267759562837,6.3250000000000455,0.8620102214650829,6.3250000000000455,0.8620102214650829,0.6498633879781418,0.010775127768313535,20.0
1,1,165,510,13,22,171.21491228070175,519.7631578947369,228,18,3.6,41.21491228070175,3.9821171285702177,246.23684210526312,32.88638959669624,246.23684210526312,32.88638959669624,0.1991058564285109,0.41107986995870305,19.0
2,2,534,302,3,10,535.0370370370371,306.6296296296296,27,18,3.6,172.03703703703707,18.204977464236727,456.3703703703704,62.40962329851219,456.3703703703704,62.40962329851219,0.9102488732118363,0.7801202912314024,21.0
2,2,466,549,23,14,476.7206477732793,555.3157894736842,247,18,3.6,113.72064777327932,12.033930981299399,207.68421052631584,28.4012595591543,207.68421052631584,28.4012595591543,0.6016965490649699,0.3550157444894288,21.0
2,2,504,597,18,21,512.0826771653543,607.1732283464567,254,18,3.6,149.0826771653543,15.775944673582467,155.82677165354335,21.309643986809345,155.82677165354335,21.309643986809345,0.7887972336791234,0.2663705498351168,21.0
2,2,386,682,23,21,396.9691780821918,692.3116438356165,292,18,3.6,33.969178082191775,3.594622019279553,70.68835616438355,9.666783748975528,70.68835616438355,9.666783748975528,0.17973110096397765,0.1208347968621941,21.0
3,3,600,646,2,8,600.4666666666667,649.2666666666667,15,18,3.6,17.466666666666697,1.8289703315881358,110.73333333333335,15.221076746849945,110.73333333333335,15.221076746849945,0.0914485165794068,0.1902634593356243,12.0
3,3,600,662,3,92,600.7831858407079,709.8672566371681,226,18,3.6,17.783185840707915,1.8621137005976875,50.13274336283189,6.891098744031875,50.13274336283189,6.891098744031875,0.09310568502988438,0.08613873430039844,12.0
4,4,951,253,14,21,957.3131868131868,262.29120879120876,182,18,3.6,151.3131868131868,16.53696030745211,494.70879120879124,67.42198176610444,494.70879120879124,67.42198176610444,0.8268480153726054,0.8427747720763054,20.0
4,4,896,371,12,22,901.6869158878504,380.9018691588785,214,18,3.6,95.68691588785043,10.457586435830649,376.0981308411215,51.25698546386664,376.0981308411215,51.25698546386664,0.5228793217915324,0.640712318298333,20.0
4,4,912,721,11,21,916.9,730.2842105263157,190,18,3.6,110.89999999999998,12.12021857923497,26.715789473684254,3.6409934546758778,26.715789473684254,3.6409934546758778,0.6060109289617485,0.04551241818344847,20.0
4,4,871,750,21,8,882.1259842519685,754.1889763779527,127,18,3.6,76.12598425196848,8.319779699668686,2.811023622047287,0.383103730432339,2.811023622047287,0.383103730432339,0.4159889849834343,0.004788796630404237,20.0
1,1,166,508,13,22,171.84347826086957,518.1739130434783,230,19,3.8,41.843478260869574,4.042848141146819,247.82608695652175,33.09864266531175,247.82608695652175,33.09864266531175,0.20214240705734093,0.41373303331639694,19.0
2,2,535,301,2,9,535.4705882352941,304.7647058823529,17,19,3.8,172.47058823529414,18.250855897914725,458.2352941176471,62.664655605832074,458.2352941176471,62.664655605832074,0.9125427948957362,0.783308195072901,21.0
2,2,462,548,23,15,472.76305220883535,554.8433734939758,249,19,3.8,109.76305220883535,11.615137799876756,208.15662650602417,28.46586345381527,208.15662650602417,28.46586345381527,0.5807568899938378,0.3558232931726909,21.0
2,2,506,587,14,25,512.4922480620155,598.8565891472867,258,19,3.8,149.4922480620155,15.81928550920799,164.14341085271326,22.446962167892412,164.14341085271326,22.446962167892412,0.7909642754603995,0.28058702709865513,21.0
2,2,387,684,23,21,398.4040404040404,693.010101010101,297,19,3.8,35.404040404040416,3.7464593020148587,69.98989898989896,9.5712682379349,69.98989898989896,9.5712682379349,0.18732296510074295,0.11964085297418627,21.0
3,3,600,662,3,95,600.8215767634855,712.3651452282157,241,19,3.8,17.821576763485496,1.8661336925115701,47.63485477178426,6.547746360382717,47.63485477178426,6.547746360382717,0.0933066846255785,0.08184682950478396,12.0
4,4,959,231,13,21,964.8651685393259,240.42696629213484,178,19,3.8,158.86516853932585,17.362313501565666,516.5730337078652,70.40177631453018,516.5730337078652,70.40177631453018,0.8681156750782834,0.8800222039316272,20.0
4,4,898,340,12,22,903.3222748815166,350.24644549763036,211,19,3.8,97.32227488151659,10.636314194701267,406.75355450236964,55.43489669538258,406.75355450236964,55.43489669538258,0.5318157097350633,0.6929362086922822,20.0
4,4,909,695,11,21,913.8858695652174,704.4891304347826,184,19,3.8,107.88586956521738,11.790805416963648,52.51086956521738,7.1565069254129305,52.51086956521738,7.1565069254129305,0.5895402708481824,0.08945633656766162,20.0
4,4,887,740,23,18,898.075907590759,748.7359735973597,303,19,3.8,92.07590759075902,10.062940720301532,8.264026402640297,1.1262727635625618,8.264026402640297,1.1262727635625618,0.5031470360150766,0.014078409544532024,20.0
1,1,170,503,14,22,176.93162393162393,513.5598290598291,234,20,4.0,46.93162393162393,4.53445641851439,252.4401709401709,33.71488092690095,252.4401709401709,33.71488092690095,0.22672282092571946,0.4214360115862619,19.0
2,2,534,301,3,9,535.1904761904761,304.9047619047619,21,20,4.0,172.19047619047615,18.221214411690596,458.0952380952381,62.645502645502646,458.0952380952381,62.645502645502646,0.9110607205845299,0.783068783068783,21.0
2,2,456,545,19,19,464.74583333333334,553.9916666666667,240,20,4.0,101.74583333333334,10.766754850088184,209.00833333333333,28.582336182336178,209.00833333333333,28.582336182336178,0.5383377425044092,0.3572792022792023,21.0
2,2,508,582,14,25,514.51171875,593.51171875,256,20,4.0,151.51171875,16.03298611111111,169.48828125,23.177884615384617,169.48828125,23.177884615384617,0.8016493055555556,0.2897235576923077,21.0
2,2,388,686,23,18,399.3782894736842,693.5427631578947,304,20,4.0,36.37828947368422,3.8495544416597056,69.45723684210532,9.498425551057137,69.45723684210532,9.498425551057137,0.19247772208298528,0.11873031938821421,21.0
3,3,600,647,2,7,600.4615384615385,649.7692307692307,13,20,4.0,17.461538461538453,1.8284333467579532,110.23076923076928,15.151995770552478,110.23076923076928,15.151995770552478,0.09142166733789765,0.18939994713190597,12.0
3,3,600,662,3,93,600.860655737705,711.0327868852459,244,20,4.0,17.860655737704974,1.870225731696856,48.967213114754145,6.730888400653491,48.967213114754145,6.730888400653491,0.0935112865848428,0.08413610500816864,12.0
4,4,963,215,11,21,968.1153846153846,224.74358974358975,156,20,4.0,162.11538461538464,17.71752837326608,532.2564102564103,72.5392041235312,532.2564102564103,72.5392041235312,0.885876418663304,0.9067400515441402,20.0
4,4,895,311,13,23,900.8440366972477,321.95412844036696,218,20,4.0,94.8440366972477,10.365468491502481,435.04587155963304,59.290749105231086,435.04587155963304,59.290749105231086,0.518273424575124,0.7411343638153884,20.0
4,4,911,676,13,22,917.1357466063348,686.4253393665158,221,20,4.0,111.1357466063348,12.145983235665007,70.5746606334842,9.618352386164798,70.5746606334842,9.618352386164798,0.6072991617832503,0.12022940482705996,20.0
4,4,902,733,25,18,913.171974522293,740.9649681528663,314,20,4.0,107.171974522293,11.71278410079705,16.035031847133723,2.1853535737149876,16.035031847133723,2.1853535737149876,0.5856392050398525,0.02731691967143735,20.0
1,1,178,500,14,21,184.40265486725664,509.8008849557522,226,21,4.2,54.40265486725664,5.25629515625668,256.1991150442478,34.21691018954895,256.1991150442478,34.21691018954895,0.26281475781283403,0.4277113773693619,19.0
2,2,535,300,2,9,535.4705882352941,303.7647058823529,17,21,4.2,172.47058823529414,18.250855897914725,459.2352941176471,62.80140774258421,459.2352941176471,62.80140774258421,0.9125427948957362,0.7850175967823027,22.0
2,2,451,545,17,20,458.9004329004329,554.3636363636364,231,21,4.2,95.90043290043292,10.148193957717769,208.63636363636363,28.531468531468526,208.63636363636363,28.531468531468526,0.5074096978858884,0.3566433566433566,22.0
2,2,509,571,13,24,514.6818181818182,582.1280991735537,242,21,4.2,151.68181818181824,16.050986050986058,180.87190082644634,24.734618916437107,180.87190082644634,24.734618916437107,0.8025493025493029,0.30918273645546385,22.0
2,2,388,685,23,19,399.8910891089109,693.3300330033003,303,21,4.2,36.891089108910876,3.9038189533239023,69.66996699669971,9.527516854249534,69.66996699669971,9.527516854249534,0.1951909476661951,0.11909396067811917,22.0
3,3,600,647,2,7,600.4615384615385,649.7692307692307,13,21,4.2,17.461538461538453,1.8284333467579532,110.23076923076928,15.151995770552478,110.23076923076928,15.151995770552478,0.09142166733789765,0.18939994713190597,12.0
3,3,600,659,3,96,600.8237704918033,710.2827868852459,244,21,4.2,17.823770491803316,1.8663634022830697,49.717213114754145,6.833981184158645,49.717213114754145,6.833981184158645,0.09331817011415348,0.08542476480198306,12.0
4,4,966,198,8,21,969.8688524590164,208.3360655737705,122,21,4.2,163.86885245901635,17.909164203171187,548.6639344262295,74.77532326081491,548.6639344262295,74.77532326081491,0.8954582101585593,0.9346915407601866,19.0
4,4,892,285,13,22,898.2,295.0409090909091,220,21,4.2,92.20000000000005,10.076502732240442,461.9590909090909,62.95864952764442,461.9590909090909,62.95864952764442,0.5038251366120221,0.7869831190955552,19.0
4,4,917,663,17,19,924.5044247787611,671.9513274336283,226,21,4.2,118.50442477876106,12.951303254509407,85.04867256637169,11.59096048604725,85.04867256637169,11.59096048604725,0.6475651627254703,0.14488700607559063,19.0
4,4,917,719,23,20,927.171875,728.709375,320,21,4.2,121.171875,13.242827868852459,28.290624999999977,3.8556218057921603,28.290624999999977,3.8556218057921603,0.6621413934426229,0.048195272572402005,19.0
1,1,180,499,14,21,186.5829596412556,508.390134529148,223,22,4.4,56.5829596412556,5.466952622343536,257.609865470852,34.40532426989677,257.609865470852,34.40532426989677,0.2733476311171768,0.4300665533737095,19.0
2,2,535,300,2,8,535.4666666666667,303.26666666666665,15,22,4.4,172.4666666666667,18.250440917107586,459.73333333333335,62.86951566951568,459.73333333333335,62.86951566951568,0.9125220458553793,0.7858689458689458,21.0
2,2,449,545,18,21,457.07949790794976,554.7531380753138,239,22,4.4,94.07949790794976,9.955502424121667,208.2468619246862,28.478203340128022,208.2468619246862,28.478203340128022,0.49777512120608336,0.35597754175160035,21.0
2,2,509,567,13,25,514.844,579.0799999999999,250,22,4.4,151.84400000000005,16.068148148148154,183.92000000000007,25.151452991453002,183.92000000000007,25.151452991453002,0.8034074074074077,0.3143931623931625,21.0
2,2,389,682,23,21,401.25688073394497,691.7094801223242,327,22,4.4,38.25688073394497,4.048347167613224,71.29051987767582,9.749130923442847,71.29051987767582,9.749130923442847,0.20241735838066122,0.12186413654303559,21.0
3,3,600,659,3,96,600.8380566801619,710.0971659919028,247,22,4.4,17.838056680161912,1.8678593382368496,49.902834008097216,6.8594960835872465,49.902834008097216,6.8594960835872465,0.09339296691184247,0.08574370104484058,12.0
4,4,970,182,4,19,971.5714285714286,191.21428571428572,70,22,4.4,165.57142857142856,18.095238095238095,565.7857142857142,77.10878559260159,565.7857142857142,77.10878559260159,0.9047619047619047,0.96385981990752,20.0
4,4,891,258,13,22,896.6744186046511,268.3627906976744,215,22,4.4,90.67441860465112,9.909772525098484,488.6372093023256,66.59450893387742,488.6372093023256,66.59450893387742,0.4954886262549242,0.8324313616734678,20.0
4,4,932,653,16,16,938.707182320442,659.9944751381215,181,22,4.4,132.70718232044203,14.503517193490932,97.00552486187848,13.220514461584802,97.00552486187848,13.220514461584802,0.7251758596745466,0.16525643076981003,20.0
4,4,928,711,23,19,938.3266666666667,720.43,300,22,4.4,132.3266666666667,14.461930783242263,36.57000000000005,4.983986371379904,36.57000000000005,4.983986371379904,0.7230965391621131,0.06229982964224881,20.0
1,1,190,494,16,18,196.8140703517588,502.11557788944725,199,23,4.6,66.8140703517588,6.455465734469449,263.88442211055275,35.24332849556631,263.88442211055275,35.24332849556631,0.32277328672347244,0.4405416061945789,20.0
2,2,535,300,2,8,535.4666666666667,303.26666666666665,15,23,4.6,172.4666666666667,18.250440917107586,459.73333333333335,62.86951566951568,459.73333333333335,62.86951566951568,0.9125220458553793,0.7858689458689458,21.0
2,2,449,546,13,23,454.43776824034336,556.4849785407725,233,23,4.6,91.43776824034336,9.675954311147445,206.51502145922746,28.24137045596273,206.51502145922746,28.24137045596273,0.4837977155573723,0.3530171306995341,21.0
2,2,510,558,13,24,515.9797570850203,569.2995951417004,247,23,4.6,152.9797570850203,16.18833408307093,193.70040485829963,26.488944254126444,193.70040485829963,26.488944254126444,0.8094167041535466,0.33111180317658057,21.0
2,2,390,673,23,26,402.27065527065525,686.6723646723647,351,23,4.6,39.270655270655254,4.1556248963656355,76.32763532763533,10.437967224292011,76.32763532763533,10.437967224292011,0.20778124481828178,0.13047459030365013,21.0
3,3,600,659,3,96,600.8237704918033,710.2090163934427,244,23,4.6,17.823770491803316,1.8663634022830697,49.79098360655735,6.844121457946027,49.79098360655735,6.844121457946027,0.09331817011415348,0.08555151822432534,12.0
4,4,970,173,4,19,971.5797101449275,182.08695652173913,69,23,4.6,165.5797101449275,18.096143185237977,574.9130434782609,78.35271461373232,574.9130434782609,78.35271461373232,0.9048071592618989,0.979408932671654,20.0
4,4,891,231,12,23,896.5488372093023,241.52558139534884,215,23,4.6,90.54883720930229,9.896047782437408,515.4744186046512,70.25205023572758,515.4744186046512,70.25205023572758,0.49480238912187047,0.8781506279465948,20.0
4,4,972,281,2,8,972.4666666666667,284.26666666666665,15,23,4.6,166.4666666666667,18.19307832422587,472.73333333333335,64.42703009653607,472.73333333333335,64.42703009653607,0.9096539162112934,0.8053378762067007,20.0
4,4,940,651,18,15,948.300518134715,657.9274611398964,193,23,4.6,142.30051813471505,15.551969195050825,99.07253886010358,13.502219946862498,99.07253886010358,13.502219946862498,0.7775984597525413,0.1687777493357812,20.0
4,4,928,712,23,19,938.6732026143791,720.7679738562091,306,23,4.6,132.67320261437908,14.499803564413014,36.232026143790904,4.937925198472355,36.232026143790904,4.937925198472355,0.7249901782206507,0.061724064980904436,20.0
1,1,201,484,15,18,207.74193548387098,491.96774193548384,186,24,4.8,77.74193548387098,7.511298114383669,274.03225806451616,36.598632128816845,274.03225806451616,36.598632128816845,0.37556490571918344,0.4574829016102106,21.0
2,2,534,299,3,10,535.12,303.32,25,24,4.8,172.12,18.213756613756615,459.68,62.86222222222222,459.68,62.86222222222222,0.9106878306878307,0.7857777777777778,20.0
2,2,446,547,13,23,452.2716049382716,557.9958847736625,243,24,4.8,89.2716049382716,9.44673068129858,205.0041152263375,28.034750800182906,205.0041152263375,28.034750800182906,0.4723365340649291,0.3504343850022863,20.0
2,2,512,552,13,24,517.5960784313726,563.3372549019607,255,24,4.8,154.59607843137258,16.359373378981225,199.6627450980393,27.30430702195409,199.6627450980393,27.30430702195409,0.8179686689490613,0.34130383777442613,20.0
2,2,403,663,10,22,407.4024390243902,673.0853658536585,164,24,4.8,44.40243902439022,4.698670796231769,89.91463414634154,12.296018344798844,89.91463414634154,12.296018344798844,0.23493353981158846,0.15370022930998553,20.0
2,2,392,685,13,14,397.44545454545454,691.6181818181818,110,24,4.8,34.44545454545454,3.6450216450216444,71.38181818181818,9.76161616161616,71.38181818181818,9.76161616161616,0.18225108225108222,0.12202020202020201,20.0
3,3,600,656,4,99,600.8918918918919,707.934362934363,259,24,4.8,17.891891891891873,1.8734965331823952,52.06563706563702,7.1567886000875625,52.06563706563702,7.1567886000875625,0.09367482665911976,0.08945985750109453,12.0
4,4,970,170,4,18,971.609375,178.921875,64,24,4.8,165.609375,18.09938524590164,578.078125,78.78407155025553,578.078125,78.78407155025553,0.904969262295082,0.9848008943781942,20.0
4,4,896,204,13,23,901.7417840375587,214.5962441314554,213,24,4.8,95.74178403755866,10.463582954924444,542.4037558685446,73.92214730746775,542.4037558685446,73.92214730746775,0.5231791477462222,0.9240268413433469,20.0
4,4,971,256,3,9,972.1363636363636,259.5909090909091,22,24,4.8,166.13636363636363,18.15697963238947,497.4090909090909,67.7899953538795,497.4090909090909,67.7899953538795,0.9078489816194734,0.8473749419234938,20.0
4,4,949,644,15,18,955.6307692307693,652.3435897435897,195,24,4.8,149.63076923076926,16.353089533417407,104.65641025641025,14.263224566461364,104.65641025641025,14.263224566461364,0.8176544766708703,0.17829030708076704,20.0
4,4,928,711,23,20,938.8118811881188,720.6897689768977,303,24,4.8,132.81188118811883,14.514959692690583,36.31023102310235,4.948583444375107,36.31023102310235,4.948583444375107,0.7257479846345292,0.06185729305468884,20.0
1,1,205,481,15,18,211.7891891891892,488.7567567567568,185,25,5.0,81.78918918918919,7.902337119728424,277.2432432432432,37.02747822948157,277.2432432432432,37.02747822948157,0.3951168559864212,0.4628434778685196,21.0
2,2,534,299,3,10,535.1666666666666,303.2083333333333,24,25,5.0,172.16666666666663,18.218694885361547,459.7916666666667,62.877492877492884,459.7916666666667,62.877492877492884,0.9109347442680774,0.785968660968661,21.0
2,2,510,544,14,24,516.305785123967,555.4338842975206,242,25,5.0,153.30578512396698,16.22283440465259,207.56611570247935,28.385109839655293,207.56611570247935,28.385109839655293,0.8111417202326295,0.35481387299569117,21.0
2,2,447,547,12,23,452.3461538461538,558.2350427350427,234,25,5.0,89.34615384615381,9.45461945461945,204.76495726495727,28.002045437942876,204.76495726495727,28.002045437942876,0.47273097273097253,0.35002556797428597,21.0
2,2,401,654,11,21,406.0989583333333,663.7239583333333,192,25,5.0,43.098958333333314,4.560736331569663,99.27604166666674,13.576210826210836,99.27604166666674,13.576210826210836,0.22803681657848315,0.16970263532763546,21.0
2,2,392,685,13,13,397.61240310077517,690.8992248062016,129,25,5.0,34.61240310077517,3.662688158812187,72.10077519379843,9.859935069237391,72.10077519379843,9.859935069237391,0.18313440794060937,0.1232491883654674,21.0
3,3,600,655,4,102,600.8716981132076,707.9283018867925,265,25,5.0,17.87169811320757,1.8713820013829918,52.0716981132075,7.157621733774227,52.0716981132075,7.157621733774227,0.09356910006914959,0.08947027167217785,12.0
4,4,969,170,5,14,971.0454545454545,176.12121212121212,66,25,5.0,165.0454545454545,18.03775459513164,580.8787878787879,79.16576325434929,580.8787878787879,79.16576325434929,0.9018877297565819,0.9895720406793661,21.0
4,4,901,183,13,23,907.0188679245283,193.53773584905662,212,25,5.0,101.01886792452831,11.040313434374678,563.4622641509434,76.79213140046927,563.4622641509434,76.79213140046927,0.5520156717187339,0.9599016425058661,21.0
4,4,967,231,7,18,970.3113207547169,238.50943396226415,106,25,5.0,164.31132075471692,17.95752139395813,518.4905660377358,70.66310951110539,518.4905660377358,70.66310951110539,0.8978760696979067,0.8832888688888173,21.0
4,4,955,633,13,18,960.9044943820224,641.1011235955057,178,25,5.0,154.90449438202245,16.92945293792595,115.89887640449433,15.795417567903828,115.89887640449433,15.795417567903828,0.8464726468962975,0.19744271959879783,21.0
4,4,928,711,23,19,938.9068965517241,720.6413793103449,290,25,5.0,132.90689655172412,14.52534388543433,36.35862068965514,4.955178288198316,36.35862068965514,4.955178288198316,0.7262671942717165,0.06193972860247894,21.0
1,1,220,465,15,18,226.97802197802196,473.03846153846155,182,26,5.2,96.97802197802196,9.369857195944151,292.96153846153845,39.12674971105689,292.96153846153845,39.12674971105689,0.4684928597972075,0.4890843713882111,21.0
2,2,534,299,3,9,535.1363636363636,302.8181818181818,22,26,5.2,172.13636363636363,18.215488215488215,460.1818181818182,62.93084693084693,460.1818181818182,62.93084693084693,0.9107744107744107,0.7866355866355866,21.0
2,2,509,537,16,22,516.4208333333333,547.3333333333333,240,26,5.2,153.42083333333335,16.235008818342152,215.66666666666674,29.492877492877504,215.66666666666674,29.492877492877504,0.8117504409171077,0.3686609686609688,21.0
2,2,447,548,12,23,452.29741379310343,558.7456896551724,232,26,5.2,89.29741379310343,9.449461777047983,204.25431034482756,27.932213380489237,204.25431034482756,27.932213380489237,0.4724730888523991,0.3491526672561155,21.0
2,2,399,646,12,20,404.45652173913044,655.0217391304348,184,26,5.2,41.45652173913044,4.3869335173683,107.97826086956525,14.766257896692684,107.97826086956525,14.766257896692684,0.21934667586841503,0.18457822370865853,21.0
2,2,392,684,13,14,397.76335877862596,690.2671755725191,131,26,5.2,34.76335877862596,3.6786623046165032,72.73282442748086,9.946369152476015,72.73282442748086,9.946369152476015,0.18393311523082517,0.1243296144059502,21.0
3,3,600,650,4,106,600.8246268656717,705.2835820895523,268,26,5.2,17.82462686567169,1.866453074939444,54.71641791044772,7.52115710109247,54.71641791044772,7.52115710109247,0.0933226537469722,0.09401446376365587,12.0
4,4,909,170,12,10,913.7415730337078,173.73033707865167,89,26,5.2,107.74157303370782,11.775035304230363,583.2696629213483,79.4916065310185,583.2696629213483,79.4916065310185,0.5887517652115182,0.9936450816377314,20.0
4,4,962,170,12,12,968.17,175.52,100,26,5.2,162.16999999999996,17.72349726775956,581.48,79.24770017035776,581.48,79.24770017035776,0.8861748633879779,0.9905962521294719,20.0
4,4,963,212,11,20,968.4413407821229,220.74301675977654,179,26,5.2,162.4413407821229,17.753151998046217,536.2569832402235,73.08442701740694,536.2569832402235,73.08442701740694,0.8876575999023109,0.9135553377175868,20.0
4,4,960,617,12,18,965.3409090909091,625.1875,176,26,5.2,159.34090909090912,17.414307004470942,131.8125,17.964224872231686,131.8125,17.964224872231686,0.8707153502235471,0.22455281090289608,20.0
4,4,931,714,23,17,941.7922535211268,722.2852112676056,284,26,5.2,135.79225352112678,14.840683444931889,34.71478873239437,4.731146675624445,34.71478873239437,4.731146675624445,0.7420341722465944,0.059139333445305566,20.0
1,1,235,444,16,18,241.96685082872926,452.0718232044199,181,27,5.4,111.96685082872926,10.81805322016708,313.9281767955801,41.92696852027781,313.9281767955801,41.92696852027781,0.5409026610083539,0.5240871065034726,22.0
2,2,534,299,3,9,535.1363636363636,302.8181818181818,22,27,5.4,172.13636363636363,18.215488215488215,460.1818181818182,62.93084693084693,460.1818181818182,62.93084693084693,0.9107744107744107,0.7866355866355866,21.0
2,2,506,525,16,23,513.4,535.7918367346939,245,27,5.4,150.39999999999998,15.915343915343913,227.2081632653061,31.071201814058956,227.2081632653061,31.071201814058956,0.7957671957671957,0.3883900226757369,21.0
2,2,446,549,14,24,452.5860655737705,560.204918032787,244,27,5.4,89.5860655737705,9.480006939023333,202.79508196721304,27.732660781841098,202.79508196721304,27.732660781841098,0.47400034695116666,0.34665825977301373,21.0
2,2,398,642,12,20,403.22105263157897,651.5631578947368,190,27,5.4,40.22105263157897,4.256196045669732,111.43684210526317,15.239226270805219,111.43684210526317,15.239226270805219,0.21280980228348662,0.19049032838506524,21.0
2,2,393,680,12,18,398.2450331125828,688.1192052980132,151,27,5.4,35.2450331125828,3.729633133606646,74.88079470198682,10.240108677194778,74.88079470198682,10.240108677194778,0.1864816566803323,0.12800135846493474,21.0
3,3,600,644,2,14,600.4814814814815,650.2592592592592,27,27,5.4,17.481481481481524,1.8305216210975417,109.74074074074076,15.084637902507321,109.74074074074076,15.084637902507321,0.09152608105487708,0.1885579737813415,12.0
3,3,600,662,4,93,600.8842975206611,710.50826446281,242,27,5.4,17.884297520661107,1.8727013110639903,49.49173553719004,6.802987702706535,49.49173553719004,6.802987702706535,0.09363506555319952,0.08503734628383168,12.0
4,4,961,170,13,12,967.8504672897196,175.4392523364486,107,27,5.4,161.85046728971963,17.688575660078648,581.5607476635514,79.25870496266458,581.5607476635514,79.25870496266458,0.8844287830039325,0.9907338120333073,20.0
4,4,965,192,9,18,969.6165413533835,200.3684210526316,133,27,5.4,163.61654135338347,17.881589218949014,556.6315789473684,75.86120326369587,556.6315789473684,75.86120326369587,0.8940794609474506,0.9482650407961983,20.0
4,4,964,605,10,18,968.8120805369127,613.3489932885906,149,27,5.4,162.81208053691273,17.79367000403418,143.65100671140942,19.577649977704862,143.65100671140942,19.577649977704862,0.8896835002017089,0.24472062472131076,20.0
4,4,930,714,24,18,941.45,722.5833333333334,300,27,5.4,135.45000000000005,14.803278688524594,34.41666666666663,4.6905167518455375,34.41666666666663,4.6905167518455375,0.7401639344262297,0.05863145939806921,20.0
1,1,247,426,14,19,253.33714285714285,434.4114285714286,175,28,5.6,123.33714285714285,11.91663216011042,331.5885714285714,44.285618888623894,331.5885714285714,44.285618888623894,0.595831608005521,0.5535702361077987,22.0
2,2,534,299,3,10,535.12,303.32,25,28,5.6,172.12,18.213756613756615,459.68,62.86222222222222,459.68,62.86222222222222,0.9106878306878307,0.7857777777777778,20.0
2,2,505,517,16,23,511.8661417322835,527.6338582677165,254,28,5.6,148.8661417322835,15.75303087114111,235.3661417322835,32.18682280099603,235.3661417322835,32.18682280099603,0.7876515435570556,0.4023352850124504,20.0
2,2,445,553,19,21,453.6209677419355,562.6209677419355,248,28,5.6,90.62096774193549,9.58952039597201,200.3790322580645,27.40226082161566,200.3790322580645,27.40226082161566,0.47947601979860044,0.34252826027019573,20.0
2,2,396,634,13,21,402.10769230769233,643.697435897436,195,28,5.6,39.10769230769233,4.138380138380141,119.30256410256402,16.314880561034396,119.30256410256402,16.314880561034396,0.20691900691900705,0.20393600701292994,20.0
2,2,394,678,12,17,399.0509554140127,685.592356687898,157,28,5.6,36.05095541401272,3.8149159168267426,77.40764331210198,10.585660623877194,77.40764331210198,10.585660623877194,0.19074579584133713,0.13232075779846492,20.0
3,3,600,686,3,11,601.0,691.0,29,28,5.6,18.0,1.8848167539267016,69.0,9.484536082474227,69.0,9.484536082474227,0.09424083769633508,0.11855670103092783,12.0
3,3,600,700,4,44,601.1176470588235,721.8529411764706,136,28,5.6,18.117647058823536,1.8971358176778572,38.14705882352939,5.24358196887002,38.14705882352939,5.24358196887002,0.09485679088389286,0.06554477461087524,12.0
4,4,967,170,7,25,970.5395683453237,181.67625899280574,139,28,5.6,164.5395683453237,17.982466485827725,575.3237410071943,78.40868701971984,575.3237410071943,78.40868701971984,0.8991233242913863,0.9801085877464979,21.0
4,4,966,595,8,19,969.6222222222223,603.4592592592593,135,28,5.6,163.62222222222226,17.882210078931394,153.54074074074072,20.92548425768187,153.54074074074072,20.92548425768187,0.8941105039465698,0.26156855322102335,21.0
4,4,932,716,25,15,943.4444444444445,723.1756272401434,279,28,5.6,137.44444444444446,15.021250758955679,33.8243727598566,4.609795265397834,33.8243727598566,4.609795265397834,0.7510625379477839,0.05762244081747291,21.0
1,1,263,405,13,18,268.8081395348837,413.1162790697674,172,29,5.8,138.8081395348837,13.41141444781485,352.8837209302326,47.12971231121637,352.8837209302326,47.12971231121637,0.6705707223907426,0.5891214038902046,21.0
2,2,534,299,3,10,535.0769230769231,303.1923076923077,26,29,5.8,172.0769230769231,18.20919820919821,459.8076923076923,62.879684418145956,459.8076923076923,62.879684418145956,0.9104599104599106,0.7859960552268245,20.0
2,2,502,503,15,24,508.6412213740458,514.4351145038167,262,29,5.8,145.6412213740458,15.411769457570985,248.56488549618325,33.991779213153265,248.56488549618325,33.991779213153265,0.7705884728785493,0.4248972401644158,20.0
2,2,445,557,22,17,455.5450980392157,564.4823529411765,255,29,5.8,92.5450980392157,9.793132067641872,198.5176470588235,27.147712418300653,198.5176470588235,27.147712418300653,0.48965660338209366,0.33934640522875814,20.0
2,2,394,627,13,20,399.5684210526316,636.2578947368421,190,29,5.8,36.56842105263161,3.869674185463662,126.7421052631579,17.33225371120108,126.7421052631579,17.33225371120108,0.1934837092731831,0.2166531713900135,20.0
2,2,396,668,11,19,400.44585987261144,676.6305732484077,157,29,5.8,37.445859872611436,3.9625248542445966,86.3694267515923,11.811203658337408,86.3694267515923,11.811203658337408,0.1981262427122298,0.1476400457292176,20.0
3,3,600,688,3,9,601.0,692.0,23,29,5.8,18.0,1.8848167539267016,68.0,9.347079037800688,68.0,9.347079037800688,0.09424083769633508,0.11683848797250859,12.0
3,3,600,700,4,44,601.0458015267176,721.6412213740458,131,29,5.8,18.045801526717582,1.8896127253107415,38.35877862595419,5.272684347210197,38.35877862595419,5.272684347210197,0.09448063626553709,0.06590855434012748,12.0
4,4,967,170,7,17,970.2571428571429,177.1904761904762,105,29,5.8,164.25714285714287,17.95160031225605,579.8095238095239,79.0200373164598,579.8095238095239,79.0200373164598,0.8975800156128025,0.9877504664557476,21.0
4,4,967,577,7,19,970.099173553719,585.6942148760331,121,29,5.8,164.09917355371897,17.93433590751027,171.30578512396687,23.346614667661584,171.30578512396687,23.346614667661584,0.8967167953755135,0.2918326833457698,21.0
4,4,942,721,25,13,953.6031746031746,726.6031746031746,252,29,5.8,147.60317460317458,16.131494492150228,30.39682539682542,4.142667856466837,30.39682539682542,4.142667856466837,0.8065747246075113,0.05178334820583547,21.0
1,1,274,381,12,19,279.15204678362574,389.8070175438596,171,30,6.0,149.15204678362574,14.410825776195724,376.1929824561404,50.242802331371,376.1929824561404,50.242802331371,0.7205412888097862,0.6280350291421375,21.0
2,2,534,299,3,10,535.0769230769231,303.1923076923077,26,30,6.0,172.0769230769231,18.20919820919821,459.8076923076923,62.879684418145956,459.8076923076923,62.879684418145956,0.9104599104599106,0.7859960552268245,20.0
2,2,499,492,16,23,505.878431372549,503.27450980392155,255,30,6.0,142.87843137254902,15.119410727253864,259.72549019607845,35.518015753309875,259.72549019607845,35.518015753309875,0.7559705363626932,0.44397519691637344,20.0
2,2,446,559,24,15,457.15234375,565.94921875,256,30,6.0,94.15234375,9.96321097883598,197.05078125,26.947115384615383,197.05078125,26.947115384615383,0.49816054894179895,0.3368389423076923,20.0
2,2,393,625,12,20,398.43715846994536,634.6830601092896,183,30,6.0,35.43715846994536,3.749963859253477,128.3169398907104,17.54761571155014,128.3169398907104,17.54761571155014,0.18749819296267387,0.21934519639437672,20.0
2,2,395,660,11,18,400.4367088607595,668.4620253164558,158,30,6.0,37.436708860759495,3.961556493202063,94.53797468354423,12.928270042194084,94.53797468354423,12.928270042194084,0.19807782466010315,0.16160337552742604,20.0
3,3,600,646,2,11,600.4761904761905,650.7619047619048,21,30,6.0,17.47619047619048,1.8299675891298934,109.23809523809518,15.015545737195215,109.23809523809518,15.015545737195215,0.09149837945649467,0.1876943217149402,12.0
3,3,600,660,2,13,600.48,665.76,25,30,6.0,17.480000000000018,1.8303664921465987,94.24000000000001,12.953951890034366,94.24000000000001,12.953951890034366,0.09151832460732993,0.16192439862542957,12.0
3,3,600,676,4,81,600.8625592417062,716.1232227488151,211,30,6.0,17.862559241706208,1.870425051487561,43.876777251184876,6.031172130747062,43.876777251184876,6.031172130747062,0.09352125257437806,0.07538965163433828,12.0
4,4,969,170,5,13,971.0491803278688,175.62295081967213,61,30,6.0,165.04918032786884,18.03816178446654,581.3770491803278,79.23366939425252,581.3770491803278,79.23366939425252,0.901908089223327,0.9904208674281565,20.0
4,4,967,570,7,18,970.5408163265306,578.204081632653,98,30,6.0,164.5408163265306,17.982602877216458,178.79591836734699,24.367416472551547,178.79591836734699,24.367416472551547,0.899130143860823,0.30459270590689436,20.0
4,4,943,721,24,13,954.2788844621514,726.7250996015936,251,30,6.0,148.27888446215138,16.20534256416955,30.27490039840643,4.126051161622682,30.27490039840643,4.126051161622682,0.8102671282084775,0.051575639520283524,20.0
1,1,280,365,12,19,285.3625730994152,373.50292397660814,171,31,6.2,155.36257309941521,15.010876627962821,392.49707602339186,52.42031065420926,392.49707602339186,52.42031065420926,0.7505438313981412,0.6552538831776158,21.0
2,2,534,299,3,10,535.0769230769231,303.1923076923077,26,31,6.2,172.0769230769231,18.20919820919821,459.8076923076923,62.879684418145956,459.8076923076923,62.879684418145956,0.9104599104599106,0.7859960552268245,20.0
2,2,495,482,17,24,502.66044776119406,493.589552238806,268,31,6.2,139.66044776119406,14.778883360972916,269.410447761194,36.8424543946932,269.410447761194,36.8424543946932,0.7389441680486458,0.460530679933665,20.0
2,2,446,559,25,13,457.6007751937984,564.7713178294573,258,31,6.2,94.60077519379843,10.010664041671792,198.2286821705427,27.108195852381908,198.2286821705427,27.108195852381908,0.5005332020835895,0.33885244815477383,20.0
2,2,392,625,16,38,400.19783197831975,642.6720867208671,369,31,6.2,37.197831978319755,3.936278516224313,120.32791327913287,16.45509925184723,120.32791327913287,16.45509925184723,0.19681392581121562,0.20568874064809037,20.0
3,3,600,645,2,11,600.4761904761905,649.7619047619048,21,31,6.2,17.47619047619048,1.8299675891298934,110.23809523809518,15.153002781868754,110.23809523809518,15.153002781868754,0.09149837945649467,0.18941253477335943,12.0
3,3,600,660,4,97,600.848,710.292,250,31,6.2,17.847999999999956,1.8689005235602048,49.70799999999997,6.832714776632298,49.70799999999997,6.832714776632298,0.09344502617801025,0.08540893470790373,12.0
4,4,968,170,6,13,970.8923076923077,175.64615384615385,65,31,6.2,164.89230769230767,18.021017234131985,581.3538461538461,79.23050714192111,581.3538461538461,79.23050714192111,0.9010508617065993,0.9903813392740138,19.0
4,4,971,562,3,11,972.24,566.56,25,31,6.2,166.24,18.168306010928962,190.44000000000005,25.954344122657588,190.44000000000005,25.954344122657588,0.9084153005464481,0.32442930153321986,19.0
4,4,943,720,24,14,954.2900763358779,726.6641221374045,262,31,6.2,148.29007633587787,16.206565719768072,30.335877862595453,4.134361548564968,30.335877862595453,4.134361548564968,0.8103282859884037,0.0516795193570621,19.0
1,1,286,353,13,19,291.6823529411765,361.3294117647059,170,32,6.4,161.68235294117648,15.62148337595908,404.6705882352941,54.04615535696749,404.6705882352941,54.04615535696749,0.781074168797954,0.6755769419620936,21.0
2,2,534,299,3,9,535.1363636363636,302.8181818181818,22,32,6.4,172.13636363636363,18.215488215488215,460.1818181818182,62.93084693084693,460.1818181818182,62.93084693084693,0.9107744107744107,0.7866355866355866,21.0
2,2,494,473,17,24,501.4630350194552,484.7315175097276,257,32,6.4,138.46303501945522,14.65217301793177,278.2684824902724,38.0538095713193,278.2684824902724,38.0538095713193,0.7326086508965884,0.47567261964149127,21.0
2,2,449,558,24,13,460.260162601626,564.0975609756098,246,32,6.4,97.260162601626,10.292080698584762,198.90243902439022,27.200333541796955,198.90243902439022,27.200333541796955,0.5146040349292381,0.3400041692724619,21.0
2,2,390,625,23,27,401.5860058309038,637.137026239067,343,32,6.4,38.58600583090379,4.083175220201459,125.86297376093296,17.212030599785702,125.86297376093296,17.212030599785702,0.20415876101007294,0.2151503824973213,21.0
3,3,600,672,4,84,600.8923766816143,714.390134529148,223,32,6.4,17.892376681614337,1.873547296504119,45.609865470852014,6.269397315581033,45.609865470852014,6.269397315581033,0.09367736482520596,0.07836746644476292,12.0
4,4,968,170,6,14,970.6153846153846,176.07692307692307,78,32,6.4,164.61538461538464,17.990752416981927,580.9230769230769,79.17179923994235,580.9230769230769,79.17179923994235,0.8995376208490964,0.9896474904992792,19.0
4,4,943,721,24,14,954.5285171102662,727.1140684410647,263,32,6.4,148.5285171102662,16.23262482079412,29.88593155893534,4.073040076175174,29.88593155893534,4.073040076175174,0.811631241039706,0.050913000952189674,19.0
1,1,292,340,12,19,297.38461538461536,348.2307692307692,169,33,6.6,167.38461538461536,16.172426607209214,417.7692307692308,55.7955566970592,417.7692307692308,55.7955566970592,0.8086213303604607,0.69744445871324,21.0
2,2,534,299,3,9,535.1904761904761,302.5238095238095,21,33,6.6,172.19047619047615,18.221214411690596,460.4761904761905,62.971102971102965,460.4761904761905,62.971102971102965,0.9110607205845299,0.7871387871387872,21.0
2,2,491,462,16,24,498.0389105058366,473.5603112840467,257,33,6.6,135.0389105058366,14.28983179955943,289.4396887159533,39.58149589277994,289.4396887159533,39.58149589277994,0.7144915899779715,0.49476869865974926,21.0
2,2,449,558,23,13,459.9875518672199,564.0622406639004,241,33,6.6,96.9875518672199,10.263233001822213,198.9377593360996,27.20516366989396,198.9377593360996,27.20516366989396,0.5131616500911106,0.3400645458736745,21.0
2,2,410,616,10,19,414.3248407643312,624.3375796178344,157,33,6.6,51.32484076433121,5.43120008088161,138.66242038216558,18.96238227448418,138.66242038216558,18.96238227448418,0.2715600040440805,0.23702977843105227,21.0
2,2,390,624,14,17,396.33519553072625,632.1899441340781,179,33,6.6,33.33519553072625,3.5275339185953705,130.81005586592187,17.888554648331194,130.81005586592187,17.888554648331194,0.17637669592976854,0.22360693310413995,21.0
3,3,600,659,4,97,600.82995951417,708.8218623481781,247,33,6.6,17.829959514170014,1.8670114674523575,51.178137651821885,7.0347955535150355,51.178137651821885,7.0347955535150355,0.09335057337261787,0.08793494441893794,12.0
4,4,884,170,17,5,891.8032786885246,171.45901639344262,61,33,6.6,85.80327868852464,9.377407506942584,585.5409836065573,79.80115619850866,585.5409836065573,79.80115619850866,0.4688703753471292,0.9975144524813584,19.0
4,4,968,170,6,14,970.6493506493507,176.03896103896105,77,33,6.6,164.6493506493507,17.994464551841606,580.961038961039,79.17697294187924,580.961038961039,79.17697294187924,0.8997232275920803,0.9897121617734906,19.0
4,4,955,722,19,14,964.5851528384279,728.6026200873363,229,33,6.6,158.58515283842792,17.33171069272436,28.397379912663723,3.8701710272795533,28.397379912663723,3.8701710272795533,0.8665855346362181,0.04837713784099442,19.0
1,1,299,320,12,21,304.6516853932584,329.62359550561797,178,34,6.8,174.6516853932584,16.87455897519405,436.37640449438203,58.28065502429143,436.37640449438203,58.28065502429143,0.8437279487597024,0.7285081878036428,20.0
2,2,534,299,3,9,535.0869565217391,302.69565217391306,23,34,6.8,172.08695652173913,18.210259949390384,460.30434782608694,62.94760312151616,460.30434782608694,62.94760312151616,0.9105129974695192,0.7868450390189521,21.0
2,2,487,453,18,23,495.2251908396947,463.6297709923664,262,34,6.8,132.22519083969468,13.992083686740179,299.3702290076336,40.939518496770404,299.3702290076336,40.939518496770404,0.6996041843370089,0.51174398120963,21.0
2,2,449,558,23,13,459.89915966386553,564.0210084033613,238,34,6.8,96.89915966386553,10.25387932950958,198.9789915966387,27.210802269625805,198.9789915966387,27.210802269625805,0.512693966475479,0.34013502837032256,21.0
2,2,410,609,10,18,414.4166666666667,617.3525641025641,156,34,6.8,51.416666666666686,5.440917107583776,145.6474358974359,19.91759807144423,145.6474358974359,19.91759807144423,0.2720458553791888,0.24896997589305284,21.0
2,2,390,625,14,17,396.5059523809524,632.7142857142858,168,34,6.8,33.50595238095241,3.5456034265558105,130.28571428571422,17.816849816849807,130.28571428571422,17.816849816849807,0.17728017132779053,0.2227106227106226,21.0
3,3,600,661,4,95,600.795744680851,711.1446808510639,235,34,6.8,17.795744680851044,1.8634287623927794,48.85531914893613,6.715507786795345,48.85531914893613,6.715507786795345,0.09317143811963897,0.08394384733494181,12.0
4,4,870,170,20,8,880.0666666666666,172.65833333333333,120,34,6.8,74.0666666666666,8.094717668488153,584.3416666666667,79.63770584894947,584.3416666666667,79.63770584894947,0.4047358834244077,0.9954713231118683,20.0
4,4,968,170,6,15,970.625,176.325,80,34,6.8,164.625,17.991803278688526,580.675,79.13798977853493,580.675,79.13798977853493,0.8995901639344263,0.9892248722316864,20.0
4,4,968,530,6,14,971.031746031746,535.5079365079365,63,34,6.8,165.03174603174602,18.036256396912133,221.4920634920635,30.186311889889407,221.4920634920635,30.186311889889407,0.9018128198456067,0.3773288986236175,20.0
4,4,964,718,10,13,969.045871559633,723.7064220183486,109,34,6.8,163.04587155963304,17.81922093547902,33.293577981651424,4.537455261553856,33.293577981651424,4.537455261553856,0.890961046773951,0.05671819076942321,20.0
1,1,304,300,13,24,309.95528455284557,311.3414634146342,246,35,7.0,179.95528455284557,17.386984014767688,454.6585365853658,60.72234211490695,454.6585365853658,60.72234211490695,0.8693492007383844,0.7590292764363369,12.0
2,2,534,298,3,9,535.1363636363636,301.5909090909091,22,35,7.0,172.13636363636363,18.215488215488215,461.4090909090909,63.0986790986791,461.4090909090909,63.0986790986791,0.9107744107744107,0.7887334887334887,21.0
2,2,483,442,17,23,490.6589147286822,452.8255813953488,258,35,7.0,127.65891472868219,13.508879865469016,310.1744186046512,42.41701451003777,310.1744186046512,42.41701451003777,0.6754439932734507,0.5302126813754721,21.0
2,2,449,558,23,13,459.93388429752065,564.0785123966942,242,35,7.0,96.93388429752065,10.257553893917528,198.92148760330576,27.202938475665746,198.92148760330576,27.202938475665746,0.5128776946958764,0.3400367309458218,21.0
2,2,408,601,11,19,412.60493827160496,609.7530864197531,162,35,7.0,49.604938271604965,5.249199817101054,153.24691358024688,20.956842882768804,153.24691358024688,20.956842882768804,0.2624599908550527,0.26196053603461006,21.0
2,2,391,625,13,17,396.44303797468353,632.9367088607595,158,35,7.0,33.443037974683534,3.538945817426829,130.0632911392405,17.786432976306394,130.0632911392405,17.786432976306394,0.17694729087134145,0.22233041220382993,21.0
3,3,600,641,3,114,600.76,702.1818181818181,275,35,7.0,17.75999999999999,1.8596858638743445,57.81818181818187,7.9475164011246555,57.81818181818187,7.9475164011246555,0.09298429319371723,0.0993439550140582,12.0
4,4,859,170,11,4,863.5277777777778,171.27777777777777,36,35,7.0,57.52777777777783,6.28718882817244,585.7222222222222,79.82585652091613,585.7222222222222,79.82585652091613,0.314359441408622,0.9978232065114517,21.0
4,4,968,170,6,15,970.5301204819277,176.4578313253012,83,35,7.0,164.53012048192772,17.981433932451118,580.5421686746988,79.11988670183288,580.5421686746988,79.11988670183288,0.8990716966225559,0.988998583772911,21.0
4,4,962,519,12,18,968.1626506024096,526.7289156626506,166,35,7.0,162.1626506024096,17.722694054908153,230.2710843373494,31.38277128958765,230.2710843373494,31.38277128958765,0.8861347027454076,0.3922846411198457,21.0
1,1,311,280,11,22,315.8543689320388,289.8495145631068,206,36,7.2,185.85436893203882,17.956943858168003,476.1504854368932,63.59271925701412,476.1504854368932,63.59271925701412,0.8978471929084001,0.7949089907126764,12.0
2,2,534,298,3,9,535.1363636363636,301.5909090909091,22,36,7.2,172.13636363636363,18.215488215488215,461.4090909090909,63.0986790986791,461.4090909090909,63.0986790986791,0.9107744107744107,0.7887334887334887,21.0
2,2,473,434,21,19,483.0387596899225,442.99612403100775,258,36,7.2,120.03875968992247,12.70251425290185,320.00387596899225,43.76121380772544,320.00387596899225,43.76121380772544,0.6351257126450924,0.547015172596568,21.0
2,2,449,558,23,13,459.92083333333335,564.0708333333333,240,36,7.2,96.92083333333335,10.256172839506174,198.92916666666667,27.203988603988606,198.92916666666667,27.203988603988606,0.5128086419753087,0.34004985754985756,21.0
2,2,404,596,12,17,409.1575342465753,604.2808219178082,146,36,7.2,46.157534246575324,4.884395158367759,158.71917808219177,21.705186746282635,158.71917808219177,21.705186746282635,0.24421975791838796,0.27131483432853293,21.0
2,2,391,625,13,17,396.5,632.962962962963,162,36,7.2,33.5,3.544973544973545,130.03703703703695,17.78284267173155,130.03703703703695,17.78284267173155,0.17724867724867724,0.22228553339664436,21.0
3,3,600,662,4,91,600.8838174273859,710.7427385892116,241,36,7.2,17.883817427385907,1.872651039516849,49.257261410788374,6.770757582238952,49.257261410788374,6.770757582238952,0.09363255197584244,0.0846344697779869,12.0
4,4,968,170,6,14,970.5657894736842,175.9078947368421,76,36,7.2,164.56578947368416,17.985332182916302,581.0921052631579,79.19483547027706,581.0921052631579,79.19483547027706,0.8992666091458151,0.9899354433784633,22.0
4,4,949,507,17,18,956.9130434782609,514.9033816425122,207,36,7.2,150.91304347826087,16.49322879543835,242.09661835748784,32.99442839625047,242.09661835748784,32.99442839625047,0.8246614397719173,0.4124303549531309,22.0
1,1,314,261,8,23,317.7151898734177,271.8164556962025,158,37,7.4,187.71518987341773,18.136733321103165,494.1835443037975,66.00114114241035,494.1835443037975,66.00114114241035,0.9068366660551581,0.8250142642801294,12.0
1,1,237,780,10,2,241.29411764705884,780.5882352941177,17,37,7.4,111.29411764705884,10.753054845126456,-14.58823529411768,-1.9483452813512763,-14.58823529411768,-1.9483452813512763,0.5376527422563229,-0.02435431601689095,12.0
2,2,534,297,3,9,535.1363636363636,300.8181818181818,22,37,7.4,172.13636363636363,18.215488215488215,462.1818181818182,63.204351204351205,462.1818181818182,63.204351204351205,0.9107744107744107,0.79005439005439,21.0
2,2,467,426,22,20,477.5152671755725,435.6297709923664,262,37,7.4,114.51526717557249,12.118017690536771,327.3702290076336,44.768578325830234,327.3702290076336,44.768578325830234,0.6059008845268385,0.559607229072878,21.0
2,2,449,558,23,13,460.0041841004184,564.1297071129707,239,37,7.4,97.0041841004184,10.264993026499301,198.87029288702934,27.195937488824523,198.87029288702934,27.195937488824523,0.513249651324965,0.3399492186103066,21.0
2,2,400,593,11,16,404.84615384615387,600.0923076923077,130,37,7.4,41.84615384615387,4.428164428164431,162.9076923076923,22.277975016436553,162.9076923076923,22.277975016436553,0.22140822140822153,0.2784746877054569,21.0
2,2,391,625,13,17,396.5398773006135,632.9754601226994,163,37,7.4,33.53987730061351,3.549193365144287,130.02453987730064,17.781133658434275,130.02453987730064,17.781133658434275,0.17745966825721435,0.22226417073042845,21.0
3,3,600,662,4,92,600.8943089430894,710.7682926829268,246,37,7.4,17.894308943089413,1.8737496275486296,49.23170731707319,6.7672449920375515,49.23170731707319,6.7672449920375515,0.09368748137743148,0.08459056240046939,12.0
4,4,969,170,5,13,971.0,175.8095238095238,63,37,7.4,165.0,18.0327868852459,581.1904761904761,79.20824207025228,581.1904761904761,79.20824207025228,0.9016393442622951,0.9901030258781536,22.0
4,4,942,495,17,21,949.8936170212766,504.4595744680851,235,37,7.4,143.89361702127655,15.726078362981044,252.54042553191488,34.41777520026097,252.54042553191488,34.41777520026097,0.7863039181490522,0.4302221900032621,22.0
1,1,315,252,7,21,318.3671875,261.6796875,128,38,7.6,188.3671875,18.199728260869566,504.3203125,67.35496661101837,504.3203125,67.35496661101837,0.9099864130434783,0.8419370826377296,12.0
1,1,238,779,12,3,243.66666666666669,780.060606060606,33,38,7.6,113.66666666666669,10.98228663446055,-14.060606060606005,-1.877877270197797,-14.060606060606005,-1.877877270197797,0.5491143317230275,-0.02347346587747246,12.0
2,2,535,293,2,8,535.4666666666667,296.26666666666665,15,38,7.6,172.4666666666667,18.250440917107586,466.73333333333335,63.82678062678063,466.73333333333335,63.82678062678063,0.9125220458553793,0.7978347578347579,21.0
2,2,462,419,22,20,471.8346153846154,428.78076923076924,260,38,7.6,108.8346153846154,11.51689051689052,334.21923076923076,45.705193951347795,334.21923076923076,45.705193951347795,0.575844525844526,0.5713149243918475,21.0
2,2,449,558,23,13,459.9957805907173,564.1476793248945,237,38,7.6,96.99578059071729,10.26410376621347,198.8523206751055,27.193479750441774,198.8523206751055,27.193479750441774,0.5132051883106735,0.3399184968805222,21.0
2,2,397,585,11,15,401.84615384615387,591.5692307692308,130,38,7.6,38.84615384615387,4.110704110704113,171.43076923076922,23.44352399737015,171.43076923076922,23.44352399737015,0.20553520553520566,0.29304404996712685,21.0
2,2,390,625,14,17,396.5,632.9518072289156,166,38,7.6,33.5,3.544973544973545,130.04819277108436,17.78436824219957,130.04819277108436,17.78436824219957,0.17724867724867724,0.22230460302749463,21.0
3,3,600,662,3,91,600.8425531914894,709.9106382978723,235,38,7.6,17.8425531914894,1.868330177119309,50.08936170212769,6.885135629158445,50.08936170212769,6.885135629158445,0.09341650885596545,0.08606419536448057,12.0
4,4,970,170,4,13,971.5416666666666,175.52083333333334,48,38,7.6,165.54166666666663,18.091985428050997,581.4791666666666,79.24758659852355,581.4791666666666,79.24758659852355,0.9045992714025499,0.9905948324815446,21.0
4,4,939,483,15,24,945.5907335907336,493.988416988417,259,38,7.6,139.59073359073363,15.255817878768703,263.011583011583,35.84484947346958,263.011583011583,35.84484947346958,0.7627908939384351,0.4480606184183697,21.0
1,1,318,237,4,16,319.6851851851852,244.27777777777777,54,39,7.8,189.68518518518522,18.327071032385046,521.7222222222222,69.67909478760897,521.7222222222222,69.67909478760897,0.9163535516192522,0.8709886848451122,18.0
1,1,240,767,14,15,246.8622754491018,774.9940119760479,167,39,7.8,116.86227544910179,11.291041106193411,-8.994011976047886,-1.20120360281107,-8.994011976047886,-1.20120360281107,0.5645520553096705,-0.015015045035138374,18.0
2,2,534,293,3,9,535.0869565217391,296.69565217391306,23,39,7.8,172.08695652173913,18.210259949390384,466.30434782608694,63.76811594202898,466.30434782608694,63.76811594202898,0.9105129974695192,0.7971014492753623,21.0
2,2,451,412,23,18,461.7394636015326,420.2950191570881,261,39,7.8,98.73946360153258,10.448620486934665,342.7049808429119,46.865638405868296,342.7049808429119,46.865638405868296,0.5224310243467332,0.5858204800733536,21.0
2,2,449,558,23,13,459.9581589958159,564.1464435146444,239,39,7.8,96.9581589958159,10.260122645059884,198.85355648535563,27.193648750134102,198.85355648535563,27.193648750134102,0.5130061322529942,0.3399206093766763,21.0
2,2,395,582,11,16,400.0230769230769,589.4230769230769,130,39,7.8,37.02307692307693,3.9177859177859182,173.5769230769231,23.73701512163051,173.5769230769231,23.73701512163051,0.1958892958892959,0.29671268902038134,21.0
2,2,390,625,14,17,396.46666666666664,633.0,165,39,7.8,33.46666666666664,3.541446208112872,130.0,17.77777777777778,130.0,17.77777777777778,0.17707231040564358,0.2222222222222222,21.0
3,3,600,661,3,95,600.8360655737705,710.9426229508197,244,39,7.8,17.836065573770497,1.8676508454209946,49.05737704918033,6.743282068615853,49.05737704918033,6.743282068615853,0.09338254227104972,0.08429102585769817,12.0
4,4,970,170,4,11,971.7222222222222,174.58333333333334,36,39,7.8,165.72222222222217,18.111718275652695,582.4166666666666,79.37535491198182,582.4166666666666,79.37535491198182,0.9055859137826349,0.9921919363997728,20.0
4,4,940,469,14,26,946.2815884476535,481.0758122743682,277,39,7.8,140.28158844765346,15.33132114182005,275.9241877256318,37.60465931524794,275.9241877256318,37.60465931524794,0.7665660570910026,0.47005824144059927,20.0
4,4,971,710,3,8,972.1578947368421,713.1052631578947,19,39,7.8,166.15789473684208,18.15933275812482,43.89473684210532,5.982246929077386,43.89473684210532,5.982246929077386,0.9079666379062409,0.07477808661346733,20.0
1,1,318,227,4,12,319.83333333333337,232.11111111111111,36,40,8.0,189.83333333333337,18.341384863124,533.8888888888889,71.30402522723057,533.8888888888889,71.30402522723057,0.9170692431561999,0.8913003153403821,18.0
1,1,244,749,13,20,249.52020202020202,758.2676767676768,198,40,8.0,119.52020202020202,11.547845605816622,7.7323232323232105,1.0326975936324823,7.7323232323232105,1.0326975936324823,0.577392280290831,0.012908719920406028,18.0
2,2,534,292,3,9,535.0869565217391,295.69565217391306,23,40,8.0,172.08695652173913,18.210259949390384,467.30434782608694,63.904868078781114,467.30434782608694,63.904868078781114,0.9105129974695192,0.798810850984764,20.0
2,2,443,404,24,18,454.0152091254753,412.5209125475285,263,40,8.0,91.01520912547528,9.631239060896855,350.4790874524715,47.92876409606448,350.4790874524715,47.92876409606448,0.4815619530448427,0.599109551200806,20.0
2,2,448,558,25,13,459.904,564.048,250,40,8.0,96.904,10.254391534391534,198.952,27.20711111111111,198.952,27.20711111111111,0.5127195767195767,0.3400888888888889,20.0
2,2,392,582,11,16,396.5109489051095,589.1021897810219,137,40,8.0,33.5109489051095,3.546132159270847,173.89781021897807,23.780897123962813,173.89781021897807,23.780897123962813,0.17730660796354233,0.29726121404953515,20.0
2,2,390,625,14,18,396.52298850574715,633.1609195402299,174,40,8.0,33.52298850574715,3.5474061910843546,129.83908045977012,17.75577168680617,129.83908045977012,17.75577168680617,0.17737030955421773,0.22194714608507712,20.0
3,3,600,650,2,7,600.4615384615385,652.7692307692307,13,40,8.0,17.461538461538453,1.8284333467579532,107.23076923076928,14.739624636531861,107.23076923076928,14.739624636531861,0.09142166733789765,0.18424530795664826,12.0
3,3,600,661,3,95,600.8264462809917,711.3099173553719,242,40,8.0,17.826446280991718,1.8666435896326405,48.69008264462809,6.692794865240975,48.69008264462809,6.692794865240975,0.09333217948163203,0.08365993581551219,12.0
4,4,971,170,3,9,972.0416666666666,173.54166666666666,24,40,8.0,166.04166666666663,18.146630236794167,583.4583333333334,79.51731970471324,583.4583333333334,79.51731970471324,0.9073315118397084,0.9939664963089154,20.0
4,4,939,449,14,26,944.9127272727272,460.51272727272726,275,40,8.0,138.91272727272724,15.181718827620463,296.48727272727274,40.40712405141707,296.48727272727274,40.40712405141707,0.7590859413810231,0.5050890506427134,20.0
4,4,969,712,5,14,971.1833333333334,718.6666666666666,60,40,8.0,165.1833333333334,18.052823315118403,38.33333333333337,5.224304372515621,38.33333333333337,5.224304372515621,0.9026411657559202,0.06530380465644527,20.0
1,1,316,218,6,15,318.9558823529412,224.44117647058823,68,41,8.2,188.95588235294122,18.25660699062234,541.5588235294117,72.32839045467937,541.5588235294117,72.32839045467937,0.912830349531117,0.904104880683492,18.0
1,1,251,732,14,20,257.1587301587302,741.005291005291,189,41,8.2,127.15873015873018,12.285867648186489,24.994708994708958,3.3381915184920143,24.994708994708958,3.3381915184920143,0.6142933824093245,0.04172739398115018,18.0
2,2,534,290,3,9,535.0869565217391,293.69565217391306,23,41,8.2,172.08695652173913,18.210259949390384,469.30434782608694,64.1783723522854,469.30434782608694,64.1783723522854,0.9105129974695192,0.8022296544035674,20.0
2,2,433,394,22,19,443.76190476190476,402.57539682539687,252,41,8.2,80.76190476190476,8.54623330813807,360.42460317460313,49.28883462216795,360.42460317460313,49.28883462216795,0.42731166540690346,0.6161104327770994,20.0
2,2,449,558,23,13,459.80408163265304,564.0775510204082,245,41,8.2,96.80408163265304,10.243818162185507,198.92244897959176,27.20306994592708,198.92244897959176,27.20306994592708,0.5121909081092754,0.3400383743240885,20.0
2,2,388,579,12,15,393.5072463768116,585.5942028985507,138,41,8.2,30.507246376811622,3.228280039874246,177.40579710144925,24.260621825839213,177.40579710144925,24.260621825839213,0.16141400199371228,0.30325777282299016,20.0
2,2,390,625,14,17,396.45402298850576,632.9770114942528,174,41,8.2,33.454022988505756,3.540108252751932,130.0229885057472,17.780921505059446,130.0229885057472,17.780921505059446,0.1770054126375966,0.2222615188132431,20.0
3,3,600,662,3,93,600.8319327731092,711.3697478991596,238,41,8.2,17.8319327731092,1.8672180914250474,48.63025210084038,6.684570735510706,48.63025210084038,6.684570735510706,0.09336090457125236,0.08355713419388382,12.0
4,4,971,170,3,7,972.0555555555555,172.55555555555554,18,41,8.2,166.05555555555554,18.148148148148145,584.4444444444445,79.6517130418323,584.4444444444445,79.6517130418323,0.9074074074074073,0.9956464130229037,20.0
4,4,938,432,14,25,944.1348314606741,443.39325842696627,267,41,8.2,138.13483146067415,15.096702891876957,313.60674157303373,42.74027142392283,313.60674157303373,42.74027142392283,0.7548351445938478,0.5342533927990353,20.0
4,4,968,714,6,18,970.9411764705883,722.4941176470588,85,41,8.2,164.9411764705883,18.0263580842173,34.50588235294117,4.7026756187994785,34.50588235294117,4.7026756187994785,0.901317904210865,0.05878344523499348,20.0
1,1,316,218,6,14,318.8529411764706,223.5735294117647,68,42,8.4,188.8529411764706,18.246660983233877,542.4264705882354,72.44426986153393,542.4264705882354,72.44426986153393,0.9123330491616938,0.9055533732691742,19.0
1,1,262,717,14,18,268.08000000000004,725.2514285714286,175,42,8.4,138.08000000000004,13.34106280193237,40.74857142857138,5.442213212497013,40.74857142857138,5.442213212497013,0.6670531400966185,0.06802766515621265,19.0
2,2,534,289,3,10,535.12,293.32,25,42,8.4,172.12,18.213756613756615,469.68,64.22974358974359,469.68,64.22974358974359,0.9106878306878307,0.8028717948717948,20.0
2,2,425,383,22,19,435.1235059760956,392.1314741035857,251,42,8.4,72.1235059760956,7.632117034507471,370.8685258964143,50.71706337044982,370.8685258964143,50.71706337044982,0.38160585172537353,0.6339632921306227,20.0
2,2,449,558,24,13,460.1062992125984,564.0748031496063,254,42,8.4,97.1062992125984,10.275798858476021,198.92519685039372,27.203445723130766,198.92519685039372,27.203445723130766,0.5137899429238011,0.34004307153913454,20.0
2,2,386,573,12,15,391.6969696969697,579.8560606060606,132,42,8.4,28.69696969696969,3.0367163700497026,183.14393939393938,25.045325045325043,183.14393939393938,25.045325045325043,0.15183581850248512,0.31306656306656305,20.0
2,2,391,626,13,16,396.6503067484663,633.3926380368098,163,42,8.4,33.65030674846628,3.5608790210017225,129.60736196319021,17.724083687273875,129.60736196319021,17.724083687273875,0.17804395105008614,0.22155104609092344,20.0
3,3,600,662,3,93,600.836820083682,710.8744769874477,239,42,8.4,17.836820083682028,1.8677298516944532,49.12552301255232,6.752649211347398,49.12552301255232,6.752649211347398,0.09338649258472266,0.08440811514184247,12.0
4,4,971,170,3,7,972.0555555555555,172.55555555555554,18,42,8.4,166.05555555555554,18.148148148148145,584.4444444444445,79.6517130418323,584.4444444444445,79.6517130418323,0.9074074074074073,0.9956464130229037,20.0
4,4,936,412,14,26,942.2028985507246,423.65942028985506,276,42,8.4,136.20289855072463,14.885562683139304,333.34057971014494,45.42972125521567,333.34057971014494,45.42972125521567,0.7442781341569652,0.5678715156901958,20.0
4,4,969,718,5,17,971.2162162162163,726.1351351351351,74,42,8.4,165.21621621621625,18.056417072810518,30.8648648648649,4.206455177494364,30.8648648648649,4.206455177494364,0.902820853640526,0.05258068971867955,20.0
1,1,315,215,7,15,318.47058823529414,221.1529411764706,85,43,8.6,188.47058823529414,18.20971867007673,544.8470588235294,72.76755376608072,544.8470588235294,72.76755376608072,0.9104859335038364,0.909594422076009,19.0
1,1,271,702,14,18,277.57894736842104,710.514619883041,171,43,8.6,147.57894736842104,14.258835494533434,55.48538011695905,7.41040135117984,55.48538011695905,7.41040135117984,0.7129417747266716,0.092630016889748,19.0
2,2,534,287,3,10,535.0370370370371,291.3333333333333,27,43,8.6,172.03703703703707,18.204977464236727,471.6666666666667,64.50142450142451,471.6666666666667,64.50142450142451,0.9102488732118363,0.8062678062678063,20.0
2,2,418,373,20,19,427.21008403361344,382.31932773109247,238,43,8.6,64.21008403361344,6.794717887154862,380.68067226890753,52.05889535301299,380.68067226890753,52.05889535301299,0.3397358943577431,0.6507361919126624,20.0
2,2,454,555,21,18,463.896,563.164,250,43,8.6,100.89600000000002,10.676825396825398,199.836,27.328000000000003,199.836,27.328000000000003,0.5338412698412699,0.3416,20.0
2,2,384,563,10,14,388.4473684210526,569.0263157894738,114,43,8.6,25.4473684210526,2.6928432191590055,193.97368421052624,26.526315789473674,193.97368421052624,26.526315789473674,0.13464216095795029,0.3315789473684209,20.0
2,2,391,625,13,17,396.6242424242424,633.0121212121212,165,43,8.6,33.624242424242425,3.558120891454225,129.9878787878788,17.776120176120177,129.9878787878788,17.776120176120177,0.17790604457271125,0.22220150220150223,20.0
3,3,600,662,3,92,600.8396624472574,711.1814345991561,237,43,8.6,17.83966244725741,1.8680274813882105,48.81856540084391,6.7104557252019115,48.81856540084391,6.7104557252019115,0.09340137406941053,0.0838806965650239,12.0
4,4,928,170,14,5,933.6851851851852,171.62962962962962,54,43,8.6,127.68518518518522,13.954665047561226,585.3703703703704,79.77790396870466,585.3703703703704,79.77790396870466,0.6977332523780613,0.9972237996088082,21.0
4,4,971,170,3,7,972.0,172.68421052631578,19,43,8.6,166.0,18.14207650273224,584.3157894736842,79.63417914462475,584.3157894736842,79.63417914462475,0.907103825136612,0.9954272393078095,21.0
4,4,936,392,13,25,941.68359375,403.24609375,256,43,8.6,135.68359375,14.82880806010929,353.75390625,48.21177597955707,353.75390625,48.21177597955707,0.7414404030054644,0.6026471997444633,21.0
4,4,969,721,5,17,971.2465753424658,728.7397260273973,73,43,8.6,165.2465753424658,18.059735010105552,28.260273972602704,3.851485379571067,28.260273972602704,3.851485379571067,0.9029867505052777,0.048143567244638336,21.0
1,1,315,212,7,16,318.304347826087,218.5326086956522,92,44,8.8,188.304347826087,18.193656794791014,547.4673913043478,73.11751469841039,547.4673913043478,73.11751469841039,0.9096828397395507,0.9139689337301298,19.0
1,1,279,690,14,18,285.5657142857143,698.2514285714286,175,44,8.8,155.5657142857143,15.03050379572119,67.74857142857138,9.048223229191503,67.74857142857138,9.048223229191503,0.7515251897860594,0.11310279036489379,19.0
2,2,534,286,3,11,535.0689655172414,290.6896551724138,29,44,8.8,172.0689655172414,18.208356139390624,472.3103448275862,64.58944886531094,472.3103448275862,64.58944886531094,0.9104178069695312,0.8073681108163867,20.0
2,2,410,365,21,20,420.218253968254,374.82142857142856,252,44,8.8,57.218253968253975,6.054841689762325,388.17857142857144,53.08424908424909,388.17857142857144,53.08424908424909,0.3027420844881163,0.6635531135531135,20.0
2,2,460,552,19,21,468.72549019607845,561.9568627450981,255,44,8.8,105.72549019607845,11.187882560431582,201.04313725490192,27.493078598960945,201.04313725490192,27.493078598960945,0.5593941280215792,0.34366348248701184,20.0
2,2,383,557,11,15,388.2283464566929,564.1102362204724,127,44,8.8,25.22834645669292,2.6696662917135363,198.88976377952758,27.198600174978132,198.88976377952758,27.198600174978132,0.1334833145856768,0.33998250218722664,20.0
2,2,391,626,13,16,396.64814814814815,633.1296296296296,162,44,8.8,33.64814814814815,3.5606505976876353,129.87037037037044,17.760050648939547,129.87037037037044,17.760050648939547,0.17803252988438176,0.22200063311174434,20.0
3,3,600,662,3,93,600.8270042194093,710.3080168776371,237,44,8.8,17.827004219409332,1.866702012503595,49.6919831223629,6.8305131439674085,49.6919831223629,6.8305131439674085,0.09333510062517975,0.0853814142995926,12.0
4,4,917,170,19,8,924.8974358974359,173.10256410256412,117,44,8.8,118.89743589743591,12.994255289337259,583.8974358974359,79.57716332503387,583.8974358974359,79.57716332503387,0.6497127644668629,0.9947145415629232,22.0
4,4,971,170,3,8,972.047619047619,173.04761904761904,21,44,8.8,166.04761904761904,18.14728077023159,583.952380952381,79.58465157783726,583.952380952381,79.58465157783726,0.9073640385115794,0.9948081447229659,22.0
4,4,937,378,13,24,942.4354838709678,388.7459677419355,248,44,8.8,136.4354838709678,14.910981843821618,368.2540322580645,50.187943067538605,368.2540322580645,50.187943067538605,0.7455490921910809,0.6273492883442325,22.0
4,4,969,726,5,18,971.2179487179487,734.6153846153846,78,44,8.8,165.21794871794873,18.056606417262156,22.38461538461536,3.0507141921111223,22.38461538461536,3.0507141921111223,0.9028303208631078,0.038133927401389024,22.0
1,1,315,210,7,16,318.49397590361446,216.09638554216866,83,45,9.0,188.49397590361446,18.21197834817531,549.9036144578313,73.4428867389424,549.9036144578313,73.4428867389424,0.9105989174087655,0.9180360842367801,20.0
1,1,290,676,14,17,296.67283950617286,683.6851851851852,162,45,9.0,166.67283950617286,16.103655990934577,82.31481481481478,10.993631360910154,82.31481481481478,10.993631360910154,0.8051827995467288,0.13742039201137693,20.0
2,2,534,286,3,11,535.0689655172414,290.6896551724138,29,45,9.0,172.0689655172414,18.208356139390624,472.3103448275862,64.58944886531094,472.3103448275862,64.58944886531094,0.9104178069695312,0.8073681108163867,20.0
2,2,404,357,20,18,413.1589958158996,365.59832635983264,239,45,9.0,50.15899581589957,5.307830245068738,397.40167364016736,54.345528019168185,397.40167364016736,54.345528019168185,0.2653915122534369,0.6793191002396023,20.0
2,2,384,551,11,16,388.8905109489051,558.5401459854015,137,45,9.0,25.890510948905103,2.7397366083497463,204.45985401459848,27.960321916526286,204.45985401459848,27.960321916526286,0.13698683041748733,0.3495040239565786,20.0
2,2,464,553,18,21,472.22093023255815,562.8682170542636,258,45,9.0,109.22093023255815,11.557770394979698,200.1317829457364,27.368448949844293,200.1317829457364,27.368448949844293,0.5778885197489849,0.34210561187305366,20.0
2,2,390,626,14,16,396.5421686746988,633.1385542168675,166,45,9.0,33.542168674698814,3.549435838592467,129.86144578313247,17.758830192565124,129.86144578313247,17.758830192565124,0.17747179192962337,0.22198537740706403,20.0
3,3,600,661,3,94,600.843621399177,709.5884773662551,243,45,9.0,17.843621399176982,1.8684420313274326,50.41152263374488,6.929418918727818,50.41152263374488,6.929418918727818,0.09342210156637164,0.08661773648409773,12.0
4,4,899,170,19,12,907.8815789473684,175.6184210526316,152,45,9.0,101.88157894736844,11.134598792062125,581.3815789473684,79.23428673899399,581.3815789473684,79.23428673899399,0.5567299396031062,0.990428584237425,21.0
4,4,971,170,3,6,972.0,172.1875,16,45,9.0,166.0,18.14207650273224,584.8125,79.70187393526406,584.8125,79.70187393526406,0.907103825136612,0.9962734241908007,21.0
4,4,940,365,15,24,946.8461538461538,375.63461538461536,260,45,9.0,140.8461538461538,15.393022278268177,381.36538461538464,51.974839470580534,381.36538461538464,51.974839470580534,0.7696511139134088,0.6496854933822567,21.0
4,4,965,740,9,18,969.4887218045112,748.390977443609,133,45,9.0,163.48872180451121,17.86761986934549,8.609022556390983,1.1732909787244952,8.609022556390983,1.1732909787244952,0.8933809934672744,0.014666137234056189,21.0
1,1,317,207,5,15,319.3620689655172,212.9655172413793,58,46,9.2,189.3620689655172,18.295852073963015,553.0344827586207,73.86103275574233,553.0344827586207,73.86103275574233,0.9147926036981507,0.9232629094467791,19.0
1,1,298,668,14,17,304.38125,675.93125,160,46,9.2,174.38125000000002,16.848429951690825,90.06875000000002,12.029215358931555,90.06875000000002,12.029215358931555,0.8424214975845412,0.15036519198664444,19.0
2,2,534,287,3,10,535.0769230769231,291.1923076923077,26,46,9.2,172.0769230769231,18.20919820919821,471.8076923076923,64.52071005917159,471.8076923076923,64.52071005917159,0.9104599104599106,0.806508875739645,21.0
2,2,398,350,20,18,407.6034482758621,358.32327586206895,232,46,9.2,44.60344827586209,4.719941616493343,404.67672413793105,55.340406719717066,404.67672413793105,55.340406719717066,0.23599708082466717,0.6917550839964633,21.0
2,2,384,542,11,16,388.8695652173913,549.1521739130435,138,46,9.2,25.86956521739131,2.7375201288244773,213.8478260869565,29.244147157190632,213.8478260869565,29.244147157190632,0.13687600644122389,0.3655518394648829,21.0
2,2,474,553,14,23,480.3446808510638,564.3234042553191,235,46,9.2,117.3446808510638,12.417426545086116,198.67659574468087,27.169448990725588,198.67659574468087,27.169448990725588,0.6208713272543058,0.33961811238406986,21.0
2,2,391,626,13,16,396.67080745341616,633.1925465838509,161,46,9.2,33.67080745341616,3.563048407768906,129.8074534161491,17.75144662101184,129.8074534161491,17.75144662101184,0.17815242038844528,0.22189308276264802,21.0
3,3,600,662,3,93,600.836820083682,710.0962343096235,239,46,9.2,17.836820083682028,1.8677298516944532,49.90376569037653,6.859624149879935,49.90376569037653,6.859624149879935,0.09338649258472266,0.0857453018734992,12.0
4,4,885,174,19,9,893.4545454545455,177.86013986013987,143,46,9.2,87.4545454545455,9.557873820168906,579.1398601398602,78.92877139895879,579.1398601398602,78.92877139895879,0.4778936910084453,0.9866096424869849,20.0
4,4,944,353,16,24,951.3726235741444,363.6882129277567,263,46,9.2,145.37262357414443,15.887718423403763,393.3117870722433,53.60296927730744,393.3117870722433,53.60296927730744,0.7943859211701881,0.670037115966343,20.0
4,4,838,731,11,17,842.8811188811189,738.7902097902098,143,46,9.2,36.88111888111894,4.030723374985676,18.209790209790185,2.4817431291025804,18.209790209790185,2.4817431291025804,0.20153616874928382,0.03102178911378226,20.0
4,4,958,753,13,5,963.5833333333334,755.4166666666666,48,46,9.2,157.58333333333337,17.222222222222225,1.5833333333333712,0.21578648495173713,1.5833333333333712,0.21578648495173713,0.8611111111111113,0.002697331061896714,20.0
1,1,318,208,4,12,319.71794871794873,212.94871794871796,39,47,9.4,189.71794871794873,18.330236591106157,553.051282051282,73.863276400839,553.051282051282,73.863276400839,0.9165118295553079,0.9232909550104874,19.0
1,1,300,667,14,17,306.1055900621118,674.2546583850932,161,47,9.4,176.1055900621118,17.015032856242684,91.7453416149068,12.253134105496736,91.7453416149068,12.253134105496736,0.8507516428121342,0.15316417631870918,19.0
2,2,534,287,3,10,535.0769230769231,291.1923076923077,26,47,9.4,172.0769230769231,18.20919820919821,471.8076923076923,64.52071005917159,471.8076923076923,64.52071005917159,0.9104599104599106,0.806508875739645,21.0
2,2,391,340,20,18,400.36842105263156,348.17105263157896,228,47,9.4,37.36842105263156,3.954330270119742,414.82894736842104,56.728744939271245,414.82894736842104,56.728744939271245,0.1977165135059871,0.7091093117408906,21.0
2,2,387,530,12,17,392.58895705521473,538.1104294478528,163,47,9.4,29.588957055214735,3.13110656668939,224.88957055214723,30.754129306276546,224.88957055214723,30.754129306276546,0.1565553283344695,0.3844266163284568,21.0
2,2,476,555,14,23,481.8464730290456,565.9004149377593,241,47,9.4,118.84647302904563,12.57634635227996,197.09958506224075,26.953789410220956,197.09958506224075,26.953789410220956,0.6288173176139981,0.33692236762776195,21.0
2,2,391,625,13,17,396.679012345679,632.962962962963,162,47,9.4,33.679012345678984,3.5639166503364006,130.03703703703695,17.78284267173155,130.03703703703695,17.78284267173155,0.17819583251682003,0.22228553339664436,21.0
3,3,600,693,3,8,601.0,696.5,20,47,9.4,18.0,1.8848167539267016,63.5,8.728522336769759,63.5,8.728522336769759,0.09424083769633508,0.109106529209622,12.0
3,3,600,702,3,51,601.0,727.0,149,47,9.4,18.0,1.8848167539267016,33.0,4.536082474226804,33.0,4.536082474226804,0.09424083769633508,0.05670103092783505,12.0
4,4,886,170,17,15,893.2272727272727,177.34415584415584,154,47,9.4,87.22727272727275,9.533035270740191,579.6558441558442,78.9990929002854,579.6558441558442,78.9990929002854,0.47665176353700955,0.9874886612535676,21.0
4,4,947,336,14,25,953.2834008097166,347.6842105263158,247,47,9.4,147.28340080971657,16.096546536581045,409.3157894736842,55.78409396574912,409.3157894736842,55.78409396574912,0.8048273268290523,0.6973011745718641,21.0
4,4,847,707,12,17,852.06993006993,714.3636363636364,143,47,9.4,46.069930069930024,5.03496503496503,42.636363636363626,5.810748025398791,42.636363636363626,5.810748025398791,0.2517482517482515,0.07263435031748489,21.0
1,1,318,206,4,14,319.6808510638298,211.93617021276594,47,48,9.6,189.68085106382978,18.32665227669853,554.063829787234,73.99850815188434,554.063829787234,73.99850815188434,0.9163326138349265,0.9249813518985542,18.0
1,1,307,656,14,16,313.39102564102564,663.3205128205128,156,48,9.6,183.39102564102564,17.718939675461414,102.67948717948718,13.713454047343864,102.67948717948718,13.713454047343864,0.8859469837730707,0.1714181755917983,18.0
2,2,534,286,3,10,535.0370370370371,290.6296296296296,27,48,9.6,172.03703703703707,18.204977464236727,472.3703703703704,64.59765748654637,472.3703703703704,64.59765748654637,0.9102488732118363,0.8074707185818297,21.0
2,2,386,329,17,20,393.86486486486484,338.6036036036036,222,48,9.6,30.864864864864842,3.2661232661232638,424.3963963963964,58.037114037114044,424.3963963963964,58.037114037114044,0.16330616330616318,0.7254639254639255,21.0
2,2,388,528,12,16,393.4295302013423,535.1744966442952,149,48,9.6,30.42953020134229,3.220056105962147,227.82550335570477,31.15562439052373,227.82550335570477,31.15562439052373,0.16100280529810734,0.3894453048815466,21.0
2,2,476,555,14,24,482.14112903225805,566.008064516129,248,48,9.6,119.14112903225805,12.607526881720428,196.99193548387098,26.939068100358423,196.99193548387098,26.939068100358423,0.6303763440860214,0.3367383512544803,21.0
2,2,391,626,13,16,396.55414012738856,633.1847133757962,157,48,9.6,33.554140127388564,3.550702658982917,129.81528662420385,17.752517828950953,129.81528662420385,17.752517828950953,0.17753513294914583,0.22190647286188692,21.0
3,3,600,662,3,91,600.7911111111111,709.9377777777778,225,48,9.6,17.79111111111115,1.8629435718440994,50.0622222222222,6.88140511645666,50.0622222222222,6.88140511645666,0.09314717859220498,0.08601756395570825,12.0
4,4,887,170,12,12,893.0545454545454,174.7,110,48,9.6,87.0545454545454,9.514157973174362,582.3,79.3594548551959,582.3,79.3594548551959,0.47570789865871804,0.9919931856899488,21.0
4,4,948,321,14,24,953.9676113360324,331.6842105263158,247,48,9.6,147.9676113360324,16.17132364328223,425.3157894736842,57.964673182103475,425.3157894736842,57.964673182103475,0.8085661821641115,0.7245584147762933,21.0
4,4,861,686,14,16,867.1739130434783,693.4968944099379,161,48,9.6,61.17391304347825,6.685673556664289,63.50310559006209,8.654597013977797,63.50310559006209,8.654597013977797,0.3342836778332145,0.10818246267472248,21.0
1,1,317,202,5,15,319.40350877192986,207.94736842105263,57,49,9.8,189.40350877192986,18.299855919993224,558.0526315789474,74.53123627097796,558.0526315789474,74.53123627097796,0.9149927959996612,0.9316404533872243,17.0
1,1,313,649,9,14,317.5098039215686,655.9607843137255,102,49,9.8,187.50980392156862,18.11688926778441,110.03921568627447,14.6963894071819,110.03921568627447,14.6963894071819,0.9058444633892204,0.18370486758977375,17.0
2,2,534,286,3,10,535.0769230769231,290.46153846153845,26,49,9.8,172.0769230769231,18.20919820919821,472.53846153846155,64.62064431295201,472.53846153846155,64.62064431295201,0.9104599104599106,0.8077580539119,21.0
2,2,383,319,16,20,390.2146118721461,328.44292237442926,219,49,9.8,27.214611872146122,2.8798531081636107,434.55707762557074,59.426608906060956,434.55707762557074,59.426608906060956,0.14399265540818054,0.742832611325762,21.0
2,2,388,525,13,16,393.5686274509804,532.3267973856209,153,49,9.8,30.568627450980387,3.234775391638136,230.67320261437908,31.545053348974918,230.67320261437908,31.545053348974918,0.1617387695819068,0.3943131668621865,21.0
2,2,476,556,14,23,482.2809917355372,566.611570247934,242,49,9.8,119.28099173553721,12.622327167781716,196.38842975206603,26.856537401991936,196.38842975206603,26.856537401991936,0.6311163583890858,0.3357067175248992,21.0
2,2,391,626,13,16,396.6835443037975,633.2594936708861,158,49,9.8,33.683544303797476,3.5643962226240715,129.74050632911394,17.742291463810453,129.74050632911394,17.742291463810453,0.17821981113120358,0.22177864329763067,21.0
3,3,600,662,3,93,600.8835341365461,711.0281124497992,249,49,9.8,17.883534136546132,1.8726213755545689,48.97188755020079,6.7315309347355035,48.97188755020079,6.7315309347355035,0.09363106877772844,0.0841441366841938,12.0
4,4,885,170,10,8,889.8032786885246,172.72131147540983,61,49,9.8,83.80327868852464,9.158828271969906,584.2786885245902,79.62912279721841,584.2786885245902,79.62912279721841,0.45794141359849533,0.9953640349652303,21.0
4,4,948,302,13,25,953.570281124498,313.5100401606426,249,49,9.8,147.57028112449802,16.12789957644787,443.4899598393574,60.44156181797035,443.4899598393574,60.44156181797035,0.8063949788223935,0.7555195227246293,21.0
4,4,881,665,15,15,887.7142857142857,671.6894409937888,161,49,9.8,81.71428571428567,8.930523028883679,85.31055900621118,11.626651994032187,85.31055900621118,11.626651994032187,0.44652615144418395,0.14533314992540236,21.0
