frame_index,time_s,x_px,y_px,bbox_x,bbox_y,bbox_w,bbox_h,x_from_left_px,x_from_left_mm,y_from_base_px,y_from_base_mm,distance_from_base_px,distance_from_base_mm,relative_x,relative_height,detected,internal_track_id,display_id,physical_vial_index,assay_tube_index,label,dt_s,dx_px,dy_px,displacement_px,speed_px_s_raw,vertical_velocity_px_s_raw,height_px_smoothed,speed_px_s_smoothed,vertical_velocity_px_s_smoothed,height_mm_smoothed,vertical_velocity_mm_s_raw,vertical_velocity_mm_s_smoothed,displacement_mm,speed_mm_s_raw,speed_mm_s_smoothed
0,0.0,153.0,780.5,151,780,5,2,23.0,2.2222222222222223,-14.5,-1.9365609348914858,-14.5,-1.9365609348914858,0.1111111111111111,-0.024207011686143573,True,1,1,1,1,"fly (1,1)",,,,,,,-12.083333333333314,4.052224659536818,4.02777777777781,-1.6138007790762356,,0.537933593025417,,,0.5396448112036705
3,0.6,153.53333333333333,775.6666666666666,152,774,4,5,23.53333333333333,2.2737520128824475,-9.666666666666629,-1.2910406232609855,-9.666666666666629,-1.2910406232609855,0.11368760064412238,-0.01613800779076232,True,1,1,1,1,"fly (1,1)",0.6,0.5333333333333314,-4.833333333333371,4.862669591444181,8.104449319073636,8.05555555555562,-12.083333333333314,4.052224659536818,4.02777777777781,-1.6138007790762356,1.075867186050834,0.537933593025417,0.6475737734444046,1.079289622407341,0.5396448112036705
0,0.0,270.5652173913044,779.7391304347826,264,779,17,2,140.56521739130437,13.581180424280616,-13.739130434782624,-1.8349422951295657,-13.739130434782624,-1.8349422951295657,0.6790590212140308,-0.022936778689119572,True,2,2,1,1,"fly (1,2)",,,,,,,-13.739130434782624,0.0,0.0,-1.8349422951295657,,0.0,,,0.0
1,0.2,270.5652173913044,779.7391304347826,264,779,17,2,140.56521739130437,13.581180424280616,-13.739130434782624,-1.8349422951295657,-13.739130434782624,-1.8349422951295657,0.6790590212140308,-0.022936778689119572,True,2,2,1,1,"fly (1,2)",0.2,0.0,0.0,0.0,0.0,0.0,-13.526767228630584,10.316545326752284,1.0618160307601936,-1.8065799303680248,0.0,0.1418118238077052,0.0,0.0,1.0015645127328934
2,0.4,264.40816326530614,779.1020408163265,254,777,20,4,134.40816326530614,12.986295967662429,-13.102040816326507,-1.7498552008449426,-13.102040816326507,-1.7498552008449426,0.6493147983831214,-0.02187319001056178,True,2,2,1,1,"fly (1,2)",0.2,-6.157054125998229,-0.6370896184561161,6.189927196051371,30.94963598025685,3.1854480922805806,-13.420741294229364,13.238579238137676,0.5301296720061068,-1.7924195384613508,0.42543547142311566,0.07080195953336975,0.6009387076397361,3.0046935381986803,1.2881116006801123
3,0.6,262.6842105263158,779.421052631579,253,778,19,3,132.68421052631578,12.819730485634375,-13.42105263157896,-1.792461119409544,-13.42105263157896,-1.792461119409544,0.6409865242817188,-0.022405763992619298,True,2,2,1,1,"fly (1,2)",0.19999999999999996,-1.7239527389903628,0.3190118152524519,1.7532203468312357,8.76610173415618,-1.59505907626226,-13.261546723952733,19.857868857206515,0.7951945080091603,-1.7711581601272435,-0.21302959282300643,0.10620293930005462,0.17192825276833124,0.8596412638416564,1.9321674010201684
0,0.0,258.8181818181818,779.6363636363636,256,779,7,2,128.8181818181818,12.446201141853313,-13.636363636363626,-1.8212171801487314,-13.636363636363626,-1.8212171801487314,0.6223100570926657,-0.022765214751859143,True,3,3,1,1,"fly (1,3)",,,,,,,-13.636363636363626,0.0,0.0,-1.8212171801487314,,0.0,,,0.0
1,0.2,258.8181818181818,779.6363636363636,256,779,7,2,128.8181818181818,12.446201141853313,-13.636363636363626,-1.8212171801487314,-13.636363636363626,-1.8212171801487314,0.6223100570926657,-0.022765214751859143,True,3,3,1,1,"fly (1,3)",0.2,0.0,0.0,0.0,0.0,0.0,-13.549242424242417,38.136957557061834,0.4356060606060434,-1.809581625942226,0.0,0.058177771032526714,0.0,0.0,3.6849491081184627
2,0.4,235.9375,779.375,234,778,6,4,105.9375,10.235507246376812,-13.375,-1.7863105175292153,-13.375,-1.7863105175292153,0.5117753623188406,-0.022328881469115193,True,3,3,1,1,"fly (1,3)",0.2,-22.880681818181813,-0.26136363636362603,22.8821745342371,114.4108726711855,1.3068181818181301,-12.60378787878786,57.676591868577965,4.727272727272787,-1.6833105681185792,0.17453331309758013,0.6313552891182351,2.2109694648710776,11.054847324355388,5.613864202143353
3,0.6,224.5,776.8,223,776,4,3,94.5,9.130434782608695,-10.799999999999955,-1.4424040066777903,-10.799999999999955,-1.4424040066777903,0.45652173913043476,-0.018030050083472377,True,3,3,1,1,"fly (1,3)",0.19999999999999996,-11.4375,-2.5750000000000455,11.723780586909678,58.6189029345484,12.875000000000231,-12.087499999999977,86.51488780286695,7.0909090909091805,-1.614357262103503,1.7195325542571254,0.9470329336773528,1.1573490564149338,5.78674528207467,8.42079630321503
0,0.0,294.9423076923077,778.6057692307693,281,777,29,4,164.94230769230768,15.936454849498325,-12.605769230769283,-1.6835751894182682,-12.605769230769283,-1.6835751894182682,0.7968227424749164,-0.021044689867728353,True,4,4,1,1,"fly (1,4)",,,,,,,-12.663461538461547,3.0425514100571642,-0.28846153846131983,-1.691280339026584,,-0.03852574804157849,,,0.295167165585872
1,0.2,296.1538461538462,778.7211538461538,281,777,32,4,166.1538461538462,16.053511705685622,-12.721153846153811,-1.6989854886348996,-12.721153846153811,-1.6989854886348996,0.8026755852842811,-0.021237318607936245,True,4,4,1,1,"fly (1,4)",0.2,1.2115384615385096,0.11538461538452793,1.2170205640228657,6.0851028201143285,-0.5769230769226397,-12.695512820512818,5.65072971340872,-0.2564102564101252,-1.6955609776978722,-0.07705149608315698,-0.034245109370300376,0.11806686623434881,0.590334331171744,0.5468146945941608
2,0.4,293.9807692307692,778.7596153846154,277,777,33,4,163.98076923076923,15.843552582683019,-12.759615384615358,-1.7041222550404485,-12.759615384615358,-1.7041222550404485,0.7921776291341509,-0.021301528188005608,True,4,4,1,1,"fly (1,4)",0.2,-2.1730769230769624,0.03846153846154721,2.1734172640223663,10.86708632011183,-0.19230769230773603,-12.733427141963716,10.70354828864638,-0.18957160725449285,-1.700624660028543,-0.025683832027744158,-0.025318411653354467,0.21002195052214767,1.0501097526107384,1.0350486251389732
3,0.6,297.0121951219512,778.719512195122,285,777,25,4,167.0121951219512,16.136443973135382,-12.719512195121979,-1.698766236410281,-12.719512195121979,-1.698766236410281,0.8068221986567691,-0.021234577955128512,True,4,4,1,1,"fly (1,4)",0.19999999999999996,3.031425891181982,-0.04010318949337943,3.0316911451425943,15.158455725712974,0.20051594746689722,-12.739563789868669,13.012771022912403,0.004104127579580563,-1.7014442457253645,0.026780093150837743,0.0005481305615467891,0.2929403583268874,1.4647017916344374,1.2574057721225878
0,0.0,212.3478260869565,776.9565217391304,209,776,8,3,82.3478260869565,7.956311699222851,-10.95652173913038,-1.4633084125716702,-10.95652173913038,-1.4633084125716702,0.3978155849611425,-0.01829135515714588,True,5,5,1,1,"fly (1,5)",,,,,,,-12.269927536231876,94.35923177972282,-6.567028985507477,-1.6387215407321372,,-0.8770656408023342,,,9.136920788848723
1,0.2,250.0,779.5833333333334,247,779,7,2,120.0,11.594202898550725,-13.583333333333371,-1.8141346688926039,-13.583333333333371,-1.8141346688926039,0.5797101449275363,-0.022676683361157548,True,5,5,1,1,"fly (1,5)",0.2,37.6521739130435,2.626811594202991,37.74369271188913,188.71846355944564,-13.134057971014954,-12.48859366612991,86.12249568881873,-3.8301798174988257,-1.6679256983145123,-1.7541312816046684,-0.5115432143571053,3.6547683155394894,18.273841577697446,8.334973989757287
3,0.6,277.85185185185185,778.925925925926,272,777,13,4,147.85185185185185,14.285203077473609,-12.92592592592598,-1.7263340134792629,-12.92592592592598,-1.7263340134792629,0.7142601538736805,-0.021579175168490786,True,5,5,1,1,"fly (1,5)",0.39999999999999997,27.851851851851848,-0.6574074074073906,27.85960940280422,69.64902350701055,1.6435185185184766,-13.254629629629676,129.1837435332281,-5.745269726248239,-1.7702343411859334,0.2195016385333526,-0.7673148215356579,2.6924321566297653,6.731080391574414,12.502460984635931
0,0.0,181.55172413793105,775.2758620689655,179,772,6,7,51.551724137931046,4.980842911877396,-9.275862068965466,-1.2388463531172575,-9.275862068965466,-1.2388463531172575,0.24904214559386978,-0.01548557941396572,True,6,6,1,1,"fly (1,6)",,,,,,,-9.275862068965466,0.0,0.0,-1.2388463531172575,,0.0,,,0.0
0,0.0,195.30612244897958,774.4897959183673,189,772,13,7,65.30612244897958,6.3097702849255635,-8.48979591836735,-1.1338625600490617,-8.48979591836735,-1.1338625600490617,0.31548851424627816,-0.01417328200061327,True,7,7,1,1,"fly (1,7)",,,,,,,-8.938591652877392,11.991567427462737,-2.243978672550213,-1.1938018902006533,,-0.2996966507579585,,,1.1769360754725189
1,0.2,200.018018018018,775.3873873873874,188,772,29,7,70.01801801801801,6.765025895460677,-9.387387387387435,-1.2537412203522451,-9.387387387387435,-1.2537412203522451,0.3382512947730339,-0.015671765254403062,True,7,7,1,1,"fly (1,7)",0.2,4.7118955690384325,0.8975914690200852,4.796626970985095,23.983134854925474,-4.487957345100426,-9.173672974064365,10.954966544546501,-1.9233994967849337,-1.2251983938650237,-0.599393301515917,-0.2568814019078373,0.4707744301890076,2.3538721509450378,1.073373365557465
2,0.4,198.26027397260273,775.6438356164383,181,772,36,10,68.26027397260273,6.595195552908476,-9.64383561643831,-1.287991401193764,-9.64383561643831,-1.287991401193764,0.3297597776454238,-0.016099892514922054,True,7,7,1,1,"fly (1,7)",0.2,-1.7577440454152793,0.25644822905087494,1.7763529557428055,8.881764778714027,-1.2822411452543747,-9.585525038833945,12.96708313722722,-2.0592603238479037,-1.2802036779744834,-0.17125090420759492,-0.27502642054729926,0.1732495891454715,0.8662479457273575,1.2681839659820284
3,0.6,199.46478873239437,775.7253521126761,185,772,31,10,69.46478873239437,6.7115737905695045,-9.725352112676092,-1.2988784123774413,-9.725352112676092,-1.2988784123774413,0.3355786895284752,-0.016235980154718017,True,7,7,1,1,"fly (1,7)",0.19999999999999996,1.2045147597916355,0.08151649623778212,1.207269955608432,6.036349778042162,-0.4075824811889107,-9.6845938645572,7.4590572783780935,-0.8449118132216427,-1.2934349067856026,-0.05443505591838595,-0.11284298006299043,0.116886360254738,0.5844318012736901,0.7253398735005239
0,0.0,171.8108108108108,773.5405405405405,169,771,8,7,41.81081081081081,4.039691865778822,-7.540540540540519,-1.0070838785362963,-7.540540540540519,-1.0070838785362963,0.20198459328894108,-0.012588548481703704,True,8,8,1,1,"fly (1,8)",,,,,,,-7.642221489782457,12.434590234280991,-0.5084047462096919,-1.0206639719242014,,-0.067900466939525,,,1.2023239197349889
1,0.2,176.78048780487805,773.7439024390244,169,770,14,9,46.78048780487805,4.519853894191116,-7.743902439024396,-1.0342440653121063,-7.743902439024396,-1.0342440653121063,0.2259926947095558,-0.012928050816401328,True,8,8,1,1,"fly (1,8)",0.2,4.9696769940672425,0.20336189848387676,4.973836093712396,24.869180468561982,-1.0168094924193838,-8.376295808003116,15.06510546672959,-3.839839839839859,-1.118703947646493,-0.13580093387905,-0.5128333675912999,0.4809295678939956,2.4046478394699777,1.531439252966029
2,0.4,173.3,775.8444444444444,168,770,11,12,43.30000000000001,4.183574879227054,-9.844444444444434,-1.3147838990910763,-9.844444444444434,-1.3147838990910763,0.20917874396135272,-0.016434798738638453,True,8,8,1,1,"fly (1,8)",0.2,-3.480487804878038,2.1005420054200385,4.065227186325357,20.326135931626784,-10.502710027100193,-9.292501169991624,15.858529788427878,-4.581026809942538,-1.2410686036716694,-1.4026991688948498,-0.6118232801258816,0.4379339838856218,2.189669919428109,1.634139508943708
3,0.6,173.46987951807228,776.289156626506,168,771,12,11,43.469879518072275,4.199988359234037,-10.289156626506042,-1.3741778466118253,-10.289156626506042,-1.3741778466118253,0.20999941796170182,-0.017177223082647818,True,8,8,1,1,"fly (1,8)",0.19999999999999996,0.1698795180722641,0.44471218206160756,0.4760545930189741,2.3802729650948713,-2.2235609103080383,-11.368858014641168,13.71370341239583,-10.381784223247713,-1.5183783658953145,-0.29696973760374507,-1.3865488111182254,0.06162015358660756,0.30810076793303787,1.6529467308271466
4,0.8,173.6216216216216,779.972972972973,168,778,13,4,43.621621621621614,4.214649432040735,-13.972972972973025,-1.8661733519830417,-13.972972972973025,-1.8661733519830417,0.21073247160203679,-0.023327166899788022,True,8,8,1,1,"fly (1,8)",0.20000000000000007,0.15174210354933848,3.6838163464669833,3.6869402680931693,18.43470134046584,-18.41908173233491,-9.463263057982394,23.525989813188627,9.527974783293878,-1.2638748658407202,-2.4599775268560813,1.2725175002729716,0.49221390102405876,2.461069505120293,3.127087123747618
5,1.0,175.0790273556231,770.1276595744681,167,758,17,24,45.07902735562311,4.355461580253441,-4.127659574468112,-0.5512733989272938,-4.127659574468112,-0.5512733989272938,0.21777307901267204,-0.006890917486591172,True,8,8,1,1,"fly (1,8)",0.19999999999999996,1.4574057340014974,-9.845313398504913,9.95259902680103,49.76299513400516,49.22656699252458,2.0745639256277477,70.17062242331339,57.68913491805072,0.27707030726247045,6.574499765278741,7.7047258655159565,1.3224182196379044,6.612091098189524,9.358869429422489
6,1.2,175.86486486486487,741.6756756756756,169,731,15,24,45.86486486486487,4.431387909648779,24.32432432432438,3.248657672697747,24.32432432432438,3.248657672697747,0.22156939548243898,0.040608220908721834,True,8,8,1,1,"fly (1,8)",0.19999999999999996,0.7858375092417589,-28.45198389879249,28.46283415909383,142.31417079546918,142.25991949396249,24.57086277224509,112.94647147395152,112.48149423308674,3.281584343538576,18.99965535812521,15.02257018138053,3.800689536991529,19.00344768495765,15.055127441221126
7,1.4,172.79617834394904,712.484076433121,165,701,16,25,42.79617834394904,4.134896458352564,53.515923566878996,7.147368756845275,53.515923566878996,7.147368756845275,0.2067448229176282,0.08934210946056594,True,8,8,1,1,"fly (1,8)",0.19999999999999996,-3.0686865209158327,-29.191599242554616,29.352449698476033,146.7622484923802,145.9579962127731,50.09934669966518,128.0738048637772,127.64241963710049,6.691064667734916,19.493555420737643,17.047401620981702,3.909968708103241,19.54984354051621,17.077589739251874
8,1.6,170.97727272727272,693.5422077922078,163,682,16,25,40.97727272727272,3.959156785243741,72.45779220779218,9.677167573661727,72.45779220779218,9.677167573661727,0.19795783926218705,0.12096459467077159,True,8,8,1,1,"fly (1,8)",0.20000000000000018,-1.818905616676318,-18.941868640913185,19.028999060696467,95.14499530348225,94.70934320456584,73.68965128996975,118.52993199807209,117.95152295152282,9.84168965475389,12.64899408408225,15.753124935094867,2.5358955984563556,12.679477992281766,15.793601414150208
9,1.8,168.85714285714286,670.9047619047619,161,659,16,25,38.85714285714286,3.754313319530711,95.09523809523807,12.700532633754667,95.09523809523807,12.700532633754667,0.18771566597653555,0.15875665792193336,True,8,8,1,1,"fly (1,8)",0.19999999999999996,-2.1201298701298583,-22.637445887445892,22.736510439670766,113.68255219835386,113.18722943722949,95.8155003644694,111.24396654108607,110.62924537249823,12.796727928476713,15.116825300464706,14.775191368614118,3.030296541930528,15.151482709652642,14.818218607351538
10,2.0,165.84192439862542,646.1065292096221,159,635,15,23,35.84192439862542,3.46298786460149,119.89347079037793,16.012483578013747,119.89347079037793,16.012483578013747,0.1731493932300745,0.20015604472517184,True,8,8,1,1,"fly (1,8)",0.19999999999999996,-3.015218458517438,-24.79823269513986,24.980870424284415,124.90435212142211,123.99116347569932,120.41861896668547,123.98887212993111,123.01559301108036,16.08262022927352,16.559754721295402,16.429461503984026,3.3247390240240398,16.623695120120203,16.49763523323514
11,2.2,161.8375451263538,619.7328519855596,155,609,15,23,31.837545126353803,3.076091316555923,146.2671480144404,19.534844476052143,146.2671480144404,19.534844476052143,0.15380456582779614,0.24418555595065178,True,8,8,1,1,"fly (1,8)",0.20000000000000018,-4.0043792722716205,-26.373677224062476,26.67594241400349,133.37971207001732,131.86838612031227,144.17498663002985,119.72448460187245,118.78183831672196,19.255423923877107,17.611804490191968,15.864018473017959,3.543545573986517,17.71772786993257,15.930048036925905
12,2.4,160.03488372093022,599.6356589147288,153,590,15,21,30.034883720930225,2.9019211324570264,166.36434108527123,22.21894371756544,166.36434108527123,22.21894371756544,0.14509605662285133,0.277736796469568,True,8,8,1,1,"fly (1,8)",0.19999999999999973,-1.802661405423578,-20.097193070830826,20.177877922835552,100.8893896141779,100.48596535415426,166.7504024698569,113.5388281540749,112.87707919913521,22.270504503486734,13.420496207566508,15.07540289804811,2.6897442241449845,13.44872112072494,15.121761747738192
13,2.6,159.2605633802817,578.3802816901409,152,568,16,22,29.260563380281695,2.827107572974077,187.61971830985908,25.057725316842614,187.61971830985908,25.057725316842614,0.14135537864870384,0.3132215664605327,True,8,8,1,1,"fly (1,8)",0.20000000000000018,-0.7743203406485293,-21.255377224587846,21.269476555605916,106.34738277802948,106.27688612293913,185.94952517472086,96.24326959173611,95.99561352431981,24.834661125171397,14.193907996385851,12.820783108423347,2.8397672505114167,14.19883625255707,12.838107602931549
14,2.8,160.58387096774194,562.1354838709677,153,551,16,24,30.583870967741944,2.954963378525792,203.86451612903227,27.227314341106148,203.86451612903227,27.227314341106148,0.14774816892628959,0.3403414292638268,True,8,8,1,1,"fly (1,8)",0.19999999999999973,1.3233075874602491,-16.244797819173186,16.298607276600166,81.49303638300094,81.22398909586605,202.47424858858406,83.06022460299454,82.62361706931604,27.041635871597208,10.847945121317682,11.034873732129014,2.1733530871025235,10.866765435512631,11.065482187710112
15,3.0,162.75728155339806,550.0614886731391,155,538,16,25,32.75728155339806,3.1649547394587496,215.93851132686086,28.839867956842852,215.93851132686086,28.839867956842852,0.15824773697293748,0.36049834946053566,True,8,8,1,1,"fly (1,8)",0.20000000000000018,2.1734105856561143,-12.073995197828594,12.26805092959065,61.340254647953195,60.369975989142915,215.8082163591716,67.3814485900191,66.66983885293764,28.82246629170906,8.062768078683515,8.904152100559282,1.626168975012128,8.130844875060633,8.954057638685226
16,3.2,164.8108108108108,538.3783783783783,159,529,13,21,34.81081081081081,3.363363363363363,227.62162162162167,30.400216577178185,227.62162162162167,30.400216577178185,0.16816816816816815,0.38000270721472734,True,8,8,1,1,"fly (1,8)",0.20000000000000018,2.053529257412748,-11.683110294760809,11.862210947820651,59.311054739103206,58.415551473803994,228.56467472062388,65.36679418656537,63.78229180726142,30.526166907595847,7.8017431016766565,8.518503079433911,1.5729125210964845,7.864562605482416,8.630040969769832
17,3.4,168.94560669456067,523.8661087866109,163,514,13,22,38.94560669456067,3.762860550199098,242.13389121338912,32.338416188766494,242.13389121338912,32.338416188766494,0.1881430275099549,0.4042302023595812,True,8,8,1,1,"fly (1,8)",0.19999999999999973,4.1347958837498595,-14.51226959176745,15.089814634527919,75.4490731726397,72.56134795883735,238.66411831342464,52.73455084392833,50.497217964003774,31.87500745421364,9.690998057941561,6.74420273308898,1.9789430857532868,9.894715428766448,6.903443325955462
18,3.6,171.21491228070175,519.7631578947369,165,510,13,22,41.21491228070175,3.9821171285702177,246.23684210526312,32.88638959669624,246.23684210526312,32.88638959669624,0.1991058564285109,0.41107986995870305,True,8,8,1,1,"fly (1,8)",0.20000000000000018,2.269305586141087,-4.102950891874002,4.688704924008421,23.443524620042087,20.514754459369993,245.39894009172465,35.812587886996866,33.67410889150017,32.77448281692483,2.739867039648727,4.497376813555945,0.5902103887235047,2.951051943617521,4.649873318557384
19,3.8,171.84347826086957,518.1739130434783,166,508,13,22,41.843478260869574,4.042848141146819,247.82608695652175,33.09864266531175,247.82608695652175,33.09864266531175,0.20214240705734093,0.41373303331639694,True,8,8,1,1,"fly (1,8)",0.19999999999999973,0.6285659801678207,-1.589244851258627,1.7090331736617603,8.545165868308812,7.946224256293146,248.8343666673186,22.11072502898519,17.177132877969626,33.23330439630298,1.0612653430775523,2.2941078968907624,0.2207705166576365,1.103852583288184,2.6654802304477827
20,4.0,176.93162393162393,513.5598290598291,170,503,14,22,46.93162393162393,4.53445641851439,252.4401709401709,33.71488092690095,252.4401709401709,33.71488092690095,0.22672282092571946,0.4214360115862619,True,8,8,1,1,"fly (1,8)",0.20000000000000018,5.088145670754358,-4.614083983649152,6.868696919720941,34.343484598604675,23.07041991824574,252.15512431364678,28.235167446241082,16.60378823164108,33.676811260587215,3.0811913079460114,2.2175343214211765,0.7883072328875294,3.941536164437643,3.147216689347283
21,4.2,184.40265486725664,509.8008849557522,178,500,14,21,54.40265486725664,5.25629515625668,256.1991150442478,34.21691018954895,256.1991150442478,34.21691018954895,0.26281475781283403,0.4277113773693619,True,8,8,1,1,"fly (1,8)",0.20000000000000018,7.471030935632712,-3.7589441040768747,8.363370374361958,41.81685187180975,18.794720520384356,255.41638381842358,29.7149634806814,16.30629752388376,34.11237179544889,2.5101463132399693,2.177802674308357,0.8792522640632049,4.396261320316021,3.250306147625526
22,4.4,186.5829596412556,508.390134529148,180,499,14,21,56.5829596412556,5.466952622343536,257.609865470852,34.40532426989677,257.609865470852,34.40532426989677,0.2733476311171768,0.4300665533737095,True,8,8,1,1,"fly (1,8)",0.20000000000000018,2.180304773998955,-1.4107504266042383,2.5969107943259573,12.984553971629776,7.053752133021185,259.2311342085508,38.27030776532087,19.07375195063644,34.62185431833734,0.9420704017390937,2.5474126144422633,0.2826241916245832,1.4131209581229147,4.096327817557321
23,4.6,196.8140703517588,502.11557788944725,190,494,16,18,66.8140703517588,6.455465734469449,263.88442211055275,35.24332849556631,263.88442211055275,35.24332849556631,0.32277328672347244,0.4405416061945789,True,8,8,1,1,"fly (1,8)",0.1999999999999993,10.231110710503202,-6.274556639700734,12.001903490504574,60.009517452523085,31.37278319850378,265.1755152153069,49.18631477865484,29.721905033780654,35.41576163142664,4.190021128347731,3.969536565446498,1.2959202348466008,6.479601174233027,5.494292103793936
24,4.8,207.74193548387098,491.96774193548384,201,484,15,18,77.74193548387098,7.511298114383669,274.03225806451616,36.598632128816845,274.03225806451616,36.598632128816845,0.37556490571918344,0.4574829016102106,True,8,8,1,1,"fly (1,8)",0.20000000000000018,10.927865132112174,-10.147835953963408,14.912974582362349,74.56487291181168,50.739179769817,271.71997447277073,53.468635393304034,32.722296287318706,36.28981295128824,6.776518166252672,4.370256599308001,1.718030835805175,8.590154179025868,5.990522402873018
25,5.0,211.7891891891892,488.7567567567568,205,481,15,18,81.78918918918919,7.902337119728424,277.2432432432432,37.02747822948157,277.2432432432432,37.02747822948157,0.3951168559864212,0.4628434778685196,True,8,8,1,1,"fly (1,8)",0.20000000000000018,4.047253705318212,-3.2109851787270713,5.166303163115471,25.831515815577333,16.054925893635343,281.41234658976595,69.89520678753375,48.46186058497614,37.5842866897851,2.1442305033236035,6.472368692484291,0.5803623710720324,2.901811855360159,8.099585710254994
26,5.2,226.97802197802196,473.03846153846155,220,465,15,18,96.97802197802196,9.369857195944151,292.96153846153845,39.12674971105689,292.96153846153845,39.12674971105689,0.4684928597972075,0.4890843713882111,True,8,8,1,1,"fly (1,8)",0.20000000000000018,15.18883278883277,-15.718295218295225,21.85784632704247,109.28923163521225,78.59147609147605,294.7109861667873,87.99581124472114,66.49319788510651,39.36039882027209,10.4963574078766,8.880560652434932,2.561358219275793,12.806791096378953,10.490431317677368
27,5.4,241.96685082872926,452.0718232044199,235,444,16,18,111.96685082872926,10.81805322016708,313.9281767955801,41.92696852027781,313.9281767955801,41.92696852027781,0.5409026610083539,0.5240871065034726,True,8,8,1,1,"fly (1,8)",0.20000000000000018,14.988828850707307,-20.966638334041647,25.773337256674782,128.8666862833738,104.83319167020814,312.82609556189664,114.39217352943332,90.57554697554701,41.779779039986195,14.0010940461046,12.09690109857055,3.1525382002586007,15.762691001292989,13.859732324939584
28,5.6,253.33714285714285,434.4114285714286,247,426,14,19,123.33714285714285,11.91663216011042,331.5885714285714,44.285618888623894,331.5885714285714,44.285618888623894,0.595831608005521,0.5535702361077987,True,8,8,1,1,"fly (1,8)",0.1999999999999993,11.370292028413587,-17.660394632991313,21.00412053394271,105.02060266971392,88.30197316495688,332.8001563847947,121.83203221554764,99.87030411449025,44.44743324003935,11.79325184173046,13.338271000265813,2.601942975429352,13.009714877146807,14.945768886462735
29,5.8,268.8081395348837,413.1162790697674,263,405,13,18,138.8081395348837,13.41141444781485,352.8837209302326,47.12971231121637,352.8837209302326,47.12971231121637,0.6705707223907426,0.5891214038902046,True,8,8,1,1,"fly (1,8)",0.20000000000000018,15.470996677740857,-21.29514950166117,26.321761538711055,131.60880769355515,106.47574750830576,353.5550916049815,121.37869522799643,103.77467610093385,47.219377843737085,14.220467112962384,13.859723018488658,3.2129801561896847,16.06490078094841,15.140838323434082
30,6.0,279.15204678362574,389.8070175438596,274,381,12,19,149.15204678362574,14.410825776195724,376.1929824561404,50.242802331371,376.1929824561404,50.242802331371,0.7205412888097862,0.6280350291421375,True,8,8,1,1,"fly (1,8)",0.20000000000000018,10.343907248742028,-23.3092615259078,25.50133506414406,127.50667532072019,116.5463076295389,373.85792646992167,115.44998404776159,101.51417432470065,49.93094176559888,15.565450100773134,13.55781960930893,3.2695798624414074,16.347899312207023,14.568721623857739
31,6.2,285.3625730994152,373.50292397660814,280,365,12,19,155.36257309941521,15.010876627962821,392.49707602339186,52.42031065420926,392.49707602339186,52.42031065420926,0.7505438313981412,0.6552538831776158,True,8,8,1,1,"fly (1,8)",0.20000000000000018,6.21052631578948,-16.30409356725147,17.4468938258019,87.23446912900943,81.52046783625728,391.12021557160875,94.44070718458197,86.31144550843574,52.23642278084926,10.887541614191276,11.527405076251847,2.258672955683558,11.293364778417779,12.108295342731447
32,6.4,291.6823529411765,361.3294117647059,286,353,13,19,161.68235294117648,15.62148337595908,404.6705882352941,54.04615535696749,404.6705882352941,54.04615535696749,0.781074168797954,0.6755769419620936,True,8,8,1,1,"fly (1,8)",0.20000000000000018,6.31977984176126,-12.17351221190222,13.716195420803267,68.58097710401627,60.86756105951105,404.97896500930557,75.74850758081796,69.29374718848402,54.08734090274532,8.129223513791139,9.254590609480328,1.736724387513909,8.683621937569537,9.715838302646244
33,6.6,297.38461538461536,348.2307692307692,292,340,12,19,167.38461538461536,16.172426607209214,417.7692307692308,55.7955566970592,417.7692307692308,55.7955566970592,0.8086213303604607,0.69744445871324,True,8,8,1,1,"fly (1,8)",0.1999999999999993,5.702262443438883,-13.098642533936697,14.286015301885588,71.43007650942819,65.49321266968371,419.6054078329689,79.9635445590663,73.13221411831698,56.04078902610604,8.747006700458572,9.767240616803615,1.8341056383902765,9.170528191951416,10.25535555932976
34,6.8,304.6516853932584,329.62359550561797,299,320,12,21,174.6516853932584,16.87455897519405,436.37640449438203,58.28065502429143,436.37640449438203,58.28065502429143,0.8437279487597024,0.7285081878036428,True,8,8,1,1,"fly (1,8)",0.20000000000000018,7.2670700086430315,-18.607173725151256,19.97591601275091,99.87958006375447,93.0358686257562,436.26805728299286,88.82967635151134,83.3132472501196,58.26618461208586,12.425491636161137,11.126977929899104,2.582383309693667,12.911916548468323,11.518944591071543
35,7.0,309.95528455284557,311.3414634146342,304,300,13,24,179.95528455284557,17.386984014767688,454.6585365853658,60.72234211490695,454.6585365853658,60.72234211490695,0.8693492007383844,0.7590292764363369,True,8,8,1,1,"fly (1,8)",0.20000000000000018,5.303599159587179,-18.282132090983794,19.03587449627028,95.17937248135132,91.41066045491888,455.72847550554707,102.1643776294007,97.30209111277058,60.865238798737494,12.208435453077609,12.995270933258189,2.49487780655898,12.474389032794889,13.339464296837626
36,7.2,315.8543689320388,289.8495145631068,311,280,11,22,185.85436893203882,17.956943858168003,476.1504854368932,63.59271925701412,476.1504854368932,63.59271925701412,0.8978471929084001,0.7949089907126764,True,8,8,1,1,"fly (1,8)",0.20000000000000018,5.899084379193255,-21.491948851527354,22.286836068619294,111.43418034309637,107.45974425763667,474.9975221086855,99.08587287862753,96.34523301569232,63.4387341714438,14.35188571053582,12.867476863531522,2.9264174618499355,14.632087309249664,13.060697501817385
37,7.4,317.7151898734177,271.8164556962025,314,261,8,23,187.71518987341773,18.136733321103165,494.1835443037975,66.00114114241035,494.1835443037975,66.00114114241035,0.9068366660551581,0.8250142642801294,True,8,8,1,1,"fly (1,8)",0.20000000000000018,1.860820941378904,-18.033058866904298,18.128813162286992,90.64406581143488,90.1652943345214,491.5514474135636,84.28894008518544,82.76962652439029,65.64960900348093,12.042109426981138,11.054374160185697,2.415123232681522,12.075616163407599,11.161384969127703
38,7.6,318.3671875,261.6796875,315,252,7,21,188.3671875,18.199728260869566,504.3203125,67.35496661101837,504.3203125,67.35496661101837,0.9099864130434783,0.8419370826377296,True,8,8,1,1,"fly (1,8)",0.1999999999999993,0.651997626582272,-10.136768196202524,10.15771482020498,50.78857410102508,50.6838409810128,506.74202634200657,76.23046339086982,75.952894642215,67.67840084701257,6.769127343040135,10.143959217658095,1.3552902869451635,6.776451434725842,10.16337956802555
39,7.8,319.6851851851852,244.27777777777777,318,237,4,16,189.68518518518522,18.327071032385046,521.7222222222222,69.67909478760897,521.7222222222222,69.67909478760897,0.9163535516192522,0.8709886848451122,True,8,8,1,1,"fly (1,8)",0.20000000000000018,1.3179976851852189,-17.40190972222223,17.451750052029915,87.2587502601495,87.00954861111079,519.9771412037036,66.29505578814516,66.17557430848575,69.44602887528596,11.620640882953015,8.838140141367035,2.3276142211886435,11.638071105943206,8.846496651667513
40,8.0,319.83333333333337,232.11111111111111,318,227,4,12,189.83333333333337,18.341384863124,533.8888888888889,71.30402522723057,533.8888888888889,71.30402522723057,0.9170692431561999,0.8913003153403821,True,8,8,1,1,"fly (1,8)",0.20000000000000018,0.14814814814815236,-12.166666666666657,12.167568600652197,60.837843003260936,60.833333333333655,532.3899782135076,62.23213488869529,62.06418504901952,71.10383682317297,8.12465219810796,8.289039739434992,1.6249934828667,8.124967414333494,8.300791852163652
41,8.2,318.9558823529412,224.44117647058823,316,218,6,15,188.95588235294122,18.25660699062234,541.5588235294117,72.32839045467937,541.5588235294117,72.32839045467937,0.912830349531117,0.904104880683492,True,8,8,1,1,"fly (1,8)",0.1999999999999993,-0.8774509803921546,-7.669934640522882,7.719962280535056,38.59981140267542,38.34967320261412,539.291394335512,34.60210546644085,34.507080610022,72.02556184781461,5.121826137244003,4.6086251232082525,1.0278674072428473,5.139337036214255,4.615277249968522
42,8.4,318.8529411764706,223.5735294117647,316,218,6,14,188.8529411764706,18.246660983233877,542.4264705882354,72.44426986153393,542.4264705882354,72.44426986153393,0.9123330491616938,0.9055533732691742,True,8,8,1,1,"fly (1,8)",0.20000000000000107,-0.1029411764706083,-0.8676470588235361,0.8737323986772412,4.3686619933861826,4.338235294118226,542.9441176470589,18.407158076330273,18.263616557734256,72.51340469409801,0.5793970342727985,2.439214231416932,0.11630545987156454,0.5815272993578197,2.4492677709729964
43,8.6,318.47058823529414,221.1529411764706,315,215,7,15,188.47058823529414,18.20971867007673,544.8470588235294,72.76755376608072,544.8470588235294,72.76755376608072,0.9104859335038364,0.909594422076009,True,8,8,1,1,"fly (1,8)",0.1999999999999993,-0.3823529411764639,-2.4205882352941046,2.4506001665858346,12.253000832929217,12.102941176470424,544.9136402387041,9.916555171641535,9.847612958226726,72.77644610867502,1.6164195227339975,1.3152070728850365,0.32538779546938174,1.6269389773469145,1.3200376387536448
44,8.8,318.304347826087,218.5326086956522,315,212,7,16,188.304347826087,18.193656794791014,547.4673913043478,73.11751469841039,547.4673913043478,73.11751469841039,0.9096828397395507,0.9139689337301298,True,8,8,1,1,"fly (1,8)",0.20000000000000107,-0.16624040920714833,-2.620332480818405,2.6256005377218554,13.128002688609207,13.10166240409153,547.4060215285695,12.532987908340557,12.46190644932654,73.1093184011445,1.7498046616483172,1.6643614623474665,0.35032932791124183,1.7516466395561998,1.6693409914618729
45,9.0,318.49397590361446,216.09638554216866,315,210,7,16,188.49397590361446,18.21197834817531,549.9036144578313,73.4428867389424,549.9036144578313,73.4428867389424,0.9105989174087655,0.9180360842367801,True,8,8,1,1,"fly (1,8)",0.1999999999999993,0.18962807752745903,-2.4362231534835246,2.44359204069664,12.217960203483244,12.181115767417666,550.1351628402666,13.863634004161929,13.645706558485443,73.47381139769838,1.626860202660089,1.8224649827693422,0.3258874714964997,1.6294373574825043,1.8378196024053484
46,9.2,319.3620689655172,212.9655172413793,317,207,5,15,189.3620689655172,18.295852073963015,553.0344827586207,73.86103275574233,553.0344827586207,73.86103275574233,0.9147926036981507,0.9232629094467791,True,8,8,1,1,"fly (1,8)",0.1999999999999993,0.8680930619027549,-3.130868300789359,3.2489878240786543,16.24493912039333,15.654341503947135,551.9964597559114,10.081426502688034,9.306484578223749,73.72239863184124,2.0907300839996243,1.2429361707143523,0.42647496203546675,2.132374810177341,1.3113667894162573
47,9.4,319.71794871794873,212.94871794871796,318,208,4,12,189.71794871794873,18.330236591106157,553.051282051282,73.863276400839,553.051282051282,73.863276400839,0.9165118295553079,0.9232909550104874,True,8,8,1,1,"fly (1,8)",0.20000000000000107,0.3558797524315196,-0.0167992926613465,0.35627603683750786,1.7813801841875299,0.08399646330644783,553.3831981990455,7.69748493267936,6.933692215671219,73.90760576948855,0.011218225483346996,0.9260356882365549,0.034457640117785536,0.17228820058892677,0.9936864099064521
48,9.6,319.6808510638298,211.93617021276594,318,206,4,14,189.68085106382978,18.32665227669853,554.063829787234,73.99850815188434,554.063829787234,73.99850815188434,0.9163326138349265,0.9249813518985542,True,8,8,1,1,"fly (1,8)",0.1999999999999993,-0.03709765411895205,-1.0125477359520119,1.0132270986914407,5.066135493457222,5.062738679760077,555.0559144724879,8.946558563764091,8.363581367211138,74.13100694123376,0.676158755226697,1.1170058587260405,0.13527924379061726,0.6763962189530887,1.171897514930233
49,9.8,319.40350877192986,207.94736842105263,317,202,5,15,189.40350877192986,18.299855919993224,558.0526315789474,74.53123627097796,558.0526315789474,74.53123627097796,0.9149927959996612,0.9316404533872243,True,8,8,1,1,"fly (1,8)",0.20000000000000107,-0.2773422918999131,-3.988801791713314,3.9984320027295253,19.99216001364752,19.94400895856689,556.0582306830908,12.52914775355237,12.503373819163482,74.26487221143115,2.663640595468081,1.6698996753473871,0.5334016250497396,2.667008125248684,1.6717021721008862
0,0.0,206.0,772.8461538461538,204,772,5,3,76.0,7.342995169082125,-6.846153846153811,-0.9143444201874873,-6.846153846153811,-0.9143444201874873,0.3671497584541063,-0.011429305252343591,True,9,9,1,1,"fly (1,9)",,,,,,,-6.846153846153811,0.0,0.0,-0.9143444201874873,,0.0,,,0.0
0,0.0,221.0,772.8461538461538,219,772,5,3,91.0,8.792270531400966,-6.846153846153811,-0.9143444201874873,-6.846153846153811,-0.9143444201874873,0.4396135265700483,-0.011429305252343591,True,10,10,1,1,"fly (1,10)",,,,,,,-6.860576923076906,1.252078523375526,-0.07211538461547207,-0.91627070758957,,-0.009631437010413635,,,0.1211563835384283
1,0.2,221.5,772.875,219,772,6,3,91.5,8.840579710144928,-6.875,-0.9181969949916527,-6.875,-0.9181969949916527,0.4420289855072464,-0.011477462437395659,True,10,10,1,1,"fly (1,10)",0.2,0.5,0.028846153846188827,0.5008314093502104,2.504157046751052,-0.14423076923094413,-6.871963562753042,1.6687013344348465,-0.08097165991917639,-0.9177914608017419,-0.01926287402082727,-0.010814245064330782,0.04846255341537132,0.2423127670768566,0.16140599021505053
2,0.4,222.0,772.8947368421053,219,772,7,3,92.0,8.88888888888889,-6.894736842105317,-0.9208329672260858,-6.894736842105317,-0.9208329672260858,0.4444444444444444,-0.011510412090326072,True,10,10,1,1,"fly (1,10)",0.2,0.5,0.01973684210531701,0.5003893913106974,2.501946956553487,-0.09868421052658505,-6.881578947368439,2.502683653286009,-0.048076923076981366,-0.9190756524031304,-0.013179861172165075,-0.006420958006942422,0.048381040713659,0.24190520356829498,0.24204105807114887
3,0.6,221.5,772.875,219,772,6,3,91.5,8.840579710144928,-6.875,-0.9181969949916527,-6.875,-0.9181969949916527,0.4420289855072464,-0.011477462437395659,True,10,10,1,1,"fly (1,10)",0.19999999999999996,-0.5,-0.01973684210531701,0.5003893913106974,2.5019469565534873,0.09868421052658508,-6.8848684210526585,2.5019469565534873,1.3877787807814457e-17,-0.9195149811088692,0.013179861172165078,1.734723475976807e-18,0.048381040713659,0.24190520356829506,0.24190520356829504
0,0.0,404.5098039215686,744.7254901960785,398,739,15,13,41.50980392156862,4.3925718435522345,18.274509803921546,2.499078263784143,18.274509803921546,2.499078263784143,0.21962859217761174,0.031238478297301787,True,11,1,2,2,"fly (2,1)",,,,,,,19.720588235294088,11.383126324899477,7.230392156862706,2.696832579185516,,0.9887715770068661,,,1.3576571144541834
1,0.2,400.99305555555554,741.8333333333334,395,736,14,14,37.99305555555554,4.020429159318047,21.16666666666663,2.8945868945868893,21.16666666666663,2.8945868945868893,0.20102145796590234,0.03618233618233612,True,11,1,2,2,"fly (2,1)",0.2,-3.5167483660130756,-2.8921568627450824,4.553250529959791,22.766252649798954,14.460784313725412,23.063158596772002,22.92835847930938,19.122982526343815,3.153936218361983,1.9775431540137323,2.6151087215512905,0.5430628457816734,2.7153142289083667,2.947120543492773
2,0.4,397.6666666666667,733.2517006802722,391,727,15,14,34.666666666666686,3.668430335097004,29.748299319727835,4.068143496714917,29.748299319727835,4.068143496714917,0.1834215167548502,0.05085179370893647,True,11,1,2,2,"fly (2,1)",0.2,-3.3263888888888573,-8.581632653061206,9.203764557625838,46.01882278812919,42.90816326530603,29.402297150744328,36.84927870569149,31.69569276986162,4.0208269607855485,5.86778301064014,4.334453712117829,1.2252094803139906,6.126047401569952,4.779093399230946
3,0.6,394.0807453416149,725.7080745341615,388,719,14,15,31.080745341614886,3.288967761017448,37.29192546583852,5.09975049105484,37.29192546583852,5.09975049105484,0.16444838805087242,0.0637468811381855,True,11,1,2,2,"fly (2,1)",0.19999999999999996,-3.5859213250517996,-7.543626146110682,8.352552135829262,41.76276067914632,37.71813073055342,40.597272380751406,58.86454353043984,55.974876150035385,5.5517637443762595,5.158034971699613,7.654683917953558,1.0991837134429034,5.4959185672145185,7.894858741135155
4,0.8,390.81528662420385,708.2484076433121,386,700,11,18,27.81528662420385,2.9434165739898255,54.751592356687866,7.487397245359024,54.751592356687866,7.487397245359024,0.14717082869949127,0.0935924655669878,True,11,1,2,2,"fly (2,1)",0.20000000000000007,-3.265458717411036,-17.45966689084935,17.762409424808805,88.812047124044,87.29833445424671,53.04807908232893,64.11367518265375,62.25403350788762,7.254438165104811,11.938233771520919,8.513372103642753,2.4125220509241996,12.062610254620994,8.668020628138947
5,1.0,390.49640287769785,695.8992805755396,386,688,11,17,27.496402877697847,2.909672262190248,67.10071942446041,9.17616675890057,67.10071942446041,9.17616675890057,0.1454836131095124,0.11470208448625711,True,11,1,2,2,"fly (2,1)",0.19999999999999996,-0.31888374650600326,-12.349127067772542,12.353243548954184,61.766217744770934,61.745635338862726,65.85791345085893,64.82030106359575,64.04917184265003,9.006210386442248,8.443847567707728,8.758861106687183,1.6891066125162655,8.44553306258133,8.822223276366266
6,1.2,392.14285714285717,687.2785714285715,387,680,12,16,29.142857142857167,3.0839002267573723,75.72142857142853,10.35506715506715,75.72142857142853,10.35506715506715,0.15419501133786861,0.12943833943833938,True,11,1,2,2,"fly (2,1)",0.19999999999999996,1.6464542651593206,-8.620709146968125,8.776527664394457,43.882638321972294,43.10354573484063,71.41107399794447,52.82442803337162,52.42459053685168,9.765616956983859,5.8945019808329056,7.169174774270316,1.191705302379294,5.958526511896472,7.202029787238901
0,0.0,422.54679802955667,730.3497536945813,415,722,16,18,59.54679802955667,6.301248468736156,32.650246305418705,4.464990947749566,32.650246305418705,4.464990947749566,0.3150624234368078,0.05581238684686958,True,12,2,2,2,"fly (2,2)",,,,,,,33.56144156066955,6.977617516214802,4.555976276254228,4.589598845903528,,0.62303949076981,,,0.8372203674084584
1,0.2,420.43283582089555,728.5273631840796,413,720,16,18,57.43283582089555,6.077548764115931,34.472636815920396,4.71420674405749,34.472636815920396,4.71420674405749,0.30387743820579655,0.05892758430071862,True,12,2,2,2,"fly (2,2)",0.2,-2.113962208661121,-1.822390510501691,2.791047006485921,13.955235032429604,9.111952552508455,35.80069031286598,17.0883237272168,12.714902519733565,4.8958208974859465,1.24607898153962,1.7387900881686935,0.33488814696338337,1.6744407348169168,2.118494131211397
2,0.4,415.74619289340103,722.7208121827412,408,715,16,17,52.74619289340103,5.5816077135874105,40.279187817258844,5.508265000650782,40.279187817258844,5.508265000650782,0.27908038567937055,0.06885331250813477,True,12,2,2,2,"fly (2,2)",0.2,-4.686642927494518,-5.806551001338448,7.461947229844159,37.3097361492208,29.03275500669224,39.027827641545514,22.708911089048048,16.135686643397662,5.337138822775455,3.9702912829664605,2.2065896264475438,0.9362083317634546,4.681041658817273,2.7829894327325566
3,0.6,413.07035175879395,720.6683417085427,406,712,15,18,50.07035175879395,5.298449921565497,42.3316582914573,5.788944723618092,42.3316582914573,5.788944723618092,0.26492249607827484,0.07236180904522616,True,12,2,2,2,"fly (2,2)",0.19999999999999996,-2.675841134607083,-2.052470474198458,3.3723524170987473,16.86176208549374,10.262352370992291,42.83731500327167,26.721080358363093,19.047436808630774,5.8580943594217665,1.403398614836551,2.604777683231559,0.39869718091269585,1.9934859045634796,3.276556750124392
4,0.8,409.29120879120876,717.0989010989011,403,709,14,17,46.29120879120876,4.898540612826324,45.90109890109886,6.277073353996426,45.90109890109886,6.277073353996426,0.24492703064131618,0.07846341692495531,True,12,2,2,2,"fly (2,2)",0.20000000000000007,-3.7791429675851873,-3.5694406096415605,5.198348568074951,25.991742840374744,17.847203048207795,46.95918864524185,26.59449089987488,20.609368209850913,6.421769387383502,2.440643151891665,2.818375139808671,0.6310285373984852,3.155142686992425,3.3424763105745092
5,1.0,406.27868852459017,710.3551912568306,400,702,14,18,43.278688524590166,4.579755399427531,52.64480874316939,7.199290084535985,52.64480874316939,7.199290084535985,0.22898776997137654,0.08999112605669982,True,12,2,2,2,"fly (2,2)",0.19999999999999996,-3.012520266618594,-6.74370984207053,7.385993554751229,36.929967773756154,33.718549210352656,52.52745532586721,31.96023329545206,27.841333403126782,7.183241753964746,4.611083652697797,3.8073618329062278,0.9757600680335243,4.878800340167623,4.162250765971451
6,1.2,404.6666666666667,703.9635416666666,399,695,13,19,41.666666666666686,4.409171075837745,59.03645833333337,8.073361823361829,59.03645833333337,8.073361823361829,0.22045855379188722,0.10091702279202286,True,12,2,2,2,"fly (2,2)",0.19999999999999996,-1.6120218579234802,-6.391649590163979,6.591797854445055,32.95898927222528,31.958247950819903,60.119591283856835,42.34019704356597,37.96067978994814,8.22148256873256,4.37035869412922,5.191204073839061,0.8905618541508608,4.4528092707543045,5.559705113158851
7,1.4,398.5338753387534,694.3224932249323,387,680,23,30,35.533875338753376,3.7601984485453306,68.67750677506774,9.391795798299862,68.67750677506774,9.391795798299862,0.18800992242726655,0.11739744747874828,True,12,2,2,2,"fly (2,2)",0.19999999999999996,-6.13279132791331,-9.64104844173437,11.426326816943293,57.13163408471648,48.20524220867186,65.96275027422894,32.88817347564256,29.21579495186052,9.020547046048401,6.592169874690168,3.995322386579217,1.4695011457109248,7.3475057285546255,4.3051346922673845
8,1.6,397.69714285714286,692.8257142857143,387,680,22,27,34.697142857142865,3.671655328798187,70.1742857142857,9.596483516483515,70.1742857142857,9.596483516483515,0.18358276643990934,0.11995604395604394,True,12,2,2,2,"fly (2,2)",0.20000000000000018,-0.8367324816105111,-1.4967789392179611,1.714779413997185,8.573897069985918,7.483894696089799,70.02987161297456,23.701629122011443,20.335606693728135,9.576734579552078,1.0234385909182633,2.7809376675183763,0.22301781549864472,1.1150890774932225,3.0655025083161114
9,1.8,397.51002865329514,691.7621776504297,387,679,22,27,34.51002865329514,3.651854883946575,71.23782234957025,9.741924423872854,71.23782234957025,9.741924423872854,0.18259274419732877,0.12177405529841069,True,12,2,2,2,"fly (2,2)",0.19999999999999996,-0.18711420384772737,-1.0635366352845494,1.079871242266387,5.399356211331936,5.317683176422748,71.80855579529661,9.619485856109295,8.893420911610216,9.819973442091843,0.7272045369466974,1.2161943126988342,0.1467825437800971,0.7339127189004857,1.2768363000300582
10,2.0,396.43389830508477,688.9864406779661,387,679,20,21,33.43389830508477,3.5379786566227267,74.01355932203387,10.121512385919162,74.01355932203387,10.121512385919162,0.17689893283113634,0.12651890482398953,True,12,2,2,2,"fly (2,2)",0.19999999999999996,-1.07613034821037,-2.775736972463619,2.977040857402006,14.885204287010033,13.8786848623181,73.27000078708643,8.005335458565584,7.307224958949141,10.019829167464811,1.897939810231542,0.9992786268648383,0.3963014207392933,1.9815071036964669,1.0584895348429437
11,2.2,395.92413793103447,688.4413793103448,386,679,21,20,32.924137931034466,3.484035759897827,74.55862068965519,10.196050692602418,74.55862068965519,10.196050692602418,0.17420178799489136,0.12745063365753023,True,12,2,2,2,"fly (2,2)",0.20000000000000018,-0.5097603740503018,-0.5450613676213152,0.7462891754709579,3.731445877354786,2.7253068381065737,74.43987342824221,6.529119286953459,5.849363205778862,10.179811750870728,0.3726915334162758,0.7999129170295899,0.09200975638637579,0.46004878193187854,0.8576181131934089
12,2.4,395.9692832764505,688.2525597269624,386,678,21,21,32.96928327645048,3.4888130451270354,74.74744027303757,10.221872174090608,74.74744027303757,10.221872174090608,0.17444065225635177,0.1277734021761326,True,12,2,2,2,"fly (2,2)",0.19999999999999973,0.045145345416017335,-0.18881958338238292,0.19414153929911077,0.9707076964955551,0.9440979169119158,74.71976776117064,1.7460002068478602,1.3994716646421537,10.218087898963507,0.12910740744095167,0.19138074046388445,0.02625969079037619,0.13129845395188114,0.22141726199947917
13,2.6,395.9863481228669,688.1467576791808,386,678,21,21,32.9863481228669,3.4906188489806245,74.85324232081916,10.236340830197493,74.85324232081916,10.236340830197493,0.17453094244903122,0.12795426037746865,True,12,2,2,2,"fly (2,2)",0.20000000000000018,0.017064846416417367,-0.10580204778159441,0.10716940933864803,0.5358470466932397,0.5290102389079716,74.84350238508675,1.0557510379474855,0.6186731195805355,10.235008873174257,0.07234328053442589,0.08460487105375064,0.014580910022935583,0.07290455011467785,0.12768032695146028
14,2.8,395.66315789473686,688.0701754385965,386,678,20,21,32.663157894736855,3.456418824839879,74.9298245614035,10.246813615234668,74.9298245614035,10.246813615234668,0.17282094124199393,0.12808517019043333,True,12,2,2,2,"fly (2,2)",0.19999999999999973,-0.32319022813004494,-0.07658224058434371,0.3321396741307319,1.6606983706536618,0.38291120292171904,75.01912414592607,1.5191696203470695,0.8781088041966233,10.259025524229207,0.05236392518587436,0.12008325527475283,0.03576759535756433,0.1788379767878219,0.18091272473851497
15,3.0,395.9861111111111,687.7256944444445,387,678,20,21,32.986111111111086,3.4905937683715433,75.27430555555554,10.29392212725546,75.27430555555554,10.29392212725546,0.17452968841857716,0.12867402659069324,True,12,2,2,2,"fly (2,2)",0.20000000000000018,0.3229532163742306,-0.34448099415203615,0.47219268873886194,2.3609634436943074,1.7224049707601792,75.23008040935672,1.726597458489996,1.0547813171532041,10.287874244014594,0.23554256010395824,0.1442435989269311,0.058199129462609085,0.29099564731304517,0.20763903936074532
16,3.2,395.8923611111111,687.5138888888889,386,677,21,22,32.892361111111086,3.4806731334509085,75.48611111111109,10.322886989553652,75.48611111111109,10.322886989553652,0.17403365667254542,0.12903608736942065,True,12,2,2,2,"fly (2,2)",0.20000000000000018,-0.09375,-0.21180555555554292,0.23162611222440396,1.1581305611220187,1.0590277777777137,74.38915598290596,6.381379601926146,-4.204622132253735,10.17287603185039,0.14482431149096073,-0.5749910608210258,0.03061669879627382,0.15308349398136895,0.8560958826362685
17,3.4,396.42628205128204,690.5929487179487,386,680,22,23,33.426282051282044,3.53717270383937,72.40705128205127,9.901818978742053,72.40705128205127,9.901818978742053,0.17685863519196848,0.12377273723427568,True,12,2,2,2,"fly (2,2)",0.19999999999999973,0.5339209401709581,3.0790598290598155,3.1250089601924183,15.625044800962112,-15.395299145299099,72.86050618584864,8.59839328900344,-7.643248985286661,9.963829905757079,-2.1053400540579963,-1.0452306304665544,0.4248417013228778,2.1242085066143916,1.1623548438840698
18,3.6,396.9691780821918,692.3116438356165,386,682,23,21,33.969178082191775,3.594622019279553,70.68835616438355,9.666783748975528,70.68835616438355,9.666783748975528,0.17973110096397765,0.1208347968621941,True,12,2,2,2,"fly (2,2)",0.20000000000000018,0.5428960309097306,1.7186951176677212,1.802400900985239,9.012004504926187,-8.593475588338599,71.02843547877792,10.872065870464505,-9.160353535353547,9.71329032188416,-1.1751761488326273,-1.252697919364587,0.24195450621129,1.2097725310564489,1.410296414920176
19,3.8,398.4040404040404,693.010101010101,387,684,23,21,35.404040404040416,3.7464593020148587,69.98989898989896,9.5712682379349,69.98989898989896,9.5712682379349,0.18732296510074295,0.11964085297418627,True,12,2,2,2,"fly (2,2)",0.19999999999999973,1.434862321848641,0.698457174484588,1.595829661101042,7.979148305505221,-3.4922858724229444,70.04516399879594,7.514310761684911,-4.916357399909921,9.578825845989188,-0.47757755520313755,-0.6723223794748603,0.17938164141793725,0.8969082070896874,0.912614549986588
20,4.0,399.3782894736842,693.5427631578947,388,686,23,18,36.37828947368422,3.8495544416597056,69.45723684210532,9.498425551057137,69.45723684210532,9.498425551057137,0.19247772208298528,0.11873031938821421,True,12,2,2,2,"fly (2,2)",0.20000000000000018,0.974249069643804,0.5326621477936442,1.110355894924666,5.551779474623324,-2.6633107389682187,69.70570094290133,5.435598380868135,-1.6973152794730606,9.532403547747192,-0.3642134343888156,-0.23211149120998997,0.12623258236272578,0.6311629118136283,0.6119747382864101
21,4.2,399.8910891089109,693.3300330033003,388,685,23,19,36.891089108910876,3.9038189533239023,69.66996699669971,9.527516854249534,69.66996699669971,9.527516854249534,0.1951909476661951,0.11909396067811917,True,12,2,2,2,"fly (2,2)",0.20000000000000018,0.5127996352266564,-0.21273015459439648,0.5551734724951722,2.7758673624758585,1.0636507729719815,70.13924123882695,6.308106319938143,2.1677014796280956,9.591691109583172,0.14545651596198347,0.2964378091799107,0.06157061919118312,0.3078530959559153,0.7539676686244329
22,4.4,401.25688073394497,691.7094801223242,389,682,23,21,38.25688073394497,4.048347167613224,71.29051987767582,9.749130923442847,71.29051987767582,9.749130923442847,0.20241735838066122,0.12186413654303559,True,12,2,2,2,"fly (2,2)",0.20000000000000018,1.3657916250340918,-1.6205528809761063,2.1193344245430508,10.596672122715244,8.102764404880524,72.42937406733695,13.021045478658026,11.450664142550055,9.90487166732813,1.1080703459665644,1.565902788724794,0.26457739962075133,1.3228869981037554,1.7054797693946202
23,4.6,402.27065527065525,686.6723646723647,390,673,23,26,39.270655270655254,4.1556248963656355,76.32763532763533,10.437967224292011,76.32763532763533,10.437967224292011,0.20778124481828178,0.13047459030365013,True,12,2,2,2,"fly (2,2)",0.1999999999999993,1.0137745367102866,-5.037115449959515,5.138119390156578,25.69059695078298,25.185577249797664,79.1775964505509,36.30214563115739,33.74111191606972,10.827705497511234,3.444181504245835,4.614169150915518,0.6971398428248357,3.4856992141241907,4.82916577612806
24,4.8,407.4024390243902,673.0853658536585,403,663,10,22,44.40243902439022,4.698670796231769,89.91463414634154,12.296018344798844,89.91463414634154,12.296018344798844,0.23493353981158846,0.15370022930998553,True,12,2,2,2,"fly (2,2)",0.20000000000000018,5.131783753734965,-13.586998818706206,14.5238335639948,72.61916781997394,67.93499409353097,88.50610371354787,48.52278840814006,46.64253631498487,12.103398798433895,9.290255602534154,6.378466504613315,1.9357822232312485,9.678911116156234,6.534206644473798
25,5.0,406.0989583333333,663.7239583333333,401,654,11,21,43.098958333333314,4.560736331569663,99.27604166666674,13.576210826210836,99.27604166666674,13.576210826210836,0.22803681657848315,0.16970263532763546,True,12,2,2,2,"fly (2,2)",0.20000000000000018,-1.3034806910569046,-9.361407520325201,9.45172009073266,47.25860045366326,46.807037601625964,99.05631222752451,54.71901905803768,52.75104256988315,13.546162355900789,6.400962407059957,7.213817787334448,1.287601920628195,6.438009603140969,7.376759899275764
26,5.2,404.45652173913044,655.0217391304348,399,646,12,20,41.45652173913044,4.3869335173683,107.97826086956525,14.766257896692684,107.97826086956525,14.766257896692684,0.21934667586841503,0.18457822370865853,True,12,2,2,2,"fly (2,2)",0.20000000000000018,-1.6424365942028771,-8.702219202898505,8.855857780095175,44.279288900475834,43.51109601449249,106.23038154716505,36.63367001939077,35.87034659820268,14.527231664569578,5.9502353524092335,4.905346543343954,1.2026717957060193,6.013358978530091,4.968297813671735
27,5.4,403.22105263157897,651.5631578947368,398,642,12,20,40.22105263157897,4.256196045669732,111.43684210526317,15.239226270805219,111.43684210526317,15.239226270805219,0.21280980228348662,0.19049032838506524,True,12,2,2,2,"fly (2,2)",0.20000000000000018,-1.2354691075514665,-3.4585812356979204,3.6726241408066485,18.363120704033225,17.292906178489588,112.90588902579748,34.12101486371135,33.377537393162164,15.440121576177434,2.3648418705626706,4.5644495580392705,0.4907049718688291,2.453524859344143,4.625773303700314
28,5.6,402.10769230769233,643.697435897436,396,634,13,21,39.10769230769233,4.138380138380141,119.30256410256402,16.314880561034396,119.30256410256402,16.314880561034396,0.20691900691900705,0.20393600701292994,True,12,2,2,2,"fly (2,2)",0.1999999999999993,-1.1133603238866385,-7.865721997300852,7.944126997324972,39.720634986625,39.328609986504404,119.1605038236617,32.46284967762217,31.27307398932112,16.2954535143469,5.378271451145908,4.276659690847331,1.082087214645338,5.410436073226709,4.375086904833115
29,5.8,399.5684210526316,636.2578947368421,394,627,13,20,36.56842105263161,3.869674185463662,126.7421052631579,17.33225371120108,126.7421052631579,17.33225371120108,0.1934837092731831,0.2166531713900135,True,12,2,2,2,"fly (2,2)",0.20000000000000018,-2.5392712550607257,-7.439541160593876,7.860958668441665,39.30479334220829,37.197705802969345,124.78720308547743,29.57353547606097,28.133496309078737,17.064916661261872,5.086865750833414,3.847315734574874,1.0522599563856994,5.261299781928492,3.9679065180910627
30,6.0,398.43715846994536,634.6830601092896,393,625,12,20,35.43715846994536,3.749963859253477,128.3169398907104,17.54761571155014,128.3169398907104,17.54761571155014,0.18749819296267387,0.21934519639437672,True,12,2,2,2,"fly (2,2)",0.20000000000000018,-1.1312625826862472,-1.574834627552491,1.9390356198699268,9.695178099349626,7.8741731377624475,125.12898614433372,29.967891545621058,1.7089152942814227,17.111656224866152,1.0768100017453,0.23369781802138898,0.24639673982359733,1.2319836991179856,4.011576805940655
31,6.2,400.19783197831975,642.6720867208671,392,625,16,38,37.197831978319755,3.936278516224313,120.32791327913287,16.45509925184723,120.32791327913287,16.45509925184723,0.19681392581121562,0.20568874064809037,True,12,2,2,2,"fly (2,2)",0.20000000000000018,1.7606735083743956,7.989026611577515,8.180740639061057,40.90370319530525,-39.94513305788754,124.83594231025874,26.3770948151212,-1.465219170374888,17.071581854394356,-5.462582298514547,-0.2003718523589626,1.108289387355099,5.54144693677549,3.5428996026418065
32,6.4,401.5860058309038,637.137026239067,390,625,23,27,38.58600583090379,4.083175220201459,125.86297376093296,17.212030599785702,125.86297376093296,17.212030599785702,0.20415876101007294,0.2151503824973213,True,12,2,2,2,"fly (2,2)",0.20000000000000018,1.388173852584032,-5.5350604818000875,5.706480630141752,28.532403150708735,27.675302409000412,125.66698096866257,35.16902950229007,4.155193292019173,17.18522816665471,3.784656739692359,0.568231561301761,0.7710536344063894,3.8552681720319435,4.591330595298243
33,6.6,396.33519553072625,632.1899441340781,390,624,14,17,33.33519553072625,3.5275339185953705,130.81005586592187,17.888554648331194,130.81005586592187,17.888554648331194,0.17637669592976854,0.22360693310413995,True,12,2,2,2,"fly (2,2)",0.1999999999999993,-5.250810300177534,-4.947082104988908,7.214196432171221,36.07098216085623,24.73541052494463,128.98624797085634,22.45353738498105,16.59633501096894,17.63914502165557,3.3826202427274707,2.269584275004298,0.8754553354174561,4.377276677087297,2.867425840665365
34,6.8,396.5059523809524,632.7142857142858,390,625,14,17,33.50595238095241,3.5456034265558105,130.28571428571422,17.816849816849807,130.28571428571422,17.816849816849807,0.17728017132779053,0.2227106227106226,True,12,2,2,2,"fly (2,2)",0.20000000000000018,0.17075685022615517,0.524341580207647,0.5514453686756376,2.7572268433781857,-2.6217079010382327,130.38635376362552,13.327986176490512,7.0005289638459445,17.830612480495798,-0.3585241574069361,0.9573372942011559,0.07394653457537112,0.3697326728768553,1.6342313209601989
35,7.0,396.44303797468353,632.9367088607595,391,625,13,17,33.443037974683534,3.538945817426829,130.0632911392405,17.786432976306394,130.0632911392405,17.786432976306394,0.17694729087134145,0.22233041220382993,True,12,2,2,2,"fly (2,2)",0.20000000000000018,-0.06291440626887379,0.22242314647371586,0.23114990504742364,1.1557495252371173,-1.1121157323685784,130.1286808206639,1.4088608065612291,-1.2883647148081858,17.795375154962585,-0.15208420271706644,-0.1761866276660721,0.03113692258328898,0.15568461291644475,0.18683237281057277
36,7.2,396.5,632.962962962963,391,625,13,17,33.5,3.544973544973545,130.03703703703695,17.78284267173155,130.03703703703695,17.78284267173155,0.17724867724867724,0.22228553339664436,True,12,2,2,2,"fly (2,2)",0.20000000000000018,0.05696202531646577,0.026254102203552065,0.06272121021367688,0.31360605106838413,-0.13127051101776022,130.04162268452603,0.5594346737481319,-0.43529068068929616,17.783469768824073,-0.017951522874213293,-0.059526930692553603,0.007015966527683664,0.03507983263841829,0.0711760791254477
37,7.4,396.5398773006135,632.9754601226994,391,625,13,17,33.53987730061351,3.549193365144287,130.02453987730064,17.781133658434275,130.02453987730064,17.781133658434275,0.17745966825721435,0.22226417073042845,True,12,2,2,2,"fly (2,2)",0.20000000000000018,0.03987730061351158,0.012497159736312824,0.041789688987778906,0.20894844493889433,-0.062485798681564064,130.03658989514065,0.25145884820027403,-0.025163946926904445,17.782781524121802,-0.008545066486380641,-0.003441223511373557,0.0045527583642960175,0.022763791821480066,0.02814270639759407
38,7.6,396.5,632.9518072289156,390,625,14,17,33.5,3.544973544973545,130.04819277108436,17.78436824219957,130.04819277108436,17.78436824219957,0.17724867724867724,0.22230460302749463,True,12,2,2,2,"fly (2,2)",0.1999999999999993,-0.03987730061351158,-0.023652893783719264,0.04636440971870855,0.23182204859354358,0.11826446891859674,130.02424421612832,0.2445858170861581,-0.06172839506158307,17.781093226137205,0.016172918826473707,-0.008441489922953948,0.00531689894657675,0.026584494732883844,0.028907840403444917
39,7.8,396.46666666666664,633.0,390,625,14,17,33.46666666666664,3.541446208112872,130.0,17.77777777777778,130.0,17.77777777777778,0.17707231040564358,0.2222222222222222,True,12,2,2,2,"fly (2,2)",0.20000000000000018,-0.03333333333335986,0.048192771084359265,0.05859739154520732,0.29298695772603633,-0.2409638554217961,129.96242441028483,0.45908832912363967,-0.3090990292175344,17.772639235594507,-0.03295232210895446,-0.04226995271350739,0.007475046931194175,0.03737523465597084,0.05931806168376561
40,8.0,396.52298850574715,633.1609195402299,390,625,14,18,33.52298850574715,3.5474061910843546,129.83908045977012,17.75577168680617,129.83908045977012,17.75577168680617,0.17737030955421773,0.22194714608507712,True,12,2,2,2,"fly (2,2)",0.20000000000000018,0.05632183908051047,0.16091954022988375,0.17049119621026798,0.8524559810513391,-0.8045977011494181,129.95402298850578,0.7091707782637631,-0.04200710889524691,17.771490323214465,-0.11003045485804099,-0.005744561900205697,0.02279889113248845,0.11399445566244214,0.09410201827718223
41,8.2,396.45402298850576,632.9770114942528,390,625,14,17,33.454022988505756,3.540108252751932,130.0229885057472,17.780921505059446,130.0229885057472,17.780921505059446,0.1770054126375966,0.2222615188132431,True,12,2,2,2,"fly (2,2)",0.1999999999999993,-0.06896551724139499,-0.1839080459770912,0.196413879202782,0.9820693960139135,0.9195402298854592,129.82314364290252,1.3775820290710667,-0.654396728016299,17.7535922930465,0.1257490912663788,-0.08949015083983808,0.02618727290262664,0.13093636451313367,0.18250052331046854
42,8.4,396.6503067484663,633.3926380368098,391,626,13,16,33.65030674846628,3.5608790210017225,129.60736196319021,17.724083687273875,129.60736196319021,17.724083687273875,0.17804395105008614,0.22155104609092344,True,12,2,2,2,"fly (2,2)",0.20000000000000107,0.19628375996052227,0.4156265425569927,0.45964414202959186,2.2982207101479473,-2.0781327127849525,129.8727430856054,1.7291107791318046,0.24799721351448287,17.760375122817834,-0.2841890889278516,0.03391414885667824,0.06051414995116628,0.3025707497558298,0.23135159341867237
43,8.6,396.6242424242424,633.0121212121212,391,625,13,17,33.624242424242425,3.558120891454225,129.9878787878788,17.776120176120177,129.9878787878788,17.776120176120177,0.17790604457271125,0.22220150220150223,True,12,2,2,2,"fly (2,2)",0.1999999999999993,-0.026064324223852964,-0.38051682468858417,0.3814084462467091,1.9070422312335524,1.9025841234429275,129.82187037381314,1.60161337400027,-0.2543635589612711,17.753418170777866,0.260182444231508,-0.03478476019983072,0.05210953319741054,0.26054766598705364,0.21481851364784968
44,8.8,396.64814814814815,633.1296296296296,391,626,13,16,33.64814814814815,3.5606505976876353,129.87037037037044,17.760050648939547,129.87037037037044,17.760050648939547,0.17803252988438176,0.22200063311174434,True,12,2,2,2,"fly (2,2)",0.20000000000000107,0.023905723905727427,0.11750841750836116,0.11991543612386266,0.5995771806193101,-0.5875420875418027,129.90656498046056,1.0127974401284745,0.42347303323709523,17.765000339208285,-0.0803476359031481,0.05791084215208198,0.016267425040133194,0.08133712520066554,0.1327632175102108
45,9.0,396.5421686746988,633.1385542168675,390,626,14,16,33.542168674698814,3.549435838592467,129.86144578313247,17.758830192565124,129.86144578313247,17.758830192565124,0.17747179192962337,0.22198537740706403,True,12,2,2,2,"fly (2,2)",0.1999999999999993,-0.105979473449338,0.008924587237970627,0.10635458170651176,0.5317729085325607,-0.044622936189853295,129.846423189884,0.6096337870482672,-0.3007089528828471,17.75677582083884,-0.006102281872113501,-0.041122591847226934,0.011280972268582611,0.056404861342913254,0.07172415546849491
46,9.2,396.67080745341616,633.1925465838509,391,626,13,16,33.67080745341616,3.563048407768906,129.8074534161491,17.75144662101184,129.8074534161491,17.75144662101184,0.17815242038844528,0.22189308276264802,True,12,2,2,2,"fly (2,2)",0.1999999999999993,0.1286387787173453,0.053992366983379725,0.13951025439858564,0.6975512719929307,-0.26996183491689957,129.9019787454395,0.7926583733580009,0.27777777777752743,17.764373161769505,-0.03691785776641878,0.037986704653339136,0.015486095972381134,0.07743047986190595,0.09695853679986256
47,9.4,396.679012345679,632.962962962963,391,625,13,17,33.679012345678984,3.5639166503364006,130.03703703703695,17.78284267173155,130.03703703703695,17.78284267173155,0.17819583251682003,0.22228553339664436,True,12,2,2,2,"fly (2,2)",0.20000000000000107,0.008204892262824615,-0.22958362088786544,0.2297301879097035,1.1486509395485114,1.147918104439321,129.88659235912996,1.0395545237970492,-0.07693193154769436,17.762269040564785,0.1569802535985501,-0.010520606023619122,0.03140805383895386,0.1570402691947685,0.13328821561835827
48,9.6,396.55414012738856,633.1847133757962,391,626,13,16,33.554140127388564,3.550702658982917,129.81528662420385,17.752517828950953,129.81528662420385,17.752517828950953,0.17753513294914583,0.22190647286188692,True,12,2,2,2,"fly (2,2)",0.1999999999999993,-0.12487221829042028,0.22175041283310293,0.25449227196994006,1.2724613598497048,-1.1087520641655186,129.8642766634516,1.0561332056882085,-0.11157847839190811,17.759217321497655,-0.15162421390298828,-0.015258595335646689,0.03307877955967996,0.16539389779840039,0.13596256554750116
49,9.8,396.6835443037975,633.2594936708861,391,626,13,16,33.683544303797476,3.5643962226240715,129.74050632911394,17.742291463810453,129.74050632911394,17.742291463810453,0.17821981113120358,0.22177864329763067,True,12,2,2,2,"fly (2,2)",0.20000000000000107,0.12940417640891155,0.07478029508990858,0.14945746353328263,0.7472873176664091,-0.3739014754495409,129.7778964766589,1.009874338758057,-0.7413267698075227,17.7474046463807,-0.05113182570250147,-0.10137801980274509,0.01709070592986702,0.08545352964933466,0.1254237137238675
0,0.0,498.18823529411765,584.878431372549,488,577,22,17,135.18823529411765,14.305633364456895,178.12156862745098,24.358505111446288,178.12156862745098,24.358505111446288,0.7152816682228447,0.3044813138930786,True,13,3,2,2,"fly (2,3)",,,,,,,182.97603855101363,28.299591235632302,24.272349617813234,25.02236424629246,,3.319295674230869,,,3.6590355328187165
1,0.2,504.00847457627117,575.1694915254237,494,568,21,16,141.00847457627117,14.921531701192716,187.83050847457628,25.686223381138635,187.83050847457628,25.686223381138635,0.7460765850596358,0.32107779226423294,True,13,3,2,2,"fly (2,3)",0.2,5.820239282153523,-9.708939847125293,11.319836494252922,56.599182471264605,48.54469923562647,185.19183602145677,23.717343140371053,19.16977055815342,25.32537928498554,6.638591348461738,2.6215070848756796,1.4636142131274867,7.318071065637433,3.014252523697111
2,0.4,506.30125523012555,573.376569037657,497,566,20,16,143.30125523012555,15.164153992605877,189.62343096234304,25.931409362371696,189.62343096234304,25.931409362371696,0.7582076996302939,0.3241426170296462,True,13,3,2,2,"fly (2,3)",0.2,2.292780653854379,-1.7929224877667593,2.910569389969712,14.552846949848558,8.964612438833797,189.7359905649946,31.817369901616715,22.720772717689215,25.946802128546267,1.2259299061653017,3.107114217803654,0.3449373010907801,1.7246865054539002,3.9249181388381142
3,0.6,510.66935483870964,571.2459677419355,503,561,16,23,147.66935483870964,15.62638675541901,191.7540322580645,26.22277364212848,191.7540322580645,26.22277364212848,0.7813193377709504,0.327784670526606,True,13,3,2,2,"fly (2,3)",0.19999999999999996,4.368099608584089,-2.130601295721476,4.860016056747396,24.300080283736985,10.653006478607383,190.66227940680253,17.54164561238639,4.63144420903954,26.073474106913164,1.4568213987839231,0.6333598918344664,0.5463993690846018,2.73199684542301,1.998684630776835
4,0.8,508.1640625,572.390625,500,562,17,22,145.1640625,15.361276455026456,190.609375,26.066239316239315,190.609375,26.066239316239315,0.7680638227513228,0.32582799145299146,True,13,3,2,2,"fly (2,3)",0.20000000000000007,-2.505292338709637,1.1446572580645125,2.754401920714726,13.772009603573625,-5.7232862903225605,191.03377016129033,13.093094877178167,1.857453772439045,26.124276261373037,-0.7826716294458256,0.254010772299361,0.3078741082907189,1.5393705414535939,1.470238213111754
5,1.0,507.9596774193549,572.2620967741935,500,562,17,22,144.95967741935488,15.339648404164537,190.73790322580646,26.083815825751312,190.73790322580646,26.083815825751312,0.7669824202082268,0.3260476978218914,True,13,3,2,2,"fly (2,3)",0.19999999999999996,-0.20438508064512462,-0.12852822580646261,0.2414389488447776,1.2071947442238882,0.6426411290323132,190.52825940860214,5.887851540562731,-2.5275537634409293,26.055146585791746,0.08788254755998538,-0.34564837790645336,0.02786945049173151,0.1393472524586576,0.6786710968259065
6,1.2,508.1541666666667,572.7625,500,563,17,21,145.1541666666667,15.360229276895947,190.23749999999995,26.01538461538461,190.23749999999995,26.01538461538461,0.7680114638447973,0.3251923076923076,True,13,3,2,2,"fly (2,3)",0.19999999999999996,0.1944892473118216,0.5004032258065081,0.5368700547781353,2.684350273890677,-2.502016129032541,190.24047832394606,2.3577000720200356,-1.4389054232803273,26.01579190754818,-0.3421560518335199,-0.19677339121782234,0.07145909931309359,0.35729549656546805,0.29832013760235826
7,1.4,507.75,573.2539682539682,500,563,17,22,144.75,15.317460317460318,189.7460317460318,25.94817528150862,189.7460317460318,25.94817528150862,0.7658730158730159,0.32435219101885776,True,13,3,2,2,"fly (2,3)",0.19999999999999996,-0.404166666666697,0.49146825396815075,0.6363110395891083,3.181555197945542,-2.457341269840754,190.08452464670822,2.9028005552663774,-0.7797683861893282,25.994464908951546,-0.3360466693799325,-0.10663499298315686,0.07966353275658979,0.398317663782949,0.3774735816474422
8,1.6,507.9704641350211,572.7299578059071,499,564,20,19,144.97046413502107,15.340789855557786,190.27004219409287,26.019834829961418,190.27004219409287,26.019834829961418,0.7670394927778893,0.32524793537451774,True,13,3,2,2,"fly (2,3)",0.20000000000000018,0.22046413502107498,-0.5240104480610626,0.568499238792583,2.8424961939629125,2.6200522403053106,190.2667687684233,6.02769315219745,0.9112206085755278,26.019387182006607,0.3582977422639818,0.12461136527528882,0.07536151691878198,0.37680758459390956,0.6901665109621947
9,1.8,505.61410788381744,572.2157676348547,496,564,21,19,142.61410788381744,15.09143998770555,190.78423236514527,26.09015143454978,190.78423236514527,26.09015143454978,0.7545719993852774,0.32612689293187225,True,13,3,2,2,"fly (2,3)",0.19999999999999996,-2.3563562512036356,-0.5141901710524053,2.411805612936779,12.059028064683897,2.570950855262027,190.44417847626778,9.021389267561533,0.887048539222329,26.04364833863491,0.35158302294181715,0.12130578314151791,0.25907485690194504,1.2953742845097256,0.9925855604344366
10,2.0,503.23478260869564,572.7217391304348,494,564,20,19,140.23478260869564,14.839659535311709,190.2782608695652,26.020958751393533,190.2782608695652,26.020958751393533,0.7419829767655854,0.32526198439241916,True,13,3,2,2,"fly (2,3)",0.19999999999999996,-2.3793252751218006,0.50597149558007,2.432528708807558,12.162643544037794,-2.5298574779003506,190.18385873471425,9.514559316826427,-1.3015987077676516,26.008049057738702,-0.3459634157812453,-0.17799640448104728,0.2611149624399349,1.3055748121996746,1.0573043147615782
11,2.2,502.882096069869,573.5109170305677,494,565,20,19,139.88209606986902,14.802338208451749,189.48908296943227,25.91303698727279,189.48908296943227,25.91303698727279,0.7401169104225874,0.3239129623409099,True,13,3,2,2,"fly (2,3)",0.20000000000000018,-0.3526865388266174,0.7891779001329269,0.8644012683515192,4.322006341757592,-3.945889500664631,189.7864830340518,5.803723280620688,-1.9868785033122534,25.953707081579733,-0.5396088206037137,-0.27170988079484204,0.11419276951506703,0.5709638475753347,0.661419592523027
12,2.4,502.7280701754386,573.4078947368421,494,565,19,18,139.72807017543857,14.786039172004083,189.59210526315792,25.927125506072876,189.59210526315792,25.927125506072876,0.7393019586002041,0.324089068825911,True,13,3,2,2,"fly (2,3)",0.19999999999999973,-0.1540258944304469,-0.10302229372564398,0.1853039912133358,0.9265199560666803,0.5151114686282205,189.88671186700375,4.4499756941941255,0.5011441647597318,25.967413588650086,0.07044259400043283,0.06853253535175814,0.02154402355881431,0.10772011779407169,0.5455372148976632
13,2.6,501.4429824561404,572.421052631579,492,564,20,18,138.44298245614038,14.65005105355983,190.57894736842104,26.062078272604587,190.57894736842104,26.062078272604587,0.7325025526779915,0.32577597840755734,True,13,3,2,2,"fly (2,3)",0.20000000000000018,-1.2850877192981898,-0.986842105263122,1.6202801569516223,8.101400784758104,4.9342105263156055,191.04226828132278,8.302747057837271,5.777782071595165,26.125438397445848,0.6747638326585553,0.7901240439788287,0.1915855358647168,0.9579276793235831,1.0121127529503982
14,2.8,499.33628318584067,570.0442477876106,490,562,20,18,136.33628318584067,14.427119913845573,192.95575221238937,26.387111413660087,192.95575221238937,26.387111413660087,0.7213559956922787,0.32983889267075106,True,13,3,2,2,"fly (2,3)",0.19999999999999973,-2.106699270299714,-2.37680484396833,3.1760640865374024,15.880320432687032,11.884024219841665,192.6574892737179,10.79390643235054,8.076104961975643,26.346323319482792,1.6251657052774982,1.1044246101847046,0.3941380923467074,1.9706904617335395,1.3416770253730312
15,3.0,498.5450643776824,568.5622317596567,489,560,20,19,135.54506437768242,14.343393055839408,194.4377682403433,26.5897802721837,194.4377682403433,26.5897802721837,0.7171696527919705,0.33237225340229626,True,13,3,2,2,"fly (2,3)",0.20000000000000018,-0.7912188081582485,-1.4820160279539323,1.6799996159212984,8.399998079606485,7.410080139769655,195.39418332953255,19.16800105599361,13.683470279073235,26.72057207925231,1.0133442926180605,1.8712437988476196,0.2192825870123945,1.0964129350619716,2.3520273299433065
16,3.2,493.5232067510549,564.210970464135,483,557,22,16,130.5232067510549,13.811979550376178,198.78902953586498,27.18482455191316,198.78902953586498,27.18482455191316,0.6905989775188089,0.3398103068989145,True,13,3,2,2,"fly (2,3)",0.20000000000000018,-5.021857626627536,-4.351261295521681,6.6447369311374676,33.22368465568731,21.756306477608387,199.58003525366635,34.88073828330598,20.929259620669054,27.292996274005656,2.9752213986473004,2.862120973766706,0.7977957186068825,3.988978593034409,4.120740563155095
17,3.4,482.8631178707224,557.4866920152092,472,550,23,16,119.86311787072242,12.683927817007662,205.5133079847908,28.10438399792011,205.5133079847908,28.10438399792011,0.6341963908503832,0.3513047999740014,True,13,3,2,2,"fly (2,3)",0.19999999999999973,-10.660088880332466,-6.724278448925816,12.603706422924809,63.01853211462413,33.62139224462912,203.99551601565722,42.93875653751979,22.07740380995423,27.89682270299586,4.5977972300347565,3.019132144951005,1.4553660322737785,7.276830161368902,4.946243725402064
18,3.6,476.7206477732793,555.3157894736842,466,549,23,14,113.72064777327932,12.033930981299399,207.68421052631584,28.4012595591543,207.68421052631584,28.4012595591543,0.6016965490649699,0.3550157444894288,True,13,3,2,2,"fly (2,3)",0.20000000000000018,-6.142470097443095,-2.170902541525038,6.514810568449589,32.574052842247916,10.854512707625181,207.1180483390436,38.50701473278763,15.612661616931986,28.32383567029656,1.4843778061709565,2.13506483650352,0.7145844843605766,3.57292242180288,4.322828942672867
19,3.8,472.76305220883535,554.8433734939758,462,548,23,15,109.76305220883535,11.615137799876756,208.15662650602417,28.46586345381527,208.15662650602417,28.46586345381527,0.5807568899938378,0.3558232931726909,True,13,3,2,2,"fly (2,3)",0.19999999999999973,-3.9575955644439773,-0.47241597970833027,3.985691848298163,19.92845924149084,2.3620798985416545,208.2830567885578,30.93805795445412,5.825042247570875,28.483153065101916,0.3230194733048468,0.7965869740267805,0.4237468489693634,2.1187342448468196,3.324453516854657
20,4.0,464.74583333333334,553.9916666666667,456,545,19,19,101.74583333333334,10.766754850088184,209.00833333333333,28.582336182336178,209.00833333333333,28.582336182336178,0.5383377425044092,0.3572792022792023,True,13,3,2,2,"fly (2,3)",0.20000000000000018,-8.01721887550201,-0.8517068273091581,8.062332355924726,40.31166177962359,4.258534136545787,208.60044115857372,29.842079584928268,1.5869218500796485,28.52655605587333,0.582363642604537,0.2170149538570424,0.8563407767828553,4.281703883914273,3.167894261150893
21,4.2,458.9004329004329,554.3636363636364,451,545,17,20,95.90043290043292,10.148193957717769,208.63636363636363,28.531468531468526,208.63636363636363,28.531468531468526,0.5074096978858884,0.3566433566433566,True,13,3,2,2,"fly (2,3)",0.20000000000000018,-5.845400432900419,0.3719696969696997,5.857223546734079,29.286117733670366,-1.859848484848497,208.63051963146106,26.302804330334265,0.15039236443669787,28.53066935131091,-0.2543382543382575,0.02056647718792019,0.6206489309383177,3.103244654691586,2.794846183720995
22,4.4,457.07949790794976,554.7531380753138,449,545,18,21,94.07949790794976,9.955502424121667,208.2468619246862,28.478203340128022,208.2468619246862,28.478203340128022,0.49777512120608336,0.35597754175160035,True,13,3,2,2,"fly (2,3)",0.20000000000000018,-1.82093499248316,0.38950171167743974,1.862126695541767,9.310633477708826,-1.947508558387197,207.79941567342576,18.130247658686667,-4.15551979017646,28.417014109186425,-0.2663259567025198,-0.5682762106224132,0.19991800251142555,0.9995900125571269,1.9782509348922217
23,4.6,454.43776824034336,556.4849785407725,449,546,13,23,91.43776824034336,9.675954311147445,206.51502145922746,28.24137045596273,206.51502145922746,28.24137045596273,0.4837977155573723,0.3530171306995341,True,13,3,2,2,"fly (2,3)",0.1999999999999993,-2.6417296676063984,1.7318404654587312,3.1587983529361487,15.7939917646808,-8.659202327293686,206.58866620341703,12.769944528635717,-6.053747350043568,28.25144153209122,-1.1841644208264632,-0.8278628854760354,0.36638362748558917,1.8319181374279523,1.4581726092732608
24,4.8,452.2716049382716,557.9958847736625,446,547,13,23,89.2716049382716,9.44673068129858,205.0041152263375,28.034750800182906,205.0041152263375,28.034750800182906,0.4723365340649291,0.3504343850022863,True,13,3,2,2,"fly (2,3)",0.20000000000000018,-2.166163302071766,1.5109062328899654,2.6410416687035068,13.205208343517523,-7.55453116444982,205.42803131684073,10.083912744315715,-5.8031744328815265,28.09272223136284,-1.033098278899124,-0.7935965036419121,0.3086019355669409,1.543009677834703,1.1810481503880252
25,5.0,452.3461538461538,558.2350427350427,447,547,12,23,89.34615384615381,9.45461945461945,204.76495726495727,28.002045437942876,204.76495726495727,28.002045437942876,0.47273097273097253,0.35002556797428597,True,13,3,2,2,"fly (2,3)",0.20000000000000018,0.07454890788221746,0.23915796138021506,0.2505076249497643,1.2525381247488203,-1.1957898069010742,204.6744609453741,5.674195003337915,-3.767851857333157,27.989669872871673,-0.16352681120014964,-0.5152617924558212,0.03364332718028414,0.16821663590142055,0.6871125497015278
26,5.2,452.29741379310343,558.7456896551724,447,548,12,23,89.29741379310343,9.449461777047983,204.25431034482756,27.932213380489237,204.25431034482756,27.932213380489237,0.4724730888523991,0.3491526672561155,True,13,3,2,2,"fly (2,3)",0.20000000000000018,-0.04874005305038054,0.5106469201297159,0.5129677083494811,2.5648385417474033,-2.5532346006485773,203.93811652566595,3.751631750739054,-3.6817220985407517,27.88897320009107,-0.3491602872681906,-0.5034833639030123,0.07002226707369198,0.3501113353684596,0.5092373409663216
27,5.4,452.5860655737705,560.204918032787,446,549,14,24,89.5860655737705,9.480006939023333,202.79508196721304,27.732660781841098,202.79508196721304,27.732660781841098,0.47400034695116666,0.34665825977301373,True,13,3,2,2,"fly (2,3)",0.20000000000000018,0.28865178066706676,1.4592283776145223,1.487503717144189,7.437518585720938,-7.296141888072605,202.47614152336837,7.714732487211708,-7.309875011487949,27.68904499464867,-0.9977629932406975,-0.9996410272120286,0.20187681032581706,1.0093840516290844,1.0332928232035163
28,5.6,453.6209677419355,562.6209677419355,445,553,19,21,90.62096774193549,9.58952039597201,200.3790322580645,27.40226082161566,200.3790322580645,27.40226082161566,0.47947601979860044,0.34252826027019573,True,13,3,2,2,"fly (2,3)",0.1999999999999993,1.0349021681649901,2.416049709148524,2.628368066833347,13.141840334166782,-12.080248545742663,200.5639204280337,11.321671888627895,-9.561105476673417,27.427544673919133,-1.6519998011271988,-1.3075016036476415,0.3480766165225997,1.7403830826130047,1.4598625651524852
29,5.8,455.5450980392157,564.4823529411765,445,557,22,17,92.5450980392157,9.793132067641872,198.5176470588235,27.147712418300653,198.5176470588235,27.147712418300653,0.48965660338209366,0.33934640522875814,True,13,3,2,2,"fly (2,3)",0.20000000000000018,1.9241302972802146,1.861385199240999,2.6771313491991946,13.385656745995961,-9.306925996204987,198.64915352229602,12.469149637871794,-9.573834528688403,27.165696208177234,-1.2727420165750292,-1.309242328709525,0.32596411224307376,1.6298205612153673,1.5617250610096518
30,6.0,457.15234375,565.94921875,446,559,24,15,94.15234375,9.96321097883598,197.05078125,26.947115384615383,197.05078125,26.947115384615383,0.49816054894179895,0.3368389423076923,True,13,3,2,2,"fly (2,3)",0.20000000000000018,1.607245710784298,1.4668658088235134,2.175990366690529,10.879951833452637,-7.334329044117561,197.93237015978875,10.189158679198789,-3.583916812536355,27.06767455176598,-1.0029851684263482,-0.49010828205625195,0.26299430784011696,1.3149715392005836,1.2614718935945637
31,6.2,457.6007751937984,564.7713178294573,446,559,25,13,94.60077519379843,10.010664041671792,198.2286821705427,27.108195852381908,198.2286821705427,27.108195852381908,0.5005332020835895,0.33885244815477383,True,13,3,2,2,"fly (2,3)",0.20000000000000018,0.4484314437984267,-1.1779009205426973,1.2603734916295546,6.301867458147767,5.889504602713481,198.06063414831098,10.299620440808956,0.6413199426111759,27.08521492626475,0.8054023388326208,0.08770187249383597,0.16792471607354828,0.8396235803677407,1.21172504870066
32,6.4,460.260162601626,564.0975609756098,449,558,24,13,97.260162601626,10.292080698584762,198.90243902439022,27.200333541796955,198.90243902439022,27.200333541796955,0.5146040349292381,0.3400041692724619,True,13,3,2,2,"fly (2,3)",0.20000000000000018,2.6593874078275803,-0.6737568538475216,2.7434084061652957,13.717042030826466,3.368784269237605,198.6896268436775,7.131118692331071,3.1449634768326455,27.17123102135761,0.46068844707523443,0.4300804754642939,0.2961160053067313,1.4805800265336553,0.8221499842207877
33,6.6,459.9875518672199,564.0622406639004,449,558,23,13,96.9875518672199,10.263233001822213,198.9377593360996,27.20516366989396,198.9377593360996,27.20516366989396,0.5131616500911106,0.3400645458736745,True,13,3,2,2,"fly (2,3)",0.1999999999999993,-0.2726107344061006,-0.03532031170936989,0.2748893176037959,1.3744465880189844,0.17660155854685008,198.9397299857095,5.193056288533534,1.250515710160016,27.205433160438904,0.024150640485025663,0.1710106954064966,0.02924926915219334,0.1462463457609672,0.5604784022992211
34,6.8,459.89915966386553,564.0210084033613,449,558,23,13,96.89915966386553,10.25387932950958,198.9789915966387,27.210802269625805,198.9789915966387,27.210802269625805,0.512693966475479,0.34013502837032256,True,13,3,2,2,"fly (2,3)",0.20000000000000018,-0.08839220335437403,-0.041232260539118215,0.0975360493510309,0.48768024675515403,0.20616130269559088,198.94607951201468,0.7326676356165785,0.03174763152590859,27.206301471728505,0.02819299865922884,0.004341556447986815,0.010921766920608113,0.05460883460304052,0.08141832423737799
35,7.0,459.93388429752065,564.0785123966942,449,558,23,13,96.93388429752065,10.257553893917528,198.92148760330576,27.202938475665746,198.92148760330576,27.202938475665746,0.5128776946958764,0.3400367309458218,True,13,3,2,2,"fly (2,3)",0.20000000000000018,0.03472463365511658,0.05750399333294354,0.06717521441511944,0.3358760720755969,-0.2875199666647174,198.9432152888704,0.29975629352962335,-0.01432111572152356,27.205909783093386,-0.03931896980029489,-0.0019584431755897023,0.008679958469625255,0.043399792348126236,0.03556113971372413
36,7.2,459.92083333333335,564.0708333333333,449,558,23,13,96.92083333333335,10.256172839506174,198.92916666666667,27.203988603988606,198.92916666666667,27.203988603988606,0.5128086419753087,0.34004985754985756,True,13,3,2,2,"fly (2,3)",0.20000000000000018,-0.013050964187300451,-0.007679063360910732,0.01514251235162384,0.07571256175811913,0.038395316804553624,198.90698238566725,0.30727358176338804,-0.18116451601561703,27.200954856159626,0.00525064161429611,-0.02477463466880388,0.0017349584380011273,0.008674792190005628,0.037261862429560526
37,7.4,460.0041841004184,564.1297071129707,449,558,23,13,97.0041841004184,10.264993026499301,198.87029288702934,27.195937488824523,198.87029288702934,27.195937488824523,0.513249651324965,0.3399492186103066,True,13,3,2,2,"fly (2,3)",0.20000000000000018,0.08335076708505085,0.058873779637337975,0.1020464222912897,0.5102321114564481,-0.2943688981866896,198.88392674293382,0.22838129634318594,-0.11527821366712417,27.197801947751632,-0.04025557582041369,-0.01576454203995298,0.011942200550109954,0.05971100275054972,0.027151378759815614
38,7.6,459.9957805907173,564.1476793248945,449,558,23,13,96.99578059071729,10.26410376621347,198.8523206751055,27.193479750441774,198.8523206751055,27.193479750441774,0.5132051883106735,0.3399184968805222,True,13,3,2,2,"fly (2,3)",0.1999999999999993,-0.008403509701111034,0.01797221192384768,0.019839843162998038,0.09919921581499054,-0.08986105961923872,198.85872334916348,0.26588025349226013,-0.12601696885174765,27.194355329800132,-0.012288691913742199,-0.017233089757505798,0.002613668267778288,0.013068341338891485,0.030900958997911638
39,7.8,459.9581589958159,564.1464435146444,449,558,23,13,96.9581589958159,10.260122645059884,198.85355648535563,27.193648750134102,198.85355648535563,27.193648750134102,0.5130061322529942,0.3399206093766763,True,13,3,2,2,"fly (2,3)",0.20000000000000018,-0.03762159490139538,-0.0012358102501366375,0.03764188664106838,0.18820943320534173,0.006179051250683182,198.88595905348703,0.2830662329486526,0.13617852161777033,27.198079870562328,0.0008449984616376575,0.018622703810980103,0.003984706580858747,0.019923532904293717,0.03538312476584936
40,8.0,459.904,564.048,448,558,25,13,96.904,10.254391534391534,198.952,27.20711111111111,198.952,27.20711111111111,0.5127195767195767,0.3400888888888889,True,13,3,2,2,"fly (2,3)",0.20000000000000018,-0.05415899581589656,-0.09844351464437295,0.1123580099651252,0.5617900498256255,0.4922175732218643,198.90933515498247,0.423660919561679,0.11688050747712513,27.201276602390767,0.06731180488504401,0.01598365914217605,0.014631500010872588,0.07315750005436288,0.04989255982323074
41,8.2,459.80408163265304,564.0775510204082,449,558,23,13,96.80408163265304,10.243818162185507,198.92244897959176,27.20306994592708,198.92244897959176,27.20306994592708,0.5121909081092754,0.3400383743240885,True,13,3,2,2,"fly (2,3)",0.1999999999999993,-0.0999183673469588,0.029551020408234763,0.10419665513081364,0.52098327565407,-0.14775510204117434,198.93321527666183,0.8646412284955763,0.11940060839682133,27.204542260056318,-0.02020582592015437,0.01632828832777401,0.011319329302207084,0.05659664651103562,0.0965562220701655
42,8.4,460.1062992125984,564.0748031496063,449,558,24,13,97.1062992125984,10.275798858476021,198.92519685039372,27.203445723130766,198.92519685039372,27.203445723130766,0.5137899429238011,0.34004307153913454,True,13,3,2,2,"fly (2,3)",0.20000000000000107,0.30221757994536347,-0.0027478708019543774,0.3022300720014082,1.511150360007033,0.013739354009771814,199.2278819433285,7.173401114042829,1.4733333333333636,27.244838556352615,0.0018788860184315481,0.20148148148148792,0.03198290392901977,0.159914519645098,0.7720434969535468
43,8.6,463.896,563.164,454,555,21,18,100.89600000000002,10.676825396825398,199.836,27.328000000000003,199.836,27.328000000000003,0.5338412698412699,0.3416,True,13,3,2,2,"fly (2,3)",0.1999999999999993,3.789700787401614,-0.9108031496062949,3.8976139412934625,19.488069706467382,4.554015748031491,199.93477803509856,15.296519167336106,3.534480458850259,27.341508107363904,0.6227713843461857,0.483347755056442,0.4199238649408999,2.099619324704507,1.6482731763031824
44,8.8,468.72549019607845,561.9568627450981,460,552,19,21,105.72549019607845,11.187882560431582,201.04313725490192,27.493078598960945,201.04313725490192,27.493078598960945,0.5593941280215792,0.34366348248701184,True,13,3,2,2,"fly (2,3)",0.20000000000000107,4.829490196078439,-1.2071372549019088,4.978067487106807,24.8903374355339,6.035686274509512,200.33697340021277,20.81329233061206,2.010976825571134,27.39650918293508,0.8253929948047078,0.27500537785587653,0.5370571369119913,2.6852856845599424,2.245501364846028
45,9.0,472.22093023255815,562.8682170542636,464,553,18,21,109.22093023255815,11.557770394979698,200.1317829457364,27.368448949844293,200.1317829457364,27.368448949844293,0.5778885197489849,0.34210561187305366,True,13,3,2,2,"fly (2,3)",0.1999999999999993,3.4954400364796925,0.9113543091655174,3.612293969966967,18.0614698498349,-4.556771545827603,199.9505053151064,28.07235844636018,-1.9323404255319332,27.343658846510277,-0.6231482455832649,-0.26425168212402833,0.3903198170547257,1.9515990852736353,3.016275959859511
46,9.2,480.3446808510638,564.3234042553191,474,553,14,23,117.3446808510638,12.417426545086116,198.67659574468087,27.169448990725588,198.67659574468087,27.169448990725588,0.6208713272543058,0.33961811238406986,True,13,3,2,2,"fly (2,3)",0.1999999999999993,8.123750618505653,1.4551872010555371,8.253053610742318,41.265268053711736,-7.275936005277711,198.63598791755268,23.405065964601402,-6.57258698776862,27.163895783596946,-0.9949997955935288,-0.8988153145666482,0.8823886219489876,4.4119431097449535,2.567662533535311
47,9.4,481.8464730290456,565.9004149377593,476,555,14,23,118.84647302904563,12.57634635227996,197.09958506224075,26.953789410220956,197.09958506224075,26.953789410220956,0.6288173176139981,0.33692236762776195,True,13,3,2,2,"fly (2,3)",0.20000000000000107,1.5017921779818266,1.5770106824401182,2.1776919980515257,10.888459990257571,-7.885053412200549,197.58937209693087,17.907417056870113,-5.233079103109043,27.02076883376832,-1.0782979025231518,-0.7156347491431161,0.26788908111747023,1.339445405587344,1.9745979114131418
48,9.6,482.14112903225805,566.008064516129,476,555,14,24,119.14112903225805,12.607526881720428,196.99193548387098,26.939068100358423,196.99193548387098,26.939068100358423,0.6303763440860214,0.3367383512544803,True,13,3,2,2,"fly (2,3)",0.1999999999999993,0.2946560032124239,0.10764957836977374,0.31370462532820587,1.5685231266410349,-0.5382478918488706,196.8266500993926,5.184828370268076,-3.813609987691373,26.916464970857106,-0.07360654931266834,-0.5215193145560834,0.03448104378142557,0.17240521890712848,0.6436956577066794
49,9.8,482.2809917355372,566.611570247934,476,556,14,23,119.28099173553721,12.622327167781716,196.38842975206603,26.856537401991936,196.38842975206603,26.856537401991936,0.6311163583890858,0.3357067175248992,True,13,3,2,2,"fly (2,3)",0.20000000000000107,0.13986270327916372,0.6035057318049439,0.6195003987811277,3.097501993905622,-3.0175286590247037,196.6901826179685,2.3330125602733283,-1.7778882754367853,26.897802751175178,-0.41265349183243094,-0.24313002057254918,0.08384726972511357,0.41923634862556564,0.295820783766347
0,0.0,469.38216560509557,343.203821656051,462,337,17,14,106.38216560509557,11.257372021703235,419.796178343949,57.408024388916104,419.796178343949,57.408024388916104,0.5628686010851617,0.7176003048614513,True,14,4,2,2,"fly (2,4)",,,,,,,420.60926929619814,18.15470532027698,4.0654547612454905,57.519216314009995,,0.5559596254694732,,,1.953142224843968
1,0.2,476.45962732919253,341.5776397515528,468,336,19,12,113.45962732919253,12.006309770284922,421.4223602484472,57.63040823910389,421.4223602484472,57.63040823910389,0.6003154885142462,0.7203801029887986,True,14,4,2,2,"fly (2,4)",0.2,7.077461724096963,-1.6261819044981962,7.261882128110793,36.30941064055396,8.130909522490981,421.6930993620224,25.200839452776155,6.7743019162031715,57.66743239138768,1.1119192509389464,0.9264002620448863,0.7812568899375872,3.906284449687936,2.7321021976896027
2,0.4,483.93037974683546,339.1392405063291,475,334,19,12,120.93037974683546,12.796865581675709,423.8607594936709,57.963864546143036,423.8607594936709,57.963864546143036,0.6398432790837855,0.7245483068267878,True,14,4,2,2,"fly (2,4)",0.2,7.470752417642927,-2.4383992452237067,7.858621543554899,39.2931077177745,12.191996226118533,424.35095219474107,41.10904000955062,13.289264163593751,58.03089944543469,1.6672815351957126,1.8173352702350343,0.8580044286761743,4.290022143380871,4.507583605865653
3,0.6,492.6381578947368,335.23026315789474,485,330,17,12,129.63815789473682,13.718323586744638,427.76973684210526,58.498425551057124,427.76973684210526,58.498425551057124,0.6859161793372318,0.7312303193882141,True,14,4,2,2,"fly (2,4)",0.19999999999999996,8.707778147901365,-3.908977348434348,9.544920334064678,47.724601670323395,19.544886742171744,427.90611139120466,46.54743384653867,17.775795982317675,58.51707506204508,2.672805024570444,2.4308780830519914,1.0652888449056301,5.326444224528152,5.163620110737859
4,0.8,502.23648648648646,330.9121621621622,494,326,18,12,139.23648648648646,14.73401973401973,432.0878378378378,59.08893508893509,432.0878378378378,59.08893508893509,0.7367009867009865,0.7386116886116886,True,14,4,2,2,"fly (2,4)",0.20000000000000007,9.598328591749635,-4.31810099573255,10.524918430303627,52.624592151518115,21.590504978662743,430.5856184184942,40.520607777960365,13.397535136447798,58.883503373469296,2.9525476893898164,1.8321415571210642,1.1748787928609108,5.874393964304552,4.482348644658013
5,1.0,506.4748201438849,331.1007194244604,499,326,17,12,143.47482014388493,15.182520650146554,431.8992805755396,59.063149480415674,431.8992805755396,59.063149480415674,0.7591260325073277,0.7382893685051959,True,14,4,2,2,"fly (2,4)",0.19999999999999996,4.238333657398471,0.18855726229821812,4.242525902407915,21.21262951203958,-0.9427863114910908,432.31433358877285,32.44079867753474,8.643575851393258,59.11990886684074,-0.1289280425970674,1.1820274668572137,0.44924154902826646,2.2462077451413327,3.54919564009443
6,1.2,511.0514705882353,330.0441176470588,504,324,16,13,148.0514705882353,15.666822284469346,432.9558823529412,59.20764203117145,432.9558823529412,59.20764203117145,0.7833411142234672,0.7400955253896431,True,14,4,2,2,"fly (2,4)",0.19999999999999996,4.576650444350378,-1.0566017774016245,4.6970348738093035,23.485174369046522,5.2830088870081235,433.50727653171583,27.88747675128919,5.964714714714699,59.28304636331156,0.722462753778892,0.8156874823541336,0.5053970421674809,2.526985210837405,3.020109406568929
7,1.4,518.3577235772358,327.33333333333337,512,322,15,12,155.3577235772358,16.43997074891384,435.66666666666663,59.57834757834757,435.66666666666663,59.57834757834757,0.821998537445692,0.7447293447293447,True,14,4,2,2,"fly (2,4)",0.19999999999999996,7.306252989000484,-2.710784313725412,7.792925274556292,38.96462637278147,13.553921568627064,435.0142390289449,24.279653794802098,7.5348124861454835,59.489126704812975,1.8535277358805762,1.0304017075070604,0.8574270527456096,4.287135263728049,2.6536390962660628
8,1.6,520.2941176470588,326.5798319327731,514,321,14,12,157.29411764705878,16.644880174291934,436.4201680672269,59.68139050491991,436.4201680672269,59.68139050491991,0.8322440087145967,0.746017381311499,True,14,4,2,2,"fly (2,4)",0.20000000000000018,1.9363940698229953,-0.7535014005602534,2.077832128515662,10.3891606425783,3.7675070028012634,435.96049253034545,20.73279101087911,4.731267507002788,59.6185288930387,0.5152146328617131,0.6470109411285918,0.229359362846547,1.146796814232734,2.2732947942793276
9,1.8,522.7857142857142,327.2053571428571,517,322,13,12,159.78571428571422,16.908541194255474,435.7946428571429,59.59584859584861,435.7946428571429,59.59584859584861,0.8454270597127737,0.7449481074481075,True,14,4,2,2,"fly (2,4)",0.19999999999999996,2.4915966386554373,0.6255252100839925,2.5689172034555137,12.844586017277571,-3.1276260504199636,435.9500758636788,12.120196592554349,-0.05208333333333489,59.61710439161419,-0.42770954535651395,-0.00712250712249841,0.2771904609754398,1.3859523048771993,1.3078479404127472
10,2.0,525.40625,327.36458333333337,520,323,13,10,162.40625,17.18584656084656,435.63541666666663,59.57407407407407,435.63541666666663,59.57407407407407,0.859292328042328,0.7446759259259259,True,14,4,2,2,"fly (2,4)",0.19999999999999996,2.6205357142857792,0.15922619047626085,2.6253686235614344,13.126843117807175,-0.7961309523813045,435.95668650793647,12.755641551520156,0.03305322128852447,59.61800841134175,-0.10887260887269437,0.004520098637747864,0.2781589404256616,1.3907947021283082,1.374571380346131
11,2.2,527.73,326.56,522,322,13,10,164.73000000000002,17.431746031746034,436.44,59.68410256410256,436.44,59.68410256410256,0.8715873015873017,0.746051282051282,True,14,4,2,2,"fly (2,4)",0.20000000000000018,2.323750000000018,-0.804583333333369,2.4590991038951477,12.295495519475727,4.022916666666841,436.34748321123317,11.38577608792471,1.953983516483504,59.671450695553254,0.5501424501424519,0.2672114210575553,0.26939342680657735,1.3469671340328855,1.2299554751383828
12,2.4,529.3956043956044,326.032967032967,524,322,12,10,166.39560439560444,17.608000465143327,436.967032967033,59.75617544848314,436.967032967033,59.75617544848314,0.8804000232571664,0.7469521931060393,True,14,4,2,2,"fly (2,4)",0.19999999999999973,1.6656043956044186,-0.5270329670329943,1.746997925298242,8.734989626491222,2.635164835164975,436.969010989011,8.527009546802903,3.1076388888889515,59.75644594721518,0.36036442190290835,0.4249762583096009,0.19042091785079068,0.9521045892539547,0.944359424490559
13,2.6,530.1333333333333,325.5,525,321,12,10,167.13333333333333,17.68606701940035,437.5,59.82905982905983,437.5,59.82905982905983,0.8843033509700176,0.7478632478632479,True,14,4,2,2,"fly (2,4)",0.20000000000000018,0.7377289377288889,-0.532967032967008,0.910108698888353,4.550543494441761,2.6648351648350377,438.39892089892084,10.761485718927014,7.149549549549579,59.95198918275842,0.36442190288344245,0.9777161777161929,0.10680131003696748,0.5340065501848369,1.3117765743596654
14,2.8,532.1351351351351,322.27027027027026,528,318,9,10,169.1351351351351,17.897897897897895,440.72972972972974,60.270732270732275,440.72972972972974,60.270732270732275,0.8948948948948947,0.7533841533841534,True,14,4,2,2,"fly (2,4)",0.19999999999999973,2.0018018018017756,-3.2297297297297405,3.7997848071696083,18.998924035848066,16.148648648648724,440.958929517753,14.444148605701185,12.800043094160666,60.3020758314876,2.2083622083622276,1.750433243645908,0.4898437167280402,2.4492185836402043,1.8926165079513917
15,3.0,532.6911764705883,318.3529411764706,529,314,8,10,169.6911764705883,17.956738250855903,444.6470588235294,60.806435394670686,444.6470588235294,60.806435394670686,0.8978369125427952,0.7600804424333836,True,14,4,2,2,"fly (2,4)",0.20000000000000018,0.5560413354531875,-3.917329093799651,3.9565956573627488,19.782978286813726,19.58664546899824,445.94320624731273,26.048778270689553,24.9213836477988,60.98368632441884,2.6785156196920545,3.4080524646562544,0.5389248780058273,2.6946243900291345,3.502882724755717
16,3.2,533.7169811320755,310.5471698113207,531,306,6,10,170.7169811320755,18.065289008685237,452.4528301886793,61.87389130785358,452.4528301886793,61.87389130785358,0.9032644504342618,0.7734236413481698,True,14,4,2,2,"fly (2,4)",0.20000000000000018,1.0258046614872,-7.805771365149894,7.872886497881378,39.36443248940686,39.028856825749436,450.87200601482226,25.116806044878626,24.643998837547173,61.6577102242492,5.337279565914481,3.3701194991517496,1.0729610401195635,5.364805200597813,3.409133057572585
17,3.4,534.7741935483871,307.48387096774195,533,303,4,10,171.77419354838707,18.17716333845366,455.51612903225805,62.292803970223325,455.51612903225805,62.292803970223325,0.908858166922683,0.7786600496277916,True,14,4,2,2,"fly (2,4)",0.19999999999999973,1.057212416311586,-3.063298843578764,3.240601471683054,16.20300735841529,15.316494217893839,454.77977653043587,20.012087432309656,19.538852578068308,62.19210619219637,2.094563311848712,2.671979839735835,0.4335939164181609,2.1679695820908074,2.7110664126215496
18,3.6,535.0370370370371,306.6296296296296,534,302,3,10,172.03703703703707,18.204977464236727,456.3703703703704,62.40962329851219,456.3703703703704,62.40962329851219,0.9102488732118363,0.7801202912314024,True,14,4,2,2,"fly (2,4)",0.20000000000000018,0.26284348864999174,-0.854241338112331,0.8937644898213647,4.46882244910682,4.271206690561652,456.7072645067585,10.081703106538505,9.637439881612986,62.455694291522526,0.5840966414443111,1.3179404966308197,0.12008489103520581,0.6004244551760285,1.3546747581291598
19,3.8,535.4705882352941,304.7647058823529,535,301,2,9,172.47058823529414,18.250855897914725,458.2352941176471,62.664655605832074,458.2352941176471,62.664655605832074,0.9125427948957362,0.783308195072901,True,14,4,2,2,"fly (2,4)",0.19999999999999973,0.4335511982570779,-1.8649237472766913,1.9146559024186784,9.573279512093405,9.324618736383469,457.56696752775184,5.202658631674665,4.298515104966709,62.57326051661564,1.2751615365994358,0.5878311254655348,0.2591260474241285,1.295630237120644,0.690836538453912
20,4.0,535.1904761904761,304.9047619047619,534,301,3,9,172.19047619047615,18.221214411690596,458.0952380952381,62.645502645502646,458.0952380952381,62.645502645502646,0.9110607205845299,0.783068783068783,True,14,4,2,2,"fly (2,4)",0.20000000000000018,-0.28011204481799723,0.14005602240899861,0.31317478676475474,1.5658739338237724,-0.7002801120449924,458.5219421101774,5.669657118653876,4.7748729121278215,62.70385533130631,-0.09576480164714232,0.6529740734533722,0.03529098461301275,0.17645492306506358,0.7551915194585176
21,4.2,535.4705882352941,303.7647058823529,535,300,2,9,172.47058823529414,18.250855897914725,459.2352941176471,62.80140774258421,459.2352941176471,62.80140774258421,0.9125427948957362,0.7850175967823027,True,14,4,2,2,"fly (2,4)",0.20000000000000018,0.28011204481799723,-1.1400560224089986,1.1739635820088914,5.869817910044452,5.700280112044988,459.0212885154062,3.3086550391119727,2.4967320261437913,62.77214201920085,0.7795254854078231,0.3414334394726734,0.15869787963796922,0.7934893981898454,0.4368300923455559
22,4.4,535.4666666666667,303.26666666666665,535,300,2,8,172.4666666666667,18.250440917107586,459.73333333333335,62.86951566951568,459.73333333333335,62.86951566951568,0.9125220458553793,0.7858689458689458,True,14,4,2,2,"fly (2,4)",0.20000000000000018,-0.003921568627447414,-0.4980392156862763,0.49805465469353966,2.4902732734676962,2.4901960784313792,459.56732026143794,2.7866970611707154,2.7301587301587893,62.846813027205194,0.34053963465733944,0.3733550400217209,0.0681091911563518,0.3405459557817587,0.37801178465720137
23,4.6,535.4666666666667,303.26666666666665,535,300,2,8,172.4666666666667,18.250440917107586,459.73333333333335,62.86951566951568,459.73333333333335,62.86951566951568,0.9125220458553793,0.7858689458689458,True,14,4,2,2,"fly (2,4)",0.1999999999999993,0.0,0.0,0.0,0.0,0.0,459.7155555555555,1.4146664883988713,0.7411764705882238,62.867084520417855,0.0,0.10135746606335272,0.0,0.0,0.17585249507456377
24,4.8,535.12,303.32,534,299,3,10,172.12,18.213756613756615,459.68,62.86222222222222,459.68,62.86222222222222,0.9106878306878307,0.7857777777777778,True,14,4,2,2,"fly (2,4)",0.20000000000000018,-0.34666666666669244,0.05333333333334167,0.3507452383457842,1.7537261917289193,-0.26666666666670813,459.73499999999996,0.7862849121277646,0.09722222222222847,62.8697435897436,-0.036467236467281304,0.013295346628675958,0.037402305888386535,0.1870115294419325,0.0890859790934853
25,5.0,535.1666666666666,303.2083333333333,534,299,3,10,172.16666666666663,18.218694885361547,459.7916666666667,62.877492877492884,459.7916666666667,62.877492877492884,0.9109347442680774,0.785968660968661,True,14,4,2,2,"fly (2,4)",0.20000000000000018,0.046666666666624224,-0.1116666666666788,0.12102570893087539,0.6051285446543764,0.5583333333333935,459.8844949494949,1.4384958494201168,0.7474747474747302,62.89018734352067,0.07635327635330917,0.10221876888542399,0.016049281567704694,0.0802464078385234,0.17816986186359052
26,5.2,535.1363636363636,302.8181818181818,534,299,3,9,172.13636363636363,18.215488215488215,460.1818181818182,62.93084693084693,460.1818181818182,62.93084693084693,0.9107744107744107,0.7866355866355866,True,14,4,2,2,"fly (2,4)",0.20000000000000018,-0.030303030303002743,-0.39015151515150137,0.39132656237541164,1.9566328118770564,1.950757575757505,460.05176767676767,0.8539204521771436,0.836363636363633,62.91306224639558,0.26677026677024407,0.11437451437451775,0.05345032966206317,0.2672516483103156,0.11583268538294633
27,5.4,535.1363636363636,302.8181818181818,534,299,3,9,172.13636363636363,18.215488215488215,460.1818181818182,62.93084693084693,460.1818181818182,62.93084693084693,0.9107744107744107,0.7866355866355866,True,14,4,2,2,"fly (2,4)",0.20000000000000018,0.0,0.0,0.0,0.0,0.0,460.01454545454544,1.4890191195445908,-0.1861111111111348,62.90797202797203,0.0,-0.02545109211777023,0.0,0.0,0.2034948024896183
28,5.6,535.12,303.32,534,299,3,10,172.12,18.213756613756615,459.68,62.86222222222222,459.68,62.86222222222222,0.9106878306878307,0.7857777777777778,True,14,4,2,2,"fly (2,4)",0.1999999999999993,-0.01636363636362148,0.5018181818181802,0.5020849093513416,2.5104245467567172,-2.5090909090909097,459.88983682983684,1.0614124437728727,-0.6235431235431134,62.890917857071706,-0.34312354312355475,-0.08527085450162793,0.06864655183170762,0.3432327591585393,0.14448985931541333
29,5.8,535.0769230769231,303.1923076923077,534,299,3,10,172.0769230769231,18.20919820919821,459.8076923076923,62.879684418145956,459.8076923076923,62.879684418145956,0.9104599104599106,0.7859960552268245,True,14,4,2,2,"fly (2,4)",0.20000000000000018,-0.043076923076910134,-0.127692307692314,0.13476255691238062,0.6738127845619025,0.6384615384615694,459.7651282051282,1.0614124437728727,-0.6235431235431134,62.873863686171376,0.08731097961867099,-0.08527085450162793,0.018047363757540152,0.09023681878770068,0.14448985931541333
30,6.0,535.0769230769231,303.1923076923077,534,299,3,10,172.0769230769231,18.20919820919821,459.8076923076923,62.879684418145956,459.8076923076923,62.879684418145956,0.9104599104599106,0.7859960552268245,True,14,4,2,2,"fly (2,4)",0.20000000000000018,0.0,0.0,0.0,0.0,0.0,459.8076923076923,0.2246042615206336,0.2128205128205232,62.879684418145956,0.0,0.02910365987289033,0.0,0.0,0.030078939595900227
31,6.2,535.0769230769231,303.1923076923077,534,299,3,10,172.0769230769231,18.20919820919821,459.8076923076923,62.879684418145956,459.8076923076923,62.879684418145956,0.9104599104599106,0.7859960552268245,True,14,4,2,2,"fly (2,4)",0.20000000000000018,0.0,0.0,0.0,0.0,0.0,459.9324009324009,0.6313639331660515,0.6235431235431098,62.89673858904629,0.0,0.08527085450162741,0.0,0.0,0.08591285773978379
32,6.4,535.1363636363636,302.8181818181818,534,299,3,9,172.13636363636363,18.215488215488215,460.1818181818182,62.93084693084693,460.1818181818182,62.93084693084693,0.9107744107744107,0.7866355866355866,True,14,4,2,2,"fly (2,4)",0.20000000000000018,0.059440559440531615,-0.3741258741258662,0.3788183598996316,1.8940917994981563,1.8706293706293293,460.15523365523364,1.1302048569489023,1.1141636141636027,62.927211440031954,0.25581256350488224,0.15236425492834862,0.05154771464387031,0.25773857321935134,0.1536816251290034
33,6.6,535.1904761904761,302.5238095238095,534,299,3,9,172.19047619047615,18.221214411690596,460.4761904761905,62.971102971102965,460.4761904761905,62.971102971102965,0.9110607205845299,0.7871387871387872,True,14,4,2,2,"fly (2,4)",0.1999999999999993,0.05411255411252114,-0.2943722943722946,0.29930455426970937,1.496522771348552,1.4718614718614784,460.32078549469855,1.4645625255964447,0.8277591973243656,62.94985100782202,0.2012802012801636,0.11319783895033947,0.040661260433531625,0.20330630216765885,0.19689437964049164
34,6.8,535.0869565217391,302.69565217391306,534,299,3,9,172.08695652173913,18.210259949390384,460.30434782608694,62.94760312151616,460.30434782608694,62.94760312151616,0.9105129974695192,0.7868450390189521,True,14,4,2,2,"fly (2,4)",0.20000000000000018,-0.10351966873702168,0.17184265010354238,0.20061460118852567,1.0030730059426274,-0.8592132505177111,460.72987640378943,2.6762774947178456,2.0454545454544855,63.00579506376607,-0.11749924793402744,0.27972027972027774,0.02592765270689297,0.12963826353446473,0.3629255503085111
35,7.0,535.1363636363636,301.5909090909091,534,298,3,9,172.13636363636363,18.215488215488215,461.4090909090909,63.0986790986791,461.4090909090909,63.0986790986791,0.9107744107744107,0.7887334887334887,True,14,4,2,2,"fly (2,4)",0.20000000000000018,0.04940711462450054,-1.1047430830039389,1.1058473413724728,5.529236706862359,5.523715415019689,461.04084321475625,2.177436570934995,1.5548340548339927,63.04832043962478,0.755379885814697,0.21262687929355653,0.1511664170446821,0.7558320852234097,0.2951567829192915
36,7.2,535.1363636363636,301.5909090909091,534,298,3,9,172.13636363636363,18.215488215488215,461.4090909090909,63.0986790986791,461.4090909090909,63.0986790986791,0.9107744107744107,0.7887334887334887,True,14,4,2,2,"fly (2,4)",0.20000000000000018,0.0,0.0,0.0,0.0,0.0,461.6666666666667,3.130957690166299,3.1291172595520766,63.13390313390314,0.0,0.4279134713917421,0.0,0.0,0.42806420452797966
37,7.4,535.1363636363636,300.8181818181818,534,297,3,9,172.13636363636363,18.215488215488215,462.1818181818182,63.204351204351205,462.1818181818182,63.204351204351205,0.9107744107744107,0.79005439005439,True,14,4,2,2,"fly (2,4)",0.20000000000000018,0.0,-0.7727272727273089,0.7727272727273089,3.863636363636541,3.863636363636541,463.4414141414142,8.893686193754748,8.873737373737477,63.37660364327032,0.5283605283605293,1.2135025468358915,0.10567210567210594,0.5283605283605293,1.2151369084957717
38,7.6,535.4666666666667,296.26666666666665,535,293,2,8,172.4666666666667,18.250440917107586,466.73333333333335,63.82678062678063,466.73333333333335,63.82678062678063,0.9125220458553793,0.7978347578347579,True,14,4,2,2,"fly (2,4)",0.1999999999999993,0.33030303030307095,-4.5515151515151615,4.5634844435255255,22.81742221762771,22.75757575757589,465.0731664470795,9.848510726192771,8.158761528326794,63.599749257720276,3.1121471121471456,1.1157280722498004,0.623410039425355,3.117050197126786,1.3336468167043947
39,7.8,535.0869565217391,296.69565217391306,534,293,3,9,172.08695652173913,18.210259949390384,466.30434782608694,63.76811594202898,466.30434782608694,63.76811594202898,0.9105129974695192,0.7971014492753623,True,14,4,2,2,"fly (2,4)",0.20000000000000018,-0.3797101449275715,0.42898550724640927,0.572894719462814,2.8644735973140674,-2.1449275362320446,466.78067632850235,10.22729860498059,8.537549407114613,63.83325488253024,-0.2933234237582735,1.167528124049851,0.07110594492517379,0.3555297246258686,1.3854468685044452
40,8.0,535.0869565217391,295.69565217391306,534,292,3,9,172.08695652173913,18.210259949390384,467.30434782608694,63.904868078781114,467.30434782608694,63.904868078781114,0.9105129974695192,0.798810850984764,True,14,4,2,2,"fly (2,4)",0.20000000000000018,0.0,-1.0,1.0,4.999999999999996,4.999999999999996,467.63768115942025,5.954824532438032,4.285024154589329,63.950452124365164,0.6837606837606808,0.5859862091746034,0.13675213675213627,0.6837606837606808,0.8022705919693175
41,8.2,535.0869565217391,293.69565217391306,534,290,3,9,172.08695652173913,18.210259949390384,469.30434782608694,64.1783723522854,469.30434782608694,64.1783723522854,0.9105129974695192,0.8022296544035674,True,14,4,2,2,"fly (2,4)",0.1999999999999993,0.0,-2.0,2.0,10.000000000000036,10.000000000000036,468.7628985507246,5.628504457734553,5.626086956521786,64.10432800693671,1.367521367521403,0.7693794128576917,0.27350427350427964,1.367521367521403,0.7695775219763039
42,8.4,535.12,293.32,534,289,3,10,172.12,18.213756613756615,469.68,64.22974358974359,469.68,64.22974358974359,0.9106878306878307,0.8028717948717948,True,14,4,2,2,"fly (2,4)",0.20000000000000107,0.033043478260879056,-0.3756521739130676,0.377102674640728,1.88551337320363,1.878260869565328,470.21700483091786,7.275834747441846,7.270531400966263,64.30318014781783,0.2568561872909911,0.9942607044056619,0.051490102929365844,0.25745051464682783,0.9946951611208864
43,8.6,535.0370370370371,291.3333333333333,534,287,3,10,172.03703703703707,18.204977464236727,471.6666666666667,64.50142450142451,471.6666666666667,64.50142450142451,0.9102488732118363,0.8062678062678063,True,14,4,2,2,"fly (2,4)",0.1999999999999993,-0.08296296296293804,-1.9866666666666788,1.9883981738243681,9.941990869121875,9.93333333333343,471.21900383141764,5.016617333122972,5.009995002498804,64.44020565215969,1.3584045584045916,0.6851275217092483,0.2718227202388847,1.3591136011944283,0.68567000954063
44,8.8,535.0689655172414,290.6896551724138,534,286,3,11,172.0689655172414,18.208356139390624,472.3103448275862,64.58944886531094,472.3103448275862,64.58944886531094,0.9104178069695312,0.8073681108163867,True,14,4,2,2,"fly (2,4)",0.20000000000000107,0.03192848020432848,-0.643678160919535,0.644469551408686,3.222347757043413,3.2183908045976577,472.09578544061304,4.388112875388429,4.383908045977028,64.56010741068214,0.440121819432162,0.5995087926122512,0.08808918255612722,0.4404459127806337,0.5998531713250207
45,9.0,535.0689655172414,290.6896551724138,534,286,3,11,172.0689655172414,18.208356139390624,472.3103448275862,64.58944886531094,472.3103448275862,64.58944886531094,0.9104178069695312,0.8073681108163867,True,14,4,2,2,"fly (2,4)",0.1999999999999993,0.0,0.0,0.0,0.0,0.0,472.1427939876216,1.9119750932591917,0.235042735042716,64.56653592993115,0.0,0.03214259624513597,0.0,0.0,0.2613885771643045
46,9.2,535.0769230769231,291.1923076923077,534,287,3,10,172.0769230769231,18.20919820919821,471.8076923076923,64.52071005917159,471.8076923076923,64.52071005917159,0.9104599104599106,0.806508875739645,True,14,4,2,2,"fly (2,4)",0.1999999999999993,0.007957559681699422,0.5026525198938998,0.5027155045468313,2.5135775227341655,-2.513262599469508,471.97524314765695,0.8378591742447207,-0.8377541998231699,64.54362299455137,-0.3436940306967541,-0.11456467689891803,0.06874396374245573,0.34371981871227986,0.11457327290409329
47,9.4,535.0769230769231,291.1923076923077,534,287,3,10,172.0769230769231,18.20919820919821,471.8076923076923,64.52071005917159,471.8076923076923,64.52071005917159,0.9104599104599106,0.806508875739645,True,14,4,2,2,"fly (2,4)",0.20000000000000107,0.0,0.0,0.0,0.0,0.0,471.9952516619183,1.7780091303642027,0.10004257130693366,64.54635920162984,0.0,0.013681035392375954,0.0,0.0,0.24301177167151425
48,9.6,535.0370370370371,290.6296296296296,534,286,3,10,172.03703703703707,18.204977464236727,472.3703703703704,64.59765748654637,472.3703703703704,64.59765748654637,0.9102488732118363,0.8074707185818297,True,14,4,2,2,"fly (2,4)",0.1999999999999993,-0.0398860398860279,-0.5626780626780601,0.5640899736716871,2.8204498683584456,2.8133903133903106,472.2388414055081,1.2280809710443632,1.217948717948712,64.57967061955665,0.38473713687388195,0.1665570896340306,0.07706309926045232,0.38531549630226297,0.1673903521049068
49,9.8,535.0769230769231,290.46153846153845,534,286,3,10,172.0769230769231,18.20919820919821,472.53846153846155,64.62064431295201,472.53846153846155,64.62064431295201,0.9104599104599106,0.8077580539119,True,14,4,2,2,"fly (2,4)",0.20000000000000107,0.0398860398860279,-0.1680911680911663,0.17275860895493034,0.8637930447746471,0.8404558404558271,472.45441595441594,1.8421214565665447,1.826923076923068,64.60915089974918,0.11493413202820985,0.2498356344510459,0.023371112002491607,0.11685556001245741,0.2510855281573602
0,0.0,600.8201754385965,711.530701754386,600,665,3,90,17.820175438596493,1.8659869569210987,48.46929824561403,6.662446494242478,48.46929824561403,6.662446494242478,0.09329934784605494,0.08328058117803097,True,15,1,3,3,"fly (3,1)",,,,,,,45.62805013803546,14.206312961945295,-14.206240537892825,6.271896926190442,,-1.9527478402601828,,,1.9527536173556064
1,0.2,600.8020304568528,717.2131979695431,600,677,3,79,17.802030456852776,1.8640869588327516,42.7868020304569,5.881347358138405,42.7868020304569,5.881347358138405,0.09320434794163757,0.07351684197673006,True,15,1,3,3,"fly (3,1)",0.2,-0.018144981743716926,5.68249621515713,5.682525184778118,28.41262592389059,-28.41248107578565,44.948614621938155,10.809121199330734,-8.132591093117489,6.1785037281014645,-3.9054956805203656,-1.117881937198281,0.7811014469422426,3.9055072347112127,1.4857864956362914
2,0.4,600.8051282051282,716.4102564102565,600,677,3,78,17.8051282051282,1.8644113303799161,43.589743589743534,5.9917173319235095,43.589743589743534,5.9917173319235095,0.09322056651899581,0.07489646664904387,True,15,1,3,3,"fly (3,1)",0.2,0.0030977482754224184,-0.8029415592866371,0.8029475348203232,4.014737674101616,4.014707796433186,43.22667606908836,11.289912083260973,-8.609692764248962,5.9418111435173016,0.5518498689255225,-1.1834629229208193,0.11037045043953234,0.5518522521976617,1.5516622362012054
3,0.6,600.8407960199005,716.6965174129353,600,677,3,78,17.840796019900495,1.8681461800942927,43.30348258706465,5.9523687404899865,43.30348258706465,5.9523687404899865,0.09340730900471463,0.07440460925612483,True,15,1,3,3,"fly (3,1)",0.19999999999999996,0.03566781477229597,0.2862610026788843,0.2884745303581428,1.4423726517907143,-1.4313050133944218,43.51372845349389,2.395276022013061,1.4352619220276586,5.981268515944177,-0.19674295716761497,0.19728686213438554,0.03952544433894826,0.19762722169474134,0.3289129485848586
4,0.8,600.8112244897959,716.3520408163265,600,677,3,78,17.811224489795904,1.8650496847953826,43.64795918367349,5.999719475419036,43.64795918367349,5.999719475419036,0.09325248423976913,0.07499649344273795,True,15,1,3,3,"fly (3,1)",0.20000000000000007,-0.029571530104590238,-0.34447659660884256,0.34574354802937096,1.7287177401468543,1.7223829830442121,45.3710046077133,10.246480878948175,9.286380771097056,6.236564207245814,0.23675367464524913,1.2764784565081866,0.04745187437243458,0.23725937186217283,1.4081114036109437
5,1.0,600.7860262008734,710.8384279475982,600,662,3,93,17.78602620087338,1.8624111205103016,49.161572052401766,6.757604405828421,49.161572052401766,6.757604405828421,0.09312055602551508,0.08447005507285527,True,15,1,3,3,"fly (3,1)",0.19999999999999996,-0.025198288922524625,-5.5136128687282735,5.51367044898139,27.568352244906958,27.568064343641375,47.37943278645431,10.045371027554888,10.042140893705023,6.512636809134612,3.7894246520469252,1.380363009443988,0.7578895234551832,3.789447617275917,1.3806208617248297
6,1.2,600.7716894977169,710.6712328767123,600,664,3,90,17.77168949771692,1.8609098950488923,49.32876712328766,6.780586546156379,49.32876712328766,6.780586546156379,0.09304549475244461,0.08475733182695475,True,15,1,3,3,"fly (3,1)",0.19999999999999996,-0.014336703156459407,-0.1671950708858958,0.16780861952216922,0.8390430976108463,0.8359753544294792,48.99677972522981,10.851165981963286,8.086734693877515,6.734952539550489,0.11491070163978992,1.1115786520793847,0.023031119207279876,0.11515559603639941,1.491461154502707
7,1.4,600.7991071428571,711.5,600,664,3,90,17.79910714285711,1.8637808526551949,48.5,6.666666666666667,48.5,6.666666666666667,0.09318904263275975,0.08333333333333333,True,15,1,3,3,"fly (3,1)",0.19999999999999996,0.02741764514018996,0.8287671232876619,0.8292205206744101,4.146102603372052,-4.14383561643831,48.98292237442922,2.6954316956251247,-0.06928675400293709,6.733047749062436,-0.5695993974485615,-0.009523952440265512,0.11395605003916096,0.5697802501958049,0.37038145851631604
8,1.6,600.7822222222222,710.88,600,663,4,92,17.78222222222223,1.8620127981384536,49.120000000000005,6.751890034364262,49.120000000000005,6.751890034364262,0.09310063990692267,0.08439862542955327,True,15,1,3,3,"fly (3,1)",0.20000000000000018,-0.016884920634879563,-0.6200000000000045,0.6202298771784956,3.1011493858924757,3.10000000000002,49.073333333333345,3.2162991718945086,0.4520547945206003,6.745475372279498,0.42611683848797505,0.062138116085306866,0.08524170586334874,0.4262085293167433,0.44200565507271566
9,1.8,600.7644444444444,710.4,600,662,3,93,17.764444444444393,1.8601512507271616,49.60000000000002,6.8178694158075634,49.60000000000002,6.8178694158075634,0.09300756253635808,0.08522336769759455,True,15,1,3,3,"fly (3,1)",0.19999999999999996,-0.0177777777778374,-0.4800000000000182,0.4803291052837998,2.4016455264189993,2.4000000000000914,49.657431192660546,2.921424248062806,2.9204892966360294,6.825763737822755,0.32989690721650705,0.4014418277162926,0.06600563714111965,0.33002818570559833,0.4015164151712513
10,2.0,600.7660550458716,709.7477064220184,600,663,3,90,17.766055045871553,1.860319900091262,50.25229357798162,6.907531763296443,50.25229357798162,6.907531763296443,0.0930159950045631,0.08634414704120554,True,15,1,3,3,"fly (3,1)",0.19999999999999996,0.0016106014271599634,-0.6522935779815953,0.6522955663753883,3.261477831876942,3.261467889907977,47.73704841754094,13.37849262571269,-9.60191387559802,6.561793596912845,0.4483117374443958,-1.319850704549556,0.08966250609828236,0.4483125304914119,1.8388372971925573
11,2.2,600.8851674641148,716.6411483253588,600,676,3,78,17.88516746411483,1.8727924046193538,43.35885167464119,5.959979611634528,43.35885167464119,5.959979611634528,0.0936396202309677,0.07449974514543159,True,15,1,3,3,"fly (3,1)",0.20000000000000018,0.1191124182432759,6.893441903340431,6.894470903768433,34.47235451884213,-34.46720951670213,48.348395935271434,26.038062032978956,3.056737588652472,6.645827619968582,-4.73776075830957,0.4201701152786894,0.9476342350761332,4.7381711753806615,3.578931335468258
12,2.4,600.7659574468086,708.5659574468085,600,658,3,97,17.765957446808557,1.8603096802940897,51.43404255319149,7.069971484974775,51.43404255319149,7.069971484974775,0.09301548401470448,0.08837464356218469,True,15,1,3,3,"fly (3,1)",0.19999999999999973,-0.11921001730627268,-8.075190878550302,8.07607074964355,40.38035374821781,40.37595439275157,48.639135948836575,25.498129980474147,1.4537000678257357,6.685791883001591,5.549959366701243,0.19982131516504906,1.1100620601065383,5.550310300532699,3.5029365353222572
13,2.6,600.875486381323,708.875486381323,600,659,4,98,17.875486381322958,1.871778678672561,51.12451361867704,7.02742455239547,51.12451361867704,7.02742455239547,0.09358893393362805,0.08784280690494337,True,15,1,3,3,"fly (3,1)",0.20000000000000018,0.10952893451440104,0.3095289345144465,0.3283363348725031,1.641681674362514,-1.5476446725722313,51.022228751056446,15.038636656824915,11.915464011099381,7.013364776777518,-0.21273466289652523,1.6378644688796402,0.04406562601068217,0.22032813005341065,2.0650747573381887
14,2.8,600.8211382113822,709.4918699186992,600,659,4,98,17.821138211382163,1.8660877708253574,50.508130081300806,6.9426982929623104,50.508130081300806,6.9426982929623104,0.09330438854126787,0.08678372866202888,True,15,1,3,3,"fly (3,1)",0.19999999999999973,-0.05434816994079483,0.6163835373762367,0.618774909578884,3.0938745478944245,-3.0819176868811877,50.92768340134762,2.649751010457027,-0.4727267485441213,7.000368852418917,-0.42363129716579684,-0.06497962179300537,0.08491716828569104,0.4245858414284558,0.36217524388446326
15,3.0,600.7967479674796,708.849593495935,600,658,3,99,17.796747967479632,1.8635338185842547,51.15040650406502,7.030983711898972,51.15040650406502,7.030983711898972,0.09317669092921274,0.08788729639873714,True,15,1,3,3,"fly (3,1)",0.20000000000000018,-0.02439024390253053,-0.6422764227642119,0.6427393618228291,3.2136968091141425,3.211382113821057,50.32544439851176,5.156948689271362,-3.011195014179293,6.91758685890196,0.44142709468330615,-0.4139099675847824,0.0883223520343046,0.4416117601715226,0.7085804229711469
16,3.2,600.7838983050848,710.6822033898305,600,661,3,96,17.78389830508479,1.8621883041973601,49.31779661016947,6.7790785718446,49.31779661016947,6.7790785718446,0.09310941520986801,0.0847384821480575,True,15,1,3,3,"fly (3,1)",0.20000000000000018,-0.012849662394842198,1.832609893895551,1.8326549421611054,9.163274710805519,-9.163049469477746,50.25032999982678,5.74080816499806,-0.3755719934249144,6.9072618556462935,-1.2595257002718563,-0.051625016278339264,0.2519087334626925,1.2595436673134612,0.7886719337349507
17,3.4,600.8729508196722,709.7172131147541,600,662,4,93,17.872950819672155,1.8715131748347806,50.282786885245855,6.911723283195307,50.282786885245855,6.911723283195307,0.09357565874173904,0.08639654103994134,True,15,1,3,3,"fly (3,1)",0.19999999999999973,0.0890525145873653,-0.9649902750763886,0.969090595014902,4.845452975074517,4.824951375381949,49.91110895274907,4.9609844004065895,-1.6961052353885437,6.860633533023926,0.6632235567535325,-0.23314161311182777,0.1329720747439733,0.6648603737198674,0.6792437308795022
18,3.6,600.7831858407079,709.8672566371681,600,662,3,92,17.783185840707915,1.8621137005976875,50.13274336283189,6.891098744031875,50.13274336283189,6.891098744031875,0.09310568502988438,0.08613873430039844,True,15,1,3,3,"fly (3,1)",0.20000000000000018,-0.08976497896424007,0.15004352241396646,0.17484510306794673,0.8742255153397329,-0.7502176120698316,49.350128339954004,6.070198822442047,-2.804903063975344,6.783522795869966,-0.10312269581715929,-0.38555368576980653,0.02266543032103542,0.113327151605177,0.8316890351173463
19,3.8,600.8215767634855,712.3651452282157,600,662,3,95,17.821576763485496,1.8661336925115701,47.63485477178426,6.547746360382717,47.63485477178426,6.547746360382717,0.0933066846255785,0.08184682950478396,True,15,1,3,3,"fly (3,1)",0.19999999999999973,0.03839092277758027,2.4978885910476265,2.498183595382375,12.490917976911891,-12.489442955238149,48.911603749790096,6.676600041047742,-2.1926229508195254,6.7232445016893605,-1.7167619182457927,-0.3013914709030269,0.3433759160053983,1.7168795800269938,0.9153818269795098
20,4.0,600.860655737705,711.0327868852459,600,662,3,93,17.860655737704974,1.870225731696856,48.967213114754145,6.730888400653491,48.967213114754145,6.730888400653491,0.0935112865848428,0.08413610500816864,True,15,1,3,3,"fly (3,1)",0.20000000000000018,0.03907897421947837,-1.3323583429698829,1.3329313261783216,6.664656630891602,6.661791714849408,48.77309366709752,7.636702313360929,-0.6925504134629157,6.704205315064951,0.9157102013538713,-0.09519593312205021,0.18318774986127176,0.915938749306358,1.0495479571770108
21,4.2,600.8237704918033,710.2827868852459,600,659,3,96,17.823770491803316,1.8663634022830697,49.717213114754145,6.833981184158645,49.717213114754145,6.833981184158645,0.09331817011415348,0.08542476480198306,True,15,1,3,3,"fly (3,1)",0.20000000000000018,-0.03688524590165798,-0.75,0.7509064664558601,3.754532332279297,3.749999999999997,49.529086745868504,3.783346062884655,3.7799653938549187,6.80812188946646,0.5154639175257709,0.5195828720075494,0.10316510843953593,0.5158255421976792,0.5198526223238049
22,4.4,600.8380566801619,710.0971659919028,600,659,3,96,17.838056680161912,1.8678593382368496,49.902834008097216,6.8594960835872465,49.902834008097216,6.8594960835872465,0.09339296691184247,0.08574370104484058,True,15,1,3,3,"fly (3,1)",0.20000000000000018,0.014286188358596519,-0.18562089334307075,0.1861698450966132,0.9308492254830651,0.928104466715353,49.8036769098029,1.749725633224643,1.3729508196720008,6.845866241897306,0.12757449714300584,0.18872176215422667,0.025558715093475348,0.12779357546737663,0.2402850904793301
23,4.6,600.8237704918033,710.2090163934427,600,659,3,96,17.823770491803316,1.8663634022830697,49.79098360655735,6.844121457946027,49.79098360655735,6.844121457946027,0.09331817011415348,0.08555151822432534,True,15,1,3,3,"fly (3,1)",0.1999999999999993,-0.014286188358596519,0.11185040153986847,0.11275906838231287,0.5637953419115663,-0.5592520076993444,50.58648489343053,4.291003658268973,3.9140399181381196,6.953468713873612,-0.07687312820609665,0.538012359881528,0.015447230754586675,0.07723615377293365,0.5895907406264062
24,4.8,600.8918918918919,707.934362934363,600,656,4,99,17.891891891891873,1.8734965331823952,52.06563706563702,7.1567886000875625,52.06563706563702,7.1567886000875625,0.09367482665911976,0.08945985750109453,True,15,1,3,3,"fly (3,1)",0.20000000000000018,0.0681214000885575,-2.2746534590796728,2.2756732814824594,11.378366407412287,11.373267295398353,51.30943959513396,4.015860185458284,3.614773508517141,7.052843930602606,1.5633357107076749,0.4968760836449668,0.31274849852778175,1.5637424926389074,0.5507807855703389
25,5.0,600.8716981132076,707.9283018867925,600,655,4,102,17.87169811320757,1.8713820013829918,52.0716981132075,7.157621733774227,52.0716981132075,7.157621733774227,0.09356910006914959,0.08947027167217785,True,15,1,3,3,"fly (3,1)",0.20000000000000018,-0.020193778684301833,-0.006061047570483424,0.0210837614101997,0.1054188070509984,0.030305237852417094,52.95125102976408,8.23649283110763,8.209057173150608,7.278522478318087,0.004165668433322441,1.1283927385774037,0.0022727420598350223,0.0113637102991751,1.130983367225216
26,5.2,600.8246268656717,705.2835820895523,600,650,4,106,17.82462686567169,1.866453074939444,54.71641791044772,7.52115710109247,54.71641791044772,7.52115710109247,0.0933226537469722,0.09401446376365587,True,15,1,3,3,"fly (3,1)",0.20000000000000018,-0.04707124753588232,-2.6447197972402137,2.645138655771924,13.225693278859609,13.223598986201056,52.093283853615084,13.152075876796724,-4.289835880744966,7.1605888458577445,1.817676836591214,-0.5896681623017126,0.3635687797475133,1.8178438987375647,1.8067301670206202
27,5.4,600.8842975206611,710.50826446281,600,662,4,93,17.884297520661107,1.8727013110639903,49.49173553719004,6.802987702706535,49.49173553719004,6.802987702706535,0.09363506555319952,0.08503734628383168,True,15,1,3,3,"fly (3,1)",0.20000000000000018,0.059670654989417926,5.224682373257679,5.225023108895917,26.125115544479563,-26.123411866288368,47.451737423722385,32.02873019491039,-23.20773214946358,6.522575590889674,-3.590846991929674,-3.1900662748403543,0.7181965784050245,3.5909828920251194,4.402270856297012
28,5.6,601.1176470588235,721.8529411764706,600,700,4,44,18.117647058823536,1.8971358176778572,38.14705882352939,5.24358196887002,38.14705882352939,5.24358196887002,0.09485679088389286,0.06554477461087524,True,15,1,3,3,"fly (3,1)",0.1999999999999993,0.23334953816242887,11.344676713660647,11.347076352278359,56.735381761392,-56.72338356830343,41.999190995557875,27.992795519413136,-27.262732140822607,5.773084672928917,-7.797028669182603,-3.7474545898037963,1.5595971556256645,7.79798577812835,3.8464212750278706
29,5.8,601.0458015267176,721.6412213740458,600,700,4,44,18.045801526717582,1.8896127253107415,38.35877862595419,5.272684347210197,38.35877862595419,5.272684347210197,0.09448063626553709,0.06590855434012748,True,15,1,3,3,"fly (3,1)",0.20000000000000018,-0.07184553210595368,-0.2117198024247955,0.22357785047357007,1.1178892523678494,1.0585990121239766,40.12753823355615,28.48615759044601,-9.358263810008678,5.515812815609093,0.14551189170088893,-1.286359286599132,0.030059030986028225,0.15029515493014098,3.9139777154334667
30,6.0,600.8625592417062,716.1232227488151,600,676,4,81,17.862559241706208,1.870425051487561,43.876777251184876,6.031172130747062,43.876777251184876,6.031172130747062,0.09352125257437806,0.07538965163433828,True,15,1,3,3,"fly (3,1)",0.20000000000000018,-0.1832422850113744,-5.517998625230689,5.521040351515642,27.605201757578183,27.58999312615342,43.98118529237968,19.293098543899166,19.268235294117613,6.045523751529853,3.7924389176843185,2.648554679603795,0.7587304426483823,3.793652213241908,2.650555948897519
31,6.2,600.848,710.292,600,660,4,97,17.847999999999956,1.8689005235602048,49.70799999999997,6.832714776632298,49.70799999999997,6.832714776632298,0.09344502617801025,0.08540893470790373,True,15,1,3,3,"fly (3,1)",0.20000000000000018,-0.014559241706251669,-5.831222748815094,5.831240924350299,29.156204621751467,29.156113744075444,46.39821424067895,25.751093440986736,12.08514474149637,6.377761407653463,4.007713229426178,1.6611882806180576,0.801544095704102,4.007720478520507,3.5393519409291443
32,6.4,600.8923766816143,714.390134529148,600,672,4,84,17.892376681614337,1.873547296504119,45.609865470852014,6.269397315581033,45.609865470852014,6.269397315581033,0.09367736482520596,0.07836746644476292,True,15,1,3,3,"fly (3,1)",0.20000000000000018,0.044376681614380686,4.098134529147956,4.098374788726116,20.491873943630562,-20.49067264573976,48.83200104089129,25.830396189249466,12.168934001061713,6.712302548576122,-2.8165873052563235,1.6727057046132934,0.5633366262050037,2.816683131025016,3.550511440759623
33,6.6,600.82995951417,708.8218623481781,600,659,4,97,17.829959514170014,1.8670114674523575,51.178137651821885,7.0347955535150355,51.178137651821885,7.0347955535150355,0.09335057337261787,0.08793494441893794,True,15,1,3,3,"fly (3,1)",0.1999999999999993,-0.06241716744432324,-5.5682721809698705,5.568622000473253,27.843110002366362,27.841360904849452,48.54777409053668,19.98344544763253,-1.42113475177302,6.673233551963804,3.8269911896700264,-0.19534498306158307,0.7654261425466664,3.8271307127333456,2.7467843924609148
34,6.8,600.795744680851,711.1446808510639,600,661,4,95,17.795744680851044,1.8634287623927794,48.85531914893613,6.715507786795345,48.85531914893613,6.715507786795345,0.09317143811963897,0.08394384733494181,True,15,1,3,3,"fly (3,1)",0.20000000000000018,-0.034214833318969795,2.3228185028857524,2.3230704793801356,11.615352396900667,-11.614092514428751,52.61721287297996,28.091044042122874,20.34719391221645,7.232606580478346,-1.5964388335984512,2.7968651425727074,0.3193078667248764,1.5965393336243805,3.8612471818936327
35,7.0,600.76,702.1818181818181,600,641,3,114,17.75999999999999,1.8596858638743445,57.81818181818187,7.9475164011246555,57.81818181818187,7.9475164011246555,0.09298429319371723,0.0993439550140582,True,15,1,3,3,"fly (3,1)",0.20000000000000018,-0.03574468085105309,-8.962862669245737,8.962933945420327,44.814669727101595,44.814313346228644,51.97692079263546,33.07970029523734,-3.201460401722516,7.144593923386317,6.160043071646547,-0.4400632854601394,1.232014299864635,6.16007149932317,4.5469206775261535
36,7.2,600.8838174273859,710.7427385892116,600,662,4,91,17.883817427385907,1.872651039516849,49.257261410788374,6.770757582238952,49.257261410788374,6.770757582238952,0.09363255197584244,0.0846344697779869,True,15,1,3,3,"fly (3,1)",0.20000000000000018,0.12381742738591583,8.560920407393496,8.561815752341959,42.809078761709756,-42.804602036967445,52.10238351534781,29.253956109582557,0.627313613561757,7.161839658467052,-5.883794094428513,0.08622867540367718,1.176830239926183,5.884151199630909,4.020874863746314
37,7.4,600.8943089430894,710.7682926829268,600,662,4,92,17.894308943089413,1.8737496275486296,49.23170731707319,6.7672449920375515,49.23170731707319,6.7672449920375515,0.09368748137743148,0.08459056240046939,True,15,1,3,3,"fly (3,1)",0.20000000000000018,0.010491515703506593,0.025554093715186355,0.027623967987265192,0.13811983993632584,-0.12777046857593166,49.52611014332975,15.747757174530499,-12.881366860090282,6.807712734478316,-0.01756295100700188,-1.7706346199436815,0.003680378456972275,0.01840189228486136,2.1642095937358468
38,7.6,600.8425531914894,709.9106382978723,600,662,3,91,17.8425531914894,1.868330177119309,50.08936170212769,6.885135629158445,50.08936170212769,6.885135629158445,0.09341650885596545,0.08606419536448057,True,15,1,3,3,"fly (3,1)",0.1999999999999993,-0.051755751600012445,-0.8576543850545022,0.8592145843890794,4.296072921945412,4.288271925272526,49.459482022793736,3.1980726624530624,-0.33314060268006135,6.798554229937284,0.5894531856044715,-0.04579252270516376,0.11801513785835334,0.5900756892917688,0.43925117249393925
39,7.8,600.8360655737705,710.9426229508197,600,661,3,95,17.836065573770497,1.8676508454209946,49.05737704918033,6.743282068615853,49.05737704918033,6.743282068615853,0.09338254227104972,0.08429102585769817,True,15,1,3,3,"fly (3,1)",0.20000000000000018,-0.006487617718903493,1.031984652947358,1.0320050450954905,5.160025225477448,-5.159923264736785,49.27894046531204,3.7643999585834362,-0.9027077874084836,6.773737521005091,-0.70926780271296,-0.1240835446609601,0.14185518718103748,0.7092759359051868,0.5172792919184177
40,8.0,600.8264462809917,711.3099173553719,600,661,3,95,17.826446280991718,1.8666435896326405,48.69008264462809,6.692794865240975,48.69008264462809,6.692794865240975,0.09333217948163203,0.08365993581551219,True,15,1,3,3,"fly (3,1)",0.20000000000000018,-0.009619292778779709,0.36729440455223994,0.3674203456654903,1.83710172832745,-1.8364720227611981,48.792570598216265,2.4325116083700835,-2.4318493354788453,6.706882556455845,-0.2524360168743909,-0.33427482274623305,0.05049725011165942,0.2524862505582969,0.33432768116027695
41,8.2,600.8319327731092,711.3697478991596,600,662,3,93,17.8319327731092,1.8672180914250474,48.63025210084038,6.684570735510706,48.63025210084038,6.684570735510706,0.09336090457125236,0.08355713419388382,True,15,1,3,3,"fly (3,1)",0.1999999999999993,0.0054864921174839765,0.059830543787711576,0.060081574261070136,0.30040787130535174,-0.29915271893855894,48.81528591934026,1.537994908215745,0.11357660561998095,6.710004937366359,-0.04112064865134727,0.015611904552573996,0.008244171403469246,0.041220857017346374,0.21136970138269826
42,8.4,600.836820083682,710.8744769874477,600,662,3,93,17.836820083682028,1.8677298516944532,49.12552301255232,6.752649211347398,49.12552301255232,6.752649211347398,0.09338649258472266,0.08440811514184247,True,15,1,3,3,"fly (3,1)",0.20000000000000107,0.004887310572826209,-0.49527091171194115,0.4952950250028892,2.476475125014433,2.4763545585596924,48.85811350474554,1.437245617562918,0.21413792702635756,6.715891890686673,0.34039237918346105,0.02943476660155957,0.06808039931449049,0.3404019965724506,0.19753184429863688
43,8.6,600.8396624472574,711.1814345991561,600,662,3,92,17.83966244725741,1.8680274813882105,48.81856540084391,6.7104557252019115,48.81856540084391,6.7104557252019115,0.09340137406941053,0.0838806965650239,True,15,1,3,3,"fly (3,1)",0.1999999999999993,0.0028423635753824783,0.3069576117084125,0.3069707712737928,1.5348538563689695,-1.5347880585420681,49.21202384525304,2.7929587321139677,1.7695517025375198,6.764539360172239,-0.21096743072743415,0.24323734742783598,0.04219453586122239,0.21097267930611271,0.3838994508326859
44,8.8,600.8270042194093,710.3080168776371,600,662,3,93,17.827004219409332,1.866702012503595,49.6919831223629,6.8305131439674085,49.6919831223629,6.8305131439674085,0.09333510062517975,0.0853814142995926,True,15,1,3,3,"fly (3,1)",0.20000000000000107,-0.01265822784807824,-0.8734177215189902,0.8735094429917047,4.367547214958501,4.367088607594928,49.640690385650565,3.167019300325581,2.1433327019875956,6.8234625959657125,0.6002870938274819,0.29461617896736597,0.12006473532389934,0.6003236766194935,0.4353005842816051
45,9.0,600.843621399177,709.5884773662551,600,661,3,94,17.843621399176982,1.8684420313274326,50.41152263374488,6.929418918727818,50.41152263374488,6.929418918727818,0.09342210156637164,0.08661773648409773,True,15,1,3,3,"fly (3,1)",0.1999999999999993,0.01661717976764976,-0.7195395113819814,0.7197313659298522,3.598656829649274,3.5976975569099197,50.00242381549477,3.5017388357715493,1.8086671492210329,6.87318540419172,0.494528873802051,0.24861404113003846,0.09892107938384131,0.49460539691920835,0.48130702828327254
46,9.2,600.836820083682,710.0962343096235,600,662,3,93,17.836820083682028,1.8677298516944532,49.90376569037653,6.859624149879935,49.90376569037653,6.859624149879935,0.09338649258472266,0.0857453018734992,True,15,1,3,3,"fly (3,1)",0.1999999999999993,-0.006801315494953997,0.5077569433683493,0.5078024925413728,2.539012462706873,-2.5387847168417554,44.438429441373806,30.220145260554407,-27.819971870604675,6.108375180944852,-0.34897384423941646,-3.8240511162343207,0.06979840226222271,0.3489920113111148,4.15387330572177
47,9.4,601.0,727.0,600,702,3,51,18.0,1.8848167539267016,33.0,4.536082474226804,33.0,4.536082474226804,0.09424083769633508,0.05670103092783505,True,15,1,3,3,"fly (3,1)",0.20000000000000107,0.16317991631797213,16.90376569037653,16.904553297861504,84.52276648930707,-84.5188284518822,41.451882845188265,43.530889476006976,-43.52880658436197,5.697853312053368,-11.617708378265595,-5.983341111252507,2.3236045017870093,11.618022508934985,5.98350726012305
0,0.0,950.7061611374407,724.6255924170616,941,719,20,13,144.70616113744074,15.814880998627403,32.374407582938375,4.412185019821243,32.374407582938375,4.412185019821243,0.7907440499313702,0.055152312747765546,True,16,1,4,4,"fly (4,1)",,,,,,,32.19170829597368,23.461121742145917,-0.9134964348234575,4.387285628071371,,-0.12449695874936273,,,2.565135617756913
1,0.2,941.3288288288288,724.990990990991,931,719,21,13,135.32882882882882,14.79003593757692,32.00900900900899,4.362386236321498,32.00900900900899,4.362386236321498,0.739501796878846,0.05452982795401873,True,16,1,4,4,"fly (4,1)",0.2,-9.377332308611926,0.365398573929383,9.384448696858367,46.92224348429183,-1.826992869646915,31.953563106406705,16.653334955542807,-1.495224759442711,4.354829724893588,-0.24899391749872546,-0.20377850213869989,1.0260542471027652,5.130271235513826,1.8422031015185893
2,0.4,941.6227272727273,725.5227272727273,931,720,22,13,135.62272727272727,14.822155986090413,31.477272727272748,4.289917918538023,31.477272727272748,4.289917918538023,0.7411077993045206,0.0536239739817253,True,16,1,4,4,"fly (4,1)",0.2,0.2938984438984562,0.5317362817362437,0.6075522764673176,3.037761382336588,-2.6586814086812183,31.08209391209391,19.559587516587197,-4.357345971563974,4.236060499092866,-0.3623415889173742,-0.593846129003608,0.0792676138083885,0.39633806904194246,2.2361489700631583
3,0.6,941.3199999999999,727.24,931,721,22,14,135.31999999999994,14.78907103825136,29.75999999999999,4.055877342419079,29.75999999999999,4.055877342419079,0.739453551912568,0.05069846678023848,True,16,1,4,4,"fly (4,1)",0.19999999999999996,-0.30272727272733846,1.717272727272757,1.7437515366266334,8.71875768313317,-8.586363636363787,25.481953894775984,17.12784191523972,-9.811436282908659,3.4728386909405082,-1.1702028805947242,-1.3371633775684721,0.23636752112674136,1.181837605633707,2.051743823473975
7,1.4,969.4846625766871,741.7914110429448,965,731,9,23,163.48466257668713,17.867176237889304,15.208588957055213,2.072720811864424,15.208588957055213,2.072720811864424,0.8933588118944652,0.025909010148305302,True,16,1,4,4,"fly (4,1)",0.7999999999999999,28.164662576687192,14.551411042944778,31.701605344199518,39.6270066802494,-18.189263803680973,19.65779121535013,20.048913053120128,-10.931549593448294,2.679085685226594,-2.4789456631933184,-1.489819365376258,3.6616446365970203,4.577055795746276,2.379531269437287
8,1.6,967.4545454545455,742.9952153110048,962,733,12,22,161.4545454545455,17.64530551415798,14.004784688995187,1.9086589013962776,14.004784688995187,1.9086589013962776,0.8822652757078989,0.02385823626745347,True,16,1,4,4,"fly (4,1)",0.20000000000000018,-2.0301171221416325,1.2038042680600256,2.3601949591955655,11.800974795977817,-6.019021340300123,93.48138095893988,96.23560000052582,71.00589979926431,12.740222277197939,-0.8203095523407314,9.67712433380093,0.27594008138637616,1.3797004069318795,12.764005003961325
13,2.6,972.4615384615385,505.7692307692308,972,503,2,7,166.46153846153845,18.192517864649012,251.23076923076923,34.23928711833312,251.23076923076923,34.23928711833312,0.9096258932324506,0.42799108897916394,True,16,1,4,4,"fly (4,1)",1.0,5.006993006992957,-237.22598454177404,237.27881852535023,237.27881852535023,237.22598454177404,132.6177769598822,124.53989666066403,115.60348160073696,18.073973009864698,32.33062821693684,15.755159332298053,32.33525880920582,32.33525880920582,16.85747960806885
0,0.0,971.45,683.875,969,679,5,11,165.45000000000005,18.08196721311476,73.125,9.965928449744464,73.125,9.965928449744464,0.9040983606557379,0.12457410562180579,True,17,2,4,4,"fly (4,2)",,,,,,,39.64186507936506,83.70946997685404,-83.70783730158735,5.402639193099157,,-11.408223141613266,,,11.408366230943729
2,0.4,971.031746031746,750.8412698412699,968,745,6,13,165.03174603174602,18.036256396912133,6.158730158730123,0.8393499364538498,6.158730158730123,0.8393499364538498,0.9018128198456067,0.010491874205673123,True,17,2,4,4,"fly (4,2)",0.4,-0.41825396825402095,66.96626984126988,66.96757598148324,167.41893995370808,-167.4156746031747,30.94681039655264,69.86901371730546,-43.47527341406211,4.217623222698827,-22.816446283226533,-5.925079852001649,9.126692984754984,22.816732461887458,9.441328797462067
3,0.6,966.9742268041236,743.4432989690722,960,735,14,19,160.97422680412365,17.59281167258182,13.556701030927798,1.8475912818981666,13.556701030927798,1.8475912818981666,0.8796405836290909,0.023094891023727082,True,17,2,4,4,"fly (4,2)",0.19999999999999996,-4.057519227622379,-7.397970872197675,8.437620239641657,42.188101198208294,36.98985436098838,18.893498897280438,110.62793220874676,-4.461332628636124,2.574923188726465,5.041206727221584,-0.6080180754529643,1.101450786099748,5.507253930498742,14.912508163547619
4,0.8,959.8951965065502,720.0349344978166,952,710,17,21,153.89519650655018,16.81914715918581,36.96506550218339,5.037828347827379,36.96506550218339,5.037828347827379,0.8409573579592906,0.06297285434784224,True,17,2,4,4,"fly (4,2)",0.20000000000000007,-7.079030297573468,-23.408364471255595,24.455351094864785,122.27675547432388,117.04182235627793,36.16679967058121,90.95197751125647,86.36650386650388,4.929035730232534,15.951185329646055,11.77056270753034,3.282707619651332,16.413538098256655,12.177650175920029
5,1.0,954.5683760683761,699.0213675213676,947,689,16,21,148.5683760683761,16.236980991079356,57.97863247863245,7.9016875609720545,57.97863247863245,7.9016875609720545,0.8118490495539677,0.09877109451215067,True,17,2,4,4,"fly (4,2)",0.19999999999999996,-5.326820438174082,-21.013566976449056,21.678215172247448,108.39107586123727,105.06783488224531,60.50206599360528,126.03145535962852,121.67633161512033,8.245596728259663,14.319296065723382,16.582804990135653,2.9224316998009368,14.612158499004687,16.96694103526313
6,1.2,947.3333333333334,670.4375,940,660,16,22,141.33333333333337,15.44626593806922,86.5625,11.797274275979557,86.5625,11.797274275979557,0.7723132969034611,0.14746592844974446,True,17,2,4,4,"fly (4,2)",0.19999999999999996,-7.235042735042725,-28.58386752136755,29.485306948664878,147.42653474332442,142.9193376068378,85.73908194631876,132.6611592167051,126.18507976356743,11.68505375759029,19.477933575037518,17.19728514665314,3.975025301705609,19.875126508528048,17.771195559596013
7,1.4,936.085020242915,644.3238866396762,929,634,16,22,130.085020242915,14.216942103050819,112.67611336032382,15.35619943581926,112.67611336032382,15.35619943581926,0.7108471051525409,0.19195249294774075,True,17,2,4,4,"fly (4,2)",0.19999999999999996,-11.248313090418378,-26.113613360323825,28.43317340911071,142.1658670455536,130.56806680161915,111.5191929591884,137.508055667834,128.90055506434825,15.198527149463496,17.794625799198517,17.56736695936603,3.7652603342510598,18.826301671255305,18.331659188982265
8,1.6,926.5043103448276,621.6810344827586,920,612,14,21,120.50431034482756,13.169869983041263,135.3189655172414,18.442107736591673,135.3189655172414,18.442107736591673,0.6584934991520631,0.2305263467073959,True,17,2,4,4,"fly (4,2)",0.20000000000000018,-9.580709898087434,-22.64285215691757,24.58635304292479,122.93176521462385,113.21426078458775,135.08638271387818,125.3281619651439,117.83594877344889,18.41040990989822,15.429541503862051,16.059413802173616,3.2587098774326915,16.29354938716344,16.72529877957688
9,1.8,923.3030303030303,599.7359307359307,917,589,13,23,117.30303030303025,12.820003311806586,157.26406926406935,21.432922557283728,157.26406926406935,21.432922557283728,0.6410001655903292,0.2679115319660466,True,17,2,4,4,"fly (4,2)",0.19999999999999996,-3.201280041797304,-21.945103746827954,22.177370727050853,110.88685363525428,109.7255187341398,155.52345885115423,106.15957246967122,102.18538068638014,21.195701376647936,14.954074103460279,13.926457333748573,3.0112090560623788,15.056045280311897,14.279008996178844
10,2.0,925.9535864978903,583.0126582278481,920,573,13,22,119.95358649789034,13.10968158446889,173.98734177215192,23.712073836068406,173.98734177215192,23.712073836068406,0.6554840792234445,0.2964009229508551,True,17,2,4,4,"fly (4,2)",0.19999999999999996,2.650556194860087,-16.723272508082573,16.932019711827103,84.66009855913553,83.61636254041288,176.53240180958156,111.88404223874163,105.0447147921367,24.058930399942977,11.39575639392339,14.31614511647519,2.2974864642122372,11.487432321061188,14.92875611018205
11,2.2,912.1028037383178,558.6542056074766,906,549,14,21,106.10280373831779,11.59593483478883,198.34579439252343,27.03179480647679,198.34579439252343,27.03179480647679,0.5797967417394415,0.3378974350809599,True,17,2,4,4,"fly (4,2)",0.20000000000000018,-13.850782759572553,-24.35845262037151,28.02103490436704,140.10517452183507,121.79226310185743,197.40232264679207,112.41741289302588,104.34960418605253,26.90321262647933,16.598604852041902,14.221411132681778,3.648558145834615,18.24279072917306,14.94272914383698
12,2.4,905.5700934579439,537.1261682242991,900,527,12,21,99.57009345794393,10.881977427097697,219.87383177570086,29.965769236892793,219.87383177570086,29.965769236892793,0.5440988713548849,0.3745721154611599,True,17,2,4,4,"fly (4,2)",0.19999999999999973,-6.532710280373863,-21.528037383177434,22.497393119621382,112.48696559810706,107.64018691588731,218.85514018691592,115.1523653019196,107.26408770061916,29.82693563024408,14.66987215208004,14.618615018823732,3.019592876255334,15.09796438127669,15.324145764331908
13,2.6,903.6355140186915,518.6542056074766,898,509,13,21,97.63551401869154,10.670547980184867,238.34579439252343,32.483242847362646,238.34579439252343,32.483242847362646,0.5335273990092434,0.4060405355920331,True,17,2,4,4,"fly (4,2)",0.20000000000000018,-1.9345794392523885,-18.471962616822566,18.57299115716336,92.86495578581672,92.35981308411274,240.91228918251156,112.39383291473693,110.28574497797827,32.83302067223326,12.587368052349255,15.030425209945925,2.526336436509196,12.631682182545969,15.216337082402353
14,2.8,906.8318965517242,492.48275862068965,901,482,13,22,100.83189655172418,11.01987940456002,264.51724137931035,36.05004993244434,264.51724137931035,36.05004993244434,0.550993970228001,0.45062562415555424,True,17,2,4,4,"fly (4,2)",0.19999999999999973,3.196382533032647,-26.17144698678692,26.36591547205737,131.82957736028703,130.85723493393476,263.55582673875944,113.81149071283467,113.21768778123935,35.91902238347658,17.834035425408484,15.430008556216604,3.583872936676875,17.919364683384398,15.482105844177779
15,3.0,908.5155555555556,469.19555555555553,903,459,13,22,102.51555555555558,11.203885853066183,287.80444444444447,39.223774370622756,287.80444444444447,39.223774370622756,0.5601942926533092,0.49029717963278446,True,17,2,4,4,"fly (4,2)",0.20000000000000018,1.6836590038313943,-23.287203065134122,23.347987798480077,116.73993899240028,116.43601532567051,289.8525116267862,132.049769372851,131.48342444013392,39.50289766634225,15.868622190892076,17.91937641432831,3.179054133320596,15.895270666602967,17.969059230566103
16,3.2,906.2830188679245,439.7641509433962,901,430,12,22,100.28301886792451,10.959892772450766,317.2358490566038,43.234868695959634,317.2358490566038,43.234868695959634,0.5479946386225383,0.5404358586994954,True,17,2,4,4,"fly (4,2)",0.20000000000000018,-2.232536687631068,-29.431404612159326,29.51595835317315,147.57979176586562,147.1570230607965,318.7933053808526,145.26101317315184,144.7039687703318,43.44712850164941,20.05547162668437,19.721154176535844,4.0185084683421906,20.092542341710935,19.77001157324536
17,3.4,902.688679245283,405.66037735849056,897,395,12,22,96.68867924528297,10.56706876997628,351.33962264150944,47.882742438365845,351.33962264150944,47.882742438365845,0.528353438498814,0.5985342804795731,True,17,2,4,4,"fly (4,2)",0.19999999999999973,-3.5943396226415416,-34.10377358490564,34.292661752237876,171.4633087611896,170.51886792452842,348.2245341797449,147.64564396679592,147.15614399446167,47.45819886606404,23.23936871203109,20.05535182207314,4.664444342284427,23.322221711422166,20.098285879154655
18,3.6,901.6869158878504,380.9018691588785,896,371,12,22,95.68691588785043,10.457586435830649,376.0981308411215,51.25698546386664,376.0981308411215,51.25698546386664,0.5228793217915324,0.640712318298333,True,17,2,4,4,"fly (4,2)",0.20000000000000018,-1.0017633574325373,-24.758508199612038,24.778766274666523,123.8938313733325,123.79254099806008,378.06376932833354,149.61740170376044,149.19617574294315,51.52487486587169,16.871215127503966,20.333379999038254,3.376018716866176,16.880093584330865,20.370325766249042
19,3.8,903.3222748815166,350.24644549763036,898,340,12,22,97.32227488151659,10.636314194701267,406.75355450236964,55.43489669538258,406.75355450236964,55.43489669538258,0.5318157097350633,0.6929362086922822,True,17,2,4,4,"fly (4,2)",0.19999999999999973,1.6353589936661592,-30.655423661248165,30.699012995351797,153.49506497675918,153.27711830624102,405.96585230104137,139.79738060687805,139.51041486353932,55.32754375482676,20.889556157579705,19.0133444447754,4.181732400598813,20.90866200299409,19.03850716143693
20,4.0,900.8440366972477,321.95412844036696,895,311,13,23,94.8440366972477,10.365468491502481,435.04587155963304,59.290749105231086,435.04587155963304,59.290749105231086,0.518273424575124,0.7411343638153884,True,17,2,4,4,"fly (4,2)",0.20000000000000018,-2.478238184268889,-28.292317057263404,28.400649094108502,142.0032454705424,141.4615852863169,434.58617232369784,143.5707477761782,143.10160011328233,59.228098442752696,19.27926204924253,19.502773439629625,3.865353179397169,19.326765896985826,19.54391848914533
21,4.2,898.2,295.0409090909091,892,285,13,22,92.20000000000005,10.076502732240442,461.9590909090909,62.95864952764442,461.9590909090909,62.95864952764442,0.5038251366120221,0.7869831190955552,True,17,2,4,4,"fly (4,2)",0.20000000000000018,-2.6440366972476568,-26.913219349457847,27.042786576246623,135.213932881233,134.56609674728912,461.8807239236832,136.9418974214567,136.47275799992642,62.94796918891765,18.339502112066643,18.59935373082472,3.679265513491217,18.39632756745607,18.640498298048744
22,4.4,896.6744186046511,268.3627906976744,891,258,13,22,90.67441860465112,9.909772525098484,488.6372093023256,66.59450893387742,488.6372093023256,66.59450893387742,0.4954886262549242,0.8324313616734678,True,17,2,4,4,"fly (4,2)",0.20000000000000018,-1.5255813953489223,-26.678118393234683,26.72170278251896,133.60851391259467,133.3905919661733,488.6902396053559,134.3366541346196,134.04757840836365,66.60173623241648,18.179297031164996,18.26883521749416,3.6396802859408686,18.198401429704326,18.29418808650048
23,4.6,896.5488372093023,241.52558139534884,891,231,12,23,90.54883720930229,9.896047782437408,515.4744186046512,70.25205023572758,515.4744186046512,70.25205023572758,0.49480238912187047,0.8781506279465948,True,17,2,4,4,"fly (4,2)",0.1999999999999993,-0.1255813953488314,-26.83720930232559,26.837503122006133,134.18751561003114,134.18604651162858,515.5051279251738,134.97444457260556,134.07444159908962,70.25623549235759,18.28770650925086,18.272496299705566,3.6575670524681936,18.287835262341034,18.351610536424776
24,4.8,901.7417840375587,214.5962441314554,896,204,13,23,95.74178403755866,10.463582954924444,542.4037558685446,73.92214730746775,542.4037558685446,73.92214730746775,0.5231791477462222,0.9240268413433469,True,17,2,4,4,"fly (4,2)",0.20000000000000018,5.1929468282563676,-26.929337263893444,27.4254608390382,137.12730419519087,134.6466863194671,540.446812874713,126.62100339657343,124.70842474769644,73.65544298122154,18.350485358700848,16.996037444319764,3.713718983445797,18.568594917228967,17.164407261660177
25,5.0,907.0188679245283,193.53773584905662,901,183,13,23,101.01886792452831,11.040313434374678,563.4622641509434,76.79213140046927,563.4622641509434,76.79213140046927,0.5520156717187339,0.9599016425058661,True,17,2,4,4,"fly (4,2)",0.20000000000000018,5.277083886969649,-21.058508282398776,21.709638076899683,108.54819038449831,105.29254141199364,563.0452276469455,116.75377392618445,112.99207386116173,76.73529507965185,14.349920465007587,15.399260492151521,2.927358321082107,14.636791605410522,15.731252887967349
26,5.2,913.7415730337078,173.73033707865167,909,170,12,10,107.74157303370782,11.775035304230363,583.2696629213483,79.4916065310185,583.2696629213483,79.4916065310185,0.5887517652115182,0.9936450816377314,True,17,2,4,4,"fly (4,2)",0.20000000000000018,6.722705109179515,-19.807398770404944,20.917165439772848,104.58582719886415,99.0369938520245,577.4243035596164,76.29599595687247,68.65063572734152,78.69496470999881,13.497375652746145,9.356134341034613,2.797674428252513,13.988372141262552,10.11732307585732
33,6.6,891.8032786885246,171.45901639344262,884,170,17,5,85.80327868852464,9.377407506942584,585.5409836065573,79.80115619850866,585.5409836065573,79.80115619850866,0.4688703753471292,0.9975144524813584,True,17,2,4,4,"fly (4,2)",1.3999999999999995,-21.93829434518318,-2.271320685209048,22.055558402156922,15.753970287254951,1.6223719180064635,584.3841043981907,59.77614843598413,31.554260356859228,79.64348952615889,0.22110690535011412,4.300410270100087,2.417527673258429,1.7268054808988786,7.393495811283732
34,6.8,880.0666666666666,172.65833333333333,870,170,20,8,74.0666666666666,8.094717668488153,584.3416666666667,79.63770584894947,584.3416666666667,79.63770584894947,0.4047358834244077,0.9954713231118683,True,17,2,4,4,"fly (4,2)",0.20000000000000018,-11.736612021858036,1.199316939890707,11.79772956436667,58.9886478218333,-5.996584699453246,585.2016241651487,52.57488708169533,0.842854998776852,79.7549061894581,-0.8172517477959921,0.11486950579581712,1.2930619623379531,6.46530981168976,5.759530128211399
35,7.0,863.5277777777778,171.27777777777777,859,170,11,4,57.52777777777783,6.28718882817244,585.7222222222222,79.82585652091613,585.7222222222222,79.82585652091613,0.314359441408622,0.9978232065114517,True,17,2,4,4,"fly (4,2)",0.20000000000000018,-16.538888888888778,-1.38055555555556,16.596408627199562,82.98204313599774,6.902777777777367,585.0319444444444,70.98534547891552,0.4530965391620463,79.73178118493281,0.9407533598333364,0.061750806018668614,1.8172950184091117,9.08647509204555,7.775892451867659
0,0.0,856.0995475113123,609.2941176470588,851,598,12,24,50.09954751131227,5.475360383749974,147.70588235294122,20.130273574506468,147.70588235294122,20.130273574506468,0.2737680191874987,0.2516284196813309,True,18,3,4,4,"fly (4,3)",,,,,,,159.36478951770283,58.43933491745191,58.294535823808076,21.719221740061712,,7.944740827776231,,,7.957436740933444
1,0.2,857.7440758293839,585.9763033175356,853,575,11,23,51.74407582938386,5.655090254577471,171.02369668246445,23.30816990561696,171.02369668246445,23.30816990561696,0.28275451272887353,0.29135212382021203,True,18,3,4,4,"fly (4,3)",0.2,1.6445283180715933,-23.31781432952323,23.375733966980764,116.87866983490382,116.58907164761615,170.63456946287985,76.68811625066799,75.78041166715441,23.255137235145465,15.889481655552462,10.327824418010826,3.182974696373378,15.914873481866888,10.407654931940794
2,0.4,862.4129353233831,563.8258706467661,857,554,12,21,56.41293532338307,6.165348122774105,193.17412935323387,26.326968225312964,193.17412935323387,26.326968225312964,0.3082674061387053,0.329087102816412,True,18,3,4,4,"fly (4,3)",0.2,4.668859493999207,-22.15043267076942,22.637135783420035,113.18567891710018,110.7521633538471,193.20062214657958,115.72631891867111,112.83026341849866,26.33057882747251,15.093991598480017,15.377207961635255,3.061618262791099,15.308091313955494,15.632912086896289
3,0.6,869.7929292929293,541.5959595959596,864,532,13,21,63.79292929292933,6.971904840757304,215.40404040404042,29.35659835148762,215.40404040404042,29.35659835148762,0.3485952420378652,0.36695747939359524,True,18,3,4,4,"fly (4,3)",0.19999999999999996,7.379993969546263,-22.22991105080655,23.42292160080186,117.11460800400933,111.14955525403278,214.54605658575807,111.74332951518313,106.72717219589249,29.239666996355442,15.148150630873282,14.54544084441465,3.1351542929732963,15.675771464866484,14.989196022512544
4,0.8,877.145,521.94,871,513,14,20,71.14499999999998,7.775409836065572,235.05999999999995,32.03543441226575,235.05999999999995,32.03543441226575,0.3887704918032786,0.4004429301533219,True,18,3,4,4,"fly (4,3)",0.20000000000000007,7.352070707070652,-19.65595959595953,20.98594032488799,104.92970162443993,98.27979797979762,233.78099592415379,104.19507109913006,96.17469669197864,31.86112380567684,13.394180303890652,13.107284046606964,2.796745057743132,13.983725288715656,13.82194899328087
5,1.0,885.9578947368421,506.12105263157895,880,497,14,20,79.95789473684215,8.738567730802421,250.87894736842105,34.19133865327714,250.87894736842105,34.19133865327714,0.43692838654012106,0.4273917331659643,True,18,3,4,4,"fly (4,3)",0.19999999999999996,8.812894736842168,-15.818947368421107,18.10818073378818,90.54090366894093,79.09473684210555,252.1014765339745,99.67289749648471,91.6024030491035,34.3579525088892,10.77952120505696,12.484143516061804,2.361270045252094,11.806350226260472,13.203511076370154
6,1.2,892.9695431472081,486.6345177664975,887,477,13,21,86.96954314720813,9.504868103520014,270.3654822335025,36.8470844611247,270.3654822335025,36.8470844611247,0.4752434051760007,0.4605885557640588,True,18,3,4,4,"fly (4,3)",0.19999999999999996,7.011648410365979,-19.486534865081467,20.709617439214643,103.54808719607324,97.43267432540736,271.525920978419,104.46095829152459,97.1222222222223,37.00523624918827,13.278729039237799,13.236418701495372,2.764091542826866,13.820457714134333,13.89028578521345
7,1.4,899.4285714285714,463.6666666666667,894,454,12,21,93.42857142857144,10.210772833723656,293.3333333333333,39.97728563316297,293.3333333333333,39.97728563316297,0.5105386416861828,0.49971607041453714,True,18,3,4,4,"fly (4,3)",0.19999999999999996,6.459028281363317,-22.967851099830796,23.85877680191191,119.29388400955959,114.839255499154,291.83293852227865,105.3750562067263,101.53508771929826,39.772802524330984,15.65100586019135,13.837831375713563,3.208809883049108,16.044049415245546,14.177221653182578
8,1.6,902.0842105263158,445.2,896,436,13,21,96.08421052631581,10.501006614897904,311.8,42.49403747870528,311.8,42.49403747870528,0.5250503307448952,0.531175468483816,True,18,3,4,4,"fly (4,3)",0.20000000000000018,2.65563909774437,-18.466666666666697,18.656639482909227,93.28319741454605,92.3333333333334,313.5417122040073,112.95022741395258,108.54386840864329,42.73140881826334,12.583759227711536,14.79303146966179,2.5334315660335727,12.667157830167852,15.182715230205085
9,1.8,910.8306010928961,421.5081967213115,904,413,15,19,104.83060109289613,11.456896294305588,335.4918032786885,45.722903342921775,335.4918032786885,45.722903342921775,0.5728448147152794,0.5715362917865222,True,18,3,4,4,"fly (4,3)",0.19999999999999996,8.746390566580317,-23.691803278688496,25.25472016355042,126.27360081775213,118.45901639344251,334.21543354439535,108.26821571953963,103.3686067019401,45.5489517607353,16.144329321082477,14.087714712359807,3.367387689040372,16.836938445201863,14.521528393111522
10,2.0,917.7989417989418,401.64550264550263,912,393,14,20,111.79894179894177,12.2184635845838,355.35449735449737,48.42991446057886,355.35449735449737,48.42991446057886,0.61092317922919,0.6053739307572357,True,18,3,4,4,"fly (4,3)",0.19999999999999996,6.9683407060456375,-19.86269407580886,21.04956978526414,105.24784892632073,99.31347037904433,354.1715832770156,105.03799424304998,99.7807486631015,48.26869959482324,13.535055588285413,13.598739170439723,2.812097780792969,14.060488903964849,14.064103175137275
11,2.2,921.4545454545455,385.3315508021391,916,376,13,21,115.4545454545455,12.617983109786392,371.6684491978609,50.653280980969114,371.6684491978609,50.653280980969114,0.6308991554893196,0.633166012262114,True,18,3,4,4,"fly (4,3)",0.20000000000000018,3.655603655603727,-16.313951843363554,16.71850659701543,83.59253298507709,81.5697592168177,371.10634531261104,87.7352184601549,84.67381017797722,50.57667397786863,11.116832601951277,11.539871915226874,2.2589764352490236,11.294882176245109,11.810319572057296
12,2.4,924.1452513966481,370.70391061452517,918,362,14,20,118.14525139664806,12.912049332967001,386.29608938547483,52.6468264920579,386.29608938547483,52.6468264920579,0.6456024666483501,0.6580853311507238,True,18,3,4,4,"fly (4,3)",0.19999999999999973,2.690705942102568,-14.627640187613906,14.873054693813355,74.36527346906688,73.13820093806963,388.40303460024234,89.5580750967154,86.48344643815653,52.93397405114035,9.967727555443927,11.786500366358638,2.015117527192383,10.075587635961929,12.058039952484451
13,2.6,931.320652173913,349.7554347826087,925,341,15,20,125.320652173913,13.696246139225465,407.2445652173913,55.50181468039404,407.2445652173913,55.50181468039404,0.6848123069612733,0.6937726835049256,True,18,3,4,4,"fly (4,3)",0.20000000000000018,7.17540077726494,-20.948475831916483,22.143283767200458,110.71641883600219,104.74237915958231,405.4594060182142,89.01634373325606,85.28185708985957,55.25852211491846,14.274940941680706,11.622740318890578,2.9607300090492665,14.80365004524632,11.952889755002621
14,2.8,936.3807106598985,334.16243654822335,930,325,15,20,130.38071065989845,14.249257995617317,422.83756345177665,57.62692517230346,422.83756345177665,57.62692517230346,0.7124628997808659,0.7203365646537933,True,18,3,4,4,"fly (4,3)",0.19999999999999973,5.060058485985451,-15.592998234385334,16.3934677789398,81.96733889469911,77.96499117192677,422.61115047349693,89.38799072431657,85.75872227641314,57.596068207631596,10.625552459547102,11.687730463565673,2.19588631675992,10.979431583799613,12.008609939948792
15,3.0,938.7195767195767,319.24867724867727,933,310,13,21,132.7195767195767,14.504871772631335,437.75132275132273,59.6594647701973,437.75132275132273,59.6594647701973,0.7252435886315667,0.7457433096274664,True,18,3,4,4,"fly (4,3)",0.20000000000000018,2.338866059678253,-14.913759299546086,15.096042888449684,75.48021444224835,74.56879649773036,439.3777962736335,86.42477795300306,83.83322900068292,59.881130667616155,10.162697989469214,11.425312299922732,2.048549638160092,10.24274819080045,11.653955260872555
16,3.2,943.5130890052355,299.4554973821989,937,290,14,21,137.51308900523554,15.028752896747054,457.5445026178011,62.35700206034768,457.5445026178011,62.35700206034768,0.7514376448373526,0.7794625257543459,True,18,3,4,4,"fly (4,3)",0.20000000000000018,4.793512285658835,-19.79317986647834,20.36535610441236,101.82678052206171,98.96589933239161,457.69785939270423,94.72526760294282,91.60031559535354,62.37790247260023,13.487686450751882,12.483859024920415,2.7479372016035226,13.739686008017602,12.759773249022395
17,3.4,950.3426966292135,279.2022471910112,943,270,16,20,144.3426966292135,15.775158101553387,477.7977528089888,65.11724058725571,477.7977528089888,65.11724058725571,0.7887579050776694,0.8139655073406964,True,18,3,4,4,"fly (4,3)",0.19999999999999973,6.8296076239779495,-20.253250191187703,21.373761568903646,106.86880784451837,101.26625095593865,476.68368221186034,100.05066411581566,94.92911409578085,64.96540813790261,13.801192634540147,12.937528326511888,2.8593771096498224,14.296885548249131,13.391157473110049
18,3.6,957.3131868131868,262.29120879120876,951,253,14,21,151.3131868131868,16.53696030745211,494.70879120879124,67.42198176610444,494.70879120879124,67.42198176610444,0.8268480153726054,0.8427747720763054,True,18,3,4,4,"fly (4,3)",0.20000000000000018,6.970490183973311,-16.911038399802464,18.2912807961734,91.45640398086692,84.55519199901225,496.3598592418818,104.66130871959687,98.38088515010695,67.64699955596343,11.523705894243637,13.407957090304174,2.4273801726126853,12.136900863063415,13.964573760026665
19,3.8,964.8651685393259,240.42696629213484,959,231,13,21,158.86516853932585,17.362313501565666,516.5730337078652,70.40177631453018,516.5730337078652,70.40177631453018,0.8681156750782834,0.8800222039316272,True,18,3,4,4,"fly (4,3)",0.19999999999999973,7.551981726139047,-21.864242499073924,23.131742866681027,115.65871433340529,109.3212124953699,514.5127450576889,95.73274403124236,90.76442907903584,70.1209874013886,14.89897274212874,12.369939227125831,3.091986973753485,15.459934868767444,12.810183583322532
20,4.0,968.1153846153846,224.74358974358975,963,215,11,21,162.11538461538464,17.71752837326608,532.2564102564103,72.5392041235312,532.2564102564103,72.5392041235312,0.885876418663304,0.9067400515441402,True,18,3,4,4,"fly (4,3)",0.20000000000000018,3.2502160760587913,-15.683376548545084,16.016622755890985,80.08311377945485,78.41688274272535,532.4977927968349,92.74886684321673,89.92523869573044,72.57210123295876,10.687139045005116,12.255569157850795,2.1667430036273485,10.833715018136733,12.505076175813576
21,4.2,969.8688524590164,208.3360655737705,966,198,8,21,163.86885245901635,17.909164203171187,548.6639344262295,74.77532326081491,548.6639344262295,74.77532326081491,0.8954582101585593,0.9346915407601866,True,18,3,4,4,"fly (4,3)",0.20000000000000018,1.7534678436317108,-16.407524169819254,16.50095448335803,82.50477241679008,82.03762084909606,548.902019656118,82.87300044957709,82.02113429641497,74.8077709923159,11.180595686418531,11.178348796785675,2.244315728107312,11.221578640536551,11.253213695046208
22,4.4,971.5714285714286,191.21428571428572,970,182,4,19,165.57142857142856,18.095238095238095,565.7857142857142,77.10878559260159,565.7857142857142,77.10878559260159,0.9047619047619047,0.96385981990752,True,18,3,4,4,"fly (4,3)",0.20000000000000018,1.7025761124122027,-17.121779859484775,17.206223030497284,86.03111515248635,85.60889929742352,563.1208973967349,71.39085077249119,71.09438870308433,76.74560782238295,11.667311658933375,9.689184150335185,2.3408694852930703,11.704347426465342,9.715190939675736
23,4.6,971.5797101449275,182.08695652173913,970,173,4,19,165.5797101449275,18.096143185237977,574.9130434782609,78.35271461373232,574.9130434782609,78.35271461373232,0.9048071592618989,0.979408932671654,True,18,3,4,4,"fly (4,3)",0.1999999999999993,0.008281573498948092,-9.127329192546597,9.127332949639392,45.63666474819712,45.63664596273343,572.9256275879917,49.1646275272538,49.02365095628419,78.08185725219649,6.219645105653648,6.6812471490677,1.243929350405059,6.219646752025318,6.693613259408921
24,4.8,971.609375,178.921875,970,170,4,18,165.609375,18.09938524590164,578.078125,78.78407155025553,578.078125,78.78407155025553,0.904969262295082,0.9848008943781942,True,18,3,4,4,"fly (4,3)",0.20000000000000018,0.02966485507249672,-3.1650815217391255,3.165220536215594,15.826102681077955,15.825407608695613,577.9566521190162,25.249042830918544,25.155122655122806,78.76751647277905,2.1567846826160757,3.4282961029128303,0.4313691199472213,2.156845599736105,3.436556367725192
25,5.0,971.0454545454545,176.12121212121212,969,170,5,14,165.0454545454545,18.03775459513164,580.8787878787879,79.16576325434929,580.8787878787879,79.16576325434929,0.9018877297565819,0.9895720406793661,True,18,3,4,4,"fly (4,3)",0.20000000000000018,-0.5639204545454959,-2.8006628787878753,2.8568722126961137,14.284361063480556,14.003314393939364,580.1456376262627,14.932878294895502,10.944927536231896,79.0658449916542,1.908458520468768,1.4916425943757368,0.38663535028283097,1.9331767514141531,1.9046132710916008
26,5.2,968.17,175.52,962,170,12,12,162.16999999999996,17.72349726775956,581.48,79.24770017035776,581.48,79.24770017035776,0.8861748633879779,0.9905962521294719,True,18,3,4,4,"fly (4,3)",0.20000000000000018,-2.875454545454545,-0.6012121212121144,2.937634228025602,14.688171140127997,3.0060606060607116,581.3065118474465,10.206806592147709,5.804371105919013,79.22405612912388,0.40968458004236613,0.7910556873484128,0.32476349242490915,1.6238174621245443,1.2466889620148112
27,5.4,967.8504672897196,175.4392523364486,961,170,13,12,161.85046728971963,17.688575660078648,581.5607476635514,79.25870496266458,581.5607476635514,79.25870496266458,0.8844287830039325,0.9907338120333073,True,18,3,4,4,"fly (4,3)",0.20000000000000018,-0.3195327102803276,-0.0807476635514206,0.3295775145669152,1.6478875728345745,0.40373831775696056,580.9500904910251,7.92567438238509,-0.32275357041707586,79.17548081649404,0.05502396153410411,-0.04398685797848897,0.03661453450114726,0.18307267250573614,0.8982699331619681
29,5.8,970.2571428571429,177.1904761904762,967,170,7,17,164.25714285714287,17.95160031225605,579.8095238095239,79.0200373164598,579.8095238095239,79.0200373164598,0.8975800156128025,0.9877504664557476,True,18,3,4,4,"fly (4,3)",0.39999999999999947,2.4066755674232354,1.7512238540276144,2.976385773677076,7.4409644341927,-4.3780596350689,580.9157735511344,5.956722059511454,1.2877685122360043,79.17080389112563,-0.5966691155119371,0.17550507832857143,0.3551678659422491,0.8879196648556239,0.74116882368042
30,6.0,971.0491803278688,175.62295081967213,969,170,5,13,165.04918032786884,18.03816178446654,581.3770491803278,79.23366939425252,581.3770491803278,79.23366939425252,0.901908089223327,0.9904208674281565,True,18,3,4,4,"fly (4,3)",0.20000000000000018,0.7920374707259725,-1.567525370804077,1.7562628343014193,8.781314171507088,7.837626854019952,580.8468063812326,5.67172508692837,1.1145173621808107,79.16140461754448,1.0681603889635474,0.15189333726485843,0.23050282673598022,1.1525141336799,0.7092008402825677
31,6.2,970.8923076923077,175.64615384615385,968,170,6,13,164.89230769230767,18.021017234131985,581.3538461538461,79.23050714192111,581.3538461538461,79.23050714192111,0.9010508617065993,0.9903813392740138,True,18,3,4,4,"fly (4,3)",0.20000000000000018,-0.1568726355611716,0.02320302648172401,0.1585793310170646,0.7928966550853223,-0.11601513240861995,581.217990752417,4.044907043586798,1.8559218559217527,79.21199192537199,-0.015811261657034933,0.25293653913756464,0.01743374446243587,0.08716872231217926,0.5233106291590691
32,6.4,970.6153846153846,176.07692307692307,968,170,6,14,164.61538461538464,17.990752416981927,580.9230769230769,79.17179923994235,580.9230769230769,79.17179923994235,0.8995376208490964,0.9896474904992792,True,18,3,4,4,"fly (4,3)",0.20000000000000018,-0.2769230769230262,0.43076923076921503,0.5121020608335974,2.560510304167985,-2.1538461538460734,581.0793206793206,1.2027010795511937,-0.6933503654814395,79.19309310791424,-0.29353950989381844,-0.09449408728878918,0.06604980629702567,0.3302490314851281,0.14975202356934258
33,6.6,970.6493506493507,176.03896103896105,968,170,6,14,164.6493506493507,17.994464551841606,580.961038961039,79.17697294187924,580.961038961039,79.17697294187924,0.8997232275920803,0.9897121617734906,True,18,3,4,4,"fly (4,3)",0.1999999999999993,0.03396603396606679,-0.0379620379620178,0.050939255880054664,0.25469627940027423,0.1898101898103739,580.8530386280386,1.4168581641562,-1.1314102564102753,79.1622539867855,0.02586850968448582,-0.1541956056436313,0.006367663382144061,0.03183831691072042,0.18581894387575945
34,6.8,970.625,176.325,968,170,6,15,164.625,17.991803278688526,580.675,79.13798977853493,580.675,79.13798977853493,0.8995901639344263,0.9892248722316864,True,18,3,4,4,"fly (4,3)",0.20000000000000018,-0.02435064935070841,0.28603896103894044,0.2870735817800684,1.4353679089003408,-1.4301948051951272,580.7260692119125,0.8354162213129129,-0.6348470806301508,79.14494980741568,-0.19491581672156127,-0.08652089684910406,0.039073896646285994,0.1953694832314298,0.11050679951696833
35,7.0,970.5301204819277,176.4578313253012,968,170,6,15,164.53012048192772,17.981433932451118,580.5421686746988,79.11988670183288,580.5421686746988,79.11988670183288,0.8990716966225559,0.988998583772911,True,18,3,4,4,"fly (4,3)",0.20000000000000018,-0.09487951807227546,0.13283132530122543,0.16323689512762493,0.8161844756381239,-0.6641566265057003,580.7697579792856,1.6690043335821911,0.21844383686489754,79.15090398354829,-0.09051538351023672,0.029770880663022543,0.02086251968175097,0.10431259840875476,0.22497749099289144
36,7.2,970.5657894736842,175.9078947368421,968,170,6,14,164.56578947368416,17.985332182916302,581.0921052631579,79.19483547027706,581.0921052631579,79.19483547027706,0.8992666091458151,0.9899354433784633,True,18,3,4,4,"fly (4,3)",0.20000000000000018,0.03566899175643812,-0.5499365884591043,0.551092123241622,2.755460616208108,2.7496829422955194,580.9415833761109,1.9325719119895446,0.8591269841269873,79.17432141412074,0.37474384222086565,0.11708715286225403,0.07505007826769802,0.37525039133848975,0.24204120532252726
37,7.4,971.0,175.8095238095238,969,170,5,13,165.0,18.0327868852459,581.1904761904761,79.20824207025228,581.1904761904761,79.20824207025228,0.9016393442622951,0.9901030258781536,True,18,3,4,4,"fly (4,3)",0.20000000000000018,0.43421052631583734,-0.09837092731831376,0.44521412882448086,2.2260706441224025,0.49185463659114204,581.2539160401003,2.6835029920675755,1.5616633199463585,79.21688804635097,0.06703299987613315,0.21283316115111964,0.049312125244067494,0.24656062622033725,0.32573809587718644
38,7.6,971.5416666666666,175.52083333333334,970,170,4,13,165.54166666666663,18.091985428050997,581.4791666666666,79.24758659852355,581.4791666666666,79.24758659852355,0.9045992714025499,0.9905948324815446,True,18,3,4,4,"fly (4,3)",0.1999999999999993,0.5416666666666288,-0.2886904761904532,0.6137955431744412,3.068977715872217,1.4434523809524131,581.6954365079364,3.356230330245953,2.207602339181184,79.27706119358588,0.1967226413563601,0.3008657361746004,0.07108065401454622,0.35540327007273237,0.4161265121813309
39,7.8,971.7222222222222,174.58333333333334,970,170,4,11,165.72222222222217,18.111718275652695,582.4166666666666,79.37535491198182,582.4166666666666,79.37535491198182,0.9055859137826349,0.9921919363997728,True,18,3,4,4,"fly (4,3)",0.20000000000000018,0.18055555555554292,-0.9375,0.9547285261486486,4.773642630743239,4.687499999999996,582.4513888888888,4.430119620858445,3.7797619047620388,79.38008707173954,0.6388415672913078,0.5151293907682702,0.12928312805018474,0.6464156402509231,0.5775972255590606
40,8.0,972.0416666666666,173.54166666666666,971,170,3,9,166.04166666666663,18.146630236794167,583.4583333333334,79.51731970471324,583.4583333333334,79.51731970471324,0.9073315118397084,0.9939664963089154,True,18,3,4,4,"fly (4,3)",0.20000000000000018,0.3194444444444571,-1.0416666666666856,1.0895477031919767,5.447738515959879,5.208333333333708,583.4398148148148,5.050808574463711,4.942129629629717,79.51479588617578,0.7098239636571428,0.6735440721812348,0.1461945532707054,0.7309727663535264,0.6831326503737887
41,8.2,972.0555555555555,172.55555555555554,971,170,3,7,166.05555555555554,18.148148148148145,584.4444444444445,79.6517130418323,584.4444444444445,79.6517130418323,0.9074074074074073,0.9956464130229037,True,18,3,4,4,"fly (4,3)",0.1999999999999993,0.013888888888914153,-0.9861111111111143,0.9862089153375997,4.9310445766880155,4.930555555555447,584.1157407407408,3.4595943642159646,3.3796296296297186,79.60691526279261,0.6719666855952535,0.4605968830841321,0.13440190890338283,0.6720095445169165,0.46766077029014763
42,8.4,972.0555555555555,172.55555555555554,971,170,3,7,166.05555555555554,18.148148148148145,584.4444444444445,79.6517130418323,584.4444444444445,79.6517130418323,0.9074074074074073,0.9956464130229037,True,18,3,4,4,"fly (4,3)",0.20000000000000107,0.0,0.0,0.0,0.0,0.0,584.401559454191,1.877244039526057,1.4290935672513243,79.64586840942978,0.0,0.19476573318584725,0.0,0.0,0.25492882841978926
43,8.6,972.0,172.68421052631578,971,170,3,7,166.0,18.14207650273224,584.3157894736842,79.63417914462475,584.3157894736842,79.63417914462475,0.907103825136612,0.9954272393078095,True,18,3,4,4,"fly (4,3)",0.1999999999999993,-0.055555555555542924,0.12865497076023757,0.14013750837803063,0.7006875418901556,-0.6432748538014744,584.2375382901698,0.8444210333440142,-0.8201058201058203,79.6235145880981,-0.08766948603771171,-0.11176910665838558,0.018555388148490178,0.09277694074245121,0.11392605307269399
44,8.8,972.047619047619,173.04761904761904,971,170,3,8,166.04761904761904,18.14728077023159,583.952380952381,79.58465157783726,583.952380952381,79.58465157783726,0.9073640385115794,0.9948081447229659,True,18,3,4,4,"fly (4,3)",0.20000000000000107,0.04761904761903679,0.3634085213032563,0.3665151116283793,1.8325755581418868,-1.8170426065159875,584.360223475355,2.2801480556931133,0.6134259259259127,79.6402348859087,-0.24763783393744498,0.08360148905294418,0.04980024369512642,0.24900121847563078,0.3094890969066789
45,9.0,972.0,172.1875,971,170,3,6,166.0,18.14207650273224,584.8125,79.70187393526406,584.8125,79.70187393526406,0.907103825136612,0.9962734241908007,True,18,3,4,4,"fly (4,3)",0.1999999999999993,-0.04761904761903679,-0.8601190476190368,0.8614362134094566,4.307181067047298,4.300595238095199,584.3824404761905,3.0698783125945925,1.2417763157896062,79.64326275655067,0.5861117871339893,0.16923697659827214,0.11733782630039054,0.5866891315019548,0.41784517498879276
1,0.2,600.4736842105264,668.2631578947369,600,664,2,10,17.473684210526358,1.829705152934697,91.73684210526312,12.609875203472594,91.73684210526312,12.609875203472594,0.09148525764673486,0.15762344004340742,True,19,2,3,3,"fly (3,2)",,,,,,,91.48746867167915,1.2468829106952364,-1.246867167919845,12.57559706827205,,-0.17139067600272728,,,0.1713919317686812
2,0.4,600.4761904761905,668.7619047619048,600,664,2,11,17.47619047619048,1.8299675891298934,91.23809523809518,12.541318933071503,91.23809523809518,12.541318933071503,0.09149837945649467,0.1567664866633938,True,19,2,3,3,"fly (3,2)",0.2,0.00250626566412393,0.49874686716793803,0.4987531642780946,2.4937658213904728,-2.49373433583969,91.73767752715116,2.4979219404634914,0.8354218880534369,12.60999003809638,-0.34278135200545456,0.11483462378741356,0.06855677270747249,0.3427838635373624,0.3433563623016859
3,0.6,600.4761904761905,667.7619047619048,600,663,2,11,17.47619047619048,1.8299675891298934,92.23809523809518,12.678775977745042,92.23809523809518,12.678775977745042,0.09149837945649467,0.15848469972181303,True,19,2,3,3,"fly (3,2)",0.19999999999999996,0.0,-1.0,1.0,5.000000000000001,5.000000000000001,91.90476190476186,2.4979219404634914,0.8354218880534369,12.632956962853862,0.6872852233676953,0.11483462378741356,0.13745704467353903,0.6872852233676953,0.3433563623016858
4,0.8,600.4761904761905,667.7619047619048,600,663,2,11,17.47619047619048,1.8299675891298934,92.23809523809518,12.678775977745042,92.23809523809518,12.678775977745042,0.09149837945649467,0.15848469972181303,True,19,2,3,3,"fly (3,2)",0.20000000000000007,0.0,0.0,0.0,0.0,0.0,91.73767752715116,2.0241083868743,1.3092254445637952,12.60999003809638,0.0,0.17996226042113958,0.0,0.0,0.2782279282232655
11,2.2,600.4736842105264,669.2631578947369,600,665,2,10,17.473684210526358,1.829705152934697,90.73684210526312,12.472418158799055,90.73684210526312,12.472418158799055,0.09148525764673486,0.15590522698498818,True,19,2,3,3,"fly (3,2)",1.4000000000000001,-0.00250626566412393,1.501253132832062,1.50125522487206,1.0723251606229,-1.0723236663086155,97.90275689223056,5.1185113534062685,4.40362811791385,13.457423627798015,-0.14739844210427652,0.605309706929739,0.2063579858229416,0.14739856130210113,0.7035753981182681
18,3.6,600.4666666666667,649.2666666666667,600,646,2,8,17.466666666666697,1.8289703315881358,110.73333333333335,15.221076746849945,110.73333333333335,15.221076746849945,0.0914485165794068,0.1902634593356243,True,19,2,3,3,"fly (3,2)",1.4,-0.007017543859660691,-19.996491228070226,19.996492459434265,14.283208899595904,14.283208020050163,103.90031488978859,5.537336575235352,3.984824699110461,14.281830225400492,1.9633275628934934,0.5477422266818495,2.7486586862737843,1.9633276330527032,0.7611446175591042
20,4.0,600.4615384615385,649.7692307692307,600,647,2,7,17.461538461538453,1.8284333467579532,110.23076923076928,15.151995770552478,110.23076923076928,15.151995770552478,0.09142166733789765,0.18939994713190597,True,19,2,3,3,"fly (3,2)",0.3999999999999999,-0.00512820512824419,0.5025641025640653,0.5025902661949012,1.2564756654872533,-1.2564102564101634,110.39829059829064,5.179894855027719,4.342265921213333,15.175022762651635,-0.1727024407436684,0.5968750407166082,0.06908306332900338,0.17270765832250848,0.7120117637917373
21,4.2,600.4615384615385,649.7692307692307,600,647,2,7,17.461538461538453,1.8284333467579532,110.23076923076928,15.151995770552478,110.23076923076928,15.151995770552478,0.09142166733789765,0.18939994713190597,True,19,2,3,3,"fly (3,2)",0.20000000000000018,0.0,0.0,0.0,0.0,0.0,110.06742640075977,0.5550569272165747,-0.5549224438113104,15.129543147870757,0.0,-0.07627799914932203,0.0,0.0,0.07628872814071878
27,5.4,600.4814814814815,650.2592592592592,600,644,2,14,17.481481481481524,1.8305216210975417,109.74074074074076,15.084637902507321,109.74074074074076,15.084637902507321,0.09152608105487708,0.1885579737813415,True,19,2,3,3,"fly (3,2)",1.2000000000000002,0.019943019943070794,0.49002849002852145,0.49043413939496755,0.4086951161624729,-0.40835707502376783,96.32383665717002,68.04296548943528,-68.03735359290943,13.240389918511342,-0.056131556704297474,-9.352213552289957,0.06739023131957748,0.056158526099647894,9.352661208543276
28,5.6,601.0,691.0,600,686,3,11,18.0,1.8848167539267016,69.0,9.484536082474227,69.0,9.484536082474227,0.09424083769633508,0.11855670103092783,True,19,2,3,3,"fly (3,2)",0.1999999999999993,0.5185185185184764,40.74074074074076,40.74404027042852,203.72020135214333,-203.70370370370452,82.24691358024693,69.70963215610193,-69.7040202595761,11.305417674260745,-28.000509100165573,-9.581308626745855,5.600365019906016,28.001825099530183,9.581756282999175
29,5.8,601.0,692.0,600,688,3,9,18.0,1.8848167539267016,68.0,9.347079037800688,68.0,9.347079037800688,0.09424083769633508,0.11683848797250859,True,19,2,3,3,"fly (3,2)",0.20000000000000018,0.0,1.0,1.0,4.999999999999996,-4.999999999999996,77.08,113.31532033948422,-25.834567901234863,10.595189003436428,-0.6872852233676946,-3.5511433541216313,0.13745704467353903,0.6872852233676946,15.575176484730598
30,6.0,600.48,665.76,600,660,2,13,17.480000000000018,1.8303664921465987,94.24000000000001,12.953951890034366,94.24000000000001,12.953951890034366,0.09151832460732993,0.16192439862542957,True,19,2,3,3,"fly (3,2)",0.20000000000000018,-0.5199999999999818,-26.24000000000001,26.24515193326189,131.22575966630933,131.19999999999993,81.12,68.11287983315465,63.099999999999966,11.150515463917527,18.034364261168374,8.67353951890034,3.6072838262587865,18.036419131293915,9.361852177330805
4,0.8,534.875,709.0416666666666,533,702,4,16,171.875,18.187830687830687,53.95833333333337,7.378917378917384,53.95833333333337,7.378917378917384,0.9093915343915344,0.0922364672364673,True,20,5,2,2,"fly (2,5)",,,,,,,58.067004504504496,20.60397894991382,20.543355855855626,7.94078694078694,,2.80934780934778,,,2.814314841036718
5,1.0,534.2432432432432,700.8243243243244,532,693,5,18,171.24324324324323,18.12097812097812,62.17567567567562,8.502656502656496,62.17567567567562,8.502656502656496,0.906048906048906,0.10628320628320619,True,20,5,2,2,"fly (2,5)",0.19999999999999996,-0.6317567567567721,-8.21734234234225,8.241591579965526,41.20795789982764,41.08671171171125,61.74001017146179,25.27509683480997,25.212813620071685,8.443078314046057,5.61869561869556,3.4479061360781795,1.125725936414687,5.628629682073436,3.4530088095239795
6,1.2,533.8172043010752,693.9139784946236,531,686,6,19,170.8172043010752,18.075894635034413,69.08602150537638,9.447661060564291,69.08602150537638,9.447661060564291,0.9037947317517206,0.11809576325705363,True,20,5,2,2,"fly (2,5)",0.19999999999999996,-0.4260389421680202,-6.910345829700759,6.92346652092045,34.61733260460226,34.5517291485038,70.26046074014069,42.68342919064175,42.60225284339452,9.608268135403854,4.725022789538978,5.825949106788992,0.9460793492997003,4.730396746498503,5.832599173912335
7,1.4,533.3307086614174,683.4803149606299,530,674,7,22,170.33070866141736,18.0244136149648,79.51968503937007,10.874486842990779,79.51968503937007,10.874486842990779,0.90122068074824,0.13593108553738475,True,20,5,2,2,"fly (2,5)",0.19999999999999996,-0.48649563965784637,-10.433663533993695,10.444999413499069,52.22499706749536,52.16831766996849,78.0558116466027,39.142311162386356,38.976754532310075,10.674299028595243,7.134128912132438,5.330154465956932,1.427754218633013,7.138771093165067,5.343737241268883
8,1.6,532.3765432098766,677.4382716049383,528,668,9,21,169.37654320987656,17.923443725912865,85.56172839506166,11.700749182230656,85.56172839506166,11.700749182230656,0.8961721862956432,0.14625936477788318,True,20,5,2,2,"fly (2,5)",0.20000000000000018,-0.9541654515408027,-6.04204335569159,6.116920763012297,30.58460381506146,30.21021677845792,85.7386762730157,38.90796772104501,38.414323132064965,11.724947182634624,4.131311696199381,5.253240770196917,0.8324087768286165,4.1620438841430785,5.293868403154167
9,1.8,530.7019230769231,670.8653846153846,524,661,13,22,167.7019230769231,17.746235246235248,92.13461538461536,12.599605522682442,92.13461538461536,12.599605522682442,0.8873117623117625,0.15749506903353053,True,20,5,2,2,"fly (2,5)",0.19999999999999996,-1.6746201329534642,-6.5728869895536945,6.7828604561156425,33.91430228057822,32.86443494776848,93.53458372902814,39.46255447534401,38.979537280062196,12.79105418516624,4.494281702258932,5.330535012658078,0.9161580464308708,4.580790232154356,5.370292151192462
10,2.0,530.375,660.0925925925926,525,650,12,22,167.375,17.711640211640212,102.90740740740739,14.072807850585626,102.90740740740739,14.072807850585626,0.8855820105820106,0.17591009813232034,True,20,5,2,2,"fly (2,5)",0.19999999999999996,-0.3269230769230944,-10.772792022792032,10.777751466078465,53.88875733039234,53.863960113960175,103.2647721233348,49.207289398391346,48.65094197153325,14.121678239088517,7.366011639515923,6.6531202696113825,1.4736084674559904,7.368042337279953,6.698889275276446
11,2.2,528.6926605504588,648.2477064220184,523,638,13,22,165.69266055045875,17.53361487306442,114.75229357798162,15.692621343997486,114.75229357798162,15.692621343997486,0.8766807436532209,0.19615776679996857,True,20,5,2,2,"fly (2,5)",0.20000000000000018,-1.6823394495412458,-11.844886170574227,11.96376171684071,59.818808584203495,59.22443085287109,113.37141547997817,51.3927860226236,50.53321678321691,15.503783313501287,8.09906746705929,6.910525372063852,1.629567051279007,8.147835256395028,6.981473117237781
12,2.4,526.2045454545455,640.5454545454545,519,631,15,21,163.2045454545455,17.270322270322275,122.4545454545455,16.745920745920753,122.4545454545455,16.745920745920753,0.8635161135161137,0.2093240093240094,True,20,5,2,2,"fly (2,5)",0.19999999999999973,-2.4881150959132583,-7.702251876563878,8.09415843065499,40.470792153275,38.51125938281944,122.6484570475396,49.247577987559374,46.38520783780714,16.772438570603708,5.266497009616343,6.343276285512087,1.0857083516076704,5.428541758038359,6.58264367095103
13,2.6,521.5733944954129,632.2614678899083,514,624,17,18,158.5733944954129,16.78025338575798,130.73853211009168,17.87877362189288,130.73853211009168,17.87877362189288,0.839012669287899,0.223484670273661,True,20,5,2,2,"fly (2,5)",0.20000000000000018,-4.631150959132583,-8.283986655546187,9.490626645039933,47.45313322519962,41.4199332777309,129.65457325549065,39.80646489222723,35.0305810397553,17.730539932374793,5.664264379860628,4.790506808855426,1.234310799683941,6.1715539984197,5.194096775068312
14,2.8,517.7844036697247,627.2293577981652,510,619,17,18,154.78440366972472,16.379301975632245,135.7706422018348,18.56692542931074,135.7706422018348,18.56692542931074,0.8189650987816123,0.23208656786638426,True,20,5,2,2,"fly (2,5)",0.19999999999999973,-3.788990825688188,-5.032110091743107,6.299093859641406,31.495469298207073,25.160550458715566,137.14633295777665,41.75185067943974,37.458798511430004,18.755054079695952,3.440759037089305,5.122570736605809,0.7964389137493741,3.982194568746876,5.4861255121604175
15,3.0,516.4122807017544,618.0701754385965,509,608,16,21,153.4122807017544,16.23410377796343,144.9298245614035,19.81946318788424,144.9298245614035,19.81946318788424,0.8117051888981714,0.247743289848553,True,20,5,2,2,"fly (2,5)",0.20000000000000018,-1.3721229679703129,-9.159182359568717,9.261389902982513,46.306949514912525,45.795911797843544,143.35029803788856,34.060804193743685,31.019825400559466,19.603459560736894,6.2626887928674915,4.242027405204714,1.260925593862936,6.304627969314675,4.4998445954184305
16,3.2,514.3547008547009,613.6495726495726,507,604,16,21,151.35470085470092,16.016370460814912,149.35042735042737,20.42399006501571,149.35042735042737,20.42399006501571,0.8008185230407456,0.25529987581269636,True,20,5,2,2,"fly (2,5)",0.20000000000000018,-2.057579847053489,-4.42060278902386,4.875998753622296,24.379993768111458,22.10301394511928,149.78099900329002,33.94671621466429,32.153504827007275,20.482871658569575,3.022634385657345,4.397060489163392,0.6425422496387487,3.2127112481937408,4.546357737700404
17,3.4,511.8666666666667,607.9372549019608,504,598,17,21,148.86666666666667,15.753086419753087,155.06274509803916,21.205161722808775,155.06274509803916,21.205161722808775,0.7876543209876543,0.2650645215351097,True,20,5,2,2,"fly (2,5)",0.19999999999999973,-2.4880341880342485,-5.712317747611792,6.230641072193768,31.15320536096888,28.561588738058997,153.41331470066996,19.83435889573374,18.16157848689974,20.979598591544608,3.905858288965339,2.483634664875178,0.8243467991185583,4.121733995592797,2.6230708530154936
18,3.6,512.0826771653543,607.1732283464567,504,597,18,21,149.0826771653543,15.775944673582467,155.82677165354335,21.309643986809345,155.82677165354335,21.309643986809345,0.7887972336791234,0.2663705498351168,True,20,5,2,2,"fly (2,5)",0.20000000000000018,0.21601049868763766,-0.7640265555041879,0.7939755116241783,3.969877558120888,3.8201327775209357,158.3443092014319,25.58555796365752,24.654972503809848,21.65392262583684,0.5224113200028486,3.3716201714611778,0.10695346305198879,0.5347673152599435,3.449073263844762
19,3.8,512.4922480620155,598.8565891472867,506,587,14,25,149.4922480620155,15.81928550920799,164.14341085271326,22.446962167892412,164.14341085271326,22.446962167892412,0.7909642754603995,0.28058702709865513,True,20,5,2,2,"fly (2,5)",0.19999999999999973,0.40957089666119373,-8.316639199169913,8.326718194376546,41.63359097188279,41.58319599584962,163.15282125208554,24.723921505578488,24.04256025326808,22.311496923362125,5.686590905415344,3.2878714876264055,1.1381436961363074,5.690718480681545,3.3443650628877832
20,4.0,514.51171875,593.51171875,508,582,14,25,151.51171875,16.03298611111111,169.48828125,23.177884615384617,169.48828125,23.177884615384617,0.8016493055555556,0.2897235576923077,True,20,5,2,2,"fly (2,5)",0.20000000000000018,2.0194706879844944,-5.344870397286741,5.713659197346363,28.56829598673179,26.72435198643368,171.5011976430532,42.37544625058311,41.741881954838306,23.453155233238046,3.6546122374610204,5.708291549379603,0.761521878544373,3.807609392721862,5.7608398926018625
21,4.2,514.6818181818182,582.1280991735537,509,571,13,24,151.68181818181824,16.050986050986058,180.87190082644634,24.734618916437107,180.87190082644634,24.734618916437107,0.8025493025493029,0.30918273645546385,True,20,5,2,2,"fly (2,5)",0.20000000000000018,0.17009943181824383,-11.383619576446335,11.384890358626961,56.92445179313476,56.91809788223163,178.09339402548213,33.58493387802974,32.96098191214465,24.35465217442491,7.7836715052624434,4.507484705934314,1.5568383608804373,7.784191804402179,4.55924577997425
22,4.4,514.844,579.0799999999999,509,567,13,25,151.84400000000005,16.068148148148154,183.92000000000007,25.151452991453002,183.92000000000007,25.151452991453002,0.8034074074074077,0.3143931623931625,True,20,5,2,2,"fly (2,5)",0.20000000000000018,0.1621818181818071,-3.0480991735537373,3.052410770844536,15.262053854222666,15.240495867768672,186.16410189491535,40.47238414696687,40.35353934716609,25.458338720672185,2.0841703750794753,5.518432731236385,0.41718722855974194,2.0859361427987078,5.5281765050834935
23,4.6,515.9797570850203,569.2995951417004,510,558,13,24,152.9797570850203,16.18833408307093,193.70040485829963,26.488944254126444,193.70040485829963,26.488944254126444,0.8094167041535466,0.33111180317658057,True,20,5,2,2,"fly (2,5)",0.1999999999999993,1.1357570850202592,-9.780404858299562,9.846129358708598,49.230646793543166,48.90202429149798,192.427716652113,31.793466259024942,31.318073785988307,26.31490142251118,6.6874563133672345,4.282813509194981,1.342880313609914,6.714401568049594,4.321961181714987
24,4.8,517.5960784313726,563.3372549019607,512,552,13,24,154.59607843137258,16.359373378981225,199.6627450980393,27.30430702195409,199.6627450980393,27.30430702195409,0.8179686689490613,0.34130383777442613,True,20,5,2,2,"fly (2,5)",0.20000000000000018,1.6163213463522652,-5.96234023973966,6.177539625861804,30.88769812930899,29.811701198698277,200.3097552196061,40.05278785663595,39.4101928374655,27.392787038578614,4.076813839138232,5.389428080337157,0.8331091668593323,4.165545834296658,5.442304527157318
25,5.0,516.305785123967,555.4338842975206,510,544,14,24,153.30578512396698,16.22283440465259,207.56611570247935,28.385109839655293,207.56611570247935,28.385109839655293,0.8111417202326295,0.35481387299569117,True,20,5,2,2,"fly (2,5)",0.20000000000000018,-1.290293307405591,-7.903370604440056,8.008003729411147,40.040018647055696,39.516853022200245,207.6318424890618,37.14485210886001,36.61043634727849,28.394098118162294,5.404014088506002,5.006555397918429,1.089393235825141,5.446966179125701,5.0505615875821075
26,5.2,516.4208333333333,547.3333333333333,509,537,16,22,153.42083333333335,16.235008818342152,215.66666666666674,29.492877492877504,215.66666666666674,29.492877492877504,0.8117504409171077,0.3686609686609688,True,20,5,2,2,"fly (2,5)",0.20000000000000018,0.11504820936636406,-8.100550964187391,8.101367910043074,40.50683955021533,40.50275482093692,216.8136485448174,46.732752514894656,45.90903027877797,29.649729715530583,5.538838266111052,6.2781579868414354,1.1078345498647937,5.5391727493239635,6.345997228599871
27,5.4,513.4,535.7918367346939,506,525,16,23,150.39999999999998,15.915343915343913,227.2081632653061,31.071201814058956,227.2081632653061,31.071201814058956,0.7957671957671957,0.3883900226757369,True,20,5,2,2,"fly (2,5)",0.20000000000000018,-3.0208333333333712,-11.541496598639355,11.930279869482602,59.651399347412955,57.70748299319673,226.08032388808545,47.22095242370086,46.33337671634026,30.91696736931083,7.89162160590725,6.336188268901238,1.6103705514699913,8.05185275734995,6.409286361092371
28,5.6,511.8661417322835,527.6338582677165,505,517,16,23,148.8661417322835,15.75303087114111,235.3661417322835,32.18682280099603,235.3661417322835,32.18682280099603,0.7876515435570556,0.4023352850124504,True,20,5,2,2,"fly (2,5)",0.1999999999999993,-1.5338582677164823,-8.157978466977397,8.300923674694827,41.50461837347429,40.78989233488713,237.04639683125762,56.36369583494894,54.83036471586086,32.41660127606942,5.578104934685408,7.498169533792937,1.1273667153206361,5.636833576603201,7.624452329899043
29,5.8,508.6412213740458,514.4351145038167,502,503,15,24,145.6412213740458,15.411769457570985,248.56488549618325,33.991779213153265,248.56488549618325,33.991779213153265,0.7705884728785493,0.4248972401644158,True,20,5,2,2,"fly (2,5)",0.20000000000000018,-3.224920358237682,-13.198743763899756,13.587013956791925,67.93506978395956,65.99371881949872,247.88550580818173,55.64236703235692,54.1955448846206,33.89887258915306,9.02478206078615,7.411356565418202,1.8369341311487972,9.184670655743979,7.530477603134283
30,6.0,505.878431372549,503.27450980392155,499,492,16,23,142.87843137254902,15.119410727253864,259.72549019607845,35.518015753309875,259.72549019607845,35.518015753309875,0.7559705363626932,0.44397519691637344,True,20,5,2,2,"fly (2,5)",0.20000000000000018,-2.7627900014967963,-11.160604699895202,11.497482587927392,57.48741293963691,55.80302349947596,259.2336078178186,58.816790846375746,56.74051004818414,35.45074978705211,7.631182700783043,7.759385989495269,1.5539857154111354,7.76992857705567,7.930724334003212
31,6.2,502.66044776119406,493.589552238806,495,482,17,24,139.66044776119406,14.778883360972916,269.410447761194,36.8424543946932,269.410447761194,36.8424543946932,0.7389441680486458,0.460530679933665,True,20,5,2,2,"fly (2,5)",0.20000000000000018,-3.2179836113549527,-9.684957565115553,10.205577963106158,51.02788981553075,48.424787825577724,269.1348068158483,51.06943486476012,49.505994990148515,36.804759906440786,6.622193206916614,6.770050596943385,1.3675147538419994,6.837573769209991,6.899107838528916
32,6.4,501.4630350194552,484.7315175097276,494,473,17,24,138.46303501945522,14.65217301793177,278.2684824902724,38.0538095713193,278.2684824902724,38.0538095713193,0.7326086508965884,0.47567261964149127,True,20,5,2,2,"fly (2,5)",0.20000000000000018,-1.1974127417388445,-8.858034729078383,8.938600367822543,44.693001839112675,44.290173645391874,279.03953965580655,51.38062681298433,49.52366419979146,38.159253286264146,6.056775883130493,6.772466899116783,1.2179642338642191,6.08982116932109,6.925913307827204
33,6.6,498.0389105058366,473.5603112840467,491,462,16,24,135.0389105058366,14.28983179955943,289.4396887159533,39.58149589277994,289.4396887159533,39.58149589277994,0.7144915899779715,0.49476869865974926,True,20,5,2,2,"fly (2,5)",0.1999999999999993,-3.424124513618608,-11.171206225680919,11.684197756861872,58.420988784309564,55.856031128404794,289.02613340461977,51.57377260903505,49.932968744066045,39.524941320289884,7.638431607303239,6.828440170128682,1.5700689969901005,7.850344984950531,6.963855896186778
34,6.8,495.2251908396947,463.6297709923664,487,453,18,23,132.22519083969468,13.992083686740179,299.3702290076336,40.939518496770404,299.3702290076336,40.939518496770404,0.6996041843370089,0.51174398120963,True,20,5,2,2,"fly (2,5)",0.20000000000000018,-2.8137196661419352,-9.930540291680302,10.32146544073659,51.60732720368291,49.65270145840147,299.66144544274607,56.2252876346449,53.176560190631356,40.979342966529366,6.790113019952309,7.272008231197453,1.3902803068577443,6.951401534288715,7.524754282065133
35,7.0,490.6589147286822,452.8255813953488,483,442,17,23,127.65891472868219,13.508879865469016,310.1744186046512,42.41701451003777,310.1744186046512,42.41701451003777,0.6754439932734507,0.5302126813754721,True,20,5,2,2,"fly (2,5)",0.20000000000000018,-4.566276111012485,-10.804189597017569,11.729509383188452,58.64754691594221,54.020947985087794,309.8495078604257,57.48036179704093,50.940312088398194,42.372582271511206,7.387480066336807,6.966196524909161,1.5545032653912325,7.772516326956156,7.520494418853972
36,7.2,483.0387596899225,442.99612403100775,473,434,21,19,120.03875968992247,12.70251425290185,320.00387596899225,43.76121380772544,320.00387596899225,43.76121380772544,0.6351257126450924,0.547015172596568,True,20,5,2,2,"fly (2,5)",0.20000000000000018,-7.6201550387597194,-9.829457364341067,12.437242254299544,62.18621127149767,49.14728682170529,319.18284119375903,55.62321605544713,46.66666666666662,43.64893554786448,6.72099648843836,6.381766381766378,1.567513079063411,7.837565395317048,7.144450977670897
37,7.4,477.5152671755725,435.6297709923664,467,426,22,20,114.51526717557249,12.118017690536771,327.3702290076336,44.768578325830234,327.3702290076336,44.768578325830234,0.6059008845268385,0.559607229072878,True,20,5,2,2,"fly (2,5)",0.20000000000000018,-5.523492514349982,-7.366353038641364,9.207177995780311,46.035889978901515,36.831765193206785,327.1977785819522,50.904429517353975,40.07468694096598,44.744995361634494,5.036822590523964,5.480299068850051,1.1646542421478991,5.823271210739491,6.408487691146224
38,7.6,471.8346153846154,428.78076923076924,462,419,22,20,108.8346153846154,11.51689051689052,334.21923076923076,45.705193951347795,334.21923076923076,45.705193951347795,0.575844525844526,0.5713149243918475,True,20,5,2,2,"fly (2,5)",0.1999999999999993,-5.680651790957086,-6.849001761597151,8.898237460332513,44.49118730166273,34.245008807985876,334.76481353992546,52.15548389263197,37.83517478986607,45.779803561015434,4.683078127587822,5.174040996904764,1.112925293476423,5.564626467382135,6.424776454396269
39,7.8,461.7394636015326,420.2950191570881,451,412,23,18,98.73946360153258,10.448620486934665,342.7049808429119,46.865638405868296,342.7049808429119,46.865638405868296,0.5224310243467332,0.5858204800733536,True,20,5,2,2,"fly (2,5)",0.20000000000000018,-10.095151783082827,-8.485750073681118,13.187874879466344,65.93937439733166,42.42875036840555,342.4677663548714,55.07527542420245,38.51476407472983,46.833198817760184,5.802222272602501,5.266976283723742,1.5772863370134373,7.88643168506718,6.718728076761555
40,8.0,454.0152091254753,412.5209125475285,443,404,24,18,91.01520912547528,9.631239060896855,350.4790874524715,47.92876409606448,350.4790874524715,47.92876409606448,0.4815619530448427,0.599109551200806,True,20,5,2,2,"fly (2,5)",0.20000000000000018,-7.724254476057297,-7.774106609559624,10.959052914722596,54.79526457361293,38.870533047798084,351.2028904899955,64.0521809034936,43.67562067562066,48.02774570803357,5.315628450980898,5.972734451366926,1.3410252155670712,6.7051260778353505,7.763579260335438
41,8.2,443.76190476190476,402.57539682539687,433,394,22,19,80.76190476190476,8.54623330813807,360.42460317460313,49.28883462216795,360.42460317460313,49.28883462216795,0.42731166540690346,0.6161104327770994,True,20,5,2,2,"fly (2,5)",0.1999999999999993,-10.253304363570521,-9.945515722131631,14.284380747907196,71.42190373953623,49.727578610658334,360.59073884116304,64.66156183179784,46.939241755837365,49.311554029560746,6.800352630517376,6.419041607635871,1.7398360036207512,8.699180018103787,7.960958673749822
42,8.4,435.1235059760956,392.1314741035857,425,383,22,19,72.1235059760956,7.632117034507471,370.8685258964143,50.71706337044982,370.8685258964143,50.71706337044982,0.38160585172537353,0.6339632921306227,True,20,5,2,2,"fly (2,5)",0.20000000000000107,-8.638398785809159,-10.443922721811191,13.55350343644894,67.76751718224433,52.21961360905568,370.65793377997505,67.40576148582672,50.33597469406007,50.688264448543585,7.141143741409334,6.883552094914198,1.695713985062075,8.47856992531033,8.362070412402067
43,8.6,427.21008403361344,382.31932773109247,418,373,20,19,64.21008403361344,6.794717887154862,380.68067226890753,52.05889535301299,380.68067226890753,52.05889535301299,0.3397358943577431,0.6507361919126624,True,20,5,2,2,"fly (2,5)",0.1999999999999993,-7.9134219424821595,-9.812146372493203,12.60557270713987,63.02786353569958,49.06073186246619,379.9092565312978,60.68518181154991,46.25661375661375,51.953402602570634,6.70915991281588,6.325690770135221,1.581692258758412,7.9084612937920875,7.569716420465361
44,8.8,420.218253968254,374.82142857142856,410,365,21,20,57.218253968253975,6.054841689762325,388.17857142857144,53.08424908424909,388.17857142857144,53.08424908424909,0.3027420844881163,0.6635531135531135,True,20,5,2,2,"fly (2,5)",0.20000000000000107,-6.991830065359466,-7.497899159663916,10.25203294334121,51.26016471670577,37.48949579831938,388.7536391125488,57.45366222995299,44.221912906255106,53.16289081881009,5.126768656180446,6.04744108119728,1.2644236084587401,6.322118042293667,7.186686199413278
45,9.0,413.1589958158996,365.59832635983264,404,357,20,18,50.15899581589957,5.307830245068738,397.40167364016736,54.345528019168185,397.40167364016736,54.345528019168185,0.2653915122534369,0.6793191002396023,True,20,5,2,2,"fly (2,5)",0.1999999999999993,-7.059258152354403,-9.223102211595915,11.614591687490678,58.0729584374536,46.11551105797974,396.75232306889,51.70056331237112,39.993419781705896,54.25672794104478,6.30639467459551,5.469185611173461,1.465895852430811,7.329479262154081,6.4765218403005775
46,9.2,407.6034482758621,358.32327586206895,398,350,20,18,44.60344827586209,4.719941616493343,404.67672413793105,55.340406719717066,404.67672413793105,55.340406719717066,0.23599708082466717,0.6917550839964633,True,20,5,2,2,"fly (2,5)",0.1999999999999993,-5.55554754003748,-7.2750504977636865,9.153713356590764,45.76856678295398,36.37525248881856,405.6357817155065,55.391317220581435,44.41729323308266,55.47155989271883,4.974393502744423,6.074159758370264,1.1555936432907932,5.777968216453987,7.0115616439329544
47,9.4,400.36842105263156,348.17105263157896,391,340,20,18,37.36842105263156,3.954330270119742,414.82894736842104,56.728744939271245,414.82894736842104,56.728744939271245,0.1977165135059871,0.7091093117408906,True,20,5,2,2,"fly (2,5)",0.20000000000000107,-7.2350272232305315,-10.152223230489994,12.466485288267402,62.33242644133668,50.7611161524497,414.6340226342495,55.314651300077855,44.99120459371512,56.702088565367454,6.941691097770855,6.152643363243101,1.5854474906381684,7.927237453190799,7.032284652548302
48,9.6,393.86486486486484,338.6036036036036,386,329,17,20,30.864864864864842,3.2661232661232638,424.3963963963964,58.037114037114044,424.3963963963964,58.037114037114044,0.16330616330616318,0.7254639254639255,True,20,5,2,2,"fly (2,5)",0.1999999999999993,-6.503556187766719,-9.567449027975385,11.56859213518853,57.842960675942855,47.8372451398771,424.59414046346274,58.05258100662243,49.80058914606604,58.06415596081541,6.541845489214021,6.810336977239801,1.4783296576000189,7.391648288000121,7.509938676988735
49,9.8,390.2146118721461,328.44292237442926,383,319,16,20,27.214611872146122,2.8798531081636107,434.55707762557074,59.426608906060956,434.55707762557074,59.426608906060956,0.14399265540818054,0.742832611325762,True,20,5,2,2,"fly (2,5)",0.20000000000000107,-3.6502529927187197,-10.160681229174315,10.796471180517607,53.98235590258775,50.80340614587131,429.4767370109836,55.91265828926531,49.3203256428742,58.73186147158749,6.9474743447345215,6.744659916974273,1.4421860579550652,7.210930289775288,7.301289288887704
4,0.8,453.22727272727275,178.6818181818182,449,178,10,3,90.22727272727275,9.54785954785955,584.3181818181818,79.9067599067599,584.3181818181818,79.9067599067599,0.4773929773929775,0.9988344988344987,True,21,6,2,2,"fly (2,6)",,,,,,,584.3355614973261,4.539601847024718,0.08689839572213033,79.90913661501897,,0.011883541295318881,,,0.4804401177412733
5,1.0,451.4117647058823,178.64705882352942,448,178,8,3,88.41176470588232,9.355742296918764,584.3529411764706,79.91151332327803,584.3529411764706,79.91151332327803,0.4677871148459382,0.9988939165409754,True,21,6,2,2,"fly (2,6)",0.19999999999999996,-1.8155080213904284,-0.03475935828876686,1.8158407388098867,9.079203694049436,0.17379679144426066,584.4055258467023,6.144557324849994,0.3787878787879133,79.91870438929261,0.023767082590637763,0.05180005180003871,0.1921760470965093,0.9608802354825466,0.6514254545227484
6,1.2,453.27272727272725,178.45454545454547,451,178,6,2,90.27272727272725,9.55266955266955,584.5454545454545,79.93783993783993,584.5454545454545,79.93783993783993,0.4776334776334775,0.9992229992229992,True,21,6,2,2,"fly (2,6)",0.19999999999999996,1.8609625668449326,-0.19251336898395266,1.8708936561001086,9.354468280500544,0.9625668449194793,584.4491978609625,9.21683598727499,0.56818181818187,79.92467663055898,0.13163307280947836,0.07770007770005806,0.1986792256171396,0.9933961280856982,0.9771381817841225
17,3.4,924.925,750.675,918,743,17,15,118.92499999999995,12.997267759562837,6.3250000000000455,0.8620102214650829,6.3250000000000455,0.8620102214650829,0.6498633879781418,0.010775127768313535,True,22,4,4,4,"fly (4,4)",,,,,,,16.52039473684215,54.78280526087254,50.97697368421048,2.2515018380704803,,6.947458083026981,,,7.285243250563296
18,3.6,916.9,730.2842105263157,912,721,11,21,110.89999999999998,12.12021857923497,26.715789473684254,3.6409934546758778,26.715789473684254,3.6409934546758778,0.6060109289617485,0.04551241818344847,True,22,4,4,4,"fly (4,4)",0.20000000000000018,-8.024999999999977,-20.390789473684208,21.913122104349036,109.56561052174509,101.95394736842096,28.517219679633893,79.80617382131426,76.97644927536224,3.8865035338512968,13.894916166053962,10.490827839913083,2.914097300225321,14.570486501126592,10.741684159602448
19,3.8,913.8858695652174,704.4891304347826,909,695,11,21,107.88586956521738,11.790805416963648,52.51086956521738,7.1565069254129305,52.51086956521738,7.1565069254129305,0.5895402708481824,0.08945633656766162,True,22,4,4,4,"fly (4,4)",0.19999999999999973,-3.014130434782601,-25.795080091533123,25.970582188439504,129.8529109421977,128.97540045766578,49.93377322412861,110.3958529331931,107.08276772247359,6.805284255417869,17.577567353685286,14.593903607832857,3.530913195536145,17.654565977680747,14.887242142258238
20,4.0,917.1357466063348,686.4253393665158,911,676,13,22,111.1357466063348,12.145983235665007,70.5746606334842,9.618352386164798,70.5746606334842,9.618352386164798,0.6072991617832503,0.12022940482705996,True,22,4,4,4,"fly (4,4)",0.20000000000000018,3.249877041117429,-18.063791068266823,18.353807467127314,91.7690373356365,90.31895534133403,69.37806758835775,100.94356590685864,97.22147182114573,9.455273265874991,12.309227303759325,13.24994505228562,2.4873347895934774,12.436673947967376,13.58151761584802
21,4.2,924.5044247787611,671.9513274336283,917,663,17,19,118.50442477876106,12.951303254509407,85.04867256637169,11.59096048604725,85.04867256637169,11.59096048604725,0.6475651627254703,0.14488700607559063,True,22,4,4,4,"fly (4,4)",0.20000000000000018,7.368678172426257,-14.474011932887493,16.241749888548362,81.20874944274173,72.37005966443739,84.20961935391146,88.60206965401402,74.15775882776845,11.476609111265617,9.86304049941225,10.10667922695311,2.130662584379188,10.653312921895932,11.447519329633195
22,4.4,938.707182320442,659.9944751381215,932,653,16,16,132.70718232044203,14.503517193490932,97.00552486187848,13.220514461584802,97.00552486187848,13.220514461584802,0.7251758596745466,0.16525643076981003,True,22,4,4,4,"fly (4,4)",0.20000000000000018,14.202757541680967,-11.956852295506792,18.565684436732777,92.8284221836638,59.78426147753391,93.70891209611791,74.36821170381886,47.49646371103227,12.771231631498182,8.147769877687756,6.473112601162828,2.250514223807258,11.25257111903628,9.111357793317772
23,4.6,948.300518134715,657.9274611398964,940,651,18,15,142.30051813471505,15.551969195050825,99.07253886010358,13.502219946862498,99.07253886010358,13.502219946862498,0.7775984597525413,0.1687777493357812,True,22,4,4,4,"fly (4,4)",0.1999999999999993,9.593335814273019,-2.067013998225093,9.813492697010165,49.067463485051,10.335069991125502,100.2448246594641,62.65659797693098,32.67956281673093,13.661986324969554,1.4085274263884846,4.4537734673568545,1.0856378678042176,5.428189339021107,7.401842343798826
24,4.8,955.6307692307693,652.3435897435897,949,644,15,18,149.63076923076926,16.353089533417407,104.65641025641025,14.263224566461364,104.65641025641025,14.263224566461364,0.8176544766708703,0.17829030708076704,True,22,4,4,4,"fly (4,4)",0.20000000000000018,7.330251096054212,-5.583871396306677,9.214781652415637,46.07390826207814,27.919356981533358,106.54260850700273,52.41035645839771,31.488919237693068,14.52028736040923,3.8050230979943276,4.291505177198373,1.1049533146678197,5.524766573339093,6.379339594268626
25,5.0,960.9044943820224,641.1011235955057,955,633,13,18,154.90449438202245,16.92945293792595,115.89887640449433,15.795417567903828,115.89887640449433,15.795417567903828,0.8464726468962975,0.19744271959879783,True,22,4,4,4,"fly (4,4)",0.20000000000000018,5.273725151253188,-11.242466148084077,12.417939525612809,62.08969762806399,56.212330740420335,117.4559288869682,63.588614756371356,54.56660189982731,16.007622335532293,7.66096500721231,7.436674875615306,1.637012574089138,8.185062870445682,8.273848215237878
26,5.2,965.3409090909091,625.1875,960,617,12,18,159.34090909090912,17.414307004470942,131.8125,17.964224872231686,131.8125,17.964224872231686,0.8707153502235471,0.22455281090289608,True,22,4,4,4,"fly (4,4)",0.20000000000000018,4.436414708886673,-15.913623595505669,16.520447675794404,82.60223837897195,79.56811797752827,130.45412770530126,68.79215686974776,64.99099409166523,17.779097472613458,10.844036521639282,8.85737568540582,2.222343040385774,11.11171520192886,9.19463396819154
27,5.4,968.8120805369127,613.3489932885906,964,605,10,18,162.81208053691273,17.79367000403418,143.65100671140942,19.577649977704862,143.65100671140942,19.577649977704862,0.8896835002017089,0.24472062472131076,True,22,4,4,4,"fly (4,4)",0.20000000000000018,3.471171446003609,-11.838506711409423,12.336906920441475,61.68453460220732,59.192533557047064,143.0014158173834,64.63369251727822,62.736440560410664,19.489119702539472,8.067125527365874,8.550111149630071,1.6574247664400177,8.28712383220008,8.717511804348703
28,5.6,969.6222222222223,603.4592592592593,966,595,8,19,163.62222222222226,17.882210078931394,153.54074074074072,20.92548425768187,153.54074074074072,20.92548425768187,0.8941105039465698,0.26156855322102335,True,22,4,4,4,"fly (4,4)",0.1999999999999993,0.8101416853095316,-9.889734029331294,9.922860914131043,49.61430457065539,49.448670146656646,156.165844192039,66.71868932944516,65.82214187327813,21.28324963434944,6.739171399885062,8.970649659049831,1.3507392757834291,6.753696378917169,9.04975918300017
29,5.8,970.099173553719,585.6942148760331,967,577,7,19,164.09917355371897,17.93433590751027,171.30578512396687,23.346614667661584,171.30578512396687,23.346614667661584,0.8967167953755135,0.2918326833457698,True,22,4,4,4,"fly (4,4)",0.20000000000000018,0.4769513314967071,-17.765044383226154,17.77144576309456,88.85722881547272,88.82522191613069,167.88081474401818,58.66241495852365,58.574852759895954,22.879838465964998,12.10565204989856,7.98294415807781,2.4216914675766548,12.108457337883262,7.990621706888233
30,6.0,970.5408163265306,578.204081632653,967,570,7,18,164.5408163265306,17.982602877216458,178.79591836734699,24.367416472551547,178.79591836734699,24.367416472551547,0.899130143860823,0.30459270590689436,True,22,4,4,4,"fly (4,4)",0.20000000000000018,0.4416427728116332,-7.490133243380114,7.503142297888576,37.51571148944284,37.45066621690054,180.18056783043798,61.73665806108775,61.49876543209884,24.55612508762357,5.1040090244498115,8.381433108292855,1.0219422807728549,5.10971140386427,8.40231665668052
31,6.2,972.24,566.56,971,562,3,11,166.24,18.168306010928962,190.44000000000005,25.954344122657588,190.44000000000005,25.954344122657588,0.9084153005464481,0.32442930153321986,True,22,4,4,4,"fly (4,4)",0.20000000000000018,1.6991836734694061,-11.64408163265307,11.767406775669548,58.83703387834768,58.2204081632653,196.9093272864702,49.38178264250047,49.14150451120164,26.836024161699513,7.934638250530199,6.697308962344347,1.597756245658807,7.9887812282940285,6.718401672188666
34,6.8,971.031746031746,535.5079365079365,968,530,6,14,165.03174603174602,18.036256396912133,221.4920634920635,30.186311889889407,221.4920634920635,30.186311889889407,0.9018128198456067,0.3773288986236175,True,22,4,4,4,"fly (4,4)",0.5999999999999996,-1.2082539682539846,-31.05206349206344,31.07556153582652,51.79260255971089,51.753439153439096,214.06771594313764,52.269808398258824,51.28965051437797,29.174475767378215,7.053279612053035,6.99007162035815,4.234027430644617,7.0567123844076995,7.076607153693483
35,7.0,968.1626506024096,526.7289156626506,962,519,12,18,162.1626506024096,17.722694054908153,230.2710843373494,31.38277128958765,230.2710843373494,31.38277128958765,0.8861347027454076,0.3922846411198457,True,22,4,4,4,"fly (4,4)",0.20000000000000018,-2.8690954293364257,-8.779020845285913,9.23595775134359,46.17978875671791,43.89510422642953,231.2865887289669,59.860247295420514,51.59207116018691,31.52117052524251,5.98229699849122,7.031287381286112,1.2368655696757453,6.184327848378722,7.792134463561831
36,7.2,956.9130434782609,514.9033816425122,949,507,17,18,150.91304347826087,16.49322879543835,242.09661835748784,32.99442839625047,242.09661835748784,32.99442839625047,0.8246614397719173,0.4124303549531309,True,22,4,4,4,"fly (4,4)",0.20000000000000018,-11.249607124148724,-11.825534020138434,16.32167011396656,81.60835056983274,59.12767010069212,241.63604274225068,63.568611595631616,51.74727006641891,32.93165829536636,8.058285533314084,7.052438850619264,2.0270726315798164,10.135363157899073,8.134766567327377
37,7.4,949.8936170212766,504.4595744680851,942,495,17,21,143.89361702127655,15.726078362981044,252.54042553191488,34.41777520026097,252.54042553191488,34.41777520026097,0.7863039181490522,0.4302221900032621,True,22,4,4,4,"fly (4,4)",0.20000000000000018,-7.01942645698432,-10.443807174427036,12.583539092068856,62.91769546034422,52.21903587213513,252.54954230032857,67.04330687610368,54.56749779038936,34.41901768999367,7.116734020052491,7.436796973136549,1.6169217391408692,8.08460869570434,8.57759025774102
38,7.6,945.5907335907336,493.988416988417,939,483,15,24,139.59073359073363,15.255817878768703,263.011583011583,35.84484947346958,263.011583011583,35.84484947346958,0.7627908939384351,0.4480606184183697,True,22,4,4,4,"fly (4,4)",0.1999999999999993,-4.30288343054292,-10.471157479668136,11.320774919626782,56.60387459813411,52.355787398340865,263.82539875637656,61.39231117081647,56.37928228023992,35.9557613296595,7.135371366043079,7.6837181983291245,1.5025597839239242,7.512798919619648,8.134850540561738
39,7.8,946.2815884476535,481.0758122743682,940,469,14,26,140.28158844765346,15.33132114182005,275.9241877256318,37.60465931524794,275.9241877256318,37.60465931524794,0.7665660570910026,0.47005824144059927,True,22,4,4,4,"fly (4,4)",0.20000000000000018,0.6908548569198274,-12.912604714048769,12.931072690794226,64.65536345397108,64.56302357024379,278.4743478214959,74.76740668900216,73.24474532559644,37.95221094671154,8.799049208891809,9.98224808526017,1.761428801272248,8.807144006361233,10.117405910850705
40,8.0,944.9127272727272,460.51272727272726,939,449,14,26,138.91272727272724,15.181718827620463,296.48727272727274,40.40712405141707,296.48727272727274,40.40712405141707,0.7590859413810231,0.5050890506427134,True,22,4,4,4,"fly (4,4)",0.20000000000000018,-1.3688611749262236,-20.563085001640957,20.60859640298028,103.0429820149013,102.8154250082047,295.3394006753128,84.46133721176734,84.32526426908457,40.250684930195945,14.012323680845627,11.492369917422087,2.8064549613142504,14.03227480657124,11.50429923265103
41,8.2,944.1348314606741,443.39325842696627,938,432,14,25,138.13483146067415,15.096702891876957,313.60674157303373,42.74027142392283,313.60674157303373,42.74027142392283,0.7548351445938478,0.5342533927990353,True,22,4,4,4,"fly (4,4)",0.1999999999999993,-0.7778958120530888,-17.11946884576099,17.137133233285866,85.68566616642963,85.59734422880526,314.4781980034838,95.95651649239817,95.69398664085514,42.859038910185184,11.665736862528822,13.041769899946194,2.334695777004117,11.673478885020627,13.064793022970482
42,8.4,942.2028985507246,423.65942028985506,936,412,14,26,136.20289855072463,14.885562683139304,333.34057971014494,45.42972125521567,333.34057971014494,45.42972125521567,0.7442781341569652,0.5678715156901958,True,22,4,4,4,"fly (4,4)",0.20000000000000107,-1.9319329099495235,-19.733838137111206,19.828180259172818,99.14090129586356,98.6691906855555,333.5670758443929,95.64207398490227,95.44438920454547,45.46058955289852,13.447249156464132,13.007753213566666,2.6977250754639304,13.48862537731958,13.025090701590221
43,8.6,941.68359375,403.24609375,936,392,13,25,135.68359375,14.82880806010929,353.75390625,48.21177597955707,353.75390625,48.21177597955707,0.7414404030054644,0.6026471997444633,True,22,4,4,4,"fly (4,4)",0.1999999999999993,-0.5193048007246261,-20.413326539855063,20.419930898482654,102.09965449241363,102.06663269927569,351.7828394060698,91.27953058240193,91.07881780838444,47.94314676743712,13.910273621707049,12.412786072692937,2.782633568486081,13.913167842430454,12.43038914313813
44,8.8,942.4354838709678,388.7459677419355,937,378,13,24,136.4354838709678,14.910981843821618,368.2540322580645,50.187943067538605,368.2540322580645,50.187943067538605,0.7455490921910809,0.6273492883442325,True,22,4,4,4,"fly (4,4)",0.20000000000000107,0.7518901209678006,-14.500126008064512,14.519607191785799,72.5980359589286,72.50063004032218,367.79110770781637,81.28814669936197,80.0413415087329,50.124852839225404,9.880835439907631,10.90853035894145,1.9778748419328833,9.889374209664364,11.018802818123035
45,9.0,946.8461538461538,375.63461538461536,940,365,15,24,140.8461538461538,15.393022278268177,381.36538461538464,51.974839470580534,381.36538461538464,51.974839470580534,0.7696511139134088,0.6496854933822567,True,22,4,4,4,"fly (4,4)",0.1999999999999993,4.410669975186011,-13.11135235732013,13.833349929348692,69.16674964674371,65.55676178660087,380.9770679818975,68.54691058505107,65.92980137040553,51.92191727180886,8.934482015209678,8.985322162917283,1.8507732804548513,9.253866402274289,9.217123488187623
46,9.2,951.3726235741444,363.6882129277567,944,353,16,24,145.37262357414443,15.887718423403763,393.3117870722433,53.60296927730744,393.3117870722433,53.60296927730744,0.7943859211701881,0.670037115966343,True,22,4,4,4,"fly (4,4)",0.1999999999999993,4.526469727990616,-11.946402456858664,12.775189229896133,63.875946149480896,59.73201228429353,394.66432038710406,71.21034220205547,68.43626202603285,53.7873009045457,8.140649033634546,9.326918163684196,1.701625970524837,8.508129852624215,9.572496803365448
47,9.4,953.2834008097166,347.6842105263158,947,336,14,25,147.28340080971657,16.096546536581045,409.3157894736842,55.78409396574912,409.3157894736842,55.78409396574912,0.8048273268290523,0.6973011745718641,True,22,4,4,4,"fly (4,4)",0.20000000000000107,1.9107772355721409,-16.004002401440914,16.117666161988442,80.58833080994178,80.02001200720414,409.3144553398706,74.8457970186346,73.25067476383265,55.78391214172001,10.905623442208364,9.98305618587157,2.191098831039581,10.955494155197846,10.124309635343579
48,9.6,953.9676113360324,331.6842105263158,948,321,14,24,147.9676113360324,16.17132364328223,425.3157894736842,57.964673182103475,425.3157894736842,57.964673182103475,0.8085661821641115,0.7245584147762933,True,22,4,4,4,"fly (4,4)",0.1999999999999993,0.6842105263158373,-16.0,16.014622819296164,80.0731140964811,80.00000000000028,426.04051292890864,83.85133685947226,83.63028794518998,58.06344298860765,10.902896081771804,11.397654234438164,2.1818609796417285,10.909304898208681,11.417048443575403
49,9.8,953.570281124498,313.5100401606426,948,302,13,25,147.57028112449802,16.12789957644787,443.4899598393574,60.44156181797035,443.4899598393574,60.44156181797035,0.8063949788223935,0.7555195227246293,True,22,4,4,4,"fly (4,4)",0.20000000000000107,-0.3973302115343813,-18.174170365673206,18.178513134398866,90.89256567199385,90.87085182836555,434.4028746565209,85.48283988423748,85.4354259141829,59.20311750003691,12.384443179334324,11.643669630553063,2.477269255463951,12.386346277319689,11.647825587764183
18,3.6,882.1259842519685,754.1889763779527,871,750,21,8,76.12598425196848,8.319779699668686,2.811023622047287,0.383103730432339,2.811023622047287,0.383103730432339,0.4159889849834343,0.004788796630404237,True,23,5,4,4,"fly (4,5)",,,,,,,5.537525012343792,42.14078293637078,13.632506951482544,0.7546882469974504,,1.8579225828255594,,,4.737424508407405
19,3.8,898.075907590759,748.7359735973597,887,740,23,18,92.07590759075902,10.062940720301532,8.264026402640297,1.1262727635625618,8.264026402640297,1.1262727635625618,0.5031470360150766,0.014078409544532024,True,23,5,4,4,"fly (4,5)",0.19999999999999973,15.94992333879054,-5.45300278059301,16.85631317454829,84.28156587274157,27.265013902965087,9.03669395727377,56.391860836049,22.040013708477392,1.2315766892366293,3.715845165651119,3.0037497388044145,1.8949698033629596,9.47484901681481,6.425814924431435
20,4.0,913.171974522293,740.9649681528663,902,733,25,18,107.171974522293,11.71278410079705,16.035031847133723,2.1853535737149876,16.035031847133723,2.1853535737149876,0.5856392050398525,0.02731691967143735,True,23,5,4,4,"fly (4,5)",0.20000000000000018,15.096066931533983,-7.771005444493426,16.978803327081103,84.89401663540544,38.85502722246709,17.529894416591333,87.40246730626792,42.466002296587796,2.38908271435657,5.295404050762125,5.787530125599699,1.9605191512959006,9.802595756479494,10.201037470944195
21,4.2,927.171875,728.709375,917,719,23,20,121.171875,13.242827868852459,28.290624999999977,3.8556218057921603,28.290624999999977,3.8556218057921603,0.6621413934426229,0.048195272572402005,True,23,5,4,4,"fly (4,5)",0.20000000000000018,13.999900477707001,-12.255593152866254,18.606363882131376,93.0318194106568,61.27796576433121,26.965218949044583,82.46133128913384,47.17662266226622,3.674987250295684,8.351341160385855,6.429522679695565,2.265133527907659,11.325667639538285,9.811337390445194
22,4.4,938.3266666666667,720.43,928,711,23,19,132.3266666666667,14.461930783242263,36.57000000000005,4.983986371379904,36.57000000000005,4.983986371379904,0.7230965391621131,0.06229982964224881,True,23,5,4,4,"fly (4,5)",0.20000000000000018,11.15479166666671,-8.279375000000073,13.891631564267866,69.45815782133927,41.39687500000033,33.697550381263646,54.970091389678664,33.66165716109527,4.5925111252148065,5.641822827938715,4.587619374595607,1.6611497550635623,8.305748775317804,6.643192191098532
23,4.6,938.6732026143791,720.7679738562091,928,712,23,19,132.67320261437908,14.499803564413014,36.232026143790904,4.937925198472355,36.232026143790904,4.937925198472355,0.7249901782206507,0.061724064980904436,True,23,5,4,4,"fly (4,5)",0.1999999999999993,0.3465359477123684,0.3379738562091461,0.48405938740798105,2.4202969370399137,-1.6898692810457365,36.37075238896443,24.224834531411215,13.366010038503935,4.956831671409122,-0.2303058645377484,1.8216027309715752,0.05963203168790067,0.2981601584395044,2.898850528194748
24,4.8,938.8118811881188,720.6897689768977,928,711,23,20,132.81188118811883,14.514959692690583,36.31023102310235,4.948583444375107,36.31023102310235,4.948583444375107,0.7257479846345292,0.06185729305468884,True,23,5,4,4,"fly (4,5)",0.20000000000000018,0.13867857373975312,-0.07820487931144271,0.15920976717089144,0.7960488358544565,0.3910243965572132,36.30029261884946,1.24982819055462,-0.35229885057485183,4.94722897701526,0.053291229513758816,-0.04801347196931438,0.01852853016538703,0.09264265082693506,0.1507698674618443
25,5.0,938.9068965517241,720.6413793103449,928,711,23,19,132.90689655172412,14.52534388543433,36.35862068965514,4.955178288198316,36.35862068965514,4.955178288198316,0.7262671942717165,0.06193972860247894,True,23,5,4,4,"fly (4,5)",0.20000000000000018,0.09501536360528462,-0.04838966655279364,0.10662775975389804,0.5331387987694898,0.241948332763968,35.794546815050616,5.977667906845487,-2.5287290189942246,4.878302802732622,0.03297421911604645,-0.34463087141318266,0.012301358623818696,0.06150679311909343,0.6960820467293312
26,5.2,941.7922535211268,722.2852112676056,931,714,23,17,135.79225352112678,14.840683444931889,34.71478873239437,4.731146675624445,34.71478873239437,4.731146675624445,0.7420341722465944,0.059139333445305566,True,23,5,4,4,"fly (4,5)",0.20000000000000018,2.8853569694026646,1.6438319572607725,3.3207632171825066,16.603816085912516,-8.219159786303855,35.16335869623871,6.468798152152136,-3.1559405940595275,4.792280571889433,-1.1201580628693533,-0.4301111542159482,0.3868193392483934,1.9340966962419652,0.7572444275273226
27,5.4,941.45,722.5833333333334,930,714,24,18,135.45000000000005,14.803278688524594,34.41666666666663,4.6905167518455375,34.41666666666663,4.6905167518455375,0.7401639344262297,0.05863145939806921,True,23,5,4,4,"fly (4,5)",0.20000000000000018,-0.3422535211267359,0.298122065727739,0.4538879143548806,2.269439571774401,-1.4906103286386938,34.318609386305866,9.758641480896825,-4.2237465496642335,4.677152897622605,-0.2031496188945379,-0.5756383713341374,0.05522595864418188,0.27612979322090914,1.1241401133809747
28,5.6,943.4444444444445,723.1756272401434,932,716,25,15,137.44444444444446,15.021250758955679,33.8243727598566,4.609795265397834,33.8243727598566,4.609795265397834,0.7510625379477839,0.05762244081747291,True,23,5,4,4,"fly (4,5)",0.1999999999999993,1.9944444444444116,0.5922939068100277,2.080533757000704,10.402668785003556,-2.961469534050149,32.87928827444955,22.09299425585181,-7.196605559281578,4.480993291236737,-0.40360743223852114,-0.980798031929346,0.23243877013600925,1.1621938506800504,2.4869612181816687
29,5.8,953.6031746031746,726.6031746031746,942,721,25,13,147.60317460317458,16.131494492150228,30.39682539682542,4.142667856466837,30.39682539682542,4.142667856466837,0.8065747246075113,0.05178334820583547,True,23,5,4,4,"fly (4,5)",0.20000000000000018,10.158730158730123,3.427547363031181,10.721374882155503,53.60687441077747,-17.13773681515589,31.498699518362816,22.480884092595478,-6.902943780433663,4.292838094495784,-2.335637044654979,-0.9407759837047592,1.2045120021288105,6.022560010644047,2.521075398269382
30,6.0,954.2788844621514,726.7250996015936,943,721,24,13,148.27888446215138,16.20534256416955,30.27490039840643,4.126051161622682,30.27490039840643,4.126051161622682,0.8102671282084775,0.051575639520283524,True,23,5,4,4,"fly (4,5)",0.20000000000000018,0.675709858976802,0.12192499841899007,0.6866218164010814,3.433109082005404,-0.6096249920949498,30.335867885942434,19.116654566959404,-5.814158162101909,4.13436018888483,-0.08308347422077748,-0.7923895280547755,0.07569446669681006,0.37847233348404996,2.1476773131956923
31,6.2,954.2900763358779,726.6641221374045,943,720,24,14,148.29007633587787,16.206565719768072,30.335877862595453,4.134361548564968,30.335877862595453,4.134361548564968,0.8103282859884037,0.0516795193570621,True,23,5,4,4,"fly (4,5)",0.20000000000000018,0.011191873726488666,-0.06097746418902261,0.061996041619067924,0.3099802080953393,0.3048873209451128,30.165569939979076,2.096397527574702,-0.8514897298167997,4.111150928787608,0.041551934711430115,-0.1160463004861048,0.008399919091795962,0.04199959545897977,0.25120534382830945
32,6.4,954.5285171102662,727.1140684410647,943,721,24,14,148.5285171102662,16.23262482079412,29.88593155893534,4.073040076175174,29.88593155893534,4.073040076175174,0.811631241039706,0.050913000952189674,True,23,5,4,4,"fly (4,5)",0.20000000000000018,0.238440774388323,0.4499463036601128,0.509220658524673,2.546103292623363,-2.249731518300562,29.53972977806484,17.8957015278195,-3.1292008095711865,4.025857550673232,-0.30660736194896704,-0.426466890571882,0.06662882050837976,0.3331441025418985,1.9878009432003318
33,6.6,964.5851528384279,728.6026200873363,955,722,19,14,158.58515283842792,17.33171069272436,28.397379912663723,3.8701710272795533,28.397379912663723,3.8701710272795533,0.8665855346362181,0.04837713784099442,True,23,5,4,4,"fly (4,5)",0.1999999999999993,10.056635728161723,1.4885516462716168,10.166204216547925,50.8310210827398,-7.442758231358111,30.52562981775016,28.831543319311873,4.929500198426603,4.160222121669528,-1.014345244478109,0.6718228549814788,1.1176518263200195,5.588259131600117,3.351131916724642
34,6.8,969.045871559633,723.7064220183486,964,718,10,13,163.04587155963304,17.81922093547902,33.293577981651424,4.537455261553856,33.293577981651424,4.537455261553856,0.890961046773951,0.05671819076942321,True,23,5,4,4,"fly (4,5)",0.20000000000000018,4.460718721205126,-4.896198068987701,6.623501116514497,33.117505582572456,24.480990344938483,35.19523157880682,31.665674124895585,9.213130324678088,4.796624405970265,3.336421171371512,1.2556225314723108,0.8263985032063829,4.131992516031911,3.734845218324411
39,7.8,972.1578947368421,713.1052631578947,971,710,3,8,166.15789473684208,18.15933275812482,43.89473684210532,5.982246929077386,43.89473684210532,5.982246929077386,0.9079666379062409,0.07477808661346733,True,23,5,4,4,"fly (4,5)",1.0,3.112023177209039,-10.601158860453893,11.048495709374482,11.048495709374482,10.601158860453893,38.50721605236337,24.132245869145738,2.4250438871775573,5.248002187715621,1.4447916675235293,0.3305000186954074,1.4842840073412056,1.4842840073412056,3.1477414432365056
40,8.0,971.1833333333334,718.6666666666666,969,712,5,14,165.1833333333334,18.052823315118403,38.33333333333337,5.224304372515621,38.33333333333337,5.224304372515621,0.9026411657559202,0.06530380465644527,True,23,5,4,4,"fly (4,5)",0.20000000000000018,-0.9745614035086874,5.561403508771946,5.646147263098062,28.230736315490283,-27.807017543859704,38.911317509459955,19.484916964114188,-12.114371195122294,5.303075640130828,-3.7897127828088193,-1.6510216279553376,0.7653895612672809,3.826947806336401,2.6409100862587525
41,8.2,970.9411764705883,722.4941176470588,968,714,6,18,164.9411764705883,18.0263580842173,34.50588235294117,4.7026756187994785,34.50588235294117,4.7026756187994785,0.901317904210865,0.05878344523499348,True,23,5,4,4,"fly (4,5)",0.1999999999999993,-0.24215686274510517,3.8274509803922,3.8351037734955447,19.17551886747779,-19.137254901961068,34.568026850379816,21.887736493788804,-21.71645329540068,4.711145056269821,-2.6081437685807223,-2.9596529193050336,0.5222996890197282,2.6114984450986505,2.9746988045626037
42,8.4,971.2162162162163,726.1351351351351,969,718,5,17,165.21621621621625,18.056417072810518,30.8648648648649,4.206455177494364,30.8648648648649,4.206455177494364,0.902820853640526,0.05258068971867955,True,23,5,4,4,"fly (4,5)",0.20000000000000107,0.2750397456279643,3.6410174880762725,3.6513908596796845,18.256954298398323,-18.205087440381266,31.210340396802923,16.818770754170476,-16.788432267884453,4.253538725288303,-2.4811022065255584,-2.288031654907591,0.4971300324505548,2.4856501622527607,2.290691709327542
43,8.6,971.2465753424658,728.7397260273973,969,721,5,17,165.2465753424658,18.059735010105552,28.260273972602704,3.851485379571067,28.260273972602704,3.851485379571067,0.9029867505052777,0.048143567244638336,True,23,5,4,4,"fly (4,5)",0.1999999999999993,0.030359126249550172,2.6045908922621948,2.604767819327053,13.023839096635312,-13.02295446131102,27.169918074027652,20.219811670084383,-20.202111613876287,3.702884916392185,-1.7748489896164927,-2.7532690444805845,0.3549853041262417,1.7749265206312148,2.7548210594668325
44,8.8,971.2179487179487,734.6153846153846,969,726,5,18,165.21794871794873,18.056606417262156,22.38461538461536,3.0507141921111223,22.38461538461536,3.0507141921111223,0.9028303208631078,0.038133927401389024,True,23,5,4,4,"fly (4,5)",0.20000000000000107,-0.02862662451707365,5.8756585879873455,5.875728323043934,29.378641615219514,-29.37829293993657,19.751303971203015,37.27366370641184,-37.093070514123234,2.6918301834688947,-4.003855937299702,-5.055273664616454,0.8007772991033084,4.003886495516521,5.071122988057533
45,9.0,969.4887218045112,748.390977443609,965,740,9,18,163.48872180451121,17.86761986934549,8.609022556390983,1.1732909787244952,8.609022556390983,1.1732909787244952,0.8933809934672744,0.014666137234056189,True,23,5,4,4,"fly (4,5)",0.1999999999999993,-1.7292269134375147,13.775592828224376,13.88370208147609,69.4185104073807,-68.87796414112212,10.858990424779904,48.22889069429295,-44.46156773211563,1.4799305519291182,-9.387116066933169,-6.059498157698893,1.8869111896049657,9.434555948024862,6.403995889443408
46,9.2,963.5833333333334,755.4166666666666,958,753,13,5,157.58333333333337,17.222222222222225,1.5833333333333712,0.21578648495173713,1.5833333333333712,0.21578648495173713,0.8611111111111113,0.002697331061896714,True,23,5,4,4,"fly (4,5)",0.1999999999999993,-5.905388471177844,7.025689223057611,9.177904012055697,45.88952006027865,-35.128446115288185,5.096177944862177,57.654015233829675,-52.00320512820516,0.694538731838116,-4.787522468863807,-7.087319267898488,1.154709044957764,5.77354522478884,7.604050586406851
23,4.6,972.4666666666667,284.26666666666665,972,281,2,8,166.4666666666667,18.19307832422587,472.73333333333335,64.42703009653607,472.73333333333335,64.42703009653607,0.9096539162112934,0.8053378762067007,True,24,6,4,4,"fly (4,6)",,,,,,,485.0712121212121,61.694920375859425,61.68939393939377,66.10851272520779,,8.407413143358575,,,8.40789749196078
24,4.8,972.1363636363636,259.5909090909091,971,256,3,9,166.13636363636363,18.15697963238947,497.4090909090909,67.7899953538795,497.4090909090909,67.7899953538795,0.9078489816194734,0.8473749419234938,True,24,6,4,4,"fly (4,6)",0.20000000000000018,-0.33030303030307095,-24.67575757575753,24.67796815034379,123.38984075171885,123.37878787878753,496.2109967600533,76.39715607813979,76.26205450733733,67.62671165384033,16.81482628671715,10.393465690948853,3.363158996784315,16.81579498392156,10.405313764453503
25,5.0,970.3113207547169,238.50943396226415,967,231,7,18,164.31132075471692,17.95752139395813,518.4905660377358,70.66310951110539,518.4905660377358,70.66310951110539,0.8978760696979067,0.8832888688888173,True,24,6,4,4,"fly (4,6)",0.20000000000000018,-1.8250428816467092,-21.081475128644968,21.160325496540114,105.80162748270048,105.40737564322446,517.3855467290167,106.17141814151846,105.87274984481677,70.51251062746394,14.365570786129412,14.428994868118098,2.880029261887792,14.400146309438947,14.455192128987614
26,5.2,968.4413407821229,220.74301675977654,963,212,11,20,162.4413407821229,17.753151998046217,536.2569832402235,73.08442701740694,536.2569832402235,73.08442701740694,0.8876575999023109,0.9135553377175868,True,24,6,4,4,"fly (4,6)",0.20000000000000018,-1.8699799725940238,-17.766417202487617,17.864557238027217,89.322786190136,88.83208601243828,537.1263760751092,99.05557151176988,98.70414673046251,73.20291326406941,12.106587531507731,13.452013183027264,2.42992701872047,12.149635093602338,13.482835520635726
27,5.4,969.6165413533835,200.3684210526316,965,192,9,18,163.61654135338347,17.881589218949014,556.6315789473684,75.86120326369587,556.6315789473684,75.86120326369587,0.8940794609474506,0.9482650407961983,True,24,6,4,4,"fly (4,6)",0.20000000000000018,1.175200571260575,-20.374595707144948,20.408460172494653,102.04230086247317,101.8729785357248,556.0707677315954,94.97992554860734,94.72195828243083,75.78477243360754,13.883881231444649,12.90929584769075,2.7797450317731816,13.898725158865895,12.931920554768011
28,5.6,970.5395683453237,181.67625899280574,967,170,7,25,164.5395683453237,17.982466485827725,575.3237410071943,78.40868701971984,575.3237410071943,78.40868701971984,0.8991233242913863,0.9801085877464979,True,24,6,4,4,"fly (4,6)",0.1999999999999993,0.923026991940219,-18.692162059825847,18.714937918642505,93.57468959321285,93.46081029912942,565.9776599772813,97.80849522784301,97.6668944174271,77.13494514170785,12.737418780119869,13.310650005782257,2.5494802823671505,12.747401411835797,13.323063285350845
24,4.8,397.44545454545454,691.6181818181818,392,685,13,14,34.44545454545454,3.6450216450216444,71.38181818181818,9.76161616161616,71.38181818181818,9.76161616161616,0.18225108225108222,0.12202020202020201,True,25,7,2,2,"fly (2,7)",,,,,,,71.7412966878083,1.8452151046680427,1.7973925299506261,9.810775615426776,,0.24579726905307608,,,0.24973377456482887
25,5.0,397.61240310077517,690.8992248062016,392,685,13,13,34.61240310077517,3.662688158812187,72.10077519379843,9.859935069237391,72.10077519379843,9.859935069237391,0.18313440794060937,0.1232491883654674,True,25,7,2,2,"fly (2,7)",0.20000000000000018,0.16694855532063002,-0.7189570119802511,0.7380860418672177,3.6904302093360855,3.5947850599012523,72.07180593436583,2.3131867623470983,2.2516770761044786,9.855973461109855,0.49159453810615217,0.30792165143309,0.09989350982593163,0.49946754912965774,0.31298552428951926
26,5.2,397.76335877862596,690.2671755725191,392,684,13,14,34.76335877862596,3.6786623046165032,72.73282442748086,9.946369152476015,72.73282442748086,9.946369152476015,0.18393311523082517,0.1243296144059502,True,25,7,2,2,"fly (2,7)",0.20000000000000018,0.15095567785078856,-0.6320492336824373,0.6498260155410425,3.2491300777052095,3.1602461684121836,73.2381314410887,5.98204461677307,5.831627533614395,10.015470966302727,0.43217041619311797,0.7974875259643613,0.08789780474778011,0.43948902373890014,0.8098672836144646
27,5.4,398.2450331125828,688.1192052980132,393,680,12,18,35.2450331125828,3.729633133606646,74.88079470198682,10.240108677194778,74.88079470198682,10.240108677194778,0.1864816566803323,0.12800135846493474,True,25,7,2,2,"fly (2,7)",0.20000000000000018,0.4816743339568461,-2.1479702745059512,2.201314712655585,11.006573563277916,10.739851372529747,75.00708748052323,9.172331891014366,8.844780197172604,10.257379484515996,1.468697623593814,1.20954259106634,0.29812905559496744,1.4906452779748358,1.2365786966079169
28,5.6,399.0509554140127,685.592356687898,394,678,12,17,36.05095541401272,3.8149159168267426,77.40764331210198,10.585660623877194,77.40764331210198,10.585660623877194,0.19074579584133713,0.13232075779846492,True,25,7,2,2,"fly (2,7)",0.1999999999999993,0.8059223014299164,-2.5268486101151666,2.652258406411985,13.261292032059973,12.634243050575877,79.55262158856037,23.205442590061647,22.727670540185727,10.878990986469793,1.7277597334120882,3.1080575097689898,0.35592035762200164,1.7796017881100146,3.1474162069760845
29,5.8,400.44585987261144,676.6305732484077,396,668,11,19,37.445859872611436,3.9625248542445966,86.3694267515923,11.811203658337408,86.3694267515923,11.811203658337408,0.1981262427122298,0.1476400457292176,True,25,7,2,2,"fly (2,7)",0.20000000000000018,1.3949044585987167,-8.961783439490318,9.069692434969419,45.34846217484705,44.80891719745155,86.10501491574617,33.150839831920074,32.76196663592902,11.775044774802895,6.127715172301066,4.48026894166551,1.2344003109686816,6.172001554843403,4.5123124536217585
30,6.0,400.4367088607595,668.4620253164558,395,660,11,18,37.436708860759495,3.961556493202063,94.53797468354423,12.928270042194084,94.53797468354423,12.928270042194084,0.19807782466010315,0.16160337552742604,True,25,7,2,2,"fly (2,7)",0.20000000000000018,-0.009151011851940893,-8.168547931951935,8.168553057770644,40.84276528885319,40.84273965975964,106.5232739391007,54.429564374275124,53.0641332294156,14.567285325005225,5.585331919283373,7.256633604022646,1.1170668035823725,5.585334017911857,7.369391981598308
33,6.6,414.3248407643312,624.3375796178344,410,616,10,19,51.32484076433121,5.43120008088161,138.66242038216558,18.96238227448418,138.66242038216558,18.96238227448418,0.2715600040440805,0.23702977843105227,True,25,7,2,2,"fly (2,7)",0.5999999999999996,13.888131903571718,-44.124445698621344,46.25847939547506,77.09746565912513,73.54074283103562,126.28261032104858,50.95610876047659,49.7695200223823,17.269416796040833,10.0568537204835,6.806088208189035,6.210504223223794,10.350840372039663,6.904166828961697
34,6.8,414.4166666666667,617.3525641025641,410,609,10,18,51.416666666666686,5.440917107583776,145.6474358974359,19.91759807144423,145.6474358974359,19.91759807144423,0.2720458553791888,0.24896997589305284,True,25,7,2,2,"fly (2,7)",0.20000000000000018,0.09182590233547216,-6.985015515270334,6.985619066690297,34.92809533345145,34.92507757635164,145.85225661994946,50.36260855238414,48.82106960714736,19.94560774289907,4.776078984800232,6.676385587302202,0.955265219386715,4.776326096933571,6.803689870934431
35,7.0,412.60493827160496,609.7530864197531,408,601,11,19,49.604938271604965,5.249199817101054,153.24691358024688,20.956842882768804,153.24691358024688,20.956842882768804,0.2624599908550527,0.26196053603461006,True,25,7,2,2,"fly (2,7)",0.20000000000000018,-1.8117283950617207,-7.599477682810971,7.812452932915175,39.06226466457584,37.99738841405482,152.5378425199582,35.4428412367366,33.42792950004364,20.85987590016522,5.1962240566228735,4.571340786330753,1.0567806287660126,5.2839031438300585,4.74095451806307
36,7.2,409.1575342465753,604.2808219178082,404,596,12,17,46.157534246575324,4.884395158367759,158.71917808219177,21.705186746282635,158.71917808219177,21.705186746282635,0.24421975791838796,0.27131483432853293,True,25,7,2,2,"fly (2,7)",0.20000000000000018,-3.447404025029641,-5.472264501944892,6.467632742436505,32.3381637121825,27.361322509724435,158.29126132337697,33.81841115758839,28.76709401709394,21.646668215162663,3.7417193175691534,3.933961574987205,0.8325268626851169,4.16263431342558,4.3693112148436635
37,7.4,404.84615384615387,600.0923076923077,400,593,11,16,41.84615384615387,4.428164428164431,162.9076923076923,22.277975016436553,162.9076923076923,22.277975016436553,0.22140822140822153,0.2784746877054569,True,25,7,2,2,"fly (2,7)",0.20000000000000018,-4.311380400421456,-4.188514225500512,6.010961019201375,30.054805096006845,20.942571127502543,164.35254654021776,35.85706088326253,30.306426084203924,22.47556192002978,2.8639413507695872,4.144468524335582,0.732279237455071,3.6613961872753515,4.621358318140872
38,7.6,401.84615384615387,591.5692307692308,397,585,11,15,38.84615384615387,4.110704110704113,171.43076923076922,23.44352399737015,171.43076923076922,23.44352399737015,0.20553520553520566,0.29304404996712685,True,25,7,2,2,"fly (2,7)",0.1999999999999993,-3.0,-8.523076923076928,9.035642768319612,45.17821384159822,42.61538461538479,169.3051282051282,29.770926351749925,24.762908324552246,23.15283804514574,5.8277449046680045,3.3863806255797964,1.2080088907443323,6.040044453721682,3.8191777953721253
39,7.8,400.0230769230769,589.4230769230769,395,582,11,16,37.02307692307693,3.9177859177859182,173.5769230769231,23.73701512163051,173.5769230769231,23.73701512163051,0.1958892958892959,0.29671268902038134,True,25,7,2,2,"fly (2,7)",0.20000000000000018,-1.8230769230769397,-2.1461538461538794,2.815952023528947,14.079760117644723,10.730769230769388,172.96850084222345,25.630585572006595,18.31686318547635,23.653812080987823,1.4674556213017973,2.504870179210439,0.3512185490238686,1.7560927451193415,3.2224380924089733
40,8.0,396.5109489051095,589.1021897810219,392,582,11,16,33.5109489051095,3.546132159270847,173.89781021897807,23.780897123962813,173.89781021897807,23.780897123962813,0.17730660796354233,0.29726121404953515,True,25,7,2,2,"fly (2,7)",0.20000000000000018,-3.5121280179674272,-0.32088714205497126,3.526756551355369,17.63378275677683,1.604435710274855,174.9601767991168,18.268258478229473,9.958379784466752,23.926178023810845,0.21941001166151589,1.3618297141151068,0.3742354156771795,1.8711770783858959,2.1682066635798223
41,8.2,393.5072463768116,585.5942028985507,388,579,12,15,30.507246376811622,3.228280039874246,177.40579710144925,24.260621825839213,177.40579710144925,24.260621825839213,0.16141400199371228,0.30325777282299016,True,25,7,2,2,"fly (2,7)",0.1999999999999993,-3.003702528297879,-3.5079868824711866,4.618246512053355,23.09123256026686,17.539934412355997,178.14918223812222,23.60321235468682,15.945027195027114,24.362281331709024,2.398623509382007,2.180516539490885,0.5754700334468439,2.87735016723423,2.92908799940257
42,8.4,391.6969696969697,579.8560606060606,386,573,12,15,28.69696969696969,3.0367163700497026,183.14393939393938,25.045325045325043,183.14393939393938,25.045325045325043,0.15183581850248512,0.31306656306656305,True,25,7,2,2,"fly (2,7)",0.20000000000000107,-1.8102766798419339,-5.738142292490124,6.016924349403386,30.08462174701677,28.69071146245047,184.84114023530495,36.569918638716196,33.459789985913666,25.27742088687931,3.923516097429133,4.575697775851441,0.8077473505175208,4.038736752587583,4.8393437632599285
43,8.6,388.4473684210526,569.0263157894738,384,563,10,14,25.4473684210526,2.6928432191590055,193.97368421052624,26.526315789473674,193.97368421052624,26.526315789473674,0.13464216095795029,0.3315789473684209,True,25,7,2,2,"fly (2,7)",0.1999999999999993,-3.2496012759170867,-10.829744816586867,11.306780321772953,56.533901608864966,54.14872408293453,192.00246246133108,37.07443462057417,35.80661113013053,26.25674700325895,7.4049537207431815,4.8966305818981954,1.520388873991589,7.601944369957971,5.00136667056924
44,8.8,388.2283464566929,564.1102362204724,383,557,11,15,25.22834645669292,2.6696662917135363,198.88976377952758,27.198600174978132,198.88976377952758,27.198600174978132,0.1334833145856768,0.33998250218722664,True,25,7,2,2,"fly (2,7)",0.20000000000000107,-0.21902196435968335,-4.91607956900134,4.920956101168184,24.60478050584079,24.58039784500657,199.1077673348841,36.395078614365296,35.52652436776523,27.228412626992696,3.3614219275222723,4.858328118668745,0.6726837778324368,3.3634188891621664,4.930017444710724
45,9.0,388.8905109489051,558.5401459854015,384,551,11,16,25.890510948905103,2.7397366083497463,204.45985401459848,27.960321916526286,204.45985401459848,27.960321916526286,0.13698683041748733,0.3495040239565786,True,25,7,2,2,"fly (2,7)",0.1999999999999993,0.6621644922121845,-5.570090235070893,5.609310745678005,28.046553728390126,27.850451175354564,205.73248129369418,33.19710380906535,33.123569794050475,28.134356416231686,3.8086087077407837,4.529718946194936,0.7649378150024037,3.824689075012032,4.535747911391804
46,9.2,388.8695652173913,549.1521739130435,384,542,11,16,25.86956521739131,2.7375201288244773,213.8478260869565,29.244147157190632,213.8478260869565,29.244147157190632,0.13687600644122389,0.3655518394648829,True,25,7,2,2,"fly (2,7)",0.1999999999999993,-0.020945731513791088,-9.387972072358025,9.387995438592995,46.93997719296514,46.93986036179029,214.39908355123407,44.41442981003248,43.33301128769941,29.319532793331152,6.419126203321751,5.925881885497355,1.283827154000238,6.419135770001213,6.015332739837221
47,9.4,392.58895705521473,538.1104294478528,387,530,12,17,29.588957055214735,3.13110656668939,224.88957055214723,30.754129306276546,224.88957055214723,30.754129306276546,0.1565553283344695,0.3844266163284568,True,25,7,2,2,"fly (2,7)",0.20000000000000107,3.719391837823423,-11.041744465190732,11.6513517017485,58.25675850874219,55.20872232595337,222.18763333160283,40.15540083028519,38.94274890184379,30.38463361799697,7.549910745429531,5.325504123329069,1.5604346748996918,7.802173374498417,5.425820141016906
48,9.6,393.4295302013423,535.1744966442952,388,528,12,16,30.42953020134229,3.220056105962147,227.82550335570477,31.15562439052373,227.82550335570477,31.15562439052373,0.16100280529810734,0.3894453048815466,True,25,7,2,2,"fly (2,7)",0.1999999999999993,0.8405731461275536,-2.9359328035575345,3.053893357829637,15.26946678914824,14.679664017787724,227.79609217407702,29.26056571773628,28.042294212370862,31.151602348591734,2.0074754212359274,3.8348436529737953,0.4112302557102155,2.0561512785510847,3.9356199382411448
49,9.8,393.5686274509804,532.3267973856209,388,525,13,16,30.568627450980387,3.234775391638136,230.67320261437908,31.545053348974918,230.67320261437908,31.545053348974918,0.1617387695819068,0.3943131668621865,True,25,7,2,2,"fly (2,7)",0.20000000000000107,0.13909724963809822,-2.847699258674311,2.851094371063698,14.255471855318413,14.238496293371478,229.24935298504192,14.76246932223333,14.45908015557961,31.350338869749326,1.9471447922559266,1.9773101067459269,0.38970703233478865,1.9485351616739328,2.002343220112509
30,6.0,600.4761904761905,650.7619047619048,600,646,2,11,17.47619047619048,1.8299675891298934,109.23809523809518,15.015545737195215,109.23809523809518,15.015545737195215,0.09149837945649467,0.1876943217149402,True,26,3,3,3,"fly (3,3)",,,,,,,109.73809523809518,2.499999999999998,2.499999999999998,15.084274259531984,,0.3436426116838473,,,0.3436426116838473
31,6.2,600.4761904761905,649.7619047619048,600,645,2,11,17.47619047619048,1.8299675891298934,110.23809523809518,15.153002781868754,110.23809523809518,15.153002781868754,0.09149837945649467,0.18941253477335943,True,26,3,3,3,"fly (3,3)",0.20000000000000018,0.0,-1.0,1.0,4.999999999999996,4.999999999999996,109.73809523809518,2.499999999999998,2.499999999999998,15.084274259531984,0.6872852233676946,0.3436426116838473,0.13745704467353903,0.6872852233676946,0.3436426116838473
40,8.0,600.4615384615385,652.7692307692307,600,650,2,7,17.461538461538453,1.8284333467579532,107.23076923076928,14.739624636531861,107.23076923076928,14.739624636531861,0.09142166733789765,0.18424530795664826,True,27,4,3,3,"fly (3,4)",,,,,,,85.36538461538464,15.619315775631064,-15.618131868131883,11.73407348665081,,-2.146822249915036,,,2.1469166888180964
47,9.4,601.0,696.5,600,693,3,8,18.0,1.8848167539267016,63.5,8.728522336769759,63.5,8.728522336769759,0.09424083769633508,0.109106529209622,True,27,4,3,3,"fly (3,4)",1.4000000000000004,0.5384615384615472,43.73076923076928,43.73408417176699,31.238631551262127,-31.236263736263766,73.59766381766383,32.81187928037788,-32.80838420838433,10.11651736325276,-4.293644499830072,-4.509743533798532,6.011366728690672,4.293833377636193,4.51002233360233
48,9.6,600.7911111111111,709.9377777777778,600,662,3,91,17.79111111111115,1.8629435718440994,50.0622222222222,6.88140511645666,50.0622222222222,6.88140511645666,0.09314717859220498,0.08601756395570825,True,27,4,3,3,"fly (3,4)",0.1999999999999993,-0.2088888888888505,13.437777777777796,13.439401257974255,67.19700628987151,-67.18888888888922,54.178036590807665,34.63562063679833,-34.62560866175334,7.447152795987307,-9.235586101565524,-4.759533836667125,1.8472467246341528,9.236233623170797,4.760332864250677
49,9.8,600.8835341365461,711.0281124497992,600,662,3,93,17.883534136546132,1.8726213755545689,48.97188755020079,6.7315309347355035,48.97188755020079,6.7315309347355035,0.09363106877772844,0.0841441366841938,True,27,4,3,3,"fly (3,4)",0.20000000000000107,0.09242302543498226,1.090334672021413,1.094244813852274,5.471224069261341,-5.451673360107036,49.5170548862115,36.334115179566425,-36.32028112449813,6.806468025596081,-0.7493709086057803,-4.992478505085652,0.1501863183890088,0.75093159194504,4.993582607557919
43,8.6,933.6851851851852,171.62962962962962,928,170,14,5,127.68518518518522,13.954665047561226,585.3703703703704,79.77790396870466,585.3703703703704,79.77790396870466,0.6977332523780613,0.9972237996088082,True,28,7,4,4,"fly (4,7)",,,,,,,584.6339031339032,22.27583801817235,-3.682336182336295,79.67753364686926,,-0.5018516091769927,,,2.4529111654740676
44,8.8,924.8974358974359,173.10256410256412,917,170,19,8,118.89743589743591,12.994255289337259,583.8974358974359,79.57716332503387,583.8974358974359,79.57716332503387,0.6497127644668629,0.9947145415629232,True,28,7,4,4,"fly (4,7)",0.20000000000000107,-8.787749287749307,1.4729344729344973,8.910335207268988,44.5516760363447,-7.36467236467259,583.5497950717249,43.51862666480065,-6.647985705003333,79.5297846775775,-1.0037032183539853,-0.9060287161844611,0.9811644661896323,4.905822330948135,4.7869432629292055
45,9.0,907.8815789473684,175.6184210526316,899,170,19,12,101.88157894736844,11.134598792062125,581.3815789473684,79.23428673899399,581.3815789473684,79.23428673899399,0.5567299396031062,0.990428584237425,True,28,7,4,4,"fly (4,7)",0.1999999999999993,-17.015856950067473,2.515856950067473,17.200840791611387,86.00420395805725,-12.57928475033741,581.4729583282215,67.85222247474191,-10.384183717517141,79.24674048766222,-1.7143829301993978,-1.4152209495764625,1.8910014915678897,9.455007457839482,7.463695679565473
46,9.2,893.4545454545455,177.86013986013987,885,174,19,9,87.4545454545455,9.557873820168906,579.1398601398602,78.92877139895879,579.1398601398602,78.92877139895879,0.4778936910084453,0.9866096424869849,True,28,7,4,4,"fly (4,7)",0.1999999999999993,-14.427033492822943,2.2417188075082777,14.600157485964708,73.0007874298238,-11.208594037541427,580.0590944143576,53.94136291641357,-7.069319569319564,79.05405034607939,-1.527576700176004,-0.9634507079141056,1.6060514499817542,8.0302572499088,5.952720347809532
47,9.4,893.2272727272727,177.34415584415584,886,170,17,15,87.22727272727275,9.533035270740191,579.6558441558442,78.9990929002854,579.6558441558442,78.9990929002854,0.47665176353700955,0.9874886612535676,True,28,7,4,4,"fly (4,7)",0.20000000000000107,-0.22727272727274794,-0.5159840159840314,0.563819472271934,2.819097361359655,2.5799200799201434,580.3652347652347,29.68961404845832,1.5307017543858568,79.09577305148002,0.35160750663308515,0.2086135270031991,0.07457926713606247,0.3728963356803104,3.402477950019868
48,9.6,893.0545454545454,174.7,887,170,12,12,87.0545454545454,9.514157973174362,582.3,79.3594548551959,582.3,79.3594548551959,0.47570789865871804,0.9919931856899488,True,28,7,4,4,"fly (4,7)",0.1999999999999993,-0.172727272727343,-2.644155844155847,2.6497914708382897,13.248957354191495,13.220779220778855,582.0781775601448,11.699418978475885,8.564713974550001,79.32922351756658,1.8018097745525161,1.1672523304327116,0.3608560528940972,1.8042802644704925,1.469178430181711
49,9.8,889.8032786885246,172.72131147540983,885,170,10,8,83.80327868852464,9.158828271969906,584.2786885245902,79.62912279721841,584.2786885245902,79.62912279721841,0.45794141359849533,0.9953640349652303,True,28,7,4,4,"fly (4,7)",0.20000000000000107,-3.2512667660207626,-1.9786885245901544,3.8060404439753226,19.03020221987651,9.893442622951003,583.289344262295,16.139579787034002,11.557110921864929,79.49428882620717,1.3483397101125334,1.5750747423325249,0.44607173807886835,2.23035869039433,2.0173194774324115
46,9.2,842.8811188811189,738.7902097902098,838,731,11,17,36.88111888111894,4.030723374985676,18.209790209790185,2.4817431291025804,18.209790209790185,2.4817431291025804,0.20153616874928382,0.03102178911378226,True,29,8,4,4,"fly (4,8)",,,,,,,30.423076923076906,65.2443359815335,61.066433566433275,4.146245577250686,,8.322512240740481,,,8.692947900166727
47,9.4,852.06993006993,714.3636363636364,847,707,12,17,46.069930069930024,5.03496503496503,42.636363636363626,5.810748025398791,42.636363636363626,5.810748025398791,0.2517482517482515,0.07263435031748489,True,29,8,4,4,"fly (4,8)",0.20000000000000107,9.188811188811087,-24.42657342657344,26.09773439261354,130.488671963067,122.13286713286655,41.4497531454053,86.42870396845126,75.48885896711975,5.649029389493056,16.645024481480963,10.28808980812535,3.4771791600667097,17.385895800333454,11.275646240506804
48,9.6,867.1739130434783,693.4968944099379,861,686,14,16,61.17391304347825,6.685673556664289,63.50310559006209,8.654597013977797,63.50310559006209,8.654597013977797,0.3342836778332145,0.10818246267472248,True,29,8,4,4,"fly (4,8)",0.1999999999999993,15.103982973548227,-20.866741953698465,25.75948798845727,128.79743994228681,104.3337097684927,63.81667607754563,136.3584305280302,111.83461466070138,8.697332344469592,14.219244942895083,15.241514774882639,3.28820858423738,16.44104292118696,17.483271470234268
49,9.8,887.7142857142857,671.6894409937888,881,665,15,15,81.71428571428567,8.930523028883679,85.31055900621118,11.626651994032187,85.31055900621118,11.626651994032187,0.44652615144418395,0.14533314992540236,True,29,8,4,4,"fly (4,8)",0.20000000000000107,20.540372670807415,-21.807453416149087,29.957835935747504,149.78917967873673,109.03726708074485,74.40683229813664,139.2933098105118,106.68548842461878,10.140624504004991,14.860274900271868,14.539759921583476,3.724575137836498,18.62287568918239,17.53195930518467
