frame_index,time_s,x_px,y_px,bbox_x,bbox_y,bbox_w,bbox_h,x_from_left_px,x_from_left_mm,y_from_base_px,y_from_base_mm,distance_from_base_px,distance_from_base_mm,relative_x,relative_height,detected,internal_track_id,display_id,physical_vial_index,assay_tube_index,label,dt_s,dx_px,dy_px,displacement_px,speed_px_s_raw,vertical_velocity_px_s_raw,height_px_smoothed,speed_px_s_smoothed,vertical_velocity_px_s_smoothed,height_mm_smoothed,vertical_velocity_mm_s_raw,vertical_velocity_mm_s_smoothed,displacement_mm,speed_mm_s_raw,speed_mm_s_smoothed
0,0.0,146.45454545454547,309.27272727272725,146,307,2,6,16.454545454545467,,479.72727272727275,,479.72727272727275,,0.08186341022161923,0.8062643239113828,True,1,1,1,1,"fly (1,1)",,,,,,,479.72727272727275,0.0,0.0,,,,,,
1,0.2,146.45454545454547,309.27272727272725,146,307,2,6,16.454545454545467,,479.72727272727275,,479.72727272727275,,0.08186341022161923,0.8062643239113828,True,1,1,1,1,"fly (1,1)",0.2,0.0,0.0,0.0,0.0,0.0,513.5515151515152,84.56069293540192,84.56060606060609,,,,,,
3,0.6,146.6,207.8,146,206,3,5,16.599999999999994,,581.2,,581.2,,0.08258706467661689,0.9768067226890758,True,1,1,1,1,"fly (1,1)",0.39999999999999997,0.14545454545452685,-101.47272727272724,101.4728315224823,253.68207880620577,253.68181818181827,548.6424242424242,87.72736789310672,87.7272727272727,,,,,,
5,1.0,146.6086956521739,204.0,146,199,3,11,16.608695652173907,,585.0,,585.0,,0.08263032662773089,0.9831932773109243,True,1,1,1,1,"fly (1,1)",0.4,0.00869565217391255,-3.8000000000000114,3.8000099492457666,9.500024873114416,9.499999999999886,583.1466666666666,89.19795039553571,86.26060606060605,,,,,,
7,1.4,146.48,205.76,146,200,2,13,16.47999999999999,,583.24,,583.24,,0.08199004975124373,0.9802352941176471,True,1,1,1,1,"fly (1,1)",0.3999999999999999,-0.1286956521739171,1.759999999999991,1.7646990029147853,4.4117475072869645,-4.399999999999978,583.6577777777778,5.4819942516337505,0.8555555555555358,,,,,,
8,1.6,146.46666666666667,206.26666666666668,146,203,2,8,16.46666666666667,,582.7333333333333,,582.7333333333333,,0.08192371475953567,0.9793837535014006,True,1,1,1,1,"fly (1,1)",0.20000000000000018,-0.013333333333321207,0.506666666666689,0.5068420748999743,2.5342103744998696,-2.533333333333301,582.9022222222222,2.3153192939289444,-2.3111111111110927,,,,,,
9,1.8,146.46666666666667,206.26666666666668,146,203,2,8,16.46666666666667,,582.7333333333333,,582.7333333333333,,0.08192371475953567,0.9793837535014006,True,1,1,1,1,"fly (1,1)",0.19999999999999996,0.0,0.0,0.0,0.0,0.0,580.0145299145299,7.6417466819551665,-7.641452991452976,,,,,,
11,2.2,146.46153846153845,214.42307692307693,146,208,2,14,16.461538461538453,,574.5769230769231,,574.5769230769231,,0.08189820130118633,0.9656755009696186,True,1,1,1,1,"fly (1,1)",0.40000000000000013,-0.005128205128215768,8.156410256410254,8.156411868546256,20.391029671365633,-20.391025641025628,577.3507306313758,7.074537843402055,-6.521987868762075,,,,,,
12,2.4,146.48387096774195,214.25806451612902,146,207,2,16,16.48387096774195,,574.741935483871,,574.741935483871,,0.08200930829722364,0.9659528327460016,True,1,1,1,1,"fly (1,1)",0.19999999999999973,0.02233250620349736,-0.16501240694790908,0.16651677176810628,0.8325838588405325,0.8250620347394044,574.5204276010728,7.907058173269511,-7.354506604506617,,,,,,
13,2.6,146.4848484848485,214.75757575757575,146,207,2,17,16.4848484848485,,574.2424242424242,,574.2424242424242,,0.08201417156641044,0.9651133180544945,True,1,1,1,1,"fly (1,1)",0.20000000000000018,0.0009775171065484756,0.49951124144672576,0.49951219792047397,2.4975609896023676,-2.4975562072336266,574.4089279895732,1.1100482828143001,-0.557498057498074,,,,,,
14,2.8,146.4848484848485,214.75757575757575,146,207,2,17,16.4848484848485,,574.2424242424242,,574.2424242424242,,0.08201417156641044,0.9651133180544945,True,1,1,1,1,"fly (1,1)",0.19999999999999973,0.0,0.0,0.0,0.0,0.0,574.4092352092352,1.666576412192472,0.0015360983102635413,,,,,,
15,3.0,146.4857142857143,214.25714285714287,146,206,2,18,16.485714285714295,,574.7428571428571,,574.7428571428571,,0.08201847903340445,0.9659543817527011,True,1,1,1,1,"fly (1,1)",0.20000000000000018,0.0008658008657960181,-0.5004329004328838,0.50043364939501,2.5021682469750477,2.5021645021644168,574.7425685425686,1.6666691653704626,1.6666666666666652,,,,,,
16,3.2,146.4848484848485,213.75757575757575,146,206,2,17,16.4848484848485,,575.2424242424242,,575.2424242424242,,0.08201417156641044,0.9667939903234021,True,1,1,1,1,"fly (1,1)",0.20000000000000018,-0.0008658008657960181,-0.4995670995671162,0.49956784982726843,2.49783924913634,2.497835497835579,575.2748556998557,3.14730248576543,2.661435786435883,,,,,,
17,3.4,147.14285714285714,213.16071428571428,146,205,4,19,17.14285714285714,,575.8392857142858,,575.8392857142858,,0.08528784648187632,0.9677971188475392,True,1,1,1,1,"fly (1,1)",0.19999999999999973,0.6580086580086402,-0.5968614718614731,0.8883799922369794,4.441899961184903,2.9843073593076537,576.9197097705163,8.726166021306911,8.224270353302733,,,,,,
18,3.6,146.8709677419355,209.32258064516128,146,204,3,12,16.870967741935488,,579.6774193548388,,579.6774193548388,,0.08393516289520143,0.9742477636215777,True,1,1,1,1,"fly (1,1)",0.20000000000000018,-0.27188940092165126,-3.8381336405529964,3.847751770719901,19.23875885359949,19.190668202764964,578.3980414746544,7.893552938261464,7.391658520690872,,,,,,
19,3.8,146.8709677419355,209.32258064516128,146,204,3,12,16.870967741935488,,579.6774193548388,,579.6774193548388,,0.08393516289520143,0.9742477636215777,True,1,1,1,1,"fly (1,1)",0.19999999999999973,0.0,0.0,0.0,0.0,0.0,579.5111367127497,7.244652048433892,5.5654761904761045,,,,,,
20,4.0,146.85714285714286,209.82142857142858,146,205,3,11,16.85714285714286,,579.1785714285714,,579.1785714285714,,0.08386638237384508,0.9734093637454982,True,1,1,1,1,"fly (1,1)",0.20000000000000018,-0.013824884792626335,0.49884792626730246,0.49903945834043767,2.495197291702186,-2.494239631336652,579.3742191500256,1.111459153560699,-0.6845878136202064,,,,,,
21,4.2,147.0,209.73333333333332,146,205,4,11,17.0,,579.2666666666667,,579.2666666666667,,0.0845771144278607,0.9735574229691877,True,1,1,1,1,"fly (1,1)",0.20000000000000018,0.1428571428571388,-0.08809523809526354,0.16783603379598236,0.8391801689799111,0.4404761904760331,578.9400793650793,2.5991919136463797,-2.170698924731291,,,,,,
22,4.4,146.95833333333334,210.625,146,207,4,9,16.958333333333343,,578.375,,578.375,,0.08436981757877285,0.9720588235294118,True,1,1,1,1,"fly (1,1)",0.20000000000000018,-0.04166666666665719,0.8916666666666799,0.8926396560514094,4.463198280257043,-4.458333333333254,578.949521072797,3.1547000494284396,0.04720853858790649,,,,,,
23,4.6,146.93103448275863,209.79310344827587,146,205,4,11,16.931034482758633,,579.2068965517242,,579.2068965517242,,0.08423400240178425,0.9734569689944944,True,1,1,1,1,"fly (1,1)",0.1999999999999993,-0.027298850574709377,-0.8318965517241281,0.8323443398096699,4.161721699048364,4.15948275862094,578.4106321839081,5.498215491832128,-2.6944444444444486,,,,,,
24,4.8,146.7,211.35,146,208,3,9,16.69999999999999,,577.65,,577.65,,0.08308457711442781,0.9708403361344538,True,1,1,1,1,"fly (1,1)",0.20000000000000018,-0.2310344827586448,1.5568965517241224,1.573945299238197,7.869726496190978,-7.7844827586210315,576.8613897596656,10.561147920633482,-7.746212121212074,,,,,,
25,5.0,146.45454545454547,215.27272727272728,146,213,2,6,16.454545454545467,,573.7272727272727,,573.7272727272727,,0.08186341022161923,0.9642475171886937,True,1,1,1,1,"fly (1,1)",0.20000000000000018,-0.24545454545452117,3.922727272727286,3.930399113332225,19.651995566661107,-19.61363636363613,575.0990909090909,9.892159492511237,-8.811494252873512,,,,,,
26,5.2,146.84,215.07999999999998,146,211,3,10,16.840000000000003,,573.9200000000001,,573.9200000000001,,0.0837810945273632,0.9645714285714287,True,1,1,1,1,"fly (1,1)",0.20000000000000018,0.38545454545453595,-0.1927272727272964,0.4309512829363252,2.154756414681624,0.9636363636366232,573.9838735177865,7.911389448206671,-5.576086956521631,,,,,,
27,5.4,146.8695652173913,214.69565217391303,146,211,3,9,16.86956521739131,,574.304347826087,,574.304347826087,,0.0839281851611508,0.9652173913043479,True,1,1,1,1,"fly (1,1)",0.20000000000000018,0.02956521739130835,-0.3843478260869517,0.38548327265545645,1.9274163632772805,1.9217391304346148,574.0106800445932,1.5263520922883884,0.7962399918922065,,,,,,
32,6.4,146.8846153846154,215.19230769230768,146,211,3,10,16.884615384615387,,573.8076923076924,,573.8076923076924,,0.08400306161500193,0.9643826761473822,True,1,1,1,1,"fly (1,1)",1.0,0.01505016722407504,0.49665551839464683,0.4968834989062607,0.4968834989062607,-0.4966555183946184,574.948457822371,5.7336728315572385,5.351096246748301,,,,,,
33,6.6,146.46666666666667,212.26666666666665,146,209,2,8,16.46666666666667,,576.7333333333333,,576.7333333333333,,0.08192371475953567,0.9692997198879552,True,1,1,1,1,"fly (1,1)",0.1999999999999993,-0.41794871794871824,-2.9256410256410277,2.955343726497624,14.776718632488173,14.628205128204906,575.8346628679963,5.946979812964712,5.09323258598607,,,,,,
34,6.8,146.92592592592592,212.03703703703704,146,208,3,10,16.925925925925924,,576.9629629629629,,576.9629629629629,,0.08420858669614888,0.9696856520385931,True,1,1,1,1,"fly (1,1)",0.20000000000000018,0.45925925925925526,-0.22962962962961342,0.5134674614999408,2.567337307499702,1.1481481481479239,576.6423551756885,7.226423468562079,4.038461538461527,,,,,,
35,7.0,146.46153846153845,212.76923076923077,146,210,2,7,16.461538461538453,,576.2307692307693,,576.2307692307693,,0.08189820130118633,0.9684550743374274,True,1,1,1,1,"fly (1,1)",0.20000000000000018,-0.464387464387471,0.7321937321937355,0.8670428931396741,4.335214465698367,-3.660968660968248,573.1045773979107,19.15241433233255,-17.688888888888894,,,,,,
36,7.2,146.52,222.88,146,217,3,13,16.52000000000001,,566.12,,566.12,,0.08218905472636821,0.9514621848739496,True,1,1,1,1,"fly (1,1)",0.20000000000000018,0.05846153846155744,10.110769230769222,10.110938244759927,50.55469122379959,-50.55384615384635,569.4902564102564,18.296635229832653,-18.071604938271534,,,,,,
37,7.4,146.52,222.88,146,217,3,13,16.52000000000001,,566.12,,566.12,,0.08218905472636821,0.9514621848739496,True,1,1,1,1,"fly (1,1)",0.20000000000000018,0.0,0.0,0.0,0.0,0.0,567.1569230769231,22.03709461481262,-11.666666666666634,,,,,,
38,7.6,146.46153846153845,219.76923076923077,146,217,2,7,16.461538461538453,,569.2307692307693,,569.2307692307693,,0.08189820130118633,0.9566903684550744,True,1,1,1,1,"fly (1,1)",0.1999999999999993,-0.05846153846155744,-3.110769230769222,3.111318524127645,15.55659262063828,15.553846153846449,568.8620211161389,8.526439732141005,8.525490196078461,,,,,,
39,7.8,146.47058823529412,217.76470588235293,146,214,2,9,16.470588235294116,,571.2352941176471,,571.2352941176471,,0.08194322505121451,0.960059317844785,True,1,1,1,1,"fly (1,1)",0.20000000000000018,0.009049773755663182,-2.004524886877846,2.0045453151569483,10.022726575784732,10.022624434388936,570.5671191553545,8.526439732141005,8.525490196078461,,,,,,
40,8.0,146.47058823529412,217.76470588235293,146,214,2,9,16.470588235294116,,571.2352941176471,,571.2352941176471,,0.08194322505121451,0.960059317844785,True,1,1,1,1,"fly (1,1)",0.20000000000000018,0.0,0.0,0.0,0.0,0.0,560.7346405228758,55.844177239269904,-49.162393162393414,,,,,,
41,8.2,146.46666666666667,249.26666666666665,146,246,2,8,16.46666666666667,,539.7333333333333,,539.7333333333333,,0.08192371475953567,0.9071148459383753,True,1,1,1,1,"fly (1,1)",0.1999999999999993,-0.003921568627447414,31.501960784313724,31.501961028404885,157.509805142025,-157.5098039215692,562.0895424836601,111.781462693488,6.774509803920968,,,,,,
42,8.4,146.6,213.7,146,212,3,5,16.599999999999994,,575.3,,575.3,,0.08258706467661689,0.966890756302521,True,1,1,1,1,"fly (1,1)",0.20000000000000107,0.13333333333332575,-35.56666666666666,35.56691658768799,177.834582938439,177.8333333333321,563.7333333333332,113.25787183414558,8.218954248365433,,,,,,
43,8.6,146.41666666666666,212.83333333333334,146,210,2,7,16.416666666666657,,576.1666666666666,,576.1666666666666,,0.08167495854063013,0.9683473389355741,True,1,1,1,1,"fly (1,1)",0.1999999999999993,-0.18333333333333712,-0.8666666666666458,0.8858454843945345,4.429227421972688,4.333333333333386,543.579797979798,222.2453321811697,-100.76767676767628,,,,,,
44,8.8,146.72727272727272,309.72727272727275,146,308,3,5,16.72727272727272,,479.27272727272725,,479.27272727272725,,0.0832202623247399,0.8055003819709702,True,1,1,1,1,"fly (1,1)",0.20000000000000107,0.31060606060606233,96.8939393939394,96.89443723661998,484.47218618309734,-484.4696969696943,527.7196969696969,244.45070680253502,-240.06818181818045,,,,,,
0,0.0,380.90909090909093,772.8181818181819,379,772,5,3,19.909090909090935,,11.18181818181813,,11.18181818181813,,0.10423607805806773,0.01901669758812607,True,2,1,2,2,"fly (2,1)",,,,,,,11.318181818181813,1.3252163397376544,0.6818181818184144,,,,,,
1,0.2,381.3636363636364,772.5454545454545,380,771,4,4,20.363636363636374,,11.454545454545496,,11.454545454545496,,0.10661589719181348,0.01948051948051955,True,2,1,2,2,"fly (2,1)",0.2,0.45454545454543904,-0.27272727272736574,0.5300865358950618,2.650432679475309,1.3636363636368287,11.318181818181813,1.3252163397376544,0.6818181818184144,,,,,,
0,0.0,624.876,650.828,618,640,16,23,49.875999999999976,,125.17200000000003,,125.17200000000003,,0.2611308900523559,0.2128775510204082,True,3,1,3,3,"fly (3,1)",,,,,,,129.6696501901141,23.612588023963802,22.488250950570432,,,,,,
1,0.2,621.9961977186312,641.8326996197718,616,630,14,25,46.99619771863115,,134.1673003802282,,134.1673003802282,,0.24605339119702174,0.22817568091875545,True,3,1,3,3,"fly (3,1)",0.2,-2.879802281368825,-8.995300380228173,9.445035209585521,47.225176047927604,44.976501901140864,132.62097414249078,23.066890148284415,22.25270341207344,,,,,,
2,0.4,622.5787401574803,637.4763779527559,617,626,13,24,47.5787401574803,,138.5236220472441,,138.5236220472441,,0.24910335160984448,0.2355843912368097,True,3,1,3,3,"fly (3,1)",0.2,0.5825424388491456,-4.356321667015891,4.395098879385129,21.975494396925644,21.781608335079454,138.1024699608898,28.272539048252664,27.40747909199513,,,,,,
3,0.6,623.0143369175627,634.3835125448029,617,622,13,25,48.01433691756267,,141.6164874551971,,141.6164874551971,,0.2513839629191763,0.24084436642040324,True,3,1,3,3,"fly (3,1)",0.19999999999999996,0.435596760082376,-3.0928654079530133,3.1233893399809483,15.616946699904744,15.46432703976507,144.87209999287722,34.18173159883862,33.84815015993713,,,,,,
4,0.8,624.8534798534798,621.5238095238095,618,610,15,24,49.853479853479826,,154.47619047619048,,154.47619047619048,,0.2610129835260724,0.26271460965338517,True,3,1,3,3,"fly (3,1)",0.20000000000000007,1.8391429359171525,-12.85970302099338,12.990550739937095,64.95275369968546,64.29851510496687,155.3051853867233,53.503015350371776,52.165426969230374,,,,,,
5,1.0,629.3357933579335,606.1771217712177,622,595,15,24,54.33579335793354,,169.82287822878232,,169.82287822878232,,0.28448059349703425,0.2888144187564325,True,3,1,3,3,"fly (3,1)",0.19999999999999996,4.482313504453714,-15.346687752591833,15.987869130305024,79.93934565152513,76.73343876295918,170.0335222774379,75.26097326737263,73.64168445357298,,,,,,
6,1.2,631.8689138576779,590.1985018726591,625,579,14,24,56.86891385767785,,185.8014981273409,,185.8014981273409,,0.29774300449046,0.3159889423934369,True,3,1,3,3,"fly (3,1)",0.19999999999999996,2.5331204997443137,-15.978619898558577,16.17816409018146,80.89082045090733,79.8930994927929,185.31345878537442,78.2663365546133,76.3996825396826,,,,,,
7,1.4,629.008,575.684,623,564,14,24,54.00800000000004,,200.31600000000003,,200.31600000000003,,0.28276439790575936,0.34067346938775517,True,3,1,3,3,"fly (3,1)",0.19999999999999996,-2.860913857677815,-14.514501872659139,14.793768712281485,73.96884356140744,72.57250936329571,197.3881243757803,61.35495933322696,60.373327952029484,,,,,,
8,1.6,627.87890625,569.953125,622,558,14,25,52.87890625,,206.046875,,206.046875,,0.27685291230366493,0.35041985544217685,True,3,1,3,3,"fly (3,1)",0.20000000000000018,-1.1290937500000382,-5.730874999999969,5.8410427974732215,29.205213987366083,28.65437499999982,207.92040508298757,53.37423727724585,52.66140353603627,,,,,,
9,1.8,626.9460580912863,558.6016597510373,621,547,13,24,51.94605809128632,,217.39834024896265,,217.39834024896265,,0.2719688905302949,0.36972506845061676,True,3,1,3,3,"fly (3,1)",0.19999999999999996,-0.9328481587136821,-11.351465248962654,11.389730856592806,56.94865428296404,56.757326244813285,216.03554419059913,40.824352405518376,40.57569553805782,,,,,,
10,2.0,627.0511811023622,551.3385826771653,621,540,13,24,52.05118110236219,,224.66141732283472,,224.66141732283472,,0.2725192727872366,0.382077240344957,True,3,1,3,3,"fly (3,1)",0.19999999999999996,0.10512301107587518,-7.2630770738720685,7.2638377892450015,36.31918894622502,36.31538536936035,225.6093657800457,47.937835036426556,47.86910794723287,,,,,,
11,2.2,627.2625482625483,541.2316602316603,621,530,13,24,52.26254826254831,,234.76833976833973,,234.76833976833973,,0.2736259071337608,0.3992658839597614,True,3,1,3,3,"fly (3,1)",0.20000000000000018,0.21136716018611423,-10.106922445505006,10.109132376018133,50.54566188009062,50.53461222752499,232.802167092407,35.96927093987386,35.964006561806436,,,,,,
12,2.4,627.3023255813954,537.0232558139535,621,526,14,24,52.302325581395394,,238.97674418604652,,238.97674418604652,,0.27383416534761984,0.4064230343300111,True,3,1,3,3,"fly (3,1)",0.19999999999999973,0.03977731884708646,-4.208404417706788,4.208592398661181,21.042961993305934,21.04202208853397,238.6979143194059,29.497156028253027,29.478736134994573,,,,,,
13,2.6,627.5440613026819,533.6513409961685,621,522,14,25,52.54406130268194,,242.34865900383147,,242.34865900383147,,0.2750997973962405,0.4121575833398494,True,3,1,3,3,"fly (3,1)",0.20000000000000018,0.2417357212865454,-3.3719148177849547,3.3805688422725058,16.902844211362513,16.85957408892476,245.4215581483129,36.260907904964164,33.61821914453499,,,,,,
14,2.8,621.0485829959514,521.0607287449393,614,511,15,22,46.04858299595139,,254.9392712550607,,254.9392712550607,,0.24109205757042615,0.4335701892092869,True,3,1,3,3,"fly (3,1)",0.19999999999999973,-6.495478306730547,-12.590612251229231,14.167383502044785,70.83691751022403,62.95306125614624,257.87876363820993,67.05647853362444,62.28602744948526,,,,,,
15,3.0,613.5450819672132,499.6516393442623,607,488,14,24,38.54508196721315,,276.3483606557377,,276.3483606557377,,0.20180671187022592,0.4699802051968328,True,3,1,3,3,"fly (3,1)",0.20000000000000018,-7.503501028738242,-21.409089400676976,22.68593477585738,113.4296738792868,107.04544700338478,273.89419663133054,84.95661225892813,80.07716496560295,,,,,,
16,3.2,612.1008403361344,485.60504201680675,606,475,13,23,37.10084033613441,,290.39495798319325,,290.39495798319325,,0.19424523736196025,0.4938689761618933,True,3,1,3,3,"fly (3,1)",0.20000000000000018,-1.4442416310787394,-14.046597327455572,14.120649077454726,70.60324538727356,70.2329866372778,293.2987190222928,99.35765249052658,97.02261195481147,,,,,,
17,3.4,610.589519650655,462.8471615720524,605,452,13,23,35.589519650655006,,313.1528384279476,,313.1528384279476,,0.1863325636159948,0.5325728544692986,True,3,1,3,3,"fly (3,1)",0.19999999999999973,-1.5113206854794043,-22.757880444754335,22.80800764100384,114.04003820501936,113.78940222377183,313.0779156081214,99.10456872466621,98.89598292914248,,,,,,
18,3.6,610.3801652892562,440.31404958677683,604,429,13,24,35.38016528925618,,335.68595041322317,,335.68595041322317,,0.18523646748301667,0.5708944734918762,True,3,1,3,3,"fly (3,1)",0.20000000000000018,-0.20935436139882313,-22.533111985275582,22.534084516341167,112.67042258170574,112.66555992637781,336.8763224708664,119.42406767339645,118.99203431372558,,,,,,
19,3.8,613.6830357142857,414.20982142857144,608,404,12,22,38.683035714285666,,361.79017857142856,,361.79017857142856,,0.20252898279730716,0.6152894193391643,True,3,1,3,3,"fly (3,1)",0.19999999999999973,3.3028704250294822,-26.104228158205387,26.31234844669281,131.56174223346423,130.5211407910271,361.45612345465406,123.33577839515216,122.89900491893792,,,,,,
20,4.0,615.3146551724138,389.10775862068965,610,378,12,24,40.314655172413836,,386.89224137931035,,386.89224137931035,,0.2110714930492871,0.6579800023457659,True,3,1,3,3,"fly (3,1)",0.20000000000000018,1.6316194581281707,-25.102062807881794,25.15503407405732,125.77517037028649,125.51031403940885,384.45123874901174,115.51468759563204,114.97557647178856,,,,,,
21,4.2,613.824074074074,371.3287037037037,608,361,12,23,38.82407407407402,,404.6712962962963,,404.6712962962963,,0.20326740352918335,0.6882164902998237,True,3,1,3,3,"fly (3,1)",0.20000000000000018,-1.490581098339817,-17.779054916985956,17.841430036629085,89.20715018314534,88.8952745849297,406.13668310117123,109.29566834138268,108.42722176079728,,,,,,
22,4.4,609.5627906976745,349.153488372093,604,339,12,22,34.56279069767447,,426.846511627907,,426.846511627907,,0.18095701935955222,0.7259294415440595,True,3,1,3,3,"fly (3,1)",0.20000000000000018,-4.261283376399547,-22.175215331610673,22.580936894143257,112.90468447071618,110.87607665805326,428.8734156495311,114.54410630999492,113.68366274179998,,,,,,
23,4.6,607.9121951219512,320.89756097560974,603,310,11,23,32.912195121951186,,455.10243902439026,,455.10243902439026,,0.1723151577065507,0.7739837398373984,True,3,1,3,3,"fly (3,1)",0.1999999999999993,-1.6505955757232869,-28.255927396483287,28.304096855224547,141.52048427612323,141.27963698241695,452.6683418062175,119.73210735447331,118.97463078343152,,,,,,
24,4.8,608.0700934579439,299.94392523364485,603,289,11,23,33.070093457943926,,476.05607476635515,,476.05607476635515,,0.17314185056515144,0.8096191747727128,True,3,1,3,3,"fly (3,1)",0.20000000000000018,0.1578983359927406,-20.953635741964888,20.954230663316125,104.77115331658052,104.76817870982434,478.4906061705918,129.39079354332338,129.11132182187185,,,,,,
25,5.0,610.6652360515021,271.68669527897,605,260,12,25,35.66523605150212,,504.31330472103,,504.31330472103,,0.18672898456283832,0.8576756883010714,True,3,1,3,3,"fly (3,1)",0.20000000000000018,2.5951425935581938,-28.25722995467487,28.376148607453313,141.88074303726643,141.28614977337423,500.8623857550544,112.5235725011109,111.85889792231244,,,,,,
26,5.2,613.84,253.78222222222223,608,243,13,24,38.84000000000003,,522.2177777777778,,522.2177777777778,,0.2033507853403143,0.8881254724111867,True,3,1,3,3,"fly (3,1)",0.20000000000000018,3.1747639484979118,-17.904473056747747,18.183764229897175,90.9188211494858,89.52236528373865,520.2662883085287,97.9050379700437,97.01951276737175,,,,,,
27,5.4,615.6359832635983,241.73221757322176,610,230,12,25,40.63598326359829,,534.2677824267782,,534.2677824267782,,0.21275383907643083,0.9086186775965617,True,3,1,3,3,"fly (3,1)",0.20000000000000018,1.7959832635982593,-12.05000464900047,12.183109944675785,60.91554972337887,60.250023245002296,534.5292292880436,72.26069252037583,71.31470489757423,,,,,,
28,5.6,613.6340425531915,228.89787234042552,608,218,12,24,38.634042553191534,,547.1021276595745,,547.1021276595745,,0.20227247410047924,0.9304457953394125,True,3,1,3,3,"fly (3,1)",0.1999999999999993,-2.001940710406757,-12.834345232796238,12.989541337652513,64.9477066882628,64.1717261639817,542.321636695451,47.15762894146673,38.96203703703717,,,,,,
29,5.8,610.9,230.405,603,222,17,18,35.89999999999998,,545.595,,545.595,,0.18795811518324596,0.9278826530612245,True,3,1,3,3,"fly (3,1)",0.20000000000000018,-2.734042553191557,1.5071276595744791,3.1219260825517083,15.609630412758527,-7.535638297872531,546.0589064987698,27.277685864630286,18.686349016594196,,,,,,
30,6.0,611.1275510204082,230.5204081632653,604,222,16,19,36.12755102040819,,545.4795918367347,,545.4795918367347,,0.18914948178224184,0.9276863806747189,True,3,1,3,3,"fly (3,1)",0.20000000000000018,0.22755102040821384,0.11540816326530035,0.2551440985739031,1.2757204928695143,-0.5770408163266433,546.1081972789116,9.712538203501692,0.24645390070912754,,,,,,
31,6.2,609.4333333333333,228.75,603,221,14,17,34.43333333333328,,547.25,,547.25,,0.18027923211169256,0.9306972789115646,True,3,1,3,3,"fly (3,1)",0.20000000000000018,-1.6942176870749108,-1.7704081632653015,2.4504527409754058,12.252263704877018,8.8520408163265,547.295220400299,7.691967594037821,5.935115606936293,,,,,,
32,6.4,609.5491329479769,226.84393063583815,603,219,14,17,34.54913294797689,,549.1560693641618,,549.1560693641618,,0.18088551281663293,0.9339388934764656,True,3,1,3,3,"fly (3,1)",0.20000000000000018,0.11579961464360622,-1.9060693641618514,1.909583716873385,9.547918584366917,9.530346820808964,549.068689788054,10.034775028114833,8.86734693877545,,,,,,
33,6.6,609.3128205128205,225.2,604,215,12,22,34.31282051282051,,550.8,,550.8,,0.17964827493623303,0.9367346938775509,True,3,1,3,3,"fly (3,1)",0.1999999999999993,-0.23631243515637834,-1.64393063583816,1.660828559020104,8.30414279510055,8.219653179190828,550.5062944781712,7.249552797338192,7.188023450586367,,,,,,
34,6.8,609.4723618090452,224.43718592964825,604,215,12,21,34.472361809045196,,551.5628140703518,,551.5628140703518,,0.1804835696808649,0.9380319967182854,True,3,1,3,3,"fly (3,1)",0.20000000000000018,0.15954129622468827,-0.7628140703517374,0.7793194025094199,3.896597012547096,3.814070351759252,551.1642072542198,4.805735989222646,3.2895638802430742,,,,,,
35,7.0,609.5673076923077,224.87019230769232,604,215,12,22,34.567307692307736,,551.1298076923076,,551.1298076923076,,0.1809806685461138,0.9372955913134483,True,3,1,3,3,"fly (3,1)",0.20000000000000018,0.09494588326253961,0.4330063780440696,0.4432936320040561,2.2164681600202782,-2.1650318902209147,551.2291195349216,2.419893533320804,0.3245614035088044,,,,,,
36,7.2,609.7526315789473,225.00526315789475,604,216,12,20,34.75263157894733,,550.9947368421052,,550.9947368421052,,0.1819509506751169,0.9370658789831722,True,3,1,3,3,"fly (3,1)",0.20000000000000018,0.1853238866395941,0.1350708502024247,0.22932308547900487,1.1466154273950233,-0.6753542510119809,551.5558517623671,3.749802579862242,1.6336611372272294,,,,,,
37,7.4,609.4516129032259,223.4569892473118,604,214,12,21,34.45161290322585,,552.5430107526881,,552.5430107526881,,0.18037493666610394,0.9396989978787214,True,3,1,3,3,"fly (3,1)",0.20000000000000018,-0.30101867572147967,-1.5482739105829353,1.5772648304342833,7.88632415217141,7.741369552914527,551.9391801136359,3.4634694865937106,1.9166417563440215,,,,,,
38,7.6,609.5181347150259,223.720207253886,604,214,12,21,34.518134715025894,,552.279792746114,,552.279792746114,,0.18072321840327693,0.9392513482076769,True,3,1,3,3,"fly (3,1)",0.1999999999999993,0.0665218118000439,0.26321800657419203,0.27149377604293595,1.3574688802146846,-1.3160900328705385,552.337515696182,3.3283411933414357,1.9916779127305666,,,,,,
39,7.8,609.6358974358974,223.81025641025641,604,214,12,21,34.63589743589739,,552.1897435897436,,552.1897435897436,,0.18133977715129523,0.9390982033839176,True,3,1,3,3,"fly (3,1)",0.20000000000000018,0.11776272087149664,0.09004915637041222,0.14824610952763984,0.7412305476381985,-0.45024578185234493,552.092340988958,1.3368894680753278,-1.2258735361202195,,,,,,
40,8.0,609.6256684491979,224.19251336898395,604,215,12,20,34.62566844919786,,551.807486631016,,551.807486631016,,0.18128622224710922,0.9384481065153333,True,3,1,3,3,"fly (3,1)",0.20000000000000018,-0.010228986699530651,0.3822569587275382,0.3823937952746174,1.9119689763730854,-1.9112847936378312,551.491384432561,7.756367857858034,-3.004782781984913,,,,,,
41,8.2,605.723076923077,225.52307692307693,600,220,13,13,30.723076923076974,,550.4769230769231,,550.4769230769231,,0.16085380587998416,0.9361852433281005,True,3,1,3,3,"fly (3,1)",0.1999999999999993,-3.9025915261208866,1.3305635540929757,4.123180809912546,20.615904049562804,-6.652817770464618,551.4894699026464,10.544928558159182,-0.00957264957265084,,,,,,
42,8.4,605.088,223.816,600,218,12,13,30.087999999999965,,552.184,,552.184,,0.15752879581151816,0.9390884353741497,True,3,1,3,3,"fly (3,1)",0.20000000000000107,-0.6350769230770084,-1.7070769230769258,1.821382529708338,9.106912648541641,8.53538461538444,551.6647521367521,10.203787546297102,0.876411170528964,,,,,,
43,8.6,604.9916666666667,223.66666666666666,600,218,12,13,29.991666666666674,,552.3333333333334,,552.3333333333334,,0.15702443280977316,0.9393424036281179,True,3,1,3,3,"fly (3,1)",0.1999999999999993,-0.0963333333332912,-0.1493333333333453,0.17770918815736855,0.8885459407868459,0.7466666666670134,552.2270892531877,3.629833592522612,2.81168558217739,,,,,,
44,8.8,604.9344262295082,223.8360655737705,600,218,12,13,29.934426229508176,,552.1639344262295,,552.1639344262295,,0.15672474465711086,0.9390543102486897,True,3,1,3,3,"fly (3,1)",0.20000000000000107,-0.057240437158498025,0.1693989071038402,0.17880843764786786,0.8940421882393346,-0.8469945355193386,552.2240892531877,0.7050308337182599,-0.015000000000003205,,,,,,
45,9.0,605.0,223.825,600,218,12,13,30.0,,552.175,,552.175,,0.15706806282722513,0.9390731292517006,True,3,1,3,3,"fly (3,1)",0.1999999999999993,0.06557377049182378,-0.011065573770508763,0.06650087442571677,0.332504372128585,0.05532786885225979,552.4293623228674,1.7121027680496452,1.0263653483991921,,,,,,
46,9.2,604.8898305084746,223.05084745762713,600,217,12,13,29.889830508474574,,552.9491525423729,,552.9491525423729,,0.15649125920667317,0.9403897152081171,True,3,1,3,3,"fly (3,1)",0.1999999999999993,-0.11016949152542566,-0.7741525423728604,0.7819523487561977,3.909761743781002,3.8707627118645997,553.292846169095,4.492163290706853,4.3174192311378645,,,,,,
47,9.4,604.5,221.24561403508773,600,215,11,13,29.5,,554.7543859649122,,554.7543859649122,,0.1544502617801047,0.9434598400763813,True,3,1,3,3,"fly (3,1)",0.20000000000000107,-0.38983050847457434,-1.805233422539402,1.8468447512422013,9.234223756210957,9.026167112696678,554.0739067751557,4.779639911466121,3.9053030303030845,,,,,,
48,9.6,604.5363636363636,221.4818181818182,600,216,11,12,29.536363636363603,,554.5181818181818,,554.5181818181818,,0.1546406473108042,0.9430581323438466,True,3,1,3,3,"fly (3,1)",0.1999999999999993,0.03636363636360329,0.23620414673047208,0.2389868468812766,1.1949342344063874,-1.1810207336520804,554.5661645696733,3.647919912055919,2.4612889725883274,,,,,,
49,9.8,604.4907407407408,221.57407407407408,600,216,11,12,29.490740740740762,,554.4259259259259,,554.4259259259259,,0.15440178398293591,0.9429012345679011,True,3,1,3,3,"fly (3,1)",0.20000000000000107,-0.0456228956228415,0.09225589225587782,0.1029203491100804,0.5146017455503993,-0.4612794612796709,554.472053872054,0.8547679899784004,-0.8211500974658481,,,,,,
0,0.0,672.3709327548806,582.590021691974,663,561,20,46,97.37093275488064,,193.40997830802598,,193.40997830802598,,0.5097954594496369,0.3289285345374592,True,4,2,3,3,"fly (3,2)",,,,,,,185.81120677059334,38.24441563971581,-37.9938576871632,,,,,,
1,0.2,674.119170984456,597.7875647668393,669,588,11,21,99.11917098445599,,178.2124352331607,,178.2124352331607,,0.5189485391856334,0.3030823728455114,True,4,2,3,3,"fly (3,2)",0.2,1.7482382295753496,15.19754307486528,15.297766255886327,76.48883127943162,-75.9877153743264,182.5016983684775,30.00600503761311,-29.212161239633662,,,,,,
2,0.4,672.7430167597765,600.1173184357542,668,591,11,21,97.74301675977654,,175.8826815642458,,175.8826815642458,,0.5117435432449033,0.2991202067419146,True,4,2,3,3,"fly (3,2)",0.2,-1.3761542246794534,2.3297536689149183,2.7058367666815437,13.529183833407718,-11.648768344574592,174.78600113178155,42.54939239356417,-38.578486183479676,,,,,,
3,0.6,667.7371134020618,605.7371134020618,661,597,15,20,92.73711340206182,,170.26288659793818,,170.26288659793818,,0.48553462514168494,0.28956273230941865,True,4,2,3,3,"fly (3,2)",0.19999999999999996,-5.005903357714715,5.619794966307609,7.526032413570632,37.63016206785317,-28.09897483153805,172.9204525452894,31.27170654215119,-9.327742932460792,,,,,,
4,0.8,659.5368421052632,603.3842105263158,650,598,20,12,84.53684210526319,,172.61578947368423,,172.61578947368423,,0.442601267566823,0.29356426781238815,True,4,2,3,3,"fly (3,2)",0.20000000000000007,-8.200271296798633,-2.3529028757460537,8.531154745038538,42.65577372519268,11.764514378730265,173.2428056680883,36.06839213414745,1.611765613994481,,,,,,
5,1.0,655.8963730569948,599.1502590673575,647,593,20,14,80.89637305699478,,176.84974093264248,,176.84974093264248,,0.42354122019368995,0.3007648655317049,True,4,2,3,3,"fly (3,2)",0.19999999999999996,-3.6404690482684146,-4.233951458958245,5.5838481218793,27.919240609396507,21.16975729479123,176.04815925824926,27.15827262100105,14.02676795080481,,,,,,
6,1.2,654.7105263157895,597.3210526315789,646,591,20,14,79.71052631578948,,178.67894736842106,,178.67894736842106,,0.4173325985119868,0.30387576083064805,True,4,2,3,3,"fly (3,2)",0.19999999999999996,-1.185846741205296,-1.8292064357785875,2.179960705682794,10.899803528413972,9.14603217889294,180.63385655233188,27.296962590685126,22.92848647041316,,,,,,
7,1.4,650.8361581920904,589.6271186440679,643,583,17,15,75.83615819209035,,186.37288135593212,,186.37288135593212,,0.39704794864968773,0.3169606825781159,True,4,2,3,3,"fly (3,2)",0.19999999999999996,-3.874368123699128,-7.693933987511059,8.61436872684898,43.07184363424491,38.4696699375553,186.39046464724814,33.12067242110271,28.783040474581288,,,,,,
8,1.6,646.1032608695652,581.8804347826087,637,575,19,15,71.10326086956525,,194.11956521739125,,194.11956521739125,,0.3722683815160484,0.33013531499556337,True,4,2,3,3,"fly (3,2)",0.20000000000000018,-4.732897322525105,-7.7466838614591325,9.078074020129858,45.39037010064925,38.73341930729563,194.65367266729825,45.747640632469164,41.31604010025057,,,,,,
9,1.8,643.3142857142857,572.5314285714286,638,563,12,20,68.31428571428569,,203.4685714285714,,203.4685714285714,,0.3576664173522811,0.34603498542274047,True,4,2,3,3,"fly (3,2)",0.19999999999999996,-2.7889751552795587,-9.349006211180154,9.756141632502663,48.78070816251333,46.745031055900775,204.81437888198755,53.8721076871932,50.80353107344649,,,,,,
10,2.0,644.975,559.145,640,549,11,22,69.97500000000002,,216.85500000000002,,216.85500000000002,,0.36636125654450274,0.3688010204081633,True,4,2,3,3,"fly (3,2)",0.19999999999999996,1.6607142857143344,-13.38642857142861,13.489048959683403,67.44524479841704,66.93214285714306,216.57557092994264,59.98759867009827,58.80596023977544,,,,,,
11,2.2,647.2198952879581,546.5968586387435,642,537,12,21,72.21989528795814,,229.40314136125653,,229.40314136125653,,0.37811463501548764,0.39014139687288524,True,4,2,3,3,"fly (3,2)",0.20000000000000018,2.2448952879581157,-12.548141361256512,12.747368609872902,63.73684304936445,62.7407068062825,231.20359098006796,73.6849205660797,73.14010025062659,,,,,,
12,2.4,648.1684210526316,528.6473684210526,643,518,11,23,73.16842105263163,,247.35263157894735,,247.35263157894735,,0.38308073849545354,0.4206677407805227,True,4,2,3,3,"fly (3,2)",0.19999999999999973,0.9485257646734908,-17.949490217690823,17.97453477009149,89.87267385045757,89.74745108845423,246.73660899808598,80.2464758593569,77.66509009009003,,,,,,
13,2.6,654.8324324324324,512.545945945946,650,503,11,21,79.83243243243237,,263.45405405405404,,263.45405405405404,,0.4179708504315831,0.4480511123368266,True,4,2,3,3,"fly (3,2)",0.20000000000000018,6.6640113798007405,-16.101422475106688,17.425982135649758,87.1299106782487,80.50711237553337,263.2280788844699,86.47030382414862,82.4573494319195,,,,,,
14,2.8,660.6428571428571,497.1224489795918,655,487,12,21,85.64285714285711,,278.8775510204082,,278.8775510204082,,0.44839192221391155,0.47428154935443567,True,4,2,3,3,"fly (3,2)",0.19999999999999973,5.810424710424741,-15.42349696635415,16.48166538874789,82.40832694373955,77.11748483177085,278.9894823932418,88.36337288929373,78.80701754385966,,,,,,
15,3.0,671.4526315789474,481.36315789473684,665,473,15,19,96.45263157894738,,294.63684210526316,,294.63684210526316,,0.5049875998897768,0.5010830648048693,True,4,2,3,3,"fly (3,2)",0.20000000000000018,10.809774436090265,-15.759291084854965,19.11037620917861,95.55188104589297,78.79645542427475,294.0056352294951,87.31639516543389,75.08076418126667,,,,,,
16,3.2,680.9346733668342,467.49748743718595,674,458,15,20,105.9346733668342,,308.50251256281405,,308.50251256281405,,0.5546317977321162,0.5246641370115885,True,4,2,3,3,"fly (3,2)",0.20000000000000018,9.482041787886828,-13.865670457550891,16.797795501333844,83.98897750666914,69.3283522877544,307.5638126671368,86.7010079896566,67.79088718820852,,,,,,
17,3.4,692.6614583333334,456.4479166666667,685,448,17,18,117.66145833333337,,319.5520833333333,,319.5520833333333,,0.6160285776614313,0.5434559240362812,True,4,2,3,3,"fly (3,2)",0.19999999999999973,11.726784966499167,-11.049570770519267,16.112433083281513,80.56216541640767,55.24785385259641,320.03958900638065,84.03789085474939,62.37888169621914,,,,,,
18,3.6,704.9144385026738,443.93582887700535,698,436,16,18,129.91443850267376,,332.06417112299465,,332.06417112299465,,0.6801803062967212,0.5647349849030521,True,4,2,3,3,"fly (3,2)",0.20000000000000018,12.25298016934039,-12.512087789661337,17.51250592823429,87.56252964117138,62.560438948306626,331.2552265812281,82.96624744700313,56.07818787423708,,,,,,
19,3.8,717.5344827586207,433.8505747126437,711,426,15,17,142.5344827586207,,342.1494252873563,,342.1494252873563,,0.7462538364325692,0.5818867776995855,True,4,2,3,3,"fly (3,2)",0.19999999999999973,12.620044255946937,-10.08525416436163,16.154809456686046,80.77404728343033,50.42627082180821,343.40652814476766,84.75531472725733,60.75650781769798,,,,,,
20,4.0,727.7005988023952,419.9940119760479,722,412,14,18,152.70059880239523,,356.0059880239521,,356.0059880239521,,0.7994795748816504,0.6054523605849526,True,4,2,3,3,"fly (3,2)",0.20000000000000018,10.166116043774537,-13.856562736595833,17.185873451434066,85.92936725717026,69.28281368297911,354.7393044371028,76.78446195656053,56.66388146167557,,,,,,
21,4.2,735.5056818181818,409.9375,729,402,15,18,160.50568181818176,,366.0625,,366.0625,,0.840343883864826,0.6225552721088435,True,4,2,3,3,"fly (3,2)",0.20000000000000018,7.805083015786522,-10.056511976047886,12.729994265816218,63.64997132908103,50.28255988023939,366.04134785983587,69.62825435986701,56.5102171136654,,,,,,
22,4.4,741.895061728395,399.94444444444446,736,392,13,18,166.89506172839504,,376.05555555555554,,376.05555555555554,,0.8737961347036389,0.6395502645502645,True,4,2,3,3,"fly (3,2)",0.20000000000000018,6.389379910213279,-9.993055555555543,11.86108489866996,59.30542449334975,49.96527777777767,377.0872821350763,63.677481686685574,55.22967137620191,,,,,,
23,4.6,745.6470588235294,386.8562091503268,741,378,10,19,170.6470588235294,,389.1437908496732,,389.1437908496732,,0.8934400985525099,0.6618091681116891,True,4,2,3,3,"fly (3,2)",0.1999999999999993,3.7519970951343566,-13.08823529411768,13.615409847525134,68.07704923762591,65.44117647058863,388.90436929103953,63.24736939151245,59.085435779816606,,,,,,
24,4.8,747.2385321100917,374.48623853211006,744,365,7,19,172.23853211009168,,401.51376146788994,,401.51376146788994,,0.9017724194245638,0.6828465331086564,True,4,2,3,3,"fly (3,2)",0.20000000000000018,1.591473286562291,-12.369970618216712,12.47192688871235,62.359634443561696,61.8498530910835,402.83925579044217,70.75595710189921,69.67443249701323,,,,,,
25,5.0,748.0430107526881,358.13978494623655,745,349,6,20,173.04301075268813,,417.86021505376345,,417.86021505376345,,0.9059843494905138,0.7106466242410943,True,4,2,3,3,"fly (3,2)",0.20000000000000018,0.8044786425964503,-16.34645358587352,16.36623752490202,81.83118762451002,81.73226792936752,418.7732095651888,79.87285760799035,79.6697688737329,,,,,,
26,5.2,748.1086956521739,339.054347826087,746,329,5,21,173.10869565217388,,436.945652173913,,436.945652173913,,0.9063282494878213,0.7431048506359065,True,4,2,3,3,"fly (3,2)",0.20000000000000018,0.06568489948574552,-19.08543712014955,19.08555015117989,95.42775075589937,95.42718560074766,436.6662127706713,89.49966488202263,89.46501602741223,,,,,,
27,5.4,748.289156626506,320.8072289156627,746,312,5,20,173.28915662650604,,455.1927710843373,,455.1927710843373,,0.9072730713429635,0.7741373657896893,True,4,2,3,3,"fly (3,2)",0.20000000000000018,0.18046097433216346,-18.24711891042432,18.248011253131715,91.2400562656585,91.23559455212151,455.54928574017146,94.42936019219911,94.41536484750122,,,,,,
28,5.6,747.7547169811321,301.49056603773585,745,292,6,20,172.7547169811321,,474.50943396226415,,474.50943396226415,,0.9044749580163984,0.8069888332691567,True,4,2,3,3,"fly (3,2)",0.1999999999999993,-0.5344396453739364,-19.31666287792683,19.32405471100783,96.62027355503949,96.5833143896345,474.0333880767583,92.43735924772803,92.42051168293422,,,,,,
29,5.8,748.0102040816327,283.6020408163265,745,274,6,21,173.01020408163265,,492.3979591836735,,492.3979591836735,,0.9058125868148307,0.8374114952103291,True,4,2,3,3,"fly (3,2)",0.20000000000000018,0.25548710050054524,-17.88852522140934,17.89034958449723,89.45174792248606,89.4426261070466,491.5357977153126,87.52888662447405,87.51204819277116,,,,,,
30,6.0,747.8454545454546,268.3,745,258,6,22,172.84545454545457,,507.7,,507.7,,0.9049500237981914,0.8634353741496599,True,4,2,3,3,"fly (3,2)",0.20000000000000018,-0.16474953617807842,-15.302040816326496,15.302927679179332,76.5146383958966,76.51020408163241,509.9405477980666,92.0419753032251,92.02375041377006,,,,,,
31,6.2,748.4473684210526,246.2763157894737,746,237,5,20,173.4473684210526,,529.7236842105262,,529.7236842105262,,0.9081014053458252,0.9008906194056568,True,4,2,3,3,"fly (3,2)",0.20000000000000018,0.6019138755980293,-22.023684210526312,22.031907918258543,110.15953959129261,110.11842105263118,526.3215559390278,81.92685844315257,81.90504070480635,,,,,,
32,6.4,748.7540983606557,234.45901639344262,747,226,4,19,173.7540983606557,,541.5409836065573,,541.5409836065573,,0.9097073212599774,0.9209880673580907,True,4,2,3,3,"fly (3,2)",0.20000000000000018,0.3067299396030876,-11.817299396031075,11.821279468453714,59.106397342268515,59.08649698015547,542.3840559390279,80.3411860551501,80.31250000000013,,,,,,
33,6.6,748.375,220.1125,746,211,5,20,173.375,,555.8875,,555.8875,,0.9077225130890052,0.9453869047619048,True,4,2,3,3,"fly (3,2)",0.1999999999999993,-0.37909836065568925,-14.346516393442613,14.351524246377785,71.75762123188917,71.73258196721375,557.667337672774,76.43358788061333,76.41640866873071,,,,,,
34,6.8,748.6029411764706,200.4264705882353,747,191,4,19,173.6029411764706,,575.5735294117646,,575.5735294117646,,0.9089159223898985,0.9788665466186474,True,4,2,3,3,"fly (3,2)",0.20000000000000018,0.2279411764706083,-19.686029411764707,19.687349013536483,98.43674506768232,98.43014705882288,572.5895739064857,74.63396214668764,74.61118116855842,,,,,,
35,7.0,749.0,189.69230769230768,748,188,3,5,174.0,,586.3076923076924,,586.3076923076924,,0.9109947643979057,0.9971219256933543,True,4,2,3,3,"fly (3,2)",0.20000000000000018,0.3970588235293917,-10.734162895927625,10.741504028098294,53.707520140491425,53.67081447963864,580.9406108597284,76.07213260408687,76.05048076923076,,,,,,
0,0.0,681.2977528089888,406.4438202247191,676,397,12,20,106.29775280898878,,369.5561797752809,,369.5561797752809,,0.5565327372198365,0.6284969043797294,True,5,3,3,3,"fly (3,3)",,,,,,,364.02271354355446,28.334058910922757,-27.667331158632322,,,,,,
1,0.2,683.741935483871,417.51075268817203,679,408,11,20,108.74193548387098,,358.48924731182797,,358.48924731182797,,0.569329505151157,0.6096755906663741,True,5,3,3,3,"fly (3,3)",0.2,2.4441826748821995,11.066932463452929,11.333623564369104,56.66811782184551,-55.334662317264645,361.11376169175816,24.37475447591982,-23.76720297852529,,,,,,
2,0.4,684.5384615384615,420.7041420118343,680,412,11,19,109.53846153846155,,355.2958579881657,,355.2958579881657,,0.5734997986306888,0.6042446564424587,True,5,3,3,3,"fly (3,3)",0.2,0.7965260545905721,3.1933893236622453,3.291229121182789,16.456145605913946,-15.966946618311226,356.4435199484827,25.05714448293041,-23.351208716377318,,,,,,
3,0.6,684.2139037433155,420.4545454545455,679,411,12,20,109.21390374331554,,355.5454545454545,,355.5454545454545,,0.5718005431587201,0.604669140383426,True,5,3,3,3,"fly (3,3)",0.19999999999999996,-0.32455779514600636,-0.2495965572887826,0.40943400420635506,2.047170021031776,1.2479827864439133,354.6081842523613,10.734171748329963,-9.176678480607164,,,,,,
4,0.8,685.1843575418994,423.01675977653633,680,414,12,20,110.18435754189943,,352.98324022346367,,352.98324022346367,,0.5768814530989499,0.6003116330331014,True,5,3,3,3,"fly (3,3)",0.20000000000000007,0.9704537985838897,2.5622143219908367,2.7398399236088347,13.699199618044169,-12.81107160995418,353.1992812350295,8.9574497771496,-7.044515086659165,,,,,,
5,1.0,686.3191489361702,424.9308510638298,681,415,12,21,111.31914893617022,,351.0691489361702,,351.0691489361702,,0.5828227692993205,0.597056375741786,True,5,3,3,3,"fly (3,3)",0.19999999999999996,1.134791394270792,1.914091287293445,2.2251959384745708,11.125979692372857,-9.570456436467227,350.91545941022406,13.879431686741825,-11.419109124027122,,,,,,
6,1.2,688.6994535519126,427.30601092896177,683,418,12,20,113.6994535519126,,348.69398907103823,,348.69398907103823,,0.5952850971304324,0.5930169882160514,True,5,3,3,3,"fly (3,3)",0.19999999999999996,2.380304615742375,2.375159865131991,3.3626231499616894,16.81311574980845,-11.875799325659957,349.32888913965775,10.395316909719517,-7.932851352831563,,,,,,
7,1.4,689.1470588235294,427.77647058823527,684,419,11,19,114.14705882352939,,348.22352941176473,,348.22352941176473,,0.5976285802279026,0.592216886754702,True,5,3,3,3,"fly (3,3)",0.19999999999999996,0.4476052716167942,0.47045965927350153,0.6493710573954488,3.2468552869772447,-2.352298296367508,348.29227360279475,7.229215656453586,-5.183077684314697,,,,,,
8,1.6,689.3372093023256,428.0406976744186,684,419,12,20,114.33720930232562,,347.9593023255814,,347.9593023255814,,0.598624132472909,0.5917675209618731,True,5,3,3,3,"fly (3,3)",0.20000000000000018,0.1901504787962267,0.26422708618332535,0.3255351865150136,1.6276759325750667,-1.3211354309166257,347.92172822617414,2.260211957902102,-1.8527268831028703,,,,,,
9,1.8,689.3941176470588,428.4176470588235,684,420,12,19,114.3941176470588,,347.5823529411765,,347.5823529411765,,0.5989220819217739,0.5911264505802322,True,5,3,3,3,"fly (3,3)",0.19999999999999996,0.05690834473318773,0.3769493844048952,0.381220930830799,1.9061046541539954,-1.8847469220244766,347.61278618782035,1.758424262763769,-1.5447101917690513,,,,,,
10,2.0,689.5934065934066,428.7032967032967,684,420,12,19,114.5934065934066,,347.2967032967033,,347.2967032967033,,0.5999654795466314,0.5906406518651417,True,5,3,3,3,"fly (3,3)",0.19999999999999996,0.19928894634779226,0.2856496444732102,0.348298440312449,1.7414922015622454,-1.428248222366051,345.52919965048255,14.088037185904291,-10.417932686689246,,,,,,
11,2.2,694.9246231155779,434.29145728643215,689,424,13,21,119.9246231155779,,341.70854271356785,,341.70854271356785,,0.6278776079349628,0.5811369774040269,True,5,3,3,3,"fly (3,3)",0.20000000000000018,5.331216522171303,5.588160583135448,7.723302940399334,38.616514701996635,-27.940802915677214,341.9877870645057,21.606496858402462,-17.707062929884124,,,,,,
12,2.4,696.0942408376964,439.04188481675396,690,430,13,20,121.09424083769636,,336.95811518324604,,336.95811518324604,,0.6340012609303475,0.5730580190191259,True,5,3,3,3,"fly (3,3)",0.19999999999999973,1.1696177221184598,4.750427530321815,4.892296734329695,24.461483671648505,-23.752137651609107,338.12852560524425,23.09738021783487,-19.296307296307305,,,,,,
13,2.6,696.1891891891892,440.2810810810811,690,431,13,19,121.18918918918916,,335.7189189189189,,335.7189189189189,,0.6344983727182679,0.5709505423791138,True,5,3,3,3,"fly (3,3)",0.20000000000000018,0.09494835149280334,1.23919626432712,1.2428284559718972,6.21414227985948,-6.195981321635594,334.3992891451661,21.59184108956479,-18.646182300390915,,,,,,
14,2.8,700.6041666666666,445.4791666666667,694,437,15,18,125.60416666666663,,330.5208333333333,,330.5208333333333,,0.657613438045375,0.562110260770975,True,5,3,3,3,"fly (3,3)",0.19999999999999973,4.414977477477464,5.198085585585602,6.819979463437268,34.09989731718639,-25.990427927928046,327.4080961115755,47.4447026410804,-34.95596516795301,,,,,,
15,3.0,714.9226804123712,460.0154639175258,708,451,15,19,139.92268041237116,,315.9845360824742,,315.9845360824742,,0.7325794785988019,0.537388666806929,True,5,3,3,3,"fly (3,3)",0.20000000000000018,14.318513745704536,14.536297250859093,20.404013665239084,102.02006832619533,-72.6814862542954,315.80545472673515,76.29889657749165,-58.01320692420163,,,,,,
16,3.2,725.7434554973822,475.0890052356021,719,466,15,19,150.74345549738223,,300.9109947643979,,300.9109947643979,,0.7892327512951949,0.511753392456459,True,5,3,3,3,"fly (3,3)",0.20000000000000018,10.820775085011064,15.073541318076309,18.55534481781866,92.77672408909322,-75.36770659038147,300.5532111369916,94.96577670195784,-76.26121794871787,,,,,,
17,3.4,733.7435897435897,491.2358974358974,727,482,15,19,158.74358974358972,,284.7641025641026,,284.7641025641026,,0.8311182709088467,0.4842926914355486,True,5,3,3,3,"fly (3,3)",0.19999999999999973,8.000134246207494,16.146892200295326,18.020107538116967,90.10053769058496,-80.73446100147675,289.7839047479744,64.01376561014416,-53.846531945085594,,,,,,
18,3.6,735.2189054726368,492.32338308457713,729,483,14,20,160.21890547263683,,283.67661691542287,,283.67661691542287,,0.8388424370295122,0.48244322604663753,True,5,3,3,3,"fly (3,3)",0.20000000000000018,1.4753157290471108,1.087485648679717,1.8328070101508651,9.164035050754318,-5.437428243398581,283.29923624227905,36.853488052837136,-32.42334252847687,,,,,,
19,3.8,735.6397849462365,494.5430107526882,729,486,15,18,160.63978494623655,,281.4569892473118,,281.4569892473118,,0.8410459944829138,0.4786683490600541,True,5,3,3,3,"fly (3,3)",0.19999999999999973,0.4208794735997117,2.219627668111059,2.2591782834344234,11.295891417172133,-11.098138340555309,282.0857540255711,7.389518449239652,-6.06741108354015,,,,,,
20,4.0,735.5645161290322,494.8763440860215,729,486,15,19,160.5645161290322,,281.1236559139785,,281.1236559139785,,0.8406519169059278,0.47810145563601786,True,5,3,3,3,"fly (3,3)",0.20000000000000018,-0.0752688172043463,0.3333333333333144,0.34172577595850123,1.7086288797925047,-1.6666666666665704,281.0836193090826,5.103564568916901,-5.010673582442373,,,,,,
21,4.2,735.6489361702128,495.32978723404256,729,487,15,18,160.64893617021278,,280.67021276595744,,280.67021276595744,,0.8410939066503287,0.4773302938196555,True,5,3,3,3,"fly (3,3)",0.20000000000000018,0.08442004118057866,0.45344314802105146,0.46123468195721334,2.306173409786065,-2.267215740105255,280.780247893312,1.5892843396065761,-1.516857078853011,,,,,,
22,4.4,735.5625,495.453125,729,486,15,20,160.5625,,280.546875,,280.546875,,0.8406413612565445,0.4771205357142857,True,5,3,3,3,"fly (3,3)",0.20000000000000018,-0.08643617021277805,0.12333776595744439,0.15061014584823185,0.7530507292411586,-0.6166888297872214,280.5749006597185,1.4629444135176886,-1.0267361679674938,,,,,,
23,4.6,735.2994923857868,495.492385786802,728,487,16,19,160.29949238578683,,280.507614213198,,280.507614213198,,0.8392643580407688,0.47705376566870406,True,5,3,3,3,"fly (3,3)",0.1999999999999993,-0.26300761421316565,0.03926078680200362,0.2659218203051674,1.3296091015258418,-0.1963039340100188,280.4226769599549,1.3182530943492343,-0.7611184988179263,,,,,,
24,4.8,735.53125,495.7864583333333,729,487,15,19,160.53125,,280.2135416666667,,280.2135416666667,,0.8404777486910995,0.4765536422902495,True,5,3,3,3,"fly (3,3)",0.20000000000000018,0.23175761421316565,0.29407254653131076,0.37441989045614077,1.8720994522807022,-1.4703627326565525,280.2716352932882,1.2676423717656655,-0.7552083333333282,,,,,,
25,5.0,735.5208333333334,495.90625,729,487,15,19,160.52083333333337,,280.09375,,280.09375,,0.8404232111692846,0.4763499149659864,True,5,3,3,3,"fly (3,3)",0.20000000000000018,-0.010416666666628771,0.11979166666668561,0.12024371229809055,0.6012185614904523,-0.5989583333334275,280.0860371129326,1.2030567429275643,-0.9279909017780542,,,,,,
26,5.2,735.344262295082,496.04918032786884,729,487,15,19,160.344262295082,,279.95081967213116,,279.95081967213116,,0.8394987554716334,0.4761068361770938,True,5,3,3,3,"fly (3,3)",0.20000000000000018,-0.17657103825138165,0.1429303278688394,0.22717044300230788,1.1358522150115384,-0.7146516393441964,279.9790142634702,0.723783329379717,-0.5351142473118807,,,,,,
27,5.4,735.4086021505376,496.10752688172045,729,487,15,19,160.4086021505376,,279.89247311827955,,279.89247311827955,,0.8398356133536,0.4760076073440129,True,5,3,3,3,"fly (3,3)",0.20000000000000018,0.06433985545561427,0.058346553851606586,0.08685584232743221,0.43427921163716066,-0.29173276925803265,279.92876599058593,0.6494267748122736,-0.25124136442144085,,,,,,
28,5.6,735.3523316062176,496.05699481865287,728,487,16,19,160.3523316062176,,279.94300518134713,,279.94300518134713,,0.8395410031739141,0.47609354622678085,True,5,3,3,3,"fly (3,3)",0.1999999999999993,-0.056270544320000226,-0.05053206306757829,0.07562977955762412,0.37814889778812194,0.25266031533789235,279.92596222553,0.3729491452158176,-0.014018825279715078,,,,,,
29,5.8,735.413612565445,496.05759162303667,728,487,16,19,160.41361256544496,,279.94240837696333,,279.94240837696333,,0.839861845892382,0.476092531253339,True,5,3,3,3,"fly (3,3)",0.20000000000000018,0.061280959227360654,0.0005968043838038284,0.06128386524443417,0.30641932622217055,-0.0029840219190191393,279.829207834354,0.900016915509683,-0.4837719558802615,,,,,,
30,6.0,735.6298342541436,496.3977900552486,729,488,15,18,160.6298342541436,,279.6022099447514,,279.6022099447514,,0.8409938966185528,0.4755139624910738,True,5,3,3,3,"fly (3,3)",0.20000000000000018,0.21622168869862435,0.3401984322119347,0.40309650450375173,2.0154825225187567,-1.7009921610596719,277.4236251016516,15.049652238658782,-12.027913663511532,,,,,,
31,6.2,740.7374301675977,503.2737430167598,735,495,13,18,165.73743016759772,,272.7262569832402,,272.7262569832402,,0.8677352364795692,0.46382016493748335,True,5,3,3,3,"fly (3,3)",0.20000000000000018,5.1075959134541336,6.875952961511189,8.565410973447092,42.82705486723542,-34.379764807555915,273.722679706835,21.47824901674855,-18.504726974083287,,,,,,
32,6.4,741.2352941176471,507.16042780748666,735,498,14,19,166.23529411764707,,268.83957219251334,,268.83957219251334,,0.8703418540190946,0.45721015678998866,True,5,3,3,3,"fly (3,3)",0.20000000000000018,0.49786395004935,3.8866847907268607,3.918441932098298,19.592209660491473,-19.433423953634286,270.062172943642,21.48761509568598,-18.302533815964903,,,,,,
33,6.6,741.5804597701149,507.37931034482756,736,499,13,18,166.58045977011489,,268.62068965517244,,268.62068965517244,,0.8721490040320151,0.45683790757682385,True,5,3,3,3,"fly (3,3)",0.1999999999999993,0.34516565246781283,0.21888253734090313,0.40871615186620996,2.043580759331057,-1.0944126867045196,268.80156876404345,8.192943072868674,-6.303020897992904,,,,,,
34,6.8,741.088888888889,507.05555555555554,735,498,13,19,166.08888888888896,,268.94444444444446,,268.94444444444446,,0.8695753344968008,0.45738851095993954,True,5,3,3,3,"fly (3,3)",0.20000000000000018,-0.4915708812259254,-0.32375478927201584,0.5886077597566993,2.943038798783494,1.6187739463600779,268.6764074991357,2.6140495592679955,-0.6258063245387727,,,,,,
35,7.0,741.3977900552486,507.5359116022099,736,498,12,20,166.3977900552486,,268.4640883977901,,268.4640883977901,,0.8711926180903068,0.45657157890780625,True,5,3,3,3,"fly (3,3)",0.20000000000000018,0.3089011663596466,0.4803560466543786,0.5711058239378877,2.855529119689436,-2.4017802332718907,268.66765909555966,2.2281695803440464,-0.043742017880006645,,,,,,
36,7.2,741.2777777777778,507.40555555555557,735,499,13,18,166.27777777777783,,268.59444444444443,,268.59444444444443,,0.8705642815590462,0.4567932728647014,True,5,3,3,3,"fly (3,3)",0.20000000000000018,-0.12001227747077792,-0.13035604665435585,0.17718816451184202,0.8859408225592094,0.6517802332717787,268.5409262174301,1.308266073653871,-0.633664390647647,,,,,,
37,7.4,741.2569832402235,507.43575418994413,735,499,13,18,166.25698324022346,,268.56424581005587,,268.56424581005587,,0.8704554096346778,0.45674191464295216,True,5,3,3,3,"fly (3,3)",0.20000000000000018,-0.02079453755436589,0.030198634388568735,0.03666565574259349,0.1833282787129673,-0.15099317194284353,268.41705860121107,1.150401053452262,-0.6193380810951965,,,,,,
38,7.6,741.1907514450867,507.90751445086704,735,500,13,18,166.19075144508668,,268.09248554913296,,268.09248554913296,,0.8701086463093544,0.45593960127403566,True,5,3,3,3,"fly (3,3)",0.1999999999999993,-0.06623179513678679,0.4717602609229061,0.4763868118169202,2.3819340590846094,-2.358801304614539,268.1477494043738,1.420351626632308,-1.3465459841863943,,,,,,
39,7.8,741.3370786516854,508.2134831460674,735,500,13,18,166.33707865168537,,267.7865168539326,,267.7865168539326,,0.8708747573386669,0.4554192463502255,True,5,3,3,3,"fly (3,3)",0.20000000000000018,0.14632720659869847,0.30596869520036307,0.3391585084198698,1.6957925420993474,-1.529843476001814,268.05625837677945,2.212735109662137,-0.45745513797186116,,,,,,
40,8.0,741.4318181818182,507.71022727272725,736,499,12,19,166.43181818181824,,268.28977272727275,,268.28977272727275,,0.871370775821038,0.456275123685838,True,5,3,3,3,"fly (3,3)",0.20000000000000018,0.09473953013286973,-0.5032558733401515,0.5120957455604914,2.560478727802455,2.5162793667007555,268.0698743048462,1.8472744643626549,0.06807964033394731,,,,,,
41,8.2,741.2277777777778,507.8666666666667,735,499,13,19,166.22777777777776,,268.1333333333333,,268.1333333333333,,0.8703025014543339,0.45600907029478455,True,5,3,3,3,"fly (3,3)",0.1999999999999993,-0.20404040404048374,0.1564393939394222,0.25711042463723166,1.2855521231861629,-0.7821969696971137,268.15830651070286,1.4181725936936906,0.4421610292833635,,,,,,
42,8.4,741.2331606217617,507.9481865284974,735,499,14,19,166.23316062176173,,268.0518134715026,,268.0518134715026,,0.8703306838835693,0.45587043107398406,True,5,3,3,3,"fly (3,3)",0.20000000000000107,0.005382843983966268,0.08151986183071358,0.08169738601849116,0.4084869300924536,-0.40759930915356574,268.067006606903,0.6299245663391307,-0.4564995189995551,,,,,,
43,8.6,741.2486772486773,507.984126984127,735,499,14,19,166.24867724867727,,268.015873015873,,268.015873015873,,0.8704119227679438,0.4558093078501242,True,5,3,3,3,"fly (3,3)",0.1999999999999993,0.015516626915541565,0.03594045562959991,0.039146929147754986,0.19573464573877564,-0.1797022781480002,268.0190348255978,0.2488954177562115,-0.23985890652558262,,,,,,
44,8.8,741.2592592592592,508.010582010582,735,499,14,19,166.25925925925924,,267.989417989418,,267.989417989418,,0.8704673259647081,0.455764316308534,True,5,3,3,3,"fly (3,3)",0.20000000000000107,0.01058201058197028,0.026455026455039388,0.028492935487481188,0.14246467743740518,-0.13227513227519624,267.8930680162564,0.6444518091741438,-0.6298340467072657,,,,,,
45,9.0,741.2119565217391,508.32608695652175,735,500,14,18,166.21195652173913,,267.67391304347825,,267.67391304347825,,0.8702196676530844,0.4552277432712215,True,5,3,3,3,"fly (3,3)",0.1999999999999993,-0.047302737520112714,0.3155049459397219,0.31903122086924895,1.5951561043462505,-1.577524729698615,267.7039932271816,0.9561953978212353,-0.9453739453739237,,,,,,
46,9.2,741.2324324324325,508.55135135135134,735,500,14,19,166.23243243243246,,267.44864864864866,,267.44864864864866,,0.8703268713739919,0.45484464055892626,True,5,3,3,3,"fly (3,3)",0.1999999999999993,0.02047591069333521,0.22526439482959404,0.22619308233600927,1.1309654116800503,-1.1263219741479742,267.0949079514297,3.0535325615514943,-3.0454263787596254,,,,,,
47,9.4,741.2,509.8378378378378,735,501,14,19,166.20000000000005,,266.1621621621622,,266.1621621621622,,0.8701570680628274,0.45265673837102416,True,5,3,3,3,"fly (3,3)",0.20000000000000107,-0.032432432432415226,1.2864864864864671,1.2868952337256434,6.434476168628183,-6.432432432432301,266.540928952905,2.815542665751995,-2.769894992623454,,,,,,
48,9.6,741.1077844311377,509.98802395209583,736,502,12,17,166.1077844311377,,266.01197604790417,,266.01197604790417,,0.8696742640373701,0.4524013198093608,True,5,3,3,3,"fly (3,3)",0.1999999999999993,-0.09221556886234339,0.15018611425801964,0.17623728338954991,0.8811864169477527,-0.7509305712901009,266.09636024626735,3.399919339937233,-2.2228435331883483,,,,,,
49,9.8,740.5402298850574,509.88505747126436,735,502,13,17,165.54022988505744,,266.11494252873564,,266.11494252873564,,0.8667027742673165,0.4525764328719994,True,5,3,3,3,"fly (3,3)",0.20000000000000107,-0.5675545460802596,-0.1029664808314692,0.576819086847156,2.8840954342357645,0.5148324041573432,266.0634592883199,1.8826409255917587,-0.11804908356637167,,,,,,
0,0.0,659.0479041916168,211.33532934131736,653,203,14,19,84.0479041916168,,564.6646706586827,,564.6646706586827,,0.44004138320218217,0.9603140657460589,True,6,4,3,3,"fly (3,4)",,,,,,,573.8992996150556,61.51017218548741,46.17314478186472,,,,,,
1,0.2,675.3035714285714,192.86607142857142,670,188,12,12,100.30357142857144,,583.1339285714286,,583.1339285714286,,0.5251495886312642,0.9917243683187561,True,6,4,3,3,"fly (3,4)",0.2,16.25566723695465,-18.469257912745945,24.604068874194965,123.02034437097483,92.34628956372944,573.8992996150556,61.51017218548741,46.17314478186472,,,,,,
1,0.2,664.0849420849421,556.8069498069499,657,545,15,25,89.0849420849421,,219.1930501930501,,219.1930501930501,,0.4664133093452466,0.3727772962466839,True,7,5,3,3,"fly (3,5)",,,,,,,228.61996259652506,51.46423588446272,47.13456201737472,,,,,,
2,0.4,655.8203125,537.953125,648,527,17,23,80.8203125,,238.046875,,238.046875,,0.42314299738219896,0.40484162414965985,True,7,5,3,3,"fly (3,5)",0.2,-8.2646295849421,-18.853824806949888,20.585694353785087,102.92847176892543,94.26912403474944,235.78193584866378,57.54915519989326,51.5213869331518,,,,,,
3,0.6,648.8196078431372,525.8941176470588,641,515,17,23,73.81960784313719,,250.1058823529412,,250.1058823529412,,0.38649009341956647,0.42535014005602245,True,7,5,3,3,"fly (3,5)",0.19999999999999996,-7.000704656862808,-12.059007352941194,13.943798766150866,69.71899383075434,60.29503676470598,250.24459500697515,83.5240369722743,72.31329579155688,,,,,,
4,0.8,639.4782608695652,513.4189723320158,631,503,18,22,64.47826086956525,,262.58102766798424,,262.58102766798424,,0.3375825176417029,0.4465663735850072,True,7,5,3,3,"fly (3,5)",0.20000000000000007,-9.341346973571945,-12.47514531504305,15.584929063428628,77.92464531714312,62.37572657521523,261.2261087766461,69.61141982682112,54.90756884835482,,,,,,
5,1.0,630.5879828326181,505.0085836909871,623,495,17,21,55.58798283261808,,270.9914163090129,,270.9914163090129,,0.291036559333079,0.46086975562757293,True,7,5,3,3,"fly (3,5)",0.19999999999999996,-8.890278036947166,-8.410388641028646,12.23812406651317,61.19062033256586,42.05194320514324,269.55986227804664,54.87646055304244,41.66876750700273,,,,,,
6,1.2,627.5714285714286,500.89285714285717,620,491,17,21,52.571428571428555,,275.10714285714283,,275.10714285714283,,0.27524308152580396,0.4678692905733722,True,7,5,3,3,"fly (3,5)",0.19999999999999996,-3.016554261189526,-4.115726548129942,5.102823201883669,25.51411600941835,20.578632740649713,278.84146549557664,60.247117568355485,46.40801608764985,,,,,,
7,1.4,616.6602870813397,485.57416267942585,610,476,15,20,41.660287081339675,,290.42583732057415,,290.42583732057415,,0.21811668628973652,0.49392149204179275,True,7,5,3,3,"fly (3,5)",0.19999999999999996,-10.91114149008888,-15.318694463431314,18.807323272616447,94.03661636308226,76.59347231715658,288.3166974923941,56.14302841328932,47.37615998408727,,,,,,
8,1.6,612.8235294117648,476.58288770053474,607,467,13,20,37.82352941176475,,299.41711229946526,,299.41711229946526,,0.19802894979981545,0.5092127760194988,True,7,5,3,3,"fly (3,5)",0.20000000000000018,-3.836757669574922,-8.991274978891113,9.775670573473482,48.87835286736737,44.95637489445552,300.72605896425557,71.13600279102003,62.04680735930736,,,,,,
9,1.8,607.1761363636364,463.66477272727275,602,455,12,19,32.176136363636374,,312.33522727272725,,312.33522727272725,,0.16846144693003337,0.5311823593073592,True,7,5,3,3,"fly (3,5)",0.19999999999999996,-5.647393048128379,-12.918114973261993,14.098607828522091,70.49303914261047,64.59057486630998,311.9259390930663,60.019993695187814,55.99940064405368,,,,,,
10,2.0,603.9108280254777,451.97452229299364,599,444,11,17,28.910828025477713,,324.02547770700636,,324.02547770700636,,0.1513655917564278,0.5510637375969496,True,7,5,3,3,"fly (3,5)",0.19999999999999996,-3.265308338158661,-11.690250434279108,12.137717815117114,60.68858907558558,58.45125217139555,323.0098315962169,58.1367343576106,55.419462515753246,,,,,,
11,2.2,603.7070063694267,443.3312101910828,599,435,11,18,28.707006369426722,,332.6687898089172,,332.6687898089172,,0.1502984626671556,0.565763247974349,True,7,5,3,3,"fly (3,5)",0.20000000000000018,-0.2038216560509909,-8.643312101910851,8.645714970927155,43.22857485463574,43.21656050955422,332.5997208736062,48.7309679480236,47.94944638694641,,,,,,
12,2.4,603.1398601398602,434.8951048951049,599,427,10,18,28.13986013986016,,341.1048951048951,,341.1048951048951,,0.14732911067989612,0.5801103658246515,True,7,5,3,3,"fly (3,5)",0.19999999999999973,-0.5671462295665606,-8.436105295977882,8.455147982769883,42.27573991384947,42.180526479889465,341.48537244874825,44.501101307413535,44.428257875710045,,,,,,
13,2.6,602.4864864864865,425.3175675675676,598,417,10,18,27.486486486486456,,350.6824324324324,,350.6824324324324,,0.14390830621197098,0.5963986946129802,True,7,5,3,3,"fly (3,5)",0.20000000000000018,-0.6533736533737056,-9.5775373275373,9.599797830751085,47.99898915375538,47.88768663768646,351.1183564909372,48.23976133610236,48.164920210944445,,,,,,
14,2.8,602.2064516129033,414.43225806451613,598,406,10,19,27.206451612903265,,361.56774193548387,,361.56774193548387,,0.14244215504137836,0.6149111257406188,True,7,5,3,3,"fly (3,5)",0.19999999999999973,-0.28003487358319035,-10.885309503051474,10.888910988140433,54.44455494070223,54.42654751525744,363.8226204809154,63.59568744892035,63.521319949891385,,,,,,
15,3.0,603.0204081632653,396.78231292517006,599,388,10,19,28.0204081632653,,379.21768707482994,,379.21768707482994,,0.14670370766107488,0.6449280392429081,True,7,5,3,3,"fly (3,5)",0.20000000000000018,0.8139565503620361,-17.649945139346073,17.668703650460703,88.34351825230344,88.24972569673028,379.25292078121566,77.19118809019584,77.15150150150157,,,,,,
16,3.2,602.7933333333333,379.02666666666664,599,370,9,20,27.793333333333294,,396.97333333333336,,396.97333333333336,,0.14551483420593347,0.675124716553288,True,7,5,3,3,"fly (3,5)",0.20000000000000018,-0.22707482993200756,-17.75564625850342,17.757098215516383,88.78549107758184,88.778231292517,396.98154786552305,88.72676631930466,88.64313542153654,,,,,,
17,3.4,603.8260869565217,361.2463768115942,600,353,9,19,28.82608695652175,,414.7536231884058,,414.7536231884058,,0.15092192123833376,0.7053633047421868,True,7,5,3,3,"fly (3,5)",0.19999999999999973,1.032753623188455,-17.780289855072454,17.81025792560572,89.05128962802871,88.90144927536238,416.11588205897056,95.73675876595901,95.67167096723746,,,,,,
18,3.6,603.248275862069,339.37931034482756,599,330,9,20,28.248275862069022,,436.62068965517244,,436.62068965517244,,0.14789673226214148,0.7425521932911096,True,7,5,3,3,"fly (3,5)",0.20000000000000018,-0.577811094452727,-21.86706646676663,21.874699118453318,109.3734955922665,109.33533233383305,437.0887349118234,104.96656741350432,104.86426426426424,,,,,,
19,3.8,602.1959459459459,316.1081081081081,598,307,10,19,27.195945945945937,,459.8918918918919,,459.8918918918919,,0.14238715154945517,0.7821290678433536,True,7,5,3,3,"fly (3,5)",0.19999999999999973,-1.0523299161230852,-23.271202236719432,23.294983404043524,116.47491702021777,116.35601118359732,459.6607595055871,112.9160635512565,112.86012296881863,,,,,,
20,4.0,602.5075757575758,293.530303030303,599,285,8,19,27.50757575757575,,482.469696969697,,482.469696969697,,0.1440187212438521,0.8205266955266955,True,7,5,3,3,"fly (3,5)",0.20000000000000018,0.31162981162981396,-22.577805077805124,22.579955608257055,112.89977804128517,112.88902538902552,480.6988124488125,105.29247188993008,105.19026471612676,,,,,,
21,4.2,601.4015151515151,276.2651515151515,598,267,8,20,26.401515151515127,,499.7348484848485,,499.7348484848485,,0.1382278280184038,0.8498891981034838,True,7,5,3,3,"fly (3,5)",0.20000000000000018,-1.1060606060606233,-17.2651515151515,17.300544121657484,86.50272060828735,86.32575757575744,499.3319707870068,93.4536198453523,93.16579169097157,,,,,,
22,4.4,603.4892086330935,260.2086330935252,600,251,8,20,28.48920863309354,,515.7913669064749,,515.7913669064749,,0.1491581603826887,0.8771962022218961,True,7,5,3,3,"fly (3,5)",0.20000000000000018,2.0876934815784125,-16.056518421626322,16.191672177296898,80.95836088648441,80.28259210813182,513.4593557477251,71.55106144998983,70.63692480359141,,,,,,
23,4.6,606.1333333333333,251.14814814814815,602,243,9,18,31.133333333333326,,524.8518518518518,,524.8518518518518,,0.16300174520069804,0.8926051902242378,True,7,5,3,3,"fly (3,5)",0.1999999999999993,2.644124700239786,-9.060484945377027,9.438420571039515,47.192102855197746,45.302424726885015,523.5081125464818,51.31653250990797,50.243783993784085,,,,,,
24,4.8,607.2867132867133,246.11888111888112,603,237,9,20,32.28671328671328,,529.8811188811189,,529.8811188811189,,0.16904038370006952,0.9011583654440798,True,7,5,3,3,"fly (3,5)",0.20000000000000018,1.1533799533799538,-5.029267029267032,5.159826757608358,25.799133788041768,25.146335146335424,533.5683329016662,51.15087327309126,50.3011017759218,,,,,,
25,5.0,607.4965034965035,230.02797202797203,604,221,9,21,32.496503496503465,,545.972027972028,,545.972027972028,,0.17013876176179824,0.9285238570952856,True,7,5,3,3,"fly (3,5)",0.20000000000000018,0.20979020979018514,-16.090909090909093,16.09227663520686,80.46138317603423,80.45454545454497,546.4246121694398,64.51967165133878,64.28139633886751,,,,,,
26,5.2,608.1172413793104,212.57931034482758,604,203,9,21,33.11724137931037,,563.4206896551724,,563.4206896551724,,0.1733886983209967,0.9581984517945109,True,7,5,3,3,"fly (3,5)",0.20000000000000018,0.6207378828069068,-17.44866168314445,17.459699597988077,87.29849798994032,87.24330841572218,563.0836245518564,84.03208359745769,83.29506191208293,,,,,,
27,5.4,611.9007092198582,196.1418439716312,608,188,9,19,36.900709219858186,,579.8581560283687,,579.8581560283687,,0.1931974304704617,0.9861533265788583,True,7,5,3,3,"fly (3,5)",0.20000000000000018,3.7834678405478144,-16.437466373196372,16.867273925279715,84.3363696263985,82.18733186598165,576.4903844586162,67.80438019556594,67.03379953379944,,,,,,
28,5.6,612.4230769230769,189.80769230769232,610,188,6,6,37.423076923076906,,586.1923076923076,,586.1923076923076,,0.1959323399113974,0.9969256933542646,True,7,5,3,3,"fly (3,5)",0.1999999999999993,0.5223677032187197,-6.334151663938883,6.35565459407178,31.778272970359012,31.670758319694528,584.2975229946114,41.765955294230494,38.10741043590402,,,,,,
35,7.0,625.2631578947369,189.1578947368421,623,188,6,4,50.26315789473688,,586.8421052631579,,586.8421052631579,,0.2631578947368423,0.9980307912638741,True,7,5,3,3,"fly (3,5)",1.4000000000000004,12.840080971659972,-0.6497975708502111,12.856512600307571,9.183223285933977,0.46414112203592583,585.7764282501124,18.96715466599327,6.466244033433321,,,,,,
36,7.2,623.3461538461538,191.7051282051282,618,188,11,10,48.34615384615381,,584.2948717948718,,584.2948717948718,,0.2531212243254126,0.9936987615559044,True,7,5,3,3,"fly (3,5)",0.20000000000000018,-1.9170040485830668,2.5472334682860946,3.187993548337367,15.939967741686822,-12.736167341430463,584.8991388728231,11.306913671582642,-5.314729130518576,,,,,,
37,7.4,621.7472527472528,192.43956043956044,616,188,11,12,46.74725274725279,,583.5604395604396,,583.5604395604396,,0.24475001438352245,0.9924497271436048,True,7,5,3,3,"fly (3,5)",0.20000000000000018,-1.598901098901024,0.7344322344322336,1.7595099974254267,8.797549987127125,-3.672161172161165,583.98469226247,16.94505927093393,-4.572233051765315,,,,,,
38,7.6,616.5555555555555,191.90123456790124,612,188,11,11,41.55555555555554,,584.0987654320987,,584.0987654320987,,0.21756835369400807,0.9933652473335013,True,7,5,3,3,"fly (3,5)",0.1999999999999993,-5.191697191697244,-0.5383258716591968,5.219532016797549,26.09766008398784,2.6916293582957094,584.0197349975127,16.003254993224783,0.1752136752135831,,,,,,
39,7.8,613.95,191.6,610,188,11,10,38.950000000000045,,584.4,,584.4,,0.20392670157068088,0.9938775510204081,True,7,5,3,3,"fly (3,5)",0.20000000000000018,-2.6055555555554974,-0.3012345679012469,2.622910981711878,13.114554908559379,1.5061728395062333,584.2995884773662,13.070738330849073,1.3992673992673048,,,,,,
40,8.0,613.95,191.6,610,188,11,10,38.950000000000045,,584.4,,584.4,,0.20392670157068088,0.9938775510204081,True,7,5,3,3,"fly (3,5)",0.20000000000000018,0.0,0.0,0.0,0.0,0.0,584.4270042194092,5.436023189939959,0.6370787102152443,,,,,,
41,8.2,613.3164556962025,191.51898734177215,609,188,11,10,38.316455696202524,,584.4810126582279,,584.4810126582279,,0.2006097156869242,0.9940153276500474,True,7,5,3,3,"fly (3,5)",0.1999999999999993,-0.633544303797521,-0.08101265822784853,0.6387029322520977,3.1935146612605,0.4050632911395283,585.2174804098855,8.749875119547816,3.95238095238101,,,,,,
42,8.4,609.3142857142857,189.22857142857143,605,188,11,4,34.31428571428569,,586.7714285714286,,586.7714285714286,,0.1796559461480926,0.997910592808552,True,7,5,3,3,"fly (3,5)",0.20000000000000107,-4.002169981916836,-2.290415913200718,4.611222139476615,23.05611069738295,11.45207956600353,585.6262206148283,13.124812679321725,5.928571428571515,,,,,,
2,0.4,597.2359550561798,248.69662921348316,594,243,8,13,22.23595505617982,,527.3033707865168,,527.3033707865168,,0.1164186128595802,0.8967744401131238,True,8,6,3,3,"fly (3,6)",,,,,,,527.5674748669426,1.9511791203649125,1.3205204021289776,,,,,,
3,0.6,597.8105263157895,248.16842105263157,594,242,9,14,22.810526315789502,,527.8315789473684,,527.8315789473684,,0.11942683934968326,0.8976727533118509,True,8,6,3,3,"fly (3,6)",0.19999999999999996,0.5745712596096837,-0.528208160851591,0.7804716481459648,3.902358240729825,2.641040804257955,530.0485293439192,13.485242491342731,12.845445852259251,,,,,,
4,0.8,599.1914893617021,240.98936170212767,595,235,9,14,24.19148936170211,,535.0106382978723,,535.0106382978723,,0.12665701236493251,0.9098820379215515,True,8,6,3,3,"fly (3,6)",0.20000000000000007,1.3809630459126083,-7.1790593505039055,7.310673846659676,36.55336923329837,35.8952967525198,535.6934374944453,28.93255144094796,28.224540752630674,,,,,,
5,1.0,598.3214285714286,231.76190476190476,595,226,8,13,23.321428571428555,,544.2380952380952,,544.2380952380952,,0.12210172026925944,0.9255749919015224,True,8,6,3,3,"fly (3,6)",0.19999999999999996,-0.8700607902735555,-9.227456940222908,9.268385369763136,46.34192684881569,46.13728470111426,546.5027829735276,54.33473949137514,54.046727395411644,,,,,,
6,1.2,598.4134615384615,215.7403846153846,595,209,8,15,23.413461538461547,,560.2596153846154,,560.2596153846154,,0.12258356826419659,0.9528224751439037,True,8,6,3,3,"fly (3,6)",0.19999999999999996,0.09203296703299202,-16.021520146520146,16.021784478402267,80.10892239201135,80.10760073260089,559.0690374440375,62.97332352226383,62.83127235254901,,,,,,
7,1.4,599.4615384615385,203.2905982905983,596,195,9,18,24.461538461538453,,572.7094017094017,,572.7094017094017,,0.1280708819975835,0.9739955811384383,True,8,6,3,3,"fly (3,6)",0.19999999999999996,1.0480769230769056,-12.449786324786317,12.493824265192893,62.46912132596448,62.24893162393188,572.4385612535613,66.9214609891156,66.84761904761918,,,,,,
8,1.6,599.4533333333334,191.65333333333334,595,188,10,10,24.453333333333376,,584.3466666666667,,584.3466666666667,,0.12802792321116951,0.9937868480725625,True,8,6,3,3,"fly (3,6)",0.20000000000000018,-0.008205128205077017,-11.63726495726496,11.637267849874208,58.18633924937099,58.186324786324754,578.5280341880342,60.327730287667734,60.21762820512831,,,,,,
8,1.6,146.46153846153845,237.76923076923077,146,235,2,7,16.461538461538453,,551.2307692307693,,551.2307692307693,,0.08189820130118633,0.9264382676147382,True,9,2,1,1,"fly (1,2)",,,,,,,548.2307692307693,15.000000000000004,-15.000000000000004,,,,,,
9,1.8,146.46153846153845,243.76923076923077,146,241,2,7,16.461538461538453,,545.2307692307693,,545.2307692307693,,0.08189820130118633,0.9163542340012929,True,9,2,1,1,"fly (1,2)",0.19999999999999996,0.0,6.0,6.0,30.000000000000007,-30.000000000000007,546.8974358974359,10.833333333333336,-10.833333333333336,,,,,,
11,2.2,146.46153846153845,244.76923076923077,146,242,2,7,16.461538461538453,,544.2307692307693,,544.2307692307693,,0.08189820130118633,0.9146735617323853,True,9,2,1,1,"fly (1,2)",0.40000000000000013,0.0,1.0,1.0,2.499999999999999,-2.499999999999999,544.7296037296038,11.660921234315929,-10.00582750582756,,,,,,
12,2.4,146.45454545454547,244.27272727272728,146,242,2,6,16.454545454545467,,544.7272727272727,,544.7272727272727,,0.08186341022161923,0.9155080213903743,True,9,2,1,1,"fly (1,2)",0.19999999999999973,-0.006993006992985329,-0.4965034965034931,0.49655274058955523,2.4827637029477794,2.4825174825173266,534.5637917637918,51.65082430625552,-49.99572649572651,,,,,,
13,2.6,146.46666666666667,274.26666666666665,146,271,2,8,16.46666666666667,,514.7333333333333,,514.7333333333333,,0.08192371475953567,0.8650980392156863,True,9,2,1,1,"fly (1,2)",0.20000000000000018,0.012121212121201097,29.99393939393937,29.993941843163785,149.9697092158188,-149.96969696969686,531.8971250971251,59.77475618504784,-40.205128205128204,,,,,,
17,3.4,146.46153846153845,252.76923076923077,146,250,2,7,16.461538461538453,,536.2307692307693,,536.2307692307693,,0.08189820130118633,0.9012281835811249,True,9,2,1,1,"fly (1,2)",0.7999999999999998,-0.005128205128215768,-21.497435897435878,21.497436509101558,26.87179563637695,26.871794871794926,521.7331322272499,77.2767324297589,-59.36219662690249,,,,,,
19,3.8,146.47058823529412,274.7647058823529,146,271,2,9,16.470588235294116,,514.2352941176471,,514.2352941176471,,0.08194322505121451,0.864260998517054,True,9,2,1,1,"fly (1,2)",0.3999999999999999,0.009049773755663182,21.995475113122154,21.995476974832375,54.98869243708095,-54.98868778280554,525.2330316742082,40.93024403672895,-14.058446455505305,,,,,,
11,2.2,691.5625,769.375,688,764,8,13,116.5625,,6.625,,6.625,,0.6102748691099477,0.011267006802721089,True,10,7,3,3,"fly (3,7)",,,,,,,14.934239130434776,41.8494027838562,41.546195652173935,,,,,,
12,2.4,693.5739130434782,752.7565217391304,690,745,9,17,118.57391304347823,,23.24347826086955,,23.24347826086955,,0.6208058274527656,0.03952972493345162,True,10,7,3,3,"fly (3,7)",0.19999999999999973,2.0114130434782282,-16.61847826086955,16.739761113542457,83.6988055677124,83.09239130434787,25.43795213737667,66.5738460281276,66.36729691876742,,,,,,
13,2.6,693.9243697478992,729.5546218487395,690,722,9,16,118.92436974789916,,46.445378151260456,,46.445378151260456,,0.6226406793083726,0.07898873835248377,True,10,7,3,3,"fly (3,7)",0.20000000000000018,0.35045670442093524,-23.201899890390905,23.204546503334107,116.02273251667043,116.00949945195443,45.09428045817867,98.78316358754269,98.28164160401006,,,,,,
14,2.8,696.5338345864661,710.406015037594,692,702,10,18,121.53383458646613,,65.59398496240601,,65.59398496240601,,0.6363027988820216,0.11155439619456804,True,10,7,3,3,"fly (3,7)",0.19999999999999973,2.6094648385669643,-19.148606811145555,19.325590535649027,96.62795267824526,95.7430340557279,67.62191733418513,113.02256475282081,112.63818438003223,,,,,,
15,3.0,698.1388888888889,685.1736111111111,694,677,10,18,123.13888888888891,,90.82638888888891,,90.82638888888891,,0.6447062245491566,0.15446664777021923,True,10,7,3,3,"fly (3,7)",0.20000000000000018,1.6050543024227863,-25.232403926482903,25.283401812709375,126.41700906354676,126.1620196324144,87.59345795043164,100.68668124193721,99.85770308123257,,,,,,
16,3.2,695.2333333333333,669.64,691,661,10,19,120.23333333333335,,106.36000000000001,,106.36000000000001,,0.6294938917975568,0.1808843537414966,True,10,7,3,3,"fly (3,7)",0.20000000000000018,-2.9055555555555657,-15.5336111111111,15.803016396803935,79.0150819840196,77.66805555555543,107.63420170170173,101.19216902473187,100.20371875635038,,,,,,
17,3.4,691.9729729729729,650.2837837837837,687,642,11,18,116.97297297297291,,125.71621621621625,,125.71621621621625,,0.6124239422668739,0.21380308880308888,True,10,7,3,3,"fly (3,7)",0.19999999999999973,-3.260360360360437,-19.35621621621624,19.628883205325824,98.14441602662924,96.78108108108133,126.46579469980934,96.48105850143872,94.157964990538,,,,,,
18,3.6,685.8467153284671,628.6788321167883,681,621,11,17,110.8467153284671,,147.32116788321173,,147.32116788321173,,0.5803492949134403,0.25054620388301313,True,10,7,3,3,"fly (3,7)",0.20000000000000018,-6.126257644505813,-21.604951666995476,22.456735498733483,112.28367749366731,108.02475833497728,147.09217151140354,106.71854080887003,103.13188405797108,,,,,,
19,3.8,679.2101449275362,607.7608695652174,675,600,10,17,104.21014492753625,,168.23913043478262,,168.23913043478262,,0.54560285302375,0.28612097012718135,True,10,7,3,3,"fly (3,7)",0.19999999999999973,-6.63657040093085,-20.917962551570895,21.945505781262682,109.72752890631355,104.58981275785462,168.22724229647432,109.79248312349796,105.67535392535393,,,,,,
20,4.0,674.2071428571428,586.8785714285714,669,579,11,17,99.2071428571428,,189.12142857142862,,189.12142857142862,,0.5194091249065068,0.32163508260447043,True,10,7,3,3,"fly (3,7)",0.20000000000000018,-5.00300207039345,-20.882298136646,21.47324859410262,107.36624297051301,104.4114906832299,188.25051214994008,103.66505725298725,100.11634926732881,,,,,,
21,4.2,669.8571428571429,568.609022556391,665,561,11,16,94.85714285714289,,207.39097744360902,,207.39097744360902,,0.4966342557965596,0.352705743951716,True,10,7,3,3,"fly (3,7)",0.20000000000000018,-4.349999999999909,-18.269548872180394,18.780279976427057,93.9013998821352,91.34774436090188,208.3512531328321,104.85759216537589,100.50370491446007,,,,,,
22,4.4,661.7218045112782,547.4586466165413,657,540,11,16,86.72180451127815,,228.54135338345873,,228.54135338345873,,0.4540408613155924,0.38867577106030393,True,10,7,3,3,"fly (3,7)",0.20000000000000018,-8.135338345864739,-21.15037593984971,22.661026728695916,113.30513364347948,105.75187969924845,228.79833913141064,107.80481377704399,102.23542999289263,,,,,,
23,4.6,654.0,525.5373134328358,649,518,11,17,79.0,,250.46268656716416,,250.46268656716416,,0.41361256544502617,0.4259569499441567,True,10,7,3,3,"fly (3,7)",0.1999999999999993,-7.721804511278151,-21.92133318370543,23.241581561103377,116.2079078055173,109.60666591852753,249.67607783300332,110.85115429962575,104.38869350796351,,,,,,
24,4.8,647.516129032258,505.9758064516129,643,498,11,16,72.51612903225805,,270.0241935483871,,270.0241935483871,,0.37966559702752906,0.45922481895984196,True,10,7,3,3,"fly (3,7)",0.20000000000000018,-6.48387096774195,-19.56150698122292,20.608084289976105,103.04042144988044,97.80753490611451,271.7025232569079,115.51696170581285,110.13222711952294,,,,,,
25,5.0,640.9396551724138,481.37931034482756,637,474,9,16,65.93965517241384,,294.62068965517244,,294.62068965517244,,0.34523379671420856,0.5010555946516538,True,10,7,3,3,"fly (3,7)",0.20000000000000018,-6.576473859844214,-24.596496106785366,25.460511172408182,127.3025558620408,122.98248053392672,292.3477294294351,106.42282616233359,103.22603086263588,,,,,,
26,5.2,640.4237288135594,463.60169491525426,636,456,10,17,65.42372881355936,,312.39830508474574,,312.39830508474574,,0.342532611589316,0.5312896344978669,True,10,7,3,3,"fly (3,7)",0.20000000000000018,-0.5159263588544718,-17.777615429573302,17.78510023501593,88.92550117507956,88.88807714786643,309.5636232466394,87.70819981757977,86.07946908602146,,,,,,
27,5.4,641.828125,454.328125,638,446,9,18,66.828125,,321.671875,,321.671875,,0.3498854712041885,0.5470610119047619,True,10,7,3,3,"fly (3,7)",0.20000000000000018,1.4043961864406356,-9.273569915254257,9.379308483123788,46.896542415618896,46.36784957627124,322.55569310318396,67.50081134171957,64.96034928272293,,,,,,
28,5.6,647.7984496124031,442.4031007751938,643,434,10,18,72.79844961240315,,333.5968992248062,,333.5968992248062,,0.381143715248184,0.5673416653483099,True,10,7,3,3,"fly (3,7)",0.1999999999999993,5.970324612403147,-11.92502422480618,13.336078086892002,66.68039043446025,59.62512112403111,331.34773677167726,50.469370942312395,43.96021834246639,,,,,,
29,5.8,653.3157894736842,437.22556390977445,648,430,12,16,78.31578947368416,,338.77443609022555,,338.77443609022555,,0.41003031138054535,0.5761470001534448,True,10,7,3,3,"fly (3,7)",0.20000000000000018,5.517339861281016,-5.17753686541937,7.5662359953716125,37.83117997685803,25.887684327096828,338.46463056866975,51.60574635058021,35.584468984962484,,,,,,
30,6.0,662.4360902255639,432.97744360902254,656,426,14,15,87.43609022556393,,343.02255639097746,,343.02255639097746,,0.45778057709719333,0.5833716945424786,True,10,7,3,3,"fly (3,7)",0.20000000000000018,9.120300751879768,-4.248120300751907,10.061133728084481,50.30566864042236,21.240601503759517,346.81694621168305,68.80611439817471,41.76157821506664,,,,,,
31,6.2,680.1923076923077,417.3461538461538,674,411,14,14,105.19230769230774,,358.6538461538462,,358.6538461538462,,0.5507450664518729,0.6099555206698064,True,10,7,3,3,"fly (3,7)",0.20000000000000018,17.756217466743806,-15.631289762868732,23.656298915448772,118.28149457724376,78.15644881434359,359.460917250391,91.69833333114188,63.21985519353939,,,,,,
32,6.4,691.5,399.2936507936508,687,392,10,16,116.5,,376.7063492063492,,376.7063492063492,,0.6099476439790575,0.640657056473383,True,10,7,3,3,"fly (3,7)",0.20000000000000018,11.307692307692264,-18.052503052503027,21.30156735515192,106.50783677575951,90.26251526251505,376.52462352462356,107.04332611365761,85.3185313711629,,,,,,
33,6.6,699.5470085470085,381.7863247863248,695,375,11,15,124.54700854700855,,394.2136752136752,,394.2136752136752,,0.6520785787801494,0.6704314204314203,True,10,7,3,3,"fly (3,7)",0.1999999999999993,8.047008547008545,-17.507326007325958,19.268129397593853,96.3406469879696,87.5366300366301,394.8440311285139,102.52587437824032,91.59703801945174,,,,,,
34,6.8,707.448275862069,362.3879310344828,703,355,10,16,132.44827586206895,,413.6120689655172,,413.6120689655172,,0.6934464704820364,0.7034218859957776,True,10,7,3,3,"fly (3,7)",0.20000000000000018,7.901267315060409,-19.398393751842036,20.945827874198386,104.72913937099183,96.9919687592101,411.652509041643,92.59106117858494,84.04238956564537,,,,,,
35,7.0,714.6976744186047,348.8682170542636,710,341,11,17,139.69767441860472,,427.1317829457364,,427.1317829457364,,0.7314014367466216,0.7264145968464905,True,10,7,3,3,"fly (3,7)",0.20000000000000018,7.249398556535766,-13.519713980219194,15.340679435358695,76.7033971767934,67.59856990109591,429.2396173037512,96.6799572933899,87.93554131054134,,,,,,
36,7.2,723.5333333333333,329.025,719,322,11,16,148.5333333333333,,446.975,,446.975,,0.7776614310645723,0.7601615646258504,True,10,7,3,3,"fly (3,7)",0.20000000000000018,8.835658914728583,-19.84321705426362,21.721467066476915,108.60733533238448,99.21608527131801,446.75652454780356,95.41545959341381,87.58453622026197,,,,,,
37,7.4,729.8062015503876,309.83720930232556,725,302,11,17,154.80620155038764,,466.16279069767444,,466.16279069767444,,0.8105036730386788,0.7927938617307388,True,10,7,3,3,"fly (3,7)",0.20000000000000018,6.272868217054338,-19.187790697674416,20.187129254212728,100.93564627106355,95.938953488372,464.04051017835764,92.40706060210904,86.41992815277,,,,,,
38,7.6,734.1463414634146,297.0162601626016,730,290,10,17,159.14634146341461,,478.9837398373984,,478.9837398373984,,0.833226918656621,0.8145981970023782,True,10,7,3,3,"fly (3,7)",0.1999999999999993,4.340139913026974,-12.82094913972395,13.535640040575773,67.67820020287911,64.10474569861998,479.6781768450243,81.76475693445173,78.18833333333338,,,,,,
39,7.8,737.76,282.11199999999997,733,275,11,17,162.76,,493.88800000000003,,493.88800000000003,,0.8521465968586387,0.8399455782312926,True,10,7,3,3,"fly (3,7)",0.20000000000000018,3.613658536585376,-14.904260162601645,15.336084865882517,76.68042432941252,74.52130081300815,493.5065799457995,71.89366376351775,69.14201550387601,,,,,,
40,8.0,741.52,268.352,737,261,11,17,166.51999999999998,,507.648,,507.648,,0.8718324607329841,0.8633469387755103,True,10,7,3,3,"fly (3,7)",0.20000000000000018,3.759999999999991,-13.759999999999991,14.264473351652338,71.32236675826162,68.7999999999999,508.9564444444445,78.96033191741837,77.24932249322502,,,,,,
41,8.2,743.3095238095239,250.66666666666666,739,242,10,19,168.30952380952385,,525.3333333333334,,525.3333333333334,,0.8812016953378212,0.8934240362811792,True,10,7,3,3,"fly (3,7)",0.1999999999999993,1.789523809523871,-17.68533333333332,17.77564093291613,88.87820466458096,88.42666666666705,523.9553162393163,76.0240531124278,74.99435897435883,,,,,,
42,8.4,744.1,237.1153846153846,740,229,9,18,169.10000000000002,,538.8846153846154,,538.8846153846154,,0.8853403141361258,0.9164704343275771,True,10,7,3,3,"fly (3,7)",0.20000000000000107,0.7904761904761699,-13.551282051282044,13.574317582888233,67.8715879144408,67.75641025640958,538.8726495726496,75.69884774044746,74.58666666666664,,,,,,
43,8.6,740.1909090909091,223.6,737,216,8,17,165.19090909090914,,552.4,,552.4,,0.8648738695859117,0.9394557823129251,True,10,7,3,3,"fly (3,7)",0.1999999999999993,-3.909090909090878,-13.515384615384619,14.069350128464079,70.34675064232064,67.57692307692334,553.1626684050412,72.43167586071168,71.4500941619584,,,,,,
44,8.8,739.5762711864406,207.79661016949152,736,200,9,18,164.57627118644064,,568.2033898305085,,568.2033898305085,,0.8616558700860766,0.9663322956301165,True,10,7,3,3,"fly (3,7)",0.20000000000000107,-0.6146379044685091,-15.803389830508479,15.815337805074801,79.07668902537358,79.01694915254225,566.2316642946479,66.36904892621756,65.34497944803302,,,,,,
45,9.0,738.5954198473282,197.9083969465649,735,188,9,20,163.59541984732823,,578.0916030534352,,578.0916030534352,,0.8565205227608808,0.9831489847847537,True,10,7,3,3,"fly (3,7)",0.1999999999999993,-0.9808513391124052,-9.888213222926623,9.936741422191659,49.68370711095847,49.441066114633436,575.62888651687,47.909132908561254,46.986111111111136,,,,,,
46,9.2,740.2416666666667,195.40833333333333,736,188,10,17,165.24166666666667,,580.5916666666667,,580.5916666666667,,0.8651396160558464,0.9874007936507937,True,10,7,3,3,"fly (3,7)",0.1999999999999993,1.6462468193384439,-2.5000636132315606,2.993400517870335,14.967002589351727,12.500318066157705,580.7966454622562,27.635795520373033,25.83879472693037,,,,,,
47,9.4,742.1466666666666,192.29333333333332,739,188,9,11,167.14666666666665,,583.7066666666667,,583.7066666666667,,0.8751134380453751,0.9926984126984127,True,10,7,3,3,"fly (3,7)",0.20000000000000107,1.9049999999999727,-3.115000000000009,3.6513353721618,18.256676860808902,15.574999999999962,583.5247318007664,15.927748933777373,13.640431692550694,,,,,,
48,9.6,743.5172413793103,189.72413793103448,741,188,7,5,168.51724137931035,,586.2758620689656,,586.2758620689656,,0.8822892218812061,0.9970677926342952,True,10,7,3,3,"fly (3,7)",0.1999999999999993,1.3705747126437018,-2.5691954022988455,2.9119134702342877,14.55956735117149,12.845977011494416,585.591398467433,13.686827395623723,10.333333333333202,,,,,,
49,9.8,745.0833333333334,189.20833333333334,742,188,8,4,170.08333333333337,,586.7916666666666,,586.7916666666666,,0.8904886561954627,0.9979450113378684,True,10,7,3,3,"fly (3,7)",0.20000000000000107,1.5660919540230225,-0.5158045977011341,1.6488475949781647,8.24423797489078,2.5790229885052303,586.533764367816,11.401902663031134,7.712499999999823,,,,,,
12,2.4,379.5833333333333,783.0833333333334,378,782,5,3,18.583333333333314,,0.9166666666666288,,0.9166666666666288,,0.09729493891797547,0.0015589569160997087,True,11,2,2,2,"fly (2,2)",,,,,,,1.4249999999999545,2.598744354918756,2.5416666666666266,,,,,,
13,2.6,379.8,782.0666666666667,378,781,5,4,18.80000000000001,,1.9333333333332803,,1.9333333333332803,,0.0984293193717278,0.003287981859410341,True,11,2,2,2,"fly (2,2)",0.20000000000000018,0.21666666666669698,-1.0166666666666515,1.0394977419675033,5.197488709837512,5.083333333333253,1.4249999999999545,2.598744354918756,2.5416666666666266,,,,,,
12,2.4,657.3414634146342,769.9512195121952,653,763,11,14,82.34146341463418,,6.048780487804834,,6.048780487804834,,0.43110713829651404,0.010287041645926588,True,12,8,3,3,"fly (3,8)",,,,,,,11.66428661695943,33.09908506534275,28.077530645772956,,,,,,
13,2.6,664.3523316062176,758.720207253886,658,750,14,20,89.3523316062176,,17.279792746114026,,17.279792746114026,,0.4678132544828147,0.029387402629445624,True,12,8,3,3,"fly (3,8)",0.20000000000000018,7.010868191583427,-11.231012258309192,13.239634026137113,66.1981701306855,56.15506129154591,14.697759705423929,37.20729197964815,24.526542324246815,,,,,,
14,2.8,672.7420814479638,755.2352941176471,664,748,19,16,97.74208144796376,,20.764705882352928,,20.764705882352928,,0.5117386463244176,0.035314125650260084,True,12,8,3,3,"fly (3,8)",0.19999999999999973,8.389749841746152,-3.4849131362389016,9.084741161651776,45.42370580825894,17.424565681194533,19.252928114250874,61.3872533790271,22.775842044134716,,,,,,
15,3.0,687.2119815668202,756.2857142857143,678,750,20,14,112.21198156682021,,19.714285714285666,,19.714285714285666,,0.5874972856901581,0.03352769679300283,True,12,8,3,3,"fly (3,8)",0.20000000000000018,14.469900118856458,1.0504201680672622,14.507976839627384,72.53988419813686,-5.252100840336307,19.887941906620465,42.120113445672985,3.175068961847966,,,,,,
16,3.2,688.8056872037914,756.8151658767772,680,751,20,13,113.80568720379142,,19.1848341232228,,19.1848341232228,,0.5958412942606881,0.03262726891704558,True,12,8,3,3,"fly (3,8)",0.20000000000000018,1.5937056369712082,0.5294515910628661,1.6793500661246314,8.39675033062315,-2.6472579553143283,19.232728419356402,27.623294582427604,-3.2760674363203166,,,,,,
17,3.4,688.8317757009346,757.2009345794393,680,751,19,14,113.8317757009346,,18.799065420560737,,18.799065420560737,,0.5959778832509665,0.031971199694831184,True,12,8,3,3,"fly (3,8)",0.19999999999999973,0.026088497143177847,0.3857687026620624,0.3866498437045595,1.9332492185228,-1.9288435133103148,19.000749389212235,3.907023713285169,-1.1598951507208242,,,,,,
18,3.6,688.6605504587155,756.9816513761468,679,751,21,13,113.66055045871553,,19.01834862385317,,19.01834862385317,,0.5950814160142175,0.03234413031267546,True,12,8,3,3,"fly (3,8)",0.20000000000000018,-0.17122524221906588,-0.21928320329243434,0.2782143181419117,1.3910715907095574,1.0964160164621708,18.85266002738327,1.940310837796407,-0.7404468091448297,,,,,,
19,3.8,689.0754716981132,757.2594339622641,680,751,19,14,114.07547169811323,,18.740566037735903,,18.740566037735903,,0.5972537785241531,0.031871710948530446,True,12,8,3,3,"fly (3,8)",0.19999999999999973,0.41492123939769954,0.2777825861172687,0.49932234083137206,2.4966117041568636,-1.3889129305863452,18.87085773272482,1.4917120991414565,0.09098852670774597,,,,,,
20,4.0,689.1073170731707,757.1463414634146,680,751,19,13,114.10731707317075,,18.853658536585385,,18.853658536585385,,0.5974205082364961,0.03206404513024726,True,12,8,3,3,"fly (3,8)",0.20000000000000018,0.0318453750575145,-0.11309249884948258,0.1174906005115898,0.5874530025579485,0.5654624942474124,18.83253540561111,1.3935355885468184,-0.191611635568545,,,,,,
21,4.2,688.8937198067633,757.096618357488,680,751,19,13,113.89371980676333,,18.903381642512045,,18.903381642512045,,0.5963021979411692,0.0321486082355647,True,12,8,3,3,"fly (3,8)",0.20000000000000018,-0.21359726640741883,-0.04972310592665963,0.21930841178512891,1.0965420589256436,0.24861552963329792,18.866468237039044,0.8927947512732318,0.16966415713966385,,,,,,
22,4.4,688.7044334975369,757.1576354679803,680,751,19,13,113.70443349753691,,18.8423645320197,,18.8423645320197,,0.5953111701441723,0.03204483763948929,True,12,8,3,3,"fly (3,8)",0.20000000000000018,-0.18928630922641787,0.06101711049234382,0.19887783846722082,0.9943891923361032,-0.3050855524617188,18.832740474018845,1.2800474359701834,-0.16863881510100076,,,,,,
23,4.6,688.3663366336634,757.2475247524752,679,751,20,13,113.36633663366342,,18.752475247524785,,18.752475247524785,,0.59354102949562,0.031891964706674804,True,12,8,3,3,"fly (3,8)",0.1999999999999993,-0.3380968638734885,0.08988928449491596,0.34984221132975957,1.749211056648804,-0.4494464224745814,18.788804461201796,2.148714539010462,-0.21968006408523452,,,,,,
24,4.8,689.1065989847716,757.2284263959391,680,751,19,14,114.10659898477161,,18.771573604060904,,18.771573604060904,,0.5974167486113697,0.031924444904865484,True,12,8,3,3,"fly (3,8)",0.20000000000000018,0.7402623511081856,-0.019098356536119354,0.7405086736092964,3.7025433680464785,0.09549178268059669,18.78104810965753,1.9713769884231827,-0.03878175772134367,,,,,,
25,5.0,689.1859296482412,757.1809045226131,680,751,19,13,114.1859296482412,,18.819095477386895,,18.819095477386895,,0.5978320923991686,0.03200526441732465,True,12,8,3,3,"fly (3,8)",0.20000000000000018,0.07933066346959095,-0.04752187332599078,0.09247530811485305,0.46237654057426486,0.2376093666299537,18.73164905210471,1.9969945884883407,-0.24699528776409332,,,,,,
26,5.2,689.4812834224599,757.3957219251337,681,752,18,13,114.48128342245991,,18.60427807486633,,18.60427807486633,,0.59937844723801,0.03163992869875226,True,12,8,3,3,"fly (3,8)",0.20000000000000018,0.2953537742187109,0.21481740252056625,0.36521277136885594,1.826063856844278,-1.0740870126028303,18.686098062391277,0.9382884336143097,-0.22775494856716685,,,,,,
27,5.4,689.5820105820105,757.3650793650794,681,752,19,13,114.58201058201053,,18.634920634920604,,18.634920634920604,,0.5999058145655002,0.03169204189612348,True,12,8,3,3,"fly (3,8)",0.20000000000000018,0.1007271595506154,-0.030642560054275236,0.10528498068487734,0.5264249034243862,0.15321280027137604,18.661330125484522,1.6182792848103205,-0.12383968453377654,,,,,,
28,5.6,689.09375,757.2552083333334,680,752,19,13,114.09375,,18.74479166666663,,18.74479166666663,,0.5973494764397905,0.03187889739229018,True,12,8,3,3,"fly (3,8)",0.1999999999999993,-0.48826058201052547,-0.10987103174602453,0.5004698188324577,2.5023490941622972,0.5493551587301246,18.71032711237342,1.5048972365931021,0.24498493444449865,,,,,,
29,5.8,689.3908629441624,757.248730964467,680,752,20,12,114.39086294416245,,18.751269035533028,,18.751269035533028,,0.5989050415924736,0.031889913325736444,True,12,8,3,3,"fly (3,8)",0.20000000000000018,0.2971129441624498,-0.006477368866399047,0.29718354243852474,1.4859177121926224,0.03238684433199521,18.402430216241253,3.2102743396283233,-1.5394844806608392,,,,,,
30,6.0,689.8288770053476,758.2887700534759,681,753,18,13,114.82887700534764,,17.7112299465241,,17.7112299465241,,0.6011983089285217,0.030121139364836905,True,12,8,3,3,"fly (3,8)",0.20000000000000018,0.4380140611851857,1.0400390890089284,1.128511242506011,5.64255621253005,-5.2001954450446375,17.287125128850487,8.457830373323807,-5.576525436953825,,,,,,
31,6.2,692.6516853932584,760.6011235955057,685,754,17,14,117.65168539325839,,15.398876404494331,,15.398876404494331,,0.6159774104359078,0.026188565313765868,True,12,8,3,3,"fly (3,8)",0.20000000000000018,2.8228083879107544,2.3123535420297685,3.6490034390497534,18.24501719524875,-11.561767710148832,15.990190489099177,10.626996882356323,-6.484673198756538,,,,,,
32,6.4,694.1569767441861,761.1395348837209,687,755,16,13,119.15697674418607,,14.860465116279101,,14.860465116279101,,0.6238585169852674,0.02527289985761752,True,12,8,3,3,"fly (3,8)",0.20000000000000018,1.5052913509276777,0.5384112882152294,1.5986834478580354,7.99341723929017,-2.692056441076145,15.100253879705557,9.054414177520583,-4.449683046968095,,,,,,
33,6.6,694.1952662721893,760.9585798816568,687,755,16,13,119.19526627218931,,15.04142011834324,,15.04142011834324,,0.6240589857182687,0.025580646459767414,True,12,8,3,3,"fly (3,8)",0.1999999999999993,0.03828952800324714,-0.18095500206413817,0.18496161960456473,0.9248080980228269,0.9047750103206941,14.991247174015825,3.6571644623073127,-0.5450335284486586,,,,,,
34,6.8,694.6047904191616,760.9281437125749,687,755,17,13,119.60479041916165,,15.071856287425135,,15.071856287425135,,0.6262030911997992,0.025632408652083563,True,12,8,3,3,"fly (3,8)",0.20000000000000018,0.4095241469723305,-0.03043616908189506,0.4106536099217888,2.053268049608942,0.15218084540947516,14.992221461303492,2.0472328495932985,0.004871436438332359,,,,,,
35,7.0,695.2021857923497,761.1366120218579,687,755,17,14,120.20218579234972,,14.8633879781421,,14.8633879781421,,0.6293308156667525,0.02527787071112602,True,12,8,3,3,"fly (3,8)",0.20000000000000018,0.5973953731880783,0.20846830928303461,0.632724480229626,3.1636224011481273,-1.0423415464151722,14.998256025030363,2.2533443903050103,0.030172818634355243,,,,,,
36,7.2,695.4404761904761,760.9404761904761,688,755,16,14,120.44047619047615,,15.059523809523853,,15.059523809523853,,0.6305784093742207,0.025611435050210633,True,12,8,3,3,"fly (3,8)",0.20000000000000018,0.2382903981264235,-0.19613583138175272,0.3086285440315927,1.543142720157962,0.9806791569087627,14.988110635336398,2.3738219955110824,-0.05072694846982506,,,,,,
37,7.4,695.9230769230769,760.9585798816568,688,755,17,14,120.9230769230769,,15.04142011834324,,15.04142011834324,,0.6331051147805073,0.025580646459767414,True,12,8,3,3,"fly (3,8)",0.20000000000000018,0.4826007326007584,0.01810369118061317,0.4829401730454319,2.4147008652271573,-0.09051845590306576,15.051829794137499,1.9389370685698004,0.31859579400550786,,,,,,
38,7.6,695.5515151515151,760.9454545454546,688,755,16,13,120.5515151515151,,15.054545454545405,,15.054545454545405,,0.6311597651911786,0.025602968460111234,True,12,8,3,3,"fly (3,8)",0.1999999999999993,-0.3715617715618009,-0.013125336202165272,0.3717935240648549,1.858967620324281,0.0656266810108266,14.954607571915252,3.2955784569850373,-0.48611111111123684,,,,,,
39,7.8,696.6369047619048,761.2321428571429,689,755,16,14,121.63690476190482,,14.76785714285711,,14.76785714285711,,0.6368424333084022,0.02511540330417876,True,12,8,3,3,"fly (3,8)",0.20000000000000018,1.0853896103897114,0.28668831168829456,1.1226133770807358,5.613066885403674,-1.4334415584414715,14.824335002347008,2.751962216892698,-0.651362847841217,,,,,,
40,8.0,696.7409638554217,761.3493975903615,690,755,15,14,121.74096385542168,,14.650602409638509,,14.650602409638509,,0.6373872453163439,0.024915990492582498,True,12,8,3,3,"fly (3,8)",0.20000000000000018,0.1040590935168666,0.11725473321860136,0.15677042899002785,0.7838521449501386,-0.5862736660930062,14.653052408971424,2.3160158581395223,-0.8564129668779211,,,,,,
41,8.2,696.7325581395348,761.4593023255813,689,755,16,14,121.73255813953483,,14.540697674418652,,14.540697674418652,,0.6373432363326431,0.024729077677582742,True,12,8,3,3,"fly (3,8)",0.1999999999999993,-0.008405715886851794,0.10990473521985678,0.11022570881295025,0.5511285440647532,-0.5495236760992859,14.53717095000487,0.7945827451345306,-0.579407294832776,,,,,,
42,8.4,696.9042553191489,761.5797872340426,689,755,17,15,121.90425531914889,,14.420212765957444,,14.420212765957444,,0.6382421744458057,0.024524171370675925,True,12,8,3,3,"fly (3,8)",0.20000000000000107,0.17169717961405695,0.12048490846120785,0.20975350927774097,1.0487675463886992,-0.602424542306036,14.63224643912713,1.4858141808586431,0.47537744561130896,,,,,,
43,8.6,696.6577540106952,761.0641711229947,689,754,17,15,121.65775401069516,,14.935828877005292,,14.935828877005292,,0.6369515916790323,0.025401069518716485,True,12,8,3,3,"fly (3,8)",0.1999999999999993,-0.24650130845373042,-0.5156161110478479,0.5715092904244932,2.857546452122476,2.5780805552392487,14.63637142288701,2.4022386778493354,0.020624918799406682,,,,,,
44,8.8,697.195530726257,761.4469273743017,690,755,16,14,122.19553072625695,,14.553072625698292,,14.553072625698292,,0.6397671765772615,0.02475012351309233,True,12,8,3,3,"fly (3,8)",0.20000000000000107,0.5377767155617903,0.38275625130700064,0.6600804070073695,3.30040203503683,-1.913781256534993,14.702014786615488,2.1687400686164313,0.32821681864240054,,,,,,
45,9.0,697.2228571428572,761.3828571428571,690,755,16,14,122.22285714285715,,14.61714285714288,,14.61714285714288,,0.6399102468212416,0.024859086491739592,True,12,8,3,3,"fly (3,8)",0.1999999999999993,0.02732641660020363,-0.0640702314445889,0.06965434373799723,0.34827171868998735,0.32035115722294566,14.672123109664994,1.602608101071355,-0.1494583847524633,,,,,,
46,9.2,697.1868131868132,761.1538461538462,690,754,16,15,122.1868131868132,,14.846153846153811,,14.846153846153811,,0.6397215350094931,0.025248560962846618,True,12,8,3,3,"fly (3,8)",0.1999999999999993,-0.036043956043954495,-0.22901098901093064,0.23183010989744865,1.1591505494872474,1.1450549450546572,14.703451842275362,0.9522426027664053,0.156643663051837,,,,,,
47,9.4,697.3689839572193,761.3529411764706,690,754,16,16,122.36898395721926,,14.647058823529392,,14.647058823529392,,0.6406753086765407,0.024909963985594204,True,12,8,3,3,"fly (3,8)",0.20000000000000107,0.18217077040606,0.19909502262441947,0.2698611080243975,1.3493055401219802,-0.995475113122092,14.733244802937861,0.9759995460236137,0.1489648033125033,,,,,,
48,9.6,697.3097826086956,761.2934782608696,690,754,16,15,122.30978260869563,,14.70652173913038,,14.70652173913038,,0.6403653539722284,0.025011091393078878,True,12,8,3,3,"fly (3,8)",0.1999999999999993,-0.05920134852362935,-0.05946291560098871,0.08390850969232225,0.4195425484616127,0.2973145780049446,14.650506235663215,0.7758126225529027,-0.4136928363732264,,,,,,
49,9.8,697.2835051546392,761.4020618556701,689,754,18,16,122.28350515463922,,14.597938144329873,,14.597938144329873,,0.6402277756787393,0.024826425415526997,True,12,8,3,3,"fly (3,8)",0.20000000000000107,-0.026277454056412353,0.10858359480050694,0.1117179558150235,0.5585897790751145,-0.5429179740025318,14.652229941730127,0.489066163768364,-0.12280169799879359,,,,,,
13,2.6,146.45454545454547,303.27272727272725,146,301,2,6,16.454545454545467,,485.72727272727275,,485.72727272727275,,0.08186341022161923,0.8163483575248281,True,13,3,1,1,"fly (1,3)",,,,,,,500.5,73.86678314975251,73.86363636363636,,,,,,
14,2.8,146.72727272727272,273.72727272727275,146,272,3,5,16.72727272727272,,515.2727272727273,,515.2727272727273,,0.0832202623247399,0.8660045836516425,True,13,3,1,1,"fly (1,3)",0.19999999999999973,0.27272727272725206,-29.545454545454504,29.546713259900965,147.73356629950501,147.72727272727272,517.1666666666666,68.81527087789419,68.81313131313132,,,,,,
17,3.4,146.8,238.5,146,237,3,4,16.80000000000001,,550.5,,550.5,,0.08358208955223886,0.9252100840336135,True,13,3,1,1,"fly (1,3)",0.6000000000000001,0.07272727272729185,-35.22727272727275,35.227347800506536,58.71224633417755,58.71212121212124,532.8863636363636,103.22290631684129,103.21969696969698,,,,,,
22,4.4,148.84615384615384,787.2307692307693,148,785,3,5,18.84615384615384,,1.7692307692307168,,1.7692307692307168,,0.09376195943360119,0.0029734970911440618,True,14,4,1,1,"fly (1,4)",,,,,,,1.7692307692307168,0.0,0.0,,,,,,
36,7.2,146.45454545454547,252.27272727272728,146,250,2,6,16.454545454545467,,536.7272727272727,,536.7272727272727,,0.08186341022161923,0.9020626432391139,True,15,5,1,1,"fly (1,5)",,,,,,,536.7272727272727,0.0,0.0,,,,,,
36,7.2,380.8,773.1,379,772,5,3,19.80000000000001,,10.899999999999977,,10.899999999999977,,0.10366492146596865,0.018537414965986355,True,16,3,2,2,"fly (2,3)",,,,,,,6.262499999999989,23.392978547258505,-23.187499999999922,,,,,,
37,7.4,379.5625,782.375,378,781,5,4,18.5625,,1.625,,1.625,,0.09718586387434555,0.0027636054421768708,True,16,3,2,2,"fly (2,3)",0.20000000000000018,-1.2375000000000114,9.274999999999977,9.35719141890341,46.78595709451701,-46.374999999999844,7.741666666666674,30.770182315715136,-0.33333333333315096,,,,,,
38,7.6,380.3,773.3,379,772,4,4,19.30000000000001,,10.700000000000045,,10.700000000000045,,0.10104712041884822,0.018197278911564703,True,16,3,2,2,"fly (2,3)",0.1999999999999993,0.7375000000000114,-9.075000000000045,9.104917970525646,45.524589852628395,45.37500000000039,6.162500000000023,46.155273473572706,-0.49999999999972644,,,,,,
43,8.6,714.1686746987951,461.2409638554217,709,452,12,20,139.16867469879514,,314.7590361445783,,314.7590361445783,,0.7286318047057337,0.5353044832390788,True,17,9,3,3,"fly (3,9)",,,,,,,319.3335410607949,25.583107236824432,22.872524581082864,,,,,,
44,8.8,718.7528735632184,452.0919540229885,714,443,11,20,143.75287356321837,,323.9080459770115,,323.9080459770115,,0.7526328458807244,0.5508640237704278,True,17,9,3,3,"fly (3,9)",0.20000000000000107,4.584198864423229,-9.149009832433194,10.233242894729827,51.166214473648864,45.74504916216573,323.24021785005374,29.04592414252937,27.157558806655175,,,,,,
45,9.0,719.5892857142858,444.94642857142856,715,436,11,20,144.58928571428578,,331.05357142857144,,331.05357142857144,,0.7570119670905014,0.5630162779397474,True,17,9,3,3,"fly (3,9)",0.1999999999999993,0.8364121510674067,-7.145525451559934,7.194311590787822,35.97155795393924,35.727627257799796,331.9796300442852,46.1893709961813,43.697060971157406,,,,,,
46,9.2,722.2954545454545,435.02272727272725,717,426,12,20,147.2954545454545,,340.97727272727275,,340.97727272727275,,0.7711803902903377,0.5798933209647495,True,17,9,3,3,"fly (3,9)",0.1999999999999993,2.706168831168725,-9.923701298701303,10.286068112191122,51.43034056095579,49.61850649350669,341.09267838902673,48.31874518395218,45.565241723707395,,,,,,
47,9.4,727.4943820224719,424.75280898876406,722,416,13,20,152.49438202247188,,351.24719101123594,,351.24719101123594,,0.7983999058768161,0.5973591683864556,True,17,9,3,3,"fly (3,9)",0.20000000000000107,5.198927477017378,-10.269918283963193,11.510867407392363,57.554337036961506,51.34959141981569,352.14808131942965,59.74134460502347,55.277014652014635,,,,,,
48,9.6,732.8846153846154,411.7802197802198,728,402,11,21,157.88461538461536,,364.2197802197802,,364.2197802197802,,0.8266210229561014,0.619421394931599,True,17,9,3,3,"fly (3,9)",0.1999999999999993,5.390233362143476,-12.972589208544264,14.047871243430572,70.23935621715312,64.86294604272155,364.5893691982175,67.01433590013043,62.20643939393924,,,,,,
49,9.8,736.9261363636364,397.6988636363636,732,388,12,21,161.92613636363637,,378.3011363636364,,378.3011363636364,,0.8477808186577821,0.6433692795299938,True,17,9,3,3,"fly (3,9)",0.20000000000000107,4.041520979021016,-14.08135614385617,14.64986288925541,73.24931444627666,70.40678071928048,371.2604582917083,71.7443353317149,67.63486338100103,,,,,,
45,9.0,146.9090909090909,306.3636363636364,146,305,3,4,16.909090909090907,,482.6363636363636,,482.6363636363636,,0.0841248303934871,0.811153552330023,True,18,6,1,1,"fly (1,6)",,,,,,,513.7181818181818,51.80305370721909,51.803030303030305,,,,,,
48,9.6,146.85,244.2,146,241,3,8,16.849999999999994,,544.8,,544.8,,0.08383084577114425,0.9156302521008403,True,18,6,1,1,"fly (1,6)",0.5999999999999996,-0.05909090909091219,-62.163636363636385,62.16366444866288,103.60610741443818,103.60606060606061,524.0787878787878,34.53536913814606,34.535353535353536,,,,,,
49,9.8,146.85,244.2,146,241,3,8,16.849999999999994,,544.8,,544.8,,0.08383084577114425,0.9156302521008403,True,18,6,1,1,"fly (1,6)",0.20000000000000107,0.0,0.0,0.0,0.0,0.0,544.8,51.80305370721909,51.803030303030305,,,,,,
45,9.0,146.72727272727272,208.72727272727272,146,207,3,5,16.72727272727272,,580.2727272727273,,580.2727272727273,,0.0832202623247399,0.975248281130634,True,19,7,1,1,"fly (1,7)",,,,,,,579.3863636363636,4.435546217540092,-4.431818181818146,,,,,,
46,9.2,146.8,210.5,146,209,3,4,16.80000000000001,,578.5,,578.5,,0.08358208955223886,0.9722689075630252,True,19,7,1,1,"fly (1,7)",0.1999999999999993,0.07272727272729185,1.7727272727272805,1.7742184870160305,8.871092435080184,-8.863636363636292,578.1575757575757,7.6710760196037056,-7.621212121211997,,,,,,
47,9.4,146.4,213.3,146,211,2,6,16.400000000000006,,575.7,,575.7,,0.08159203980099505,0.9675630252100841,True,19,7,1,1,"fly (1,7)",0.20000000000000107,-0.4000000000000057,2.8000000000000114,2.828427124746202,14.142135623730933,-13.999999999999698,575.3285714285714,14.226482643839192,-14.145021645021728,,,,,,
48,9.6,146.78571428571428,217.21428571428572,146,215,3,6,16.785714285714278,,571.7857142857142,,571.7857142857142,,0.0835110163468372,0.9609843937575029,True,19,7,1,1,"fly (1,7)",0.1999999999999993,0.3857142857142719,3.914285714285711,3.933243974541278,19.66621987270646,-19.571428571429195,573.259943977591,12.119131447557505,-10.343137254902032,,,,,,
49,9.8,146.8235294117647,216.7058823529412,146,214,3,7,16.823529411764696,,572.2941176470588,,572.2941176470588,,0.08369915130231192,0.9618388531883341,True,19,7,1,1,"fly (1,7)",0.20000000000000107,0.03781512605041826,-0.5084033613445342,0.5098077692470272,2.5490388462351223,2.5420168067227995,572.0399159663865,11.107629359470792,-8.514705882353198,,,,,,
49,9.8,148.45454545454547,380.27272727272725,148,378,2,6,18.454545454545467,,408.72727272727275,,408.72727272727275,,0.09181365897783815,0.6869365928189458,True,20,8,1,1,"fly (1,8)",,,,,,,408.72727272727275,0.0,0.0,,,,,,
49,9.8,147.9090909090909,359.3636363636364,147,358,3,4,17.909090909090907,,429.6363636363636,,429.6363636363636,,0.08909995477159655,0.7220779220779221,True,21,9,1,1,"fly (1,9)",,,,,,,429.6363636363636,0.0,0.0,,,,,,
