physical_vial_index,assay_tube_index,bbox_x,bbox_y,bbox_w,bbox_h,center_x_px,center_y_px,area_px,frame_index,time_s,x_from_left_px,x_from_left_mm,y_from_base_px,y_from_base_mm,distance_from_base_px,distance_from_base_mm,relative_x,relative_height,threshold_used
1,1,222,167,18,17,229.47826086956522,174.0304347826087,230,0,0.0,99.47826086956522,9.611426170972486,591.9695652173913,79.06104376859984,591.9695652173913,79.06104376859984,0.48057130854862423,0.9882630471074979,22.0
1,1,253,186,16,20,260.1673469387755,194.82857142857142,245,0,0.0,130.1673469387755,12.576555259785072,571.1714285714286,76.28332935845458,571.1714285714286,76.28332935845458,0.6288277629892536,0.9535416169806821,22.0
1,1,194,223,17,13,201.44375,228.65625,160,0,0.0,71.44375,6.902777777777778,537.34375,71.76544240400668,537.34375,71.76544240400668,0.3451388888888889,0.8970680300500835,22.0
1,1,289,329,19,12,298.0701754385965,333.9473684210526,171,0,0.0,168.0701754385965,16.2386642935842,432.0526315789474,57.70318952640366,432.0526315789474,57.70318952640366,0.8119332146792101,0.7212898690800458,22.0
1,1,182,360,14,20,188.3761467889908,369.20642201834863,218,0,0.0,58.37614678899081,5.640207419226165,396.79357798165137,52.994133954143756,396.79357798165137,52.994133954143756,0.28201037096130827,0.6624266744267969,22.0
1,1,288,663,19,18,296.6788990825688,671.3486238532109,218,0,0.0,166.67889908256882,16.104241457253025,94.65137614678906,12.641252239971829,94.65137614678906,12.641252239971829,0.8052120728626513,0.15801565299964784,22.0
1,1,160,711,11,11,164.70454545454544,715.6818181818181,88,0,0.0,34.70454545454544,3.3530961791831344,50.31818181818187,6.7202913947488305,50.31818181818187,6.7202913947488305,0.16765480895915671,0.08400364243436038,22.0
1,1,242,727,20,15,251.2164502164502,733.91341991342,231,0,0.0,121.2164502164502,11.71173432042997,32.08658008658006,4.285352933099173,32.08658008658006,4.285352933099173,0.5855867160214986,0.05356691166373966,22.0
2,2,395,178,16,16,401.3076923076923,184.36813186813185,182,0,0.0,38.30769230769232,4.053724053724055,578.6318681318681,79.1291443599136,578.6318681318681,79.1291443599136,0.20268620268620274,0.9891143044989199,22.0
2,2,380,182,3,13,380.8484848484849,187.93939393939394,33,0,0.0,17.848484848484873,1.8887285553952247,575.060606060606,78.64076664076663,575.060606060606,78.64076664076663,0.09443642776976123,0.983009583009583,22.0
2,2,531,185,6,32,533.7647058823529,200.1,170,0,0.0,170.76470588235293,18.070339246809834,562.9,76.97777777777777,562.9,76.97777777777777,0.9035169623404917,0.9622222222222222,22.0
2,2,519,215,8,17,522.4782608695652,222.77391304347827,115,0,0.0,159.47826086956525,16.876006441223836,540.2260869565217,73.87707172054998,540.2260869565217,73.87707172054998,0.8438003220611918,0.9234633965068747,22.0
2,2,381,312,10,19,385.7432432432432,320.1554054054054,148,0,0.0,22.743243243243228,2.406692406692405,442.8445945945946,60.55994455994456,442.8445945945946,60.55994455994456,0.12033462033462025,0.756999306999307,22.0
2,2,400,626,14,23,406.12704918032784,637.3196721311475,244,0,0.0,43.127049180327845,4.5637089079712005,125.68032786885249,17.1870533837747,125.68032786885249,17.1870533837747,0.22818544539856003,0.21483816729718375,22.0
3,3,711,178,11,22,715.9184782608695,188.03804347826087,184,0,0.0,132.9184782608695,13.918165262918272,571.9619565217391,78.62020020917376,571.9619565217391,78.62020020917376,0.6959082631459137,0.9827525026146721,24.0
3,3,715,713,17,11,722.88125,717.7125,160,0,0.0,139.88125000000002,14.647251308900525,42.28750000000002,5.812714776632306,42.28750000000002,5.812714776632306,0.7323625654450263,0.07265893470790381,24.0
4,4,963,287,10,16,967.5403225806451,294.14516129032256,124,0,0.0,161.54032258064512,17.654680063458482,462.85483870967744,63.0807275924603,462.85483870967744,63.0807275924603,0.8827340031729242,0.7885090949057537,21.0
4,4,951,550,13,21,956.5446009389672,559.7089201877934,213,0,0.0,150.54460093896716,16.452961851253242,197.2910798122066,26.88805176316274,197.2910798122066,26.88805176316274,0.8226480925626621,0.33610064703953424,21.0
4,4,954,580,20,20,965.3412162162163,587.9087837837837,296,0,0.0,159.34121621621625,17.41434057007828,169.09121621621625,23.04479948432249,169.09121621621625,23.04479948432249,0.870717028503914,0.2880599935540311,21.0
4,4,961,614,12,18,966.2033898305085,622.2372881355932,177,0,0.0,160.2033898305085,17.508567194591095,134.7627118644068,18.366298039442153,134.7627118644068,18.366298039442153,0.8754283597295547,0.22957872549302694,21.0
4,4,850,702,16,19,857.0280373831775,710.5093457943925,214,0,0.0,51.02803738317755,5.5768346866860705,46.490654205607484,6.336034644716523,46.490654205607484,6.336034644716523,0.27884173433430354,0.07920043305895653,21.0
4,4,823,740,6,10,824.9347826086956,744.5869565217391,46,0,0.0,18.934782608695627,2.0693751484913254,12.413043478260875,1.6917265387749063,12.413043478260875,1.6917265387749063,0.10346875742456627,0.021146581734686327,21.0
4,4,923,748,12,10,928.1666666666666,753.0196078431372,102,0,0.0,122.16666666666663,13.351548269581052,3.980392156862763,0.5424725256371739,3.980392156862763,0.5424725256371739,0.6675774134790526,0.006780906570464673,21.0
1,1,222,167,18,17,229.4780701754386,173.93859649122808,228,1,0.2,99.4780701754386,9.611407746419188,592.061403508772,79.07330931669742,592.061403508772,79.07330931669742,0.4805703873209594,0.9884163664587178,22.0
1,1,252,186,17,21,260.14230769230767,195.23461538461538,260,1,0.2,130.14230769230767,12.574136008918614,570.7653846153846,76.22909978168742,570.7653846153846,76.22909978168742,0.6287068004459307,0.9528637472710928,22.0
1,1,194,223,17,14,201.53503184713375,228.9171974522293,157,1,0.2,71.53503184713375,6.911597279916304,537.0828025477707,71.73059132524484,537.0828025477707,71.73059132524484,0.34557986399581525,0.8966323915655604,22.0
1,1,289,329,19,11,297.6134969325153,333.79754601226995,163,1,0.2,167.61349693251532,16.194540766426602,432.20245398773005,57.723199197025714,432.20245398773005,57.723199197025714,0.8097270383213301,0.7215399899628214,22.0
1,1,182,360,14,20,188.35321100917432,369.2293577981651,218,1,0.2,58.353211009174316,5.637991401852591,396.7706422018349,52.99107074481935,396.7706422018349,52.99107074481935,0.28189957009262956,0.6623883843102419,22.0
1,1,279,673,19,19,287.4868421052631,681.8070175438596,228,1,0.2,157.48684210526312,15.21612001017035,84.19298245614038,11.244471780452805,84.19298245614038,11.244471780452805,0.7608060005085175,0.14055589725566006,22.0
1,1,160,711,12,10,165.10309278350516,715.4123711340206,97,1,0.2,35.10309278350516,3.3916031674884213,50.587628865979354,6.756277644872034,50.587628865979354,6.756277644872034,0.16958015837442106,0.08445347056090043,22.0
1,1,242,727,20,15,251.2851063829787,733.9617021276596,235,1,0.2,121.28510638297871,11.718367766471372,32.03829787234042,4.278904557240791,32.03829787234042,4.278904557240791,0.5859183883235687,0.053486306965509885,22.0
2,2,395,178,13,14,400.8646616541353,183.14285714285714,133,1,0.2,37.86466165413532,4.006842503083102,579.8571428571429,79.29670329670331,579.8571428571429,79.29670329670331,0.20034212515415512,0.9912087912087912,21.0
2,2,380,182,4,14,381.1190476190476,188.3095238095238,42,1,0.2,18.119047619047592,1.9173595364071525,574.6904761904761,78.59015059015059,574.6904761904761,78.59015059015059,0.09586797682035762,0.9823768823768823,21.0
2,2,531,185,6,34,533.7333333333333,201.0611111111111,180,1,0.2,170.73333333333335,18.067019400352734,561.9388888888889,76.84634377967711,561.9388888888889,76.84634377967711,0.9033509700176368,0.9605792972459639,21.0
2,2,520,214,9,19,523.392,222.64,125,1,0.2,160.39200000000005,16.972698412698417,540.36,73.89538461538461,540.36,73.89538461538461,0.848634920634921,0.9236923076923077,21.0
2,2,381,311,11,20,385.9125,320.44375,160,1,0.2,22.912500000000023,2.424603174603177,442.55625,60.52051282051282,442.55625,60.52051282051282,0.12123015873015885,0.7565064102564102,21.0
2,2,404,634,15,23,411.06995884773664,644.8230452674898,243,1,0.2,48.06995884773664,5.0867681320356235,118.17695473251024,16.160951074531315,118.17695473251024,16.160951074531315,0.2543384066017812,0.20201188843164145,21.0
3,3,711,178,11,22,715.9732620320856,188.0855614973262,187,1,0.2,132.9732620320856,13.923901783464459,571.9144385026738,78.6136685227043,571.9144385026738,78.6136685227043,0.6961950891732229,0.9826708565338037,24.0
3,3,714,712,18,12,722.7575757575758,717.4484848484849,165,1,0.2,139.75757575757575,14.634301126447722,42.551515151515105,5.849005519108606,42.551515151515105,5.849005519108606,0.7317150563223861,0.07311256898885757,24.0
4,4,915,170,5,3,916.7272727272727,170.72727272727272,11,1,0.2,110.72727272727275,12.101341281669153,586.2727272727273,79.90088276289298,586.2727272727273,79.90088276289298,0.6050670640834577,0.9987610345361623,21.0
4,4,963,288,10,14,967.575,294.23333333333335,120,1,0.2,161.57500000000005,17.658469945355197,462.76666666666665,63.068710959681994,462.76666666666665,63.068710959681994,0.8829234972677598,0.788358886996025,21.0
4,4,951,550,13,21,956.5167464114833,559.7129186602871,209,1,0.2,150.51674641148327,16.449917640599264,197.28708133971293,26.887506826536686,197.28708133971293,26.887506826536686,0.8224958820299633,0.33609383533170856,21.0
4,4,954,579,20,22,965.5197368421052,587.7006578947369,304,1,0.2,159.5197368421052,17.433851020995103,169.29934210526312,23.073164171075042,169.29934210526312,23.073164171075042,0.8716925510497552,0.28841455213843803,21.0
4,4,961,613,12,20,966.2432432432432,622.2702702702702,185,1,0.2,160.24324324324323,17.512922758824395,134.7297297297298,18.361803029605422,134.7297297297298,18.361803029605422,0.8756461379412198,0.2295225378700678,21.0
4,4,850,702,16,19,856.9952830188679,710.5896226415094,212,1,0.2,50.995283018867894,5.573254974739661,46.410377358490564,6.325094018192922,46.410377358490564,6.325094018192922,0.27866274873698305,0.07906367522741152,21.0
4,4,823,739,6,11,824.9183673469388,744.3061224489796,49,1,0.2,18.918367346938794,2.067581130812983,12.693877551020364,1.7300003476688741,12.693877551020364,1.7300003476688741,0.10337905654064915,0.021625004345860926,21.0
4,4,922,747,13,11,927.9322033898305,752.6694915254237,118,1,0.2,121.93220338983053,13.325923867741041,4.330508474576277,0.5901885484942115,4.330508474576277,0.5901885484942115,0.6662961933870521,0.007377356856177644,21.0
1,1,222,167,18,17,229.44635193133047,174.09012875536482,233,2,0.4,99.44635193133047,9.60834318177106,591.9098712446352,79.05307128475928,591.9098712446352,79.05307128475928,0.480417159088553,0.988163391059491,22.0
1,1,252,186,17,21,259.9841897233201,195.38339920948616,253,2,0.4,129.98418972332013,12.558858910465712,570.6166007905139,76.20922882010203,570.6166007905139,76.20922882010203,0.6279429455232857,0.9526153602512752,22.0
1,1,195,223,15,14,201.58823529411765,228.94771241830065,153,2,0.4,71.58823529411765,6.916737709576585,537.0522875816994,71.72651587067772,537.0522875816994,71.72651587067772,0.34583688547882924,0.8965814483834714,22.0
1,1,289,329,18,11,297.4258064516129,333.80645161290323,155,2,0.4,167.4258064516129,16.176406420445694,432.19354838709677,57.72200980128171,432.19354838709677,57.72200980128171,0.8088203210222846,0.7215251225160213,22.0
1,1,182,359,14,20,188.3148148148148,368.1296296296296,216,2,0.4,58.31481481481481,5.6342816246197875,397.8703703703704,53.13794595931491,397.8703703703704,53.13794595931491,0.2817140812309894,0.6642243244914363,22.0
1,1,274,684,18,21,282.32067510548524,694.0295358649789,237,2,0.4,152.32067510548524,14.7169734401435,71.97046413502107,9.612082021371762,71.97046413502107,9.612082021371762,0.7358486720071751,0.12015102526714704,22.0
1,1,160,711,11,10,164.77272727272728,715.3522727272727,88,2,0.4,34.77272727272728,3.3596837944664038,50.64772727272725,6.764304143269082,50.64772727272725,6.764304143269082,0.1679841897233202,0.08455380179086353,22.0
1,1,241,727,21,16,251.22983870967744,734.1370967741935,248,2,0.4,121.22983870967744,11.713027894654825,31.862903225806463,4.255479562712049,31.862903225806463,4.255479562712049,0.5856513947327412,0.053193494533900605,22.0
2,2,395,178,13,11,401.21495327102804,182.11214953271028,107,2,0.4,38.21495327102804,4.043910399050586,580.8878504672897,79.43765476475757,580.8878504672897,79.43765476475757,0.2021955199525293,0.9929706845594696,21.0
2,2,380,182,4,14,381.24444444444447,188.15555555555557,45,2,0.4,18.24444444444447,1.9306290417401555,574.8444444444444,78.61120607787274,574.8444444444444,78.61120607787274,0.09653145208700777,0.9826400759734093,21.0
2,2,531,185,6,33,533.890243902439,199.89634146341464,164,2,0.4,170.890243902439,18.08362369337979,563.1036585365854,77.00562851782365,563.1036585365854,77.00562851782365,0.9041811846689894,0.9625703564727955,21.0
2,2,522,215,8,17,525.2844827586207,222.60344827586206,116,2,0.4,162.2844827586207,17.17296113847838,540.3965517241379,73.90038314176245,540.3965517241379,73.90038314176245,0.858648056923919,0.9237547892720306,21.0
2,2,381,312,11,19,385.8888888888889,320.6172839506173,162,2,0.4,22.888888888888914,2.4221046443268692,442.3827160493827,60.496781681966866,442.3827160493827,60.496781681966866,0.12110523221634346,0.7562097710245858,21.0
2,2,405,640,16,23,412.39271255060726,651.2226720647773,247,2,0.4,49.39271255060726,5.2267420688473285,111.77732793522273,15.285788435586014,111.77732793522273,15.285788435586014,0.26133710344236644,0.19107235544482518,21.0
3,3,711,178,11,22,715.945652173913,188.2336956521739,184,2,0.4,132.945652173913,13.921010698839059,571.7663043478261,78.59330643956372,571.7663043478261,78.59330643956372,0.6960505349419529,0.9824163304945466,24.0
3,3,715,713,17,11,722.8607594936709,717.632911392405,158,2,0.4,139.8607594936709,14.645105706143552,42.36708860759495,5.823654791421986,42.36708860759495,5.823654791421986,0.7322552853071775,0.07279568489277483,24.0
4,4,914,170,6,3,916.5,170.875,16,2,0.4,110.5,12.076502732240437,586.125,79.88074957410562,586.125,79.88074957410562,0.6038251366120219,0.9985093696763203,21.0
4,4,969,170,5,10,971.0869565217391,174.47826086956522,46,2,0.4,165.08695652173913,18.042290330244715,582.5217391304348,79.38967483890083,582.5217391304348,79.38967483890083,0.9021145165122356,0.9923709354862602,21.0
4,4,963,287,10,15,967.5537190082645,294.1652892561983,121,2,0.4,161.55371900826447,17.656144153908684,462.8347107438017,63.07798442845679,462.8347107438017,63.07798442845679,0.8828072076954342,0.7884748053557098,21.0
4,4,951,550,13,21,956.4593301435407,559.9425837320574,209,2,0.4,150.45933014354068,16.443642638638327,197.05741626794259,26.856206646397627,197.05741626794259,26.856206646397627,0.8221821319319162,0.3357025830799703,21.0
4,4,955,579,19,21,965.5033557046979,587.6510067114094,298,2,0.4,159.50335570469792,17.43206073275387,169.34899328859058,23.079930942226994,169.34899328859058,23.079930942226994,0.8716030366376936,0.28849913677783745,21.0
4,4,961,613,12,19,966.2983425414365,622.0939226519338,181,2,0.4,160.29834254143645,17.5189445400477,134.90607734806622,18.3858367765678,134.90607734806622,18.3858367765678,0.875947227002385,0.22982295970709749,21.0
4,4,850,702,16,19,857.0330188679245,710.6981132075472,212,2,0.4,51.03301886792451,5.577379111248581,46.30188679245282,6.310308251100896,46.30188679245282,6.310308251100896,0.278868955562429,0.0788788531387612,21.0
4,4,823,739,6,11,824.9803921568628,744.4705882352941,51,2,0.4,18.980392156862763,2.0743597985642364,12.529411764705856,1.7075859304539496,12.529411764705856,1.7075859304539496,0.10371798992821182,0.02134482413067437,21.0
4,4,922,746,13,12,928.0538461538462,752.2923076923076,130,2,0.4,122.05384615384617,13.339218158890292,4.707692307692355,0.641593500196573,4.707692307692355,0.641593500196573,0.6669609079445146,0.008019918752457163,21.0
1,1,221,167,19,18,229.1476793248945,174.34177215189874,237,3,0.6,99.14767932489451,9.57948592511058,591.6582278481012,79.01946281777644,591.6582278481012,79.01946281777644,0.47897429625552906,0.9877432852222057,22.0
1,1,252,185,18,21,260.264367816092,194.84674329501917,261,3,0.6,130.26436781609198,12.585929257593428,571.1532567049808,76.2809023979941,571.1532567049808,76.2809023979941,0.6292964628796713,0.9535112799749261,22.0
1,1,194,223,17,14,201.2628205128205,228.9871794871795,156,3,0.6,71.2628205128205,6.885296667905362,537.0128205128206,71.7212448097256,537.0128205128206,71.7212448097256,0.3442648333952681,0.8965155601215702,22.0
1,1,291,326,16,15,298.4347826086956,332.64596273291926,161,3,0.6,168.43478260869563,16.2738920394875,433.35403726708074,57.87699996889225,433.35403726708074,57.87699996889225,0.813694601974375,0.7234624996111532,22.0
1,1,180,353,15,20,186.73214285714286,362.2633928571429,224,3,0.6,56.73214285714286,5.48136645962733,403.7366071428571,53.92141664679227,403.7366071428571,53.92141664679227,0.27406832298136646,0.6740177080849034,22.0
1,1,273,688,18,21,280.97119341563786,697.6172839506173,243,3,0.6,150.97119341563786,14.58658873581042,68.38271604938268,9.132917001587002,68.38271604938268,9.132917001587002,0.7293294367905211,0.11416146251983753,22.0
1,1,160,710,12,11,165.05882352941177,714.9901960784314,102,3,0.6,35.05882352941177,3.3873259448707023,51.00980392156862,6.8126616255851244,51.00980392156862,6.8126616255851244,0.1693662972435351,0.08515827031981406,22.0
1,1,241,727,21,16,251.22950819672133,734.1270491803278,244,3,0.6,121.22950819672133,11.712995961035878,31.872950819672155,4.2568214784203215,31.872950819672155,4.2568214784203215,0.5856497980517938,0.053210268480254015,22.0
2,2,393,178,11,8,398.35820895522386,180.83582089552237,67,3,0.6,35.35820895522386,3.741609413251202,582.1641791044776,79.61219543309096,582.1641791044776,79.61219543309096,0.1870804706625601,0.9951524429136369,21.0
2,2,380,181,4,16,381.2,188.04,50,3,0.6,18.19999999999999,1.9259259259259247,574.96,78.62700854700856,574.96,78.62700854700856,0.09629629629629624,0.9828376068376069,21.0
2,2,525,186,12,45,531.8961937716263,209.0415224913495,289,3,0.6,168.89619377162626,17.87261309752659,553.9584775086505,75.75500547126845,553.9584775086505,75.75500547126845,0.8936306548763294,0.9469375683908555,21.0
2,2,381,311,11,20,385.7142857142857,320.0584415584416,154,3,0.6,22.714285714285722,2.4036281179138332,442.9415584415584,60.57320457320456,442.9415584415584,60.57320457320456,0.12018140589569165,0.7571650571650571,21.0
2,2,405,652,14,24,411.62109375,662.9921875,256,3,0.6,48.62109375,5.145089285714286,100.0078125,13.676282051282051,100.0078125,13.676282051282051,0.2572544642857143,0.17095352564102564,21.0
3,3,711,178,11,22,715.9510869565217,188.2826086956522,184,3,0.6,132.95108695652175,13.92157978602322,571.7173913043478,78.58658299716122,571.7173913043478,78.58658299716122,0.696078989301161,0.9823322874645151,24.0
3,3,715,713,17,11,723.2207792207791,717.7012987012987,154,3,0.6,140.22077922077915,14.682804106887868,42.2987012987013,5.814254474048289,42.2987012987013,5.814254474048289,0.7341402053443935,0.07267818092560362,24.0
4,4,915,170,5,4,916.8,171.06666666666666,15,3,0.6,110.79999999999995,12.109289617486334,585.9333333333334,79.85462805224306,585.9333333333334,79.85462805224306,0.6054644808743167,0.9981828506530381,21.0
4,4,962,178,11,11,967.054945054945,182.69230769230768,91,3,0.6,161.05494505494505,17.601633339338257,574.3076923076924,78.27021360241123,574.3076923076924,78.27021360241123,0.8800816669669128,0.9783776700301403,21.0
4,4,963,287,10,15,967.5725806451612,294.0,124,3,0.6,161.57258064516122,17.658205534990298,463.0,63.100511073253834,463.0,63.100511073253834,0.8829102767495148,0.7887563884156729,21.0
4,4,950,550,14,21,956.367924528302,559.877358490566,212,3,0.6,150.36792452830196,16.43365295391278,197.12264150943395,26.865095946771238,197.12264150943395,26.865095946771238,0.8216826476956391,0.33581369933464045,21.0
4,4,955,579,19,21,965.6394557823129,587.6768707482993,294,3,0.6,159.6394557823129,17.446935058176273,169.32312925170072,23.07640603089618,169.32312925170072,23.07640603089618,0.8723467529088136,0.28845507538620224,21.0
4,4,961,613,12,20,966.2972972972973,622.3189189189189,185,3,0.6,160.2972972972973,17.51883030571555,134.68108108108106,18.355172890096227,134.68108108108106,18.355172890096227,0.8759415152857776,0.22943966112620284,21.0
4,4,850,702,16,19,856.9126213592233,710.8592233009708,206,3,0.6,50.912621359223294,5.5642209135763165,46.140776699029175,6.288351168521864,46.140776699029175,6.288351168521864,0.2782110456788158,0.0786043896065233,21.0
4,4,823,739,6,12,825.0181818181818,744.3272727272728,55,3,0.6,19.0181818181818,2.0784898161947325,12.67272727272723,1.7271178565897416,12.67272727272723,1.7271178565897416,0.10392449080973662,0.02158897320737177,21.0
4,4,922,746,13,12,928.0,752.2272727272727,132,3,0.6,122.0,13.333333333333334,4.772727272727252,0.6504568685147873,4.772727272727252,0.6504568685147873,0.6666666666666666,0.008130710856434843,21.0
1,1,222,167,18,17,229.26315789473682,174.01315789473685,228,4,0.8,99.26315789473682,9.590643274853798,591.9868421052631,79.06335119936737,591.9868421052631,79.06335119936737,0.47953216374269,0.988291889992092,22.0
1,1,253,185,16,22,260.1589147286822,194.9496124031008,258,4,0.8,130.1589147286822,12.575740553495866,571.0503875968992,76.26716361895149,571.0503875968992,76.26716361895149,0.6287870276747932,0.9533395452368935,22.0
1,1,194,223,17,14,201.35443037974684,229.0379746835443,158,4,0.8,71.35443037974684,6.894147862777474,536.9620253164558,71.71446081021112,536.9620253164558,71.71446081021112,0.34470739313887366,0.896430760127639,22.0
1,1,292,317,15,20,298.5692307692308,326.03076923076924,195,4,0.8,168.56923076923078,16.286882199925678,439.96923076923076,58.76049826634134,439.96923076923076,58.76049826634134,0.814344109996284,0.7345062283292667,22.0
1,1,178,349,15,21,185.08071748878925,358.9192825112108,223,4,0.8,55.08071748878925,5.321808453023115,407.0807174887892,54.36804240250941,407.0807174887892,54.36804240250941,0.2660904226511558,0.6796005300313677,22.0
1,1,267,690,19,21,275.7682926829268,700.280487804878,246,4,0.8,145.7682926829268,14.08389301284317,65.71951219512198,8.777230343255022,65.71951219512198,8.777230343255022,0.7041946506421585,0.10971537929068778,22.0
1,1,160,710,12,12,164.9351851851852,715.4351851851852,108,4,0.8,34.93518518518519,3.375380211129004,50.56481481481478,6.753230693130521,50.56481481481478,6.753230693130521,0.1687690105564502,0.08441538366413152,22.0
1,1,241,727,21,16,251.20746887966806,734.1742738589212,241,4,0.8,121.20746887966806,11.710866558422035,31.825726141078803,4.250514342715032,31.825726141078803,4.250514342715032,0.5855433279211018,0.0531314292839379,22.0
2,2,394,178,6,3,396.5,178.875,16,4,0.8,33.5,3.544973544973545,584.125,79.88034188034187,584.125,79.88034188034187,0.17724867724867724,0.9985042735042735,21.0
2,2,380,181,4,15,381.2040816326531,187.81632653061223,49,4,0.8,18.20408163265307,1.9263578447251928,575.1836734693877,78.6575963718821,575.1836734693877,78.6575963718821,0.09631789223625964,0.983219954648526,21.0
2,2,528,185,9,42,533.2058823529412,207.07563025210084,238,4,0.8,170.20588235294122,18.01120448179272,555.9243697478992,76.02384543561014,555.9243697478992,76.02384543561014,0.9005602240896361,0.9502980679451267,21.0
2,2,381,311,10,20,385.5741935483871,320.0774193548387,155,4,0.8,22.574193548387086,2.3888035500938716,442.9225806451613,60.57060931899641,442.9225806451613,60.57060931899641,0.11944017750469357,0.7571326164874552,21.0
2,2,406,655,14,24,412.30859375,666.50390625,256,4,0.8,49.30859375,5.217840608465608,96.49609375,13.196047008547009,96.49609375,13.196047008547009,0.2608920304232804,0.16495058760683762,21.0
3,3,711,178,11,22,716.0054945054945,188.21428571428572,182,4,0.8,133.00549450549454,13.92727691157011,571.7857142857142,78.59597447226312,571.7857142857142,78.59597447226312,0.6963638455785054,0.982449680903289,24.0
3,3,715,713,17,11,723.1217948717949,717.7307692307693,156,4,0.8,140.12179487179492,14.67243925359109,42.26923076923072,5.810203542162298,42.26923076923072,5.810203542162298,0.7336219626795546,0.07262754427702872,24.0
4,4,915,170,5,3,916.8571428571429,170.92857142857142,14,4,0.8,110.85714285714289,12.115534738485561,586.0714285714286,79.87344852762229,586.0714285714286,79.87344852762229,0.6057767369242781,0.9984181065952786,21.0
4,4,959,177,13,11,964.790909090909,181.86363636363637,110,4,0.8,158.79090909090905,17.35419771485345,575.1363636363636,78.38315006969181,575.1363636363636,78.38315006969181,0.8677098857426724,0.9797893758711476,21.0
4,4,963,287,10,15,967.5371900826447,294.1652892561983,121,4,0.8,161.53719008264466,17.654337713950234,462.8347107438017,63.07798442845679,462.8347107438017,63.07798442845679,0.8827168856975118,0.7884748053557098,21.0
4,4,950,550,13,21,956.1476190476191,559.9190476190477,210,4,0.8,150.14761904761906,16.409575852198806,197.08095238095234,26.859414293826553,197.08095238095234,26.859414293826553,0.8204787926099402,0.3357426786728319,21.0
4,4,956,580,18,19,965.7399267399268,587.919413919414,273,4,0.8,159.73992673992677,17.45791549070238,169.08058608058604,23.043350743521096,169.08058608058604,23.043350743521096,0.872895774535119,0.28804188429401373,21.0
4,4,961,614,12,18,966.0755813953489,621.9244186046512,172,4,0.8,160.07558139534888,17.49459905960097,135.07558139534876,18.408937839229814,135.07558139534876,18.408937839229814,0.8747299529800485,0.2301117229903727,21.0
4,4,849,702,17,19,856.7302325581395,710.9906976744186,215,4,0.8,50.730232558139505,5.544287711272077,46.009302325581416,6.270433025632902,46.009302325581416,6.270433025632902,0.27721438556360384,0.07838041282041128,21.0
4,4,823,739,6,11,824.9411764705883,744.1176470588235,51,4,0.8,18.94117647058829,2.070073931211835,12.882352941176464,1.755686942579416,12.882352941176464,1.755686942579416,0.10350369656059175,0.021946086782242698,21.0
4,4,922,746,12,12,927.6692913385826,751.9763779527559,127,4,0.8,121.66929133858264,13.297190310227611,5.023622047244089,0.6846503641899951,5.023622047244089,0.6846503641899951,0.6648595155113806,0.008558129552374939,21.0
1,1,222,167,18,17,229.4660633484163,173.97737556561086,221,5,1.0,99.4660633484163,9.610247666513652,592.0226244343892,79.06813014148771,592.0226244343892,79.06813014148771,0.4805123833256826,0.9883516267685962,22.0
1,1,252,185,17,22,260.04247104247105,194.9266409266409,259,5,1.0,130.04247104247105,12.564489955794306,571.0733590733591,76.27023159577416,571.0733590733591,76.27023159577416,0.6282244977897152,0.9533778949471772,22.0
1,1,195,223,16,14,201.65189873417722,229.2278481012658,158,5,1.0,71.65189873417722,6.922888766587171,536.7721518987341,71.68910208998119,536.7721518987341,71.68910208998119,0.34614443832935854,0.8961137761247648,22.0
1,1,289,305,15,20,295.4397905759162,313.7958115183246,191,5,1.0,165.43979057591622,15.98452082859094,452.2041884816754,60.39454937985648,452.2041884816754,60.39454937985648,0.799226041429547,0.7549318672482059,22.0
1,1,178,348,15,21,185.25454545454545,357.4909090909091,220,5,1.0,55.25454545454545,5.338603425559947,408.5090909090909,54.55881013810897,408.5090909090909,54.55881013810897,0.26693017127799734,0.6819851267263621,22.0
1,1,253,692,22,19,262.8467741935484,700.6774193548387,248,5,1.0,132.8467741935484,12.835437120149605,65.32258064516134,8.724217782325388,65.32258064516134,8.724217782325388,0.6417718560074802,0.10905272227906734,22.0
1,1,158,710,14,12,164.32478632478632,715.8119658119658,117,5,1.0,34.32478632478632,3.316404475824765,50.18803418803418,6.702909407416919,50.18803418803418,6.702909407416919,0.16582022379123823,0.08378636759271149,22.0
1,1,241,727,21,16,251.325,734.2041666666667,240,5,1.0,121.32499999999999,11.722222222222221,31.79583333333335,4.246521981079579,31.79583333333335,4.246521981079579,0.586111111111111,0.05308152476349474,22.0
2,2,380,181,4,16,381.2156862745098,188.01960784313727,51,5,1.0,18.21568627450978,1.927585849154474,574.9803921568628,78.62979721803251,574.9803921568628,78.62979721803251,0.0963792924577237,0.9828724652254064,21.0
2,2,531,189,6,37,533.8157894736842,207.6,190,5,1.0,170.81578947368416,18.075744917850177,555.4,75.95213675213675,555.4,75.95213675213675,0.9037872458925088,0.9494017094017093,21.0
2,2,381,311,10,20,385.5506329113924,320.11392405063293,158,5,1.0,22.550632911392427,2.3863103609939076,442.88607594936707,60.565617223845074,442.88607594936707,60.565617223845074,0.11931551804969538,0.7570702152980634,21.0
2,2,406,658,15,24,412.7034220532319,669.6349809885932,263,5,1.0,49.70342205323192,5.259621381294383,93.36501901140684,12.767865847713756,93.36501901140684,12.767865847713756,0.26298106906471913,0.15959832309642197,21.0
3,3,711,178,11,22,716.0222222222222,188.2277777777778,180,5,1.0,133.02222222222224,13.929028504944737,571.7722222222222,78.59411989308897,571.7722222222222,78.59411989308897,0.6964514252472369,0.9824264986636121,24.0
3,3,716,713,16,12,723.1866666666667,717.9133333333333,150,5,1.0,140.18666666666672,14.679232111692851,42.0866666666667,5.785108820160372,42.0866666666667,5.785108820160372,0.7339616055846425,0.07231386025200465,24.0
4,4,914,170,6,3,916.5,170.875,16,5,1.0,110.5,12.076502732240437,586.125,79.88074957410562,586.125,79.88074957410562,0.6038251366120219,0.9985093696763203,21.0
4,4,950,176,15,11,956.5530303030303,180.62121212121212,132,5,1.0,150.55303030303025,16.45388309322735,576.3787878787879,78.55247534974963,576.3787878787879,78.55247534974963,0.8226941546613675,0.9819059418718703,21.0
4,4,964,290,10,12,968.5576923076924,295.25,104,5,1.0,162.55769230769238,17.76586801176966,461.75,62.93015332197615,461.75,62.93015332197615,0.8882934005884829,0.7866269165247018,21.0
4,4,950,550,13,21,955.8976744186047,560.0651162790698,215,5,1.0,149.89767441860465,16.382259499301053,196.9348837209302,26.839507151063742,196.9348837209302,26.839507151063742,0.8191129749650528,0.33549383938829674,21.0
4,4,956,580,18,19,965.9104477611941,587.9925373134329,268,5,1.0,159.91044776119406,17.47655166789006,169.00746268656712,23.033385033944413,169.00746268656712,23.033385033944413,0.8738275833945031,0.28791731292430517,21.0
4,4,960,613,13,19,965.3586956521739,622.0434782608695,184,5,1.0,159.35869565217388,17.416250890947964,134.9565217391305,18.392711650988822,134.9565217391305,18.392711650988822,0.8708125445473982,0.2299088956373603,21.0
4,4,850,703,16,18,856.9238095238095,710.9904761904762,210,5,1.0,50.923809523809496,5.5654436638043165,46.009523809523785,6.2704632108379945,46.009523809523785,6.2704632108379945,0.27827218319021585,0.07838079013547493,21.0
4,4,823,739,6,12,824.9230769230769,744.2307692307693,52,5,1.0,18.923076923076906,2.06809583858764,12.769230769230717,1.740269951513556,12.769230769230717,1.740269951513556,0.103404791929382,0.021753374393919448,21.0
4,4,922,745,12,13,927.5851851851852,751.7259259259259,135,5,1.0,121.5851851851852,13.287998380894557,5.274074074074065,0.7187835194649492,5.274074074074065,0.7187835194649492,0.6643999190447278,0.008984793993311865,21.0
1,1,222,167,18,17,229.4080717488789,174.0493273542601,223,6,1.2,99.40807174887891,9.604644613418252,591.9506726457399,79.05852055368814,591.9506726457399,79.05852055368814,0.4802322306709126,0.9882315069211017,22.0
1,1,252,185,18,21,260.3735408560311,194.73929961089493,257,6,1.2,130.37354085603113,12.596477377394312,571.2607003891051,76.29525213877865,571.2607003891051,76.29525213877865,0.6298238688697156,0.953690651734733,22.0
1,1,195,223,16,14,201.68789808917197,229.18471337579618,157,6,1.2,71.68789808917197,6.9263669651373885,536.8152866242038,71.69486298820753,536.8152866242038,71.69486298820753,0.3463183482568694,0.896185787352594,22.0
1,1,283,290,15,20,289.8704663212435,298.73056994818654,193,6,1.2,159.8704663212435,15.446421866786812,467.26943005181346,62.40660167636908,467.26943005181346,62.40660167636908,0.7723210933393406,0.7800825209546135,22.0
1,1,178,348,15,21,184.83333333333334,357.34722222222223,216,6,1.2,54.83333333333334,5.29790660225443,408.65277777777777,54.57800037098868,408.65277777777777,54.57800037098868,0.2648953301127215,0.6822250046373586,22.0
1,1,252,693,21,19,261.3809523809524,701.3849206349206,252,6,1.2,131.3809523809524,12.693811824246609,64.6150793650794,8.629726793332807,64.6150793650794,8.629726793332807,0.6346905912123305,0.10787158491666009,22.0
1,1,158,711,14,11,164.16964285714286,715.9553571428571,112,6,1.2,34.16964285714286,3.3014147688060738,50.04464285714289,6.683758645361321,50.04464285714289,6.683758645361321,0.16507073844030368,0.08354698306701651,22.0
1,1,241,727,21,16,251.0978723404255,734.4510638297872,235,6,1.2,121.09787234042551,11.700277520814058,31.548936170212755,4.213547401697864,31.548936170212755,4.213547401697864,0.585013876040703,0.052669342521223295,22.0
2,2,380,181,4,16,381.2909090909091,188.4181818181818,55,6,1.2,18.29090909090911,1.9355459355459377,574.5818181818182,78.57529137529137,574.5818181818182,78.57529137529137,0.09677729677729688,0.9821911421911422,21.0
2,2,533,190,4,14,534.6808510638298,195.7659574468085,47,6,1.2,171.68085106382978,18.167285826860294,567.2340425531916,77.5704673577014,567.2340425531916,77.5704673577014,0.9083642913430147,0.9696308419712676,21.0
2,2,531,212,6,19,533.8804347826087,220.5326086956522,92,6,1.2,170.88043478260875,18.08258569128135,542.4673913043478,74.18357487922705,542.4673913043478,74.18357487922705,0.9041292845640674,0.927294685990338,21.0
2,2,381,311,10,20,385.6322580645161,320.0322580645161,155,6,1.2,22.632258064516122,2.3949479433350396,442.9677419354839,60.576785221946515,442.9677419354839,60.576785221946515,0.11974739716675196,0.7572098152743314,21.0
2,2,407,660,15,24,413.88416988416986,671.6061776061777,259,6,1.2,50.884169884169864,5.384568241711097,91.39382239382235,12.498300498300491,91.39382239382235,12.498300498300491,0.2692284120855548,0.15622875622875615,21.0
3,3,711,178,11,22,716.0439560439561,188.34065934065933,182,6,1.2,133.0439560439561,13.93130429779645,571.6593406593406,78.57860352705713,571.6593406593406,78.57860352705713,0.6965652148898225,0.9822325440882141,24.0
3,3,715,713,17,12,722.9875776397515,717.8819875776397,161,6,1.2,139.98757763975152,14.658385093167698,42.118012422360266,5.789417515101068,42.118012422360266,5.789417515101068,0.7329192546583849,0.07236771893876334,24.0
4,4,914,170,6,3,916.5,170.875,16,6,1.2,110.5,12.076502732240437,586.125,79.88074957410562,586.125,79.88074957410562,0.6038251366120219,0.9985093696763203,21.0
4,4,940,176,17,12,948.0891719745223,181.45859872611464,157,6,1.2,142.0891719745223,15.528871254046152,575.5414012738854,78.43835111058064,575.5414012738854,78.43835111058064,0.7764435627023076,0.9804793888822579,21.0
4,4,963,292,11,12,968.3090909090909,297.5,110,6,1.2,162.30909090909086,17.73869846000993,459.5,62.62350936967632,459.5,62.62350936967632,0.8869349230004965,0.782793867120954,21.0
4,4,951,550,13,20,956.4198113207547,559.3254716981132,212,6,1.2,150.41981132075466,16.439323641612532,197.67452830188677,26.94031050110893,197.67452830188677,26.94031050110893,0.8219661820806266,0.33675388126386163,21.0
4,4,957,580,17,20,966.1046931407942,588.4584837545126,277,6,1.2,160.1046931407942,17.49778067112505,168.5415162454874,22.969882963609866,168.5415162454874,22.969882963609866,0.8748890335562525,0.28712353704512333,21.0
4,4,961,614,12,18,965.9832402234637,622.340782122905,179,6,1.2,159.98324022346367,17.484507128247394,134.659217877095,18.352193237082794,134.659217877095,18.352193237082794,0.8742253564123698,0.2294024154635349,21.0
4,4,849,703,17,18,856.7089201877934,711.075117370892,213,6,1.2,50.70892018779341,5.541958490469225,45.92488262910797,6.258927785909093,45.92488262910797,6.258927785909093,0.27709792452346127,0.07823659732386366,21.0
4,4,823,739,6,12,824.9230769230769,744.2307692307693,52,6,1.2,18.923076923076906,2.06809583858764,12.769230769230717,1.740269951513556,12.769230769230717,1.740269951513556,0.103404791929382,0.021753374393919448,21.0
4,4,922,746,13,12,927.812030075188,751.8646616541354,133,6,1.2,121.81203007518798,13.312790172151692,5.135338345864625,0.6998757541212436,5.135338345864625,0.6998757541212436,0.6656395086075846,0.008748446926515545,21.0
1,1,222,167,17,17,229.2433628318584,174.0929203539823,226,7,1.4,99.2433628318584,9.588730708392116,591.9070796460177,79.0526984502194,591.9070796460177,79.0526984502194,0.47943653541960585,0.9881587306277424,22.0
1,1,253,185,17,21,260.3449612403101,194.84883720930233,258,7,1.4,130.3449612403101,12.593716061865711,571.1511627906976,76.2806227433319,571.1511627906976,76.2806227433319,0.6296858030932856,0.9535077842916488,22.0
1,1,193,223,18,13,201.23225806451615,229.1032258064516,155,7,1.4,71.23225806451615,6.882343774349386,536.8967741935484,71.70574613603317,536.8967741935484,71.70574613603317,0.3441171887174693,0.8963218267004146,22.0
1,1,283,289,15,19,289.72538860103623,297.95854922279796,193,7,1.4,159.72538860103623,15.432404695752293,468.04145077720204,62.5097096196597,468.04145077720204,62.5097096196597,0.7716202347876147,0.7813713702457463,22.0
1,1,176,345,15,20,183.07555555555555,354.1777777777778,225,7,1.4,53.07555555555555,5.128073000536768,411.8222222222222,55.00129846039695,411.8222222222222,55.00129846039695,0.2564036500268384,0.6875162307549619,22.0
1,1,251,693,21,19,260.57142857142856,701.8650793650794,252,7,1.4,130.57142857142856,12.615596963423048,64.1349206349206,8.565598749238145,64.1349206349206,8.565598749238145,0.6307798481711524,0.10706998436547681,22.0
1,1,159,711,12,11,164.08490566037736,716.0566037735849,106,7,1.4,34.08490566037736,3.29322760003646,49.943396226415075,6.670236557784985,49.943396226415075,6.670236557784985,0.16466138000182298,0.08337795697231232,22.0
1,1,241,727,21,16,251.15126050420167,734.4579831932773,238,7,1.4,121.15126050420167,11.705435797507407,31.5420168067227,4.212623279695853,31.5420168067227,4.212623279695853,0.5852717898753704,0.05265779099619816,22.0
2,2,380,181,5,16,381.4736842105263,187.87719298245614,57,7,1.4,18.4736842105263,1.9548872180451111,575.1228070175439,78.64927275453591,575.1228070175439,78.64927275453591,0.09774436090225556,0.9831159094316989,20.0
2,2,533,191,4,16,534.6981132075472,197.9811320754717,53,7,1.4,171.69811320754718,18.16911250873515,565.0188679245283,77.26753749395259,565.0188679245283,77.26753749395259,0.9084556254367576,0.9658442186744074,20.0
2,2,531,210,6,20,533.9891304347826,219.1086956521739,92,7,1.4,170.98913043478262,18.094087876696573,543.8913043478261,74.37829803047194,543.8913043478261,74.37829803047194,0.9047043938348287,0.9297287253808993,20.0
2,2,381,311,11,20,385.75581395348837,320.26162790697674,172,7,1.4,22.75581395348837,2.40802264058078,442.73837209302326,60.545418405883524,442.73837209302326,60.545418405883524,0.120401132029039,0.756817730073544,20.0
2,2,410,667,15,24,416.875,678.6022727272727,264,7,1.4,53.875,5.701058201058201,84.39772727272725,11.541569541569539,84.39772727272725,11.541569541569539,0.28505291005291006,0.14426961926961923,20.0
3,3,711,178,11,22,716.1189189189189,188.26486486486488,185,7,1.4,133.1189189189189,13.939153813499361,571.7351351351351,78.58902201170243,571.7351351351351,78.58902201170243,0.696957690674968,0.9823627751462802,24.0
3,3,715,713,18,12,723.2797619047619,717.9345238095239,168,7,1.4,140.27976190476193,14.688980304163552,42.06547619047615,5.782196039927992,42.06547619047615,5.782196039927992,0.7344490152081776,0.07227745049909991,24.0
4,4,914,170,7,4,917.0,171.0,20,7,1.4,111.0,12.131147540983607,586.0,79.86371379897786,586.0,79.86371379897786,0.6065573770491803,0.9982964224872232,21.0
4,4,934,177,15,12,941.2198581560284,182.02127659574467,141,7,1.4,135.2198581560284,14.778126574429335,574.9787234042553,78.36166588132951,574.9787234042553,78.36166588132951,0.7389063287214667,0.979520823516619,21.0
4,4,967,297,7,9,970.2321428571429,300.92857142857144,56,7,1.4,164.2321428571429,17.948868071818897,456.07142857142856,62.15624239474324,456.07142857142856,62.15624239474324,0.8974434035909448,0.7769530299342906,21.0
4,4,951,550,13,20,956.4883720930233,559.1627906976744,215,7,1.4,150.48837209302326,16.446816622188333,197.83720930232562,26.96248167663722,197.83720930232562,26.96248167663722,0.8223408311094167,0.3370310209579653,21.0
4,4,956,580,18,21,966.1018181818182,588.56,275,7,1.4,160.1018181818182,17.497466467958272,168.44000000000005,22.956047700170366,168.44000000000005,22.956047700170366,0.8748733233979137,0.28695059625212954,21.0
4,4,961,614,12,18,966.0282485875706,622.1920903954802,177,7,1.4,160.0282485875706,17.48942607514433,134.80790960451975,18.372457867736934,134.80790960451975,18.372457867736934,0.8744713037572164,0.22965572334671167,21.0
4,4,850,702,16,19,857.258064516129,710.5852534562212,217,7,1.4,51.258064516129025,5.601974264057817,46.41474654377885,6.3256894778574235,46.41474654377885,6.3256894778574235,0.28009871320289087,0.0790711184732178,21.0
4,4,823,739,6,12,824.9622641509434,744.1698113207547,53,7,1.4,18.962264150943383,2.0723785957315175,12.830188679245339,1.7485776734916987,12.830188679245339,1.7485776734916987,0.10361892978657586,0.021857220918646232,21.0
4,4,922,746,13,12,927.6769230769231,752.1,130,7,1.4,121.67692307692312,13.298024379991597,4.899999999999977,0.6678023850085147,4.899999999999977,0.6678023850085147,0.6649012189995799,0.008347529812606435,21.0
1,1,222,167,17,17,229.24107142857144,174.10267857142858,224,8,1.6,99.24107142857144,9.588509316770187,591.8973214285714,79.05139518244694,591.8973214285714,79.05139518244694,0.47942546583850937,0.9881424397805867,22.0
1,1,252,185,17,22,259.89230769230767,195.26153846153846,260,8,1.6,129.89230769230767,12.549981419546635,570.7384615384615,76.22550404520354,570.7384615384615,76.22550404520354,0.6274990709773317,0.9528188005650442,22.0
1,1,194,223,17,13,201.61333333333334,228.91333333333333,150,8,1.6,71.61333333333334,6.919162640901773,537.0866666666667,71.73110740122426,537.0866666666667,71.73110740122426,0.34595813204508863,0.8966388425153033,22.0
1,1,283,289,15,19,289.9947643979058,297.64397905759165,191,8,1.6,159.99476439790578,15.45843134279283,468.35602094240835,62.551722329537014,468.35602094240835,62.551722329537014,0.7729215671396414,0.7818965291192126,22.0
1,1,177,342,15,20,183.97727272727272,350.9227272727273,220,8,1.6,53.97727272727272,5.215195432586737,415.0772727272727,55.43602974654727,415.0772727272727,55.43602974654727,0.26075977162933683,0.6929503718318409,22.0
1,1,251,693,22,19,260.9580152671756,701.6984732824427,262,8,1.6,130.9580152671756,12.65294833499281,64.3015267175573,8.587849978972594,64.3015267175573,8.587849978972594,0.6326474167496405,0.10734812473715742,22.0
1,1,158,711,14,13,163.904,716.64,125,8,1.6,33.903999999999996,3.275748792270531,49.360000000000014,6.592320534223708,49.360000000000014,6.592320534223708,0.16378743961352654,0.08240400667779635,22.0
1,1,243,723,17,20,250.84583333333333,732.475,240,8,1.6,120.84583333333333,11.675925925925926,33.52499999999998,4.477462437395657,33.52499999999998,4.477462437395657,0.5837962962962963,0.0559682804674457,22.0
2,2,380,184,4,16,381.2352941176471,190.9607843137255,51,8,1.6,18.235294117647072,1.9296607531901664,572.0392156862745,78.22758505111446,572.0392156862745,78.22758505111446,0.09648303765950832,0.9778448131389307,21.0
2,2,531,192,6,37,534.0787878787879,210.1939393939394,165,8,1.6,171.07878787878792,18.103575436908773,552.8060606060606,75.59740999741,552.8060606060606,75.59740999741,0.9051787718454387,0.9449676249676249,21.0
2,2,381,312,11,19,385.89375,320.5,160,8,1.6,22.89375000000001,2.422619047619049,442.5,60.51282051282051,442.5,60.51282051282051,0.12113095238095244,0.7564102564102564,21.0
2,2,415,680,16,23,422.2251908396947,690.9351145038167,262,8,1.6,59.225190839694676,6.267215961872452,72.06488549618325,9.855027076401129,72.06488549618325,9.855027076401129,0.3133607980936226,0.1231878384550141,21.0
3,3,711,178,11,22,716.0957446808511,188.36170212765958,188,8,1.6,133.0957446808511,13.936727191712158,571.6382978723404,78.57571104774439,571.6382978723404,78.57571104774439,0.696836359585608,0.9821963880968049,23.0
3,3,715,713,18,12,723.0306748466257,718.1595092024539,163,8,1.6,140.03067484662574,14.66289788969903,41.84049079754607,5.751270212721109,41.84049079754607,5.751270212721109,0.7331448944849516,0.07189087765901386,23.0
4,4,914,170,7,4,916.5263157894736,171.0,19,8,1.6,110.52631578947364,12.079378774805862,586.0,79.86371379897786,586.0,79.86371379897786,0.6039689387402931,0.9982964224872232,21.0
4,4,921,180,19,11,929.8048780487804,184.4451219512195,164,8,1.6,123.80487804878044,13.530587764894037,572.5548780487804,78.03132920596667,572.5548780487804,78.03132920596667,0.6765293882447019,0.9753916150745834,21.0
4,4,966,300,8,10,970.0793650793651,304.5079365079365,63,8,1.6,164.07936507936506,17.932171046925145,452.4920634920635,61.66842432600525,452.4920634920635,61.66842432600525,0.8966085523462571,0.7708553040750655,21.0
4,4,951,550,13,20,956.4976525821596,559.6525821596244,213,8,1.6,150.49765258215962,16.447830883296135,197.34741784037556,26.895729858994965,197.34741784037556,26.895729858994965,0.8223915441648066,0.33619662323743704,21.0
4,4,956,580,18,20,966.0145985401459,588.4343065693431,274,8,1.6,160.01459854014593,17.487934266682615,168.5656934306569,22.973177980328025,168.5656934306569,22.973177980328025,0.8743967133341307,0.2871647247541003,21.0
4,4,961,614,13,19,966.4255319148936,622.7659574468084,188,8,1.6,160.42553191489355,17.532845018021153,134.23404255319156,18.294247707419633,134.23404255319156,18.294247707419633,0.8766422509010576,0.2286780963427454,21.0
4,4,849,703,17,18,856.8262910798122,711.1455399061033,213,8,1.6,50.82629107981222,5.554785910361992,45.854460093896705,6.249330166118801,45.854460093896705,6.249330166118801,0.27773929551809956,0.07811662707648502,21.0
4,4,823,739,6,11,825.1454545454545,744.3454545454546,55,8,1.6,19.145454545454527,2.0923994038748117,12.654545454545428,1.7246399256620686,12.654545454545428,1.7246399256620686,0.10461997019374059,0.021557999070775855,21.0
4,4,922,746,13,12,927.9925925925926,751.9037037037037,135,8,1.6,121.99259259259259,13.332523780611211,5.096296296296259,0.6945548615054528,5.096296296296259,0.6945548615054528,0.6666261890305606,0.008681935768818158,21.0
1,1,222,167,18,17,229.36529680365297,174.02283105022832,219,9,1.8,99.36529680365297,9.600511768468886,591.9771689497717,79.0620592921231,591.9771689497717,79.0620592921231,0.4800255884234443,0.9882757411515387,22.0
1,1,252,185,17,22,260.09302325581393,195.12790697674419,258,9,1.8,130.09302325581393,12.569374227614873,570.8720930232558,76.24335132197072,570.8720930232558,76.24335132197072,0.6284687113807437,0.9530418915246341,22.0
1,1,193,223,18,13,201.32467532467533,228.98701298701297,154,9,1.8,71.32467532467533,6.891272978229501,537.012987012987,71.7212670468096,537.012987012987,71.7212670468096,0.344563648911475,0.8965158380851201,22.0
1,1,283,289,16,19,290.3248730964467,297.95939086294413,197,9,1.8,160.3248730964467,15.490325903038329,468.04060913705587,62.509597213630165,468.04060913705587,62.509597213630165,0.7745162951519164,0.781369965170377,22.0
1,1,177,342,15,20,183.94618834080717,351.2511210762332,223,9,1.8,53.94618834080717,5.212192110222915,414.7488789237668,55.39217080784866,414.7488789237668,55.39217080784866,0.26060960551114576,0.6924021350981082,22.0
1,1,251,693,22,19,261.2251908396947,701.6335877862596,262,9,1.8,131.22519083969468,12.678762399970502,64.36641221374043,8.596515821534615,64.36641221374043,8.596515821534615,0.633938119998525,0.10745644776918269,22.0
1,1,158,711,13,11,163.96491228070175,715.9736842105264,114,9,1.8,33.96491228070175,3.281634036782778,50.02631578947364,6.681310956857915,50.02631578947364,6.681310956857915,0.1640817018391389,0.08351638696072394,22.0
1,1,242,719,15,21,249.0836820083682,729.2677824267782,239,9,1.8,119.08368200836821,11.505669759262629,36.73221757322176,4.9058053520162614,36.73221757322176,4.9058053520162614,0.5752834879631314,0.061322566900203275,22.0
2,2,380,186,4,12,381.1142857142857,191.0,35,9,1.8,18.1142857142857,1.9168556311413438,572.0,78.22222222222223,572.0,78.22222222222223,0.0958427815570672,0.9777777777777777,21.0
2,2,531,192,6,37,534.0231213872833,208.58959537572255,173,9,1.8,171.02312138728325,18.097684802887116,554.4104046242775,75.81680746998666,554.4104046242775,75.81680746998666,0.9048842401443559,0.9477100933748333,21.0
2,2,381,311,11,20,385.9509202453988,320.3374233128834,163,9,1.8,22.950920245398777,2.4286688090369077,442.6625766871166,60.53505322216979,442.6625766871166,60.53505322216979,0.12143344045184538,0.7566881652771223,21.0
2,2,418,689,18,23,426.3941605839416,699.7627737226277,274,9,1.8,63.394160583941584,6.70837678136948,63.237226277372315,8.647825815709034,63.237226277372315,8.647825815709034,0.335418839068474,0.10809782269636294,21.0
3,3,711,178,11,22,716.0053191489362,188.50531914893617,188,9,1.8,133.00531914893622,13.92725854962683,571.4946808510638,78.55596987643489,571.4946808510638,78.55596987643489,0.6963629274813414,0.981949623455436,23.0
3,3,715,713,17,12,723.0301204819277,718.0963855421687,166,9,1.8,140.03012048192772,14.662839841039553,41.90361445783128,5.759947004512891,41.90361445783128,5.759947004512891,0.7331419920519776,0.07199933755641114,23.0
4,4,914,170,7,4,916.5263157894736,171.0,19,9,1.8,110.52631578947364,12.079378774805862,586.0,79.86371379897786,586.0,79.86371379897786,0.6039689387402931,0.9982964224872232,21.0
4,4,905,186,21,12,914.9195402298851,191.64942528735634,174,9,1.8,108.91954022988511,11.903774888512034,565.3505747126437,77.04948207327342,565.3505747126437,77.04948207327342,0.5951887444256018,0.9631185259159177,21.0
4,4,963,304,11,13,968.4363636363637,310.0363636363636,110,9,1.8,162.4363636363637,17.75260804769002,446.9636363636364,60.914975995044145,446.9636363636364,60.914975995044145,0.8876304023845011,0.7614371999380518,21.0
4,4,951,550,13,20,956.586854460094,559.4976525821596,213,9,1.8,150.58685446009395,16.45757972241464,197.50234741784038,26.916844622533613,197.50234741784038,26.916844622533613,0.822878986120732,0.33646055778167017,21.0
4,4,957,580,17,21,965.9854545454546,588.8509090909091,275,9,1.8,159.98545454545456,17.484749130650773,168.1490909090909,22.916400805327548,168.1490909090909,22.916400805327548,0.8742374565325386,0.28645501006659435,21.0
4,4,960,614,13,19,965.7760416666666,622.6510416666667,192,9,1.8,159.77604166666663,17.461862477231325,134.34895833333326,18.309909142532643,134.34895833333326,18.309909142532643,0.8730931238615662,0.228873864281658,21.0
4,4,849,703,17,18,856.8349056603773,711.1462264150944,212,9,1.8,50.83490566037733,5.555727394576757,45.85377358490564,6.249236604416441,45.85377358490564,6.249236604416441,0.27778636972883786,0.07811545755520552,21.0
4,4,823,739,6,12,825.0535714285714,744.3035714285714,56,9,1.8,19.053571428571445,2.0823575331772073,12.696428571428555,1.7303480165490366,12.696428571428555,1.7303480165490366,0.10411787665886035,0.021629350206862956,21.0
4,4,922,746,12,12,927.6183206106871,751.9389312977099,131,9,1.8,121.61832061068708,13.291619738872905,5.061068702290072,0.6897538265471989,5.061068702290072,0.6897538265471989,0.6645809869436452,0.008621922831839986,21.0
1,1,222,167,18,17,229.2026431718062,174.00440528634363,227,10,2.0,99.20264317180619,9.584796441720405,591.9955947136564,79.064520162091,591.9955947136564,79.064520162091,0.47923982208602023,0.9883065020261376,22.0
1,1,253,185,16,22,260.3682170542636,195.10852713178295,258,10,2.0,130.3682170542636,12.595963000411942,570.8914728682171,76.24593961512082,570.8914728682171,76.24593961512082,0.6297981500205971,0.9530742451890102,22.0
1,1,195,223,16,15,201.89240506329114,229.4620253164557,158,10,2.0,71.89240506329114,6.946126093071607,536.5379746835442,71.65782633503095,536.5379746835442,71.65782633503095,0.34730630465358037,0.8957228291878868,22.0
1,1,283,289,17,20,291.0544554455446,298.4455445544554,202,10,2.0,161.0544554455446,15.560816951260346,467.5544554455446,62.44466850691747,467.5544554455446,62.44466850691747,0.7780408475630174,0.7805583563364684,22.0
1,1,177,342,15,21,183.65919282511211,351.8071748878924,223,10,2.0,53.659192825112115,5.184463074890059,414.1928251121076,55.31790652582405,414.1928251121076,55.31790652582405,0.25922315374450294,0.6914738315728006,22.0
1,1,252,693,21,19,261.1910569105691,701.829268292683,246,10,2.0,131.1910569105691,12.675464435803779,64.17073170731703,8.570381530192591,64.17073170731703,8.570381530192591,0.6337732217901889,0.1071297691274074,22.0
1,1,159,711,13,12,164.51754385964912,716.3771929824561,114,10,2.0,34.51754385964912,3.33502839223663,49.62280701754389,6.627419968954109,49.62280701754389,6.627419968954109,0.16675141961183151,0.08284274961192636,22.0
1,1,243,719,14,21,249.24137931034483,729.2629310344828,232,10,2.0,119.24137931034483,11.520906213559888,36.73706896551721,4.90645328420931,36.73706896551721,4.90645328420931,0.5760453106779944,0.061330666052616375,22.0
2,2,380,189,3,9,380.8181818181818,192.8181818181818,22,10,2.0,17.818181818181813,1.885521885521885,570.1818181818182,77.97358197358197,570.1818181818182,77.97358197358197,0.09427609427609425,0.9746697746697748,20.0
2,2,531,189,6,40,534.0755813953489,205.92441860465115,172,10,2.0,171.07558139534888,18.103236126491943,557.0755813953489,76.18127608825283,557.0755813953489,76.18127608825283,0.9051618063245972,0.9522659511031605,20.0
2,2,381,311,11,20,385.82758620689657,320.39080459770116,174,10,2.0,22.82758620689657,2.415617588031383,442.60919540229884,60.52775321740838,442.60919540229884,60.52775321740838,0.12078087940156915,0.7565969152176049,20.0
2,2,420,690,18,24,428.1928571428571,701.4892857142858,280,10,2.0,65.19285714285712,6.898715041572182,61.51071428571424,8.411721611721607,61.51071428571424,8.411721611721607,0.3449357520786091,0.10514652014652008,20.0
3,3,711,178,11,22,715.978835978836,188.54497354497354,189,10,2.0,132.97883597883595,13.924485442810047,571.4550264550264,78.55051910034727,571.4550264550264,78.55051910034727,0.6962242721405023,0.9818814887543409,23.0
3,3,715,713,18,12,723.5060975609756,717.9817073170732,164,10,2.0,140.5060975609756,14.712680372877026,42.01829268292681,5.7757103344229295,42.01829268292681,5.7757103344229295,0.7356340186438514,0.07219637918028662,23.0
4,4,915,170,6,4,917.3333333333334,171.05555555555554,18,10,2.0,111.33333333333337,12.167577413479057,585.9444444444445,79.8561423433655,585.9444444444445,79.8561423433655,0.6083788706739528,0.9982017792920689,22.0
4,4,888,196,21,12,897.7371428571429,201.76,175,10,2.0,91.73714285714289,10.025917252146764,555.24,75.67155025553662,555.24,75.67155025553662,0.5012958626073382,0.9458943781942079,22.0
4,4,958,314,15,16,965.0520231213873,321.485549132948,173,10,2.0,159.05202312138726,17.382734767364727,435.514450867052,59.35460999891679,435.514450867052,59.35460999891679,0.8691367383682365,0.74193262498646,22.0
4,4,951,550,12,20,956.391959798995,559.5326633165829,199,10,2.0,150.391959798995,16.436279759453004,197.4673366834171,26.912073142544067,197.4673366834171,26.912073142544067,0.8218139879726503,0.33640091428180086,22.0
4,4,957,580,17,21,966.1911764705883,589.0,272,10,2.0,160.1911764705883,17.50723240115719,168.0,22.896081771720613,168.0,22.896081771720613,0.8753616200578594,0.28620102214650767,22.0
4,4,961,614,12,19,966.3522727272727,622.5681818181818,176,10,2.0,160.35227272727275,17.524838549428715,134.43181818181824,18.32120179649993,134.43181818181824,18.32120179649993,0.8762419274714358,0.22901502245624913,22.0
4,4,849,703,17,18,856.8454106280193,711.0628019323672,207,10,2.0,50.845410628019295,5.556875478472054,45.937198067632835,6.260606210239569,45.937198067632835,6.260606210239569,0.2778437739236027,0.07825757762799461,22.0
4,4,823,740,6,10,825.0408163265306,744.6938775510204,49,10,2.0,19.040816326530603,2.0809635329541645,12.306122448979636,1.6771546778847886,12.306122448979636,1.6771546778847886,0.10404817664770821,0.020964433473559856,22.0
4,4,922,746,12,12,927.4615384615385,751.9615384615385,130,10,2.0,121.46153846153845,13.274485077763766,5.038461538461547,0.686672782073124,5.038461538461547,0.686672782073124,0.6637242538881882,0.00858340977591405,22.0
1,1,222,167,18,17,229.26222222222222,173.92888888888888,225,11,2.2,99.26222222222222,9.590552871712292,592.0711111111111,79.07460582452237,592.0711111111111,79.07460582452237,0.4795276435856146,0.9884325728065294,22.0
1,1,252,186,17,22,260.04119850187266,196.25842696629212,267,11,2.2,130.04119850187266,12.564367005011851,569.7415730337079,76.09236367728988,569.7415730337079,76.09236367728988,0.6282183502505926,0.9511545459661235,22.0
1,1,194,223,17,13,201.64666666666668,229.10666666666668,150,11,2.2,71.64666666666668,6.922383252818036,536.8933333333333,71.70528658875904,536.8933333333333,71.70528658875904,0.3461191626409018,0.896316082359488,22.0
1,1,282,289,15,19,288.4086021505376,297.63440860215053,186,11,2.2,158.4086021505376,15.305178951742764,468.36559139784947,62.5530005205809,468.36559139784947,62.5530005205809,0.7652589475871382,0.7819125065072612,22.0
1,1,177,342,15,21,183.75675675675677,351.8648648648649,222,11,2.2,53.75675675675677,5.19388954171563,414.1351351351351,55.31020168749717,414.1351351351351,55.31020168749717,0.2596944770857815,0.6913775210937146,22.0
1,1,252,693,21,19,261.45344129554655,701.5546558704453,247,11,2.2,131.45344129554655,12.700815584110778,64.44534412955466,8.607057646685096,64.44534412955466,8.607057646685096,0.6350407792055389,0.1075882205835637,22.0
1,1,158,711,14,12,164.3015873015873,716.1825396825396,126,11,2.2,34.30158730158729,3.3141630243079505,49.81746031746036,6.653417070779347,49.81746031746036,6.653417070779347,0.16570815121539753,0.08316771338474184,22.0
1,1,243,719,14,21,249.43153526970954,729.0995850622406,241,11,2.2,119.43153526970954,11.539278770020246,36.900414937759365,4.928269106879381,36.900414937759365,4.928269106879381,0.5769639385010122,0.06160336383599226,22.0
2,2,532,178,5,34,534.1655629139073,193.25165562913907,151,11,2.2,171.16556291390725,18.112757980307645,569.7483443708609,77.91430350370746,569.7483443708609,77.91430350370746,0.9056378990153823,0.9739287937963433,20.0
2,2,380,189,3,11,380.85714285714283,193.57142857142858,28,11,2.2,17.857142857142833,1.8896447467876014,569.4285714285714,77.87057387057388,569.4285714285714,77.87057387057388,0.09448223733938006,0.9733821733821734,20.0
2,2,532,214,5,16,534.4333333333334,221.16666666666666,60,11,2.2,171.4333333333334,18.141093474426814,541.8333333333334,74.09686609686611,541.8333333333334,74.09686609686611,0.9070546737213407,0.9262108262108263,20.0
2,2,381,311,11,20,385.96045197740114,320.2146892655367,177,11,2.2,22.960451977401135,2.429677457926046,442.7853107344633,60.551837365396686,442.7853107344633,60.551837365396686,0.1214838728963023,0.7568979670674586,20.0
2,2,421,693,19,24,429.62020905923345,704.0836236933798,287,11,2.2,66.62020905923345,7.049757572405656,58.916376306620236,8.05694034962328,58.916376306620236,8.05694034962328,0.3524878786202828,0.100711754370291,20.0
3,3,711,178,11,23,716.0310880829015,188.69430051813472,193,11,2.2,133.03108808290153,13.929956867319532,571.3056994818653,78.5299930559265,571.3056994818653,78.5299930559265,0.6964978433659766,0.9816249131990813,23.0
3,3,716,713,17,12,723.9018404907976,717.9877300613497,163,11,2.2,140.90184049079755,14.754119423120162,42.01226993865032,5.774882465793858,42.01226993865032,5.774882465793858,0.7377059711560081,0.07218603082242322,23.0
4,4,916,170,5,3,917.5833333333334,170.83333333333334,12,11,2.2,111.58333333333337,12.194899817850642,586.1666666666666,79.88642816581486,586.1666666666666,79.88642816581486,0.6097449908925321,0.9985803520726859,22.0
4,4,874,209,19,16,882.8787878787879,216.47272727272727,165,11,2.2,76.87878787878788,8.402053320086107,540.5272727272727,73.6664085488617,540.5272727272727,73.6664085488617,0.42010266600430535,0.9208301068607713,22.0
4,4,951,330,16,20,958.1168224299065,339.4158878504673,214,11,2.2,152.1168224299065,16.624789336601804,417.5841121495327,56.91095225206578,417.5841121495327,56.91095225206578,0.8312394668300902,0.7113869031508223,22.0
4,4,951,550,13,20,956.7830188679245,559.3443396226414,212,11,2.2,150.7830188679245,16.479018455510875,197.65566037735857,26.93773906335381,197.65566037735857,26.93773906335381,0.8239509227755438,0.3367217382919226,22.0
4,4,956,580,18,21,965.9645390070922,589.1737588652481,282,11,2.2,159.96453900709218,17.482463279463627,167.82624113475185,22.872400836082026,167.82624113475185,22.872400836082026,0.8741231639731813,0.2859050104510253,22.0
4,4,961,614,12,19,966.1878453038673,622.4861878453039,181,11,2.2,160.18784530386733,17.506868339220475,134.5138121546961,18.332376443570165,134.5138121546961,18.332376443570165,0.8753434169610237,0.22915470554462708,22.0
4,4,849,703,17,18,856.9198113207547,711.2547169811321,212,11,2.2,50.91981132075466,5.5650067017218205,45.745283018867894,6.234450837324415,45.745283018867894,6.234450837324415,0.27825033508609104,0.07793063546655518,22.0
4,4,823,739,6,11,824.9803921568628,744.4705882352941,51,11,2.2,18.980392156862763,2.0743597985642364,12.529411764705856,1.7075859304539496,12.529411764705856,1.7075859304539496,0.10371798992821182,0.02134482413067437,22.0
4,4,922,746,13,12,927.6434108527131,751.9302325581396,129,11,2.2,121.64341085271315,13.294361841826573,5.069767441860449,0.6909393447169266,5.069767441860449,0.6909393447169266,0.6647180920913287,0.008636741808961583,22.0
1,1,221,167,19,17,229.17903930131004,174.04803493449782,229,12,2.4,99.17903930131004,9.58251587452271,591.9519650655022,79.05869316400697,591.9519650655022,79.05869316400697,0.47912579372613545,0.9882336645500872,22.0
1,1,251,188,19,21,259.5318352059925,197.65917602996254,267,12,2.4,129.53183520599248,12.515153159999274,568.3408239700375,75.90528533823539,568.3408239700375,75.90528533823539,0.6257576579999636,0.9488160667279424,22.0
1,1,194,224,17,12,201.36486486486487,229.26351351351352,148,12,2.4,71.36486486486487,6.8951560255908095,536.7364864864865,71.68433876280287,536.7364864864865,71.68433876280287,0.3447578012795404,0.8960542345350359,22.0
1,1,283,289,15,20,289.6802030456853,298.4619289340102,197,12,2.4,159.6802030456853,15.428038941612105,467.5380710659898,62.44248027592518,467.5380710659898,62.44248027592518,0.7714019470806053,0.7805310034490648,22.0
1,1,177,342,15,19,184.23222748815166,350.93364928909955,211,12,2.4,54.232227488151665,5.239828742816586,415.06635071090045,55.43457104653094,415.06635071090045,55.43457104653094,0.2619914371408293,0.6929321380816368,22.0
1,1,253,694,18,17,261.2030456852792,701.9746192893401,197,12,2.4,131.20304568527922,12.676622771524562,64.02538071065987,8.550969043159917,64.02538071065987,8.550969043159917,0.6338311385762281,0.10688711303949895,22.0
1,1,245,715,12,23,250.7684210526316,726.8,190,12,2.4,120.7684210526316,11.66844647851513,39.200000000000045,5.235392320534229,39.200000000000045,5.235392320534229,0.5834223239257565,0.06544240400667788,22.0
1,1,159,711,13,12,164.74358974358975,716.0854700854701,117,12,2.4,34.74358974358975,3.356868574259879,49.91452991452991,6.666381290755247,49.91452991452991,6.666381290755247,0.16784342871299396,0.08332976613444058,22.0
2,2,534,178,3,4,534.9090909090909,179.36363636363637,11,12,2.4,171.90909090909088,18.191438191438188,583.6363636363636,79.8135198135198,583.6363636363636,79.8135198135198,0.9095719095719094,0.9976689976689976,20.0
2,2,380,189,4,10,380.962962962963,193.1851851851852,27,12,2.4,17.96296296296299,1.9008426415833852,569.8148148148148,77.92339347894902,569.8148148148148,77.92339347894902,0.09504213207916926,0.9740424184868629,20.0
2,2,530,196,7,34,533.6910112359551,211.52247191011236,178,12,2.4,170.6910112359551,18.06254087152964,551.4775280898876,75.41573033707864,551.4775280898876,75.41573033707864,0.903127043576482,0.9426966292134832,20.0
2,2,381,311,11,20,385.719298245614,320.0526315789474,171,12,2.4,22.719298245614027,2.404158544509421,442.9473684210526,60.573999100314886,442.9473684210526,60.573999100314886,0.12020792722547104,0.7571749887539361,20.0
2,2,427,699,17,23,434.7039711191336,709.9891696750902,277,12,2.4,71.7039711191336,7.587721811548529,53.01083032490976,7.2493443179363775,53.01083032490976,7.2493443179363775,0.37938609057742645,0.09061680397420473,20.0
3,3,711,178,11,22,716.0591397849462,188.69892473118279,186,12,2.4,133.05913978494618,13.932894218318973,571.3010752688172,78.52935742526695,571.3010752688172,78.52935742526695,0.6966447109159486,0.9816169678158371,24.0
3,3,716,712,18,11,724.1506024096386,716.933734939759,166,12,2.4,141.15060240963862,14.780167791585196,43.066265060240994,5.9197615203080405,43.066265060240994,5.9197615203080405,0.7390083895792599,0.0739970190038505,24.0
4,4,915,170,6,3,917.2142857142857,170.78571428571428,14,12,2.4,111.21428571428567,12.154566744730674,586.2142857142858,79.89291798491118,586.2142857142858,79.89291798491118,0.6077283372365337,0.9986614748113898,22.0
4,4,858,226,19,14,866.81875,232.40625,160,12,2.4,60.81875000000002,6.6468579234972704,524.59375,71.49488926746167,524.59375,71.49488926746167,0.3323428961748635,0.8936861158432708,22.0
4,4,949,348,14,22,955.1004366812227,358.5545851528384,229,12,2.4,149.10043668122273,16.29512969193691,398.4454148471616,54.302611904212824,398.4454148471616,54.302611904212824,0.8147564845968456,0.6787826488026603,22.0
4,4,951,550,13,20,956.9656862745098,558.9313725490197,204,12,2.4,150.96568627450984,16.498982106503806,198.06862745098033,26.994020776964952,198.06862745098033,26.994020776964952,0.8249491053251904,0.3374252597120619,22.0
4,4,956,580,18,21,965.9748201438849,588.931654676259,278,12,2.4,159.97482014388493,17.48358690097103,168.06834532374103,22.905396296250906,168.06834532374103,22.905396296250906,0.8741793450485515,0.2863174537031363,22.0
4,4,961,614,12,18,966.2023121387283,622.6069364161849,173,12,2.4,160.2023121387283,17.508449414068668,134.3930635838151,18.31592007956594,134.3930635838151,18.31592007956594,0.8754224707034334,0.22894900099457427,22.0
4,4,850,703,16,18,856.9414634146342,711.3414634146342,205,12,2.4,50.9414634146342,5.567373050779694,45.65853658536582,6.222628495450198,45.65853658536582,6.222628495450198,0.2783686525389847,0.07778285619312747,22.0
4,4,823,740,6,11,825.02,744.8,50,12,2.4,19.019999999999982,2.078688524590162,12.200000000000045,1.6626916524701936,12.200000000000045,1.6626916524701936,0.1039344262295081,0.020783645655877418,22.0
4,4,922,746,12,12,927.376923076923,751.8538461538461,130,12,2.4,121.37692307692305,13.265237494745689,5.146153846153879,0.70134975756782,5.146153846153879,0.70134975756782,0.6632618747372844,0.00876687196959775,22.0
1,1,221,167,19,17,229.12280701754386,174.07894736842104,228,13,2.6,99.12280701754386,9.577082803627427,591.921052631579,79.05456462525262,591.921052631579,79.05456462525262,0.47885414018137135,0.9881820578156577,22.0
1,1,248,189,21,21,257.45054945054943,198.34432234432234,273,13,2.6,127.45054945054943,12.314062748845357,567.6556776556777,75.8137799874027,567.6556776556777,75.8137799874027,0.6157031374422678,0.9476722498425336,22.0
1,1,193,224,18,12,201.26143790849673,229.15032679738562,153,13,2.6,71.26143790849673,6.885163082946544,536.8496732026144,71.69945551954783,536.8496732026144,71.69945551954783,0.3442581541473272,0.8962431939943479,22.0
1,1,282,289,16,19,289.60416666666663,298.02604166666663,192,13,2.6,159.60416666666663,15.420692431561994,467.97395833333337,62.500695603784095,467.97395833333337,62.500695603784095,0.7710346215780997,0.7812586950473012,22.0
1,1,177,342,15,19,184.24056603773585,350.5471698113207,212,13,2.6,54.240566037735846,5.240634399781241,415.4528301886793,55.486187671276035,415.4528301886793,55.486187671276035,0.26203171998906205,0.6935773458909504,22.0
1,1,252,694,19,18,261.03921568627453,702.1421568627451,204,13,2.6,131.03921568627453,12.66079378611348,63.85784313725492,8.528593407312844,63.85784313725492,8.528593407312844,0.6330396893056741,0.10660741759141054,22.0
1,1,245,714,12,23,250.43283582089552,726.3134328358209,201,13,2.6,120.43283582089552,11.636022784627587,39.68656716417911,5.300376248972168,39.68656716417911,5.300376248972168,0.5818011392313793,0.0662547031121521,22.0
1,1,158,711,14,12,164.25892857142858,715.8839285714286,112,13,2.6,34.258928571428584,3.310041407867496,50.116071428571445,6.693298354400193,50.116071428571445,6.693298354400193,0.1655020703933748,0.08366622943000242,22.0
2,2,380,190,4,10,381.1034482758621,194.0689655172414,29,13,2.6,18.103448275862092,1.9157088122605388,568.9310344827586,77.80253463012083,568.9310344827586,77.80253463012083,0.09578544061302695,0.9725316828765105,19.0
2,2,530,195,7,35,533.7584269662922,211.15168539325842,178,13,2.6,170.75842696629218,18.06967481124785,551.8483146067416,75.4664361855373,551.8483146067416,75.4664361855373,0.9034837405623924,0.9433304523192164,19.0
2,2,380,313,11,19,384.38216560509557,322.09554140127386,157,13,2.6,21.382165605095565,2.2626630269942396,440.90445859872614,60.294626816919816,440.90445859872614,60.294626816919816,0.11313315134971198,0.7536828352114977,19.0
2,2,430,707,18,23,438.0492957746479,717.669014084507,284,13,2.6,75.04929577464787,7.941724420597659,45.33098591549299,6.199109185024682,45.33098591549299,6.199109185024682,0.39708622102988295,0.07748886481280853,19.0
3,3,715,181,11,22,719.8216216216216,191.22162162162164,185,13,2.6,136.8216216216216,14.326871373991791,568.7783783783784,78.18259496610013,568.7783783783784,78.18259496610013,0.7163435686995896,0.9772824370762516,23.0
3,3,718,708,17,13,725.9239766081871,713.5730994152046,171,13,2.6,142.9239766081871,14.965861424941059,46.42690058479536,6.381704547738194,46.42690058479536,6.381704547738194,0.7482930712470529,0.07977130684672742,23.0
4,4,914,170,7,4,916.7222222222222,170.94444444444446,18,13,2.6,110.72222222222217,12.100789313904063,586.0555555555555,79.87128525459019,586.0555555555555,79.87128525459019,0.6050394656952032,0.9983910656823775,22.0
4,4,846,242,18,14,854.2142857142857,248.6038961038961,154,13,2.6,48.214285714285666,5.26932084309133,508.3961038961039,69.28737361446049,508.3961038961039,69.28737361446049,0.2634660421545665,0.8660921701807562,22.0
4,4,950,360,13,22,955.7721518987341,370.5189873417721,237,13,2.6,149.77215189873414,16.368541191118485,386.4810126582279,52.672028982381995,386.4810126582279,52.672028982381995,0.8184270595559242,0.6584003622797749,22.0
4,4,952,549,12,21,957.1844660194174,558.8058252427185,206,13,2.6,151.1844660194174,16.522892461138515,198.19417475728153,27.011131142389306,198.19417475728153,27.011131142389306,0.8261446230569257,0.33763913927986633,22.0
4,4,956,581,18,21,965.9252669039146,589.3807829181494,281,13,2.6,159.92526690391458,17.478171246329463,167.6192170818506,22.844186314391905,167.6192170818506,22.844186314391905,0.8739085623164731,0.2855523289298988,22.0
4,4,961,614,12,18,966.183908045977,622.4655172413793,174,13,2.6,160.18390804597698,17.50643803781169,134.5344827586207,18.335193561651884,134.5344827586207,18.335193561651884,0.8753219018905846,0.22918991952064854,22.0
4,4,849,703,17,18,856.8523809523809,711.3428571428572,210,13,2.6,50.85238095238094,5.557637262555294,45.657142857142844,6.22243854952543,45.657142857142844,6.22243854952543,0.2778818631277647,0.07778048186906787,22.0
4,4,823,740,6,11,825.02,744.8,50,13,2.6,19.019999999999982,2.078688524590162,12.200000000000045,1.6626916524701936,12.200000000000045,1.6626916524701936,0.1039344262295081,0.020783645655877418,22.0
4,4,922,746,12,12,927.3969465648855,751.8091603053435,131,13,2.6,121.39694656488552,13.26742585408585,5.190839694656461,0.707439822099688,5.190839694656461,0.707439822099688,0.6633712927042925,0.0088429977762461,22.0
1,1,221,167,18,17,229.11061946902655,174.06194690265488,226,14,2.8,99.11061946902655,9.57590526270788,591.9380530973451,79.05683513820969,591.9380530973451,79.05683513820969,0.47879526313539394,0.9882104392276212,22.0
1,1,246,194,24,15,257.8458646616541,200.7330827067669,266,14,2.8,127.8458646616541,12.35225745523228,565.2669172932331,75.49474688390424,565.2669172932331,75.49474688390424,0.617612872761614,0.9436843360488031,22.0
1,1,194,224,17,14,201.70253164556962,229.68987341772151,158,14,2.8,71.70253164556962,6.9277808353207355,536.3101265822785,71.62739587075505,536.3101265822785,71.62739587075505,0.3463890417660368,0.8953424483844382,22.0
1,1,283,289,16,20,290.2171717171717,298.4191919191919,198,14,2.8,160.2171717171717,15.479919972673596,467.5808080808081,62.44818805753698,467.5808080808081,62.44818805753698,0.7739959986336797,0.7806023507192121,22.0
1,1,178,341,15,20,184.35023041474653,350.66359447004606,217,14,2.8,54.350230414746534,5.25122999176295,415.33640552995394,55.47063846810737,415.33640552995394,55.47063846810737,0.2625614995881475,0.6933829808513421,22.0
1,1,245,694,27,42,256.0423076923077,712.8942307692307,520,14,2.8,126.0423076923077,12.178000743218137,53.10576923076928,7.092590214460005,53.10576923076928,7.092590214460005,0.6089000371609068,0.08865737768075005,22.0
1,1,159,711,13,12,164.57798165137615,715.9816513761468,109,14,2.8,34.57798165137615,3.340867792403493,50.01834862385317,6.680246894671542,50.01834862385317,6.680246894671542,0.16704338962017462,0.08350308618339428,22.0
2,2,380,190,4,10,381.1666666666667,194.1,30,14,2.8,18.166666666666686,1.9223985890652577,568.9,77.79829059829059,568.9,77.79829059829059,0.09611992945326289,0.9724786324786324,19.0
2,2,531,196,6,34,533.9753086419753,211.53086419753086,162,14,2.8,170.9753086419753,18.092625253119078,551.4691358024692,75.41458267384193,551.4691358024692,75.41458267384193,0.904631262655954,0.9426822834230242,19.0
2,2,380,311,8,18,383.07894736842104,319.7894736842105,114,14,2.8,20.07894736842104,2.1247563352826497,443.2105263157895,60.60998650472335,443.2105263157895,60.60998650472335,0.10623781676413249,0.7576248313090418,19.0
2,2,430,716,17,25,437.84837545126356,727.8592057761733,277,14,2.8,74.84837545126356,7.9204630107157215,35.140794223826674,4.805578697275442,35.140794223826674,4.805578697275442,0.3960231505357861,0.060069733715943034,19.0
3,3,719,187,10,21,723.4033149171271,196.939226519337,181,14,2.8,140.4033149171271,14.70191779236933,563.060773480663,77.39666989424921,563.060773480663,77.39666989424921,0.7350958896184664,0.967458373678115,23.0
3,3,721,705,17,12,729.0490797546013,710.239263803681,163,14,2.8,146.04907975460128,15.293097356502752,49.760736196319044,6.8399637383256415,49.760736196319044,6.8399637383256415,0.7646548678251376,0.08549954672907052,23.0
4,4,914,170,7,3,916.7058823529412,170.8235294117647,17,14,2.8,110.70588235294122,12.09900353584057,586.1764705882354,79.88776430504059,586.1764705882354,79.88776430504059,0.6049501767920286,0.9985970538130075,22.0
4,4,835,252,18,15,843.006711409396,258.8590604026846,149,14,2.8,37.00671140939596,4.044449334360214,498.1409395973154,67.88973623132067,498.1409395973154,67.88973623132067,0.20222246671801072,0.8486217028915084,22.0
4,4,950,364,13,22,955.4568965517242,374.7413793103448,232,14,2.8,149.45689655172418,16.334087054833244,382.2586206896552,52.0965752217588,382.2586206896552,52.0965752217588,0.8167043527416622,0.6512071902719849,22.0
4,4,951,550,13,20,956.8620689655172,559.551724137931,203,14,2.8,150.8620689655172,16.48765781043904,197.44827586206895,26.909475415614168,197.44827586206895,26.909475415614168,0.824382890521952,0.3363684426951771,22.0
4,4,956,581,18,20,965.8581818181818,589.2181818181818,275,14,2.8,159.85818181818183,17.47083954297069,167.78181818181815,22.866346600588503,167.78181818181815,22.866346600588503,0.8735419771485347,0.2858293325073563,22.0
4,4,961,614,12,18,966.2777777777778,622.4055555555556,180,14,2.8,160.27777777777783,17.51669702489375,134.59444444444443,18.343365512019684,134.59444444444443,18.343365512019684,0.8758348512446876,0.22929206890024606,22.0
4,4,850,703,16,18,856.9615384615385,711.2548076923077,208,14,2.8,50.96153846153845,5.56956704497688,45.745192307692264,6.234438474642898,45.745192307692264,6.234438474642898,0.278478352248844,0.07793048093303623,22.0
4,4,823,739,6,11,824.98,744.28,50,14,2.8,18.980000000000018,2.0743169398907124,12.720000000000027,1.7335604770017072,12.720000000000027,1.7335604770017072,0.10371584699453562,0.021669505962521343,22.0
4,4,922,746,12,12,927.3969465648855,751.8091603053435,131,14,2.8,121.39694656488552,13.26742585408585,5.190839694656461,0.707439822099688,5.190839694656461,0.707439822099688,0.6633712927042925,0.0088429977762461,22.0
1,1,221,167,18,17,229.01304347826087,174.20434782608694,230,15,3.0,99.01304347826087,9.566477630749842,591.795652173913,79.03781665093997,591.795652173913,79.03781665093997,0.4783238815374921,0.9879727081367496,22.0
1,1,244,195,25,14,256.344696969697,201.71212121212122,264,15,3.0,126.344696969697,12.207217098521449,564.2878787878788,75.36399048919917,564.2878787878788,75.36399048919917,0.6103608549260725,0.9420498811149896,22.0
1,1,194,223,17,15,201.7116564417178,229.61963190184048,163,15,3.0,71.71165644171779,6.9286624581369844,536.3803680981596,71.63677704149043,536.3803680981596,71.63677704149043,0.34643312290684924,0.8954597130186304,22.0
1,1,282,289,16,20,289.608040201005,298.2613065326633,199,15,3.0,159.608040201005,15.421066686087439,467.7386934673367,62.4692745866226,467.7386934673367,62.4692745866226,0.771053334304372,0.7808659323327825,22.0
1,1,178,341,15,21,184.44748858447488,350.76255707762556,219,15,3.0,54.44748858447488,5.260626916374385,415.23744292237444,55.45742142535885,415.23744292237444,55.45742142535885,0.26303134581871923,0.6932177678169857,22.0
1,1,245,693,27,43,256.1076320939335,712.6027397260274,511,15,3.0,126.10763209393349,12.1843122796071,53.39726027397262,7.131520570814374,53.39726027397262,7.131520570814374,0.6092156139803551,0.08914400713517967,22.0
1,1,159,710,14,12,164.90677966101694,715.728813559322,118,15,3.0,34.90677966101694,3.3726357160402842,50.27118644067798,6.714014883563002,50.27118644067798,6.714014883563002,0.1686317858020142,0.08392518604453753,22.0
2,2,380,190,4,11,381.20588235294116,194.58823529411765,34,15,3.0,18.20588235294116,1.9265483971366306,568.4117647058823,77.7315233785822,568.4117647058823,77.7315233785822,0.09632741985683153,0.9716440422322775,19.0
2,2,532,202,5,30,534.4273504273505,215.98290598290598,117,15,3.0,171.42735042735046,18.14046036268259,547.017094017094,74.80575644678208,547.017094017094,74.80575644678208,0.9070230181341294,0.9350719555847761,19.0
2,2,380,310,8,17,383.0900900900901,318.5765765765766,111,15,3.0,20.090090090090087,2.125935459268792,444.4234234234234,60.775852775852776,444.4234234234234,60.775852775852776,0.10629677296343962,0.7596981596981597,19.0
2,2,434,739,14,25,440.41796875,750.69921875,256,15,3.0,77.41796875,8.192377645502646,12.30078125,1.6821581196581197,12.30078125,1.6821581196581197,0.40961888227513227,0.021026976495726497,19.0
3,3,719,187,11,22,724.0163043478261,197.2445652173913,184,15,3.0,141.01630434782612,14.766105167311636,562.7554347826087,77.35469893919021,562.7554347826087,77.35469893919021,0.7383052583655818,0.9669337367398776,23.0
3,3,721,705,17,12,729.0617283950617,710.216049382716,162,15,3.0,146.06172839506166,15.294421821472426,49.78395061728395,6.843154724025285,49.78395061728395,6.843154724025285,0.7647210910736213,0.08553943405031607,23.0
4,4,914,170,7,3,916.7058823529412,170.8235294117647,17,15,3.0,110.70588235294122,12.09900353584057,586.1764705882354,79.88776430504059,586.1764705882354,79.88776430504059,0.6049501767920286,0.9985970538130075,22.0
4,4,826,262,17,13,834.0141843971631,267.72340425531917,141,15,3.0,28.01418439716315,3.0616594969577213,489.27659574468083,66.68164848309108,489.27659574468083,66.68164848309108,0.15308297484788605,0.8335206060386385,22.0
4,4,948,374,14,23,954.0334728033473,385.4769874476988,239,15,3.0,148.0334728033473,16.178521617852166,371.5230125523012,50.63345997305638,371.5230125523012,50.63345997305638,0.8089260808926082,0.6329182496632048,22.0
4,4,951,551,13,20,956.8872549019608,559.7352941176471,204,15,3.0,150.88725490196077,16.49041037179899,197.26470588235293,26.884457360456956,197.26470588235293,26.884457360456956,0.8245205185899496,0.33605571700571196,22.0
4,4,956,581,18,20,965.7890909090909,589.2618181818182,275,15,3.0,159.78909090909087,17.463288623944358,167.73818181818183,22.86039956636209,167.73818181818183,22.86039956636209,0.8731644311972179,0.28575499457952613,22.0
4,4,961,615,12,17,966.3546511627907,622.6104651162791,172,15,3.0,160.35465116279067,17.525098487736685,134.3895348837209,18.315439166435556,134.3895348837209,18.315439166435556,0.8762549243868343,0.22894298958044446,22.0
4,4,850,703,16,18,856.9126213592233,711.3689320388349,206,15,3.0,50.912621359223294,5.5642209135763165,45.63106796116506,6.21888490101057,45.63106796116506,6.21888490101057,0.2782110456788158,0.07773606126263213,22.0
4,4,823,737,6,10,825.0416666666666,741.5,48,15,3.0,19.04166666666663,2.0810564663023636,15.5,2.1124361158432707,15.5,2.1124361158432707,0.10405282331511818,0.026405451448040886,22.0
4,4,922,745,12,13,927.2222222222222,751.5703703703704,135,15,3.0,121.22222222222217,13.24833029751062,5.4296296296296305,0.7399835951795067,5.4296296296296305,0.7399835951795067,0.662416514875531,0.009249794939743834,22.0
1,1,221,167,19,17,229.23931623931622,174.02564102564102,234,16,3.2,99.23931623931622,9.588339733267269,591.974358974359,79.06168400325329,591.974358974359,79.06168400325329,0.4794169866633634,0.9882710500406661,22.0
1,1,244,196,25,13,255.7953667953668,201.77606177606177,259,16,3.2,125.79536679536679,12.15414171935911,564.2239382239383,75.35545084793833,564.2239382239383,75.35545084793833,0.6077070859679555,0.9419431355992292,22.0
1,1,194,222,17,14,201.52564102564102,228.3846153846154,156,16,3.2,71.52564102564102,6.910689954168214,537.6153846153846,71.80172081674587,537.6153846153846,71.80172081674587,0.3455344977084107,0.8975215102093232,22.0
1,1,282,289,16,20,289.625,298.06,200,16,3.2,159.625,15.422705314009661,467.94,62.49616026711185,467.94,62.49616026711185,0.7711352657004831,0.7812020033388981,22.0
1,1,178,341,15,20,184.44907407407408,350.49074074074076,216,16,3.2,54.449074074074076,5.260780103775273,415.50925925925924,55.493724108081366,415.50925925925924,55.493724108081366,0.26303900518876366,0.6936715513510171,22.0
1,1,246,692,25,42,255.63705103969755,711.2022684310019,529,16,3.2,125.63705103969755,12.13884551108189,54.797731568998074,7.31856181222011,54.797731568998074,7.31856181222011,0.6069422755540944,0.09148202265275138,22.0
1,1,158,711,15,12,164.67741935483872,716.3145161290323,124,16,3.2,34.67741935483872,3.350475299984417,49.68548387096769,6.635790834186001,49.68548387096769,6.635790834186001,0.16752376499922086,0.08294738542732502,22.0
2,2,380,190,4,11,381.25714285714287,194.65714285714284,35,16,3.2,18.257142857142867,1.9319727891156473,568.3428571428572,77.72210012210013,568.3428571428572,77.72210012210013,0.09659863945578237,0.9715262515262515,19.0
2,2,533,198,4,15,534.6666666666666,204.86274509803923,51,16,3.2,171.66666666666663,18.165784832451497,558.1372549019608,76.32646220881514,558.1372549019608,76.32646220881514,0.9082892416225747,0.9540807776101894,19.0
2,2,533,216,4,14,534.6808510638298,222.36170212765958,47,16,3.2,171.68085106382978,18.167285826860294,540.6382978723404,73.93344244408074,540.6382978723404,73.93344244408074,0.9083642913430147,0.9241680305510093,19.0
2,2,380,303,8,20,382.9754098360656,312.39344262295083,122,16,3.2,19.97540983606558,2.1137999826524423,450.60655737704917,61.62140955583579,450.60655737704917,61.62140955583579,0.10568999913262211,0.7702676194479473,19.0
2,2,440,745,14,19,446.14953271028037,754.9906542056075,214,16,3.2,83.14953271028037,8.798892350294219,8.009345794392516,1.0952951513699167,8.009345794392516,1.0952951513699167,0.4399446175147109,0.01369118939212396,19.0
3,3,719,187,11,22,723.9664804469273,197.50837988826817,179,16,3.2,140.96648044692733,14.760888004913857,562.4916201117319,77.31843575418996,562.4916201117319,77.31843575418996,0.7380444002456928,0.9664804469273743,23.0
3,3,721,705,16,12,728.4935897435897,710.2820512820513,156,16,3.2,145.49358974358972,15.234930863203113,49.71794871794873,6.834082297999825,49.71794871794873,6.834082297999825,0.7617465431601557,0.08542602872499781,23.0
4,4,914,170,7,3,916.7058823529412,170.8235294117647,17,16,3.2,110.70588235294122,12.09900353584057,586.1764705882354,79.88776430504059,586.1764705882354,79.88776430504059,0.6049501767920286,0.9985970538130075,21.0
4,4,823,269,13,10,827.9029126213592,273.4271844660194,103,16,3.2,21.902912621359178,2.3937609422250468,483.5728155339806,65.90430194670945,483.5728155339806,65.90430194670945,0.11968804711125233,0.8238037743338681,21.0
4,4,941,388,16,21,948.0043859649122,397.8201754385965,228,16,3.2,142.00438596491222,15.519605023487674,359.1798245614035,48.95125377327476,359.1798245614035,48.95125377327476,0.7759802511743837,0.6118906721659344,21.0
4,4,951,550,13,21,956.9154929577464,559.6478873239437,213,16,3.2,150.91549295774644,16.493496498114364,197.35211267605632,26.89636970031432,197.35211267605632,26.89636970031432,0.8246748249057182,0.336204621253929,21.0
4,4,955,581,19,21,965.8556338028169,589.5070422535211,284,16,3.2,159.8556338028169,17.470561071346108,167.49295774647885,22.826978909230508,167.49295774647885,22.826978909230508,0.8735280535673055,0.28533723636538133,21.0
4,4,961,614,12,19,966.1847826086956,622.4619565217391,184,16,3.2,160.18478260869563,17.50653361843668,134.53804347826087,18.335678838604547,134.53804347826087,18.335678838604547,0.8753266809218341,0.22919598548255685,21.0
4,4,849,703,17,18,856.7590909090909,711.4,220,16,3.2,50.7590909090909,5.547441629408842,45.60000000000002,6.214650766609884,45.60000000000002,6.214650766609884,0.27737208147044207,0.07768313458262355,21.0
4,4,823,736,8,11,825.703125,740.84375,64,16,3.2,19.703125,2.1533469945355193,16.15625,2.2018739352640546,16.15625,2.2018739352640546,0.10766734972677595,0.027523424190800682,21.0
4,4,922,745,12,13,927.1532846715329,751.4306569343066,137,16,3.2,121.1532846715329,13.240796138965344,5.569343065693374,0.7590246086123849,5.569343065693374,0.7590246086123849,0.6620398069482673,0.009487807607654811,21.0
1,1,221,167,19,17,229.25321888412017,173.96137339055795,233,17,3.4,99.25321888412017,9.589682983972963,592.0386266094421,79.07026732680362,592.0386266094421,79.07026732680362,0.4794841491986482,0.9883783415850452,22.0
1,1,243,195,26,14,255.6067415730337,201.77528089887642,267,17,3.4,125.6067415730337,12.135917060196492,564.2247191011236,75.35555513871434,564.2247191011236,75.35555513871434,0.6067958530098246,0.9419444392339292,22.0
1,1,195,222,16,14,201.73333333333335,228.39333333333332,150,17,3.4,71.73333333333335,6.9307568438003235,537.6066666666667,71.80055648302726,537.6066666666667,71.80055648302726,0.34653784219001615,0.8975069560378409,22.0
1,1,282,289,16,20,289.25853658536585,298.38048780487804,205,17,3.4,159.25853658536585,15.387298220808294,467.61951219512196,62.45335722138523,467.61951219512196,62.45335722138523,0.7693649110404147,0.7806669652673155,22.0
1,1,178,341,14,20,184.29493087557603,350.42396313364054,217,17,3.4,54.29493087557603,5.245887041118457,415.57603686635946,55.50264265327005,415.57603686635946,55.50264265327005,0.26229435205592283,0.6937830331658755,22.0
1,1,252,691,17,21,259.38862559241704,699.5971563981043,211,17,3.4,129.38862559241704,12.501316482359135,66.40284360189571,8.868493302423467,66.40284360189571,8.868493302423467,0.6250658241179567,0.11085616628029334,22.0
1,1,249,711,11,23,253.84848484848484,722.1818181818181,198,17,3.4,123.84848484848484,11.966037183428488,43.81818181818187,5.852177872211268,43.81818181818187,5.852177872211268,0.5983018591714244,0.07315222340264085,22.0
1,1,158,711,14,12,164.41525423728814,716.0847457627119,118,17,3.4,34.41525423728814,3.325145336936052,49.91525423728808,6.666478028352332,49.91525423728808,6.666478028352332,0.16625726684680261,0.08333097535440415,22.0
2,2,380,190,5,12,381.3076923076923,195.05128205128204,39,17,3.4,18.30769230769232,1.9373219373219388,567.948717948718,77.66820074512383,567.948717948718,77.66820074512383,0.09686609686609693,0.9708525093140479,18.0
2,2,533,197,4,15,534.6666666666666,203.2549019607843,51,17,3.4,171.66666666666663,18.165784832451497,559.7450980392157,76.54633819339702,559.7450980392157,76.54633819339702,0.9082892416225747,0.9568292274174627,18.0
2,2,533,215,4,15,534.7659574468084,221.85106382978722,47,17,3.4,171.76595744680844,18.176291793313062,541.1489361702128,74.00327332242226,541.1489361702128,74.00327332242226,0.9088145896656531,0.9250409165302782,18.0
2,2,380,296,7,21,382.7734375,306.2734375,128,17,3.4,19.7734375,2.092427248677249,456.7265625,62.458333333333336,456.7265625,62.458333333333336,0.10462136243386243,0.7807291666666667,18.0
2,2,449,751,15,13,455.2,757.7290322580645,155,17,3.4,92.19999999999999,9.756613756613756,5.270967741935465,0.7208161014612602,5.270967741935465,0.7208161014612602,0.4878306878306878,0.009010201268265752,18.0
3,3,719,188,11,21,724.0677966101695,197.6723163841808,177,17,3.4,141.06779661016947,14.771497027242876,562.3276836158192,77.29590152794766,562.3276836158192,77.29590152794766,0.7385748513621438,0.9661987690993457,23.0
3,3,721,705,16,12,728.2967741935483,710.2129032258065,155,17,3.4,145.29677419354834,15.214321905083596,49.787096774193515,6.843587185456153,49.787096774193515,6.843587185456153,0.7607160952541798,0.08554483981820192,23.0
4,4,914,170,7,3,916.7058823529412,170.8235294117647,17,17,3.4,110.70588235294122,12.09900353584057,586.1764705882354,79.88776430504059,586.1764705882354,79.88776430504059,0.6049501767920286,0.9985970538130075,21.0
4,4,823,268,4,7,824.1363636363636,270.72727272727275,22,17,3.4,18.136363636363626,1.9821162444113252,486.27272727272725,66.27226266067832,486.27272727272725,66.27226266067832,0.09910581222056626,0.8284032832584791,21.0
4,4,930,392,20,16,939.1355140186915,399.56542056074767,214,17,3.4,133.13551401869154,14.550329400949895,357.43457943925233,48.71340094572434,357.43457943925233,48.71340094572434,0.7275164700474948,0.6089175118215542,21.0
4,4,951,550,13,21,956.9908675799087,559.8264840182649,219,17,3.4,150.9908675799087,16.501734161738653,197.17351598173514,26.872029435330173,197.17351598173514,26.872029435330173,0.8250867080869327,0.33590036794162714,21.0
4,4,956,581,18,21,965.8971631205674,589.4929078014184,282,17,3.4,159.89716312056737,17.475099794597526,167.50709219858163,22.828905240011125,167.50709219858163,22.828905240011125,0.8737549897298763,0.28536131550013905,21.0
4,4,960,614,13,19,966.0909090909091,622.433155080214,187,17,3.4,160.09090909090912,17.496274217585697,134.56684491978604,18.339604077653973,134.56684491978604,18.339604077653973,0.8748137108792848,0.22924505097067469,21.0
4,4,849,702,17,19,856.8333333333334,711.2837837837837,222,17,3.4,50.83333333333337,5.55555555555556,45.71621621621625,6.230489433215162,45.71621621621625,6.230489433215162,0.277777777777778,0.07788111791518953,21.0
4,4,823,735,8,11,825.8985507246376,739.9855072463768,69,17,3.4,19.89855072463763,2.1747049972281562,17.014492753623244,2.3188405797101526,17.014492753623244,2.3188405797101526,0.10873524986140781,0.028985507246376906,21.0
4,4,922,745,12,13,927.2867647058823,751.7426470588235,136,17,3.4,121.28676470588232,13.255384120861455,5.257352941176464,0.7165046597855488,5.257352941176464,0.7165046597855488,0.6627692060430728,0.008956308247319359,21.0
1,1,222,167,18,17,229.45374449339207,173.8590308370044,227,18,3.6,99.45374449339207,9.609057438975078,592.1409691629956,79.08393578136835,592.1409691629956,79.08393578136835,0.4804528719487539,0.9885491972671044,22.0
1,1,243,196,26,13,255.24324324324323,202.0926640926641,259,18,3.6,125.24324324324323,12.100796448622534,563.9073359073359,75.31316673219845,563.9073359073359,75.31316673219845,0.6050398224311268,0.9414145841524806,22.0
1,1,195,223,16,14,201.83116883116884,228.96753246753246,154,18,3.6,71.83116883116884,6.940209548905202,537.0324675324675,71.7238687856384,537.0324675324675,71.7238687856384,0.3470104774452601,0.89654835982048,22.0
1,1,282,289,15,20,289.0454545454545,298.44444444444446,198,18,3.6,159.0454545454545,15.366710584101885,467.55555555555554,62.44481543312929,467.55555555555554,62.44481543312929,0.7683355292050942,0.780560192914116,22.0
1,1,178,341,14,20,184.23364485981307,350.44392523364485,214,18,3.6,54.23364485981307,5.2399656869384605,415.55607476635515,55.4999765965082,415.55607476635515,55.4999765965082,0.261998284346923,0.6937497074563526,22.0
1,1,231,686,23,19,241.83712121212122,695.1060606060606,264,18,3.6,111.83712121212122,10.805518957692872,70.89393939393938,9.468305762128798,70.89393939393938,9.468305762128798,0.5402759478846436,0.11835382202660998,22.0
1,1,248,705,14,23,254.60743801652893,715.7603305785124,242,18,3.6,124.60743801652893,12.039365991935162,50.23966942148763,6.709805598863123,50.23966942148763,6.709805598863123,0.6019682995967581,0.08387256998578904,22.0
1,1,158,710,14,13,163.7923076923077,716.0,130,18,3.6,33.7923076923077,3.264957264957266,50.0,6.67779632721202,50.0,6.67779632721202,0.1632478632478633,0.08347245409015025,22.0
2,2,380,190,5,12,381.35714285714283,195.38095238095238,42,18,3.6,18.357142857142833,1.9425547996976542,567.6190476190476,77.62311762311762,567.6190476190476,77.62311762311762,0.09712773998488271,0.9702889702889702,18.0
2,2,533,193,4,20,534.6056338028169,202.14084507042253,71,18,3.6,171.6056338028169,18.159326328340413,560.8591549295775,76.69868785361743,560.8591549295775,76.69868785361743,0.9079663164170206,0.9587335981702179,18.0
2,2,533,214,4,15,534.7659574468084,220.85106382978722,47,18,3.6,171.76595744680844,18.176291793313062,542.1489361702128,74.1400254591744,542.1489361702128,74.1400254591744,0.9088145896656531,0.92675031823968,18.0
2,2,380,286,9,21,383.54545454545456,295.84415584415586,154,18,3.6,20.54545454545456,2.174122174122176,467.15584415584414,63.884559884559884,467.15584415584414,63.884559884559884,0.10870610870610879,0.7985569985569986,18.0
3,3,719,188,11,21,724.0391061452514,197.6759776536313,179,18,3.6,141.03910614525137,14.768492790078676,562.3240223463687,77.29539826066923,562.3240223463687,77.29539826066923,0.7384246395039339,0.9661924782583654,23.0
3,3,721,705,16,12,728.4276315789474,710.2236842105264,152,18,3.6,145.4276315789474,15.22802424910444,49.77631578947364,6.842105263157889,49.77631578947364,6.842105263157889,0.761401212455222,0.08552631578947362,23.0
4,4,914,170,7,4,916.952380952381,171.0952380952381,21,18,3.6,110.95238095238096,12.125943273484259,585.9047619047619,79.85073416078527,585.9047619047619,79.85073416078527,0.6062971636742129,0.9981341770098159,21.0
4,4,919,391,23,12,929.7614678899083,396.54587155963304,218,18,3.6,123.76146788990832,13.525843485235882,360.45412844036696,49.12492380788647,360.45412844036696,49.12492380788647,0.6762921742617941,0.6140615475985809,21.0
4,4,951,551,13,20,956.8638497652582,560.1220657276995,213,18,3.6,150.86384976525824,16.487852433361557,196.87793427230054,26.831745727059698,196.87793427230054,26.831745727059698,0.8243926216680778,0.33539682158824624,21.0
4,4,956,581,18,22,965.9550173010381,589.7439446366782,289,18,3.6,159.95501730103808,17.481422655851155,167.25605536332182,22.794692383416944,167.25605536332182,22.794692383416944,0.8740711327925579,0.28493365479271177,21.0
4,4,960,614,13,18,965.9234972677596,622.0874316939891,183,18,3.6,159.92349726775956,17.47797784347099,134.91256830601094,18.38672140456708,134.91256830601094,18.38672140456708,0.8738988921735495,0.2298340175570885,21.0
4,4,849,703,17,18,856.8493150684932,711.4429223744293,219,18,3.6,50.84931506849318,5.557302193277944,45.55707762557074,6.2088010392600665,45.55707762557074,6.2088010392600665,0.27786510966389716,0.07761001299075083,21.0
4,4,823,735,8,10,825.7540983606557,739.6065573770492,61,18,3.6,19.75409836065569,2.1589178536235725,17.39344262295083,2.370486217778648,17.39344262295083,2.370486217778648,0.10794589268117863,0.0296310777222331,21.0
4,4,924,744,13,14,929.6967741935484,750.7806451612903,155,18,3.6,123.69677419354844,13.518773135906933,6.219354838709705,0.8476122437764505,6.219354838709705,0.8476122437764505,0.6759386567953466,0.010595153047205631,21.0
1,1,221,167,19,17,228.96943231441048,173.99126637554585,229,19,3.8,98.96943231441048,9.56226399173048,592.0087336244542,79.06627494149639,592.0087336244542,79.06627494149639,0.4781131995865241,0.9883284367687049,21.0
1,1,242,198,25,13,253.91570881226053,204.13409961685824,261,19,3.8,123.91570881226053,11.972532252392321,561.8659003831417,75.04052091928436,561.8659003831417,75.04052091928436,0.5986266126196161,0.9380065114910546,21.0
1,1,195,222,17,15,201.98214285714286,228.66666666666666,168,19,3.8,71.98214285714286,6.954796411318151,537.3333333333334,71.76405119643852,537.3333333333334,71.76405119643852,0.3477398205659075,0.8970506399554814,21.0
1,1,281,289,16,20,288.59420289855075,298.16908212560384,207,19,3.8,158.59420289855075,15.323111391164323,467.83091787439616,62.48159170275742,467.83091787439616,62.48159170275742,0.7661555695582162,0.7810198962844678,21.0
1,1,177,340,16,20,184.22767857142856,348.9553571428571,224,19,3.8,54.227678571428555,5.23938923395445,417.0446428571429,55.69878368709755,417.0446428571429,55.69878368709755,0.2619694616977225,0.6962347960887193,21.0
1,1,222,689,38,29,240.6572934973638,702.5553602811951,569,19,3.8,110.65729349736381,10.69152594177428,63.444639718804865,8.4734076419105,63.444639718804865,8.4734076419105,0.534576297088714,0.10591759552388125,21.0
1,1,157,710,15,12,163.97794117647058,715.5441176470588,136,19,3.8,33.97794117647058,3.2828928672918436,50.45588235294122,6.738682117254252,50.45588235294122,6.738682117254252,0.16414464336459217,0.08423352646567815,21.0
2,2,380,190,4,12,381.28205128205127,195.15384615384616,39,19,3.8,18.28205128205127,1.9346086012752668,567.8461538461538,77.65417488494411,567.8461538461538,77.65417488494411,0.09673043006376333,0.9706771860618014,19.0
2,2,532,195,5,18,534.3066666666666,203.05333333333334,75,19,3.8,171.30666666666662,18.127689594356255,559.9466666666667,76.57390313390314,559.9466666666667,76.57390313390314,0.9063844797178128,0.9571737891737893,19.0
2,2,533,215,4,15,534.6666666666666,221.86274509803923,51,19,3.8,171.66666666666663,18.165784832451497,541.1372549019608,74.00167588402883,541.1372549019608,74.00167588402883,0.9082892416225747,0.9250209485503603,19.0
2,2,380,279,9,21,383.51612903225805,288.64516129032256,155,19,3.8,20.51612903225805,2.171018945212492,474.35483870967744,64.86903777226358,474.35483870967744,64.86903777226358,0.1085509472606246,0.8108629721532947,19.0
3,3,720,188,10,22,724.4175824175825,198.56593406593407,182,19,3.8,141.41758241758248,14.808123813359423,561.434065934066,77.17306748234584,561.434065934066,77.17306748234584,0.7404061906679711,0.964663343529323,23.0
3,3,720,705,16,12,727.7814569536424,710.3576158940398,151,19,3.8,144.78145695364242,15.1603619846746,49.64238410596022,6.823695409753982,49.64238410596022,6.823695409753982,0.75801809923373,0.08529619262192477,23.0
4,4,914,170,7,4,916.952380952381,171.0952380952381,21,19,3.8,110.95238095238096,12.125943273484259,585.9047619047619,79.85073416078527,585.9047619047619,79.85073416078527,0.6062971636742129,0.9981341770098159,21.0
4,4,907,389,25,11,919.2456896551724,393.6508620689655,232,19,3.8,113.24568965517244,12.37657810439043,363.3491379310345,49.5194736532926,363.3491379310345,49.5194736532926,0.6188289052195215,0.6189934206661576,21.0
4,4,951,551,13,20,956.872641509434,560.0754716981132,212,19,3.8,150.87264150943395,16.488813279719558,196.92452830188677,26.83809585034232,196.92452830188677,26.83809585034232,0.8244406639859778,0.335476198129279,21.0
4,4,955,581,19,22,965.8191126279863,589.7542662116041,293,19,3.8,159.81911262798633,17.466569686118724,167.2457337883959,22.793285695181726,167.2457337883959,22.793285695181726,0.8733284843059362,0.2849160711897716,21.0
4,4,960,613,13,19,965.7120418848167,621.890052356021,191,19,3.8,159.7120418848167,17.45486796555374,135.109947643979,18.413621484699014,135.109947643979,18.413621484699014,0.8727433982776869,0.23017026855873768,21.0
4,4,849,703,17,18,856.8148148148148,711.6064814814815,216,19,3.8,50.81481481481478,5.553531673750249,45.393518518518476,6.186510189917339,45.393518518518476,6.186510189917339,0.27767658368751247,0.07733137737396674,21.0
4,4,823,735,7,11,825.6349206349206,739.8412698412699,63,19,3.8,19.634920634920604,2.1458929655650936,17.158730158730123,2.3384981476974613,17.158730158730123,2.3384981476974613,0.10729464827825466,0.029231226846218268,21.0
4,4,930,740,15,18,936.6842105263158,747.9315789473684,190,19,3.8,130.68421052631584,14.282427379925227,9.068421052631606,1.2359006545324165,9.068421052631606,1.2359006545324165,0.7141213689962614,0.015448758181655206,21.0
1,1,221,167,19,17,229.07894736842104,173.81140350877192,228,20,4.0,99.07894736842104,9.572845156369183,592.188596491228,79.09029669331927,592.188596491228,79.09029669331927,0.47864225781845915,0.9886287086664909,21.0
1,1,241,198,26,14,253.5245283018868,204.18867924528303,265,20,4.0,123.52452830188679,11.934737033998724,561.8113207547169,75.03323148643965,561.8113207547169,75.03323148643965,0.5967368516999362,0.9379153935804957,21.0
1,1,195,222,17,14,202.19375,228.54375,160,20,4.0,72.19375,6.97524154589372,537.45625,71.7804674457429,537.45625,71.7804674457429,0.34876207729468595,0.8972558430717862,21.0
1,1,277,286,16,21,284.70422535211264,295.7136150234742,213,20,4.0,154.70422535211264,14.947268149962575,470.2863849765258,62.809533886681244,470.2863849765258,62.809533886681244,0.7473634074981287,0.7851191735835156,21.0
1,1,173,332,16,21,180.11489361702127,341.35744680851064,235,20,4.0,50.114893617021266,4.8420187069585765,424.64255319148936,56.71352964160125,424.64255319148936,56.71352964160125,0.24210093534792881,0.7089191205200156,21.0
1,1,218,688,42,27,237.89827586206897,701.0775862068965,580,20,4.0,107.89827586206897,10.424954189571881,64.92241379310349,8.670773127626509,64.92241379310349,8.670773127626509,0.5212477094785941,0.10838466409533136,21.0
1,1,157,711,15,11,163.8984375,715.9453125,128,20,4.0,33.8984375,3.275211352657005,50.0546875,6.685100166944908,50.0546875,6.685100166944908,0.16376056763285024,0.08356375208681135,21.0
2,2,380,189,3,10,380.88461538461536,193.19230769230768,26,20,4.0,17.88461538461536,1.8925518925518898,569.8076923076924,77.922419460881,569.8076923076924,77.922419460881,0.09462759462759449,0.9740302432610126,19.0
2,2,532,195,5,19,534.3246753246754,203.23376623376623,77,20,4.0,171.32467532467535,18.12959527245242,559.7662337662338,76.54922854922854,559.7662337662338,76.54922854922854,0.906479763622621,0.9568653568653569,19.0
2,2,532,216,5,15,534.3620689655172,222.74137931034483,58,20,4.0,171.3620689655172,18.133552271483303,540.2586206896551,73.88152077807248,540.2586206896551,73.88152077807248,0.9066776135741651,0.9235190097259062,19.0
2,2,380,266,9,22,383.44871794871796,276.31410256410254,156,20,4.0,20.448717948717956,2.1638854972188315,486.68589743589746,66.55533640149025,486.68589743589746,66.55533640149025,0.10819427486094156,0.8319417050186282,19.0
3,3,721,191,11,21,725.7444444444444,200.5888888888889,180,20,4.0,142.7444444444444,14.947062245491562,559.411111111111,76.89499809087437,559.411111111111,76.89499809087437,0.7473531122745781,0.9611874761359296,23.0
3,3,721,705,15,12,727.952380952381,710.2993197278912,147,20,4.0,144.95238095238096,15.17825978558963,49.7006802721088,6.831708628468563,49.7006802721088,6.831708628468563,0.7589129892794815,0.08539635785585704,23.0
4,4,914,170,8,4,916.96,171.24,25,20,4.0,110.96000000000004,12.126775956284156,585.76,79.83100511073255,585.76,79.83100511073255,0.6063387978142079,0.9978875638841567,21.0
4,4,899,388,25,12,911.0808510638298,393.42127659574464,235,20,4.0,105.08085106382975,11.48424601790489,363.57872340425536,49.55076298524775,363.57872340425536,49.55076298524775,0.5742123008952446,0.6193845373155968,21.0
4,4,951,551,13,20,956.7942583732057,560.1722488038278,209,20,4.0,150.7942583732057,16.480246816743794,196.82775119617224,26.824906466258568,196.82775119617224,26.824906466258568,0.8240123408371897,0.3353113308282321,21.0
4,4,955,581,19,22,965.6812080536913,589.5906040268457,298,20,4.0,159.6812080536913,17.451498147944406,167.40939597315435,22.815590592593438,167.40939597315435,22.815590592593438,0.8725749073972202,0.28519488240741797,21.0
4,4,960,613,13,19,965.625,621.858695652174,184,20,4.0,159.625,17.44535519125683,135.141304347826,18.417894970742896,135.141304347826,18.417894970742896,0.8722677595628415,0.2302236871342862,21.0
4,4,849,703,17,18,856.9185520361991,711.5927601809955,221,20,4.0,50.91855203619912,5.564869074994439,45.40723981900453,6.188380213833667,45.40723981900453,6.188380213833667,0.2782434537497219,0.07735475267292083,21.0
4,4,823,735,8,11,825.6769230769231,739.9230769230769,65,20,4.0,19.676923076923117,2.1504833963850403,17.076923076923094,2.3273489713012734,17.076923076923094,2.3273489713012734,0.107524169819252,0.02909186214126592,21.0
4,4,932,738,15,19,938.3857868020305,746.1827411167512,197,20,4.0,132.38578680203045,14.468392000221908,10.817258883248769,1.4742431186710419,10.817258883248769,1.4742431186710419,0.7234196000110954,0.01842803898338802,21.0
1,1,222,167,18,17,229.25892857142856,173.80357142857142,224,21,4.2,99.25892857142856,9.59023464458247,592.1964285714286,79.09134271404722,592.1964285714286,79.09134271404722,0.47951173222912347,0.9886417839255902,21.0
1,1,195,222,16,14,202.01863354037266,228.6273291925466,161,21,4.2,72.01863354037266,6.958322081195426,537.3726708074535,71.76930494924254,537.3726708074535,71.76930494924254,0.3479161040597713,0.8971163118655316,21.0
1,1,258,228,21,20,267.405303030303,236.51136363636363,264,21,4.2,137.405303030303,13.275874688918165,529.4886363636364,70.71634542419184,529.4886363636364,70.71634542419184,0.6637937344459083,0.883954317802398,21.0
1,1,270,287,20,18,279.38990825688074,295.4908256880734,218,21,4.2,149.38990825688074,14.43380756105128,470.5091743119266,62.83928872279487,470.5091743119266,62.83928872279487,0.721690378052564,0.7854911090349359,21.0
1,1,170,318,15,21,176.39316239316238,328.12393162393164,234,21,4.2,46.393162393162385,4.482431149097815,437.87606837606836,58.48094402351497,437.87606837606836,58.48094402351497,0.22412155745489074,0.7310118002939372,21.0
1,1,215,688,42,24,234.99657534246575,700.0719178082192,584,21,4.2,104.99657534246575,10.144596651445967,65.92808219178085,8.805086102408126,65.92808219178085,8.805086102408126,0.5072298325722983,0.11006357628010158,21.0
1,1,158,710,14,13,163.90714285714284,715.7285714285714,140,21,4.2,33.907142857142844,3.2760524499654924,50.2714285714286,6.714047221559746,50.2714285714286,6.714047221559746,0.1638026224982746,0.08392559026949684,21.0
2,2,380,184,3,9,380.8181818181818,187.5909090909091,22,21,4.2,17.818181818181813,1.885521885521885,575.4090909090909,78.68842268842269,575.4090909090909,78.68842268842269,0.09427609427609425,0.9836052836052835,19.0
2,2,532,194,5,19,534.3116883116883,202.53246753246754,77,21,4.2,171.31168831168827,18.12822098536384,560.4675324675325,76.64513264513265,560.4675324675325,76.64513264513265,0.9064110492681919,0.958064158064158,19.0
2,2,531,218,6,15,533.9428571428572,224.18571428571428,70,21,4.2,170.94285714285718,18.08919123204838,538.8142857142857,73.68400488400488,538.8142857142857,73.68400488400488,0.9044595616024189,0.921050061050061,19.0
2,2,380,256,7,21,382.61538461538464,266.1538461538462,117,21,4.2,19.61538461538464,2.0757020757020785,496.8461538461538,67.9447731755424,496.8461538461538,67.9447731755424,0.10378510378510393,0.84930966469428,19.0
3,3,721,191,10,21,725.542372881356,200.85310734463278,177,21,4.2,142.54237288135596,14.925902919513714,559.1468926553672,76.85867940279961,559.1468926553672,76.85867940279961,0.7462951459756857,0.9607334925349952,24.0
3,3,721,705,15,12,727.9236111111111,710.4652777777778,144,21,4.2,144.9236111111111,15.175247236765559,49.53472222222217,6.808896525391364,49.53472222222217,6.808896525391364,0.7587623618382779,0.08511120656739204,24.0
4,4,914,170,8,4,917.2222222222222,171.25925925925927,27,21,4.2,111.22222222222217,12.155434122647232,585.7407407407408,79.8283803394536,585.7407407407408,79.8283803394536,0.6077717061323616,0.9978547542431699,21.0
4,4,899,388,26,12,911.292372881356,393.385593220339,236,21,4.2,105.29237288135596,11.507363156432346,363.614406779661,49.55562613692143,363.614406779661,49.55562613692143,0.5753681578216172,0.6194453267115179,21.0
4,4,951,551,13,20,956.8957345971564,560.2085308056871,211,21,4.2,150.89573459715643,16.491337114443326,196.79146919431287,26.819961730059674,196.79146919431287,26.819961730059674,0.8245668557221663,0.33524952162574595,21.0
4,4,955,581,19,22,965.752508361204,589.7859531772575,299,21,4.2,159.75250836120404,17.45929053127913,167.2140468227425,22.7889671990109,167.2140468227425,22.7889671990109,0.8729645265639565,0.2848620899876363,21.0
4,4,960,613,13,19,965.5820105820105,621.8624338624338,189,21,4.2,159.58201058201053,17.4406568942088,135.13756613756618,18.417385504267962,135.13756613756618,18.417385504267962,0.8720328447104401,0.23021731880334953,21.0
4,4,849,703,17,19,856.9508928571429,711.6875,224,21,4.2,50.95089285714289,5.568403590944578,45.3125,6.175468483816013,45.3125,6.175468483816013,0.2784201795472289,0.07719335604770017,21.0
4,4,823,735,8,11,825.8059701492538,739.6716417910447,67,21,4.2,19.805970149253767,2.1645869015577888,17.32835820895525,2.3616161102494377,17.32835820895525,2.3616161102494377,0.10822934507788944,0.029520201378117974,21.0
4,4,931,739,15,17,937.994623655914,746.7311827956989,186,21,4.2,131.99462365591398,14.425641929608085,10.268817204301058,1.3994980857650505,10.268817204301058,1.3994980857650505,0.7212820964804043,0.01749372607206313,21.0
1,1,221,167,18,17,228.82173913043476,173.94347826086957,230,22,4.4,98.82173913043476,9.547994118882587,592.0565217391304,79.07265732742977,592.0565217391304,79.07265732742977,0.4773997059441293,0.9884082165928721,21.0
1,1,195,222,16,15,201.9625,228.78125,160,22,4.4,71.9625,6.952898550724638,537.21875,71.74874791318865,537.21875,71.74874791318865,0.3476449275362319,0.8968593489148581,21.0
1,1,271,292,21,16,280.9009433962264,299.5566037735849,212,22,4.4,150.9009433962264,14.579801294321394,466.4433962264151,62.29627996346112,466.4433962264151,62.29627996346112,0.7289900647160696,0.7787034995432639,21.0
1,1,168,316,15,21,174.57805907172997,325.8185654008439,237,22,4.4,44.57805907172997,4.307058847510142,440.1814345991561,58.78883934546325,440.1814345991561,58.78883934546325,0.2153529423755071,0.7348604918182906,21.0
1,1,152,399,16,24,159.3953488372093,410.24916943521595,301,22,4.4,29.395348837209298,2.840130322435681,355.75083056478405,47.512631794962815,355.75083056478405,47.512631794962815,0.14200651612178405,0.5939078974370351,21.0
1,1,214,687,40,21,233.19639639639638,698.0504504504504,555,22,4.4,103.19639639639638,9.970666318492404,67.9495495495496,9.07506504835387,67.9495495495496,9.07506504835387,0.4985333159246202,0.11343831310442337,21.0
1,1,158,710,14,12,164.05970149253733,715.4477611940298,134,22,4.4,34.05970149253733,3.290792414737906,50.552238805970205,6.751551092617055,50.552238805970205,6.751551092617055,0.16453962073689532,0.0843943886577132,21.0
2,2,380,178,5,13,381.5416666666667,183.52083333333334,48,22,4.4,18.541666666666686,1.9620811287477975,579.4791666666666,79.24501424501423,579.4791666666666,79.24501424501423,0.09810405643738987,0.990562678062678,20.0
2,2,532,195,5,18,534.3802816901408,202.8169014084507,71,22,4.4,171.3802816901408,18.135479543930245,560.1830985915493,76.60623570482726,560.1830985915493,76.60623570482726,0.9067739771965122,0.9575779463103407,20.0
2,2,530,219,7,14,533.6338028169014,224.8169014084507,71,22,4.4,170.63380281690138,18.056487070571574,538.1830985915493,73.59768869628024,538.1830985915493,73.59768869628024,0.9028243535285787,0.9199711087035031,20.0
2,2,380,244,6,20,381.8045977011494,253.5057471264368,87,22,4.4,18.80459770114942,1.98990451864015,509.4942528735632,69.67442774339325,509.4942528735632,69.67442774339325,0.0994952259320075,0.8709303467924158,20.0
3,3,726,202,10,21,730.3872832369942,212.23121387283237,173,22,4.4,147.38728323699422,15.43322337560149,547.7687861271677,75.29467850545261,547.7687861271677,75.29467850545261,0.7716611687800745,0.9411834813181575,23.0
3,3,721,705,16,12,727.9127516778524,710.3959731543624,149,22,4.4,144.91275167785238,15.174110123335328,49.60402684563758,6.818422934108258,49.60402684563758,6.818422934108258,0.7587055061667665,0.08523028667635323,23.0
4,4,914,170,8,4,916.96,171.24,25,22,4.4,110.96000000000004,12.126775956284156,585.76,79.83100511073255,585.76,79.83100511073255,0.6063387978142079,0.9978875638841567,22.0
4,4,823,190,10,21,826.7412587412588,198.11888111888112,143,22,4.4,20.741258741258775,2.2668042340173526,558.8811188811189,76.16778451531432,558.8811188811189,76.16778451531432,0.11334021170086762,0.9520973064414292,22.0
4,4,899,390,25,12,910.5874439461884,395.322869955157,223,22,4.4,104.58744394618839,11.43032174275283,361.677130044843,49.2916020504045,361.677130044843,49.2916020504045,0.5715160871376415,0.6161450256300562,22.0
4,4,951,551,13,20,956.9396984924623,560.3165829145728,199,22,4.4,150.9396984924623,16.496141911744512,196.6834170854272,26.805235718627216,196.6834170854272,26.805235718627216,0.8248070955872256,0.3350654464828402,22.0
4,4,955,581,19,22,965.8105263157895,590.1649122807017,285,22,4.4,159.8105263157895,17.465631291343115,166.83508771929826,22.73732030245973,166.83508771929826,22.73732030245973,0.8732815645671558,0.2842165037807466,22.0
4,4,960,613,13,19,965.6065573770492,622.0218579234972,183,22,4.4,159.60655737704917,17.44333960404909,134.97814207650276,18.395658204634106,134.97814207650276,18.395658204634106,0.8721669802024545,0.22994572755792633,22.0
4,4,849,704,17,17,856.7536945812808,711.8374384236453,203,22,4.4,50.7536945812808,5.546851866806644,45.16256157635473,6.155033945670151,45.16256157635473,6.155033945670151,0.27734259334033223,0.07693792432087689,22.0
4,4,823,735,7,11,825.5806451612904,739.8709677419355,62,22,4.4,19.580645161290363,2.1399612198131543,17.129032258064512,2.334450733637412,17.129032258064512,2.334450733637412,0.10699806099065771,0.029180634170467654,22.0
4,4,931,739,15,17,937.8988764044943,746.7584269662922,178,22,4.4,131.89887640449433,14.415177749125064,10.241573033707823,1.3957850812548993,10.241573033707823,1.3957850812548993,0.7207588874562532,0.01744731351568624,22.0
1,1,221,167,18,17,228.6592920353982,174.00442477876106,226,23,4.6,98.65929203539821,9.53229874738147,591.9955752212389,79.06451755876313,591.9955752212389,79.06451755876313,0.47661493736907345,0.9883064694845392,22.0
1,1,195,223,16,13,201.99354838709678,228.51612903225805,155,23,4.6,71.99354838709678,6.955898394888578,537.483870967742,71.78415638968173,537.483870967742,71.78415638968173,0.3477949197444289,0.8973019548710216,22.0
1,1,271,292,21,17,280.9651741293533,299.44776119402985,201,23,4.6,150.96517412935327,14.586007162256355,466.55223880597015,62.310816535021054,466.55223880597015,62.310816535021054,0.7293003581128178,0.7788852066877632,22.0
1,1,168,316,14,21,174.5022026431718,325.7885462555066,227,23,4.6,44.50220264317181,4.299729723977953,440.2114537444934,58.792848580232835,440.2114537444934,58.792848580232835,0.21498648619889765,0.7349106072529105,22.0
1,1,152,398,16,23,159.16551724137932,408.92758620689654,290,23,4.6,29.16551724137932,2.81792437114776,357.07241379310346,47.68913706752634,357.07241379310346,47.68913706752634,0.14089621855738801,0.5961142133440792,22.0
1,1,214,687,39,20,232.6198501872659,697.4063670411985,534,23,4.6,102.61985018726591,9.91496137075033,68.59363295880155,9.161086204848287,68.59363295880155,9.161086204848287,0.49574806853751646,0.11451357756060358,22.0
1,1,158,710,14,12,164.1,715.5230769230769,130,23,4.6,34.099999999999994,3.294685990338164,50.47692307692307,6.7414922306408105,50.47692307692307,6.7414922306408105,0.16473429951690818,0.08426865288301014,22.0
2,2,380,178,8,13,382.6029411764706,182.41176470588235,68,23,4.6,19.60294117647061,2.0743853096794296,580.5882352941177,79.39668174962293,580.5882352941177,79.39668174962293,0.10371926548397148,0.9924585218702866,21.0
2,2,532,195,5,18,534.3714285714286,202.55714285714285,70,23,4.6,171.37142857142862,18.13454270597128,560.4428571428572,76.64175824175824,560.4428571428572,76.64175824175824,0.9067271352985642,0.9580219780219781,21.0
2,2,531,220,6,13,533.7205882352941,225.4264705882353,68,23,4.6,170.72058823529414,18.06567071272954,537.5735294117646,73.51432880844645,537.5735294117646,73.51432880844645,0.903283535636477,0.9189291101055805,21.0
2,2,380,234,4,18,381.3114754098361,242.14754098360658,61,23,4.6,18.311475409836078,1.9377222655911193,520.8524590163934,71.22768670309652,520.8524590163934,71.22768670309652,0.09688611327955597,0.8903460837887066,21.0
3,3,726,215,12,20,731.3757225433526,224.32369942196533,173,23,4.6,148.3757225433526,15.536724873649487,535.6763005780347,73.6324811791113,535.6763005780347,73.6324811791113,0.7768362436824743,0.9204060147388912,23.0
3,3,721,705,15,12,727.8095238095239,710.4081632653061,147,23,4.6,144.80952380952385,15.16330092246323,49.59183673469386,6.816747317483691,49.59183673469386,6.816747317483691,0.7581650461231615,0.08520934146854614,23.0
4,4,914,170,8,4,917.5,171.23076923076923,26,23,4.6,111.5,12.185792349726777,585.7692307692307,79.8322631372035,585.7692307692307,79.8322631372035,0.6092896174863388,0.9979032892150438,22.0
4,4,826,176,17,22,833.375,186.07589285714286,224,23,4.6,27.375,2.9918032786885247,570.9241071428571,77.80907763446093,570.9241071428571,77.80907763446093,0.14959016393442623,0.9726134704307617,22.0
4,4,899,391,24,11,910.4459459459459,395.81081081081084,222,23,4.6,104.44594594594594,11.41485748043125,361.18918918918916,49.22510244486394,361.18918918918916,49.22510244486394,0.5707428740215625,0.6153137805607992,22.0
4,4,951,551,13,20,956.9257425742574,560.2970297029703,202,23,4.6,150.92574257425736,16.494616674782225,196.70297029702965,26.807900551554297,196.70297029702965,26.807900551554297,0.8247308337391113,0.3350987568944287,22.0
4,4,955,582,19,22,965.8480565371025,590.1837455830389,283,23,4.6,159.84805653710248,17.469732954874587,166.8162544169611,22.734753583231495,166.8162544169611,22.734753583231495,0.8734866477437294,0.2841844197903937,22.0
4,4,960,613,13,19,965.5444444444445,621.8722222222223,180,23,4.6,159.54444444444448,17.436551305403768,135.12777777777774,18.41605148589816,135.12777777777774,18.41605148589816,0.8718275652701885,0.230200643573727,22.0
4,4,849,703,17,19,856.9906103286385,711.6525821596244,213,23,4.6,50.99061032863847,5.5727442982118545,45.347417840375556,6.180227303628696,45.347417840375556,6.180227303628696,0.27863721491059273,0.0772528412953587,22.0
4,4,823,735,7,10,825.741935483871,739.4677419354839,62,23,4.6,19.741935483870975,2.1575885774722376,17.5322580645161,2.3894048469527904,17.5322580645161,2.3894048469527904,0.10787942887361189,0.02986756058690988,22.0
4,4,931,739,15,17,937.8816568047337,746.8402366863905,169,23,4.6,131.88165680473367,14.413295825653952,10.15976331360946,1.3846355452960082,10.15976331360946,1.3846355452960082,0.7206647912826977,0.017307944316200103,22.0
1,1,221,167,18,17,228.95067264573993,173.83856502242153,223,24,4.8,98.95067264573993,9.560451463356515,592.1614349775784,79.08666911219744,592.1614349775784,79.08666911219744,0.47802257316782576,0.9885833639024681,21.0
1,1,194,223,17,13,201.78048780487805,228.7378048780488,164,24,4.8,71.78048780487805,6.935312831389183,537.2621951219512,71.75455026670467,537.2621951219512,71.75455026670467,0.34676564156945916,0.8969318783338084,21.0
1,1,270,292,22,16,280.82296650717706,299.3397129186603,209,24,4.8,150.82296650717706,14.572267295379426,466.6602870813397,62.32524702254953,466.6602870813397,62.32524702254953,0.7286133647689713,0.7790655877818693,21.0
1,1,168,316,14,21,174.47698744769875,325.8326359832636,239,24,4.8,44.47698744769875,4.297293473207608,440.1673640167364,58.786960135791176,440.1673640167364,58.786960135791176,0.21486467366038042,0.7348370016973897,21.0
1,1,152,389,17,25,159.7621951219512,400.4451219512195,328,24,4.8,29.76219512195121,2.8755744079179912,365.5548780487805,48.822020440571684,365.5548780487805,48.822020440571684,0.14377872039589956,0.6102752555071461,21.0
1,1,213,687,42,20,232.85045045045047,696.3711711711712,555,24,4.8,102.85045045045047,9.937241589415503,69.62882882882877,9.299342748424545,69.62882882882877,9.299342748424545,0.4968620794707752,0.1162417843553068,21.0
1,1,158,710,14,12,164.24,715.584,125,24,4.8,34.24000000000001,3.3082125603864743,50.416000000000054,6.733355592654431,50.416000000000054,6.733355592654431,0.1654106280193237,0.08416694490818039,21.0
2,2,380,178,10,11,383.3466666666667,181.88,75,24,4.8,20.346666666666692,2.1530864197530892,581.12,79.46940170940171,581.12,79.46940170940171,0.10765432098765446,0.9933675213675214,20.0
2,2,532,195,5,18,534.3013698630136,202.45205479452056,73,24,4.8,171.30136986301363,18.12712908603319,560.5479452054794,76.65612925886899,560.5479452054794,76.65612925886899,0.9063564543016595,0.9582016157358623,20.0
2,2,380,220,4,18,380.98,228.07999999999998,50,24,4.8,17.980000000000018,1.9026455026455045,534.9200000000001,73.151452991453,534.9200000000001,73.151452991453,0.09513227513227523,0.9143931623931625,20.0
2,2,530,220,7,14,533.4342105263158,225.69736842105263,76,24,4.8,170.43421052631584,18.035366193260934,537.3026315789474,73.47728295096717,537.3026315789474,73.47728295096717,0.9017683096630468,0.9184660368870896,20.0
3,3,726,219,10,21,730.4431818181818,229.21022727272728,176,24,4.8,147.44318181818176,15.4390766301761,530.7897727272727,72.96079350203063,530.7897727272727,72.96079350203063,0.771953831508805,0.9120099187753827,23.0
3,3,721,705,15,12,727.9530201342282,710.6174496644295,149,24,4.8,144.95302013422815,15.178326715625985,49.3825503355705,6.787979427569828,49.3825503355705,6.787979427569828,0.7589163357812992,0.08484974284462285,23.0
4,4,837,170,16,13,843.0148148148148,175.06666666666666,135,24,4.8,37.01481481481483,4.045334952438779,581.9333333333334,79.30948324815446,581.9333333333334,79.30948324815446,0.20226674762193894,0.9913685406019308,22.0
4,4,914,170,8,5,917.2333333333333,171.5,30,24,4.8,111.23333333333335,12.15664845173042,585.5,79.79557069846678,585.5,79.79557069846678,0.607832422586521,0.9974446337308348,22.0
4,4,898,390,25,12,909.6311111111111,395.6533333333333,225,24,4.8,103.63111111111107,11.325804493017603,361.3466666666667,49.2465644520159,361.3466666666667,49.2465644520159,0.5662902246508802,0.6155820556501987,22.0
4,4,951,551,13,20,956.91,560.4100000000001,200,24,4.8,150.90999999999997,16.492896174863386,196.58999999999992,26.792504258943772,196.58999999999992,26.792504258943772,0.8246448087431693,0.33490630323679715,22.0
4,4,955,582,19,22,965.8,589.9928571428571,280,24,4.8,159.79999999999995,17.464480874316934,167.00714285714287,22.760769043562913,167.00714285714287,22.760769043562913,0.8732240437158467,0.2845096130445364,22.0
4,4,961,613,12,19,965.8081395348837,621.9186046511628,172,24,4.8,159.8081395348837,17.465370440970897,135.0813953488372,18.40973020086367,135.0813953488372,18.40973020086367,0.8732685220485449,0.2301216275107959,22.0
4,4,850,703,16,19,856.9514563106796,711.5436893203884,206,24,4.8,50.951456310679646,5.568465170566082,45.45631067961165,6.195067895006698,45.45631067961165,6.195067895006698,0.2784232585283041,0.07743834868758373,22.0
4,4,823,735,7,11,825.5901639344262,739.688524590164,61,24,4.8,19.590163934426187,2.1410015228881076,17.31147540983602,2.359315217694858,17.31147540983602,2.359315217694858,0.1070500761444054,0.029491440221185727,22.0
4,4,931,739,15,17,937.5549132947976,746.9653179190751,173,24,4.8,131.55491329479764,14.377586152436901,10.034682080924881,1.3675886992742599,10.034682080924881,1.3675886992742599,0.718879307621845,0.017094858740928247,22.0
1,1,222,167,17,16,228.97536945812809,173.2807881773399,203,25,5.0,98.97536945812809,9.562837628804646,592.7192118226601,79.16116351554726,592.7192118226601,79.16116351554726,0.4781418814402323,0.9895145439443407,22.0
1,1,195,223,16,13,201.93167701863354,228.7888198757764,161,25,5.0,71.93167701863354,6.949920484892129,537.2111801242236,71.7477369114155,537.2111801242236,71.7477369114155,0.34749602424460646,0.8968467113926938,22.0
1,1,271,292,21,16,281.25742574257424,299.43564356435644,202,25,5.0,151.25742574257424,14.614244033098961,466.56435643564356,62.31243491627961,466.56435643564356,62.31243491627961,0.730712201654948,0.7789054364534951,22.0
1,1,168,316,14,21,174.4549356223176,325.9699570815451,233,25,5.0,44.454935622317606,4.295162862059672,440.0300429184549,58.76862008927611,440.0300429184549,58.76862008927611,0.2147581431029836,0.7346077511159514,22.0
1,1,153,379,18,22,161.55281690140845,389.1619718309859,284,25,5.0,31.55281690140845,3.048581343131251,376.8380281690141,50.32895200921724,376.8380281690141,50.32895200921724,0.15242906715656254,0.6291119001152154,22.0
1,1,214,683,41,23,233.28597449908926,693.5264116575592,549,25,5.0,103.28597449908926,9.979321207641474,72.47358834244085,9.679277241060547,72.47358834244085,9.679277241060547,0.49896606038207375,0.12099096551325685,22.0
1,1,159,711,13,11,164.52252252252254,716.009009009009,111,25,5.0,34.522522522522536,3.3355094224659454,49.99099099099101,6.6765931206665785,49.99099099099101,6.6765931206665785,0.16677547112329727,0.08345741400833223,22.0
2,2,380,178,11,11,383.73493975903614,181.90361445783134,83,25,5.0,20.734939759036138,2.1941735194747234,581.0963855421687,79.46617238183504,581.0963855421687,79.46617238183504,0.10970867597373618,0.993327154772938,20.0
2,2,532,195,5,18,534.2666666666667,202.6,75,25,5.0,171.26666666666665,18.123456790123456,560.4,76.63589743589743,560.4,76.63589743589743,0.9061728395061728,0.9579487179487179,20.0
2,2,380,210,2,12,380.4782608695652,215.26086956521738,23,25,5.0,17.47826086956519,1.8495514147688032,547.7391304347826,74.90449646971386,547.7391304347826,74.90449646971386,0.09247757073844017,0.9363062058714233,20.0
2,2,530,220,7,14,533.3896103896104,226.03896103896105,77,25,5.0,170.38961038961043,18.030646602075176,536.961038961039,73.43056943056943,536.961038961039,73.43056943056943,0.9015323301037589,0.9178821178821179,20.0
3,3,724,224,10,21,728.4571428571428,234.27428571428572,175,25,5.0,145.4571428571428,15.23111443530291,525.7257142857143,72.2647029945999,525.7257142857143,72.2647029945999,0.7615557217651455,0.9033087874324988,23.0
3,3,721,705,15,12,728.0068027210884,710.6870748299319,147,25,5.0,145.00680272108843,15.183958400113973,49.31292517006807,6.778408958084958,49.31292517006807,6.778408958084958,0.7591979200056986,0.08473011197606198,23.0
4,4,847,170,9,5,850.5277777777778,171.61111111111111,36,25,5.0,44.52777777777783,4.866423800850036,585.3888888888889,79.78042778724209,585.3888888888889,79.78042778724209,0.2433211900425018,0.9972553473405262,21.0
4,4,914,170,9,5,917.40625,171.53125,32,25,5.0,111.40625,12.175546448087431,585.46875,79.79131175468484,585.46875,79.79131175468484,0.6087773224043715,0.9973913969335605,21.0
4,4,898,390,25,12,909.8927038626609,395.7081545064378,233,25,5.0,103.89270386266094,11.354393864771687,361.2918454935622,49.23909308259792,361.2918454935622,49.23909308259792,0.5677196932385844,0.615488663532474,21.0
4,4,951,551,13,21,956.8551401869158,560.4953271028037,214,25,5.0,150.85514018691583,16.48690056687605,196.50467289719631,26.78087535225844,196.50467289719631,26.78087535225844,0.8243450283438024,0.3347609419032305,21.0
4,4,955,581,19,23,965.7878787878788,590.1010101010102,297,25,5.0,159.78787878787875,17.46315615168074,166.89898989898984,22.74602928776693,166.89898989898984,22.74602928776693,0.8731578075840369,0.2843253660970866,21.0
4,4,960,612,13,19,965.4105263157894,620.9947368421053,190,25,5.0,159.4105263157894,17.42191544434857,136.00526315789466,18.535640634806768,136.00526315789466,18.535640634806768,0.8710957722174285,0.2316955079350846,21.0
4,4,849,703,17,19,857.0189573459716,711.6682464454976,211,25,5.0,51.01895734597156,5.575842332893067,45.33175355450237,6.178092477615315,45.33175355450237,6.178092477615315,0.2787921166446533,0.07722615597019143,21.0
4,4,823,735,8,10,825.9692307692308,739.5230769230769,65,25,5.0,19.969230769230762,2.182429592265657,17.47692307692307,2.381863451710129,17.47692307692307,2.381863451710129,0.10912147961328285,0.02977329314637661,21.0
4,4,931,739,15,18,937.7103825136612,747.0218579234972,183,25,5.0,131.71038251366122,14.394577323897401,9.978142076502763,1.359883076865794,9.978142076502763,1.359883076865794,0.7197288661948701,0.016998538460822426,21.0
1,1,221,167,18,16,228.85915492957747,173.4600938967136,213,26,5.2,98.85915492957747,9.551609171939852,592.5399061032864,79.13721617406162,592.5399061032864,79.13721617406162,0.4775804585969926,0.9892152021757703,21.0
1,1,195,223,16,14,202.13836477987422,229.08805031446542,159,26,5.2,72.13836477987422,6.96989031689606,536.9119496855346,71.70777291292616,536.9119496855346,71.70777291292616,0.348494515844803,0.896347161411577,21.0
1,1,271,291,22,17,281.25116279069766,299.3953488372093,215,26,5.2,151.25116279069766,14.613638916975619,466.6046511627907,62.317816515898585,466.6046511627907,62.317816515898585,0.730681945848781,0.7789727064487323,21.0
1,1,168,316,14,21,174.43153526970954,325.8008298755187,241,26,5.2,44.43153526970954,4.292901958426043,440.1991701244813,58.79120802998081,440.1991701244813,58.79120802998081,0.21464509792130212,0.7348901003747601,21.0
1,1,157,368,17,22,165.00346020761245,378.10380622837374,289,26,5.2,35.00346020761245,3.3819768316533767,387.89619377162626,51.80583556215376,387.89619377162626,51.80583556215376,0.16909884158266883,0.6475729445269219,21.0
1,1,229,673,20,17,237.75390625,680.7578125,256,26,5.2,107.75390625,10.41100543478261,85.2421875,11.384599332220366,85.2421875,11.384599332220366,0.5205502717391305,0.14230749165275458,21.0
1,1,215,687,18,19,223.27884615384616,696.5721153846154,208,26,5.2,93.27884615384616,9.012448903753253,69.42788461538464,9.27250545781431,69.42788461538464,9.27250545781431,0.4506224451876626,0.11590631822267887,21.0
1,1,159,711,12,12,164.14406779661016,715.9830508474577,118,26,5.2,34.14406779661016,3.2989437484647497,50.01694915254234,6.680059986983951,50.01694915254234,6.680059986983951,0.1649471874232375,0.0835007498372994,21.0
2,2,380,178,11,12,383.7303370786517,182.22471910112358,89,26,5.2,20.7303370786517,2.1936864633493864,580.7752808988764,79.42226063574378,580.7752808988764,79.42226063574378,0.10968432316746932,0.9927782579467973,20.0
2,2,532,196,5,17,534.2571428571429,202.9142857142857,70,26,5.2,171.25714285714287,18.122448979591837,560.0857142857143,76.59291819291819,560.0857142857143,76.59291819291819,0.9061224489795919,0.9574114774114774,20.0
2,2,530,221,7,13,533.2597402597403,226.4025974025974,77,26,5.2,170.25974025974028,18.016903731189448,536.5974025974026,73.38084138084139,536.5974025974026,73.38084138084139,0.9008451865594724,0.9172605172605173,20.0
3,3,726,237,10,21,730.3063583815028,247.01734104046244,173,26,5.2,147.30635838150283,15.424749568743753,512.9826589595375,70.51308026935224,512.9826589595375,70.51308026935224,0.7712374784371876,0.8814135033669029,23.0
3,3,721,705,15,12,727.8194444444445,710.5694444444445,144,26,5.2,144.81944444444446,15.164339732402562,49.43055555555554,6.794578083237876,49.43055555555554,6.794578083237876,0.758216986620128,0.08493222604047344,23.0
4,4,914,170,9,5,917.40625,171.53125,32,26,5.2,111.40625,12.175546448087431,585.46875,79.79131175468484,585.46875,79.79131175468484,0.6087773224043715,0.9973913969335605,21.0
4,4,898,391,26,11,909.8931623931624,395.87606837606836,234,26,5.2,103.89316239316236,11.354443977394792,361.12393162393164,49.21620873920704,361.12393162393164,49.21620873920704,0.5677221988697396,0.615202609240088,21.0
4,4,951,551,13,21,957.0046511627907,560.5720930232558,215,26,5.2,151.00465116279065,16.503240564239416,196.42790697674423,26.770413216592058,196.42790697674423,26.770413216592058,0.8251620282119708,0.33463016520740074,21.0
4,4,955,581,19,23,965.7979797979798,590.1279461279462,297,26,5.2,159.7979797979798,17.464260087210906,166.8720538720538,22.742358278985186,166.8720538720538,22.742358278985186,0.8732130043605453,0.28427947848731483,21.0
4,4,960,612,13,20,965.4923076923077,621.3948717948717,195,26,5.2,159.4923076923077,17.43085329970576,135.60512820512827,18.48110776219806,135.60512820512827,18.48110776219806,0.8715426649852879,0.23101384702747577,21.0
4,4,849,703,17,19,856.9569377990431,711.7368421052631,209,26,5.2,50.95693779904309,5.569064240332578,45.26315789473688,6.168743835739268,45.26315789473688,6.168743835739268,0.2784532120166289,0.07710929794674085,21.0
4,4,823,735,8,10,825.9242424242424,739.5909090909091,66,26,5.2,19.92424242424238,2.177512833250533,17.409090909090878,2.372618863249183,17.409090909090878,2.372618863249183,0.10887564166252667,0.029657735790614783,21.0
4,4,931,739,15,18,937.9946808510638,746.8776595744681,188,26,5.2,131.99468085106378,14.425648180444128,10.122340425531888,1.379535322048639,10.122340425531888,1.379535322048639,0.7212824090222064,0.017244191525607987,21.0
1,1,220,167,18,16,227.95693779904306,173.38755980861245,209,27,5.4,97.95693779904306,9.464438434690152,592.6124401913876,79.14690353140402,592.6124401913876,79.14690353140402,0.47322192173450756,0.9893362941425502,21.0
1,1,194,223,18,15,201.8372093023256,229.0174418604651,172,27,5.4,71.83720930232559,6.940793169306821,536.9825581395348,71.71720309042202,536.9825581395348,71.71720309042202,0.347039658465341,0.8964650386302752,21.0
1,1,271,291,21,17,281.037558685446,299.093896713615,213,27,5.4,151.03755868544602,14.593000839173529,466.906103286385,62.358077233573965,466.906103286385,62.358077233573965,0.7296500419586764,0.7794759654196745,21.0
1,1,164,308,17,18,171.47619047619048,316.4904761904762,210,27,5.4,41.47619047619048,4.007361398665747,449.5095238095238,60.034660942841235,449.5095238095238,60.034660942841235,0.20036806993328735,0.7504332617855155,21.0
1,1,159,355,18,23,167.83441558441558,365.50324675324674,308,27,5.4,37.83441558441558,3.655499090281699,400.49675324675326,53.488714957830155,400.49675324675326,53.488714957830155,0.18277495451408493,0.6686089369728769,21.0
1,1,228,673,20,18,236.67843137254903,680.9215686274509,255,27,5.4,106.67843137254903,10.307094818603773,85.07843137254906,11.36272873089136,85.07843137254906,11.36272873089136,0.5153547409301885,0.142034109136142,21.0
1,1,214,688,19,19,222.41666666666669,697.25,216,27,5.4,92.41666666666669,8.929146537842191,68.75,9.181969949916528,68.75,9.181969949916528,0.4464573268921096,0.1147746243739566,21.0
1,1,158,711,14,12,164.03252032520325,716.1219512195122,123,27,5.4,34.03252032520325,3.288166214995483,49.8780487804878,6.661509019096869,49.8780487804878,6.661509019096869,0.16440831074977416,0.08326886273871086,21.0
2,2,380,178,12,14,383.96,182.51,100,27,5.4,20.95999999999998,2.2179894179894157,580.49,79.38324786324786,580.49,79.38324786324786,0.11089947089947079,0.9922905982905983,24.0
2,2,532,196,5,16,534.3709677419355,202.59677419354838,62,27,5.4,171.3709677419355,18.134493940945553,560.4032258064516,76.63633857182245,560.4032258064516,76.63633857182245,0.9067246970472778,0.9579542321477805,24.0
2,2,530,222,7,12,533.3432835820895,227.0,67,27,5.4,170.3432835820895,18.025744294401004,536.0,73.2991452991453,536.0,73.2991452991453,0.9012872147200502,0.9162393162393162,24.0
3,3,724,243,10,20,728.260606060606,252.5212121212121,165,27,5.4,145.26060606060605,15.210534666032046,507.4787878787879,69.75653441632824,507.4787878787879,69.75653441632824,0.7605267333016024,0.8719566802041029,23.0
3,3,720,705,16,12,727.64,710.56,150,27,5.4,144.64,15.145549738219893,49.440000000000055,6.795876288659802,49.440000000000055,6.795876288659802,0.7572774869109947,0.08494845360824752,23.0
4,4,913,170,10,7,917.4,172.61666666666667,60,27,5.4,111.39999999999998,12.174863387978139,584.3833333333333,79.6433844406587,584.3833333333333,79.6433844406587,0.6087431693989069,0.995542305508234,21.0
4,4,898,391,25,11,909.6493506493507,395.93939393939394,231,27,5.4,103.64935064935071,11.327797885174942,361.06060606060606,49.207578338753805,361.06060606060606,49.207578338753805,0.5663898942587471,0.6150947292344225,21.0
4,4,951,552,13,19,957.0294117647059,560.671568627451,204,27,5.4,151.02941176470586,16.50594664095146,196.32843137254895,26.7568560644019,196.32843137254895,26.7568560644019,0.8252973320475729,0.33446070080502377,21.0
4,4,955,581,19,23,965.7491525423729,590.1220338983051,295,27,5.4,159.74915254237294,17.458923775122727,166.87796610169494,22.74316403430255,166.87796610169494,22.74316403430255,0.8729461887561363,0.28428955042878185,21.0
4,4,960,613,13,18,965.2872340425532,621.2340425531916,188,27,5.4,159.28723404255322,17.408440878967564,135.76595744680844,18.503026568559925,135.76595744680844,18.503026568559925,0.8704220439483783,0.23128783210699905,21.0
4,4,849,703,17,19,856.7557603686636,711.9861751152074,217,27,5.4,50.75576036866357,5.547077635919516,45.0138248847926,6.134763187024545,45.0138248847926,6.134763187024545,0.2773538817959758,0.0766845398378068,21.0
4,4,823,734,8,12,826.0897435897435,739.3205128205128,78,27,5.4,20.089743589743534,2.1956003923216976,17.679487179487182,2.4094701437120523,17.679487179487182,2.4094701437120523,0.10978001961608488,0.030118376796400653,21.0
4,4,931,739,15,18,937.7326203208556,747.0,187,27,5.4,131.73262032085563,14.397007685339414,10.0,1.362862010221465,10.0,1.362862010221465,0.7198503842669707,0.017035775127768313,21.0
1,1,222,167,16,12,228.29530201342283,171.60402684563758,149,28,5.6,98.29530201342283,9.497130629316215,594.3959731543624,79.38510492879631,594.3959731543624,79.38510492879631,0.47485653146581075,0.9923138116099539,21.0
1,1,195,223,16,14,202.1509433962264,229.062893081761,159,28,5.6,72.15094339622641,6.971105642147479,536.937106918239,71.71113281044929,536.937106918239,71.71113281044929,0.34855528210737396,0.8963891601306161,21.0
1,1,271,291,21,18,280.8826291079812,299.07511737089203,213,28,5.6,150.8826291079812,14.578031797872578,466.92488262910797,62.36058532609121,466.92488262910797,62.36058532609121,0.728901589893629,0.7795073165761401,21.0
1,1,162,307,17,17,169.63333333333333,314.9666666666667,210,28,5.6,39.633333333333326,3.8293075684380025,451.0333333333333,60.238174735670555,451.0333333333333,60.238174735670555,0.19146537842190012,0.752977184195882,21.0
1,1,164,347,18,22,172.11805555555554,357.125,288,28,5.6,42.11805555555554,4.069377348362854,408.875,54.60767946577629,408.875,54.60767946577629,0.2034688674181427,0.6825959933222037,21.0
1,1,228,674,20,17,237.0120481927711,681.14859437751,249,28,5.6,107.01204819277109,10.33932832780397,84.85140562249,11.332408096492822,84.85140562249,11.332408096492822,0.5169664163901985,0.1416551012061603,21.0
1,1,214,688,19,20,222.71945701357464,697.7828054298642,221,28,5.6,92.71945701357464,8.958401643823636,68.2171945701358,9.110810627063213,68.2171945701358,9.110810627063213,0.44792008219118185,0.11388513283829016,21.0
1,1,159,711,13,12,164.3821138211382,715.9756097560976,123,28,5.6,34.382113821138205,3.321943364361179,50.02439024390242,6.681053788835047,50.02439024390242,6.681053788835047,0.16609716821805895,0.08351317236043809,21.0
2,2,380,178,12,13,384.7155172413793,182.5948275862069,116,28,5.6,21.715517241379303,2.29793833242109,580.4051724137931,79.37164750957855,580.4051724137931,79.37164750957855,0.11489691662105452,0.9921455938697319,26.0
2,2,532,197,5,14,534.280701754386,202.6140350877193,57,28,5.6,171.28070175438597,18.124941984591107,560.3859649122808,76.63397810766232,560.3859649122808,76.63397810766232,0.9062470992295554,0.9579247263457791,26.0
2,2,530,222,7,12,533.234375,226.90625,64,28,5.6,170.234375,18.014219576719576,536.09375,73.3119658119658,536.09375,73.3119658119658,0.9007109788359788,0.9163995726495726,26.0
3,3,724,243,10,21,728.3373493975904,252.8734939759036,166,28,5.6,145.3373493975904,15.218570617548734,507.1265060240964,69.70811079369022,507.1265060240964,69.70811079369022,0.7609285308774366,0.8713513849211278,23.0
3,3,721,706,15,11,727.7957746478874,710.7535211267606,142,28,5.6,144.79577464788736,15.16186121967407,49.246478873239425,6.769275446493392,49.246478873239425,6.769275446493392,0.7580930609837034,0.08461594308116739,23.0
4,4,878,170,27,9,889.0782122905027,173.12849162011173,179,28,5.6,83.07821229050273,9.079586042677894,583.8715083798883,79.57362976216535,583.8715083798883,79.57362976216535,0.4539793021338947,0.9946703720270669,22.0
4,4,914,170,12,13,919.5166666666667,175.125,120,28,5.6,113.51666666666665,12.406193078324224,581.875,79.3015332197615,581.875,79.3015332197615,0.6203096539162112,0.9912691652470187,22.0
4,4,898,391,25,11,909.6140350877193,395.9605263157895,228,28,5.6,103.61403508771934,11.323938260952934,361.0394736842105,49.20469828745629,361.0394736842105,49.20469828745629,0.5661969130476467,0.6150587285932037,22.0
4,4,951,552,13,19,957.0547263681592,560.6467661691543,201,28,5.6,151.0547263681592,16.508713264279695,196.35323383084574,26.76023629721918,196.35323383084574,26.76023629721918,0.8254356632139848,0.33450295371523975,22.0
4,4,955,582,19,22,965.8506944444445,590.3368055555555,288,28,5.6,159.85069444444446,17.470021250758958,166.66319444444446,22.713893621048648,166.66319444444446,22.713893621048648,0.8735010625379479,0.2839236702631081,22.0
4,4,960,613,12,18,965.4254143646409,621.4309392265193,181,28,5.6,159.42541436464091,17.423542553512668,135.56906077348071,18.47619226895819,135.56906077348071,18.47619226895819,0.8711771276756334,0.23095240336197737,22.0
4,4,849,703,17,18,857.0094786729858,711.6066350710901,211,28,5.6,51.00947867298578,5.574806412348172,45.39336492890993,6.186489257773074,45.39336492890993,6.186489257773074,0.2787403206174086,0.07733111572216343,22.0
4,4,823,735,8,10,826.2112676056338,739.4084507042254,71,28,5.6,20.211267605633793,2.2088817055337477,17.5915492957746,2.3974854236149366,17.5915492957746,2.3974854236149366,0.11044408527668739,0.02996856779518671,22.0
4,4,931,739,15,17,937.7386363636364,746.8181818181819,176,28,5.6,131.73863636363637,14.397665176353701,10.18181818181813,1.387641319498212,10.18181818181813,1.387641319498212,0.7198832588176851,0.01734551649372765,22.0
1,1,222,167,14,10,227.46153846153845,170.57692307692307,104,29,5.8,97.46153846153845,9.41657376439985,595.4230769230769,79.52228072428407,595.4230769230769,79.52228072428407,0.4708286882199925,0.9940285090535508,21.0
1,1,195,223,16,14,201.8969696969697,229.2060606060606,165,29,5.8,71.8969696969697,6.9465671204801644,536.7939393939394,71.6920119390904,536.7939393939394,71.6920119390904,0.34732835602400824,0.89615014923863,21.0
1,1,271,291,22,18,281.2027027027027,299.2882882882883,222,29,5.8,151.2027027027027,14.608956782869827,466.7117117117117,62.332115086706075,466.7117117117117,62.332115086706075,0.7304478391434913,0.7791514385838259,21.0
1,1,162,307,17,16,169.44776119402985,314.56716417910445,201,29,5.8,39.44776119402985,3.8113778931429807,451.43283582089555,60.29153066055366,451.43283582089555,60.29153066055366,0.19056889465714905,0.7536441332569208,21.0
1,1,169,337,20,22,177.98983050847457,346.793220338983,295,29,5.8,47.98983050847457,4.636698599852616,419.206779661017,55.98754987125436,419.206779661017,55.98754987125436,0.23183492999263078,0.6998443733906794,21.0
1,1,228,673,20,18,236.88709677419354,680.9112903225806,248,29,5.8,106.88709677419354,10.32725572697522,85.08870967741939,11.36410145942162,85.08870967741939,11.36410145942162,0.5163627863487611,0.14205126824277026,21.0
1,1,214,688,19,20,222.78666666666666,697.8977777777778,225,29,5.8,92.78666666666666,8.96489533011272,68.10222222222217,9.09545538861064,68.10222222222217,9.09545538861064,0.44824476650563605,0.113693192357633,21.0
1,1,158,711,14,11,164.02564102564102,715.7863247863248,117,29,5.8,34.02564102564102,3.287501548371113,50.213675213675174,6.7063339183539465,50.213675213675174,6.7063339183539465,0.16437507741855567,0.08382917397942433,21.0
2,2,380,178,16,16,386.5076923076923,185.23589743589744,195,29,5.8,23.50769230769231,2.487586487586488,577.7641025641026,79.01047556432171,577.7641025641026,79.01047556432171,0.12437932437932439,0.9876309445540216,24.0
2,2,532,196,5,16,534.3076923076924,202.63076923076923,65,29,5.8,171.30769230769238,18.127798127798137,560.3692307692307,76.63168967784353,560.3692307692307,76.63168967784353,0.9063899063899068,0.957896120973044,24.0
2,2,529,223,8,11,533.0294117647059,227.3235294117647,68,29,5.8,170.02941176470586,17.99253034547152,535.6764705882354,73.25490196078432,535.6764705882354,73.25490196078432,0.899626517273576,0.915686274509804,24.0
3,3,724,243,10,21,728.245508982036,252.82634730538922,167,29,5.8,145.24550898203597,15.208953820108478,507.1736526946108,69.71459143568534,507.1736526946108,69.71459143568534,0.760447691005424,0.8714323929460667,23.0
3,3,720,705,15,12,727.2291666666666,710.7291666666666,144,29,5.8,144.22916666666663,15.102530541012213,49.27083333333337,6.772623138602525,49.27083333333337,6.772623138602525,0.7551265270506107,0.08465778923253156,23.0
4,4,883,170,28,11,895.0650406504064,174.4918699186992,246,29,5.8,89.06504065040644,9.733884224088136,582.5081300813008,79.38782011329482,582.5081300813008,79.38782011329482,0.4866942112044068,0.9923477514161854,23.0
4,4,916,170,11,17,921.3333333333334,177.12345679012347,162,29,5.8,115.33333333333337,12.604735883424413,579.8765432098766,79.02917113592866,579.8765432098766,79.02917113592866,0.6302367941712206,0.9878646391991083,23.0
4,4,898,391,25,11,909.7222222222222,395.97685185185185,216,29,5.8,103.72222222222217,11.335761991499691,361.02314814814815,49.202473342166705,361.02314814814815,49.202473342166705,0.5667880995749845,0.6150309167770838,23.0
4,4,952,552,12,19,957.224043715847,560.639344262295,183,29,5.8,151.22404371584696,16.52721789244229,196.36065573770497,26.761247800709366,196.36065573770497,26.761247800709366,0.8263608946221145,0.33451559750886706,23.0
4,4,955,582,19,22,965.9530685920578,590.1805054151624,277,29,5.8,159.95306859205778,17.481209682192105,166.81949458483757,22.735195173402055,166.81949458483757,22.735195173402055,0.8740604841096054,0.28418993966752565,23.0
4,4,960,613,12,18,965.4137931034483,621.316091954023,174,29,5.8,159.41379310344826,17.422272470322213,135.68390804597698,18.49184436742446,135.68390804597698,18.49184436742446,0.8711136235161107,0.23114805459280574,23.0
4,4,850,704,16,17,857.08,711.83,200,29,5.8,51.08000000000004,5.58251366120219,45.16999999999996,6.156047700170352,45.16999999999996,6.156047700170352,0.2791256830601095,0.0769505962521294,23.0
4,4,823,735,8,10,826.123076923077,739.3076923076923,65,29,5.8,20.12307692307695,2.1992433795712514,17.692307692307736,2.411217402699521,17.692307692307736,2.411217402699521,0.10996216897856258,0.030140217533744015,23.0
4,4,931,739,15,17,937.7546012269938,746.8527607361963,163,29,5.8,131.75460122699383,14.39940997016326,10.147239263803726,1.3829286901265725,10.147239263803726,1.3829286901265725,0.719970498508163,0.017286608626582156,23.0
1,1,220,167,14,9,226.34375,170.21875,96,30,6.0,96.34375,9.308574879227054,595.78125,79.57011686143572,595.78125,79.57011686143572,0.46542874396135264,0.9946264607679466,20.0
1,1,195,223,17,14,202.42424242424244,229.2,165,30,6.0,72.42424242424244,6.997511345337434,536.8,71.69282136894824,536.8,71.69282136894824,0.3498755672668717,0.896160267111853,20.0
1,1,271,291,22,18,281.24,299.2266666666667,225,30,6.0,151.24,14.612560386473431,466.7733333333333,62.340345019476906,466.7733333333333,62.340345019476906,0.7306280193236715,0.7792543127434612,20.0
1,1,161,306,18,18,169.19634703196346,314.3424657534247,219,30,6.0,39.196347031963455,3.787086669754923,451.6575342465753,60.32154046698836,451.6575342465753,60.32154046698836,0.18935433348774616,0.7540192558373545,20.0
1,1,175,327,18,23,183.58957654723127,337.5895765472313,307,30,6.0,53.589576547231275,5.17773686446679,428.4104234527687,57.21675104544491,428.4104234527687,57.21675104544491,0.2588868432233395,0.7152093880680613,20.0
1,1,228,673,21,18,237.05019305019306,680.8918918918919,259,30,6.0,107.05019305019306,10.34301382127469,85.10810810810813,11.36669223480576,85.10810810810813,11.36669223480576,0.5171506910637346,0.142083652935072,20.0
1,1,213,688,20,20,222.4871794871795,698.0897435897435,234,30,6.0,92.4871794871795,8.935959370741982,67.91025641025647,9.069817216728744,67.91025641025647,9.069817216728744,0.446797968537099,0.1133727152091093,20.0
1,1,158,711,14,12,163.98529411764707,716.1029411764706,136,30,6.0,33.98529411764707,3.2836032963910213,49.89705882352939,6.664047923008934,49.89705882352939,6.664047923008934,0.16418016481955108,0.08330059903761167,20.0
2,2,382,178,19,16,390.5844155844156,184.97402597402598,231,30,6.0,27.58441558441558,2.918985776128633,578.025974025974,79.04628704628705,578.025974025974,79.04628704628705,0.14594928880643165,0.9880785880785882,24.0
2,2,531,201,6,13,533.8666666666667,206.18333333333334,60,30,6.0,170.86666666666667,18.081128747795415,556.8166666666666,76.14586894586894,556.8166666666666,76.14586894586894,0.9040564373897708,0.9518233618233617,24.0
2,2,529,223,8,12,532.9859154929577,227.80281690140845,71,30,6.0,169.9859154929577,17.98792756539235,535.1971830985915,73.18935837245695,535.1971830985915,73.18935837245695,0.8993963782696175,0.914866979655712,24.0
3,3,724,244,11,20,728.4655172413793,253.3735632183908,174,30,6.0,145.4655172413793,15.231991334175843,506.6264367816092,69.6393727534858,506.6264367816092,69.6393727534858,0.7615995667087921,0.8704921594185725,22.0
3,3,720,705,15,12,726.795918367347,710.3197278911565,147,30,6.0,143.79591836734699,15.057164226947329,49.680272108843496,6.8289033826589,49.680272108843496,6.8289033826589,0.7528582113473664,0.08536129228323625,22.0
4,4,884,170,27,12,895.8130081300812,174.9959349593496,246,30,6.0,89.81300813008124,9.815629303834015,582.0040650406504,79.31912300383651,582.0040650406504,79.31912300383651,0.4907814651917008,0.9914890375479564,23.0
4,4,917,170,11,21,921.8172043010752,179.6451612903226,186,30,6.0,115.81720430107521,12.657617956401662,577.3548387096774,78.68549760949608,577.3548387096774,78.68549760949608,0.632880897820083,0.9835687201187009,23.0
4,4,898,391,25,11,909.5934579439253,395.9299065420561,214,30,6.0,103.59345794392527,11.321689392778719,361.0700934579439,49.208871340094575,361.0700934579439,49.208871340094575,0.5660844696389359,0.6151108917511822,23.0
4,4,951,552,13,19,957.0216216216216,560.6540540540541,185,30,6.0,151.02162162162165,16.505095259193624,196.3459459459459,26.7592430590727,196.3459459459459,26.7592430590727,0.8252547629596811,0.3344905382384087,23.0
4,4,955,581,19,21,965.7813620071685,589.663082437276,279,30,6.0,159.78136200716847,17.46244393520967,167.336917562724,22.805712785379765,167.336917562724,22.805712785379765,0.8731221967604834,0.28507140981724705,23.0
4,4,961,613,11,19,965.6140350877192,621.625730994152,171,30,6.0,159.61403508771923,17.444156840187894,135.37426900584796,18.449644838957134,135.37426900584796,18.449644838957134,0.8722078420093947,0.23062056048696417,23.0
4,4,850,704,16,17,857.035,711.895,200,30,6.0,51.03499999999997,5.577595628415297,45.10500000000002,6.1471890971039205,45.10500000000002,6.1471890971039205,0.27887978142076486,0.07683986371379901,23.0
4,4,823,734,8,10,826.1617647058823,738.6764705882352,68,30,6.0,20.16176470588232,2.203471552555445,18.323529411764753,2.497244212846985,18.323529411764753,2.497244212846985,0.11017357762777223,0.031215552660587315,23.0
4,4,931,740,14,16,937.2352941176471,747.1895424836601,153,30,6.0,131.23529411764707,14.342655094824817,9.810457516339852,1.3370299851911212,9.810457516339852,1.3370299851911212,0.7171327547412408,0.016712874814889016,23.0
1,1,220,167,14,9,226.25,170.32,100,31,6.2,96.25,9.29951690821256,595.6800000000001,79.55659432387314,595.6800000000001,79.55659432387314,0.46497584541062803,0.9944574290484142,20.0
1,1,194,223,18,14,201.90395480225988,229.180790960452,177,31,6.2,71.90395480225988,6.947242009880181,536.819209039548,71.6953868500231,536.819209039548,71.6953868500231,0.34736210049400906,0.8961923356252889,20.0
1,1,271,291,22,18,281.469298245614,299.3728070175439,228,31,6.2,151.46929824561403,14.63471480633952,466.6271929824561,62.32082710951,466.6271929824561,62.32082710951,0.731735740316976,0.7790103388688749,20.0
1,1,161,306,18,18,169.3273542600897,314.31838565022423,223,31,6.2,39.32735426008969,3.7997443729555256,451.68161434977577,60.32475650748257,451.68161434977577,60.32475650748257,0.1899872186477763,0.7540594563435322,20.0
1,1,183,316,18,24,190.8983606557377,326.7672131147541,305,31,6.2,60.89836065573769,5.8838995802645115,439.2327868852459,58.6621418210679,439.2327868852459,58.6621418210679,0.29419497901322555,0.7332767727633488,20.0
1,1,227,673,23,18,237.04444444444445,680.9111111111112,270,31,6.2,107.04444444444445,10.342458400429416,85.08888888888885,11.364125394175472,85.08888888888885,11.364125394175472,0.5171229200214708,0.1420515674271934,20.0
1,1,213,688,20,21,222.26337448559673,698.4650205761317,243,31,6.2,92.26337448559673,8.914335699091472,67.53497942386832,9.019696751100945,67.53497942386832,9.019696751100945,0.44571678495457356,0.1127462093887618,20.0
1,1,158,711,14,12,164.05185185185184,716.2,135,31,6.2,34.051851851851836,3.2900339953480033,49.799999999999955,6.651085141903166,49.799999999999955,6.651085141903166,0.16450169976740017,0.08313856427378957,20.0
2,2,385,178,19,17,393.6255144032922,185.5102880658436,243,31,6.2,30.625514403292186,3.240795174951554,577.4897119341564,78.9729520593718,577.4897119341564,78.9729520593718,0.1620397587475777,0.9871619007421477,24.0
2,2,533,198,4,14,534.7333333333333,203.6,45,31,6.2,171.73333333333335,18.172839506172842,559.4,76.4991452991453,559.4,76.4991452991453,0.9086419753086421,0.9562393162393162,24.0
2,2,529,223,8,12,533.0277777777778,227.75,72,31,6.2,170.02777777777783,17.992357436801885,535.25,73.19658119658119,535.25,73.19658119658119,0.8996178718400943,0.9149572649572649,24.0
3,3,724,244,10,20,728.3630952380952,253.41666666666669,168,31,6.2,145.36309523809518,15.22126651707803,506.5833333333333,69.63344788087056,506.5833333333333,69.63344788087056,0.7610633258539015,0.870418098510882,22.0
3,3,720,705,15,12,726.7823129251701,710.4353741496599,147,31,6.2,143.78231292517012,15.055739573316243,49.56462585034012,6.813006989737474,49.56462585034012,6.813006989737474,0.7527869786658121,0.08516258737171842,22.0
4,4,884,170,28,12,896.1465517241379,174.70689655172413,232,31,6.2,90.14655172413791,9.852082155643487,582.2931034482758,79.35851495036127,582.2931034482758,79.35851495036127,0.49260410778217434,0.9919814368795159,23.0
4,4,915,176,12,20,919.8953488372093,185.40116279069767,172,31,6.2,113.89534883720933,12.44757910789173,571.5988372093024,77.90103403193218,571.5988372093024,77.90103403193218,0.6223789553945864,0.9737629253991522,23.0
4,4,898,391,24,11,909.4814814814815,395.86574074074076,216,31,6.2,103.48148148148152,11.309451528030767,361.13425925925924,49.21761625339138,361.13425925925924,49.21761625339138,0.5654725764015384,0.6152202031673922,23.0
4,4,951,552,13,19,956.9572192513369,560.4224598930482,187,31,6.2,150.95721925133694,16.498056748779995,196.5775401069518,26.7908061474551,196.5775401069518,26.7908061474551,0.8249028374389996,0.33488507684318874,23.0
4,4,955,581,19,22,965.8304498269896,589.9826989619378,289,31,6.2,159.8304498269896,17.467808724261157,167.01730103806221,22.762153463449707,167.01730103806221,22.762153463449707,0.8733904362130579,0.2845269182931213,23.0
4,4,961,613,11,19,965.7337278106509,621.5147928994083,169,31,6.2,159.73372781065086,17.45723801209299,135.48520710059165,18.464764170438386,135.48520710059165,18.464764170438386,0.8728619006046495,0.23080955213047982,23.0
4,4,850,704,16,17,857.0445544554456,711.9108910891089,202,31,6.2,51.044554455445564,5.578639831196236,45.08910891089113,6.145023360939166,45.08910891089113,6.145023360939166,0.2789319915598118,0.07681279201173957,23.0
4,4,823,735,9,9,826.3692307692307,738.8923076923077,65,31,6.2,20.36923076923074,2.2261454392601903,18.107692307692332,2.467828593893333,18.107692307692332,2.467828593893333,0.1113072719630095,0.030847857423666664,23.0
4,4,931,739,14,17,937.5714285714286,746.8260869565217,161,31,6.2,131.57142857142856,14.379391100702575,10.173913043478251,1.3865639582253153,10.173913043478251,1.3865639582253153,0.7189695550351287,0.01733204947781644,23.0
1,1,220,167,20,9,228.8625954198473,170.0381679389313,131,32,6.4,98.86259541984731,9.551941586458677,595.9618320610687,79.59423466591903,595.9618320610687,79.59423466591903,0.4775970793229339,0.9949279333239878,20.0
1,1,194,223,18,14,201.79885057471265,229.1551724137931,174,32,6.4,71.79885057471265,6.937087012049531,536.8448275862069,71.69880835875885,536.8448275862069,71.69880835875885,0.34685435060247655,0.8962351044844856,20.0
1,1,271,291,22,18,281.37668161434976,299.30941704035877,223,32,6.4,151.37668161434976,14.625766339550701,466.69058295964123,62.329293216646576,466.69058295964123,62.329293216646576,0.731288316977535,0.7791161652080822,20.0
1,1,161,294,16,23,168.54511278195488,304.6616541353384,266,32,6.4,38.545112781954884,3.7241654861792157,461.3383458646616,61.61447023234212,461.3383458646616,61.61447023234212,0.18620827430896078,0.7701808779042765,20.0
1,1,190,304,18,24,198.6039603960396,315.3135313531353,303,32,6.4,68.60396039603961,6.628401970631846,450.6864686468647,60.191848901083766,450.6864686468647,60.191848901083766,0.3314200985315923,0.752398111263547,20.0
1,1,227,674,22,16,237.12992125984252,680.8464566929134,254,32,6.4,107.12992125984252,10.350717029936474,85.15354330708658,11.372760374903049,85.15354330708658,11.372760374903049,0.5175358514968238,0.1421595046862881,20.0
1,1,213,687,20,22,222.48347107438016,698.1900826446281,242,32,6.4,92.48347107438016,8.935601069988422,67.80991735537191,9.056416341285063,67.80991735537191,9.056416341285063,0.44678005349942107,0.11320520426606329,20.0
1,1,158,711,14,12,163.8030303030303,716.280303030303,132,32,6.4,33.80303030303031,3.265993265993267,49.719696969697,6.6403601962867445,49.719696969697,6.6403601962867445,0.16329966329966333,0.0830045024535843,20.0
2,2,385,178,20,17,393.6972111553785,185.67729083665338,251,32,6.4,30.69721115537851,3.248382132844287,577.3227091633466,78.95011407362006,577.3227091633466,78.95011407362006,0.16241910664221434,0.9868764259202507,24.0
2,2,533,197,4,14,534.6666666666666,202.72916666666666,48,32,6.4,171.66666666666663,18.165784832451497,560.2708333333334,76.61823361823363,560.2708333333334,76.61823361823363,0.9082892416225747,0.9577279202279203,24.0
2,2,529,223,8,12,533.0,227.8732394366197,71,32,6.4,170.0,17.98941798941799,535.1267605633802,73.17972794029131,535.1267605633802,73.17972794029131,0.8994708994708994,0.9147465992536414,24.0
3,3,724,244,10,21,728.3735632183908,253.6206896551724,174,32,6.4,145.3735632183908,15.222362640669195,506.37931034482756,69.60540348382509,506.37931034482756,69.60540348382509,0.7611181320334598,0.8700675435478137,22.0
3,3,720,705,15,12,726.6293706293707,710.5384615384615,143,32,6.4,143.62937062937067,15.03972467323253,49.46153846153845,6.798836901929684,49.46153846153845,6.798836901929684,0.7519862336616265,0.08498546127412106,22.0
4,4,895,170,9,3,898.695652173913,170.8695652173913,23,32,6.4,92.695652173913,10.130672368733661,586.1304347826087,79.88149025998075,586.1304347826087,79.88149025998075,0.5065336184366831,0.9985186282497593,21.0
4,4,914,176,14,22,920.2020725388601,186.36269430051814,193,32,6.4,114.20207253886008,12.481100823919135,570.6373056994819,77.76999055529565,570.6373056994819,77.76999055529565,0.6240550411959567,0.9721248819411957,21.0
4,4,898,390,25,12,909.6567796610169,395.76694915254234,236,32,6.4,103.65677966101691,11.328609799018242,361.23305084745766,49.23108018363988,361.23305084745766,49.23108018363988,0.566430489950912,0.6153885022954986,21.0
4,4,951,551,13,21,956.9043062200957,560.5071770334928,209,32,6.4,150.9043062200957,16.492273903835596,196.49282296650722,26.77926037022245,196.49282296650722,26.77926037022245,0.8246136951917797,0.33474075462778063,21.0
4,4,955,581,19,22,965.4285714285714,590.4603174603175,315,32,6.4,159.42857142857144,17.423887587822016,166.53968253968253,22.697060652767636,166.53968253968253,22.697060652767636,0.8711943793911008,0.28371325815959547,21.0
4,4,960,612,13,20,965.6262626262626,621.540404040404,198,32,6.4,159.6262626262626,17.445493183198096,135.45959595959596,18.46127372532824,135.45959595959596,18.46127372532824,0.8722746591599049,0.230765921566603,21.0
4,4,849,704,17,18,856.7511737089202,712.0892018779343,213,32,6.4,50.75117370892019,5.546576361630622,44.91079812206567,6.120722060928882,44.91079812206567,6.120722060928882,0.2773288180815311,0.07650902576161102,21.0
4,4,823,734,9,10,826.5540540540541,738.3513513513514,74,32,6.4,20.554054054054063,2.2463447053611,18.648648648648646,2.5415534785211102,18.648648648648646,2.5415534785211102,0.112317235268055,0.03176941848151388,21.0
4,4,930,739,15,18,937.2471910112359,747.0505617977528,178,32,6.4,131.24719101123594,14.34395530177442,9.949438202247165,1.3559711348888812,9.949438202247165,1.3559711348888812,0.717197765088721,0.016949639186111014,21.0
1,1,221,167,20,9,229.81294964028777,170.24460431654677,139,33,6.6,99.81294964028777,9.64376325026935,595.7553956834532,79.56666386423416,595.7553956834532,79.56666386423416,0.48218816251346747,0.9945832983029269,20.0
1,1,194,223,18,15,201.78089887640448,229.26404494382024,178,33,6.6,71.78089887640448,6.935352548444877,536.7359550561798,71.68426778713587,536.7359550561798,71.68426778713587,0.3467676274222439,0.8960533473391984,20.0
1,1,164,280,16,22,171.31640625,290.6484375,256,33,6.6,41.31640625,3.991923309178744,475.3515625,63.4860183639399,475.3515625,63.4860183639399,0.19959616545893719,0.7935752295492488,20.0
1,1,196,292,16,24,203.57190635451505,303.2006688963211,299,33,6.6,73.57190635451505,7.108396749228507,462.7993311036789,61.80959346960653,462.7993311036789,61.80959346960653,0.35541983746142536,0.7726199183700817,20.0
1,1,271,291,22,18,281.5,299.5446428571429,224,33,6.6,151.5,14.63768115942029,466.4553571428571,62.29787741473884,466.4553571428571,62.29787741473884,0.7318840579710145,0.7787234676842356,20.0
1,1,228,673,21,19,237.11524163568774,681.2416356877324,269,33,6.6,107.11524163568774,10.3492987087621,84.75836431226764,11.319981878099185,84.75836431226764,11.319981878099185,0.517464935438105,0.14149977347623982,20.0
1,1,213,689,20,20,222.12552301255232,698.7782426778243,239,33,6.6,92.12552301255232,8.90101671618863,67.22175732217568,8.977864083095248,67.22175732217568,8.977864083095248,0.4450508358094315,0.11222330103869062,20.0
1,1,158,710,14,13,164.15753424657535,715.6301369863014,146,33,6.6,34.15753424657535,3.30024485474158,50.36986301369859,6.727193724700981,50.36986301369859,6.727193724700981,0.16501224273707898,0.08408992155876226,20.0
2,2,385,178,20,17,394.0,185.89156626506025,249,33,6.6,31.0,3.2804232804232805,577.1084337349398,78.92081145093194,577.1084337349398,78.92081145093194,0.164021164021164,0.9865101431366492,24.0
2,2,533,197,4,14,534.6808510638298,202.7659574468085,47,33,6.6,171.68085106382978,18.167285826860294,560.2340425531916,76.61320240043645,560.2340425531916,76.61320240043645,0.9083642913430147,0.9576650300054557,24.0
2,2,529,223,8,12,532.9295774647887,227.94366197183098,71,33,6.6,169.92957746478874,17.981965869289812,535.056338028169,73.17009750812568,535.056338028169,73.17009750812568,0.8990982934644907,0.9146262188515709,24.0
3,3,724,245,10,20,728.3818181818182,254.0969696969697,165,33,6.6,145.38181818181818,15.223227034745358,505.9030303030303,69.53993543684265,505.9030303030303,69.53993543684265,0.761161351737268,0.8692491929605332,23.0
3,3,721,705,15,12,727.7142857142858,710.374149659864,147,33,6.6,144.71428571428578,15.153328347045631,49.625850340136026,6.821422727166464,49.625850340136026,6.821422727166464,0.7576664173522816,0.0852677840895808,23.0
4,4,914,177,14,21,920.1322751322751,186.53968253968253,189,33,6.6,114.13227513227514,12.473472692051928,570.4603174603175,77.74586950055435,570.4603174603175,77.74586950055435,0.6236736346025964,0.9718233687569292,21.0
4,4,898,391,25,11,909.5411255411256,396.02597402597405,231,33,6.6,103.54112554112555,11.315970004494597,360.97402597402595,49.195778667669636,360.97402597402595,49.195778667669636,0.5657985002247298,0.6149472333458704,21.0
4,4,951,552,13,19,956.8905472636816,560.681592039801,201,33,6.6,150.89054726368158,16.490770192752084,196.318407960199,26.75549001161145,196.318407960199,26.75549001161145,0.8245385096376043,0.33444362514514314,21.0
4,4,955,581,19,23,965.6442307692307,590.5961538461538,312,33,6.6,159.64423076923072,17.447456914670024,166.4038461538462,22.678548027781424,166.4038461538462,22.678548027781424,0.8723728457335012,0.2834818503472678,21.0
4,4,960,613,13,19,965.5392670157069,621.4869109947645,191,33,6.6,159.53926701570686,17.435985466197472,135.51308900523554,18.468564089299562,135.51308900523554,18.468564089299562,0.8717992733098735,0.23085705111624455,21.0
4,4,849,703,17,19,856.8181818181819,711.8954545454545,220,33,6.6,50.81818181818187,5.553899652260314,45.10454545454547,6.147127148830729,45.10454545454547,6.147127148830729,0.2776949826130157,0.07683908936038411,21.0
4,4,823,734,9,11,826.5308641975308,738.8024691358024,81,33,6.6,20.530864197530832,2.243810294812113,18.197530864197574,2.480072349464746,18.197530864197574,2.480072349464746,0.11219051474060564,0.031000904368309327,21.0
4,4,931,739,14,18,937.3125,746.9943181818181,176,33,6.6,131.3125,14.351092896174864,10.00568181818187,1.3636363636363706,10.00568181818187,1.3636363636363706,0.7175546448087432,0.017045454545454634,21.0
1,1,220,167,20,8,229.0625,169.8828125,128,34,6.8,99.0625,9.571256038647343,596.1171875,79.61498330550918,596.1171875,79.61498330550918,0.47856280193236717,0.9951872913188647,20.0
1,1,194,223,18,14,201.71098265895955,229.10404624277456,173,34,6.8,71.71098265895955,6.92859735835358,536.8959537572255,71.7056365618999,536.8959537572255,71.7056365618999,0.346429867917679,0.8963204570237487,20.0
1,1,172,262,15,23,179.18560606060606,272.74242424242425,264,34,6.8,49.18560606060606,4.752232469623774,493.25757575757575,65.87747255526888,493.25757575757575,65.87747255526888,0.2376116234811887,0.823468406940861,20.0
1,1,198,277,15,25,205.17320261437908,288.7287581699346,306,34,6.8,75.17320261437908,7.2631113637081235,477.2712418300654,63.742402915534605,477.2712418300654,63.742402915534605,0.3631555681854062,0.7967800364441826,20.0
1,1,271,292,22,17,281.42922374429224,299.6073059360731,219,34,6.8,151.42922374429224,14.630842873844662,466.3926940639269,62.289508389172205,466.3926940639269,62.289508389172205,0.731542143692233,0.7786188548646527,20.0
1,1,228,674,21,17,237.45348837209303,681.2286821705426,258,34,6.8,107.45348837209303,10.38197955285923,84.77131782945742,11.321711897089472,84.77131782945742,11.321711897089472,0.5190989776429615,0.14152139871361838,20.0
1,1,213,688,20,21,222.27196652719664,698.6945606694561,239,34,6.8,92.27196652719664,8.915165848038322,67.30543933054389,8.989040311257948,67.30543933054389,8.989040311257948,0.4457582924019161,0.11236300389072436,20.0
1,1,158,710,14,13,163.75,715.6428571428571,140,34,6.8,33.75,3.260869565217391,50.35714285714289,6.725494872406396,50.35714285714289,6.725494872406396,0.16304347826086957,0.08406868590507995,20.0
2,2,386,178,19,18,394.22222222222223,186.19341563786008,243,34,6.8,31.22222222222223,3.3039388594944157,576.8065843621399,78.87953290422426,576.8065843621399,78.87953290422426,0.1651969429747208,0.9859941613028033,24.0
2,2,533,197,4,14,534.6326530612245,202.9591836734694,49,34,6.8,171.63265306122446,18.16218550912428,560.0408163265306,76.58677830106402,560.0408163265306,76.58677830106402,0.9081092754562141,0.9573347287633002,24.0
2,2,529,223,8,12,532.9857142857143,227.94285714285715,70,34,6.8,169.98571428571427,17.987906273620556,535.0571428571428,73.17020757020757,535.0571428571428,73.17020757020757,0.8993953136810279,0.9146275946275946,24.0
3,3,723,245,11,20,728.0393258426966,254.42134831460675,178,34,6.8,145.0393258426966,15.187363962586032,505.57865168539325,69.49534731070698,505.57865168539325,69.49534731070698,0.7593681981293016,0.8686918413838373,22.0
3,3,725,704,17,12,732.390243902439,709.25,164,34,6.8,149.390243902439,15.642957476695184,50.75,6.975945017182131,50.75,6.975945017182131,0.7821478738347593,0.08719931271477663,22.0
4,4,913,180,14,21,919.0276243093923,189.8674033149171,181,34,6.8,113.02762430939231,12.352745826163094,567.132596685083,77.29234707803515,567.132596685083,77.29234707803515,0.6176372913081547,0.9661543384754394,21.0
4,4,898,391,24,11,908.9955555555556,396.0,225,34,6.8,102.9955555555556,11.256344869459628,361.0,49.19931856899489,361.0,49.19931856899489,0.5628172434729815,0.6149914821124361,21.0
4,4,951,551,13,21,956.8301886792453,560.7122641509434,212,34,6.8,150.83018867924534,16.484173626147033,196.28773584905662,26.751309826106525,196.28773584905662,26.751309826106525,0.8242086813073516,0.3343913728263315,21.0
4,4,955,581,19,22,965.6079734219269,590.375415282392,301,34,6.8,159.60797342192689,17.443494363052118,166.62458471760795,22.708631648055597,166.62458471760795,22.708631648055597,0.8721747181526059,0.28385789560069496,21.0
4,4,960,613,12,19,965.3405405405406,621.5081081081081,185,34,6.8,159.3405405405406,17.41426672574214,135.4918918918919,18.46567521524932,135.4918918918919,18.46567521524932,0.870713336287107,0.23082094019061652,21.0
4,4,850,704,16,18,857.0526315789474,711.9282296650717,209,34,6.8,51.0526315789474,5.579522576934142,45.07177033492826,6.1426603522900525,45.07177033492826,6.1426603522900525,0.2789761288467071,0.07678325440362566,21.0
4,4,823,734,9,11,826.5714285714286,739.0238095238095,84,34,6.8,20.571428571428555,2.2482435597189676,17.97619047619048,2.4499067088504916,17.97619047619048,2.4499067088504916,0.1124121779859484,0.030623833860631146,21.0
4,4,931,739,14,18,937.3388888888888,747.0722222222222,180,34,6.8,131.33888888888885,14.353976927747414,9.927777777777806,1.353019117925425,9.927777777777806,1.353019117925425,0.7176988463873707,0.016912738974067813,21.0
1,1,220,167,19,8,228.1,169.9,120,35,7.0,98.1,9.478260869565217,596.1,79.61268781302171,596.1,79.61268781302171,0.47391304347826085,0.9951585976627714,20.0
1,1,194,223,18,14,201.74137931034483,229.1206896551724,174,35,7.0,71.74137931034483,6.931534232883558,536.8793103448276,71.70341373553623,536.8793103448276,71.70341373553623,0.3465767116441779,0.8962926716942029,20.0
1,1,179,243,14,22,185.512,253.49599999999998,250,35,7.0,55.512,5.363478260869566,512.504,68.44794657762938,512.504,68.44794657762938,0.26817391304347826,0.8555993322203673,20.0
1,1,209,274,18,23,217.38095238095238,284.28231292517006,294,35,7.0,87.38095238095238,8.442604094778009,481.71768707482994,64.33625203002738,481.71768707482994,64.33625203002738,0.4221302047389004,0.8042031503753422,20.0
1,1,271,292,22,17,281.45701357466066,299.5656108597285,221,35,7.0,151.45701357466066,14.633527881609727,466.4343891402715,62.29507701372574,466.4343891402715,62.29507701372574,0.7316763940804863,0.7786884626715718,20.0
1,1,228,674,21,17,237.03088803088804,681.2548262548263,259,35,7.0,107.03088803088804,10.341148602018167,84.7451737451737,11.318220199689309,84.7451737451737,11.318220199689309,0.5170574301009084,0.14147775249611635,20.0
1,1,213,689,20,20,222.20338983050846,698.9406779661017,236,35,7.0,92.20338983050846,8.908540080242362,67.0593220338983,8.956169887665883,67.0593220338983,8.956169887665883,0.44542700401211816,0.11195212359582353,20.0
1,1,158,710,14,13,163.72727272727272,715.6993006993007,143,35,7.0,33.72727272727272,3.258673693456301,50.30069930069931,6.717956500928121,50.30069930069931,6.717956500928121,0.16293368467281508,0.08397445626160152,20.0
2,2,385,178,20,18,394.25882352941176,186.42352941176472,255,35,7.0,31.258823529411757,3.307812013694366,576.5764705882352,78.8480643539467,576.5764705882352,78.8480643539467,0.16539060068471828,0.9856008044243337,23.0
2,2,532,198,5,15,534.3,203.95,60,35,7.0,171.29999999999995,18.126984126984123,559.05,76.45128205128205,559.05,76.45128205128205,0.9063492063492061,0.9556410256410256,23.0
2,2,529,223,8,12,532.72,227.8,75,35,7.0,169.72000000000003,17.959788359788362,535.2,73.18974358974359,535.2,73.18974358974359,0.8979894179894181,0.9148717948717949,23.0
3,3,723,245,11,20,728.2011494252873,254.3735632183908,174,35,7.0,145.20114942528733,15.204308840344222,505.6264367816092,69.50191570881226,505.6264367816092,69.50191570881226,0.7602154420172111,0.8687739463601533,22.0
3,3,732,701,16,12,739.1088435374149,706.2244897959183,147,35,7.0,156.10884353741494,16.3464757630801,53.775510204081684,7.3918227084648365,53.775510204081684,7.3918227084648365,0.817323788154005,0.09239778385581045,22.0
4,4,909,193,15,20,915.5611111111111,202.30555555555554,180,35,7.0,109.56111111111113,11.9738919247116,554.6944444444445,75.59719856142343,554.6944444444445,75.59719856142343,0.59869459623558,0.9449649820177929,21.0
4,4,898,391,24,12,909.2603305785124,396.3512396694215,242,35,7.0,103.26033057851237,11.28528203043851,360.6487603305785,49.151449448801166,360.6487603305785,49.151449448801166,0.5642641015219255,0.6143931181100145,21.0
4,4,951,551,13,21,956.8530805687203,560.6255924170616,211,35,7.0,150.85308056872032,16.48667547199129,196.37440758293837,26.76312198745327,196.37440758293837,26.76312198745327,0.8243337735995646,0.3345390248431659,21.0
4,4,955,581,19,23,965.7045454545455,590.7272727272727,308,35,7.0,159.7045454545455,17.454048683556884,166.27272727272725,22.66067833359145,166.27272727272725,22.66067833359145,0.8727024341778442,0.2832584791698931,21.0
4,4,960,613,13,19,965.3027027027027,621.3621621621621,185,35,7.0,159.30270270270273,17.41013144291833,135.63783783783788,18.485565633776883,135.63783783783788,18.485565633776883,0.8705065721459165,0.23106957042221105,21.0
4,4,850,703,17,18,857.5416666666666,711.5787037037037,216,35,7.0,51.54166666666663,5.632969034608375,45.421296296296305,6.190295917723517,45.421296296296305,6.190295917723517,0.28164845173041875,0.07737869897154397,21.0
4,4,823,734,9,11,826.439024390244,738.9756097560976,82,35,7.0,20.439024390243958,2.233773157403711,18.024390243902417,2.4564756720821013,18.024390243902417,2.4564756720821013,0.11168865787018556,0.030705945901026262,21.0
4,4,931,739,14,18,937.370786516854,747.0168539325842,178,35,7.0,131.37078651685397,14.357463007306444,9.98314606741576,1.3605650517772756,9.98314606741576,1.3605650517772756,0.7178731503653222,0.017007063147215944,21.0
1,1,221,167,19,8,228.50877192982455,169.85087719298247,114,36,7.2,98.50877192982455,9.517755742012033,596.1491228070175,79.61924845502739,596.1491228070175,79.61924845502739,0.4758877871006017,0.9952406056878423,21.0
1,1,183,218,29,22,194.46666666666667,228.99753086419753,405,36,7.2,64.46666666666667,6.228663446054751,537.0024691358025,71.71986232197696,537.0024691358025,71.71986232197696,0.31143317230273754,0.896498279024712,21.0
1,1,230,264,20,22,239.44055944055944,274.33216783216784,286,36,7.2,109.44055944055944,10.573967095706227,491.66783216783216,65.66515287717291,491.66783216783216,65.66515287717291,0.5286983547853114,0.8208144109646613,21.0
1,1,271,292,21,17,281.15942028985506,299.57487922705315,207,36,7.2,151.15942028985506,14.604774907232372,466.42512077294685,62.29383916834015,466.42512077294685,62.29383916834015,0.7302387453616187,0.7786729896042518,21.0
1,1,227,673,24,17,237.7,680.6714285714286,280,36,7.2,107.69999999999999,10.405797101449275,85.32857142857142,11.396136417839255,85.32857142857142,11.396136417839255,0.5202898550724637,0.1424517052229907,21.0
1,1,212,689,21,21,222.16236162361622,698.8892988929889,271,36,7.2,92.16236162361622,8.904576002281761,67.1107011070111,8.963031867380447,67.1107011070111,8.963031867380447,0.445228800114088,0.11203789834225558,21.0
1,1,157,710,15,13,163.6267605633803,715.5211267605633,142,36,7.2,33.62676056338029,3.2489623732734576,50.478873239436666,6.741752686402226,50.478873239436666,6.741752686402226,0.1624481186636729,0.08427190858002782,21.0
2,2,386,178,19,18,394.30452674897117,186.84362139917695,243,36,7.2,31.30452674897117,3.3126483332244625,576.156378600823,78.79061587703562,576.156378600823,78.79061587703562,0.16563241666122314,0.9848826984629453,23.0
2,2,532,203,5,13,534.313725490196,208.01960784313727,51,36,7.2,171.31372549019602,18.128436559809103,554.9803921568628,75.89475448298978,554.9803921568628,75.89475448298978,0.9064218279904551,0.9486844310373722,23.0
2,2,529,223,8,12,532.7662337662338,227.92207792207793,77,36,7.2,169.76623376623377,17.96468082182368,535.077922077922,73.17304917304918,535.077922077922,73.17304917304918,0.898234041091184,0.9146631146631146,23.0
3,3,723,245,11,20,728.264367816092,254.5,174,36,7.2,145.26436781609198,15.21092856713005,505.5,69.48453608247422,505.5,69.48453608247422,0.7605464283565025,0.8685567010309279,22.0
3,3,737,699,15,12,743.645390070922,704.4255319148937,141,36,7.2,160.64539007092196,16.821506813709107,55.57446808510633,7.639102142282657,55.57446808510633,7.639102142282657,0.8410753406854553,0.09548877677853322,22.0
4,4,904,209,14,20,910.2417582417582,218.22527472527472,182,36,7.2,104.24175824175825,11.392541884345164,538.7747252747253,73.42756051444297,538.7747252747253,73.42756051444297,0.5696270942172582,0.917844506430537,21.0
4,4,897,391,26,12,909.3801652892562,396.40082644628103,242,36,7.2,103.38016528925618,11.298378720137288,360.59917355371897,49.14469145536204,360.59917355371897,49.14469145536204,0.5649189360068644,0.6143086431920255,21.0
4,4,951,551,13,20,956.9330143540669,560.3492822966507,209,36,7.2,150.93301435406693,16.495411404816057,196.6507177033493,26.800779244068046,196.6507177033493,26.800779244068046,0.8247705702408029,0.3350097405508506,21.0
4,4,955,582,19,22,965.8720538720538,590.7272727272727,297,36,7.2,159.8720538720538,17.47235561443211,166.27272727272725,22.66067833359145,166.27272727272725,22.66067833359145,0.8736177807216056,0.2832584791698931,21.0
4,4,960,612,12,20,965.2887700534759,621.2513368983957,187,36,7.2,159.2887700534759,17.40860874901376,135.74866310160428,18.50066958795288,135.74866310160428,18.50066958795288,0.8704304374506879,0.23125836984941103,21.0
4,4,850,703,17,19,857.4319248826291,711.7746478873239,213,36,7.2,51.43192488262912,5.620975397008647,45.22535211267609,6.163591429325532,45.22535211267609,6.163591429325532,0.28104876985043237,0.07704489286656915,21.0
4,4,823,734,9,11,826.433734939759,738.9759036144578,83,36,7.2,20.433734939759006,2.233195075383498,18.02409638554218,2.456435623242546,18.02409638554218,2.456435623242546,0.11165975376917489,0.030705445290531822,21.0
4,4,931,739,14,17,937.3976608187135,746.8011695906433,171,36,7.2,131.39766081871346,14.360400089476881,10.198830409356674,1.3899598513603644,10.198830409356674,1.3899598513603644,0.7180200044738441,0.017374498142004556,21.0
1,1,220,167,20,8,228.38400000000001,169.888,125,37,7.4,98.38400000000001,9.50570048309179,596.112,79.61429048414023,596.112,79.61429048414023,0.47528502415458945,0.9951786310517529,20.0
1,1,183,189,15,22,189.81376518218624,199.21052631578948,247,37,7.4,59.813765182186245,5.7791077470711345,566.7894736842105,75.69809331341709,566.7894736842105,75.69809331341709,0.28895538735355675,0.9462261664177137,20.0
1,1,194,223,18,14,201.78362573099415,229.11111111111111,171,37,7.4,71.78362573099415,6.935616012656439,536.8888888888889,71.7046930068633,536.8888888888889,71.7046930068633,0.34678080063282196,0.8963086625857912,20.0
1,1,243,262,23,19,252.95390070921985,270.60283687943263,282,37,7.4,122.95390070921985,11.879603933257957,495.39716312056737,66.16322712795557,495.39716312056737,66.16322712795557,0.5939801966628978,0.8270403390994447,20.0
1,1,271,291,21,18,280.7235023041475,299.10138248847926,217,37,7.4,150.72350230414747,14.562657227453862,466.89861751152074,62.35707746397606,466.89861751152074,62.35707746397606,0.7281328613726931,0.7794634682997007,20.0
1,1,228,673,21,15,237.4560669456067,680.6066945606694,239,37,7.4,107.4560669456067,10.382228690396783,85.39330543933056,11.404782028625117,85.39330543933056,11.404782028625117,0.5191114345198391,0.14255977535781394,20.0
1,1,213,690,19,19,221.68859649122805,699.061403508772,228,37,7.4,91.68859649122805,8.858801593355368,66.93859649122805,8.940046275957002,66.93859649122805,8.940046275957002,0.4429400796677684,0.11175057844946253,20.0
1,1,158,710,14,12,164.10569105691056,715.6422764227642,123,37,7.4,34.10569105691056,3.2952358509092328,50.35772357723579,6.725572431016466,50.35772357723579,6.725572431016466,0.16476179254546164,0.08406965538770582,20.0
2,2,386,181,19,15,394.24888888888887,187.37333333333333,225,37,7.4,31.24888888888887,3.3067607289829493,575.6266666666667,78.71817663817663,575.6266666666667,78.71817663817663,0.16533803644914746,0.983977207977208,24.0
2,2,534,201,3,13,535.0882352941177,206.8235294117647,34,37,7.4,172.08823529411768,18.210395269218804,556.1764705882354,76.05832076420312,556.1764705882354,76.05832076420312,0.9105197634609401,0.950729009552539,24.0
2,2,529,223,8,12,532.9054054054054,227.9189189189189,74,37,7.4,169.90540540540542,17.97940797940798,535.081081081081,73.17348117348116,535.081081081081,73.17348117348116,0.898970398970399,0.9146685146685146,24.0
3,3,723,245,11,21,728.2102272727273,254.51136363636363,176,37,7.4,145.21022727272725,15.205259400285577,505.4886363636364,69.48297407060294,505.4886363636364,69.48297407060294,0.7602629700142788,0.8685371758825368,22.0
3,3,738,700,14,12,744.2794117647059,705.0882352941177,136,37,7.4,161.27941176470586,16.887896519864487,54.91176470588232,7.548008894279357,54.91176470588232,7.548008894279357,0.8443948259932244,0.09435011117849196,22.0
4,4,902,218,14,20,908.2543352601156,226.91907514450867,173,37,7.4,102.25433526011557,11.175337186897876,530.0809248554913,72.24271548286083,530.0809248554913,72.24271548286083,0.5587668593448938,0.9030339435357603,21.0
4,4,898,391,24,12,909.2521367521367,396.5811965811966,234,37,7.4,103.25213675213672,11.284386530288167,360.4188034188034,49.120109494896546,360.4188034188034,49.120109494896546,0.5642193265144083,0.6140013686862068,21.0
4,4,951,551,13,21,956.7246376811594,560.7391304347826,207,37,7.4,150.72463768115938,16.472637997940915,196.26086956521738,26.747648322346492,196.26086956521738,26.747648322346492,0.8236318998970458,0.3343456040293311,21.0
4,4,955,581,19,23,965.7394136807818,590.8208469055375,307,37,7.4,159.7394136807818,17.45785941866468,166.17915309446255,22.647925464321983,166.17915309446255,22.647925464321983,0.8728929709332339,0.28309906830402476,21.0
4,4,960,612,13,19,965.489247311828,620.6505376344086,186,37,7.4,159.48924731182797,17.430518831893767,136.34946236559142,18.58255023721859,136.34946236559142,18.58255023721859,0.8715259415946883,0.2322818779652324,21.0
4,4,850,703,17,18,857.5023474178404,711.7323943661971,213,37,7.4,51.50234741784038,5.628671848944304,45.26760563380287,6.16935000119971,45.26760563380287,6.16935000119971,0.2814335924472152,0.07711687501499638,21.0
4,4,823,734,9,12,826.6363636363636,739.2613636363636,88,37,7.4,20.636363636363626,2.2553402881271722,17.738636363636374,2.417531361313305,17.738636363636374,2.417531361313305,0.11276701440635861,0.03021914201641631,21.0
4,4,931,739,14,18,937.2849162011173,747.022346368715,179,37,7.4,131.2849162011173,14.348078273346154,9.977653631284966,1.359816508522653,9.977653631284966,1.359816508522653,0.7174039136673077,0.016997706356533162,21.0
1,1,215,167,22,8,224.29285714285714,169.96428571428572,140,38,7.6,94.29285714285714,9.110420979986198,596.0357142857142,79.60410207488671,596.0357142857142,79.60410207488671,0.4555210489993099,0.9950512759360839,21.0
1,1,184,176,15,21,190.55230125523013,185.89539748953976,239,38,7.6,60.552301255230134,5.850463889394216,580.1046025104603,77.4764076808628,580.1046025104603,77.4764076808628,0.2925231944697108,0.968455096010785,21.0
1,1,194,223,18,14,201.53614457831327,229.34939759036143,166,38,7.6,71.53614457831327,6.911704790175195,536.6506024096386,71.67286843534406,536.6506024096386,71.67286843534406,0.34558523950875975,0.8959108554418007,21.0
1,1,252,260,23,19,262.54612546125463,269.0,271,38,7.6,132.54612546125463,12.806388933454555,497.0,66.37729549248748,497.0,66.37729549248748,0.6403194466727277,0.8297161936560935,21.0
1,1,271,291,20,18,280.5141509433962,299.35849056603774,212,38,7.6,150.5141509433962,14.542430042840213,466.64150943396226,62.322739156455725,466.64150943396226,62.322739156455725,0.7271215021420107,0.7790342394556966,21.0
1,1,227,673,23,16,237.65925925925927,680.3185185185185,270,38,7.6,107.65925925925927,10.401860797996063,85.68148148148146,11.443269646942431,85.68148148148146,11.443269646942431,0.5200930398998033,0.1430408705867804,21.0
1,1,209,692,21,20,218.82307692307694,701.6076923076923,260,38,7.6,88.82307692307694,8.581939799331105,64.39230769230767,8.59997431616797,64.39230769230767,8.59997431616797,0.42909698996655526,0.10749967895209961,21.0
1,1,159,711,13,12,164.4513274336283,716.1858407079646,113,38,7.6,34.45132743362831,3.3286306699157784,49.814159292035356,6.652976199270165,49.814159292035356,6.652976199270165,0.16643153349578893,0.08316220249087705,21.0
2,2,386,178,18,20,394.06299212598424,186.79527559055117,254,38,7.6,31.062992125984238,3.287089113860766,576.2047244094488,78.79722726966821,576.2047244094488,78.79722726966821,0.1643544556930383,0.9849653408708526,24.0
2,2,534,204,3,11,535.24,208.56,25,38,7.6,172.24,18.226455026455028,554.44,75.82085470085471,554.44,75.82085470085471,0.9113227513227514,0.9477606837606839,24.0
2,2,529,223,8,12,532.922077922078,227.75324675324674,77,38,7.6,169.92207792207796,17.981172266886556,535.2467532467533,73.19613719613722,535.2467532467533,73.19613719613722,0.8990586133443278,0.9149517149517151,24.0
3,3,723,245,11,20,728.2285714285714,254.37142857142857,175,38,7.6,145.2285714285714,15.20718025430067,505.62857142857143,69.50220913107512,505.62857142857143,69.50220913107512,0.7603590127150335,0.8687776141384389,22.0
3,3,738,700,14,12,744.7608695652174,705.1594202898551,138,38,7.6,161.76086956521738,16.938310949237422,54.84057971014488,7.53822401514019,54.84057971014488,7.53822401514019,0.846915547461871,0.09422780018925236,22.0
4,4,901,219,14,19,907.2655367231639,227.75141242937855,177,38,7.6,101.2655367231639,11.067271773023377,529.2485875706215,72.12927939633683,529.2485875706215,72.12927939633683,0.5533635886511689,0.9016159924542103,21.0
4,4,897,391,25,12,908.8391304347826,396.5521739130435,230,38,7.6,102.83913043478265,11.239249227845098,360.4478260869565,49.12406488408266,360.4478260869565,49.12406488408266,0.5619624613922549,0.6140508110510332,21.0
4,4,951,551,13,21,956.829383886256,560.9052132701422,211,38,7.6,150.82938388625598,16.48408567062907,196.0947867298578,26.725013523660344,196.0947867298578,26.725013523660344,0.8242042835314535,0.3340626690457543,21.0
4,4,955,581,19,22,965.7576791808874,590.4027303754267,293,38,7.6,159.7576791808874,17.459855648184416,166.5972696245733,22.704908977795338,166.5972696245733,22.704908977795338,0.8729927824092208,0.28381136222244174,21.0
4,4,961,612,12,18,965.9415204678362,620.0175438596491,171,38,7.6,159.9415204678362,17.479947592113245,136.9824561403509,18.66881855405123,136.9824561403509,18.66881855405123,0.8739973796056623,0.23336023192564037,21.0
4,4,850,703,17,18,857.5821596244132,711.4319248826291,213,38,7.6,51.58215962441318,5.637394494471386,45.56807511737088,6.21029984563828,45.56807511737088,6.21029984563828,0.2818697247235693,0.07762874807047851,21.0
4,4,823,734,9,12,826.685393258427,739.2921348314607,89,38,7.6,20.685393258426984,2.2606987167679766,17.707865168539342,2.413337672032619,17.707865168539342,2.413337672032619,0.11303493583839883,0.03016672090040774,21.0
4,4,931,740,14,17,937.3630952380952,747.3333333333334,168,38,7.6,131.36309523809518,14.356622430392916,9.666666666666629,1.317433276547411,9.666666666666629,1.317433276547411,0.7178311215196458,0.01646791595684264,21.0
1,1,214,167,22,9,223.875,170.19078947368422,152,39,7.8,93.875,9.070048309178745,595.8092105263158,79.5738511554345,595.8092105263158,79.5738511554345,0.4535024154589372,0.9946731394429312,20.0
1,1,186,169,15,23,192.94331983805668,179.6153846153846,247,39,7.8,62.94331983805668,6.081480177590018,586.3846153846154,78.31514061898035,586.3846153846154,78.31514061898035,0.30407400887950087,0.9789392577372543,20.0
1,1,193,223,18,14,201.29585798816566,229.28994082840237,169,39,7.8,71.29585798816566,6.88848869450876,536.7100591715977,71.68080923827681,536.7100591715977,71.68080923827681,0.344424434725438,0.8960101154784602,20.0
1,1,258,255,23,19,268.3695652173913,263.4710144927536,276,39,7.8,138.3695652173913,13.369040117622347,502.5289855072464,67.11572427475745,502.5289855072464,67.11572427475745,0.6684520058811174,0.8389465534344681,20.0
1,1,271,291,21,18,280.7288888888889,299.49333333333334,225,39,7.8,150.7288888888889,14.563177670424047,466.50666666666666,62.30473010573177,466.50666666666666,62.30473010573177,0.7281588835212024,0.7788091263216472,20.0
1,1,227,672,24,17,237.93430656934305,680.2737226277372,274,39,7.8,107.93430656934305,10.428435417327831,85.72627737226276,11.449252403641102,85.72627737226276,11.449252403641102,0.5214217708663915,0.1431156550455138,20.0
1,1,205,701,19,21,213.56106870229007,710.9389312977099,262,39,7.8,83.56106870229007,8.073533207950732,55.06106870229007,7.353732047050427,55.06106870229007,7.353732047050427,0.4036766603975366,0.09192165058813034,20.0
1,1,158,710,14,13,164.17741935483872,715.8145161290323,124,39,7.8,34.17741935483872,3.302166121240456,50.18548387096769,6.702568797458122,50.18548387096769,6.702568797458122,0.16510830606202279,0.08378210996822652,20.0
2,2,391,178,19,17,398.5251141552511,184.4931506849315,219,39,7.8,35.52511415525112,3.7592713391800125,578.5068493150685,79.11204776958202,578.5068493150685,79.11204776958202,0.18796356695900063,0.9889005971197752,25.0
2,2,535,202,2,8,535.4666666666667,205.26666666666665,15,39,7.8,172.4666666666667,18.250440917107586,557.7333333333333,76.27122507122507,557.7333333333333,76.27122507122507,0.9125220458553793,0.9533903133903134,25.0
2,2,532,221,5,14,534.3214285714286,226.875,56,39,7.8,171.32142857142856,18.12925170068027,536.125,73.31623931623932,536.125,73.31623931623932,0.9064625850340136,0.9164529914529914,25.0
3,3,724,249,11,20,728.9540229885058,258.2241379310345,174,39,7.8,145.9540229885058,15.283143768429928,501.7758620689655,68.9726270885176,501.7758620689655,68.9726270885176,0.7641571884214964,0.86215783860647,22.0
3,3,739,700,13,12,745.0458015267176,705.1145038167939,131,39,7.8,162.04580152671758,16.968146756724355,54.8854961832061,7.544398100784344,54.8854961832061,7.544398100784344,0.8484073378362177,0.0943049762598043,22.0
4,4,901,220,14,18,906.8461538461538,228.28994082840237,169,39,7.8,100.84615384615381,11.021437578814623,528.7100591715977,72.05588540669133,528.7100591715977,72.05588540669133,0.5510718789407312,0.9006985675836416,21.0
4,4,897,391,25,12,908.8786610878661,396.4811715481171,239,39,7.8,102.87866108786613,11.243569517799578,360.5188284518829,49.133741526662064,360.5188284518829,49.133741526662064,0.5621784758899789,0.6141717690832758,21.0
4,4,951,552,13,20,956.9333333333334,561.0809523809523,210,39,7.8,150.9333333333334,16.495446265938075,195.91904761904766,26.701062707877025,195.91904761904766,26.701062707877025,0.8247723132969038,0.3337632838484628,21.0
4,4,955,581,19,23,965.7639344262295,590.8360655737705,305,39,7.8,159.76393442622953,17.46053928155514,166.1639344262295,22.645851369843886,166.1639344262295,22.645851369843886,0.8730269640777569,0.28307314212304857,21.0
4,4,960,611,13,19,965.3519553072625,619.4860335195531,179,39,7.8,159.35195530726253,17.415514241230877,137.51396648044692,18.741256079106908,137.51396648044692,18.741256079106908,0.8707757120615439,0.23426570098883634,21.0
4,4,849,703,18,19,857.0403587443947,712.237668161435,223,39,7.8,51.040358744394666,5.578181283540401,44.762331838565046,6.100488155170705,44.762331838565046,6.100488155170705,0.27890906417702005,0.07625610193963381,21.0
4,4,823,734,9,12,826.685393258427,739.2921348314607,89,39,7.8,20.685393258426984,2.2606987167679766,17.707865168539342,2.413337672032619,17.707865168539342,2.413337672032619,0.11303493583839883,0.03016672090040774,21.0
4,4,931,740,14,18,937.2102272727273,747.4261363636364,176,39,7.8,131.21022727272725,14.33991554893194,9.573863636363626,1.3047855041040717,9.573863636363626,1.3047855041040717,0.716995777446597,0.016309818801300897,21.0
1,1,189,167,16,21,196.56378600823047,176.2633744855967,243,40,8.0,66.56378600823047,6.431283672292799,589.7366255144033,78.76282143764986,589.7366255144033,78.76282143764986,0.32156418361463995,0.9845352679706232,21.0
1,1,214,167,27,9,227.66666666666669,170.10928961748633,183,40,8.0,97.66666666666669,9.436392914653785,595.8907103825137,79.58473594424223,595.8907103825137,79.58473594424223,0.4718196457326893,0.9948091993030279,21.0
1,1,194,223,17,14,201.48125,229.4125,160,40,8.0,71.48124999999999,6.906400966183574,536.5875,71.6644407345576,536.5875,71.6644407345576,0.3453200483091787,0.8958055091819699,21.0
1,1,271,239,16,23,278.3346007604563,249.76045627376425,263,40,8.0,148.33460076045628,14.331845484102056,516.2395437262358,68.94685058113332,516.2395437262358,68.94685058113332,0.7165922742051029,0.8618356322641665,21.0
1,1,271,292,21,17,280.87619047619046,299.6714285714286,210,40,8.0,150.87619047619046,14.577409707844488,466.3285714285714,62.28094443119484,466.3285714285714,62.28094443119484,0.7288704853922244,0.7785118053899356,21.0
1,1,227,672,23,17,237.7389705882353,680.1213235294117,272,40,8.0,107.7389705882353,10.40956237567491,85.87867647058829,11.469606206422476,85.87867647058829,11.469606206422476,0.5204781187837454,0.14337007758028095,21.0
1,1,204,709,18,20,212.21794871794873,718.2307692307693,234,40,8.0,82.21794871794873,7.943763161154466,47.76923076923072,6.379863875690246,47.76923076923072,6.379863875690246,0.39718815805772334,0.07974829844612807,21.0
1,1,158,711,14,12,164.01652892561984,715.8429752066115,121,40,8.0,34.01652892561984,3.286621152233801,50.15702479338847,6.698767918983435,50.15702479338847,6.698767918983435,0.16433105761169003,0.08373459898729295,21.0
2,2,397,178,20,19,406.38823529411764,186.0156862745098,255,40,8.0,43.388235294117635,4.591347650171178,576.9843137254902,78.90383777442601,576.9843137254902,78.90383777442601,0.2295673825085589,0.9862979721803251,24.0
2,2,380,182,3,8,380.85,185.2,20,40,8.0,17.850000000000023,1.8888888888888913,577.8,79.01538461538462,577.8,79.01538461538462,0.09444444444444457,0.9876923076923076,24.0
2,2,534,199,3,12,535.0967741935484,204.32258064516128,31,40,8.0,172.0967741935484,18.21129885646015,558.6774193548388,76.40033085194376,558.6774193548388,76.40033085194376,0.9105649428230075,0.9550041356492971,24.0
2,2,532,221,5,15,534.3,226.95,60,40,8.0,171.29999999999995,18.126984126984123,536.05,73.3059829059829,536.05,73.3059829059829,0.9063492063492061,0.9163247863247862,24.0
3,3,725,251,11,21,729.6022727272727,260.9090909090909,176,40,8.0,146.60227272727275,15.351023322227514,499.0909090909091,68.60356138706655,499.0909090909091,68.60356138706655,0.7675511661113756,0.8575445173383318,22.0
3,3,738,699,14,12,744.8333333333334,704.6742424242424,132,40,8.0,161.83333333333337,16.945898778359517,55.32575757575762,7.604915130688333,55.32575757575762,7.604915130688333,0.8472949389179758,0.09506143913360415,22.0
4,4,900,220,14,19,906.2824858757062,228.49717514124293,177,40,8.0,100.28248587570624,10.95983452193511,528.5028248587571,72.02764222947285,528.5028248587571,72.02764222947285,0.5479917260967554,0.9003455278684107,21.0
4,4,897,391,25,12,908.6008064516129,396.491935483871,248,40,8.0,102.60080645161293,11.213202890886658,360.508064516129,49.132274550750125,360.508064516129,49.132274550750125,0.5606601445443329,0.6141534318843765,21.0
4,4,951,552,13,20,956.8439024390244,561.0536585365853,205,40,8.0,150.84390243902442,16.485672397707585,195.94634146341468,26.704782482237096,195.94634146341468,26.704782482237096,0.8242836198853793,0.33380978102796366,21.0
4,4,955,582,19,21,965.5993265993266,590.6329966329967,297,40,8.0,159.59932659932656,17.442549355117656,166.36700336700335,22.673526864327542,166.36700336700335,22.673526864327542,0.8721274677558828,0.2834190858040943,21.0
4,4,960,611,12,19,965.4189944134079,619.5307262569833,179,40,8.0,159.41899441340786,17.422840919498128,137.46927374301674,18.735165075709265,137.46927374301674,18.735165075709265,0.8711420459749063,0.23418956344636582,21.0
4,4,849,704,18,18,856.9490740740741,712.3518518518518,216,40,8.0,50.94907407407413,5.568204816838703,44.64814814814815,6.0849264937850975,44.64814814814815,6.0849264937850975,0.27841024084193516,0.07606158117231372,21.0
4,4,823,734,9,12,826.6321839080459,739.3908045977012,87,40,8.0,20.63218390804593,2.2548834872181347,17.609195402298838,2.3998903444359576,17.609195402298838,2.3998903444359576,0.11274417436090672,0.029998629305449467,21.0
4,4,931,739,14,18,937.2897727272727,746.9204545454545,176,40,8.0,131.28977272727275,14.348609041231994,10.079545454545496,1.3737029580300506,10.079545454545496,1.3737029580300506,0.7174304520615997,0.017171286975375632,21.0
1,1,190,167,16,20,196.9,175.6625,240,41,8.2,66.9,6.463768115942029,590.3375,78.84307178631052,590.3375,78.84307178631052,0.32318840579710145,0.9855383973288814,21.0
1,1,215,167,26,9,228.3038674033149,170.12707182320443,181,41,8.2,98.30386740331491,9.497958203218833,595.8729281767955,79.58236102528154,595.8729281767955,79.58236102528154,0.47489791016094157,0.9947795128160193,21.0
1,1,194,223,17,14,201.71604938271605,229.03086419753086,162,41,8.2,71.71604938271605,6.9290868968807775,536.9691358024692,71.71541045775882,536.9691358024692,71.71541045775882,0.3464543448440389,0.8964426307219853,21.0
1,1,280,226,15,23,286.5625,236.65234375,256,41,8.2,156.5625,15.126811594202898,529.34765625,70.69751669449082,529.34765625,70.69751669449082,0.7563405797101449,0.8837189586811353,21.0
1,1,271,291,21,18,280.65296803652967,299.42009132420094,219,41,8.2,150.65296803652967,14.555842322370017,466.57990867579906,62.31451201012341,466.57990867579906,62.31451201012341,0.7277921161185008,0.7789314001265427,21.0
1,1,227,673,23,16,237.82592592592593,680.2518518518518,270,41,8.2,107.82592592592593,10.417963857577385,85.74814814814818,11.452173375378722,85.74814814814818,11.452173375378722,0.5208981928788692,0.143152167192234,21.0
1,1,158,711,14,12,163.8360655737705,715.844262295082,122,41,8.2,33.8360655737705,3.2691850795913524,50.15573770491801,6.698596020690219,50.15573770491801,6.698596020690219,0.16345925397956762,0.08373245025862773,21.0
1,1,208,711,16,20,215.34033613445376,720.436974789916,238,41,8.2,85.34033613445376,8.245443104778142,45.56302521008399,6.085212048091352,45.56302521008399,6.085212048091352,0.4122721552389071,0.07606515060114188,21.0
2,2,398,178,21,21,407.5054945054945,188.36630036630038,273,41,8.2,44.50549450549448,4.709576138147565,574.6336996336996,78.58238627469396,574.6336996336996,78.58238627469396,0.2354788069073782,0.9822798284336746,23.0
2,2,380,182,4,9,381.18518518518516,185.66666666666666,27,41,8.2,18.185185185185162,1.9243582206545145,577.3333333333334,78.95156695156696,577.3333333333334,78.95156695156696,0.09621791103272573,0.986894586894587,23.0
2,2,534,198,3,12,535.1333333333333,203.2,30,41,8.2,172.13333333333333,18.21516754850088,559.8,76.55384615384615,559.8,76.55384615384615,0.9107583774250441,0.9569230769230769,23.0
2,2,531,221,6,15,533.8985507246377,227.15942028985506,69,41,8.2,170.89855072463774,18.08450272218389,535.840579710145,73.27734423386599,535.840579710145,73.27734423386599,0.9042251361091944,0.9159668029233248,23.0
3,3,725,252,11,21,729.9494382022472,262.0280898876405,178,41,8.2,146.94943820224717,15.387375727983997,497.9719101123595,68.44974709448242,497.9719101123595,68.44974709448242,0.7693687863991998,0.8556218386810301,22.0
3,3,738,699,15,12,745.0,704.6691176470588,136,41,8.2,162.0,16.963350785340314,55.33088235294122,7.6056195674146005,55.33088235294122,7.6056195674146005,0.8481675392670157,0.0950702445926825,22.0
4,4,900,220,14,19,906.3202247191011,228.48314606741573,178,41,8.2,100.32022471910113,10.963958985694113,528.5168539325842,72.02955419864861,528.5168539325842,72.02955419864861,0.5481979492847057,0.9003694274831078,21.0
4,4,897,391,25,12,908.9268292682926,396.4959349593496,246,41,8.2,102.92682926829264,11.248833799813402,360.5040650406504,49.13172947743106,360.5040650406504,49.13172947743106,0.5624416899906701,0.6141466184678882,21.0
4,4,951,551,13,21,956.8309178743962,560.9033816425122,207,41,8.2,150.83091787439616,16.48425331960614,196.09661835748784,26.725263149231733,196.09661835748784,26.725263149231733,0.824212665980307,0.33406578936539666,21.0
4,4,955,581,19,23,965.6556291390729,590.7516556291391,302,41,8.2,159.65562913907286,17.44870263815004,166.24834437086088,22.657355280526183,166.24834437086088,22.657355280526183,0.872435131907502,0.2832169410065773,21.0
4,4,960,611,13,19,965.5187165775401,619.6470588235294,187,41,8.2,159.5187165775401,17.433739516671046,137.3529411764706,18.719310552159538,137.3529411764706,18.719310552159538,0.8716869758335524,0.23399138190199423,21.0
4,4,849,704,18,18,857.2237442922375,712.269406392694,219,41,8.2,51.223744292237484,5.598223419916665,44.73059360730599,6.096162672205246,44.73059360730599,6.096162672205246,0.27991117099583324,0.07620203340256557,21.0
4,4,823,734,9,12,826.6363636363636,739.2613636363636,88,41,8.2,20.636363636363626,2.2553402881271722,17.738636363636374,2.417531361313305,17.738636363636374,2.417531361313305,0.11276701440635861,0.03021914201641631,21.0
4,4,931,739,14,18,937.0348837209302,747.0523255813954,172,41,8.2,131.03488372093022,14.320752319227347,9.947674418604606,1.3557307555168117,9.947674418604606,1.3557307555168117,0.7160376159613674,0.01694663444396015,21.0
1,1,190,167,17,19,197.33482142857144,174.89732142857142,224,42,8.4,67.33482142857144,6.505779848171154,591.1026785714286,78.94526591938946,591.1026785714286,78.94526591938946,0.3252889924085577,0.9868158239923682,21.0
1,1,215,167,25,9,227.9364161849711,170.1387283236994,173,42,8.4,97.93641618497111,9.462455670045518,595.8612716763006,79.58080423055767,595.8612716763006,79.58080423055767,0.4731227835022759,0.9947600528819709,21.0
1,1,288,207,13,25,293.76153846153846,218.8923076923077,260,42,8.4,163.76153846153846,15.822370865849129,547.1076923076923,73.06947476563504,547.1076923076923,73.06947476563504,0.7911185432924563,0.9133684345704379,21.0
1,1,194,223,17,14,201.3132530120482,229.33132530120483,166,42,8.4,71.3132530120482,6.8901693731447535,536.6686746987951,71.67528209666713,536.6686746987951,71.67528209666713,0.34450846865723767,0.8959410262083392,21.0
1,1,271,291,21,18,280.6244343891403,299.4162895927602,221,42,8.4,150.62443438914028,14.553085448226115,466.5837104072398,62.31501975388845,466.5837104072398,62.31501975388845,0.7276542724113056,0.7789377469236056,21.0
1,1,227,673,23,15,237.67692307692306,680.0115384615384,260,42,8.4,107.67692307692306,10.403567447045706,85.98846153846159,11.484268652883017,85.98846153846159,11.484268652883017,0.5201783723522854,0.14355335816103773,21.0
1,1,208,710,18,21,216.21457489878543,719.8582995951417,247,42,8.4,86.21457489878543,8.329910618240138,46.141700404858284,6.1624975498976005,46.141700404858284,6.1624975498976005,0.4164955309120069,0.07703121937372001,21.0
1,1,158,711,14,12,163.936,715.952,125,42,8.4,33.93600000000001,3.2788405797101454,50.048,6.684207011686143,50.048,6.684207011686143,0.16394202898550728,0.0835525876460768,21.0
2,2,400,181,21,18,409.4767441860465,189.25968992248062,258,42,8.4,46.47674418604652,4.91817398794143,573.7403100775193,78.46021334393426,573.7403100775193,78.46021334393426,0.24590869939707152,0.9807526667991784,24.0
2,2,380,184,4,9,381.18518518518516,187.66666666666666,27,42,8.4,18.185185185185162,1.9243582206545145,575.3333333333334,78.67806267806269,575.3333333333334,78.67806267806269,0.09621791103272573,0.9834757834757836,24.0
2,2,534,198,3,12,535.0967741935484,203.06451612903226,31,42,8.4,172.0967741935484,18.21129885646015,559.9354838709678,76.57237386269645,559.9354838709678,76.57237386269645,0.9105649428230075,0.9571546732837056,24.0
2,2,530,221,7,14,533.7391304347826,226.53623188405797,69,42,8.4,170.73913043478262,18.067632850241548,536.463768115942,73.36256657995789,536.463768115942,73.36256657995789,0.9033816425120774,0.9170320822494735,24.0
3,3,729,256,12,19,734.4285714285714,265.2,175,42,8.4,151.42857142857144,15.856394913986538,494.8,68.01374570446735,494.8,68.01374570446735,0.7928197456993269,0.8501718213058419,22.0
3,3,738,698,15,12,745.2992700729927,703.4890510948906,137,42,8.4,162.29927007299273,16.994687965758402,56.510948905109444,7.767828028193738,56.510948905109444,7.767828028193738,0.8497343982879201,0.09709785035242173,22.0
4,4,900,220,14,19,906.2234636871508,228.58659217877096,179,42,8.4,100.2234636871508,10.953384009524678,528.413407821229,72.01545592112151,528.413407821229,72.01545592112151,0.5476692004762339,0.9001931990140188,21.0
4,4,897,391,25,12,909.1686746987951,396.566265060241,249,42,8.4,103.16867469879514,11.275264994403841,360.433734939759,49.12214445516307,360.433734939759,49.12214445516307,0.5637632497201921,0.6140268056895384,21.0
4,4,951,551,13,21,956.7658536585366,560.8,205,42,8.4,150.76585365853657,16.477142476342795,196.20000000000005,26.73935264054515,196.20000000000005,26.73935264054515,0.8238571238171397,0.3342419080068144,21.0
4,4,955,581,19,23,965.5700325732898,590.7035830618893,307,42,8.4,159.57003257328984,17.439347822217467,166.29641693811072,22.66390690809005,166.29641693811072,22.66390690809005,0.8719673911108734,0.28329883635112557,21.0
4,4,960,611,13,19,965.3736263736264,619.6263736263736,182,42,8.4,159.3736263736264,17.417882663784304,137.3736263736264,18.722129659097295,137.3736263736264,18.722129659097295,0.8708941331892153,0.23402662073871616,21.0
4,4,849,704,18,18,857.2093023255813,712.2790697674419,215,42,8.4,51.20930232558135,5.596645062905066,44.72093023255809,6.094845687571801,44.72093023255809,6.094845687571801,0.2798322531452533,0.0761855710946475,21.0
4,4,823,734,9,12,826.6444444444444,739.2333333333333,90,42,8.4,20.64444444444439,2.2562234365512994,17.76666666666665,2.421351504826801,17.76666666666665,2.421351504826801,0.11281117182756496,0.03026689381033501,21.0
4,4,931,739,14,18,937.235632183908,747.0977011494252,174,42,8.4,131.23563218390802,14.34269204195716,9.902298850574766,1.349546691730803,9.902298850574766,1.349546691730803,0.7171346020978581,0.016869333646635037,21.0
1,1,186,167,16,18,192.87906976744188,174.46976744186045,215,43,8.6,62.87906976744188,6.075272441298732,591.5302325581396,79.00236828823233,591.5302325581396,79.00236828823233,0.3037636220649366,0.9875296036029041,21.0
1,1,212,167,24,14,224.4337899543379,172.3835616438356,219,43,8.6,94.4337899543379,9.124037676747623,593.6164383561644,79.28099343654951,593.6164383561644,79.28099343654951,0.45620188383738114,0.9910124179568688,21.0
1,1,289,203,14,25,295.3901515151515,214.25,264,43,8.6,165.3901515151515,15.979724784072609,551.75,73.68948247078464,551.75,73.68948247078464,0.7989862392036304,0.921118530884808,21.0
1,1,194,223,17,14,201.37125748502996,229.4311377245509,167,43,8.6,71.37125748502996,6.895773670051204,536.5688622754491,71.66195155598652,536.5688622754491,71.66195155598652,0.3447886835025602,0.8957743944498315,21.0
1,1,271,291,21,18,280.5860465116279,299.55348837209306,215,43,8.6,150.5860465116279,14.549376474553421,466.44651162790694,62.29669604379392,466.44651162790694,62.29669604379392,0.727468823727671,0.7787087005474239,21.0
1,1,226,671,23,16,236.3925925925926,678.4,270,43,8.6,106.39259259259259,10.279477545178027,87.60000000000002,11.699499165275462,87.60000000000002,11.699499165275462,0.5139738772589014,0.14624373956594328,21.0
1,1,209,709,18,21,217.59349593495935,718.8983739837398,246,43,8.6,87.59349593495935,8.463139703860808,47.101626016260184,6.290701304341928,47.101626016260184,6.290701304341928,0.42315698519304035,0.0786337663042741,21.0
1,1,158,711,14,12,163.859375,716.0078125,128,43,8.6,33.859375,3.2714371980676327,49.9921875,6.676752921535893,49.9921875,6.676752921535893,0.16357185990338163,0.08345941151919867,21.0
2,2,400,181,21,18,409.56201550387595,189.46899224806202,258,43,8.6,46.562015503875955,4.9271974078175615,573.531007751938,78.43159080368383,573.531007751938,78.43159080368383,0.24635987039087806,0.9803948850460478,24.0
2,2,534,199,3,13,535.0571428571428,204.4,35,43,8.6,172.05714285714282,18.20710506424792,558.6,76.38974358974359,558.6,76.38974358974359,0.9103552532123959,0.954871794871795,24.0
2,2,530,222,7,13,533.4,226.9142857142857,70,43,8.6,170.39999999999998,18.031746031746028,536.0857142857143,73.31086691086692,536.0857142857143,73.31086691086692,0.9015873015873015,0.9163858363858364,24.0
3,3,734,264,13,19,739.8994413407821,273.0670391061452,179,43,8.6,156.89944134078212,16.429260873380326,486.9329608938548,66.93236575860547,486.9329608938548,66.93236575860547,0.8214630436690163,0.8366545719825683,22.0
3,3,738,697,15,13,744.8630136986301,702.7328767123288,146,43,8.6,161.86301369863008,16.94900667001362,57.26712328767121,7.871769524078517,57.26712328767121,7.871769524078517,0.8474503335006811,0.09839711905098146,22.0
4,4,900,220,14,19,906.1843575418994,228.53631284916202,179,43,8.6,100.18435754189943,10.949110113868791,528.463687150838,72.02230829994386,528.463687150838,72.02230829994386,0.5474555056934395,0.9002788537492982,21.0
4,4,897,390,25,13,909.3849206349206,396.265873015873,252,43,8.6,103.3849206349206,11.298898430045968,360.734126984127,49.163083745707254,360.734126984127,49.163083745707254,0.5649449215022984,0.6145385468213407,21.0
4,4,951,551,13,21,956.770731707317,560.9414634146342,205,43,8.6,150.77073170731705,16.477675596428092,196.0585365853658,26.720073129181028,196.0585365853658,26.720073129181028,0.8238837798214047,0.33400091411476285,21.0
4,4,955,581,19,23,965.7566666666667,590.6133333333333,300,43,8.6,159.75666666666666,17.45974499089253,166.38666666666666,22.676206700738216,166.38666666666666,22.676206700738216,0.8729872495446266,0.2834525837592277,21.0
4,4,960,611,12,19,965.4350282485875,619.6836158192091,177,43,8.6,159.4350282485875,17.42459325121175,137.31638418079092,18.71432833809757,137.31638418079092,18.71432833809757,0.8712296625605875,0.23392910422621963,21.0
4,4,849,704,18,18,857.1441441441441,712.4549549549549,222,43,8.6,51.14414414414409,5.589523950179682,44.54504504504507,6.070874963549584,44.54504504504507,6.070874963549584,0.2794761975089841,0.0758859370443698,21.0
4,4,823,734,9,12,826.6444444444444,739.2333333333333,90,43,8.6,20.64444444444439,2.2562234365512994,17.76666666666665,2.421351504826801,17.76666666666665,2.421351504826801,0.11281117182756496,0.03026689381033501,21.0
4,4,931,739,14,17,937.2721893491124,746.8579881656805,169,43,8.6,131.2721893491124,14.346687360558732,10.142011834319533,1.3822162636210606,10.142011834319533,1.3822162636210606,0.7173343680279367,0.017277703295263257,21.0
1,1,184,167,17,17,191.52657004830917,174.02898550724638,207,44,8.8,61.52657004830917,5.944596139933253,591.9710144927536,79.06123732791367,591.9710144927536,79.06123732791367,0.2972298069966626,0.9882654665989209,22.0
1,1,213,167,22,13,224.5609756097561,172.22926829268292,205,44,8.8,94.5609756097561,9.136326145870154,593.770731707317,79.30160022802232,593.770731707317,79.30160022802232,0.45681630729350775,0.9912700028502789,22.0
1,1,294,203,16,22,301.31983805668017,213.0242914979757,247,44,8.8,171.31983805668017,16.55264135813335,552.9757085020243,73.85318310544565,552.9757085020243,73.85318310544565,0.8276320679066674,0.9231647888180706,22.0
1,1,195,223,15,13,201.64,228.98,150,44,8.8,71.63999999999999,6.921739130434782,537.02,71.72220367278798,537.02,71.72220367278798,0.34608695652173904,0.8965275459098497,22.0
1,1,271,291,21,18,280.48039215686276,299.42156862745094,204,44,8.8,150.48039215686276,14.539168324334566,466.57843137254906,62.31431470751907,466.57843137254906,62.31431470751907,0.7269584162167283,0.7789289338439884,22.0
1,1,224,670,22,16,234.21455938697318,677.5325670498084,261,44,8.8,104.21455938697318,10.069039554296925,88.46743295019155,11.815349976653296,88.46743295019155,11.815349976653296,0.5034519777148463,0.1476918747081662,22.0
1,1,210,709,17,20,218.04721030042919,718.6223175965665,233,44,8.8,88.04721030042919,8.506976840621178,47.37768240343348,6.327570270909313,47.37768240343348,6.327570270909313,0.4253488420310589,0.07909462838636641,22.0
1,1,158,711,14,12,163.75,715.9396551724138,116,44,8.8,33.75,3.260869565217391,50.060344827586164,6.685855736572442,50.060344827586164,6.685855736572442,0.16304347826086957,0.08357319670715553,22.0
2,2,400,181,22,19,409.4761904761905,189.64835164835165,273,44,8.8,46.47619047619048,4.918115394305871,573.3516483516484,78.40706302244763,573.3516483516484,78.40706302244763,0.24590576971529354,0.9800882877805954,22.0
2,2,380,194,2,8,380.46666666666664,197.26666666666665,15,44,8.8,17.46666666666664,1.848324514991179,565.7333333333333,77.36524216524218,565.7333333333333,77.36524216524218,0.09241622574955895,0.9670655270655271,22.0
2,2,533,199,4,14,534.6808510638298,204.7659574468085,47,44,8.8,171.68085106382978,18.167285826860294,558.2340425531916,76.33969812693218,558.2340425531916,76.33969812693218,0.9083642913430147,0.9542462265866523,22.0
2,2,529,222,8,13,533.077922077922,226.8961038961039,77,44,8.8,170.07792207792204,17.99766371194942,536.1038961038961,73.31335331335332,536.1038961038961,73.31335331335332,0.8998831855974712,0.9164169164169164,22.0
2,2,529,747,8,17,533.0,755.6330275229358,109,44,8.8,170.0,17.98941798941799,7.366972477064223,1.0074492276327143,7.366972477064223,1.0074492276327143,0.8994708994708994,0.012593115345408929,22.0
3,3,738,276,13,20,743.8852459016393,285.8196721311475,183,44,8.8,160.88524590163934,16.8466226075015,474.1803278688525,65.17942651118247,474.1803278688525,65.17942651118247,0.842331130375075,0.8147428313897809,21.0
3,3,738,698,15,12,745.0347222222222,703.1319444444445,144,44,8.8,162.03472222222217,16.966986620127976,56.86805555555554,7.816914852997326,56.86805555555554,7.816914852997326,0.8483493310063988,0.09771143566246657,21.0
4,4,969,170,5,6,971.2,172.12,25,44,8.8,165.20000000000005,18.054644808743173,584.88,79.71107325383305,584.88,79.71107325383305,0.9027322404371587,0.9963884156729131,21.0
4,4,900,220,14,19,906.1314285714286,228.56,175,44,8.8,100.13142857142861,10.943325526932089,528.44,72.01908006814311,528.44,72.01908006814311,0.5471662763466044,0.9002385008517888,21.0
4,4,897,391,24,12,908.6468085106383,396.67234042553196,235,44,8.8,102.64680851063827,11.218230438321122,360.32765957446804,49.10768784660552,360.32765957446804,49.10768784660552,0.5609115219160561,0.6138460980825691,21.0
4,4,951,552,13,20,956.685,561.025,200,44,8.8,150.68499999999995,16.468306010928956,195.97500000000002,26.708688245315166,195.97500000000002,26.708688245315166,0.8234153005464477,0.33385860306643955,21.0
4,4,955,582,19,22,965.8655172413793,590.5689655172414,290,44,8.8,159.86551724137928,17.471641228566043,166.4310344827586,22.682253421841036,166.4310344827586,22.682253421841036,0.8735820614283021,0.28352816777301293,21.0
4,4,960,611,12,19,965.494623655914,619.9731182795699,186,44,8.8,159.49462365591398,17.431106410482403,137.02688172043008,18.67487314758843,137.02688172043008,18.67487314758843,0.8715553205241201,0.23343591434485533,21.0
4,4,849,704,18,18,857.1556603773585,712.4198113207547,212,44,8.8,51.15566037735846,5.590782554902564,44.58018867924534,6.07566455594485,44.58018867924534,6.07566455594485,0.2795391277451282,0.07594580694931063,21.0
4,4,823,734,9,12,826.6444444444444,739.2333333333333,90,44,8.8,20.64444444444439,2.2562234365512994,17.76666666666665,2.421351504826801,17.76666666666665,2.421351504826801,0.11281117182756496,0.03026689381033501,21.0
4,4,931,739,14,18,937.2722222222222,746.9111111111112,180,44,8.8,131.27222222222224,14.346690953248332,10.088888888888846,1.3749763392012055,10.088888888888846,1.3749763392012055,0.7173345476624167,0.01718720424001507,21.0
1,1,185,167,15,17,191.4825870646766,174.24875621890547,201,45,9.0,61.48258706467661,5.940346576297257,591.7512437810946,79.03188564689076,591.7512437810946,79.03188564689076,0.2970173288148628,0.9878985705861345,22.0
1,1,212,167,23,13,224.40384615384616,172.16346153846155,208,45,9.0,94.40384615384616,9.121144555927167,593.8365384615385,79.31038911005523,593.8365384615385,79.31038911005523,0.45605722779635827,0.9913798638756902,22.0
1,1,302,199,16,21,309.3722943722944,208.56277056277057,231,45,9.0,179.3722943722944,17.330656461091245,557.4372294372295,74.4490456677435,557.4372294372295,74.4490456677435,0.8665328230545623,0.9306130708467938,22.0
1,1,195,223,16,14,201.76582278481013,229.10759493670886,158,45,9.0,71.76582278481013,6.933895921237693,536.8924050632911,71.70516261279347,536.8924050632911,71.70516261279347,0.3466947960618847,0.8963145326599183,22.0
1,1,272,292,20,17,280.85,299.76,200,45,9.0,150.85000000000002,14.574879227053142,466.24,62.26911519198664,466.24,62.26911519198664,0.7287439613526571,0.7783639398998331,22.0
1,1,222,669,24,15,233.08045977011494,676.1149425287356,261,45,9.0,103.08045977011494,9.9594647120884,89.88505747126442,12.004682133057017,89.88505747126442,12.004682133057017,0.49797323560442003,0.1500585266632127,22.0
1,1,158,710,14,13,164.16923076923078,715.723076923077,130,45,9.0,34.16923076923078,3.3013749535488675,50.276923076923026,6.714781045331957,50.276923076923026,6.714781045331957,0.16506874767744337,0.08393476306664946,22.0
1,1,210,709,17,21,218.05128205128204,718.8504273504274,234,45,9.0,88.05128205128204,8.507370246500681,47.14957264957263,6.297104861378648,47.14957264957263,6.297104861378648,0.42536851232503403,0.0787138107672331,22.0
2,2,400,181,22,19,409.44160583941607,189.64598540145985,274,45,9.0,46.44160583941607,4.914455644382653,573.3540145985402,78.40738661176619,573.3540145985402,78.40738661176619,0.24572278221913266,0.9800923326470772,22.0
2,2,533,199,4,15,534.7142857142858,205.24489795918367,49,45,9.0,171.71428571428578,18.170823885109606,557.7551020408164,76.2742019884877,557.7551020408164,76.2742019884877,0.9085411942554803,0.9534275248560964,22.0
2,2,529,222,8,13,533.1315789473684,226.94736842105263,76,45,9.0,170.13157894736844,18.003341687552215,536.0526315789474,73.306342780027,536.0526315789474,73.306342780027,0.9001670843776108,0.9163292847503375,22.0
2,2,532,736,5,14,534.1833333333334,742.1166666666667,60,45,9.0,171.1833333333334,18.11463844797179,20.883333333333326,2.855840455840455,20.883333333333326,2.855840455840455,0.9057319223985894,0.035698005698005686,22.0
3,3,738,279,13,20,743.9470899470899,288.44973544973544,189,45,9.0,160.94708994708992,16.85309842377905,471.55026455026456,64.8179057801051,471.55026455026456,64.8179057801051,0.8426549211889525,0.8102238222513136,21.0
3,3,738,698,15,12,744.9583333333334,703.1388888888889,144,45,9.0,161.95833333333337,16.958987783595116,56.861111111111086,7.815960290187091,56.861111111111086,7.815960290187091,0.8479493891797558,0.09769950362733863,21.0
4,4,968,170,6,8,970.5,173.34782608695653,46,45,9.0,164.5,17.97814207650273,583.6521739130435,79.54373750092586,583.6521739130435,79.54373750092586,0.8989071038251366,0.9942967187615732,21.0
4,4,891,230,14,20,896.9550561797753,238.95505617977528,178,45,9.0,90.95505617977528,9.940443298336097,518.0449438202247,70.60237735198974,518.0449438202247,70.60237735198974,0.49702216491680484,0.8825297168998717,21.0
4,4,897,391,25,12,908.6563876651983,396.87665198237886,227,45,9.0,102.65638766519828,11.219277340458829,360.12334801762114,49.07984300069794,360.12334801762114,49.07984300069794,0.5609638670229414,0.6134980375087242,21.0
4,4,951,552,13,20,956.8398058252427,561.0145631067961,206,45,9.0,150.8398058252427,16.485224680354396,195.98543689320388,26.71011064984039,195.98543689320388,26.71011064984039,0.8242612340177197,0.3338763831230049,21.0
4,4,955,582,19,22,965.6566666666666,590.8233333333333,300,45,9.0,159.65666666666664,17.448816029143895,166.17666666666673,22.647586598523574,166.17666666666673,22.647586598523574,0.8724408014571947,0.2830948324815447,21.0
4,4,960,611,12,19,965.4480874316939,619.6612021857924,183,45,9.0,159.44808743169392,17.42602048433813,137.33879781420762,18.717383007047037,137.33879781420762,18.717383007047037,0.8713010242169067,0.23396728758808794,21.0
4,4,849,704,18,18,857.2685185185185,712.2685185185185,216,45,9.0,51.268518518518476,5.603116777980161,44.731481481481524,6.096283677203615,44.731481481481524,6.096283677203615,0.2801558388990081,0.07620354596504518,21.0
4,4,823,734,9,12,826.6067415730337,739.2696629213483,89,45,9.0,20.606741573033673,2.252102904156686,17.7303370786517,2.4164002832915434,17.7303370786517,2.4164002832915434,0.11260514520783428,0.030205003541144294,21.0
4,4,931,739,13,18,936.9575757575758,747.0969696969697,165,45,9.0,130.9575757575758,14.312303361483693,9.903030303030278,1.3496463786071928,9.903030303030278,1.3496463786071928,0.7156151680741847,0.01687057973258991,21.0
1,1,185,167,15,17,191.5151515151515,173.96969696969697,198,46,9.2,61.5151515151515,5.943492900014638,592.030303030303,79.06915566347953,592.030303030303,79.06915566347953,0.2971746450007319,0.9883644457934941,21.0
1,1,213,167,23,13,224.49289099526067,172.28436018957345,211,46,9.2,94.49289099526067,9.129747922247407,593.7156398104265,79.29424237868803,593.7156398104265,79.29424237868803,0.4564873961123704,0.9911780297336003,21.0
1,1,308,190,14,23,314.4353448275862,200.9051724137931,232,46,9.2,184.43534482758622,17.819840079960024,565.0948275862069,75.47176328363363,565.0948275862069,75.47176328363363,0.890992003998001,0.9433970410454204,21.0
1,1,194,223,17,14,201.53254437869822,229.19526627218934,169,46,9.2,71.53254437869822,6.91135694480176,536.8047337278107,71.69345358635202,536.8047337278107,71.69345358635202,0.345567847240088,0.8961681698294002,21.0
1,1,271,292,21,18,280.7089201877934,299.7276995305164,213,46,9.2,150.7089201877934,14.561248327323035,466.2723004694836,62.27342911111634,466.2723004694836,62.27342911111634,0.7280624163661518,0.7784178638889542,21.0
1,1,223,669,24,15,233.73062730627305,675.7712177121771,271,46,9.2,103.73062730627305,10.022282831523967,90.22878228782292,12.050588619408737,90.22878228782292,12.050588619408737,0.5011141415761983,0.15063235774260922,21.0
1,1,158,710,14,13,164.00751879699249,715.8421052631579,133,46,9.2,34.007518796992485,3.285750608405071,50.15789473684208,6.698884105087423,50.15789473684208,6.698884105087423,0.16428753042025354,0.0837360513135928,21.0
1,1,209,710,18,21,217.53877551020406,719.4081632653061,245,46,9.2,87.53877551020406,8.45785270629991,46.59183673469386,6.2226159245000146,46.59183673469386,6.2226159245000146,0.4228926353149955,0.07778269905625018,21.0
2,2,400,181,22,19,409.5090909090909,189.60727272727271,275,46,9.2,46.5090909090909,4.921596921596921,573.3927272727273,78.41268065268065,573.3927272727273,78.41268065268065,0.24607984607984604,0.9801585081585081,22.0
2,2,533,199,4,16,534.7115384615385,205.8653846153846,52,46,9.2,171.71153846153845,18.17053317053317,557.1346153846154,76.18934911242603,557.1346153846154,76.18934911242603,0.9085266585266585,0.9523668639053254,22.0
2,2,529,222,8,13,533.0526315789474,226.96052631578948,76,46,9.2,170.0526315789474,17.99498746867168,536.0394736842105,73.30454340980657,536.0394736842105,73.30454340980657,0.8997493734335841,0.9163067926225821,22.0
2,2,532,731,5,12,534.1923076923076,736.4615384615385,52,46,9.2,171.19230769230762,18.115588115588107,26.538461538461547,3.629191321499015,26.538461538461547,3.629191321499015,0.9057794057794054,0.04536489151873769,22.0
3,3,738,280,13,20,743.934065934066,289.1703296703297,182,46,9.2,160.93406593406598,16.85173465278178,470.8296703296703,64.71885502813338,470.8296703296703,64.71885502813338,0.8425867326390889,0.8089856878516672,21.0
3,3,738,698,15,12,744.7945205479452,703.3219178082192,146,46,9.2,161.79452054794524,16.941834612350288,56.678082191780845,7.790801675846164,56.678082191780845,7.790801675846164,0.8470917306175143,0.09738502094807705,21.0
4,4,964,170,10,8,968.6811594202899,173.05797101449275,69,46,9.2,162.68115942028987,17.779361685277582,583.9420289855072,79.58324074759894,583.9420289855072,79.58324074759894,0.8889680842638791,0.9947905093449868,21.0
4,4,886,248,14,20,892.2368421052631,257.7,190,46,9.2,86.23684210526312,9.424791486914003,499.3,68.04770017035776,499.3,68.04770017035776,0.47123957434570013,0.8505962521294719,21.0
4,4,898,390,23,14,909.2620967741935,396.4959677419355,248,46,9.2,103.26209677419354,11.285475057288911,360.5040322580645,49.131725009616964,360.5040322580645,49.131725009616964,0.5642737528644456,0.6141465626202122,21.0
4,4,951,552,13,20,956.7853658536585,560.8780487804878,205,46,9.2,150.7853658536585,16.47927495668399,196.1219512195122,26.72871566875805,196.1219512195122,26.72871566875805,0.8239637478341995,0.33410894585947565,21.0
4,4,955,582,19,22,965.7558528428094,590.7558528428094,299,46,9.2,159.75585284280942,17.45965604839447,166.24414715719058,22.65678325822018,166.24414715719058,22.65678325822018,0.8729828024197236,0.28320979072775226,21.0
4,4,960,611,12,18,965.5359116022099,619.6519337016575,181,46,9.2,159.53591160220992,17.43561875433988,137.34806629834247,18.718646173539007,137.34806629834247,18.718646173539007,0.871780937716994,0.2339830771692376,21.0
4,4,849,704,18,19,857.1813953488372,712.5302325581396,215,46,9.2,51.18139534883721,5.593595120091499,44.46976744186043,6.060615664989496,44.46976744186043,6.060615664989496,0.27967975600457495,0.0757576958123687,21.0
4,4,823,734,9,12,826.6067415730337,739.2696629213483,89,46,9.2,20.606741573033673,2.252102904156686,17.7303370786517,2.4164002832915434,17.7303370786517,2.4164002832915434,0.11260514520783428,0.030205003541144294,21.0
4,4,931,740,14,16,937.2275449101796,747.0718562874251,167,46,9.2,131.22754491017963,14.341808186904878,9.928143712574865,1.353068989788738,9.928143712574865,1.353068989788738,0.7170904093452439,0.016913362372359225,21.0
1,1,185,167,16,17,192.18407960199005,174.01492537313433,201,47,9.4,62.18407960199005,6.0081236330425165,591.9850746268656,79.06311514215234,591.9850746268656,79.06311514215234,0.30040618165212585,0.9882889392769042,21.0
1,1,212,167,24,14,224.54054054054055,172.36036036036035,222,47,9.4,94.54054054054055,9.134351743047395,593.6396396396397,79.28409210546106,593.6396396396397,79.28409210546106,0.4567175871523698,0.9910511513182632,21.0
1,1,311,171,11,24,316.17105263157896,181.9078947368421,228,47,9.4,186.17105263157896,17.98754131706077,584.0921052631579,78.00896230559705,584.0921052631579,78.00896230559705,0.8993770658530384,0.9751120288199632,21.0
1,1,194,223,17,15,201.40243902439025,229.58536585365854,164,47,9.4,71.40243902439025,6.898786379168139,536.4146341463414,71.64135347530437,536.4146341463414,71.64135347530437,0.344939318958407,0.8955169184413045,21.0
1,1,272,291,20,19,281.0514018691589,299.9065420560747,214,47,9.4,151.0514018691589,14.59433834484627,466.0934579439253,62.24954363190989,466.0934579439253,62.24954363190989,0.7297169172423135,0.7781192953988736,21.0
1,1,221,668,25,15,232.66666666666669,674.474074074074,270,47,9.4,102.66666666666669,9.919484702093401,91.525925925926,12.223829839856561,91.525925925926,12.223829839856561,0.49597423510467,0.15279787299820702,21.0
1,1,210,709,18,21,218.37551020408165,718.8285714285714,245,47,9.4,88.37551020408165,8.538696638075521,47.17142857142858,6.300023849272598,47.17142857142858,6.300023849272598,0.42693483190377607,0.07875029811590747,21.0
1,1,158,711,14,12,164.3968253968254,716.563492063492,126,47,9.4,34.39682539682539,3.3233647726401343,49.43650793650795,6.6025386225720135,49.43650793650795,6.6025386225720135,0.16616823863200672,0.08253173278215017,21.0
2,2,400,181,22,19,409.52363636363634,189.79636363636365,275,47,9.4,46.52363636363634,4.923136123136121,573.2036363636364,78.38682206682206,573.2036363636364,78.38682206682206,0.24615680615680605,0.9798352758352759,22.0
2,2,533,200,4,15,534.7142857142858,206.08163265306123,49,47,9.4,171.71428571428578,18.170823885109606,556.9183673469388,76.15977673120531,556.9183673469388,76.15977673120531,0.9085411942554803,0.9519972091400664,22.0
2,2,529,222,8,13,533.0,226.96103896103895,77,47,9.4,170.0,17.98941798941799,536.038961038961,73.3044733044733,536.038961038961,73.3044733044733,0.8994708994708994,0.9163059163059163,22.0
2,2,528,732,9,12,532.1686746987951,737.6506024096385,83,47,9.4,169.16867469879514,17.90144705807356,25.34939759036149,3.4665842858614004,25.34939759036149,3.4665842858614004,0.895072352903678,0.043332303573267505,22.0
3,3,738,280,13,20,743.9834254143647,289.5966850828729,181,47,9.4,160.98342541436466,16.856903184750227,470.4033149171271,64.66024947314462,470.4033149171271,64.66024947314462,0.8428451592375114,0.8082531184143077,21.0
3,3,738,698,15,12,744.9513888888889,703.1666666666666,144,47,9.4,161.9513888888889,16.95826061663758,56.83333333333337,7.812142038946168,56.83333333333337,7.812142038946168,0.8479130308318791,0.0976517754868271,21.0
4,4,958,170,13,6,964.015873015873,172.0952380952381,63,47,9.4,158.015873015873,17.269494318674646,584.9047619047619,79.71444795976312,584.9047619047619,79.71444795976312,0.8634747159337323,0.996430599497039,21.0
4,4,884,272,12,20,889.0327868852459,281.1311475409836,183,47,9.4,83.03278688524586,9.074621517513208,475.8688524590164,64.85435808640769,475.8688524590164,64.85435808640769,0.4537310758756604,0.810679476080096,21.0
4,4,898,391,23,13,909.0375,396.7791666666667,240,47,9.4,103.03750000000002,11.260928961748636,360.2208333333333,49.09312890403179,360.2208333333333,49.09312890403179,0.5630464480874319,0.6136641113003974,21.0
4,4,951,552,13,20,956.8543689320388,561.0728155339806,206,47,9.4,150.85436893203882,16.486816276725555,195.9271844660194,26.7021716478391,195.9271844660194,26.7021716478391,0.8243408138362778,0.33377714559798877,21.0
4,4,955,581,19,21,965.5369127516778,590.0469798657718,298,47,9.4,159.53691275167785,17.43572816958228,166.95302013422815,22.75339286326789,166.95302013422815,22.75339286326789,0.8717864084791139,0.28441741079084865,21.0
4,4,960,611,12,18,965.35,619.5666666666666,180,47,9.4,159.35000000000002,17.41530054644809,137.4333333333334,18.73026689381034,137.4333333333334,18.73026689381034,0.8707650273224045,0.2341283361726293,21.0
4,4,849,704,18,18,857.1578947368421,712.4306220095693,209,47,9.4,51.15789473684208,5.591026747195856,44.56937799043067,6.074191208235866,44.56937799043067,6.074191208235866,0.2795513373597928,0.07592739010294833,21.0
4,4,823,734,9,12,826.6067415730337,739.2696629213483,89,47,9.4,20.606741573033673,2.252102904156686,17.7303370786517,2.4164002832915434,17.7303370786517,2.4164002832915434,0.11260514520783428,0.030205003541144294,21.0
4,4,931,739,14,18,937.2102272727273,747.1363636363636,176,47,9.4,131.21022727272725,14.33991554893194,9.863636363636374,1.344277528263901,9.863636363636374,1.344277528263901,0.716995777446597,0.016803469103298763,21.0
1,1,186,167,16,17,192.5268292682927,174.18048780487806,205,48,9.6,62.52682926829269,6.041239542830211,591.8195121951219,79.04100329817989,591.8195121951219,79.04100329817989,0.30206197714151056,0.9880125412272486,21.0
1,1,213,167,21,14,224.05581395348838,172.70697674418605,215,48,9.6,94.05581395348838,9.08751825637569,593.293023255814,79.2377994331638,593.293023255814,79.2377994331638,0.4543759128187845,0.9904724929145475,21.0
1,1,309,167,13,12,315.328,171.608,125,48,9.6,185.32799999999997,17.906086956521737,594.392,79.38457429048414,594.392,79.38457429048414,0.8953043478260868,0.9923071786310519,21.0
1,1,194,222,16,15,201.3216374269006,228.7017543859649,171,48,9.6,71.3216374269006,6.890979461536289,537.2982456140351,71.75936502357732,537.2982456140351,71.75936502357732,0.3445489730768145,0.8969920627947163,21.0
1,1,271,292,21,17,280.7230046948357,299.8732394366197,213,48,9.6,150.7230046948357,14.562609149259488,466.1267605633803,62.25399139410756,466.1267605633803,62.25399139410756,0.7281304574629744,0.7781748924263444,21.0
1,1,221,669,24,14,231.90188679245284,675.2339622641509,265,48,9.6,101.90188679245284,9.845592926807038,90.76603773584907,12.12234226856081,90.76603773584907,12.12234226856081,0.4922796463403519,0.15152927835701013,21.0
1,1,210,709,18,21,218.50205761316874,718.8518518518518,243,48,9.6,88.50205761316874,8.55092344088587,47.14814814814815,6.296914610771038,47.14814814814815,6.296914610771038,0.42754617204429346,0.07871143263463798,21.0
1,1,158,712,14,11,164.2086956521739,717.0434782608696,115,48,9.6,34.2086956521739,3.3051879857172852,48.95652173913038,6.538433621252805,48.95652173913038,6.538433621252805,0.16525939928586425,0.08173042026566006,21.0
2,2,400,181,22,20,409.6797153024911,189.98220640569394,281,48,9.6,46.679715302491104,4.939652412962022,573.0177935943061,78.36140767101622,573.0177935943061,78.36140767101622,0.2469826206481011,0.9795175958877027,22.0
2,2,533,200,4,14,534.6458333333334,205.83333333333334,48,48,9.6,171.64583333333337,18.163580246913583,557.1666666666666,76.19373219373219,557.1666666666666,76.19373219373219,0.9081790123456792,0.9524216524216523,22.0
2,2,529,222,8,13,532.9746835443038,227.0759493670886,79,48,9.6,169.97468354430384,17.986738999397232,535.9240506329114,73.28875906091096,535.9240506329114,73.28875906091096,0.8993369499698616,0.916109488261387,22.0
2,2,523,741,10,12,527.3775510204082,746.3367346938776,98,48,9.6,164.3775510204082,17.394449843429438,16.663265306122412,2.278737135879988,16.663265306122412,2.278737135879988,0.8697224921714719,0.02848421419849985,22.0
3,3,739,280,11,19,743.8479532163742,289.1228070175439,171,48,9.6,160.8479532163742,16.842717614280023,470.8771929824561,64.72538735154036,470.8771929824561,64.72538735154036,0.8421358807140011,0.8090673418942544,22.0
3,3,738,698,15,12,745.0,703.1971830985915,142,48,9.6,162.0,16.963350785340314,56.802816901408505,7.807947340399794,56.802816901408505,7.807947340399794,0.8481675392670157,0.09759934175499743,22.0
4,4,958,170,6,3,960.2142857142858,170.78571428571428,14,48,9.6,154.21428571428578,16.854020296643256,586.2142857142858,79.89291798491118,586.2142857142858,79.89291798491118,0.8427010148321628,0.9986614748113898,21.0
4,4,883,275,13,20,889.1236559139785,284.4516129032258,186,48,9.6,83.1236559139785,9.084552558904754,472.5483870967742,64.40182447656208,472.5483870967742,64.40182447656208,0.4542276279452377,0.8050228059570259,21.0
4,4,897,391,23,12,908.5916666666667,396.60416666666663,240,48,9.6,102.5916666666667,11.212204007285978,360.39583333333337,49.116978989210686,360.39583333333337,49.116978989210686,0.5606102003642989,0.6139622373651336,21.0
4,4,951,552,13,19,956.8514851485148,560.7475247524753,202,48,9.6,150.85148514851483,16.486501109127303,196.25247524752467,26.74650429267798,196.25247524752467,26.74650429267798,0.8243250554563651,0.33433130365847474,21.0
4,4,955,580,19,22,965.5496688741722,589.3940397350993,302,48,9.6,159.5496688741722,17.437122281330296,167.60596026490066,22.84237959317215,167.60596026490066,22.84237959317215,0.8718561140665148,0.2855297449146519,21.0
4,4,960,611,12,19,965.3695652173913,619.7391304347826,184,48,9.6,159.36956521739125,17.417438821572816,137.26086956521738,18.706762462039848,137.26086956521738,18.706762462039848,0.8708719410786407,0.2338345307754981,21.0
4,4,850,704,17,19,857.3778801843318,712.5391705069125,217,48,9.6,51.37788018433184,5.615068872604573,44.460829493087545,6.059397545906309,44.460829493087545,6.059397545906309,0.28075344363022864,0.07574246932382887,21.0
4,4,823,734,9,12,826.5,739.0853658536586,82,48,9.6,20.5,2.240437158469945,17.914634146341427,2.4415174305064977,17.914634146341427,2.4415174305064977,0.11202185792349727,0.03051896788133122,21.0
4,4,931,740,13,17,936.9880952380952,747.375,168,48,9.6,130.98809523809518,14.31563882383554,9.625,1.31175468483816,9.625,1.31175468483816,0.715781941191777,0.016396933560477,21.0
1,1,185,167,17,18,192.33023255813953,174.33953488372094,215,49,9.8,62.33023255813953,6.022244691607684,591.660465116279,79.01976161820087,591.660465116279,79.01976161820087,0.3011122345803842,0.9877470202275109,21.0
1,1,212,167,22,14,223.20560747663552,172.696261682243,214,49,9.8,93.20560747663552,9.005372703056572,593.303738317757,79.2392304931896,593.303738317757,79.2392304931896,0.4502686351528286,0.9904903811648699,21.0
1,1,310,167,10,7,314.4901960784314,169.33333333333334,51,49,9.8,184.49019607843138,17.825139717722838,596.6666666666666,79.6883695047301,596.6666666666666,79.6883695047301,0.891256985886142,0.9961046188091263,21.0
1,1,195,222,15,16,201.43373493975903,229.25301204819277,166,49,9.8,71.43373493975903,6.901810139107153,536.7469879518072,71.68574129573385,536.7469879518072,71.68574129573385,0.34509050695535765,0.8960717661966732,21.0
1,1,271,292,21,17,280.7971698113207,299.87264150943395,212,49,9.8,150.7971698113207,14.569774860997171,466.12735849056605,62.254071250826854,466.12735849056605,62.254071250826854,0.7284887430498586,0.7781758906353357,21.0
1,1,220,669,24,14,231.16603773584905,675.3245283018869,265,49,9.8,101.16603773584905,9.774496399598942,90.67547169811314,12.110246637477548,90.67547169811314,12.110246637477548,0.4887248199799471,0.15137808296846936,21.0
1,1,210,710,17,20,218.24050632911394,719.168776371308,237,49,9.8,88.24050632911394,8.525652785421636,46.83122362869199,6.254587462930482,46.83122362869199,6.254587462930482,0.42628263927108184,0.07818234328663103,21.0
1,1,158,712,14,11,164.40869565217392,716.9652173913043,115,49,9.8,34.40869565217392,3.324511657214871,49.03478260869565,6.548885824199753,49.03478260869565,6.548885824199753,0.16622558286074357,0.08186107280249691,21.0
2,2,400,182,22,18,409.82156133828994,189.98513011152417,269,49,9.8,46.82156133828994,4.954662575480417,573.0148698884758,78.36100784799669,573.0148698884758,78.36100784799669,0.24773312877402084,0.9795125980999586,23.0
2,2,532,200,5,14,534.4901960784314,205.72549019607843,51,49,9.8,171.49019607843138,18.147110696130305,557.2745098039215,76.20847997318585,557.2745098039215,76.20847997318585,0.9073555348065152,0.9526059996648232,23.0
2,2,530,222,7,13,533.3239436619718,227.16901408450704,71,49,9.8,170.32394366197184,18.023697742007602,535.830985915493,73.27603226194776,535.830985915493,73.27603226194776,0.9011848871003801,0.915950403274347,23.0
2,2,518,752,10,12,522.4742268041236,757.7938144329897,97,49,9.8,159.47422680412365,16.87557955599192,5.206185567010266,0.7119570006167885,5.206185567010266,0.7119570006167885,0.843778977799596,0.008899462507709855,23.0
3,3,737,280,12,20,742.4,289.5657142857143,175,49,9.8,159.39999999999998,16.69109947643979,470.4342857142857,64.66450662739322,470.4342857142857,64.66450662739322,0.8345549738219894,0.8083063328424153,22.0
3,3,738,698,14,11,744.7751937984497,702.8682170542636,129,49,9.8,161.77519379844966,16.93981086894761,57.131782945736404,7.853166040651052,57.131782945736404,7.853166040651052,0.8469905434473805,0.09816457550813815,22.0
4,4,883,276,13,20,889.0374331550802,285.2887700534759,187,49,9.8,83.03743315508018,9.07512930656614,471.7112299465241,64.28773150889596,471.7112299465241,64.28773150889596,0.453756465328307,0.8035966438611994,21.0
4,4,897,391,24,13,908.8870292887029,396.8451882845188,239,49,9.8,102.88702928870293,11.24448407526808,360.1548117154812,49.0841310685494,360.1548117154812,49.0841310685494,0.562224203763404,0.6135516383568674,21.0
4,4,952,551,12,20,957.192118226601,560.1773399014778,203,49,9.8,151.192118226601,16.523728767934536,196.8226600985222,26.82421261990081,196.8226600985222,26.82421261990081,0.8261864383967268,0.3353026577487601,21.0
4,4,955,581,19,22,965.5261437908497,590.3333333333333,306,49,9.8,159.5261437908497,17.434551233972645,166.66666666666674,22.71436683702443,166.66666666666674,22.71436683702443,0.8717275616986322,0.28392958546280533,21.0
4,4,960,611,12,19,965.3333333333334,619.7868852459017,183,49,9.8,159.33333333333337,17.41347905282332,137.21311475409834,18.700254140251904,137.21311475409834,18.700254140251904,0.870673952641166,0.2337531767531488,21.0
4,4,850,705,17,17,857.4186046511628,712.6279069767442,215,49,9.8,51.41860465116281,5.619519634006864,44.37209302325584,6.04730398954083,44.37209302325584,6.04730398954083,0.2809759817003432,0.07559129986926039,21.0
4,4,823,734,10,11,827.0588235294117,738.7647058823529,85,49,9.8,21.05882352941171,2.301510768241717,18.235294117647072,2.4852189598156147,18.235294117647072,2.4852189598156147,0.11507553841208586,0.031065236997695183,21.0
4,4,931,740,14,17,937.0591715976332,747.3195266272189,169,49,9.8,131.05917159763317,14.323406731981766,9.68047337278108,1.319314940072379,9.68047337278108,1.319314940072379,0.7161703365990884,0.016491436750904736,21.0
