frame_index,time_s,x_px,y_px,bbox_x,bbox_y,bbox_w,bbox_h,x_from_left_px,x_from_left_mm,y_from_base_px,y_from_base_mm,distance_from_base_px,distance_from_base_mm,relative_x,relative_height,detected,internal_track_id,display_id,physical_vial_index,assay_tube_index,label,dt_s,dx_px,dy_px,displacement_px,speed_px_s_raw,vertical_velocity_px_s_raw,height_px_smoothed,speed_px_s_smoothed,vertical_velocity_px_s_smoothed,height_mm_smoothed,vertical_velocity_mm_s_raw,vertical_velocity_mm_s_smoothed,displacement_mm,speed_mm_s_raw,speed_mm_s_smoothed
0,0.0,251.2164502164502,733.91341991342,242,727,20,15,121.2164502164502,11.71173432042997,32.08658008658006,4.285352933099173,32.08658008658006,4.285352933099173,0.5855867160214986,0.05356691166373966,True,1,1,1,1,"fly (1,1)",,,,,,,32.06243897946024,0.2098338839158372,-0.12070553559908603,4.282128745169982,,-0.016120939645953847,,,0.02312792651686872
1,0.2,251.2851063829787,733.9617021276596,242,727,20,15,121.28510638297871,11.718367766471372,32.03829787234042,4.278904557240791,32.03829787234042,4.278904557240791,0.5859183883235687,0.053486306965509885,True,1,1,1,1,"fly (1,1)",0.2,0.06865616652851259,0.04828221423963441,0.08393355356633489,0.4196677678316744,-0.24141107119817207,31.995927061575646,0.44638285631621777,-0.3727947679559899,4.2732456843506705,-0.032241879291907694,-0.0497889506452065,0.009251170606747489,0.04625585303373744,0.055461809625579166
2,0.4,251.22983870967744,734.1370967741935,241,727,21,16,121.22983870967744,11.713027894654825,31.862903225806463,4.255479562712049,31.862903225806463,4.255479562712049,0.5856513947327412,0.053193494533900605,True,1,1,1,1,"fly (1,1)",0.2,-0.055267673301273135,0.17539464653395953,0.1838961602233958,0.9194808011169789,-0.8769732326697977,31.92471730593968,0.463137903756721,-0.3560487781798353,4.26373519945772,-0.1171249726437118,-0.04755242446475183,0.02402591516860001,0.12012957584300005,0.057698968987687206
3,0.6,251.22950819672133,734.1270491803278,241,727,21,16,121.22950819672133,11.712995961035878,31.872950819672155,4.2568214784203215,31.872950819672155,4.2568214784203215,0.5856497980517938,0.053210268480254015,True,1,1,1,1,"fly (1,1)",0.19999999999999996,-0.00033051295611130627,-0.010047593865692761,0.010053028464301901,0.05026514232150952,0.05023796932846382,31.853860062185806,0.41010583846411214,-0.3542862187693648,4.254271794615801,0.006709578541364005,-0.04731702420959808,0.001342295617264829,0.0067114780863241465,0.053375184478714144
4,0.8,251.20746887966806,734.1742738589212,241,727,21,16,121.20746887966806,11.710866558422035,31.825726141078803,4.250514342715032,31.825726141078803,4.250514342715032,0.5855433279211018,0.0531314292839379,True,1,1,1,1,"fly (1,1)",0.20000000000000007,-0.022039317053270224,0.04722467859335211,0.05211431439076961,0.260571571953848,-0.23612339296676046,31.831503431361437,0.3057339299934299,-0.11178315412185684,4.251285934071644,-0.03153567852644644,-0.014929302720783072,0.006656899901363652,0.03328449950681825,0.033393706466572574
5,1.0,251.325,734.2041666666667,241,727,21,16,121.32499999999999,11.722222222222221,31.79583333333335,4.246521981079579,31.79583333333335,4.246521981079579,0.586111111111111,0.05308152476349474,True,1,1,1,1,"fly (1,1)",0.19999999999999996,0.11753112033193247,0.029892807745454775,0.12127301514098637,0.606365075704932,-0.1494640387272739,31.7234985482083,0.8481081234782367,-0.5400244157656667,4.236861241830824,-0.019961808177266786,-0.07212346120409663,0.01203702836131506,0.06018514180657531,0.09717196629015512
6,1.2,251.0978723404255,734.4510638297872,241,727,21,16,121.09787234042551,11.700277520814058,31.548936170212755,4.213547401697864,31.548936170212755,4.213547401697864,0.585013876040703,0.052669342521223295,True,1,1,1,1,"fly (1,1)",0.19999999999999996,-0.227127659574478,0.24689716312059318,0.3354775445551859,1.67738772277593,-1.234485815602966,31.6289287700896,0.8509754126789781,-0.4728488905935062,4.224230887491099,-0.16487289690857668,-0.06315177169863222,0.03960925151141435,0.1980462575570718,0.0948111375355956
7,1.4,251.15126050420167,734.4579831932773,241,727,21,16,121.15126050420167,11.705435797507407,31.5420168067227,4.212623279695853,31.5420168067227,4.212623279695853,0.5852717898753704,0.05265779099619816,True,1,1,1,1,"fly (1,1)",0.19999999999999996,0.0533881637761624,0.00691936349005573,0.053834687911214416,0.26917343955607215,-0.03459681745027866,32.20531765897848,3.9927985392036116,2.8819444444443785,4.301211039596457,-0.004620610010053206,0.38490076052679584,0.005240402648627925,0.02620201324313963,0.5188796971932312
8,1.6,250.84583333333333,732.475,243,723,17,20,120.84583333333333,11.675925925925926,33.52499999999998,4.477462437395657,33.52499999999998,4.477462437395657,0.5837962962962963,0.0559682804674457,True,1,1,1,1,"fly (1,1)",0.20000000000000018,-0.3054271708683416,-1.9829831932772777,2.006366891055768,10.031834455278831,9.91491596638638,33.93307812664815,9.532717915813059,8.63880233834834,4.53196368970259,1.3241957884990174,1.1537632505306628,0.2664781641558967,1.3323908207794823,1.2210960406224631
9,1.8,249.0836820083682,729.2677824267782,242,719,15,21,119.08368200836821,11.505669759262629,36.73221757322176,4.9058053520162614,36.73221757322176,4.9058053520162614,0.5752834879631314,0.061322566900203275,True,1,1,1,1,"fly (1,1)",0.19999999999999996,-1.7621513249651173,-3.207217573221783,3.6594291705208533,18.29714585260427,16.036087866108918,35.66476217957965,9.705946616510067,8.658420264657517,4.763240357873742,2.1417145731030245,1.156383340855762,0.4609390575689535,2.3046952878447677,1.237779077499271
10,2.0,249.24137931034483,729.2629310344828,243,719,14,21,119.24137931034483,11.520906213559888,36.73706896551721,4.90645328420931,36.73706896551721,4.90645328420931,0.5760453106779944,0.061330666052616375,True,1,1,1,1,"fly (1,1)",0.19999999999999996,0.15769730197661147,-0.004851392295449841,0.1577719083294201,0.7888595416471006,0.024256961477249213,36.78990049216611,6.779804235213171,5.625691562932315,4.9135092477016515,0.0032396609652440853,0.7513444491395411,0.015250224774712553,0.07625112387356278,0.841184782960022
11,2.2,249.43153526970954,729.0995850622406,243,719,14,21,119.43153526970954,11.539278770020246,36.900414937759365,4.928269106879381,36.900414937759365,4.928269106879381,0.5769639385010122,0.06160336383599226,True,1,1,1,1,"fly (1,1)",0.20000000000000018,0.1901559593647164,-0.16334597224215486,0.25068146227762933,1.2534073113881454,0.8167298612107735,37.61249463442554,5.114012213210895,4.112970711297147,5.023371570540974,0.10907911335035426,0.549311614196614,0.028521587432347156,0.14260793716173564,0.6282531526146802
12,2.4,250.7684210526316,726.8,245,715,12,23,120.7684210526316,11.66844647851513,39.200000000000045,5.235392320534229,39.200000000000045,5.235392320534229,0.5834223239257565,0.06544240400667788,True,1,1,1,1,"fly (1,1)",0.19999999999999973,1.336885782922053,-2.2995850622406806,2.6599539573194844,13.29976978659744,11.497925311203419,38.59566070064617,5.836177543604427,4.91583033110317,5.154679225461926,1.5356160682742435,0.6565382746047638,0.333180079361748,1.665900396808742,0.7238756696016325
13,2.6,250.43283582089552,726.3134328358209,245,714,12,23,120.43283582089552,11.636022784627587,39.68656716417911,5.300376248972168,39.68656716417911,5.300376248972168,0.5818011392313793,0.0662547031121521,True,1,1,1,1,"fly (1,1)",0.20000000000000018,-0.3355852317360757,-0.4865671641790641,0.59107110656554,2.955355532827697,2.4328358208953182,48.42980358869162,17.158956416675164,15.775368893081499,6.468087290643287,0.32491964218969355,2.106894009092687,0.07262373496688404,0.3631186748344199,2.206147258923919
17,3.4,259.38862559241704,699.5971563981043,252,691,17,21,129.38862559241704,12.501316482359135,66.40284360189571,8.868493302423467,66.40284360189571,8.868493302423467,0.6250658241179567,0.11085616628029334,True,1,1,1,1,"fly (1,1)",0.7999999999999998,8.955789771521523,-26.7162764377166,28.17739514448028,35.221743930600354,33.39534554714576,58.99445005333806,42.92067950986537,19.427886776086464,7.8790584378414765,4.460146316814124,2.5947094191768243,3.6715381641028753,4.589422705128595,4.648765029819235
18,3.6,241.83712121212122,695.1060606060606,231,686,23,19,111.83712121212122,10.805518957692872,70.89393939393938,9.468305762128798,70.89393939393938,9.468305762128798,0.5402759478846436,0.11835382202660998,True,1,1,1,1,"fly (1,1)",0.20000000000000018,-17.551504380295825,-4.491095792043666,18.116987813233628,90.58493906616806,22.455478960218308,68.64839149791754,62.90334149838421,27.925412253682033,9.168399532276132,2.9990622985266553,3.7296043076703898,1.7987507418989395,8.993753709494689,6.791588207311643
0,0.0,164.70454545454544,715.6818181818181,160,711,11,11,34.70454545454544,3.3530961791831344,50.31818181818187,6.7202913947488305,50.31818181818187,6.7202913947488305,0.16765480895915671,0.08400364243436038,True,2,2,1,1,"fly (1,2)",,,,,,,50.45290534208061,1.2027096620436628,0.6736176194937116,6.738284519810432,,0.08996562530800833,,,0.13176205699748247
1,0.2,165.10309278350516,715.4123711340206,160,711,12,10,35.10309278350516,3.3916031674884213,50.587628865979354,6.756277644872034,50.587628865979354,6.756277644872034,0.16958015837442106,0.08445347056090043,True,2,2,1,1,"fly (1,2)",0.2,0.39854732895972234,-0.26944704779748463,0.4810838648174652,2.4054193240873256,1.3472352389874231,50.51784598562949,1.3614521358403706,0.5492424242423036,6.746957727629982,0.17993125061601667,0.07335458086708584,0.052704822798992995,0.26352411399496495,0.1426965101225477
2,0.4,164.77272727272728,715.3522727272727,160,711,11,10,34.77272727272728,3.3596837944664038,50.64772727272725,6.764304143269082,50.64772727272725,6.764304143269082,0.1679841897233202,0.08455380179086353,True,2,2,1,1,"fly (1,2)",0.2,-0.3303655107778809,-0.06009840674789757,0.33578741668675716,1.6789370834337858,0.30049203373948785,50.74838668675841,2.130561591504428,1.1527035056445813,6.777747804575413,0.040132491985240826,0.15395038472715655,0.03291308327453563,0.16456541637267816,0.23553051034337522
3,0.6,165.05882352941177,714.9901960784314,160,710,12,11,35.05882352941177,3.3873259448707023,51.00980392156862,6.8126616255851244,51.00980392156862,6.8126616255851244,0.1693662972435351,0.08515827031981406,True,2,2,1,1,"fly (1,2)",0.19999999999999996,0.28609625668448757,-0.3620766488413665,0.4614656733984343,2.3073283669921723,1.8103832442068328,50.740782003036884,2.0984985151898363,-0.03802341860762182,6.776732153994909,0.24178741158021216,-0.005078252902520934,0.0557004001324965,0.27850200066248254,0.24872181094196424
4,0.8,164.9351851851852,715.4351851851852,160,710,12,12,34.93518518518519,3.375380211129004,50.56481481481478,6.753230693130521,50.56481481481478,6.753230693130521,0.1687690105564502,0.08441538366413152,True,2,2,1,1,"fly (1,2)",0.20000000000000007,-0.1236383442265776,0.4449891067538374,0.46184601902871025,2.3092300951435507,-2.224945533769186,50.58755097480586,2.7343889736731204,-0.7661551411551194,6.7562672420441885,-0.2971546622730158,-0.10232455975360522,0.060619603158146435,0.3030980157907321,0.3230776231677206
5,1.0,164.32478632478632,715.8119658119658,158,710,14,12,34.32478632478632,3.316404475824765,50.18803418803418,6.702909407416919,50.18803418803418,6.702909407416919,0.16582022379123823,0.08378636759271149,True,2,2,1,1,"fly (1,2)",0.19999999999999996,-0.6103988603988739,0.37678062678060087,0.7173216917767276,3.5866084588836387,-1.8839031339030048,50.26583061999728,2.3173786570121266,-1.6086017740428815,6.713299581969586,-0.251606428568012,-0.21483830037300589,0.07752657060998941,0.38763285304994716,0.27077629165773826
6,1.2,164.16964285714286,715.9553571428571,158,711,14,11,34.16964285714286,3.3014147688060738,50.04464285714289,6.683758645361321,50.04464285714289,6.683758645361321,0.16507073844030368,0.08354698306701651,True,2,2,1,1,"fly (1,2)",0.19999999999999996,-0.15514346764345532,0.14339133089129064,0.211259483401838,1.0562974170091903,-0.7169566544564533,50.058691090530715,1.7676812009962193,-1.0356976473328439,6.685634870187741,-0.09575381027798982,-0.13832355890922654,0.024319601226507125,0.12159800613253566,0.19608942821154748
7,1.4,164.08490566037736,716.0566037735849,159,711,12,11,34.08490566037736,3.29322760003646,49.943396226415075,6.670236557784985,49.943396226415075,6.670236557784985,0.16466138000182298,0.08337795697231232,True,2,2,1,1,"fly (1,2)",0.19999999999999996,-0.08473719676550218,0.10124663072781459,0.13202754541916578,0.6601377270958291,-0.5062331536390731,49.782679694519324,1.590146923922689,-1.3800569800569438,6.648771912456671,-0.06761043788167777,-0.18431478865535156,0.015807485090431922,0.07903742545215962,0.19996591136799122
8,1.6,163.904,716.64,158,711,14,13,33.903999999999996,3.275748792270531,49.360000000000014,6.592320534223708,49.360000000000014,6.592320534223708,0.16378743961352654,0.08240400667779635,True,2,2,1,1,"fly (1,2)",0.20000000000000018,-0.18090566037736266,0.5833962264150614,0.6108011255326101,3.054005627663048,-2.9169811320753043,49.77657067196291,2.353204770931205,-0.030545112782077794,6.64795601628887,-0.389580117806387,-0.004079480839009016,0.07985246050385575,0.3992623025192784,0.3080746028312223
9,1.8,163.96491228070175,715.9736842105264,158,711,13,11,33.96491228070175,3.281634036782778,50.02631578947364,6.681310956857915,50.02631578947364,6.681310956857915,0.1640817018391389,0.08351638696072394,True,2,2,1,1,"fly (1,2)",0.19999999999999996,0.06091228070175703,-0.6663157894736287,0.6690941916069476,3.345470958034739,3.3315789473681443,49.66970760233918,3.273603452440501,-0.5343153481186381,6.63368382001191,0.4449521131710378,-0.07136098138479435,0.08918481610444577,0.445924080522229,0.4081671386935622
10,2.0,164.51754385964912,716.3771929824561,159,711,13,12,34.51754385964912,3.33502839223663,49.62280701754389,6.627419968954109,49.62280701754389,6.627419968954109,0.16675141961183151,0.08284274961192636,True,2,2,1,1,"fly (1,2)",0.19999999999999996,0.5526315789473699,0.40350877192975076,0.6842667543247434,3.4213337716237175,-2.0175438596487543,49.82219437482596,2.7401607752590134,0.7624338624339085,6.654049332197123,-0.2694549395190338,0.1018275609260651,0.07586300660783586,0.3793150330391794,0.3306378042927644
11,2.2,164.3015873015873,716.1825396825396,158,711,14,12,34.30158730158729,3.3141630243079505,49.81746031746036,6.653417070779347,49.81746031746036,6.653417070779347,0.16570815121539753,0.08316771338474184,True,2,2,1,1,"fly (1,2)",0.20000000000000018,-0.21595655806183345,-0.1946532999164674,0.2907355192237169,1.453677596118583,0.9732664995823361,49.78493241651139,2.379230150441812,-0.1863097915728913,6.649072776829567,0.12998550912619133,-0.02488277683778094,0.03333485986337698,0.16667429931688477,0.2563797419056726
12,2.4,164.74358974358975,716.0854700854701,159,711,13,12,34.74358974358975,3.356868574259879,49.91452991452991,6.666381290755247,49.91452991452991,6.666381290755247,0.16784342871299396,0.08332976613444058,True,2,2,1,1,"fly (1,2)",0.19999999999999973,0.44200244200246175,-0.09706959706954876,0.4525358167166264,2.262679083583135,0.4853479853477445,49.949353886853906,2.1136116278242865,0.8221073517125883,6.671032238644929,0.06482109987949966,0.10979730907680745,0.04462997867219069,0.22314989336095375,0.219961639536139
13,2.6,164.25892857142858,715.8839285714286,158,711,14,12,34.258928571428584,3.310041407867496,50.116071428571445,6.693298354400193,50.116071428571445,6.693298354400193,0.1655020703933748,0.08366622943000242,True,2,2,1,1,"fly (1,2)",0.20000000000000018,-0.484661172161168,-0.20154151404153708,0.5248956407542288,2.6244782037711416,1.0077075702076845,50.01631665565151,2.1851914364865377,0.33481384398802033,6.679975513275661,0.1345853182247313,0.044716373153657764,0.05401214518611576,0.27006072593057856,0.22019597713989428
14,2.8,164.57798165137615,715.9816513761468,159,711,13,12,34.57798165137615,3.340867792403493,50.01834862385317,6.680246894671542,50.01834862385317,6.680246894671542,0.16704338962017462,0.08350308618339428,True,2,2,1,1,"fly (1,2)",0.19999999999999973,0.31905307994756527,0.09772280471827344,0.33368340442106686,1.6684170221053365,-0.48861402359136785,50.135202164367534,2.122250296939493,0.5944275435801188,6.695853377544911,-0.06525729864325766,0.07938932134625847,0.03347546242563008,0.1673773121281506,0.22308345228749193
15,3.0,164.90677966101694,715.728813559322,159,710,14,12,34.90677966101694,3.3726357160402842,50.27118644067798,6.714014883563002,50.27118644067798,6.714014883563002,0.1686317858020142,0.08392518604453753,True,2,2,1,1,"fly (1,2)",0.20000000000000018,0.3287980096407921,-0.2528378168248082,0.4147711329884008,2.073855664942002,1.26418908412404,49.991672978499615,2.295774321906995,-0.7176459293395961,6.676684204140181,0.16883994445730174,-0.09584586702365316,0.04636246376074938,0.2318123188037467,0.2685672686826623
16,3.2,164.67741935483872,716.3145161290323,158,711,15,12,34.67741935483872,3.350475299984417,49.68548387096769,6.635790834186001,49.68548387096769,6.635790834186001,0.16752376499922086,0.08294738542732502,True,2,2,1,1,"fly (1,2)",0.20000000000000018,-0.22936030617822212,0.5857025697102927,0.6290100557347299,3.1450502786736467,-2.9285128485514607,49.95730818297792,2.3206425101798733,-0.17182397760848186,6.672094582033779,-0.3911202468850036,-0.022948110532016414,0.081302435023218,0.40651217511608967,0.2790928972597146
17,3.4,164.41525423728814,716.0847457627119,158,711,14,12,34.41525423728814,3.325145336936052,49.91525423728808,6.666478028352332,49.91525423728808,6.666478028352332,0.16625726684680261,0.08333097535440415,True,2,2,1,1,"fly (1,2)",0.19999999999999973,-0.26216511755058036,-0.22977036632039471,0.34860431738479375,1.7430215869239711,1.1488518316019751,49.866912702751925,2.677164843754244,-0.4519774011299647,6.660021729916784,0.15343597083165258,-0.0603642605849699,0.03979083957186144,0.19895419785930749,0.3038938297526944
18,3.6,163.7923076923077,716.0,158,710,14,13,33.7923076923077,3.264957264957266,50.0,6.67779632721202,50.0,6.67779632721202,0.1632478632478633,0.08347245409015025,True,2,2,1,1,"fly (1,2)",0.20000000000000018,-0.6229465449804366,-0.08474576271191836,0.6286845331330235,3.1434226656651147,0.4237288135595914,50.1237121967431,2.4491949306267062,1.2839974699558843,6.694318824272869,0.0565914942984413,0.17148547178041873,0.06124302325653728,0.3062151162826861,0.2741773633354203
19,3.8,163.97794117647058,715.5441176470588,157,710,15,12,33.97794117647058,3.2828928672918436,50.45588235294122,6.738682117254252,50.45588235294122,6.738682117254252,0.16414464336459217,0.08423352646567815,True,2,2,1,1,"fly (1,2)",0.19999999999999973,0.18563348416287795,-0.4558823529412166,0.49222810785820575,2.461140539291032,2.279411764706086,50.17018995098041,2.549848583776494,0.23238877118653192,6.700526203803726,0.3044289502111623,0.031036897654293866,0.06347255517285338,0.31736277586426737,0.2980755663333207
20,4.0,163.8984375,715.9453125,157,711,15,11,33.8984375,3.275211352657005,50.0546875,6.685100166944908,50.0546875,6.685100166944908,0.16376056763285024,0.08356375208681135,True,2,2,1,1,"fly (1,2)",0.20000000000000018,-0.07950367647057988,0.4011948529412166,0.40899650927466735,2.044982546373335,-2.005974264706081,50.2606661414566,1.8635674041370869,0.45238095238100234,6.7126098352529695,-0.2679097515467219,0.06041815724621088,0.0541297613706018,0.27064880685300874,0.24426931368621216
21,4.2,163.90714285714284,715.7285714285714,158,710,14,13,33.907142857142844,3.2760524499654924,50.2714285714286,6.714047221559746,50.2714285714286,6.714047221559746,0.1638026224982746,0.08392559026949684,True,2,2,1,1,"fly (1,2)",0.20000000000000018,0.00870535714284415,-0.21674107142860066,0.2169158253493789,1.0845791267468936,1.0837053571430024,50.29278495913294,1.5758131225231597,0.16059408838164754,6.716899493707236,0.1447352730741923,0.021448292271338414,0.028959271668272092,0.14479635834136034,0.2056425342508459
22,4.4,164.05970149253733,715.4477611940298,158,710,14,12,34.05970149253733,3.290792414737906,50.552238805970205,6.751551092617055,50.552238805970205,6.751551092617055,0.16453962073689532,0.0843943886577132,True,2,2,1,1,"fly (1,2)",0.20000000000000018,0.15255863539448455,-0.2808102345416046,0.31957553888985035,1.5978776944492503,1.4040511727080216,50.43353015144063,1.0365174999171023,0.7037259615384515,6.735696848272537,0.1875193552865449,0.09398677282650408,0.04029648751163374,0.20148243755816853,0.13340315132453143
23,4.6,164.1,715.5230769230769,158,710,14,12,34.099999999999994,3.294685990338164,50.47692307692307,6.7414922306408105,50.47692307692307,6.7414922306408105,0.16473429951690818,0.08426865288301014,True,2,2,1,1,"fly (1,2)",0.1999999999999993,0.04029850746266561,0.07531572904713357,0.08541913571103231,0.42709567855516306,-0.3765786452356692,50.48172062763111,0.9294601865330087,0.2409523809524207,6.742132971970766,-0.05029430988122492,0.03218061849114059,0.010786131614813047,0.05393065807406543,0.11144638822560748
24,4.8,164.24,715.584,158,710,14,12,34.24000000000001,3.3082125603864743,50.416000000000054,6.733355592654431,50.416000000000054,6.733355592654431,0.1654106280193237,0.08416694490818039,True,2,2,1,1,"fly (1,2)",0.20000000000000018,0.14000000000001478,0.060923076923018016,0.15268143731892267,0.7634071865946127,-0.3046153846150898,50.29463802263805,1.2474086588192694,-0.9354130249653281,6.717146981320607,-0.0406831899318982,-0.12492995325079485,0.015785213808917713,0.0789260690445885,0.1492603994810083
25,5.0,164.52252252252254,716.009009009009,159,711,13,11,34.522522522522536,3.3355094224659454,49.99099099099101,6.6765931206665785,49.99099099099101,6.6765931206665785,0.16677547112329727,0.08345741400833223,True,2,2,1,1,"fly (1,2)",0.20000000000000018,0.28252252252252674,0.42500900900904526,0.510344622261607,2.551723111308033,-2.1250450450452245,50.1413133811778,1.7372832906797921,-0.766623207301222,6.69666956676832,-0.2838123599392614,-0.10238707276143168,0.06298489426487426,0.314924471324371,0.19249960786385134
26,5.2,164.14406779661016,715.9830508474577,159,711,12,12,34.14406779661016,3.2989437484647497,50.01694915254234,6.680059986983951,50.01694915254234,6.680059986983951,0.1649471874232375,0.0835007498372994,True,2,2,1,1,"fly (1,2)",0.20000000000000018,-0.37845472591237694,-0.025958161551329795,0.37934391482734675,1.896719574136732,0.12979080775664886,49.96199630800705,1.7797249508197062,-0.896585365853752,6.6727207089158,0.01733433158686458,-0.11974428926260354,0.03672965664451894,0.18364828322259452,0.20194834310004336
27,5.4,164.03252032520325,716.1219512195122,158,711,14,12,34.03252032520325,3.288166214995483,49.8780487804878,6.661509019096869,49.8780487804878,6.661509019096869,0.16440831074977416,0.08326886273871086,True,2,2,1,1,"fly (1,2)",0.20000000000000018,-0.11154747140690802,0.1389003720545361,0.1781464334028709,0.8907321670143536,-0.6945018602726798,49.97312939231085,1.5607962183677777,0.05566542151901488,6.67420759830529,-0.09275483943541377,0.007434446947448316,0.02145445495063292,0.1072722747531645,0.16201397347562038
28,5.6,164.3821138211382,715.9756097560976,159,711,13,12,34.382113821138205,3.321943364361179,50.02439024390242,6.681053788835047,50.02439024390242,6.681053788835047,0.16609716821805895,0.08351317236043809,True,2,2,1,1,"fly (1,2)",0.1999999999999993,0.34959349593495403,-0.14634146341461474,0.37898738279044825,1.894936913952248,0.7317073170730762,50.0387047460218,1.6012409770951095,0.32787676855472664,6.682965575428621,0.09772384869089414,0.04378988561665864,0.039024272490220294,0.19512136245110215,0.17200422314379202
29,5.8,164.02564102564102,715.7863247863248,158,711,14,11,34.02564102564102,3.287501548371113,50.213675213675174,6.7063339183539465,50.213675213675174,6.7063339183539465,0.16437507741855567,0.08382917397942433,True,2,2,1,1,"fly (1,2)",0.20000000000000018,-0.3564727954971829,-0.189284969772757,0.40361077006374585,2.0180538503187275,0.9464248488637841,50.04504142703566,1.8362915406646174,0.03168340506931674,6.683811876732643,0.12640064759449554,0.004231506520109433,0.04272380644542191,0.21361903222710937,0.20702229953554532
30,6.0,163.98529411764707,716.1029411764706,158,711,14,12,33.98529411764707,3.2836032963910213,49.89705882352939,6.664047923008934,49.89705882352939,6.664047923008934,0.16418016481955108,0.08330059903761167,True,2,2,1,1,"fly (1,2)",0.20000000000000018,-0.0403469079939498,0.31661639014578213,0.31917677154457585,1.5958838577228778,-1.5830819507289093,49.97024467906817,1.4007917328355388,-0.3739837398374371,6.673822327755349,-0.2114299767250614,-0.0499477448864693,0.04246530078568493,0.21232650392842448,0.16609889692964172
31,6.2,164.05185185185184,716.2,158,711,14,12,34.051851851851836,3.2900339953480033,49.799999999999955,6.651085141903166,49.799999999999955,6.651085141903166,0.16450169976740017,0.08313856427378957,True,2,2,1,1,"fly (1,2)",0.20000000000000018,0.06655773420476407,0.09705882352943718,0.11768749809300243,0.5884374904650116,-0.48529411764718544,49.80558526440878,1.163871896629763,-0.8232970732969606,6.651831087066282,-0.06481390552884209,-0.1099562034453367,0.014470230926678276,0.07235115463339131,0.13876677732897383
32,6.4,163.8030303030303,716.280303030303,158,711,14,12,33.80303030303031,3.265993265993267,49.719696969697,6.6403601962867445,49.719696969697,6.6403601962867445,0.16329966329966333,0.0830045024535843,True,2,2,1,1,"fly (1,2)",0.20000000000000018,-0.24882154882152463,0.08030303030295727,0.2614588683402803,1.3072943417014005,-0.401515151514786,49.96318666113185,1.8661320598345277,0.7880069836153364,6.672879687630297,-0.05362472808210667,0.1052430028200781,0.02632453468502116,0.1316226734251057,0.2235657757566704
33,6.6,164.15753424657535,715.6301369863014,158,710,14,13,34.15753424657535,3.30024485474158,50.36986301369859,6.727193724700981,50.36986301369859,6.727193724700981,0.16501224273707898,0.08408992155876226,True,2,2,1,1,"fly (1,2)",0.1999999999999993,0.35450394354504056,-0.650166044001594,0.7405328694674315,3.7026643473371705,3.2508302200079813,50.14890094684616,2.3495407498423475,0.9285714285715622,6.697682931131374,0.4341676420711831,0.12401621750538473,0.0933446998423025,0.4667234992115141,0.26513525936703
34,6.8,163.75,715.6428571428571,158,710,14,13,33.75,3.260869565217391,50.35714285714289,6.725494872406396,50.35714285714289,6.725494872406396,0.16304347826086957,0.08406868590507995,True,2,2,1,1,"fly (1,2)",0.20000000000000018,-0.4075342465753522,0.012720156555701578,0.4077327120976946,2.0386635604884713,-0.06360078277850784,50.3425683905136,2.01518827388724,0.9683372183371867,6.723548366011833,-0.008494261472922197,0.1293271744022952,0.039411921092894035,0.19705960546447,0.2343471701902177
35,7.0,163.72727272727272,715.6993006993007,158,710,14,13,33.72727272727272,3.258673693456301,50.30069930069931,6.717956500928121,50.30069930069931,6.717956500928121,0.16293368467281508,0.08397445626160152,True,2,2,1,1,"fly (1,2)",0.20000000000000018,-0.02272727272728048,0.056443556443582565,0.06084738276721586,0.30423691383607904,-0.28221778221791255,50.37890513242629,1.1219158578490491,0.1816837095634578,6.728401353245581,-0.03769185739137534,0.024264936168741532,0.007851681178933803,0.03925840589466898,0.12160853882198856
36,7.2,163.6267605633803,715.5211267605633,157,710,15,13,33.62676056338029,3.2489623732734576,50.478873239436666,6.741752686402226,50.478873239436666,6.741752686402226,0.1624481186636729,0.08427190858002782,True,2,2,1,1,"fly (1,2)",0.20000000000000018,-0.10051216389243223,-0.1781739387373591,0.20456941984451962,1.0228470992225973,0.8908696936867947,50.37909870579059,1.2657210847060794,0.0009678668214971505,6.7284272061156045,0.11898092737052213,0.00012926435011569037,0.02570152102136535,0.12850760510682663,0.13762327859358703
37,7.4,164.10569105691056,715.6422764227642,158,710,14,12,34.10569105691056,3.2952358509092328,50.35772357723579,6.725572431016466,50.35772357723579,6.725572431016466,0.16476179254546164,0.08406965538770582,True,2,2,1,1,"fly (1,2)",0.20000000000000018,0.47893049353027095,0.12114966220087808,0.4940158482119129,2.4700792410595622,-0.6057483110043899,50.2169187029026,2.2378887686474513,-0.810900014439922,6.706767105562952,-0.08090127692879971,-0.10830050276326153,0.04902076495585313,0.24510382477926543,0.2577185859491387
38,7.6,164.4513274336283,716.1858407079646,159,711,13,12,34.45132743362831,3.3286306699157784,49.814159292035356,6.652976199270165,49.814159292035356,6.652976199270165,0.16643153349578893,0.08316220249087705,True,2,2,1,1,"fly (1,2)",0.1999999999999993,0.34563637671774927,0.5435642852004321,0.6441479931320369,3.220739965660196,-2.7178214260021702,50.11912224674628,2.6659715557238237,-0.4889822807816358,6.69370580924825,-0.362981158731507,-0.06530648157350653,0.07990886559226455,0.39954432796132416,0.30856952045167746
39,7.8,164.17741935483872,715.8145161290323,158,710,14,13,34.17741935483872,3.302166121240456,50.18548387096769,6.702568797458122,50.18548387096769,6.702568797458122,0.16510830606202279,0.08378210996822652,True,2,2,1,1,"fly (1,2)",0.20000000000000018,-0.27390807878958867,-0.37132457893233095,0.461419092090343,2.307095460451713,1.8566228946616532,50.0522226521305,2.1149251969520577,-0.3344979730788624,6.684770971903908,0.24796299093978713,-0.04467418672171795,0.05621208172288861,0.2810604086144428,0.25353974188983136
40,8.0,164.01652892561984,715.8429752066115,158,711,14,12,34.01652892561984,3.286621152233801,50.15702479338847,6.698767918983435,50.15702479338847,6.698767918983435,0.16433105761169003,0.08373459898729295,True,2,2,1,1,"fly (1,2)",0.20000000000000018,-0.16089042921888108,0.028459077579213954,0.1633880329488531,0.8169401647442648,-0.14229538789606963,50.16608212309139,1.3421251111211474,0.5692973548044234,6.699977579043925,-0.01900439237343397,0.07603303570009001,0.0160028978187454,0.08001448909372692,0.1494198325277902
41,8.2,163.8360655737705,715.844262295082,158,711,14,12,33.8360655737705,3.2691850795913524,50.15573770491801,6.698596020690219,50.15573770491801,6.698596020690219,0.16345925397956762,0.08373245025862773,True,2,2,1,1,"fly (1,2)",0.1999999999999993,-0.18046335184934037,0.0012870884704625496,0.1804679416334924,0.9023397081674651,-0.0064354423523127705,50.120254166102164,0.8180099582430101,-0.22913978494614107,6.693856983786599,-0.0008594914660831096,-0.030602976286630983,0.017436919975040092,0.08718459987520077,0.08461363938860807
42,8.4,163.936,715.952,158,711,14,12,33.93600000000001,3.2788405797101454,50.048,6.684207011686143,50.048,6.684207011686143,0.16394202898550728,0.0835525876460768,True,2,2,1,1,"fly (1,2)",0.20000000000000107,0.09993442622950965,0.1077377049180086,0.14695000036346104,0.7347500018173012,-0.5386885245900401,50.065308401639335,0.7036911706520623,-0.2747288223141212,6.686518651304085,-0.07194504502037585,-0.03669166241256971,0.017328365839379387,0.08664182919689647,0.07545194343160971
43,8.6,163.859375,716.0078125,158,711,14,12,33.859375,3.2714371980676327,49.9921875,6.676752921535893,49.9921875,6.676752921535893,0.16357185990338163,0.08345941151919867,True,2,2,1,1,"fly (1,2)",0.1999999999999993,-0.07662500000000705,0.05581250000000182,0.09479676039428396,0.4739838019714215,-0.2790625000000101,50.033510775862055,0.6177000008787434,-0.15898812888641128,6.682271889931493,-0.03727045075125015,-0.021233806862960652,0.010505880244546333,0.05252940122273185,0.06963644359167184
44,8.8,163.75,715.9396551724138,158,711,14,12,33.75,3.260869565217391,50.060344827586164,6.685855736572442,50.060344827586164,6.685855736572442,0.16304347826086957,0.08357319670715553,True,2,2,1,1,"fly (1,2)",0.20000000000000107,-0.109375,-0.06815732758616377,0.12887323976950235,0.6443661988475083,0.34078663793081704,50.10981846816973,1.1592320604008877,0.38153846153837406,6.692463234480098,0.045514075182744064,0.050956722743023035,0.013947620071077508,0.06973810035538716,0.1237109751962055
45,9.0,164.16923076923078,715.723076923077,158,710,14,13,34.16923076923078,3.3013749535488675,50.276923076923026,6.714781045331957,50.276923076923026,6.714781045331957,0.16506874767744337,0.08393476306664946,True,2,2,1,1,"fly (1,2)",0.1999999999999993,0.4192307692307793,-0.21657824933686243,0.47186923607674514,2.359346180383734,1.082891246684316,50.165054213783755,1.335895277138471,0.27617872807013527,6.6998402956639405,0.1446265437975752,0.03688530591921572,0.04977308480209931,0.24886542401049744,0.14335075495340027
46,9.2,164.00751879699249,715.8421052631579,158,710,14,13,34.007518796992485,3.285750608405071,50.15789473684208,6.698884105087423,50.15789473684208,6.698884105087423,0.16428753042025354,0.0837360513135928,True,2,2,1,1,"fly (1,2)",0.1999999999999993,-0.1617119722382938,0.11902834008094487,0.20079469043683346,1.0039734521841708,-0.5951417004047265,49.95710858342435,2.48732450342503,-1.0397281517970147,6.672067924330464,-0.0794847012226721,-0.1388618566673803,0.022289748098863162,0.1114487404943162,0.29248412662805207
47,9.4,164.3968253968254,716.563492063492,158,711,14,12,34.39682539682539,3.3233647726401343,49.43650793650795,6.6025386225720135,49.43650793650795,6.6025386225720135,0.16616823863200672,0.08253173278215017,True,2,2,1,1,"fly (1,2)",0.20000000000000107,0.3893065998329064,0.7213868003341304,0.8197307755414416,4.098653877707186,-3.606934001670633,49.516974804160135,2.560105972302422,-2.200668896321074,6.613285449637414,-0.481727412577044,-0.29391237346525306,0.10342764307586905,0.5171382153793425,0.32058261068822214
48,9.6,164.2086956521739,717.0434782608696,158,712,14,11,34.2086956521739,3.3051879857172852,48.95652173913038,6.538433621252805,48.95652173913038,6.538433621252805,0.16525939928586425,0.08173042026566006,True,2,2,1,1,"fly (1,2)",0.1999999999999993,-0.18812974465149068,0.47998619737757053,0.5155381174031802,2.57769058701591,-2.399930986887861,49.142604094777994,2.5833927646245223,-1.8718535469107158,6.563286022674856,-0.32052500659604305,-0.24999713481278238,0.0666321752382013,0.33316087619100765,0.32004863233586817
49,9.8,164.40869565217392,716.9652173913043,158,712,14,11,34.40869565217392,3.324511657214871,49.03478260869565,6.548885824199753,49.03478260869565,6.548885824199753,0.16622558286074357,0.08186107280249691,True,2,2,1,1,"fly (1,2)",0.20000000000000107,0.20000000000001705,-0.07826086956526979,0.2147667658300953,1.0738338291504708,0.3913043478263468,48.995652173913015,1.8257622080831903,-1.0043133195307576,6.543659722726279,0.05226101473473993,-0.13413199593065156,0.02196936108745098,0.10984680543725432,0.221503840814131
0,0.0,296.6788990825688,671.3486238532109,288,663,19,18,166.67889908256882,16.104241457253025,94.65137614678906,12.641252239971829,94.65137614678906,12.641252239971829,0.8052120728626513,0.15801565299964784,True,3,3,1,1,"fly (1,3)",,,,,,,89.42217930146472,34.80947339290649,-26.145984226621692,11.942862010212316,,-3.4919511487975585,,,4.138051592282289
1,0.2,287.4868421052631,681.8070175438596,279,673,19,19,157.48684210526312,15.21612001017035,84.19298245614038,11.244471780452805,84.19298245614038,11.244471780452805,0.7608060005085175,0.14055589725566006,True,3,3,1,1,"fly (1,3)",0.2,-9.192056977305697,10.458393690648677,13.923789357162597,69.61894678581298,-52.291968453243385,83.60494091265018,45.322124143035296,-37.801520019613314,11.165935347265465,-6.983902297595117,-5.048617031000111,1.6552206369129157,8.276103184564578,5.6036984369949465
2,0.4,282.32067510548524,694.0295358649789,274,684,18,21,152.32067510548524,14.7169734401435,71.97046413502107,9.612082021371762,71.97046413502107,9.612082021371762,0.7358486720071751,0.12015102526714704,True,3,3,1,1,"fly (1,3)",0.2,-5.166166999777886,12.22251832111931,13.269485128658582,66.34742564329291,-61.11259160559655,74.84872088018138,51.71070709259707,-43.78110016234397,9.996490267803857,-8.161948795405216,-5.847225397308045,1.7069984252840527,8.534992126420264,6.43134450887819
3,0.6,280.97119341563786,697.6172839506173,273,688,18,21,150.97119341563786,14.58658873581042,68.38271604938268,9.132917001587002,68.38271604938268,9.132917001587002,0.7293294367905211,0.11416146251983753,True,3,3,1,1,"fly (1,3)",0.19999999999999996,-1.34948168984738,3.5877480856383954,3.833149769737065,19.16574884868533,-17.93874042819198,68.6908974598419,38.24588790356478,-30.789117101697343,9.174076455404595,-2.3958250989238032,-4.112069061996306,0.4965876431299461,2.482938215649731,4.698985372194765
4,0.8,275.7682926829268,700.280487804878,267,690,19,21,145.7682926829268,14.08389301284317,65.71951219512198,8.777230343255022,65.71951219512198,8.777230343255022,0.7041946506421585,0.10971537929068778,True,3,3,1,1,"fly (1,3)",0.20000000000000007,-5.2029007327110435,2.6632038542607006,5.8448978437432215,29.224489218716098,-13.3160192713035,66.47493629655533,37.676102108574625,-11.079805816432895,8.878121709055804,-1.778433291659897,-1.479773731743957,0.6158051549028607,3.0790257745143026,3.9366228447081215
5,1.0,262.8467741935484,700.6774193548387,253,692,22,19,132.8467741935484,12.835437120149605,65.32258064516134,8.724217782325388,65.32258064516134,8.724217782325388,0.6417718560074802,0.10905272227906734,True,3,3,1,1,"fly (1,3)",0.19999999999999996,-12.9215184893784,0.39693154996064095,12.927613651664487,64.63806825832245,-1.9846577498032052,65.21905740178757,34.00024208769121,-6.2793944738388054,8.71039163963774,-0.2650628046481707,-0.8386503470903238,1.2495809087920657,6.24790454396033,3.3927326902394714
6,1.2,261.3809523809524,701.3849206349206,252,693,21,19,131.3809523809524,12.693811824246609,64.6150793650794,8.629726793332807,64.6150793650794,8.629726793332807,0.6346905912123305,0.10787158491666009,True,3,3,1,1,"fly (1,3)",0.19999999999999996,-1.4658218125960047,0.7075012800819422,1.6276337572070148,8.138168786035076,-3.537506400409712,64.69086021505377,25.82743338878919,-2.6409859336689583,8.639847774965448,-0.4724549449629035,-0.352719323361462,0.17025355044875604,0.8512677522437804,2.5349629597364185
7,1.4,260.57142857142856,701.8650793650794,251,693,21,19,130.57142857142856,12.615596963423048,64.1349206349206,8.565598749238145,64.1349206349206,8.565598749238145,0.6307798481711524,0.10706998436547681,True,3,3,1,1,"fly (1,3)",0.19999999999999996,-0.8095238095238528,0.4801587301587915,0.9412126244020075,4.706063122010039,-2.400793650793958,64.35050890585244,4.983009722428353,-1.70175654600674,8.594391840514517,-0.3206402204733117,-0.22727967225465673,0.10114331660102883,0.5057165830051443,0.5247896376106439
8,1.6,260.9580152671756,701.6984732824427,251,693,22,19,130.9580152671756,12.65294833499281,64.3015267175573,8.587849978972594,64.3015267175573,8.587849978972594,0.6326474167496405,0.10734812473715742,True,3,3,1,1,"fly (1,3)",0.20000000000000018,0.38658669574704163,-0.1666060826366902,0.420959451847989,2.1047972592399433,0.8330304131834502,64.26761985540611,2.7285228869675677,-0.41444525223160666,8.583321516581785,0.1112561486722451,-0.05535161966365429,0.043476915516601475,0.2173845775830072,0.2864167437591442
9,1.8,261.2251908396947,701.6335877862596,251,693,22,19,131.22519083969468,12.678762399970502,64.36641221374043,8.596515821534615,64.36641221374043,8.596515821534615,0.633938119998525,0.10745644776918269,True,3,3,1,1,"fly (1,3)",0.19999999999999996,0.2671755725190792,-0.06488549618313755,0.27494165593054415,1.374708279652721,0.3244274809156878,64.27955687953825,1.490894026832091,0.05968512066071193,8.584915776899933,0.04332921281010372,0.007971301590744143,0.02722981413785623,0.1361490706892812,0.16174714842317917
10,2.0,261.1910569105691,701.829268292683,252,693,21,19,131.1910569105691,12.675464435803779,64.17073170731703,8.570381530192591,64.17073170731703,8.570381530192591,0.6337732217901889,0.1071297691274074,True,3,3,1,1,"fly (1,3)",0.19999999999999996,-0.03413392912557356,0.1956805064234004,0.1986353083207216,0.9931765416036082,-0.9784025321170022,64.32749601687071,1.4223158017724267,0.2396956866622679,8.591318332804102,-0.1306714567101164,0.03201277952083649,0.026341559399449817,0.1317077969972491,0.16359388143947537
11,2.2,261.45344129554655,701.5546558704453,252,693,21,19,131.45344129554655,12.700815584110778,64.44534412955466,8.607057646685096,64.44534412955466,8.607057646685096,0.6350407792055389,0.1075882205835637,True,3,3,1,1,"fly (1,3)",0.20000000000000018,0.26238438497745165,-0.27461242223762383,0.3798125168121906,1.8990625840609512,1.373062111188118,64.21381884917719,1.77898807908723,-0.5683858384675976,8.576136073345868,0.18338058246252215,-0.07591129729116335,0.0445849553263792,0.22292477663189578,0.22001709576424014
12,2.4,261.2030456852792,701.9746192893401,253,694,18,17,131.20304568527922,12.676622771524562,64.02538071065987,8.550969043159917,64.02538071065987,8.550969043159917,0.6338311385762281,0.10688711303949895,True,3,3,1,1,"fly (1,3)",0.19999999999999973,-0.2503956102673328,0.41996341889478117,0.4889450223194255,2.4447251115971307,-2.0998170944739085,64.10952265915648,1.83847410438362,-0.5214809501035244,8.562206699052618,-0.2804430176258958,-0.06964687146624622,0.06108374273271504,0.3054187136635756,0.22179532968666718
13,2.6,261.03921568627453,702.1421568627451,252,694,19,18,131.03921568627453,12.66079378611348,63.85784313725492,8.528593407312844,63.85784313725492,8.528593407312844,0.6330396893056741,0.10660741759141054,True,3,3,1,1,"fly (1,3)",0.20000000000000018,-0.1638299990046903,0.16753757340495667,0.2343269234985559,1.1716346174927785,-0.8376878670247826,60.329664359561356,20.966257797521955,-18.899291497975643,8.057384221644256,-0.11187817923536504,-2.524112387041822,0.02740849975290608,0.13704249876453029,2.6724701797472057
14,2.8,256.0423076923077,712.8942307692307,245,694,27,42,126.0423076923077,12.178000743218137,53.10576923076928,7.092590214460005,53.10576923076928,7.092590214460005,0.6089000371609068,0.08865737768075005,True,3,3,1,1,"fly (1,3)",0.19999999999999973,-4.996907993966829,10.752073906485634,11.856482732695175,59.28241366347596,-53.76036953242824,56.78695754733227,20.649217955249846,-17.71353406114545,7.584234730862408,-7.1800159642642045,-2.365747453909242,1.5149898653627003,7.5749493268135115,2.636395046822154
15,3.0,256.1076320939335,712.6027397260274,245,693,27,43,126.10763209393349,12.1843122796071,53.39726027397262,7.131520570814374,53.39726027397262,7.131520570814374,0.6092156139803551,0.08914400713517967,True,3,3,1,1,"fly (1,3)",0.20000000000000018,0.06532440162578723,-0.29149104320333663,0.2987211169561613,1.4936055847808054,1.4574552160166818,53.76692035791333,22.721037786760306,-15.100185947094765,7.180890865831496,0.1946517817718439,-2.0167193251545603,0.039438662977684176,0.1971933148884207,2.9115276462995485
16,3.2,255.63705103969755,711.2022684310019,246,692,25,42,125.63705103969755,12.13884551108189,54.797731568998074,7.31856181222011,54.797731568998074,7.31856181222011,0.6069422755540944,0.09148202265275138,True,3,3,1,1,"fly (1,3)",0.20000000000000018,-0.4705810542359359,-1.4004712950254543,1.477418822404831,7.3870941120241485,7.002356475127265,50.67105788705086,21.50069062736615,-15.479312354312382,6.767420085081917,0.9352062070286796,-2.0673539037478985,0.19248805943934275,0.9624402971967129,2.8474299796490476
17,3.4,253.84848484848484,722.1818181818181,249,711,11,23,123.84848484848484,11.966037183428488,43.81818181818187,5.852177872211268,43.81818181818187,5.852177872211268,0.5983018591714244,0.07315222340264085,True,3,3,1,1,"fly (1,3)",0.19999999999999973,-1.788566191212709,10.979549750816204,11.124274437058684,55.621372185293495,-54.89774875408109,49.618527602889195,31.77979252356677,-5.262651420808346,6.626848427764834,-7.331919700044219,-0.7028582865854226,1.4765312653723996,7.3826563268620085,4.2162936990947015
18,3.6,254.60743801652893,715.7603305785124,248,705,14,23,124.60743801652893,12.039365991935162,50.23966942148763,6.709805598863123,50.23966942148763,6.709805598863123,0.6019682995967581,0.08387256998578904,True,3,3,1,1,"fly (1,3)",0.20000000000000018,0.7589531680440871,-6.4214876033057635,6.4661822546765375,32.33091127338266,32.10743801652879,52.500830319491456,61.332084734557306,14.411513583011313,7.01179703766163,4.288138633259272,1.9247430494839828,0.8607568946450777,4.3037844732253845,7.594941551448613
19,3.8,240.6572934973638,702.5553602811951,222,689,38,29,110.65729349736381,10.69152594177428,63.444639718804865,8.4734076419105,63.444639718804865,8.4734076419105,0.534576297088714,0.10591759552388125,True,3,3,1,1,"fly (1,3)",0.19999999999999973,-13.950144519165121,-13.204970297317232,19.208794148999125,96.04397074499576,66.02485148658624,59.535574311131995,48.00805292668368,35.17371995820272,7.95132878946671,8.818010215236896,4.697658759025405,2.2196767708516862,11.098383854258445,5.686861163267085
20,4.0,237.89827586206897,701.0775862068965,218,688,42,27,107.89827586206897,10.424954189571881,64.92241379310349,8.670773127626509,64.92241379310349,8.670773127626509,0.5212477094785941,0.10838466409533136,True,3,3,1,1,"fly (1,3)",0.20000000000000018,-2.759017635294839,-1.4777740742986225,3.129855352334525,15.649276761672612,7.388870371493106,64.76504523456306,42.34946843312694,26.147354617155376,8.649755623981711,0.9868274285800451,3.492134172575008,0.33168303246348524,1.6584151623174248,4.770383454476722
21,4.2,234.99657534246575,700.0719178082192,215,688,42,24,104.99657534246575,10.144596651445967,65.92808219178085,8.805086102408126,65.92808219178085,8.805086102408126,0.5072298325722983,0.11006357628010158,True,3,3,1,1,"fly (1,3)",0.20000000000000018,-2.9017005196032244,-1.0056683986773578,3.0710315585424883,15.355157792712427,5.028341993386785,66.26668184481132,14.846208972353466,7.508183051241221,8.850308092796169,0.6715648739080832,1.002762344072284,0.3108702693708592,1.5543513468542947,1.6061801344664346
22,4.4,233.19639639639638,698.0504504504504,214,687,40,21,103.19639639639638,9.970666318492404,67.9495495495496,9.07506504835387,67.9495495495496,9.07506504835387,0.4985333159246202,0.11343831310442337,True,3,3,1,1,"fly (1,3)",0.20000000000000018,-1.8001789460693658,-2.0214673577687563,2.7068384725350736,13.534192362675356,10.107336788843773,67.49042156671067,11.070509445659097,6.118698609496771,9.013745785203428,1.3498947297287234,0.8171884620362965,0.3211547788455171,1.6057738942275839,1.22417939145298
23,4.6,232.6198501872659,697.4063670411985,214,687,39,20,102.61985018726591,9.91496137075033,68.59363295880155,9.161086204848287,68.59363295880155,9.161086204848287,0.49574806853751646,0.11451357756060358,True,3,3,1,1,"fly (1,3)",0.1999999999999993,-0.5765462091304698,-0.6440834092519481,0.8644356363178972,4.322178181589502,3.220417046259752,68.72400377905997,7.719738803075951,6.167911061746547,9.178498000542234,0.43010578247208264,0.8237610766940316,0.10248258665541189,0.5124129332770613,0.9394627422810355
24,4.8,232.85045045045047,696.3711711711712,213,687,42,20,102.85045045045047,9.937241589415503,69.62882882882877,9.299342748424545,69.62882882882877,9.299342748424545,0.4968620794707752,0.1162417843553068,True,3,3,1,1,"fly (1,3)",0.20000000000000018,0.23060026318455584,-1.0351958700272235,1.0605691729925997,5.302845864962993,5.175979350136113,70.23201671002373,8.004849884357885,7.540064654818742,9.379902064777793,0.691282717881289,1.0070203211777928,0.14004027986769252,0.7002013993384619,1.0413008651906923
25,5.0,233.28597449908926,693.5264116575592,214,683,41,23,103.28597449908926,9.979321207641474,72.47358834244085,9.679277241060547,72.47358834244085,9.679277241060547,0.49896606038207375,0.12099096551325685,True,3,3,1,1,"fly (1,3)",0.20000000000000018,0.435524048638797,-2.8447595136120754,2.8779051213042344,14.38952560652116,14.223797568060364,75.7815348904232,29.110344163463214,27.747590901997395,10.121073107235153,1.899672463180007,3.705855212286796,0.38225765259131117,1.9112882629565542,3.8023497349002273
26,5.2,237.75390625,680.7578125,229,673,20,17,107.75390625,10.41100543478261,85.2421875,11.384599332220366,85.2421875,11.384599332220366,0.5205502717391305,0.14230749165275458,True,3,3,1,1,"fly (1,3)",0.20000000000000018,4.467931750910736,-12.768599157559152,13.527732203781111,67.6386610189055,63.8429957877957,80.93140240499663,29.15584641844981,25.749337572867123,10.808868434724092,8.526610455799092,3.4389766374446897,1.7591119084811346,8.795559542405666,3.745928075700385
27,5.4,236.67843137254903,680.9215686274509,228,673,20,18,106.67843137254903,10.307094818603773,85.07843137254906,11.36272873089136,85.07843137254906,11.36272873089136,0.5153547409301885,0.142034109136142,True,3,3,1,1,"fly (1,3)",0.20000000000000018,-1.0754748774509721,0.16375612745093804,1.0878705259845547,5.439352629922769,-0.8187806372546894,85.05734149834636,25.03189699625746,20.629695466748576,11.359912053201517,-0.1093530066450298,2.7552180923871235,0.1061872843477874,0.5309364217389365,3.1825872135822664
28,5.6,237.0120481927711,681.14859437751,228,674,20,17,107.01204819277109,10.33932832780397,84.85140562249,11.332408096492822,84.85140562249,11.332408096492822,0.5169664163901985,0.1416551012061603,True,3,3,1,1,"fly (1,3)",0.1999999999999993,0.33361682022206196,0.227025750059056,0.40353546798882073,2.017677339944111,-1.135128750295284,85.00618222415282,2.932660597082219,-0.2557963709676883,11.353079428935267,-0.1516031719926941,-0.03416312133124341,0.04425313532043928,0.22126567660219718,0.30725878017543223
29,5.8,236.88709677419354,680.9112903225806,228,673,20,18,106.88709677419354,10.32725572697522,85.08870967741939,11.36410145942162,85.08870967741939,11.36410145942162,0.5163627863487611,0.14205126824277026,True,3,3,1,1,"fly (1,3)",0.20000000000000018,-0.12495141857755243,-0.2373040549293819,0.2681903642759557,1.3409518213797773,1.1865202746469083,85.01607446933917,1.393286112327403,0.04946122593177261,11.354400596906734,0.15846681464399368,0.006605839857331125,0.03391484843703264,0.16957424218516304,0.15689605270985663
30,6.0,237.05019305019306,680.8918918918919,228,673,21,18,107.05019305019306,10.34301382127469,85.10810810810813,11.36669223480576,85.10810810810813,11.36669223480576,0.5171506910637346,0.142083652935072,True,3,3,1,1,"fly (1,3)",0.20000000000000018,0.16309627599952137,-0.0193984306887387,0.1642458351316643,0.8212291756583208,0.09699215344369341,85.09523555813878,0.7541612153292085,0.3958054439980663,11.364973029467619,0.012953876920693818,0.05286216280441749,0.015969647868441954,0.07984823934220969,0.08751790228260742
31,6.2,237.04444444444445,680.9111111111112,227,673,23,18,107.04444444444445,10.342458400429416,85.08888888888885,11.364125394175472,85.08888888888885,11.364125394175472,0.5171229200214708,0.1420515674271934,True,3,3,1,1,"fly (1,3)",0.20000000000000018,-0.0057486057486073605,0.019219219219280603,0.020060529789905513,0.10030264894952748,-0.09609609609640293,85.11684676802786,0.48580226816749134,0.10805604944531895,11.367859334628093,-0.012834203151435008,0.014431525802380071,0.002626245064089912,0.013131225320449549,0.05090740533376884
32,6.4,237.12992125984252,680.8464566929134,227,674,22,16,107.12992125984252,10.350717029936474,85.15354330708658,11.372760374903049,85.15354330708658,11.372760374903049,0.5175358514968238,0.1421595046862881,True,3,3,1,1,"fly (1,3)",0.20000000000000018,0.08547681539806717,-0.06465441819773332,0.10717499597892524,0.5358749798946257,0.3232720909886663,85.0002655027477,0.8711451282075108,-0.5829063264008052,11.352289215725902,0.043174903637881415,-0.07785059451095788,0.011948550267729468,0.05974275133864729,0.11228724338494649
33,6.6,237.11524163568774,681.2416356877324,228,673,21,19,107.11524163568774,10.3492987087621,84.75836431226764,11.319981878099185,84.75836431226764,11.319981878099185,0.517464935438105,0.14149977347623982,True,3,3,1,1,"fly (1,3)",0.1999999999999993,-0.014679624154780413,0.39517899481893437,0.39545155115567443,1.9772577557783793,-1.975894974094679,84.89440848293721,1.4018687116647959,-0.5292850990523851,11.3381513833639,-0.26389248401932003,-0.07068916181000136,0.052797550699148335,0.2639877534957426,0.16245450642527437
34,6.8,237.45348837209303,681.2286821705426,228,674,21,17,107.45348837209303,10.38197955285923,84.77131782945742,11.321711897089472,84.77131782945742,11.321711897089472,0.5190989776429615,0.14152139871361838,True,3,3,1,1,"fly (1,3)",0.20000000000000018,0.3382467364052957,-0.012953517189771446,0.3384946798642769,1.692473399321383,0.06476758594885718,84.75828529563292,1.9289241652671778,-0.6806159365214649,11.31997132495932,0.008650094951434532,-0.09090029202289995,0.03272660288828666,0.16363301444143316,0.21084021728780722
35,7.0,237.03088803088804,681.2548262548263,228,674,21,17,107.03088803088804,10.341148602018167,84.7451737451737,11.318220199689309,84.7451737451737,11.318220199689309,0.5170574301009084,0.14147775249611635,True,3,3,1,1,"fly (1,3)",0.20000000000000018,-0.4226003412049977,0.02614408428371462,0.4234082681403546,2.117041340701771,-0.13072042141857299,84.94835433440085,2.749387431207276,0.9503451938396278,11.345356171539345,-0.0174584870008143,0.12692423290011698,0.040979976785249214,0.2048998839262459,0.2915844475591228
36,7.2,237.7,680.6714285714286,227,673,24,17,107.69999999999999,10.405797101449275,85.32857142857142,11.396136417839255,85.32857142857142,11.396136417839255,0.5202898550724637,0.1424517052229907,True,3,3,1,1,"fly (1,3)",0.20000000000000018,0.6691119691119525,-0.5833976833977204,0.8877295107197356,4.438647553598674,2.916988416988599,85.1556835376919,2.6058568983899173,1.0366460164552402,11.373046215384562,0.3895810907497307,0.138450219226076,0.10124408886193793,0.5062204443096893,0.2788803009281599
37,7.4,237.4560669456067,680.6066945606694,228,673,21,15,107.4560669456067,10.382228690396783,85.39330543933056,11.404782028625117,85.39330543933056,11.404782028625117,0.5191114345198391,0.14255977535781394,True,3,3,1,1,"fly (1,3)",0.20000000000000018,-0.24393305439329538,-0.06473401075913898,0.2523763601738616,1.261881800869307,0.32367005379569463,85.46778611646114,2.4878567963794036,1.5605128938462567,11.414729364468934,0.043228053929311686,0.20841574542187058,0.025104114909708947,0.12552057454854462,0.2825895290894781
38,7.6,237.65925925925927,680.3185185185185,227,673,23,16,107.65925925925927,10.401860797996063,85.68148148148146,11.443269646942431,85.68148148148146,11.443269646942431,0.5200930398998033,0.1430408705867804,True,3,3,1,1,"fly (1,3)",0.1999999999999993,0.20319231365257906,-0.2881760421508943,0.3526082069340447,1.7630410346702299,1.4408802107544767,85.60035476435826,1.4727597820164764,0.66284323948556,11.43243469306955,0.19243809158656935,0.08852664300307904,0.043205513682039946,0.2160275684102005,0.15924895790375457
39,7.8,237.93430656934305,680.2737226277372,227,672,24,17,107.93430656934305,10.428435417327831,85.72627737226276,11.449252403641102,85.72627737226276,11.449252403641102,0.5214217708663915,0.1431156550455138,True,3,3,1,1,"fly (1,3)",0.20000000000000018,0.27504731008377803,-0.04479589078130175,0.27867130210197866,1.393356510509892,0.22397945390650856,85.76214510811083,1.4650544564517143,0.8089517187628811,11.454042752335335,0.029913783493356022,0.10804029632893158,0.02723974615050373,0.13619873075251854,0.1636709716508569
40,8.0,237.7389705882353,680.1213235294117,227,672,23,17,107.7389705882353,10.40956237567491,85.87867647058829,11.469606206422476,85.87867647058829,11.469606206422476,0.5204781187837454,0.14337007758028095,True,3,3,1,1,"fly (1,3)",0.20000000000000018,-0.1953359811077462,-0.15239909832553167,0.24775316483500437,1.2387658241750208,0.7619954916276577,85.78436733033307,1.138774579723683,0.11111111111119847,11.4570106618141,0.10176901390686934,0.014839547393818103,0.027757323157970356,0.13878661578985166,0.12391462427595867
41,8.2,237.82592592592593,680.2518518518518,227,673,23,16,107.82592592592593,10.417963857577385,85.74814814814818,11.452173375378722,85.74814814814818,11.452173375378722,0.5208981928788692,0.143152167192234,True,3,3,1,1,"fly (1,3)",0.1999999999999993,0.08695533769062536,0.1305283224401137,0.1568402808972267,0.7842014044861363,-0.6526416122005708,85.87176205239935,1.1455865917007628,0.43697361033138943,11.468682744894737,-0.08716415521877105,0.058360415403190945,0.019351705257101098,0.09675852628550584,0.13714201011342717
42,8.4,237.67692307692306,680.0115384615384,227,673,23,15,107.67692307692306,10.403567447045706,85.98846153846159,11.484268652883017,85.98846153846159,11.484268652883017,0.5201783723522854,0.14355335816103773,True,3,3,1,1,"fly (1,3)",0.20000000000000107,-0.1490028490028692,-0.24031339031341759,0.2827585092882278,1.4137925464411316,1.2015669515670815,86.44553656220326,4.167195592728954,2.8688725490195632,11.545313731179066,0.16047638752147456,0.38315493142164403,0.035176177652984975,0.17588088826492393,0.5049466177970564
43,8.6,236.3925925925926,678.4,226,671,23,16,106.39259259259259,10.279477545178027,87.60000000000002,11.699499165275462,87.60000000000002,11.699499165275462,0.5139738772589014,0.14624373956594328,True,3,3,1,1,"fly (1,3)",0.1999999999999993,-1.284330484330468,-1.61153846153843,2.0607185654519116,10.303592827259594,8.057692307692179,87.35196482955105,7.813148792779756,4.532141336738959,11.666372598270593,1.0761525619622285,0.6052943354576238,0.248440087768147,1.2422004388407395,0.8730601305118598
44,8.8,234.21455938697318,677.5325670498084,224,670,22,16,104.21455938697318,10.069039554296925,88.46743295019155,11.815349976653296,88.46743295019155,11.815349976653296,0.5034519777148463,0.1476918747081662,True,3,3,1,1,"fly (1,3)",0.20000000000000107,-2.178033205619414,-0.8674329501915281,2.3444122009277204,11.72206100463854,4.337164750957617,88.65083014048533,10.36762658745293,6.494326554671384,11.839843758328593,0.5792540568891682,0.8673558002900008,0.2402198128859845,1.2010990644299162,1.179023163861743
45,9.0,233.08045977011494,676.1149425287356,222,669,24,15,103.08045977011494,9.9594647120884,89.88505747126442,12.004682133057017,89.88505747126442,12.004682133057017,0.49797323560442003,0.1500585266632127,True,3,3,1,1,"fly (1,3)",0.1999999999999993,-1.1340996168582365,-1.4176245210728666,1.8154451860921257,9.07722593046066,7.088122605364358,89.52709090309297,8.158820571796463,4.38130381303817,11.956873576373019,0.9466607820186057,0.5851490902221254,0.21875399766291384,1.093769988314573,0.8946303183462082
46,9.2,233.73062730627305,675.7712177121771,223,669,24,15,103.73062730627305,10.022282831523967,90.22878228782292,12.050588619408737,90.22878228782292,12.050588619408737,0.5011141415761983,0.15063235774260922,True,3,3,1,1,"fly (1,3)",0.1999999999999993,0.6501675361581079,-0.34372481655850606,0.7354349560580346,3.6771747802901857,1.7186240827925363,90.54658856167111,7.047592129530153,5.097488292890753,12.093033530774106,0.22953243175860197,0.6807997720054417,0.07780438045882679,0.3890219022941353,0.8300051662698075
47,9.4,232.66666666666669,674.474074074074,221,668,25,15,102.66666666666669,9.919484702093401,91.525925925926,12.223829839856561,91.525925925926,12.223829839856561,0.49597423510467,0.15279787299820702,True,3,3,1,1,"fly (1,3)",0.20000000000000107,-1.0639606396063641,-1.2971436381030799,1.6776751355679316,8.388375677839614,6.485718190515365,90.840248649866,5.818697946162672,1.4683004409744032,12.132253575942036,0.8662061022391174,0.1961002258396545,0.20144472164014388,1.007223608200714,0.6746447196931636
48,9.6,231.90188679245284,675.2339622641509,221,669,24,14,101.90188679245284,9.845592926807038,90.76603773584907,12.12234226856081,90.76603773584907,12.12234226856081,0.4922796463403519,0.15152927835701013,True,3,3,1,1,"fly (1,3)",0.1999999999999993,-0.7647798742138434,0.7598881900769356,1.0781086760716394,5.390543380358216,-3.7994409503846915,90.98914511996274,5.828642025439547,0.7444823504836827,12.152139581964974,-0.5074378564787558,0.09943003011468314,0.1255377297169279,0.6276886485846417,0.6651675870365499
49,9.8,231.16603773584905,675.3245283018869,220,669,24,14,101.16603773584905,9.774496399598942,90.67547169811314,12.110246637477548,90.67547169811314,12.110246637477548,0.4887248199799471,0.15137808296846936,True,3,3,1,1,"fly (1,3)",0.20000000000000107,-0.7358490566037972,0.09056603773592542,0.7414014036241658,3.7070070181208097,-0.4528301886796247,90.7207547169811,4.548775199239514,-2.126135569532158,12.11629445301918,-0.0604781554163122,-0.283958005947534,0.07211810086485916,0.3605905043242939,0.4941395764544678
0,0.0,188.3761467889908,369.20642201834863,182,360,14,20,58.37614678899081,5.640207419226165,396.79357798165137,52.994133954143756,396.79357798165137,52.994133954143756,0.28201037096130827,0.6624266744267969,True,4,4,1,1,"fly (1,4)",,,,,,,396.7821100917431,0.08109022720016723,-0.05733944954116055,52.99260234948156,,-0.007658023311005735,,,0.009451846501176545
1,0.2,188.35321100917432,369.2293577981651,182,360,14,20,58.353211009174316,5.637991401852591,396.7706422018349,52.99107074481935,396.7706422018349,52.99107074481935,0.28189957009262956,0.6623883843102419,True,4,4,1,1,"fly (1,4)",0.2,-0.02293577981649264,0.02293577981646422,0.032436090880066895,0.16218045440033446,-0.1146788990823211,397.1448635179522,1.8880572376843905,1.794653981198356,53.041050219426005,-0.01531604662201147,0.23968667528526075,0.003780738600470618,0.01890369300235309,0.2511713274024468
2,0.4,188.3148148148148,368.1296296296296,182,359,14,20,58.31481481481481,5.6342816246197875,397.8703703703704,53.13794595931491,397.8703703703704,53.13794595931491,0.2817140812309894,0.6642243244914363,True,4,4,1,1,"fly (1,4)",0.2,-0.03839619435950681,-1.0997281685354778,1.1003982517305675,5.501991258652837,5.498640842677389,399.45920657168745,12.014697625580496,11.571715268676241,53.350144450308846,0.7343760724777937,1.5454711544141853,0.1469220578409975,0.7346102892049874,1.5815945744066442
3,0.6,186.73214285714286,362.2633928571429,180,353,15,20,56.73214285714286,5.48136645962733,403.7366071428571,53.92141664679227,403.7366071428571,53.92141664679227,0.27406832298136646,0.6740177080849034,True,4,4,1,1,"fly (1,4)",0.19999999999999996,-1.5826719576719483,-5.8662367724867295,6.075984232737662,30.379921163688316,29.331183862433654,402.8958983340056,18.176718713977703,17.183458811590526,53.80913500287219,3.9173534373867733,2.2949527628167607,0.7982539482025184,3.9912697410125926,2.365745610468169
4,0.8,185.08071748878925,358.9192825112108,178,349,15,21,55.08071748878925,5.321808453023115,407.0807174887892,54.36804240250941,407.0807174887892,54.36804240250941,0.2660904226511558,0.6796005300313677,True,4,4,1,1,"fly (1,4)",0.20000000000000007,-1.651425368353614,-3.3441103459321084,3.7296487439183914,18.64824371959195,16.720551729660535,406.4421385135791,18.740907741786494,17.731200897867534,54.282756395803546,2.233128778585715,2.3681069646567585,0.4742713602373857,2.3713568011869275,2.440051536767912
5,1.0,185.25454545454545,357.4909090909091,178,348,15,21,55.25454545454545,5.338603425559947,408.5090909090909,54.55881013810897,408.5090909090909,54.55881013810897,0.26693017127799734,0.6819851267263621,True,4,4,1,1,"fly (1,4)",0.19999999999999996,0.17382796575620318,-1.428373420301682,1.4389116684158432,7.194558342079217,7.141867101508412,408.0808620585526,9.356009985372797,8.193617724867767,54.50161763720235,0.9538386779977872,1.0943062069940266,0.19150561362084295,0.957528068104215,1.1846189644643104
6,1.2,184.83333333333334,357.34722222222223,178,348,15,21,54.83333333333334,5.29790660225443,408.65277777777777,54.57800037098868,408.65277777777777,54.57800037098868,0.2648953301127215,0.6822250046373586,True,4,4,1,1,"fly (1,4)",0.19999999999999996,-0.4212121212121076,-0.14368686868687064,0.445045578889445,2.2252278944472255,0.7184343434343533,409.6613636363636,9.180339144201625,7.902507889054962,54.712702989831534,0.09595116439857779,1.0554267631459053,0.0449944048203578,0.22497202410178904,1.154328823327717
7,1.4,183.07555555555555,354.1777777777778,176,345,15,20,53.07555555555555,5.128073000536768,411.8222222222222,55.00129846039695,411.8222222222222,55.00129846039695,0.2564036500268384,0.6875162307549619,True,4,4,1,1,"fly (1,4)",0.19999999999999996,-1.7577777777777897,-3.169444444444423,3.624246239215686,18.121231196078433,15.847222222222118,411.8507575757576,12.41155196399657,10.946969696969687,55.00510952597764,2.116490447041351,1.462032680730504,0.45609727555542934,2.280486377777147,1.5741115450096388
8,1.6,183.97727272727272,350.9227272727273,177,342,15,20,53.97727272727272,5.215195432586737,415.0772727272727,55.43602974654727,415.0772727272727,55.43602974654727,0.26075977162933683,0.6929503718318409,True,4,4,1,1,"fly (1,4)",0.20000000000000018,0.9017171717171664,-3.2550505050505194,3.3776393602928136,16.888196801464055,16.275252525252583,413.88279129108724,12.219578802542294,10.160168576648418,55.27649967159763,2.173656430751583,1.3569507280999575,0.44337524662999656,2.2168762331499807,1.5723902827725602
9,1.8,183.94618834080717,351.2511210762332,177,342,15,20,53.94618834080717,5.212192110222915,414.7488789237668,55.39217080784866,414.7488789237668,55.39217080784866,0.26060960551114576,0.6924021350981082,True,4,4,1,1,"fly (1,4)",0.19999999999999996,-0.031084386465551006,0.32839380350588954,0.3298616820168789,1.6493084100843947,-1.6419690175294481,414.67299225438245,7.222084011772556,3.9510048164756455,55.38203569340666,-0.2192946934930618,0.5276801090451612,0.04396164747811058,0.21980823739055294,0.9443485037650285
10,2.0,183.65919282511211,351.8071748878924,177,342,15,21,53.659192825112115,5.184463074890059,414.1928251121076,55.31790652582405,414.1928251121076,55.31790652582405,0.25922315374450294,0.6914738315728006,True,4,4,1,1,"fly (1,4)",0.19999999999999996,-0.2869955156950539,0.5560538116592397,0.6257493647538439,3.1287468237692204,-2.780269058296199,414.3589463903365,1.7815916848076754,-1.5702293202293538,55.34009300705662,-0.3713214101230378,-0.20971343175016702,0.07927220815091034,0.39636104075455175,0.22568089116499837
11,2.2,183.75675675675677,351.8648648648649,177,342,15,21,53.75675675675677,5.19388954171563,414.1351351351351,55.31020168749717,414.1351351351351,55.31020168749717,0.2596944770857815,0.6913775210937146,True,4,4,1,1,"fly (1,4)",0.20000000000000018,0.09756393164465749,0.05768997697248324,0.11334396411388233,0.5667198205694112,-0.2884498848624159,414.4647703193811,2.974453418959327,0.5291196452227142,55.35422641995072,-0.038524191634401427,0.07066706447047272,0.012174679069978104,0.06087339534989047,0.3733824902760589
12,2.4,184.23222748815166,350.93364928909955,177,342,15,19,54.232227488151665,5.239828742816586,415.06635071090045,55.43457104653094,415.06635071090045,55.43457104653094,0.2619914371408293,0.6929321380816368,True,4,4,1,1,"fly (1,4)",0.19999999999999973,0.4754707313948927,-0.93121557576535,1.0455787225078685,5.22789361253935,4.656077878826756,414.8847720115716,2.575820181312087,2.100008460952838,55.41032013510138,0.6218467951688574,0.2804685757533086,0.13258260694474672,0.6629130347237344,0.3273003298608675
13,2.6,184.24056603773585,350.5471698113207,177,342,15,19,54.240566037735846,5.240634399781241,415.4528301886793,55.486187671276035,415.4528301886793,55.486187671276035,0.26203171998906205,0.6935773458909504,True,4,4,1,1,"fly (1,4)",0.20000000000000018,0.00833854958418101,-0.38647947777883473,0.3865694221655001,1.932847110827499,1.932397388894172,415.2851954765112,2.6534811432531007,2.0021173246980593,55.46379906197145,0.2580831237254697,0.2673946343503295,0.05162291190179556,0.2581145595089776,0.33836930581474434
14,2.8,184.35023041474653,350.66359447004606,178,341,15,20,54.350230414746534,5.25122999176295,415.33640552995394,55.47063846810737,415.33640552995394,55.47063846810737,0.2625614995881475,0.6933829808513421,True,4,4,1,1,"fly (1,4)",0.19999999999999973,0.10966437701068799,0.11642465872535013,0.1599405412784906,0.7997027063924541,-0.5821232936267514,415.3422262136692,1.142107066758314,0.2851536857899834,55.471415854914085,-0.07774601584333861,0.03808396471318541,0.018816064642304165,0.09408032321152095,0.14442669551492873
15,3.0,184.44748858447488,350.76255707762556,178,341,15,21,54.44748858447488,5.260626916374385,415.23744292237444,55.45742142535885,415.23744292237444,55.45742142535885,0.26303134581871923,0.6932177678169857,True,4,4,1,1,"fly (1,4)",0.20000000000000018,0.09725816972834878,0.09896260757949449,0.1387542766109979,0.6937713830549889,-0.494813037897472,415.36103590386256,0.9508596312855832,0.09404845096658702,55.47392800051586,-0.06608521374257487,0.012560728008885672,0.01621704076485755,0.08108520382428769,0.11889351888787116
16,3.2,184.44907407407408,350.49074074074076,178,341,15,20,54.449074074074076,5.260780103775273,415.50925925925924,55.493724108081366,415.50925925925924,55.493724108081366,0.26303900518876366,0.6936715513510171,True,4,4,1,1,"fly (1,4)",0.20000000000000018,0.0015854895991935791,-0.2718163368847968,0.27182096088186153,1.3591048044093064,1.3590816844239828,415.4409130159977,0.9642691173676013,0.39938556067587233,55.484596062236754,0.1815134136125705,0.05334030860447331,0.036303005925561,0.18151502962780486,0.11646550423003278
17,3.4,184.29493087557603,350.42396313364054,178,341,14,20,54.29493087557603,5.245887041118457,415.57603686635946,55.50264265327005,415.57603686635946,55.50264265327005,0.26229435205592283,0.6937830331658755,True,4,4,1,1,"fly (1,4)",0.19999999999999973,-0.1541431984980477,-0.06677760710022085,0.16798623292770154,0.8399311646385088,0.3338880355011047,415.547123630658,0.8404371724931922,0.5310530733011853,55.49878111928654,0.04459272594342429,0.0709252852489091,0.017359255847601136,0.0867962792380058,0.10026021274435686
18,3.6,184.23364485981307,350.44392523364485,178,341,14,20,54.23364485981307,5.2399656869384605,415.55607476635515,55.4999765965082,415.55607476635515,55.4999765965082,0.261998284346923,0.6937497074563526,True,4,4,1,1,"fly (1,4)",0.20000000000000018,-0.06128601576295978,0.01996210000430665,0.06445510968635221,0.32227554843176076,-0.09981050002153316,416.05891816328585,2.8683689833518056,2.558972663139423,55.567134312291934,-0.013330283809267473,0.3417659650269778,0.006493865873451979,0.032469329367259867,0.37110174673084817
19,3.8,184.22767857142856,348.9553571428571,177,340,16,20,54.227678571428555,5.23938923395445,417.0446428571429,55.69878368709755,417.0446428571429,55.69878368709755,0.2619694616977225,0.6962347960887193,True,4,4,1,1,"fly (1,4)",0.19999999999999973,-0.005966288384513518,-1.4885680907877372,1.4885800473970274,7.442900236985147,7.442840453938696,419.0810902716625,16.98777863705276,15.110860541883154,55.97076330840233,0.9940354529467768,2.0181449805519933,0.1988079263174555,0.9940396315872788,2.1584637193451344
20,4.0,180.11489361702127,341.35744680851064,173,332,16,21,50.114893617021266,4.8420187069585765,424.64255319148936,56.71352964160125,424.64255319148936,56.71352964160125,0.24210093534792881,0.7089191205200156,True,4,4,1,1,"fly (1,4)",0.20000000000000018,-4.112784954407289,-7.597910334346466,8.63963202514828,43.19816012574137,37.98955167173229,426.5210881415669,39.79185029190044,37.199989349521985,56.96441911740459,5.073729772518472,4.968279045011287,1.0897764394161737,5.448882197080864,5.153679350880534
21,4.2,176.39316239316238,328.12393162393164,170,318,15,21,46.393162393162385,4.482431149097815,437.87606837606836,58.48094402351497,437.87606837606836,58.48094402351497,0.22412155745489074,0.7310118002939372,True,4,4,1,1,"fly (1,4)",0.20000000000000018,-3.7217312238588818,-13.233515184579005,13.746898102594972,68.7344905129748,66.16757592289497,434.23335205557123,42.20115549108232,38.561319570021965,57.99443767019316,8.837071909568614,5.150092763942827,1.8036232447946934,9.01811622397346,5.4128950942631455
22,4.4,174.57805907172997,325.8185654008439,168,316,15,21,44.57805907172997,4.307058847510142,440.1814345991561,58.78883934546325,440.1814345991561,58.78883934546325,0.2153529423755071,0.7348604918182906,True,4,4,1,1,"fly (1,4)",0.20000000000000018,-1.8151033214324173,-2.3053662230877308,2.9341631669061594,14.670815834530783,11.526831115438643,439.42298557323926,27.937735964412095,25.948167588340024,58.687543983070356,1.5394766097413979,3.465531564385976,0.3543373723470229,1.771686861735113,3.6105244316484852
23,4.6,174.5022026431718,325.7885462555066,168,316,14,21,44.50220264317181,4.299729723977953,440.2114537444934,58.792848580232835,440.2114537444934,58.792848580232835,0.21498648619889765,0.7349106072529105,True,4,4,1,1,"fly (1,4)",0.1999999999999993,-0.07585642855815422,-0.030019145337291775,0.08158030914614017,0.4079015457307023,0.1500957266864594,440.1867507867953,5.110890539034937,3.8188260677801096,58.78954935382908,0.020046173847916366,0.5100268537936729,0.008354041847376219,0.041770209236881246,0.6151065680548474
24,4.8,174.47698744769875,325.8326359832636,168,316,14,21,44.47698744769875,4.297293473207608,440.1673640167364,58.786960135791176,440.1673640167364,58.786960135791176,0.21486467366038042,0.7348370016973897,True,4,4,1,1,"fly (1,4)",0.20000000000000018,-0.025215195473066387,0.044089727756954744,0.05079084736866804,0.25395423684333995,-0.22044863878477353,440.13628689322826,0.45241931701091015,-0.2523194678353013,58.7828096017667,-0.029442222208295704,-0.03369876031189983,0.006372526638509592,0.03186263319254793,0.0553165992704012
25,5.0,174.4549356223176,325.9699570815451,168,316,14,21,44.454935622317606,4.295162862059672,440.0300429184549,58.76862008927611,440.0300429184549,58.76862008927611,0.2147581431029836,0.7346077511159514,True,4,4,1,1,"fly (1,4)",0.20000000000000018,-0.02205182538114059,0.13732109828151806,0.1390804336917406,0.6954021684587024,-0.6866054914075898,440.1321923532242,0.6010160720701486,-0.02047270002009327,58.7822627516827,-0.09170023257532015,-0.0027342504200452283,0.018463391076354908,0.09231695538177445,0.07922787863873086
26,5.2,174.43153526970954,325.8008298755187,168,316,14,21,44.43153526970954,4.292901958426043,440.1991701244813,58.79120802998081,440.1991701244813,58.79120802998081,0.21464509792130212,0.7348901003747601,True,4,4,1,1,"fly (1,4)",0.20000000000000018,-0.023400352608064168,-0.16912720602641684,0.17073836218168364,0.8536918109084175,0.8456360301320834,443.2462456174867,16.796614162139672,15.570266321312246,59.19816302069938,0.11293970352348016,2.0795013450834294,0.02270080946837406,0.1135040473418702,2.1949683672965485
27,5.4,171.47619047619048,316.4904761904762,164,308,17,18,41.47619047619048,4.007361398665747,449.5095238095238,60.034660942841235,449.5095238095238,60.034660942841235,0.20036806993328735,0.7504332617855155,True,4,4,1,1,"fly (1,4)",0.20000000000000018,-2.9553447935190604,-9.310353685042458,9.76814970141039,48.840748507051906,46.551768425212245,446.9140090891128,20.550244516600994,18.33881735813065,59.68801456949753,6.217264564302129,2.449257743990737,1.2758168198332014,6.379084099166001,2.6148777249005675
28,5.6,169.63333333333333,314.9666666666667,162,307,17,17,39.633333333333326,3.8293075684380025,451.0333333333333,60.238174735670555,451.0333333333333,60.238174735670555,0.19146537842190012,0.752977184195882,True,4,4,1,1,"fly (1,4)",0.1999999999999993,-1.8428571428571558,-1.5238095238095184,2.391258646368525,11.956293231842668,7.619047619047619,450.6585643212509,20.999845366715927,18.722776160690362,60.18812211302182,1.0175689641466015,2.5005377176214214,0.27040900563876513,1.3520450281938305,2.6708562134119656
29,5.8,169.44776119402985,314.56716417910445,162,307,17,16,39.44776119402985,3.8113778931429807,451.43283582089555,60.29153066055366,451.43283582089555,60.29153066055366,0.19056889465714905,0.7536441332569208,True,4,4,1,1,"fly (1,4)",0.20000000000000018,-0.18557213930347416,-0.3995024875622448,0.4404988722506445,2.2024943612532204,1.9975124378112223,451.37456780026804,5.281582576818229,3.580017395085907,60.283748621070856,0.2667796244155338,0.47813254024520885,0.056287902575212816,0.28143951287606384,0.6088431185173194
30,6.0,169.19634703196346,314.3424657534247,161,306,18,18,39.196347031963455,3.787086669754923,451.6575342465753,60.32154046698836,451.6575342465753,60.32154046698836,0.18935433348774616,0.7540192558373545,True,4,4,1,1,"fly (1,4)",0.20000000000000018,-0.25141416206639633,-0.22469842567977594,0.33719202747176275,1.6859601373588122,1.1234921283988788,451.59066147241555,1.5181546601220977,1.0804683607374452,60.31260921167486,0.1500490321734914,0.14430295302002336,0.038608962896412795,0.19304481448206381,0.17992790281256202
31,6.2,169.3273542600897,314.31838565022423,161,306,18,18,39.32735426008969,3.7997443729555256,451.68161434977577,60.32475650748257,451.68161434977577,60.32475650748257,0.1899872186477763,0.7540594563435322,True,4,4,1,1,"fly (1,4)",0.20000000000000018,0.13100722812623644,-0.024080103200446956,0.13320189635085505,0.6660094817542747,0.12040051600223467,454.89249815367094,16.93126047837391,16.509183406276772,60.753589068937686,0.0160802024710449,2.2048992863140984,0.013059876215911701,0.06529938107955845,2.239325293509709
32,6.4,168.54511278195488,304.6616541353384,161,294,16,23,38.545112781954884,3.7241654861792157,461.3383458646616,61.61447023234212,461.3383458646616,61.61447023234212,0.18620827430896078,0.7701808779042765,True,4,4,1,1,"fly (1,4)",0.20000000000000018,-0.7822414781348073,-9.656731514885848,9.688362363201742,48.441811816008666,48.2836575744292,462.79050757147917,40.176970231265685,39.4900470890412,61.808415034588194,6.448568624297758,5.2741298282525735,1.2919263369935021,6.459631684967505,5.325985088520667
33,6.6,171.31640625,290.6484375,164,280,16,22,41.31640625,3.991923309178744,475.3515625,63.4860183639399,475.3515625,63.4860183639399,0.19959616545893719,0.7935752295492488,True,4,4,1,1,"fly (1,4)",0.1999999999999993,2.7712934680451156,-14.013216635338381,14.284617879206774,71.42308939603413,70.06608317669216,476.6491613740791,72.5530931432586,69.293269013,63.65932038385031,9.357740657988918,9.254526746310527,1.8906048399029811,9.453024199514939,9.486563520908573
34,6.8,179.18560606060606,272.74242424242425,172,262,15,23,49.18560606060606,4.752232469623774,493.25757575757575,65.87747255526888,493.25757575757575,65.87747255526888,0.2376116234811887,0.823468406940861,True,4,4,1,1,"fly (1,4)",0.20000000000000018,7.869199810606062,-17.90601325757575,19.558875643546614,97.79437821773298,89.53006628787867,493.704379419192,90.17168738508947,85.27609022556403,65.9371458322794,11.957270956644901,11.389127242145435,2.5094069356486575,12.547034678243277,11.736936763933828
35,7.0,185.512,253.49599999999998,179,243,14,22,55.512,5.363478260869566,512.504,68.44794657762938,512.504,68.44794657762938,0.26817391304347826,0.8555993322203673,True,4,4,1,1,"fly (1,4)",0.20000000000000018,6.326393939393938,-19.24642424242427,20.25951890830029,101.29759454150135,96.23212121212126,514.2546816311261,109.8368766299133,102.75151105967069,68.68176048495842,12.85237011180249,13.723073263395094,2.642150282808656,13.21075141404327,14.226549733659771
36,7.2,194.46666666666667,228.99753086419753,183,218,29,22,64.46666666666667,6.228663446054751,537.0024691358025,71.71986232197696,537.0024691358025,71.71986232197696,0.31143317230273754,0.896498279024712,True,4,4,1,1,"fly (1,4)",0.20000000000000018,8.954666666666668,-24.498469135802452,26.083731426101146,130.4186571305056,122.49234567901215,538.7653142733376,127.48578286857325,122.55316321105784,71.95530073767448,16.35957872173789,16.367701263580333,3.384372621738556,16.921863108692765,16.716790161074098
37,7.4,189.81376518218624,199.21052631578948,183,189,15,22,59.813765182186245,5.7791077470711345,566.7894736842105,75.69809331341709,566.7894736842105,75.69809331341709,0.28895538735355675,0.9462261664177137,True,4,4,1,1,"fly (1,4)",0.20000000000000018,-4.652901484480424,-29.78700454840805,30.148219386742593,150.74109693371284,148.9350227420401,561.2988484434911,115.94590951227697,112.66767085076707,74.96478777208561,19.891154957200623,15.047435172055708,4.003551192097255,20.01775596048626,15.279448689581168
38,7.6,190.55230125523013,185.89539748953976,184,176,15,21,60.552301255230134,5.850463889394216,580.1046025104603,77.4764076808628,580.1046025104603,77.4764076808628,0.2925231944697108,0.968455096010785,True,4,4,1,1,"fly (1,4)",0.1999999999999993,0.738536073043889,-13.315128826249719,13.335594894522451,66.67797447261249,66.57564413124898,577.7595638597621,83.67266808750331,82.30357708135483,77.16321387108674,8.891571837228614,10.992130495005654,1.7797453999128894,8.898726999564479,11.08877158607379
39,7.8,192.94331983805668,179.6153846153846,186,169,15,23,62.94331983805668,6.081480177590018,586.3846153846154,78.31514061898035,586.3846153846154,78.31514061898035,0.30407400887950087,0.9789392577372543,True,4,4,1,1,"fly (1,4)",0.20000000000000018,2.391018582826547,-6.2800128741551475,6.719786571236937,33.59893285618465,31.400064370775425,585.4086144698264,41.64886628494145,38.24525305032132,78.18478991249768,4.19366469058772,5.107880207054629,0.869966359634127,4.349831798170632,5.363082658681965
40,8.0,196.56378600823047,176.2633744855967,189,167,16,21,66.56378600823047,6.431283672292799,589.7366255144033,78.76282143764986,589.7366255144033,78.76282143764986,0.32156418361463995,0.9845352679706232,True,4,4,1,1,"fly (1,4)",0.20000000000000018,3.620466170173785,-3.3520101297879137,4.933938305205449,24.669691526027222,16.760050648939554,588.8195802996729,20.570444685070623,17.05482914923284,78.64034461431358,2.238404093347553,2.2777735090795175,0.5681378356621585,2.84068917831079,2.5411332137777563
41,8.2,196.9,175.6625,190,167,16,20,66.9,6.463768115942029,590.3375,78.84307178631052,590.3375,78.84307178631052,0.32318840579710145,0.9855383973288814,True,4,4,1,1,"fly (1,4)",0.1999999999999993,0.33621399176954014,-0.6008744855967052,0.688541934600002,3.442709673000022,3.0043724279835367,590.3922680286106,10.83762607374427,7.863438644688653,78.8503863811166,0.4012517433032784,1.0502088340151743,0.08657573297036983,0.43287866485185067,1.2753437035781685
42,8.4,197.33482142857144,174.89732142857142,190,167,17,19,67.33482142857144,6.505779848171154,591.1026785714286,78.94526591938946,591.1026785714286,78.94526591938946,0.3252889924085577,0.9868158239923682,True,4,4,1,1,"fly (1,4)",0.20000000000000107,0.43482142857143913,-0.7651785714285779,0.8800954044411244,4.400477022205599,3.825892857142869,590.9901370431894,10.0747584690378,2.989345072893835,78.93023533131077,0.5109706653946916,0.39924475097078477,0.11049265351437426,0.5524632675718684,1.0522438366574753
43,8.6,192.87906976744188,174.46976744186045,186,167,16,18,62.87906976744188,6.075272441298732,591.5302325581396,79.00236828823233,591.5302325581396,79.00236828823233,0.3037636220649366,0.9875296036029041,True,4,4,1,1,"fly (1,4)",0.1999999999999993,-4.455751661129568,-0.42755398671096145,4.476217742381546,22.381088711907807,2.137769933555099,591.5346418741073,11.298044145675869,2.7225241545894043,79.0029571785118,0.28551184421438436,0.36360923600525896,0.43427791550974054,2.17138957754871,1.1468248084589756
44,8.8,191.52657004830917,174.02898550724638,184,167,17,17,61.52657004830917,5.944596139933253,591.9710144927536,79.06123732791367,591.9710144927536,79.06123732791367,0.2972298069966626,0.9882654665989209,True,4,4,1,1,"fly (1,4)",0.20000000000000107,-1.3524997191327088,-0.4407819346140798,1.4225133405828527,7.112566702914226,2.203909673070245,591.7508302773293,10.204766284077198,1.0809420161100027,79.03183042101226,0.2943451984067009,0.14436621250216755,0.14332431605127102,0.7166215802563513,1.0120999084327529
45,9.0,191.4825870646766,174.24875621890547,185,167,15,17,61.48258706467661,5.940346576297257,591.7512437810946,79.03188564689076,591.7512437810946,79.03188564689076,0.2970173288148628,0.9878985705861345,True,4,4,1,1,"fly (1,4)",0.1999999999999993,-0.043982983632560035,0.2197707116590948,0.22412868748191744,1.1206434374095913,-1.0988535582953358,591.9175204347171,3.212658142210856,0.8334507869390452,79.05409287942798,-0.14675840511458257,0.11131229207866937,0.029657713498639996,0.14828856749320052,0.35064102702996275
46,9.2,191.5151515151515,173.96969696969697,185,167,15,17,61.5151515151515,5.943492900014638,592.030303030303,79.06915566347953,592.030303030303,79.06915566347953,0.2971746450007319,0.9883644457934941,True,4,4,1,1,"fly (1,4)",0.1999999999999993,0.03256445047489365,-0.2790592492085011,0.28095285726175506,1.4047642863087804,1.3952962460422262,591.9222071460878,1.9592281796517155,0.023433556853358305,79.05471881750755,0.18635008294388977,0.0031296903977800195,0.037402586668067866,0.18701293334034,0.21995449868422548
47,9.4,192.18407960199005,174.01492537313433,185,167,16,17,62.18407960199005,6.0081236330425165,591.9850746268656,79.06311514215234,591.9850746268656,79.06311514215234,0.30040618165212585,0.9882889392769042,True,4,4,1,1,"fly (1,4)",0.20000000000000107,0.6689280868385481,0.04522840343736334,0.6704553630473643,3.3522768152368037,-0.2261420171868155,591.9449632840968,2.2200835262294922,0.11378069004555025,79.05775803460392,-0.03020260663596714,0.015196085481884966,0.06491239904382824,0.3245619952191395,0.2368909046297506
48,9.6,192.5268292682927,174.18048780487806,186,167,16,17,62.52682926829269,6.041239542830211,591.8195121951219,79.04100329817989,591.8195121951219,79.04100329817989,0.30206197714151056,0.9880125412272486,True,4,4,1,1,"fly (1,4)",0.1999999999999993,0.3427496663026375,0.16556243174372298,0.38064189542858295,1.9032094771429215,-0.8278121587187599,591.8216839794221,2.1732886598445478,-0.6163965233732437,79.04129335284436,-0.11055921986226774,-0.08232340879776708,0.039819557065955025,0.19909778532977582,0.22204633983372826
49,9.8,192.33023255813953,174.33953488372094,185,167,17,18,62.33023255813953,6.022244691607684,591.660465116279,79.01976161820087,591.660465116279,79.01976161820087,0.3011122345803842,0.9877470202275109,True,4,4,1,1,"fly (1,4)",0.20000000000000107,-0.19659671015315894,0.15904707884288882,0.2528759374307909,1.2643796871539477,-0.7952353942141557,591.7399886557005,1.5837945821484203,-0.8115237764664578,79.03038245819039,-0.10620839989506635,-0.10838380987866705,0.02849584779045476,0.14247923895227305,0.17078851214102264
0,0.0,298.0701754385965,333.9473684210526,289,329,19,12,168.0701754385965,16.2386642935842,432.0526315789474,57.70318952640366,432.0526315789474,57.70318952640366,0.8119332146792101,0.7212898690800458,True,5,5,1,1,"fly (1,5)",,,,,,,432.12754278333875,1.2015667170666462,0.37455602195663573,57.713194361714685,,0.05002417655513014,,,0.1211216477149712
1,0.2,297.6134969325153,333.79754601226995,289,329,19,11,167.61349693251532,16.194540766426602,432.20245398773005,57.723199197025714,432.20245398773005,57.723199197025714,0.8097270383213301,0.7215399899628214,True,5,5,1,1,"fly (1,5)",0.2,-0.45667850608117533,-0.1498224087826543,0.4806266868266585,2.4031334341332924,0.7491120439132715,432.1495446512581,1.1142138781744884,0.23486134691561725,57.71613284157036,0.10004835311026028,0.031367124796742495,0.048448659085988485,0.2422432954299424,0.11103661376927655
2,0.4,297.4258064516129,333.80645161290323,289,329,18,11,167.4258064516129,16.176406420445694,432.19354838709677,57.72200980128171,432.19354838709677,57.72200980128171,0.8088203210222846,0.7215251225160213,True,5,5,1,1,"fly (1,5)",0.2,-0.18769048090240403,0.008905600633283939,0.18790164007803453,0.9395082003901726,-0.044528003166419694,432.5833465473025,3.677180543609866,2.169009480222239,57.77406965573323,-0.005946978720032803,0.2896840708143127,0.01817330917557745,0.09086654587788724,0.4162023154603956
3,0.6,298.4347826086956,332.64596273291926,291,326,16,15,168.43478260869563,16.2738920394875,433.35403726708074,57.87699996889225,433.35403726708074,57.87699996889225,0.813694601974375,0.7234624996111532,True,5,5,1,1,"fly (1,5)",0.19999999999999996,1.0089761570827136,-1.1604888799839728,1.537779999261226,7.688899996306132,5.802444399919865,435.1722721411361,13.903735454114644,12.944627969167845,58.11983601217177,0.7749508380527106,1.7288317821927037,0.18309942101467142,0.9154971050733572,1.8081108671130313
4,0.8,298.5692307692308,326.03076923076924,292,317,15,20,168.56923076923078,16.286882199925678,439.96923076923076,58.76049826634134,439.96923076923076,58.76049826634134,0.814344109996284,0.7345062283292667,True,5,5,1,1,"fly (1,5)",0.20000000000000007,0.1344481605351575,-6.615193502150021,6.616559633129527,33.082798165647624,33.07596751075009,441.8424855059956,34.638631823448264,33.351066824297675,59.01068253836335,4.417491487245433,4.454232630957951,0.8835937900775702,4.417968950387849,4.547471735837772
5,1.0,295.4397905759162,313.7958115183246,289,305,15,20,165.43979057591622,15.98452082859094,452.2041884816754,60.39454937985648,452.2041884816754,60.39454937985648,0.799226041429547,0.7549318672482059,True,5,5,1,1,"fly (1,5)",0.19999999999999996,-3.129440193314565,-12.234957712444611,12.628839461678202,63.14419730839103,61.17478856222307,453.14761643423986,58.84519988502748,56.525654641221195,60.520549774188964,8.17025556757571,7.549336179128048,1.6617898304104215,8.30894915205211,7.713578990136969
6,1.2,289.8704663212435,298.73056994818654,283,290,15,20,159.8704663212435,15.446421866786812,467.26943005181346,62.40660167636908,467.26943005181346,62.40660167636908,0.7723210933393406,0.7800825209546135,True,5,5,1,1,"fly (1,5)",0.19999999999999996,-5.569324254672722,-15.065241570138085,16.061720836208757,80.3086041810438,75.32620785069044,462.50502310356364,49.12682370269431,46.78703334661881,61.77028689196175,10.060261482563002,6.248685588863943,2.082763773594189,10.413818867970948,6.41434996400897
7,1.4,289.72538860103623,297.95854922279796,283,289,15,19,159.72538860103623,15.432404695752293,468.04145077720204,62.5097096196597,468.04145077720204,62.5097096196597,0.7716202347876147,0.7813713702457463,True,5,5,1,1,"fly (1,5)",0.19999999999999996,-0.1450777202072686,-0.772020725388586,0.7855339237296229,3.9276696186481157,3.860103626942931,467.8889672571413,28.769002875215865,26.919720767888297,62.48934454185527,0.5155397164531196,3.595288249467561,0.10405637440077119,0.520281872003856,3.7270688987894687
8,1.6,289.9947643979058,297.64397905759165,283,289,15,19,159.99476439790578,15.45843134279283,468.35602094240835,62.551722329537014,468.35602094240835,62.551722329537014,0.7729215671396414,0.7818965291192126,True,5,5,1,1,"fly (1,5)",0.20000000000000018,0.2693757968695536,-0.3145701652063053,0.4141469651911374,2.070734825955685,1.5728508260315253,468.14602695222203,2.760418503948196,1.2852984754040142,62.52367638760896,0.21006354938656083,0.1716592287684785,0.049421191278720494,0.24710595639360225,0.34385823709225277
9,1.8,290.3248730964467,297.95939086294413,283,289,16,19,160.3248730964467,15.490325903038329,468.04060913705587,62.509597213630165,468.04060913705587,62.509597213630165,0.7745162951519164,0.781369965170377,True,5,5,1,1,"fly (1,5)",0.19999999999999996,0.3301086985409256,0.3154118053524826,0.45657021344815746,2.282851067240788,-1.5770590267624134,467.9836951750029,2.912393261243629,-0.8116588860957571,62.50199601669488,-0.21062557953424493,-0.10840185457038143,0.05283737657585999,0.26418688287930003,0.3301592298971125
10,2.0,291.0544554455446,298.4455445544554,283,289,17,20,161.0544554455446,15.560816951260346,467.5544554455446,62.44466850691747,467.5544554455446,62.44466850691747,0.7780408475630174,0.7805583563364684,True,5,5,1,1,"fly (1,5)",0.19999999999999996,0.7295823490978819,0.4861536915112765,0.8767187781068825,4.383593890534414,-2.430768457556383,467.98688532681666,6.834475157869153,0.015950759068534087,62.502422080376185,-0.32464353356346015,0.002130318406478963,0.09583697008368702,0.4791848504184352,0.7105318421102661
11,2.2,288.4086021505376,297.63440860215053,282,289,15,19,158.4086021505376,15.305178951742764,468.36559139784947,62.5530005205809,468.36559139784947,62.5530005205809,0.7652589475871382,0.7819125065072612,True,5,5,1,1,"fly (1,5)",0.20000000000000018,-2.6458532950069866,-0.8111359523048804,2.767396103166454,13.836980515832257,4.055679761524399,467.8193726364613,8.602116162380122,-0.8375634517767625,62.48004976780785,0.541660068317142,-0.11186156284164683,0.2776447586066129,1.3882237930330634,0.8978949843364195
12,2.4,289.6802030456853,298.4619289340102,283,289,15,20,159.6802030456853,15.428038941612105,467.5380710659898,62.44248027592518,467.5380710659898,62.44248027592518,0.7714019470806053,0.7805310034490648,True,5,5,1,1,"fly (1,5)",0.19999999999999973,1.2716008951476852,0.8275203318596596,1.5171548161547375,7.585774080773698,-4.137601659298303,467.95920693239094,7.878367332267968,0.6991714796479643,62.498725466763396,-0.5526012232786223,0.09337849477770226,0.16525526191155174,0.8262763095577598,0.8359617758310226
13,2.6,289.60416666666663,298.02604166666663,282,289,16,19,159.60416666666663,15.420692431561994,467.97395833333337,62.500695603784095,467.97395833333337,62.500695603784095,0.7710346215780997,0.7812586950473012,True,5,5,1,1,"fly (1,5)",0.20000000000000018,-0.07603637901866023,-0.43588726734355987,0.4424694800395903,2.2123474001979497,2.1794363367177976,467.6976124933771,4.479783914517557,-1.3079721950689829,62.46378797908209,0.2910766392945871,-0.17468743840653456,0.058677044980448956,0.2933852249022445,0.5051395106134392
14,2.8,290.2171717171717,298.4191919191919,283,289,16,20,160.2171717171717,15.479919972673596,467.5808080808081,62.44818805753698,467.5808080808081,62.44818805753698,0.7739959986336797,0.7806023507192121,True,5,5,1,1,"fly (1,5)",0.19999999999999973,0.6130050505050804,0.3931502525252881,0.7282460525162041,3.6412302625810256,-1.9657512626264433,467.7644866271594,2.9999603487939663,0.33437066891148315,62.472719415981224,-0.26253773123556845,0.04465718449570936,0.07915139947606259,0.39575699738031345,0.3339087510065122
15,3.0,289.608040201005,298.2613065326633,282,289,16,20,159.608040201005,15.421066686087439,467.7386934673367,62.4692745866226,467.7386934673367,62.4692745866226,0.771053334304372,0.7808659323327825,True,5,5,1,1,"fly (1,5)",0.20000000000000018,-0.6091315161667126,-0.15788538652861916,0.6292606767205857,3.146303383602926,0.7894269326430952,467.7531671827149,2.5992106976025697,-0.05659722222229058,62.47120763709048,0.1054326454281095,-0.00755889445374693,0.06251680614739578,0.31258403073697866,0.2810062922606365
16,3.2,289.625,298.06,282,289,16,20,159.625,15.422705314009661,467.94,62.49616026711185,467.94,62.49616026711185,0.7711352657004831,0.7812020033388981,True,5,5,1,1,"fly (1,5)",0.20000000000000018,0.01695979899500344,-0.20130653266329546,0.20201968932475212,1.0100984466237597,1.0065326633164764,467.7660685541529,2.196858173325356,0.06450685718978726,62.47293069170656,0.13442840244621823,0.008615273080418059,0.026935569732923503,0.1346778486646174,0.24167003349267765
17,3.4,289.25853658536585,298.38048780487804,282,289,16,20,159.25853658536585,15.387298220808294,467.61951219512196,62.45335722138523,467.61951219512196,62.45335722138523,0.7693649110404147,0.7806669652673155,True,5,5,1,1,"fly (1,5)",0.19999999999999973,-0.3664634146341541,0.3204878048780415,0.4868345379498763,2.434172689749385,-1.6024390243902098,467.7050225835592,1.5188793554543494,-0.3052298529685999,62.46477764054213,-0.21401522863307348,-0.0407652558221847,0.05554964421528731,0.27774822107643693,0.17462419130726825
18,3.6,289.0454545454545,298.44444444444446,282,289,15,20,159.0454545454545,15.366710584101885,467.55555555555554,62.44481543312929,467.55555555555554,62.44481543312929,0.7683355292050942,0.780560192914116,True,5,5,1,1,"fly (1,5)",0.20000000000000018,-0.21308203991134178,0.06395663956641329,0.22247338599798125,1.1123669299899053,-0.31978319783206616,467.66866187502455,2.063234253379557,-0.18180354267305657,62.45992145242398,-0.042708941279698785,-0.024280940590711498,0.0222893008361501,0.11144650418075039,0.22479564167837918
19,3.8,288.59420289855075,298.16908212560384,281,289,16,20,158.59420289855075,15.323111391164323,467.83091787439616,62.48159170275742,467.83091787439616,62.48159170275742,0.7661555695582162,0.7810198962844678,True,5,5,1,1,"fly (1,5)",0.19999999999999973,-0.4512516469037564,-0.2753623188406209,0.5286326280798758,2.6431631403993823,1.3768115942031063,468.55761946882586,8.918735382729464,4.444787969006443,62.57864700752265,0.18388134814063786,0.5936277754933523,0.05703843995558996,0.2851921997779502,0.9635508757014298
20,4.0,284.70422535211264,295.7136150234742,277,286,16,21,154.70422535211264,14.947268149962575,470.2863849765258,62.809533886681244,470.2863849765258,62.809533886681244,0.7473634074981287,0.7851191735835156,True,5,5,1,1,"fly (1,5)",0.20000000000000018,-3.8899775464381037,-2.45546710212966,4.600135215559825,23.000676077799103,12.277335510648289,469.5421590542828,17.412921382004125,4.922697927285068,62.71013810407785,1.639710919619118,0.6574554827759603,0.49880278462911826,2.494013923145589,1.783605385573944
21,4.2,279.38990825688074,295.4908256880734,270,287,20,18,149.38990825688074,14.43380756105128,470.5091743119266,62.83928872279487,470.5091743119266,62.83928872279487,0.721690378052564,0.7854911090349359,True,5,5,1,1,"fly (1,5)",0.20000000000000018,-5.3143170952319,-0.22278933540076196,5.318984985562784,26.594924927813896,1.113946677003809,469.0796518382892,23.761009150333354,-2.3125360799684795,62.64836752431241,0.14877418056812516,-0.30885289882717126,0.514322006759659,2.571610033798293,2.6256952297180716
22,4.4,280.9009433962264,299.5566037735849,271,292,21,16,150.9009433962264,14.579801294321394,466.4433962264151,62.29627996346112,466.4433962264151,62.29627996346112,0.7289900647160696,0.7787034995432639,True,5,5,1,1,"fly (1,5)",0.20000000000000018,1.5110351393456654,4.065778085511511,4.337485289077419,21.687426445387075,-20.328890427557536,467.8349364481039,16.30475302802325,-6.22357695092612,62.48212840709235,-2.715043796668757,-0.8311955861003159,0.562292346442067,2.811461732210333,1.8207003289326833
23,4.6,280.9651741293533,299.44776119402985,271,292,21,17,150.96517412935327,14.586007162256355,466.55223880597015,62.310816535021054,466.55223880597015,62.310816535021054,0.7293003581128178,0.7788852066877632,True,5,5,1,1,"fly (1,5)",0.1999999999999993,0.06423073312686256,-0.10884257955507337,0.12638154217375538,0.6319077108687792,0.5442128977753687,466.55197403790834,7.737442281336886,-6.4148120509781785,62.310781173677235,0.07268285779968435,-0.8567361670755594,0.015805844157884722,0.07902922078942388,0.996706040666047
24,4.8,280.82296650717706,299.3397129186603,270,292,22,16,150.82296650717706,14.572267295379426,466.6602870813397,62.32524702254953,466.6602870813397,62.32524702254953,0.7286133647689713,0.7790655877818693,True,5,5,1,1,"fly (1,5)",0.20000000000000018,-0.1422076221762154,-0.10804827536952644,0.17859853755096164,0.8929926877548074,0.5402413768476317,466.59229410765107,1.2498404142513302,0.20160034871414292,62.31616615795006,0.07215243764239425,0.026924921364148785,0.01992543379967685,0.09962716899838416,0.13269955672092337
25,5.0,281.25742574257424,299.43564356435644,271,292,21,16,151.25742574257424,14.614244033098961,466.56435643564356,62.31243491627961,466.56435643564356,62.31243491627961,0.730712201654948,0.7789054364534951,True,5,5,1,1,"fly (1,5)",0.20000000000000018,0.4344592353971848,0.09593064569611442,0.44492416882608193,2.2246208441304076,-0.4796532284805717,466.609764893258,1.1071687496333693,0.08735392803420906,62.31849948490924,-0.06406053134963224,0.01166663479588454,0.043888456074992456,0.21944228037496208,0.11538233795957477
26,5.2,281.25116279069766,299.3953488372093,271,291,22,17,151.25116279069766,14.613638916975619,466.6046511627907,62.317816515898585,466.6046511627907,62.317816515898585,0.730681945848781,0.7789727064487323,True,5,5,1,1,"fly (1,5)",0.20000000000000018,-0.006262951876578882,-0.04029472714711346,0.04077854340297929,0.20389271701489625,0.20147363573556715,466.69170362827305,1.4252698449979826,0.4096936750755727,62.32944288858405,0.026907998094891614,0.054717018374053766,0.005415512901075615,0.02707756450537805,0.15757692954733651
27,5.4,281.037558685446,299.093896713615,271,291,21,17,151.03755868544602,14.593000839173529,466.906103286385,62.358077233573965,466.906103286385,62.358077233573965,0.7296500419586764,0.7794759654196745,True,5,5,1,1,"fly (1,5)",0.20000000000000018,-0.21360410525164752,-0.3014521235943448,0.3694591947697297,1.847295973848647,1.5072606179717227,466.8118790260946,0.9438355125820265,0.600876989107348,62.34549302518792,0.20130358837690193,0.08025068301934127,0.04524218875233393,0.22621094376166945,0.10972567756228567
28,5.6,280.8826291079812,299.07511737089203,271,291,21,18,150.8826291079812,14.578031797872578,466.92488262910797,62.36058532609121,466.92488262910797,62.36058532609121,0.728901589893629,0.7795073165761401,True,5,5,1,1,"fly (1,5)",0.1999999999999993,-0.15492957746482716,-0.018779342722950787,0.15606356937650737,0.7803178468825396,0.09389671361475427,466.8475658757349,1.5168101380163108,0.17843424820171086,62.35025921545708,0.01254046258623025,0.023830951345817187,0.015177704883961841,0.07588852441980948,0.1707575217197087
29,5.8,281.2027027027027,299.2882882882883,271,291,22,18,151.2027027027027,14.608956782869827,466.7117117117117,62.332115086706075,466.7117117117117,62.332115086706075,0.7304478391434913,0.7791514385838259,True,5,5,1,1,"fly (1,5)",0.20000000000000018,0.32007359472152075,0.21317091739626903,0.3845633186635502,1.9228165933177492,-1.0658545869813443,466.8033092247177,1.0210947178028553,-0.22128325508617733,62.34434847742474,-0.14235119692568063,-0.02955369016176466,0.04203461939552948,0.21017309697764722,0.11032771695093542
30,6.0,281.24,299.2266666666667,271,291,22,18,151.24,14.612560386473431,466.7733333333333,62.340345019476906,466.7733333333333,62.340345019476906,0.7306280193236715,0.7792543127434612,True,5,5,1,1,"fly (1,5)",0.20000000000000018,0.03729729729730025,-0.061621621621611666,0.07202994264165617,0.36014971320828054,0.30810810810805805,466.7040793425004,1.214170997323673,-0.4961494110864346,62.33109573856433,0.04114966385415638,-0.06626369430202073,0.008984305891069922,0.04492152945534957,0.13424104690259545
31,6.2,281.469298245614,299.3728070175439,271,291,22,18,151.46929824561403,14.63471480633952,466.6271929824561,62.32082710951,466.6271929824561,62.32082710951,0.731735740316976,0.7790103388688749,True,5,5,1,1,"fly (1,5)",0.20000000000000018,0.22929824561401801,0.14614035087720367,0.2719093370889987,1.3595466854449925,-0.7307017543860177,466.69703642514355,0.760286266420615,-0.0352145867841121,62.33015511521116,-0.09758954983453796,-0.004703116765831783,0.02952570285495793,0.14762851427478954,0.08471449145660663
32,6.4,281.37668161434976,299.30941704035877,271,291,22,18,151.37668161434976,14.625766339550701,466.69058295964123,62.329293216646576,466.69058295964123,62.329293216646576,0.731288316977535,0.7791161652080822,True,5,5,1,1,"fly (1,5)",0.20000000000000018,-0.09261663126426356,-0.06338997718512474,0.1122324801217152,0.5611624006085755,0.3169498859256234,466.5910443616515,1.0828881223126172,-0.5299603174603376,62.315999246965134,0.042330535682886215,-0.07077934123010737,0.01231868612793616,0.06159343063968075,0.12573954566576168
33,6.6,281.5,299.5446428571429,271,291,22,18,151.5,14.63768115942029,466.4553571428571,62.29787741473884,466.4553571428571,62.29787741473884,0.7318840579710145,0.7787234676842356,True,5,5,1,1,"fly (1,5)",0.1999999999999993,0.12331838565023645,0.2352258167841228,0.2655910561768565,1.3279552808842874,-1.1761290839206182,466.5128780554751,0.7872560607357456,-0.3908315308819979,62.30555967351921,-0.15707900953867038,-0.05219786722965617,0.033599338416562825,0.16799669208281473,0.09454259351740342
34,6.8,281.42922374429224,299.6073059360731,271,292,22,17,151.42922374429224,14.630842873844662,466.3926940639269,62.289508389172205,466.3926940639269,62.289508389172205,0.731542143692233,0.7786188548646527,True,5,5,1,1,"fly (1,5)",0.20000000000000018,-0.07077625570775581,0.06266307893019984,0.09453010014287562,0.4726505007143777,-0.31331539465099895,466.4274801156851,0.683714302584649,-0.42698969894957056,62.2941542725456,-0.04184512783318436,-0.05702700486806378,0.010807531565942968,0.05403765782971479,0.0843150154428135
35,7.0,281.45701357466066,299.5656108597285,271,292,22,17,151.45701357466066,14.633527881609727,466.4343891402715,62.29507701372574,466.4343891402715,62.29507701372574,0.7316763940804863,0.7786884626715718,True,5,5,1,1,"fly (1,5)",0.20000000000000018,0.027789830368419643,-0.04169507634458114,0.050107425231057205,0.2505371261552858,0.2084753817229055,466.41740132571505,0.7372918401907089,-0.05039394985042611,62.2928081904127,0.027843122767663406,-0.006730410664488313,0.0061821392831822,0.03091069641591097,0.07628213026015963
36,7.2,281.15942028985506,299.57487922705315,271,292,21,17,151.15942028985506,14.604774907232372,466.42512077294685,62.29383916834015,466.42512077294685,62.29383916834015,0.7302387453616187,0.7786729896042518,True,5,5,1,1,"fly (1,5)",0.20000000000000018,-0.29759328480560043,0.009268367324636984,0.29773757874049356,1.4886878937024666,-0.046341836623184876,466.58604247491303,1.6524118251647948,0.8432057459897154,62.31533121534732,-0.006189226927943986,0.11261512467309359,0.028779607306970656,0.14389803653485314,0.18490313675398604
37,7.4,280.7235023041475,299.10138248847926,271,291,21,18,150.72350230414747,14.562657227453862,466.89861751152074,62.35707746397606,466.89861751152074,62.35707746397606,0.7281328613726931,0.7794634682997007,True,5,5,1,1,"fly (1,5)",0.20000000000000018,-0.4359179857075901,-0.4734967385738855,0.6436020911273278,3.218010455636636,2.3674836928694254,466.65508257281,2.121500762246043,0.3452004894846042,62.32455192959065,0.31619147817956134,0.0461035712166451,0.07598013546223885,0.3799006773111939,0.2410211700272832
38,7.6,280.5141509433962,299.35849056603774,271,291,20,18,150.5141509433962,14.542430042840213,466.64150943396226,62.322739156455725,466.64150943396226,62.322739156455725,0.7271215021420107,0.7790342394556966,True,5,5,1,1,"fly (1,5)",0.1999999999999993,-0.20935136075127048,0.25710807755848464,0.3315607874798049,1.6578039373990303,-1.2855403877924279,466.6822645373832,2.047878969163534,0.13590982286634115,62.32818224205452,-0.17169153760168204,0.018151562319369652,0.03985295924716035,0.19926479623580245,0.23884422612030046
39,7.8,280.7288888888889,299.49333333333334,271,291,21,18,150.7288888888889,14.563177670424047,466.50666666666666,62.30473010573177,466.50666666666666,62.30473010573177,0.7281588835212024,0.7788091263216472,True,5,5,1,1,"fly (1,5)",0.20000000000000018,0.21473794549268632,0.13484276729559497,0.2535645028909881,1.2678225144549393,-0.6742138364779743,466.4922491764001,1.3604059942594322,-0.9500768049155313,62.30280456446078,-0.09004525361977037,-0.12688838796870303,0.027473440962781037,0.13736720481390507,0.1584079854306189
40,8.0,280.87619047619046,299.6714285714286,271,292,21,17,150.87619047619046,14.577409707844488,466.3285714285714,62.28094443119484,466.3285714285714,62.28094443119484,0.7288704853922244,0.7785118053899356,True,5,5,1,1,"fly (1,5)",0.20000000000000018,0.14730158730156973,0.17809523809523853,0.23111830618486642,1.1555915309243312,-0.8904761904761919,466.4717155903457,1.3680592603654897,-0.10266793027198928,62.30006218235001,-0.11892837268465672,-0.013711910553860887,0.027718391048429863,0.13859195524214918,0.15848480920904184
41,8.2,280.65296803652967,299.42009132420094,271,291,21,18,150.65296803652967,14.555842322370017,466.57990867579906,62.31451201012341,466.57990867579906,62.31451201012341,0.7277921161185008,0.7789314001265427,True,5,5,1,1,"fly (1,5)",0.1999999999999993,-0.22322243966078759,-0.2513372472276387,0.33615274714343946,1.6807637357172032,1.256686236138198,466.49739683720344,0.9934280863807142,0.1284062342885305,62.303492065068895,0.1678378946428444,0.017149413594464844,0.03989905351421411,0.19949526757107128,0.11736780887634352
42,8.4,280.6244343891403,299.4162895927602,271,291,21,18,150.62443438914028,14.553085448226115,466.5837104072398,62.31501975388845,466.5837104072398,62.31501975388845,0.7276542724113056,0.7789377469236056,True,5,5,1,1,"fly (1,5)",0.20000000000000107,-0.0285336473893949,-0.003801731440717049,0.028785798500122573,0.14392899250061209,0.019008657203585144,466.5367102369819,0.8456775945932838,0.19656699889253626,62.30874260260193,0.0025387188252068292,0.026252687665137466,0.0028032407631620364,0.014016203815810107,0.10232935032826651
43,8.6,280.5860465116279,299.55348837209306,271,291,21,18,150.5860465116279,14.549376474553421,466.44651162790694,62.29669604379392,466.44651162790694,62.29669604379392,0.727468823727671,0.7787087005474239,True,5,5,1,1,"fly (1,5)",0.1999999999999993,-0.0383878775123776,0.13719877933283442,0.14246801111240762,0.7123400555620406,-0.6859938966641745,466.53621780256526,0.567112668471938,-0.002462172083333399,62.30867683506714,-0.09161855047263888,-0.0003288376739029088,0.01869531591958356,0.09347657959791812,0.0697681100662534
44,8.8,280.48039215686276,299.42156862745094,271,291,21,18,150.48039215686276,14.539168324334566,466.57843137254906,62.31431470751907,466.57843137254906,62.31431470751907,0.7269584162167283,0.7789289338439884,True,5,5,1,1,"fly (1,5)",0.20000000000000107,-0.10565435476513585,-0.13191974464211853,0.16901379147063397,0.8450689573531653,0.6595987232105891,466.42164766681867,1.3543770741163719,-0.5728506787329519,62.29337531443321,0.08809331862572331,-0.0765076031696789,0.020362309357006503,0.10181154678503197,0.16110334476282318
45,9.0,280.85,299.76,272,292,20,17,150.85000000000002,14.574879227053142,466.24,62.26911519198664,466.24,62.26911519198664,0.7287439613526571,0.7783639398998331,True,5,5,1,1,"fly (1,5)",0.1999999999999993,0.3696078431372598,0.33843137254905287,0.5011444418867809,2.5057222094339133,-1.6921568627452703,466.3635772806776,1.3581474059093115,-0.290351930705605,62.28561967020735,-0.22599757766212117,-0.038778221129299024,0.05760438158110368,0.28802190790551946,0.15377323304027604
46,9.2,280.7089201877934,299.7276995305164,271,292,21,18,150.7089201877934,14.561248327323035,466.2723004694836,62.27342911111634,466.2723004694836,62.27342911111634,0.7280624163661518,0.7784178638889542,True,5,5,1,1,"fly (1,5)",0.1999999999999993,-0.1410798122066126,-0.032300469483573124,0.14473021018817153,0.7236510509408602,0.1615023474178662,466.20191947113625,1.7204003643824712,-0.8082890477063152,62.26402931167096,0.02156959564850077,-0.10795179268196624,0.014297248886055278,0.07148624443027664,0.1878529068718159
47,9.4,281.0514018691589,299.9065420560747,272,291,20,19,151.0514018691589,14.59433834484627,466.0934579439253,62.24954363190989,466.0934579439253,62.24954363190989,0.7297169172423135,0.7781192953988736,True,5,5,1,1,"fly (1,5)",0.20000000000000107,0.3424816813654843,0.17884252555830926,0.38636556655453086,1.931827832772644,-0.8942126277915415,466.16417299226305,1.435295390355762,-0.18873239436620107,62.258988045711256,-0.11942739603227828,-0.02520632979847402,0.04081011365593053,0.20405056827965154,0.14524463775763125
48,9.6,280.7230046948357,299.8732394366197,271,292,21,17,150.7230046948357,14.562609149259488,466.1267605633803,62.25399139410756,466.1267605633803,62.25399139410756,0.7281304574629744,0.7781748924263444,True,5,5,1,1,"fly (1,5)",0.1999999999999993,-0.32839717432318594,-0.03330261945501434,0.33008145747075596,1.6504072873537856,0.16651309727507227,466.11585899929054,1.3176909179132121,-0.24156996486254737,62.25253542561476,0.02223881098835542,-0.03226310048248113,0.03203942011259298,0.1601971005629655,0.13335948410888257
49,9.8,280.7971698113207,299.87264150943395,271,292,21,17,150.7971698113207,14.569774860997171,466.12735849056605,62.254071250826854,466.12735849056605,62.254071250826854,0.7284887430498586,0.7781758906353357,True,5,5,1,1,"fly (1,5)",0.20000000000000107,0.07416511648500546,-0.0005979271857654567,0.07416752672264261,0.3708376336132111,0.0029896359288272673,466.12705952697314,1.0106224604834964,0.08475136660194971,62.2540313224672,0.00039928359647944733,0.01131904729241745,0.007166156696806154,0.03583078348403058,0.09801394202349806
0,0.0,201.44375,228.65625,194,223,17,13,71.44375,6.902777777777778,537.34375,71.76544240400668,537.34375,71.76544240400668,0.3451388888888889,0.8970680300500835,True,6,6,1,1,"fly (1,6)",,,,,,,537.2132762738854,0.6911310857984333,-0.6523686305732213,71.74801686462575,,-0.08712769690458089,,,0.08987426316926438
1,0.2,201.53503184713375,228.9171974522293,194,223,17,14,71.53503184713375,6.911597279916304,537.0828025477707,71.73059132524484,537.0828025477707,71.73059132524484,0.34557986399581525,0.8966323915655604,True,6,6,1,1,"fly (1,6)",0.2,0.09128184713375731,0.2609474522292885,0.27645243431937333,1.3822621715968666,-1.3047372611464425,537.15961337649,0.5629761727299196,-0.48577069716770893,71.74084986664307,-0.17425539380916177,-0.06487755554826909,0.03594970526770575,0.17974852633852875,0.07084947664290686
2,0.4,201.58823529411765,228.94771241830065,195,223,15,14,71.58823529411765,6.916737709576585,537.0522875816994,71.72651587067772,537.0522875816994,71.72651587067772,0.34583688547882924,0.8965814483834714,True,6,6,1,1,"fly (1,6)",0.2,0.05320344698390045,0.03051496607136528,0.06133326931857848,0.3066663465928924,-0.1525748303566843,537.0493035474302,1.1093084622666571,-0.5515491452990773,71.72611733521605,-0.0203772728356455,-0.07366265713512139,0.006559980718038369,0.032799903590191845,0.12398251681703677
3,0.6,201.2628205128205,228.9871794871795,194,223,17,14,71.2628205128205,6.885296667905362,537.0128205128206,71.7212448097256,537.0128205128206,71.7212448097256,0.3442648333952681,0.8965155601215702,True,6,6,1,1,"fly (1,6)",0.19999999999999996,-0.3254147812971553,0.03946706887884943,0.32779937372204243,1.6389968686102125,-0.1973353443941051,537.0090444703252,0.8231373978438256,-0.20129538552491036,71.72074049687147,-0.026355304760556926,-0.026884191722871265,0.03187982410447794,0.15939912052238975,0.08265294796424329
4,0.8,201.35443037974684,229.0379746835443,194,223,17,14,71.35443037974684,6.894147862777474,536.9620253164558,71.71446081021112,536.9620253164558,71.71446081021112,0.34470739313887366,0.896430760127639,True,6,6,1,1,"fly (1,6)",0.20000000000000007,0.09160986692634765,0.05079519636478835,0.10474979566567437,0.5237489783283716,-0.25397598182394165,536.9156659093369,1.3090841371419975,-0.4668928049420629,71.70826923663931,-0.03391999757241136,-0.06235630116087521,0.01115196395602966,0.05575981978014829,0.13560113955555228
5,1.0,201.65189873417722,229.2278481012658,195,223,16,14,71.65189873417722,6.922888766587171,536.7721518987341,71.68910208998119,536.7721518987341,71.68910208998119,0.34614443832935854,0.8961137761247648,True,6,6,1,1,"fly (1,6)",0.19999999999999996,0.29746835443037867,0.18987341772151467,0.35290131289748156,1.7645065644874083,-0.949367088608142,536.8498212797979,0.8563906053302074,-0.3292231476945063,71.69947529613329,-0.12679360114965735,-0.04396970253012001,0.03832889567282376,0.19164447836411883,0.09368388854088194
6,1.2,201.68789808917197,229.18471337579618,195,223,16,14,71.68789808917197,6.9263669651373885,536.8152866242038,71.69486298820753,536.8152866242038,71.69486298820753,0.3463183482568694,0.896185787352594,True,6,6,1,1,"fly (1,6)",0.19999999999999996,0.03599935499474327,-0.04313472546962771,0.056183254634968385,0.28091627317484197,0.21567362734856493,536.8280709054956,1.4532565667702613,-0.10875187151233,71.69657040474063,0.028804491131708694,-0.01452445696325337,0.0067294734956757415,0.033647367478378716,0.15067807451323909
7,1.4,201.23225806451615,229.1032258064516,193,223,18,13,71.23225806451615,6.882343774349386,536.8967741935484,71.70574613603317,536.8967741935484,71.70574613603317,0.3441171887174693,0.8963218267004146,True,6,6,1,1,"fly (1,6)",0.19999999999999996,-0.4556400246558212,-0.08148756934457424,0.46286937252970645,2.3143468626485326,0.4074378467225871,536.932909161473,1.5746993268621081,0.5241912798876075,71.710572175155,0.05441573912818855,0.07000885207178932,0.04534847553944393,0.22674237769721972,0.1613102401729306
8,1.6,201.61333333333334,228.91333333333333,194,223,17,13,71.61333333333334,6.919162640901773,537.0866666666667,71.73110740122426,537.0866666666667,71.73110740122426,0.34595813204508863,0.8966388425153033,True,6,6,1,1,"fly (1,6)",0.20000000000000018,0.3810752688171988,-0.1898924731182774,0.4257669689525903,2.1288348447629497,0.9494623655916703,536.9988092910673,1.9775821847815616,0.32950064797186446,71.71937352802234,0.1268063259554707,0.044006764336780635,0.044708195068638726,0.22354097534319342,0.19938570161693617
9,1.8,201.32467532467533,228.98701298701297,193,223,18,13,71.32467532467533,6.891272978229501,537.012987012987,71.7212670468096,537.012987012987,71.7212670468096,0.344563648911475,0.8965158380851201,True,6,6,1,1,"fly (1,6)",0.19999999999999996,-0.28865800865801816,0.07367965367964757,0.29791296938664036,1.4895648469332021,-0.36839826839866424,536.8792094543993,2.439864888350222,-0.5979991833402214,71.7034002610216,-0.04920177207331734,-0.07986633500370513,0.029574750362079075,0.14787375181039542,0.26358239212562
10,2.0,201.89240506329114,229.4620253164557,195,223,16,15,71.89240506329114,6.946126093071607,536.5379746835442,71.65782633503095,536.5379746835442,71.65782633503095,0.34730630465358037,0.8957228291878868,True,6,6,1,1,"fly (1,6)",0.19999999999999996,0.5677297386158102,0.47501232944273397,0.7402389946709026,3.701194973354514,-2.3750616472136703,536.8147650099548,2.4503364660678844,-0.3222222222223088,71.6947933235332,-0.31720355889326873,-0.043034687442045194,0.08386648984465425,0.41933244922327134,0.2775151730139402
11,2.2,201.64666666666668,229.10666666666668,194,223,17,13,71.64666666666668,6.922383252818036,536.8933333333333,71.70528658875904,536.8933333333333,71.70528658875904,0.3461191626409018,0.896316082359488,True,6,6,1,1,"fly (1,6)",0.20000000000000018,-0.24573839662446062,-0.3553586497890251,0.4320499155831878,2.160249577915937,1.7767932489454081,536.722598167788,2.4913327800069687,-0.46083421083418924,71.68248389553095,0.23730126864045054,-0.06154714001122382,0.0530678636016308,0.26533931800815375,0.2854790365627649
12,2.4,201.36486486486487,229.26351351351352,194,224,17,12,71.36486486486487,6.8951560255908095,536.7364864864865,71.68433876280287,536.7364864864865,71.68433876280287,0.3447578012795404,0.8960542345350359,True,6,6,1,1,"fly (1,6)",0.19999999999999973,-0.28180180180180514,0.15684684684683248,0.3225107577500905,1.6125537887504549,-0.7842342342343055,536.8264976741448,1.5131417691921847,0.5194975317836744,71.69636029036991,-0.10473912978085323,0.06938197419479748,0.03435306849137391,0.17176534245686975,0.1759034315194357
13,2.6,201.26143790849673,229.15032679738562,193,224,18,12,71.26143790849673,6.885163082946544,536.8496732026144,71.69945551954783,536.8496732026144,71.69945551954783,0.3442581541473272,0.8962431939943479,True,6,6,1,1,"fly (1,6)",0.20000000000000018,-0.10342695636813914,-0.11318671612789899,0.15332438818203237,0.7666219409101611,0.5659335806399207,536.6320954237931,1.9545641134428369,-0.972011251758054,71.67039671770192,0.07558378372479517,-0.12981786333997553,0.018121126818656755,0.09060563409328369,0.22698860749337815
14,2.8,201.70253164556962,229.68987341772151,194,224,17,14,71.70253164556962,6.9277808353207355,536.3101265822785,71.62739587075505,536.3101265822785,71.62739587075505,0.3463890417660368,0.8953424483844382,True,6,6,1,1,"fly (1,6)",0.19999999999999973,0.44109373707289024,0.5395466203358978,0.696903322133578,3.4845166106678946,-2.697733101679777,536.5133892943509,1.5350990493477943,-0.593530647211463,71.65454281059777,-0.3602982439638685,-0.07926953552072312,0.08371896918599611,0.41859484592998114,0.18543767034705427
15,3.0,201.7116564417178,229.61963190184048,194,223,17,15,71.71165644171779,6.9286624581369844,536.3803680981596,71.63677704149043,536.3803680981596,71.63677704149043,0.34643312290684924,0.8954597130186304,True,6,6,1,1,"fly (1,6)",0.20000000000000018,0.0091247961481713,-0.07024151588103678,0.07083171929306548,0.35415859646532705,0.35120757940546776,536.7686264319409,3.361136017791512,1.2761856879503328,71.68863124299712,0.04690585367690399,0.17044216199674103,0.009422506203579595,0.04711253101789793,0.4317691934250388
16,3.2,201.52564102564102,228.3846153846154,194,222,17,14,71.52564102564102,6.910689954168214,537.6153846153846,71.80172081674587,537.6153846153846,71.80172081674587,0.3455344977084107,0.8975215102093232,True,6,6,1,1,"fly (1,6)",0.20000000000000018,-0.18601541607677063,-1.235016517225091,1.2489465692482637,6.244732846241313,6.175082586125308,537.2008064600703,2.5460891416734066,2.1609001406469948,71.74635144708786,0.8247188762771877,0.2886010204536875,0.16592004066544763,0.8296002033272374,0.3257386449519359
17,3.4,201.73333333333335,228.39333333333332,195,222,16,14,71.73333333333335,6.9307568438003235,537.6066666666667,71.80055648302726,537.6066666666667,71.80055648302726,0.34653784219001615,0.8975069560378409,True,6,6,1,1,"fly (1,6)",0.19999999999999973,0.2076923076923265,0.008717948717929858,0.2078751964627153,1.0393759823135778,-0.04358974358979145,537.4181729381729,3.3988269481400013,1.0868323905132595,71.7753820284705,-0.005821668593029025,0.14515290691328162,0.020100640102134443,0.10050320051067235,0.4388146053529902
18,3.6,201.83116883116884,228.96753246753246,195,223,16,14,71.83116883116884,6.940209548905202,537.0324675324675,71.7238687856384,537.0324675324675,71.7238687856384,0.3470104774452601,0.89654835982048,True,6,6,1,1,"fly (1,6)",0.20000000000000018,0.09783549783549006,0.5741991341991479,0.5824744031730229,2.912372015865112,-2.870995670995737,537.3241558441559,1.8782835628401553,-0.4700854700854494,71.76282548836805,-0.3834384869443138,-0.06278270051225811,0.07726808244421228,0.3863404122210611,0.23352808902499808
19,3.8,201.98214285714286,228.66666666666666,195,222,17,15,71.98214285714286,6.954796411318151,537.3333333333334,71.76405119643852,537.3333333333334,71.76405119643852,0.3477398205659075,0.8970506399554814,True,6,6,1,1,"fly (1,6)",0.19999999999999973,0.15097402597402265,-0.3008658008658074,0.33662053806835457,1.6831026903417752,1.504329004329181,537.274016955267,1.9396854782350914,-0.25069444444454697,71.7561291426066,0.2009120540005685,-0.033481728807274,0.04274813086865212,0.21374065434326087,0.24372728817499278
20,4.0,202.19375,228.54375,195,222,17,14,72.19375,6.97524154589372,537.45625,71.7804674457429,537.45625,71.7804674457429,0.34876207729468595,0.8972558430717862,True,6,6,1,1,"fly (1,6)",0.20000000000000018,0.2116071428571331,-0.12291666666666856,0.24471634569967748,1.2235817284983863,0.6145833333329159,537.3874180469289,1.292293665014874,0.5670054583098745,71.77127453047466,0.08208124652192332,0.07572693934022832,0.026220159592131313,0.13110079796065643,0.1487303489997935
21,4.2,202.01863354037266,228.6273291925466,195,222,16,14,72.01863354037266,6.958322081195426,537.3726708074535,71.76930494924254,537.3726708074535,71.76930494924254,0.3479161040597713,0.8971163118655316,True,6,6,1,1,"fly (1,6)",0.20000000000000018,-0.1751164596273327,0.08357919254660828,0.194039315240892,0.9701965762044591,-0.4178959627324726,537.3492236024845,1.0043212376422377,-0.19097222222228552,71.76617343605803,-0.05581248250180688,-0.025505472083106395,0.02026991893909269,0.10134959469546337,0.1129175350047134
22,4.4,201.9625,228.78125,195,222,16,15,71.9625,6.952898550724638,537.21875,71.74874791318865,537.21875,71.74874791318865,0.3476449275362319,0.8968593489148581,True,6,6,1,1,"fly (1,6)",0.20000000000000018,-0.05613354037265594,0.15392080745340309,0.1638370816447735,0.8191854082238668,-0.769604037267299,537.3584305917319,1.041348693200384,0.046034946236660934,71.76740308403764,-0.10278518026943563,0.006148239898043815,0.021260442471604118,0.1063022123580205,0.12844280950522044
23,4.6,201.99354838709678,228.51612903225805,195,223,16,13,71.99354838709678,6.955898394888578,537.483870967742,71.78415638968173,537.483870967742,71.78415638968173,0.3477949197444289,0.8973019548710216,True,6,6,1,1,"fly (1,6)",0.1999999999999993,0.031048387096774377,-0.26512096774195015,0.26693281903456406,1.334664095172825,1.3256048387097554,537.321605363231,1.230392222290839,-0.18412614250375073,71.76248485652502,0.17704238246537393,-0.02459113756311589,0.03553532429243539,0.17767662146217758,0.15475878723189004
24,4.8,201.78048780487805,228.7378048780488,194,223,17,13,71.78048780487805,6.935312831389183,537.2621951219512,71.75455026670467,537.2621951219512,71.75455026670467,0.34676564156945916,0.8969318783338084,True,6,6,1,1,"fly (1,6)",0.20000000000000018,-0.2130605822187306,0.22167584579074173,0.3074654326951652,1.5373271634758245,-1.1083792289537078,537.3190820713056,1.22327061932903,-0.01261645962737464,71.76214785593396,-0.148030614885286,-0.001685002955250749,0.036059505575094464,0.18029752787547215,0.14618884738280344
25,5.0,201.93167701863354,228.7888198757764,195,223,16,13,71.93167701863354,6.949920484892129,537.2111801242236,71.7477369114155,537.2111801242236,71.7477369114155,0.34749602424460646,0.8968467113926938,True,6,6,1,1,"fly (1,6)",0.20000000000000018,0.15118921375548666,0.05101499772760576,0.15956411986768787,0.7978205993384386,-0.2550749886381707,537.1284416439031,1.3845057096882136,-0.953202137012188,71.73668669701544,-0.03406677644584019,-0.12730579459261063,0.016118478562152157,0.08059239281076071,0.16142275457446817
26,5.2,202.13836477987422,229.08805031446542,195,223,16,14,72.13836477987422,6.96989031689606,536.9119496855346,71.70777291292616,536.9119496855346,71.70777291292616,0.348494515844803,0.896347161411577,True,6,6,1,1,"fly (1,6)",0.20000000000000018,0.206687761240687,0.29923043868902255,0.36367387325007566,1.8183693662503766,-1.496152193444685,537.035229316431,1.3876001926045491,-0.46606163736062917,71.72423763825456,-0.19981999244670573,-0.062245293804418546,0.044675668607434396,0.22337834303717177,0.15230212109092822
27,5.4,201.8372093023256,229.0174418604651,194,223,18,15,71.83720930232559,6.940793169306821,536.9825581395348,71.71720309042202,536.9825581395348,71.71720309042202,0.347039658465341,0.8964650386302752,True,6,6,1,1,"fly (1,6)",0.20000000000000018,-0.30115547754863314,-0.07060845400030757,0.3093221224449665,1.546610612224831,0.3530422700009691,536.9438715811028,1.6500088232840546,-0.45678867664094036,71.71203627126582,0.04715088747929026,-0.06100683494369244,0.030587125484970484,0.15293562742485228,0.17696183330407486
28,5.6,202.1509433962264,229.062893081761,195,223,16,14,72.15094339622641,6.971105642147479,536.937106918239,71.71113281044929,536.937106918239,71.71113281044929,0.34855528210737396,0.8963891601306161,True,6,6,1,1,"fly (1,6)",0.1999999999999993,0.31373409390081974,0.04545122129587753,0.31700929827539004,1.5850464913769557,-0.22725610647910424,536.9045348172377,1.5297971584075967,-0.19668381932547208,71.70678261332057,-0.030351399863661862,-0.026268289726256003,0.030914305890040007,0.15457152945020058,0.15435009979139105
29,5.8,201.8969696969697,229.2060606060606,195,223,16,14,71.8969696969697,6.9465671204801644,536.7939393939394,71.6920119390904,536.7939393939394,71.6920119390904,0.34732835602400824,0.89615014923863,True,6,6,1,1,"fly (1,6)",0.20000000000000018,-0.2539736992567043,0.14316752429959934,0.2915468743242007,1.457734371621002,-0.7158376214982802,536.8436821040594,1.8931062163187675,-0.30426356589146086,71.69865537282932,-0.09560435679439641,-0.0406362024562886,0.031108628499824115,0.15554314249912043,0.18828931529115422
30,6.0,202.42424242424244,229.2,195,223,17,14,72.42424242424244,6.997511345337434,536.8,71.69282136894824,536.8,71.69282136894824,0.3498755672668717,0.896160267111853,True,6,6,1,1,"fly (1,6)",0.20000000000000018,0.5272727272727309,-0.0060606060606005485,0.5273075571916692,2.636537785958344,0.030303030303002715,536.8043828111624,2.2324942199873505,-0.19649646448499436,71.69340671935392,0.004047149289192472,-0.02624326737697892,0.05095065478482841,0.2547532739241418,0.22065673410923795
31,6.2,201.90395480225988,229.180790960452,194,223,18,14,71.90395480225988,6.947242009880181,536.819209039548,71.6953868500231,536.819209039548,71.6953868500231,0.34736210049400906,0.8961923356252889,True,6,6,1,1,"fly (1,6)",0.20000000000000018,-0.5202876219825612,-0.019209039548002238,0.5206421004765416,2.6032105023827055,0.09604519774029532,536.8213455419183,1.926885044312202,0.08481365377917845,71.69567219257674,0.012827405374267175,0.011327366114078538,0.05033475718089039,0.2516737859044517,0.18666886806413585
32,6.4,201.79885057471265,229.1551724137931,194,223,18,14,71.79885057471265,6.937087012049531,536.8448275862069,71.69880835875885,536.8448275862069,71.69880835875885,0.34685435060247655,0.8962351044844856,True,6,6,1,1,"fly (1,6)",0.20000000000000018,-0.10510422754722981,-0.025618546658876085,0.10818136891911136,0.5409068445955563,0.1280927332942382,536.7999972273116,1.2319434632807937,-0.10674157303356069,71.69282099863928,0.01710754367877597,-0.014255969687298017,0.010715908872762843,0.053579544363814166,0.1261571992157432
33,6.6,201.78089887640448,229.26404494382024,194,223,18,15,71.78089887640448,6.935352548444877,536.7359550561798,71.68426778713587,536.7359550561798,71.68426778713587,0.3467676274222439,0.8960533473391984,True,6,6,1,1,"fly (1,6)",0.1999999999999993,-0.017951698308166897,0.10887253002712782,0.11034260857282327,0.5517130428641183,-0.5443626501352147,536.8255787998706,0.6552195240475119,0.12790786279576002,71.69623756926488,-0.0727028581149372,0.017082853127992684,0.014643653475792707,0.0732182673789638,0.07961776035070071
34,6.8,201.71098265895955,229.10404624277456,194,223,18,14,71.71098265895955,6.92859735835358,536.8959537572255,71.7056365618999,536.8959537572255,71.7056365618999,0.346429867917679,0.8963204570237487,True,6,6,1,1,"fly (1,6)",0.20000000000000018,-0.06991621744492704,-0.15999870104568004,0.17460773693657225,0.8730386846828605,0.7999935052282574,536.8370730527442,0.5326753490097789,0.05747126436782803,71.69777269485733,0.10684387382013928,0.00767562796229496,0.022411093861864878,0.1120554693093243,0.06789663021172829
35,7.0,201.74137931034483,229.1206896551724,194,223,18,14,71.74137931034483,6.931534232883558,536.8793103448276,71.70341373553623,536.8793103448276,71.70341373553623,0.3465767116441779,0.8962926716942029,True,6,6,1,1,"fly (1,6)",0.20000000000000018,0.030396651385274254,0.016643412397854718,0.03465486389647143,0.173274319482357,-0.08321706198955774,536.8880509969806,0.384869906458112,0.24690760113069574,71.70458110143313,-0.011114131818317208,0.032975973439827506,0.003683230789379385,0.01841615394689691,0.047055168738798975
37,7.4,201.78362573099415,229.11111111111111,194,223,18,14,71.78362573099415,6.935616012656439,536.8888888888889,71.7046930068633,536.8888888888889,71.7046930068633,0.34678080063282196,0.8963086625857912,True,6,6,1,1,"fly (1,6)",0.40000000000000036,0.04224642064932027,-0.009578544061298544,0.043318686083646994,0.10829671520911739,0.023946360153388448,536.8062672144517,0.6664421996114912,-0.41690103269587714,71.6936583925812,0.0031981783176604464,-0.055679603698948386,0.004277553184070338,0.010693882960175835,0.07604735467884731
38,7.6,201.53614457831327,229.34939759036143,194,223,18,14,71.53614457831327,6.911704790175195,536.6506024096386,71.67286843534406,536.6506024096386,71.67286843534406,0.34558523950875975,0.8959108554418007,True,6,6,1,1,"fly (1,6)",0.1999999999999993,-0.24748115268087645,0.23828647925031987,0.34355111282859846,1.7177555641429985,-1.1914323962514615,536.7498501567084,1.0212396514884043,-0.29006740876762355,71.68612356016139,-0.15912285759618838,-0.03874022153825763,0.03980640542589371,0.19903202712946927,0.11080292620586546
39,7.8,201.29585798816566,229.28994082840237,193,223,18,14,71.29585798816566,6.88848869450876,536.7100591715977,71.68080923827681,536.7100591715977,71.68080923827681,0.344424434725438,0.8960101154784602,True,6,6,1,1,"fly (1,6)",0.20000000000000018,-0.24028659014760478,-0.05945676195906913,0.24753333502261954,1.2376666751130967,0.29728380979520325,536.6493871937454,1.3555419875473609,-0.5023148148148965,71.67270613605949,0.039704014663755026,-0.06708712050948899,0.024536573705590297,0.12268286852795138,0.14767952444326582
40,8.0,201.48125,229.4125,194,223,17,14,71.48124999999999,6.906400966183574,536.5875,71.6644407345576,536.5875,71.6644407345576,0.3453200483091787,0.8958055091819699,True,6,6,1,1,"fly (1,6)",0.20000000000000018,0.18539201183432397,0.1225591715976293,0.22224074467719745,1.1112037233859864,-0.6127958579884302,536.7555649913556,1.5297585652725154,0.530888988050911,71.68688681019773,-0.08184251859603357,0.07090337069127421,0.024264735534475397,0.12132367767237688,0.17431944673007607
41,8.2,201.71604938271605,229.03086419753086,194,223,17,14,71.71604938271605,6.9290868968807775,536.9691358024692,71.71541045775882,536.9691358024692,71.71541045775882,0.3464543448440389,0.8964426307219853,True,6,6,1,1,"fly (1,6)",0.1999999999999993,0.23479938271606215,-0.381635802469134,0.44808105946369087,2.2404052973184623,1.908179012345961,536.7417701670881,1.9547287793808443,-0.06897412133752796,71.68504442966118,0.2548486160061012,-0.009211902682792372,0.055790358797979826,0.2789517939899001,0.22659255461874225
42,8.4,201.3132530120482,229.33132530120483,194,223,17,14,71.3132530120482,6.8901693731447535,536.6686746987951,71.67528209666713,536.6686746987951,71.67528209666713,0.34450846865723767,0.8959410262083392,True,6,6,1,1,"fly (1,6)",0.20000000000000107,-0.4027963706678577,0.3004611036739675,0.5025154634876193,2.512577317438083,-1.5023055183701137,536.7355575922378,1.7767321953056214,-0.03106287425149475,71.68421470347083,-0.2006418054584447,-0.004148630951802942,0.05590043843879028,0.2795021921939499,0.21025247315980966
43,8.6,201.37125748502996,229.4311377245509,194,223,17,14,71.37125748502996,6.895773670051204,536.5688622754491,71.66195155598652,536.5688622754491,71.66195155598652,0.3447886835025602,0.8957743944498315,True,6,6,1,1,"fly (1,6)",0.1999999999999993,0.058004472981764366,0.09981242334606577,0.1154427942320632,0.577213971160318,-0.49906211673033063,536.752512324748,1.9051253060307605,0.08477366255135399,71.68647910848054,-0.0666527034030653,0.011322025048603948,0.014460686659115771,0.07230343329557912,0.22661664438906082
44,8.8,201.64,228.98,195,223,15,13,71.63999999999999,6.921739130434782,537.02,71.72220367278798,537.02,71.72220367278798,0.34608695652173904,0.8965275459098497,True,6,6,1,1,"fly (1,6)",0.20000000000000107,0.2687425149700289,-0.45113772455090384,0.5251169258987787,2.625584629493879,2.255688622754507,536.8270891129133,1.366262484844885,0.37288394082660076,71.69643928052265,0.30126058400732186,0.049800860210566344,0.06560886153553107,0.3280443076776536,0.16833737328874376
45,9.0,201.76582278481013,229.10759493670886,195,223,16,14,71.76582278481013,6.933895921237693,536.8924050632911,71.70516261279347,536.8924050632911,71.70516261279347,0.3466947960618847,0.8963145326599183,True,6,6,1,1,"fly (1,6)",0.1999999999999993,0.12582278481013986,0.12759493670887423,0.1791977707760908,0.8959888538804572,-0.6379746835443734,536.9057129303673,1.5892060010918811,0.3931190872693398,71.70693995731116,-0.08520529997255752,0.05250338394250229,0.020932875778599674,0.10466437889299875,0.18656781540175604
46,9.2,201.53254437869822,229.19526627218934,194,223,17,14,71.53254437869822,6.91135694480176,536.8047337278107,71.69345358635202,536.8047337278107,71.69345358635202,0.345567847240088,0.8961681698294002,True,6,6,1,1,"fly (1,6)",0.1999999999999993,-0.2332784061119071,0.08767133548047923,0.24920890398026027,1.2460445199013057,-0.4383566774021135,536.703924312481,1.3993842725174261,-1.0089430894309221,71.67998989148329,-0.05854513220725742,-0.13475032913935528,0.02539895192692308,0.12699475963461584,0.16654497198522056
47,9.4,201.40243902439025,229.58536585365854,194,223,17,15,71.40243902439025,6.898786379168139,536.4146341463414,71.64135347530437,536.4146341463414,71.64135347530437,0.344939318958407,0.8955169184413045,True,6,6,1,1,"fly (1,6)",0.20000000000000107,-0.13010535430797177,0.390099581469201,0.41122388875410515,2.056119443770515,-1.9504979073462787,536.8392044960624,2.5795516811110626,0.6764009179066083,71.69805736174457,-0.26050055523825083,0.09033735130640834,0.053595155485609725,0.2679757774280472,0.3287726709773831
48,9.6,201.3216374269006,228.7017543859649,194,222,16,15,71.3216374269006,6.890979461536289,537.2982456140351,71.75936502357732,537.2982456140351,71.75936502357732,0.3445489730768145,0.8969920627947163,True,6,6,1,1,"fly (1,6)",0.1999999999999993,-0.08080159748965343,-0.8836114676936404,0.88729821593227,4.436491079661366,4.418057338468218,536.8199559040612,3.1017695981536253,-0.09624296000574928,71.69548659820518,0.5900577413647333,-0.012853817696952874,0.11826949517389686,0.5913474758694864,0.4104679282810763
49,9.8,201.43373493975903,229.25301204819277,195,222,15,16,71.43373493975903,6.901810139107153,536.7469879518072,71.68574129573385,536.7469879518072,71.68574129573385,0.34509050695535765,0.8960717661966732,True,6,6,1,1,"fly (1,6)",0.20000000000000107,0.1120975128584405,0.5512576622278687,0.5625396542058019,2.8126982710289945,-2.7562883111391865,537.0226167829212,3.6245946753451803,0.8308845136645153,71.72255315965558,-0.36811863921734106,0.1109695510736961,0.07441610630913946,0.3720805315456953,0.4817140037075909
0,0.0,260.1673469387755,194.82857142857142,253,186,16,20,130.1673469387755,12.576555259785072,571.1714285714286,76.28332935845458,571.1714285714286,76.28332935845458,0.6288277629892536,0.9535416169806821,True,7,7,1,1,"fly (1,7)",,,,,,,570.9684065934066,1.0170381571735188,-1.0151098901098976,76.256214570071,,-0.1355739419178903,,,0.13570878221166585
1,0.2,260.14230769230767,195.23461538461538,252,186,17,21,130.14230769230767,12.574136008918614,570.7653846153846,76.22909978168742,570.7653846153846,76.22909978168742,0.6287068004459307,0.9528637472710928,True,7,7,1,1,"fly (1,7)",0.2,-0.02503924646782707,0.40604395604395904,0.4068152628694075,2.0340763143470375,-2.030219780219795,570.8511379924424,1.0398799156950354,-0.9247129681911778,76.24055265341468,-0.2711478838357806,-0.12350089725425543,0.05428351288466634,0.2714175644233317,0.1322472098324806
2,0.4,259.9841897233201,195.38339920948616,252,186,17,21,129.98418972332013,12.558858910465712,570.6166007905139,76.20922882010203,570.6166007905139,76.20922882010203,0.6279429455232857,0.9526153602512752,True,7,7,1,1,"fly (1,7)",0.2,-0.15811796898753983,0.14878382487077602,0.21711268654761368,1.0855634327380683,-0.743919124353738,570.8450807036264,2.0488663903891995,-0.030286444079668556,76.23974366659452,-0.0993548079269857,-0.00404493410080418,0.025064813014822006,0.12532406507411004,0.2599393902842057
3,0.6,260.264367816092,194.84674329501917,252,185,18,21,130.26436781609198,12.585929257593428,571.1532567049808,76.2809023979941,571.1532567049808,76.2809023979941,0.6292964628796713,0.9535112799749261,True,7,7,1,1,"fly (1,7)",0.19999999999999996,0.28017809277184824,-0.5366559144669907,0.6053918848164983,3.0269594240824924,2.6832795723345275,570.9400816974646,1.6163698996603804,0.475004969190991,76.2524316123492,0.35836788946035375,0.06343972877343639,0.07661530827103503,0.38307654135517527,0.1979743600654428
4,0.8,260.1589147286822,194.9496124031008,253,185,16,22,130.1589147286822,12.575740553495866,571.0503875968992,76.26716361895149,571.0503875968992,76.26716361895149,0.6287870276747932,0.9533395452368935,True,7,7,1,1,"fly (1,7)",0.20000000000000007,-0.10545308740978498,0.1028691080816202,0.14731736843211599,0.7365868421605797,-0.5143455404078165,571.0923344584131,1.452328611094641,0.7612638047421193,76.27276587090658,-0.06869389521305888,0.10167129278689424,0.01710449475340863,0.08552247376704311,0.17563535127037808
5,1.0,260.04247104247105,194.9266409266409,252,185,17,22,130.04247104247105,12.564489955794306,571.0733590733591,76.27023159577416,571.0733590733591,76.27023159577416,0.6282244977897152,0.9533778949471772,True,7,7,1,1,"fly (1,7)",0.19999999999999996,-0.11644368621114154,-0.02297147645987252,0.11868791340817005,0.5934395670408503,0.11485738229964684,571.1281490197878,1.0773417640645373,0.17907280687381907,76.27754911783477,0.015339884113387828,0.02391623464092164,0.011661407737783161,0.05830703868891582,0.11562754273992805
6,1.2,260.3735408560311,194.73929961089493,252,185,18,21,130.37354085603113,12.596477377394312,571.2607003891051,76.29525213877865,571.2607003891051,76.29525213877865,0.6298238688697156,0.953690651734733,True,7,7,1,1,"fly (1,7)",0.19999999999999996,0.33106981356007736,-0.18734131574598223,0.38039977659843627,1.9019988829921817,0.9367065787296271,571.1617407510539,1.0204871385160537,0.16795865633071114,76.28203549262824,0.125102715022436,0.022431873967363455,0.040610623152765035,0.20305311576382523,0.11193291075037158
7,1.4,260.3449612403101,194.84883720930233,253,185,17,21,130.3449612403101,12.593716061865711,571.1511627906976,76.2806227433319,571.1511627906976,76.2806227433319,0.6296858030932856,0.9535077842916488,True,7,7,1,1,"fly (1,7)",0.19999999999999996,-0.028579615721014306,0.10953759840739963,0.11320459310302566,0.5660229655151284,-0.5476879920371404,571.0501082394213,1.8435906918315947,-0.5581625581627723,76.2671263091047,-0.07314697723373344,-0.07454591761771205,0.014887715559674726,0.07443857779837365,0.20976697984577775
8,1.6,259.89230769230767,195.26153846153846,252,185,17,22,129.89230769230767,12.549981419546635,570.7384615384615,76.22550404520354,570.7384615384615,76.22550404520354,0.6274990709773317,0.9528188005650442,True,7,7,1,1,"fly (1,7)",0.20000000000000018,-0.45265354800244495,0.41270125223613263,0.6125500453974955,3.0627502269874745,-2.0635062611808035,570.920572450805,1.611475898285887,-0.6476789430820412,76.24982603683539,-0.2755934906418387,-0.08650136134654922,0.07036184919502694,0.3518092459751344,0.18600824877785638
9,1.8,260.09302325581393,195.12790697674419,252,185,17,22,130.09302325581393,12.569374227614873,570.8720930232558,76.24335132197072,570.8720930232558,76.24335132197072,0.6284687113807437,0.9530418915246341,True,7,7,1,1,"fly (1,7)",0.19999999999999996,0.20071556350626452,-0.13363148479427878,0.24113090047101152,1.2056545023550578,0.6681574239718203,570.8340091433115,1.8825938154469297,-0.4328165374676012,76.23826499409836,0.08923638383592448,-0.05780521368514249,0.026355384512012206,0.13177692256006107,0.20571948100177714
10,2.0,260.3682170542636,195.10852713178295,253,185,16,22,130.3682170542636,12.595963000411942,570.8914728682171,76.24593961512082,570.8914728682171,76.24593961512082,0.6297981500205971,0.9530742451890102,True,7,7,1,1,"fly (1,7)",0.19999999999999996,0.2751937984496635,-0.019379844961235904,0.27587534339965136,1.3793767169982571,0.09689922480617955,570.5017129750603,2.85417046012205,-1.6614808412559021,76.19388487146047,0.012941465750486717,-0.22190061318942353,0.02671445489402717,0.1335722744701359,0.3497704995050011
11,2.2,260.04119850187266,196.25842696629212,252,186,17,22,130.04119850187266,12.564367005011851,569.7415730337079,76.09236367728988,569.7415730337079,76.09236367728988,0.6282183502505926,0.9511545459661235,True,7,7,1,1,"fly (1,7)",0.20000000000000018,-0.327018552390939,1.1498998345091707,1.195496032202568,5.977480161012835,-5.749499172545706,569.6579566239875,4.93642917759216,-4.2187817553639215,76.08119621021537,-0.7678796891546817,-0.5634433062255559,0.1567924602969614,0.7839623014848063,0.6282503464578088
12,2.4,259.5318352059925,197.65917602996254,251,188,19,21,129.53183520599248,12.515153159999274,568.3408239700375,75.90528533823539,568.3408239700375,75.90528533823539,0.6257576579999636,0.9488160667279424,True,7,7,1,1,"fly (1,7)",0.19999999999999973,-0.5093632958801777,1.4007490636704176,1.4904861309530757,7.452430654765388,-7.00374531835224,568.5793582198077,8.128567884411735,-5.392992020899025,75.937143000976,-0.9353916952724729,-0.7202660461968691,0.1934432926836966,0.9672164634184842,0.9519448746953237
13,2.6,257.45054945054943,198.34432234432234,248,189,21,21,127.45054945054943,12.314062748845357,567.6556776556777,75.8137799874027,567.6556776556777,75.8137799874027,0.6157031374422678,0.9476722498425336,True,7,7,1,1,"fly (1,7)",0.20000000000000018,-2.081285755443048,0.6851463143597982,2.1911585674913976,10.955792837456979,-3.42573157179913,567.0878063063161,10.17149069008238,-7.457759567458129,75.73793740318077,-0.45752675416345273,-0.996027988976068,0.22093117183653632,1.1046558591826807,1.2261429543953415
14,2.8,257.8458646616541,200.7330827067669,246,194,24,15,127.8458646616541,12.35225745523228,565.2669172932331,75.49474688390424,565.2669172932331,75.49474688390424,0.617612872761614,0.9436843360488031,True,7,7,1,1,"fly (1,7)",0.19999999999999973,0.3953152111046734,2.3887603624445717,2.4212497156049504,12.106248578024768,-11.943801812223017,565.7368245789298,10.674365734919968,-6.754908636931231,75.55750578683536,-1.5951655174922785,-0.9021580817270333,0.3213113081169714,1.6065565405848592,1.2292026884514746
15,3.0,256.344696969697,201.71212121212122,244,195,25,14,126.344696969697,12.207217098521449,564.2878787878788,75.36399048919917,564.2878787878788,75.36399048919917,0.6103608549260725,0.9420498811149896,True,7,7,1,1,"fly (1,7)",0.20000000000000018,-1.5011676919571073,0.9790385053543105,1.7922111578556337,8.961055789278161,-4.895192526771548,564.5929114350166,7.944166306027877,-5.719565719565673,75.4047294070139,-0.6537819735253686,-0.7638818991072807,0.19527913311737707,0.9763956655868845,0.9505807165110608
16,3.2,255.7953667953668,201.77606177606177,244,196,25,13,125.79536679536679,12.15414171935911,564.2239382239383,75.35545084793833,564.2239382239383,75.35545084793833,0.6077070859679555,0.9419431355992292,True,7,7,1,1,"fly (1,7)",0.20000000000000018,-0.5493301743302084,0.06394056394054815,0.5530389101561413,2.765194550780704,-0.31970281970245623,564.2455120376468,4.223128177815091,-1.7369969868491337,75.35833215861727,-0.04269820630419471,-0.23198624198317438,0.05375798867228788,0.26878994336143913,0.4454367989204861
17,3.4,255.6067415730337,201.77528089887642,243,195,26,14,125.6067415730337,12.135917060196492,564.2247191011236,75.35555513871434,564.2247191011236,75.35555513871434,0.6067958530098246,0.9419444392339292,True,7,7,1,1,"fly (1,7)",0.19999999999999973,-0.1886252223330871,-0.0007808771853490271,0.1886268386772814,0.9431341933864082,0.003904385926603032,564.1186644107993,2.040374476010446,-0.6342381342381026,75.3413909062837,0.0005214538800402131,-0.08470626166785651,0.018224957562626883,0.09112478781313453,0.2117175179960246
18,3.6,255.24324324324323,202.0926640926641,243,196,26,13,125.24324324324323,12.100796448622534,563.9073359073359,75.31316673219845,563.9073359073359,75.31316673219845,0.6050398224311268,0.9414145841524806,True,7,7,1,1,"fly (1,7)",0.20000000000000018,-0.3634983297904739,0.3173831937876912,0.48255893677284567,2.412794683864226,-1.5869159689384547,563.3326517972005,5.177175351493364,-3.930063067994263,75.23641426339906,-0.21194203257941505,-0.5248832144232793,0.05504756456270008,0.2752378228135002,0.6243034491529447
19,3.8,253.91570881226053,204.13409961685824,242,198,25,13,123.91570881226053,11.972532252392321,561.8659003831417,75.04052091928436,561.8659003831417,75.04052091928436,0.5986266126196161,0.9380065114910546,True,7,7,1,1,"fly (1,7)",0.19999999999999973,-1.3275344309826949,2.041435524194128,2.4351194354458885,12.17559717722946,-10.207177620970938,562.5281856817314,5.521080254588263,-4.022330577344447,75.12897304597415,-1.3632290645704632,-0.5372060871244841,0.30130954736643945,1.5065477368321993,0.6580814267316316
20,4.0,253.5245283018868,204.18867924528303,241,198,26,14,123.52452830188679,11.934737033998724,561.8113207547169,75.03323148643965,561.8113207547169,75.03323148643965,0.5967368516999362,0.9379153935804957,True,7,7,1,1,"fly (1,7)",0.20000000000000018,-0.3911805103737436,0.05457962842478992,0.39496978053422094,1.974848902671103,-0.27289814212394936,551.0552858338316,63.34539753686628,-57.36449923949916,73.59669927663862,-0.036447164223574156,-7.6613688466776795,0.03849174410983912,0.1924587205491954,8.10036117003167
21,4.2,267.405303030303,236.51136363636363,258,228,21,20,137.405303030303,13.275874688918165,529.4886363636364,70.71634542419184,529.4886363636364,70.71634542419184,0.6637937344459083,0.883954317802398,True,7,7,1,1,"fly (1,7)",0.20000000000000018,13.880774728416213,32.3226843910806,35.17714930613968,175.88574653069827,-161.61342195540257,545.6499785591766,88.93029771668469,-80.94316004876327,72.87478845531575,-21.584430311239,-10.810438737731289,4.520415410542727,22.602077052713614,11.397267886631404
0,0.0,229.47826086956522,174.0304347826087,222,167,18,17,99.47826086956522,9.611426170972486,591.9695652173913,79.06104376859984,591.9695652173913,79.06104376859984,0.48057130854862423,0.9882630471074979,True,8,8,1,1,"fly (1,8)",,,,,,,592.0154843630817,0.22959622340045122,0.2295957284516703,79.06717654264864,,0.030663870243934355,,,0.030663904839205804
1,0.2,229.4780701754386,173.93859649122808,222,167,18,17,99.4780701754386,9.611407746419188,592.061403508772,79.07330931669742,592.061403508772,79.07330931669742,0.4805703873209594,0.9884163664587178,True,8,8,1,1,"fly (1,8)",0.2,-0.00019069412661565366,-0.09183829138061128,0.09183848936018049,0.45919244680090243,0.4591914569033406,591.9802799902661,0.41109124744434355,-0.09948995459353682,79.06247479001884,0.06132774048786871,-0.013287473067601733,0.012265561935682323,0.06132780967841161,0.054557177059174726
2,0.4,229.44635193133047,174.09012875536482,222,167,18,17,99.44635193133047,9.60834318177106,591.9098712446352,79.05307128475928,591.9098712446352,79.05307128475928,0.480417159088553,0.988163391059491,True,8,8,1,1,"fly (1,8)",0.2,-0.031718244108134286,0.15153226413673337,0.15481625910642566,0.7740812955321282,-0.7576613206839511,591.8765008671695,1.0620088153060865,-0.5188956154834539,79.0486144730777,-0.10119015969067391,-0.06930158470566995,0.02046874429982251,0.10234372149911256,0.128386377750619
3,0.6,229.1476793248945,174.34177215189874,221,167,19,18,99.14767932489451,9.57948592511058,591.6582278481012,79.01946281777644,591.6582278481012,79.01946281777644,0.47897429625552906,0.9877432852222057,True,8,8,1,1,"fly (1,8)",0.19999999999999996,-0.2986726064359573,0.25164339653392176,0.39055054071704576,1.9527527035852292,-1.2582169826697511,591.8516470659998,1.4894679698162907,-0.12426900584803979,79.04529510063436,-0.16804233491420464,-0.01659686221673935,0.04429752041486656,0.22148760207433285,0.18341776732192314
4,0.8,229.26315789473682,174.01315789473685,222,167,18,17,99.26315789473682,9.590643274853798,591.9868421052631,79.06335119936737,591.9868421052631,79.06335119936737,0.47953216374269,0.988291889992092,True,8,8,1,1,"fly (1,8)",0.20000000000000007,0.11547856984230975,-0.3286142571618882,0.34831398206630293,1.741569910331514,1.6430712858095826,591.8892314625845,1.57483487165178,0.1879219829233608,79.05031471954385,0.21944190795466048,0.025098094547383654,0.045284395678464796,0.22642197839232392,0.18293396891781985
5,1.0,229.4660633484163,173.97737556561086,222,167,18,17,99.4660633484163,9.610247666513652,592.0226244343892,79.06813014148771,592.0226244343892,79.06813014148771,0.4805123833256826,0.9883516267685962,True,8,8,1,1,"fly (1,8)",0.19999999999999996,0.20290545367947743,-0.03578232912599333,0.2060364002077193,1.0301820010385967,0.1789116456302509,591.9867130617973,1.0779382755468643,0.48740799606453783,79.06333396484774,0.02389471060169513,0.06509622651949577,0.02017846525736053,0.10089232628680267,0.12764439408167344
6,1.2,229.4080717488789,174.0493273542601,222,167,18,17,99.40807174887891,9.604644613418252,591.9506726457399,79.05852055368814,591.9506726457399,79.05852055368814,0.4802322306709126,0.9882315069211017,True,8,8,1,1,"fly (1,8)",0.19999999999999996,-0.05799159953738808,0.07195178864924401,0.09241258305409641,0.46206291527048216,-0.3597589432462201,591.9601255753822,0.7813817980745684,-0.13293743207574002,79.05978304846508,-0.048047938997868314,-0.01775458191329923,0.011123775513178747,0.055618877565893746,0.08041286645350944
7,1.4,229.2433628318584,174.0929203539823,222,167,17,17,99.2433628318584,9.588730708392116,591.9070796460177,79.0526984502194,591.9070796460177,79.0526984502194,0.47943653541960585,0.9881587306277424,True,8,8,1,1,"fly (1,8)",0.19999999999999996,-0.16470891702050494,0.043592999722193326,0.17038009558292522,0.8519004779146263,-0.2179649986112509,591.9183579067764,0.45469386255796,-0.20883834302954563,79.05420472878482,-0.029110517343724503,-0.027891598401292118,0.01694547910156638,0.08472739550783191,0.04898532169350511
8,1.6,229.24107142857144,174.10267857142858,222,167,17,17,99.24107142857144,9.588509316770187,591.8973214285714,79.05139518244694,591.8973214285714,79.05139518244694,0.47942546583850937,0.9881424397805867,True,8,8,1,1,"fly (1,8)",0.20000000000000018,-0.002291403286960758,0.009758217446290018,0.01002363889775432,0.050118194488771556,-0.04879108723116583,591.9271900081203,0.5467959994275292,0.04416050671958758,79.05538430826314,-0.006516338862283527,0.0058978973915913046,0.0013219384013579366,0.006609692006789677,0.05720501830329964
9,1.8,229.36529680365297,174.02283105022832,222,167,18,17,99.36529680365297,9.600511768468886,591.9771689497717,79.0620592921231,591.9771689497717,79.0620592921231,0.4800255884234443,0.9882757411515387,True,8,8,1,1,"fly (1,8)",0.19999999999999996,0.12422537508152232,-0.07984752120026428,0.14767386517583794,0.7383693258791899,0.3992376060011794,591.9566950306665,0.5356524410756552,0.1475251127311595,79.05932487888701,0.05332054838078194,0.019702853119341068,0.016055593479055465,0.08027796739527734,0.05547394354825199
10,2.0,229.2026431718062,174.00440528634363,222,167,18,17,99.20264317180619,9.584796441720405,591.9955947136564,79.064520162091,591.9955947136564,79.064520162091,0.47923982208602023,0.9883065020261376,True,8,8,1,1,"fly (1,8)",0.19999999999999996,-0.16265363184677994,-0.01842576388469297,0.16369396057180083,0.8184698028590043,0.09212881942346486,592.0146249248463,0.6792619464074376,0.2896494708994623,79.06706175957883,0.012304349839524779,0.038684403459043885,0.015906834248537782,0.07953417124268893,0.07262537589275998
11,2.2,229.26222222222222,173.92888888888888,222,167,18,17,99.26222222222222,9.590552871712292,592.0711111111111,79.07460582452237,592.0711111111111,79.07460582452237,0.4795276435856146,0.9884325728065294,True,8,8,1,1,"fly (1,8)",0.20000000000000018,0.0595790504160334,-0.07551639745474859,0.09618934209682385,0.48094671048411886,0.3775819872737426,592.00622363009,0.6753232172418276,-0.04200647378240807,79.06593971687344,0.05042831215682493,-0.005610213526878784,0.011612797808062745,0.05806398904031367,0.0755779145320802
12,2.4,229.17903930131004,174.04803493449782,221,167,19,17,99.17903930131004,9.58251587452271,591.9519650655022,79.05869316400697,591.9519650655022,79.05869316400697,0.47912579372613545,0.9882336645500872,True,8,8,1,1,"fly (1,8)",0.19999999999999973,-0.08318292091217927,0.11914604560894304,0.1453106276764718,0.7265531383823599,-0.5957302280444318,591.9813762693974,0.5094481238393088,-0.12423680346235748,79.06262120459398,-0.07956330257698607,-0.0165925613972936,0.017827116662647576,0.089135583313238,0.060439383085987286
13,2.6,229.12280701754386,174.07894736842104,221,167,19,17,99.12280701754386,9.577082803627427,591.921052631579,79.05456462525262,591.921052631579,79.05456462525262,0.47885414018137135,0.9881820578156577,True,8,8,1,1,"fly (1,8)",0.20000000000000018,-0.05623228376617817,0.03091243392321985,0.06416890453028957,0.3208445226514476,-0.15456216961638333,591.9370235981421,0.38399546676175317,-0.22176335627667276,79.05669764248977,-0.02064269377171966,-0.029617810521121654,0.006823715380882042,0.03411857690441018,0.04534755419286032
14,2.8,229.11061946902655,174.06194690265488,221,167,18,17,99.11061946902655,9.57590526270788,591.9380530973451,79.05683513820969,591.9380530973451,79.05683513820969,0.47879526313539394,0.9882104392276212,True,8,8,1,1,"fly (1,8)",0.19999999999999973,-0.012187548517317737,-0.017000465766159323,0.020917747850290404,0.10458873925145216,0.08500232883079673,591.8849193009456,0.4295180030262107,-0.26052148598201524,79.04973880480077,0.011352564785340762,-0.034794188444990895,0.002557700472186553,0.012788502360932782,0.05101393115637141
15,3.0,229.01304347826087,174.20434782608694,221,167,18,17,99.01304347826087,9.566477630749842,591.795652173913,79.03781665093997,591.795652173913,79.03781665093997,0.4783238815374921,0.9879727081367496,True,8,8,1,1,"fly (1,8)",0.20000000000000018,-0.09757599076567658,0.14240092343206356,0.17262414943514662,0.8631207471757323,-0.7120046171604593,591.9026880818724,0.8031235687835041,0.08884390463341185,79.05211193080099,-0.0950924363485938,0.011865630001111072,0.02122694284075427,0.10613471420377125,0.09358554036643675
16,3.2,229.23931623931622,174.02564102564102,221,167,19,17,99.23931623931622,9.588339733267269,591.974358974359,79.06168400325329,591.974358974359,79.06168400325329,0.4794169866633634,0.9882710500406661,True,8,8,1,1,"fly (1,8)",0.20000000000000018,0.22627276105535543,-0.1787068004459229,0.28833224398466584,1.4416612199233279,0.893534002229898,591.9362125859047,0.8778509590485611,0.16762252016159604,79.05658932699896,0.11933676156658624,0.02238698098987395,0.032366680906921276,0.16183340453460623,0.10380236301269247
17,3.4,229.25321888412017,173.96137339055795,221,167,19,17,99.25321888412017,9.589682983972963,592.0386266094421,79.07026732680362,592.0386266094421,79.07026732680362,0.4794841491986482,0.9883783415850452,True,8,8,1,1,"fly (1,8)",0.19999999999999973,0.01390264480394876,-0.06426763508306976,0.06575418200932458,0.32877091004662334,0.32133817541534926,592.0513182489323,0.9653644165031731,0.5755283151376032,79.07196237047509,0.042916617751629416,0.0768652173806335,0.008687794059939967,0.04343897029969989,0.10794191829357624
18,3.6,229.45374449339207,173.8590308370044,222,167,18,17,99.45374449339207,9.609057438975078,592.1409691629956,79.08393578136835,592.1409691629956,79.08393578136835,0.4804528719487539,0.9885491972671044,True,8,8,1,1,"fly (1,8)",0.20000000000000018,0.20052560927189234,-0.10234255355354094,0.2251322239079138,1.125661119539568,0.5117127677675621,592.0627764656306,1.321544612010469,0.05729108349195611,79.0734926832228,0.06834227282368482,0.007651563738496218,0.02371067600928455,0.11855338004642264,0.1373563123719547
19,3.8,228.96943231441048,173.99126637554585,221,167,19,17,98.96943231441048,9.56226399173048,592.0087336244542,79.06627494149639,592.0087336244542,79.06627494149639,0.4781131995865241,0.9883284367687049,True,8,8,1,1,"fly (1,8)",0.19999999999999973,-0.4843121789815825,0.13223553854143688,0.5020403612890424,2.5102018064452154,-0.6611776927070432,592.1127664262259,1.562922010163346,0.2499498029766294,79.08016913872801,-0.08830419935982559,0.033382277526096404,0.05001531735394825,0.2500765867697416,0.16662484940148992
20,4.0,229.07894736842104,173.81140350877192,221,167,19,17,99.07894736842104,9.572845156369183,592.188596491228,79.09029669331927,592.188596491228,79.09029669331927,0.47864225781845915,0.9886287086664909,True,8,8,1,1,"fly (1,8)",0.20000000000000018,0.10951505401055783,-0.17986286677393082,0.21058062090105106,1.0529031045052544,0.8993143338693691,592.1312528957036,1.4879541923260213,0.09243234738827694,79.08263811628763,0.12010875911442997,0.012344887798102793,0.026248916277661124,0.1312445813883055,0.15614192300812568
21,4.2,229.25892857142856,173.80357142857142,222,167,18,17,99.25892857142856,9.59023464458247,592.1964285714286,79.09134271404722,592.1964285714286,79.09134271404722,0.47951173222912347,0.9886417839255902,True,8,8,1,1,"fly (1,8)",0.20000000000000018,0.17998120300751452,-0.007832080200500968,0.18015153320551908,0.9007576660275946,0.039160401002504806,592.1471822672623,1.4162702353136751,0.07964685779370484,79.08476557826542,0.005230103639703994,0.010637309888963378,0.017420920173266,0.08710460086632993,0.1497644020053773
22,4.4,228.82173913043476,173.94347826086957,221,167,18,17,98.82173913043476,9.547994118882587,592.0565217391304,79.07265732742977,592.0565217391304,79.07265732742977,0.4773997059441293,0.9884082165928721,True,8,8,1,1,"fly (1,8)",0.20000000000000018,-0.43718944099379087,0.13990683229815204,0.4590299870816356,2.295149935408176,-0.6995341614907595,592.0828418439327,1.3544753806666971,-0.3217021166485287,79.07617253341338,-0.09342693308724384,-0.04296522426024298,0.04618880475229934,0.2309440237614965,0.13548372895973979
23,4.6,228.6592920353982,174.00442477876106,221,167,18,17,98.65929203539821,9.53229874738147,591.9955752212389,79.06451755876313,591.9955752212389,79.06451755876313,0.47661493736907345,0.9883064694845392,True,8,8,1,1,"fly (1,8)",0.1999999999999993,-0.16244709503655486,0.06094651789149452,0.17350370811286353,0.8675185405643208,-0.3047325894573316,592.0711773126492,1.6130214345846443,-0.05832265641686296,79.0746146661301,-0.04069884333318911,-0.007789336416289964,0.017680512450278525,0.08840256225139294,0.16615338296480944
24,4.8,228.95067264573993,173.83856502242153,221,167,18,17,98.95067264573993,9.560451463356515,592.1614349775784,79.08666911219744,592.1614349775784,79.08666911219744,0.47802257316782576,0.9885833639024681,True,8,8,1,1,"fly (1,8)",0.20000000000000018,0.2913806103417187,-0.16585975633952899,0.3352791655562875,1.6763958277814361,0.829298781697502,592.2920740071592,1.7785103403875084,1.1044834725494928,79.10411672883593,0.11075776717156306,0.14751031352915314,0.0358227125763078,0.17911356288153885,0.21339305795924757
25,5.0,228.97536945812809,173.2807881773399,222,167,17,16,98.97536945812809,9.562837628804646,592.7192118226601,79.16116351554726,592.7192118226601,79.16116351554726,0.4781418814402323,0.9895145439443407,True,8,8,1,1,"fly (1,8)",0.20000000000000018,0.02469681238815724,-0.5577768450816336,0.5583233305633543,2.791616652816769,2.7888842254083075,592.4735176345083,1.845459966404553,0.9072181367457679,79.1283496006021,0.3724720167490855,0.12116435883082005,0.07453260974896227,0.372663048744811,0.22800732381662933
26,5.2,228.85915492957747,173.4600938967136,221,167,18,16,98.85915492957747,9.551609171939852,592.5399061032864,79.13721617406162,592.5399061032864,79.13721617406162,0.4775804585969926,0.9892152021757703,True,8,8,1,1,"fly (1,8)",0.20000000000000018,-0.1162145285506142,0.17930571937370132,0.21367348372309103,1.0683674186154541,-0.8965285968685058,592.6238527057781,2.7952082523073276,0.7516753563485653,79.14842774033764,-0.11973670742818843,0.10039069867763327,0.02644907196470766,0.1322453598235382,0.3144817487954415
27,5.4,227.95693779904306,173.38755980861245,220,167,18,16,97.95693779904306,9.464438434690152,592.6124401913876,79.14690353140402,592.6124401913876,79.14690353140402,0.47322192173450756,0.9893362941425502,True,8,8,1,1,"fly (1,8)",0.20000000000000018,-0.9022171305344102,-0.07253408810115047,0.9051281370979528,4.52564068548976,0.36267044050589414,593.1827731496787,4.89024560864647,2.794602219503883,79.22307487808732,0.04843678671200276,0.3732356887484196,0.08770736756359516,0.4385368378179754,0.590984679191476
28,5.6,228.29530201342283,171.60402684563758,222,167,16,12,98.29530201342283,9.497130629316215,594.3959731543624,79.38510492879631,594.3959731543624,79.38510492879631,0.47485653146581075,0.9923138116099539,True,8,8,1,1,"fly (1,8)",0.1999999999999993,0.3383642143797658,-1.7835329629748742,1.8153457443668328,9.076728721834197,8.91766481487426,594.143830089609,6.738981289538238,4.805284699650855,79.35142972816146,1.1910069869614446,0.6417742503707551,0.24043436798658208,1.2021718399329147,0.8120370690598181
29,5.8,227.46153846153845,170.57692307692307,222,167,14,10,97.46153846153845,9.41657376439985,595.4230769230769,79.52228072428407,595.4230769230769,79.52228072428407,0.4708286882199925,0.9940285090535508,True,8,8,1,1,"fly (1,8)",0.20000000000000018,-0.833763551884374,-1.027103768714511,1.3229148922581524,6.614574461290756,5.135518843572409,595.2001000258132,7.186719846862424,5.281349681020713,79.49250083817203,0.685878977438818,0.7053555500528349,0.15908050588571299,0.7954025294285643,0.8627228201430223
30,6.0,226.34375,170.21875,220,167,14,9,96.34375,9.308574879227054,595.78125,79.57011686143572,595.78125,79.57011686143572,0.46542874396135264,0.9946264607679466,True,8,8,1,1,"fly (1,8)",0.20000000000000018,-1.1177884615384528,-0.358173076923066,1.1737712714924649,5.868856357462319,1.7908653846154705,595.628108974359,4.391123224913193,2.1400447427293994,79.54966396986431,0.23918068575824214,0.2858156584613878,0.11811881821351773,0.5905940910675881,0.48912542163839784
31,6.2,226.25,170.32,220,167,14,9,96.25,9.29951690821256,595.6800000000001,79.55659432387314,595.6800000000001,79.55659432387314,0.46497584541062803,0.9944574290484142,True,8,8,1,1,"fly (1,8)",0.20000000000000018,-0.09375,0.10124999999999318,0.13798777119730074,0.6899388559865031,-0.5062499999996812,595.8076940203563,6.56585286836084,0.8979252299862605,79.57364861707596,-0.06761268781289681,0.11992323605826498,0.016275928883808254,0.0813796444190412,0.6493506145879897
32,6.4,228.8625954198473,170.0381679389313,220,167,20,9,98.86259541984731,9.551941586458677,595.9618320610687,79.59423466591903,595.9618320610687,79.59423466591903,0.4775970793229339,0.9949279333239878,True,8,8,1,1,"fly (1,8)",0.20000000000000018,2.6125954198473096,-0.28183206106868397,2.6277526783267415,13.138763391633695,1.4091603053429922,595.7990759148406,6.230428917181332,-0.043090527577951475,79.57249761800877,0.1882017102294496,-0.005754995335939095,0.2552156216554682,1.2760781082773398,0.6122719468054955
33,6.6,229.81294964028777,170.24460431654677,221,167,20,9,99.81294964028777,9.64376325026935,595.7553956834532,79.56666386423416,595.7553956834532,79.56666386423416,0.48218816251346747,0.9945832983029269,True,8,8,1,1,"fly (1,8)",0.1999999999999993,0.9503542204404596,0.20643637761546074,0.9725169007847559,4.862584503923797,-1.0321818880771654,595.9448050815073,7.388961673057161,0.728645833333225,79.59196061188747,-0.13785400842437007,0.09731496939340396,0.09587161754402075,0.47935808772010546,0.730366151528571
34,6.8,229.0625,169.8828125,220,167,20,8,99.0625,9.571256038647343,596.1171875,79.61498330550918,596.1171875,79.61498330550918,0.47856280193236717,0.9951872913188647,True,8,8,1,1,"fly (1,8)",0.20000000000000018,-0.7504496402877692,-0.36179181654676995,0.8331074247227988,4.16553712361399,1.8089590827338482,595.990861061151,4.613796288495363,0.23027989821893222,79.59811166092169,0.24159720637513238,0.030755245171126214,0.08713245171765356,0.4356622585882674,0.46004594165766394
35,7.0,228.1,169.9,220,167,19,8,98.1,9.478260869565217,596.1,79.61268781302171,596.1,79.61268781302171,0.47391304347826085,0.9951585976627714,True,8,8,1,1,"fly (1,8)",0.20000000000000018,-0.9625000000000057,0.017187500000005684,0.9626534475896615,4.8132672379483035,-0.08593749999988624,596.1221034356726,3.679123012056792,0.6562118726071725,79.61563985785277,-0.011477462437383668,0.0876409846553845,0.09302349573292389,0.465117478664619,0.3669866972511116
36,7.2,228.50877192982455,169.85087719298247,221,167,19,8,98.50877192982455,9.517755742012033,596.1491228070175,79.61924845502739,596.1491228070175,79.61924845502739,0.4758877871006017,0.9952406056878423,True,8,8,1,1,"fly (1,8)",0.20000000000000018,0.4087719298245531,-0.04912280701753957,0.4117129349216172,2.058564674608084,0.24561403508755553,596.1203742690059,2.5075728543587563,-0.008645833333389455,79.61540891739644,0.03280321002840478,-0.0011547022815960896,0.040036070900089704,0.20018035450044835,0.24349091357079508
37,7.4,228.38400000000001,169.888,220,167,20,8,98.38400000000001,9.50570048309179,596.112,79.61429048414023,596.112,79.61429048414023,0.47528502415458945,0.9951786310517529,True,8,8,1,1,"fly (1,8)",0.20000000000000018,-0.12477192982453289,0.03712280701753912,0.13017733010397628,0.6508866505198808,-0.18561403508783753,596.0989456975773,7.722907155306491,-0.10714285714300381,79.61254700468477,-0.024789854435809368,-0.014309563558327973,0.013034981509463603,0.06517490754731796,0.7474697297834894
38,7.6,224.29285714285714,169.96428571428572,215,167,22,8,94.29285714285714,9.110420979986198,596.0357142857142,79.60410207488671,596.0357142857142,79.60410207488671,0.4555210489993099,0.9950512759360839,True,8,8,1,1,"fly (1,8)",0.1999999999999993,-4.09114285714287,0.07628571428571718,4.091854028158288,20.45927014079151,-0.3814285714287293,595.9856416040101,7.828882888035394,-0.566520467836161,79.59741457148715,-0.050942046267579325,-0.07566216598815365,0.3954107854605389,1.9770539273027017,0.7648241007829176
39,7.8,223.875,170.19078947368422,214,167,22,9,93.875,9.070048309178745,595.8092105263158,79.5738511554345,595.8092105263158,79.5738511554345,0.4535024154589372,0.9946731394429312,True,8,8,1,1,"fly (1,8)",0.20000000000000018,-0.4178571428571445,0.2265037593984971,0.4752983745589588,2.3764918727947917,-1.132518796991916,595.9118783981812,13.932824777077295,-0.3688160291437728,79.58756305818781,-0.15125459726107224,-0.04925756649666846,0.05044869349974674,0.2522434674987335,1.35394292093357
40,8.0,227.66666666666669,170.10928961748633,214,167,27,9,97.66666666666669,9.436392914653785,595.8907103825137,79.58473594424223,595.8907103825137,79.58473594424223,0.4718196457326893,0.9948091993030279,True,8,8,1,1,"fly (1,8)",0.20000000000000018,3.7916666666666856,-0.0814998561978939,3.792542463529121,18.96271231764559,0.40749928098932703,595.857616361875,8.175482747146596,-0.2713101815311346,79.58031604165275,0.054423944038646206,-0.036235082675280694,0.36650627359985527,1.8325313679992747,0.7976100760295554
41,8.2,228.3038674033149,170.12707182320443,215,167,26,9,98.30386740331491,9.497958203218833,595.8729281767955,79.58236102528154,595.8729281767955,79.58236102528154,0.47489791016094157,0.9947795128160193,True,8,8,1,1,"fly (1,8)",0.1999999999999993,0.6372007366482251,0.01778220571810607,0.6374488101998793,3.187244050999408,-0.08891102859081489,595.8749700785365,7.996045554523583,0.0867685833079196,79.58263373336048,-0.011874594803416058,0.011588458538630166,0.06161107851813141,0.3080553925906582,0.7727566696880624
42,8.4,227.9364161849711,170.1387283236994,215,167,25,9,97.93641618497111,9.462455670045518,595.8612716763006,79.58080423055767,595.8612716763006,79.58080423055767,0.4731227835022759,0.9947600528819709,True,8,8,1,1,"fly (1,8)",0.20000000000000107,-0.36745121834380257,0.011656500494979127,0.3676360589851522,1.8381802949257513,-0.058282502474753216,595.1168794030868,8.608888861499766,-3.7904533772488604,79.48138623079625,-0.007783973619339649,-0.5062375128211981,0.03553664969485112,0.17768324847425465,0.9154476071068732
43,8.6,224.4337899543379,172.3835616438356,212,167,24,14,94.4337899543379,9.124037676747623,593.6164383561644,79.28099343654951,593.6164383561644,79.28099343654951,0.45620188383738114,0.9910124179568688,True,8,8,1,1,"fly (1,8)",0.1999999999999993,-3.5026262306332114,2.2448333201361947,4.160248447714813,20.80124223857414,-11.224166600681013,594.416147246594,7.8797351247822975,-3.503660782464157,79.38779929837649,-1.4990539700408387,-0.467934662098701,0.4521208360511398,2.260604180255707,0.8527501940861324
44,8.8,224.5609756097561,172.22926829268292,213,167,22,13,94.5609756097561,9.136326145870154,593.770731707317,79.30160022802232,593.770731707317,79.30160022802232,0.45681630729350775,0.9912700028502789,True,8,8,1,1,"fly (1,8)",0.20000000000000107,0.12718565541820226,-0.15429335115268827,0.19995656816940138,0.9997828408470016,0.7714667557632952,593.7412361750066,7.5509302720749245,-3.374555357936908,79.29766092487569,0.10303395736407539,-0.4506918675040832,0.023992630705687197,0.11996315352843534,0.8227592707156494
45,9.0,224.40384615384616,172.16346153846155,212,167,23,13,94.40384615384616,9.121144555927167,593.8365384615385,79.31038911005523,593.8365384615385,79.31038911005523,0.45605722779635827,0.9913798638756902,True,8,8,1,1,"fly (1,8)",0.1999999999999993,-0.15712945590993854,-0.06580675422137006,0.1703531473607257,0.8517657368036315,0.32903377110699356,593.7743033264273,0.8674353296409794,0.16533575710354684,79.30207723892185,0.04394441016451382,0.02208157023086202,0.01754209567256105,0.08771047836280556,0.0997174778394279
46,9.2,224.49289099526067,172.28436018957345,213,167,23,13,94.49289099526067,9.129747922247407,593.7156398104265,79.29424237868803,593.7156398104265,79.29424237868803,0.4564873961123704,0.9911780297336003,True,8,8,1,1,"fly (1,8)",0.1999999999999993,0.08904484141450553,0.12089865111190079,0.15015148225446046,0.750757411272305,-0.6044932555596482,593.7306059705348,0.683678239247746,-0.21848677946233355,79.2962411980681,-0.08073365683600316,-0.029180204268778643,0.01829576032540849,0.09147880162704278,0.07830567126038031
47,9.4,224.54054054054055,172.36036036036035,212,167,24,14,94.54054054054055,9.134351743047395,593.6396396396397,79.28409210546106,593.6396396396397,79.28409210546106,0.4567175871523698,0.9910511513182632,True,8,8,1,1,"fly (1,8)",0.20000000000000107,0.04764954527988152,0.07600017078689802,0.08970231393346074,0.4485115696673013,-0.380000853934346,593.5494342352933,1.392931344749271,-0.9058586762074604,79.2720446391043,-0.050751366134846605,-0.12098279481904256,0.01114554675825858,0.0557277337912926,0.15882092664653352
48,9.6,224.05581395348838,172.70697674418605,213,167,21,14,94.05581395348838,9.08751825637569,593.293023255814,79.2377994331638,593.293023255814,79.2377994331638,0.4543759128187845,0.9904724929145475,True,8,8,1,1,"fly (1,8)",0.1999999999999993,-0.4847265870521653,0.3466163838257046,0.5959050106616394,2.9795250533082074,-1.733081919128387,593.4121337377369,2.5598021986016093,-0.6865024877824544,79.25370734393816,-0.23146336148627794,-0.0916864758307177,0.0658512489042528,0.3292562445212652,0.26525802217457256
49,9.8,223.20560747663552,172.696261682243,212,167,22,14,93.20560747663552,9.005372703056572,593.303738317757,79.2392304931896,593.303738317757,79.2392304931896,0.4502686351528286,0.9904903811648699,True,8,8,1,1,"fly (1,8)",0.20000000000000107,-0.8502064768528612,-0.010715061943045612,0.8502739945658683,4.251369972829319,0.05357530971536988,593.2983807867855,3.615447513068763,-0.8397533047065086,79.2385149631767,0.0071553001289714376,-0.11215403067865326,0.08215801764223242,0.4107900882111599,0.3700231663662125
0,0.0,406.12704918032784,637.3196721311475,400,626,14,23,43.127049180327845,4.5637089079712005,125.68032786885249,17.1870533837747,125.68032786885249,17.1870533837747,0.22818544539856003,0.21483816729718375,True,9,1,2,2,"fly (2,1)",,,,,,,121.92864130068136,22.46288110463374,-18.75843284085562,16.674002229153007,,-2.5652557731084613,,,2.879319473540452
1,0.2,411.06995884773664,644.8230452674898,404,634,15,23,48.06995884773664,5.0867681320356235,118.17695473251024,16.160951074531315,118.17695473251024,16.160951074531315,0.2543384066017812,0.20201188843164145,True,9,1,2,2,"fly (2,1)",0.2,4.942909667408799,7.503373136342248,8.985152441853497,44.92576220926748,-37.51686568171124,118.54487017886181,25.866751837257567,-23.171666556049598,16.21126429796401,-5.130511546216923,-3.1687749136478103,1.1517277894161808,5.758638947080904,3.396689154262095
2,0.4,412.39271255060726,651.2226720647773,405,640,16,23,49.39271255060726,5.2267420688473285,111.77732793522273,15.285788435586014,111.77732793522273,15.285788435586014,0.26133710344236644,0.19107235544482518,True,9,1,2,2,"fly (2,1)",0.2,1.3227537028706138,6.39962679728751,6.534898660501042,32.67449330250521,-31.99813398643755,109.98736505591098,45.5247223124587,-42.787525614754145,15.041007187133127,-4.375813194726508,-5.8512855541544155,0.886285703141076,4.43142851570538,6.082649554663384
3,0.6,411.62109375,662.9921875,405,652,14,24,48.62109375,5.145089285714286,100.0078125,13.676282051282051,100.0078125,13.676282051282051,0.2572544642857143,0.17095352564102564,True,9,1,2,2,"fly (2,1)",0.19999999999999996,-0.7716188006072571,11.76951543522273,11.79478228512068,58.97391142560342,-58.84757717611366,102.76041139507424,36.51343989409555,-36.13476830418373,14.052705831805023,-8.047531921519814,-4.941506776640511,1.6115762402407732,8.057881201203868,4.972627192415358
4,0.8,412.30859375,666.50390625,406,655,14,24,49.30859375,5.217840608465608,96.49609375,13.196047008547009,96.49609375,13.196047008547009,0.2608920304232804,0.16495058760683762,True,9,1,2,2,"fly (2,1)",0.20000000000000007,0.6875,3.51171875,3.578382990835604,17.891914954178016,-17.558593749999993,96.62297508713561,30.881726239107152,-30.687181539693146,13.213398302514271,-2.401175213675212,-4.196537646453764,0.4857143720673657,2.4285718603368274,4.2125089533603655
5,1.0,412.7034220532319,669.6349809885932,406,658,15,24,49.70342205323192,5.259621381294383,93.36501901140684,12.767865847713756,93.36501901140684,12.767865847713756,0.26298106906471913,0.15959832309642197,True,9,1,2,2,"fly (2,1)",0.19999999999999996,0.3948283032319182,3.1310747385931563,3.155870467508006,15.779352337540033,-15.655373692965785,93.75164505174307,15.053384968992047,-14.356650176962754,12.820737784853753,-2.1409058041662647,-1.9633025883026,0.4302147597080807,2.151073798540404,2.021739861479468
6,1.2,413.88416988416986,671.6061776061777,407,660,15,24,50.884169884169864,5.384568241711097,91.39382239382235,12.498300498300491,91.39382239382235,12.498300498300491,0.2692284120855548,0.15622875622875615,True,9,1,2,2,"fly (2,1)",0.19999999999999996,1.1807478309379462,1.9711966175844964,2.297777523051617,11.488887615258088,-9.855983087922484,89.71885622598548,21.770371453188943,-20.163944128787918,12.269245295861262,-1.3478267470663232,-2.7574624449624507,0.29711478511223455,1.485573925561173,2.8917495883012054
7,1.4,416.875,678.6022727272727,410,667,15,24,53.875,5.701058201058201,84.39772727272725,11.541569541569539,84.39772727272725,11.541569541569539,0.28505291005291006,0.14426961926961923,True,9,1,2,2,"fly (2,1)",0.19999999999999996,2.9908301158301356,6.996095121095095,7.608574881353741,38.04287440676871,-34.98047560547548,82.61881172091095,38.91616255871387,-35.50022252537264,11.298299038757051,-4.783654783654764,-4.854731285521043,1.0077202081604075,5.038601040802039,5.139780776602107
8,1.6,422.2251908396947,690.9351145038167,415,680,16,23,59.225190839694676,6.267215961872452,72.06488549618325,9.855027076401129,72.06488549618325,9.855027076401129,0.3133607980936226,0.1231878384550141,True,9,1,2,2,"fly (2,1)",0.20000000000000018,5.350190839694676,12.332841776544,13.443345130822975,67.21672565411481,-61.66420888271995,73.23327968209428,51.357492146307095,-46.92766019408338,10.014807477893234,-8.432712325842042,-6.417457804319095,1.7790334726886234,8.89516736344311,6.7867312781996185
9,1.8,426.3941605839416,699.7627737226277,418,689,18,23,63.394160583941584,6.70837678136948,63.237226277372315,8.647825815709034,63.237226277372315,8.647825815709034,0.335418839068474,0.10809782269636294,True,9,1,2,2,"fly (2,1)",0.19999999999999996,4.168969744246908,8.827659218810936,9.76257527560755,48.81287637803776,-44.13829609405469,65.60427535308993,42.83190301705997,-38.145021645021664,8.97152483461059,-6.036006303460477,-5.216413216413218,1.2852850860707412,6.426425430353707,5.612650773138905
10,2.0,428.1928571428571,701.4892857142858,420,690,18,24,65.19285714285712,6.898715041572182,61.51071428571424,8.411721611721607,61.51071428571424,8.411721611721607,0.3449357520786091,0.10514652014652008,True,9,1,2,2,"fly (2,1)",0.19999999999999996,1.7986965589155375,1.7265119916580716,2.4932214038054696,12.466107019027351,-8.63255995829036,61.22143895656893,25.361440947266615,-21.914181982605026,8.372162592351307,-1.1805210199371354,-2.996811211296414,0.30327190512397995,1.5163595256199,3.2902535045862167
11,2.2,429.62020905923345,704.0836236933798,421,693,19,24,66.62020905923345,7.049757572405656,58.916376306620236,8.05694034962328,58.916376306620236,8.05694034962328,0.3524878786202828,0.100711754370291,True,9,1,2,2,"fly (2,1)",0.20000000000000018,1.427351916376324,2.594337979094007,2.9610678889469493,14.805339444734733,-12.971689895470025,57.81264030574808,22.077667080054074,-17.043993254104265,7.906002093093755,-1.7739063104916293,-2.330802496287762,0.38559511155700876,1.9279755577850421,2.7653941141404546
12,2.4,434.7039711191336,709.9891696750902,427,699,17,23,71.7039711191336,7.587721811548529,53.01083032490976,7.2493443179363775,53.01083032490976,7.2493443179363775,0.37938609057742645,0.09061680397420473,True,9,1,2,2,"fly (2,1)",0.19999999999999973,5.0837620599001525,5.905545981710475,7.792310955280017,38.96155477640014,-29.527729908552413,52.419397515674326,31.883674080757483,-26.966213950368758,7.168464617528113,-4.037980158434521,-3.687687377828208,0.9703694518032829,4.851847259016421,4.107094666531165
13,2.6,438.0492957746479,717.669014084507,430,707,18,23,75.04929577464787,7.941724420597659,45.33098591549299,6.199109185024682,45.33098591549299,6.199109185024682,0.39708622102988295,0.07748886481280853,True,9,1,2,2,"fly (2,1)",0.20000000000000018,3.3453246555142755,7.6798444094167735,8.376825604227522,41.88412802113757,-38.39922204708383,44.49420348807647,43.93551472466782,-39.6259701379893,6.084677400078834,-5.251175664558474,-5.418936087246401,1.108292236558408,5.541461182792035,5.787257269571707
14,2.8,437.84837545126356,727.8592057761733,430,716,17,25,74.84837545126356,7.9204630107157215,35.140794223826674,4.805578697275442,35.140794223826674,4.805578697275442,0.3960231505357861,0.060069733715943034,True,9,1,2,2,"fly (2,1)",0.19999999999999973,-0.20092032338430954,10.190191691666314,10.192172275293135,50.96086137646574,-50.95095845833164,30.92418712977322,69.25516855495944,-67.85008179151625,4.228948667319415,-6.967652438746206,-9.278643663797093,1.3936926733813306,6.968463366906662,9.395365232257673
15,3.0,440.41796875,750.69921875,434,739,14,25,77.41796875,8.192377645502646,12.30078125,1.6821581196581197,12.30078125,1.6821581196581197,0.40961888227513227,0.021026976495726497,True,9,1,2,2,"fly (2,1)",0.20000000000000018,2.569593298736436,22.840012973826674,22.984103253455025,114.92051626727502,-114.20006486913327,18.48364042273973,67.22731718562945,-62.20273353516743,2.527677322767826,-15.617102888086599,-8.506356722757939,3.135234229414867,15.676171147074323,8.954811256896242
16,3.2,446.14953271028037,754.9906542056075,440,745,14,19,83.14953271028037,8.798892350294219,8.009345794392516,1.0952951513699167,8.009345794392516,1.0952951513699167,0.4399446175147109,0.01369118939212396,True,9,1,2,2,"fly (2,1)",0.20000000000000018,5.7315639602803685,4.291435455607484,7.160114782629521,35.80057391314757,-21.457177278037403,8.52703159544266,65.99981139921768,-49.78304413648531,1.1660897908297656,-2.934314841441012,-6.807937659690299,0.843959851341549,4.219799256707741,8.345875301030505
17,3.4,455.2,757.7290322580645,449,751,15,13,92.19999999999999,9.756613756613756,5.270967741935465,0.7208161014612602,5.270967741935465,0.7208161014612602,0.4878306878306878,0.009010201268265752,True,9,1,2,2,"fly (2,1)",0.19999999999999973,9.05046728971962,2.738378052457051,9.455668803446072,47.278344017230424,-13.691890262285273,6.64015676816399,41.539458965189,-17.574533770161324,0.9080556264155886,-1.8723952495432852,-2.403355045492148,1.028331099861889,5.1416554993094525,4.680727378008596
0,0.0,385.7432432432432,320.1554054054054,381,312,10,19,22.743243243243228,2.406692406692405,442.8445945945946,60.55994455994456,442.8445945945946,60.55994455994456,0.12033462033462025,0.756999306999307,True,10,2,2,2,"fly (2,2)",,,,,,,442.7004222972973,0.8358769905754523,-0.7208614864865126,60.54022869022869,,-0.09857934857935291,,,0.10827215944571891
1,0.2,385.9125,320.44375,381,311,11,20,22.912500000000023,2.424603174603177,442.55625,60.52051282051282,442.55625,60.52051282051282,0.12123015873015885,0.7565064102564102,True,10,2,2,2,"fly (2,2)",0.2,0.16925675675679486,0.28834459459460504,0.33435079623018094,1.6717539811509046,-1.4417229729730252,442.59452021465904,0.84913941721476,-0.7697975753531713,60.52574635414141,-0.19715869715870582,-0.10527146329616006,0.04330886377828757,0.21654431889143783,0.11195194762561907
2,0.4,385.8888888888889,320.6172839506173,381,312,11,19,22.888888888888914,2.4221046443268692,442.3827160493827,60.496781681966866,442.3827160493827,60.496781681966866,0.12110523221634346,0.7562097710245858,True,10,2,2,2,"fly (2,2)",0.2,-0.023611111111108585,0.1735339506172977,0.17513285409867513,0.8756642704933756,-0.8676697530864885,442.6268414969804,1.8249454770018723,0.16160641160638547,60.53016635856142,-0.11865569272977439,0.02210002210000306,0.02386230479708388,0.11931152398541939,0.2429930812590937
3,0.6,385.7142857142857,320.0584415584416,381,311,11,20,22.714285714285722,2.4036281179138332,442.9415584415584,60.57320457320456,442.9415584415584,60.57320457320456,0.12018140589569165,0.7571650571650571,True,10,2,2,2,"fly (2,2)",0.19999999999999996,-0.17460317460319175,-0.558842392175734,0.5854836358722671,2.9274181793613363,2.79421196087867,442.7489517120341,1.5033137333096533,0.6105510752688779,60.54686519138928,0.3821144561884894,0.08349416413931725,0.07862468018008476,0.39312340090042386,0.1958950112550321
4,0.8,385.5741935483871,320.0774193548387,381,311,10,20,22.574193548387086,2.3888035500938716,442.9225806451613,60.57060931899641,442.9225806451613,60.57060931899641,0.11944017750469357,0.7571326164874552,True,10,2,2,2,"fly (2,2)",0.20000000000000007,-0.14009216589863627,0.018977796397109614,0.14137175001484975,0.7068587500742485,-0.09488898198554804,442.91673834536226,1.2838383574720118,0.8389331666406483,60.569810372015354,-0.012976271040763262,0.1147259031303468,0.015050021775850592,0.07525010887925293,0.16542459374454513
5,1.0,385.5506329113924,320.11392405063293,381,311,10,20,22.550632911392427,2.3863103609939076,442.88607594936707,60.565617223845074,442.88607594936707,60.565617223845074,0.11931551804969538,0.7570702152980634,True,10,2,2,2,"fly (2,2)",0.19999999999999996,-0.02356063699465949,0.03650469579423543,0.04344762859609012,0.21723814298045063,-0.18252347897117718,442.9254661766708,0.5004727568094283,0.04363915654247804,60.571003921596,-0.024960475756685703,0.005967747903253463,0.005580054290791714,0.027900271453958576,0.057914291558205065
6,1.2,385.6322580645161,320.0322580645161,381,311,10,20,22.632258064516122,2.3949479433350396,442.9677419354839,60.576785221946515,442.9677419354839,60.576785221946515,0.11974739716675196,0.7572098152743314,True,10,2,2,2,"fly (2,2)",0.19999999999999996,0.08162515312369578,-0.08166598611683185,0.11546427547471709,0.5773213773735856,0.40832993058415934,442.86406332595806,0.6990720837122563,-0.3070142535634091,60.56260695055837,0.05583999050720935,-0.04198485518814485,0.014118498868280732,0.07059249434140367,0.08946877877480656
7,1.4,385.75581395348837,320.26162790697674,381,311,11,20,22.75581395348837,2.40802264058078,442.73837209302326,60.545418405883524,442.73837209302326,60.545418405883524,0.120401132029039,0.756817730073544,True,10,2,2,2,"fly (2,2)",0.19999999999999996,0.12355588897224834,0.22936984246064185,0.26053134615654644,1.3026567307827326,-1.1468492123032095,442.73537134283566,1.0856667757029261,-0.6434599156117805,60.54500804688352,-0.15683408031495819,-0.08799451837427101,0.033982714105811475,0.16991357052905742,0.13969640663711946
8,1.6,385.89375,320.5,381,312,11,19,22.89375000000001,2.422619047619049,442.5,60.51282051282051,442.5,60.51282051282051,0.12113095238095244,0.7564102564102564,True,10,2,2,2,"fly (2,2)",0.20000000000000018,0.1379360465116406,0.23837209302325846,0.27540444379049234,1.3770222189524604,-1.1918604651162912,442.6336495933799,1.180452592809657,-0.5086087472788369,60.53109738029127,-0.16298946531506417,-0.06955333296120372,0.03571663100817949,0.1785831550408973,0.15456743344300716
9,1.8,385.9509202453988,320.3374233128834,381,311,11,20,22.950920245398777,2.4286688090369077,442.6625766871166,60.53505322216979,442.6625766871166,60.53505322216979,0.12143344045184538,0.7566881652771223,True,10,2,2,2,"fly (2,2)",0.19999999999999996,0.057170245398765474,-0.1625766871165979,0.17233576573875556,0.861678828693778,0.8128834355829897,442.5905906964718,0.9702180980660047,-0.21529448454070113,60.525208984132895,0.11116354674641118,-0.029441980791903615,0.02304111495181334,0.11520557475906673,0.12285303939955404
10,2.0,385.82758620689657,320.39080459770116,381,311,11,20,22.82758620689657,2.415617588031383,442.60919540229884,60.52775321740838,442.60919540229884,60.52775321740838,0.12078087940156915,0.7565969152176049,True,10,2,2,2,"fly (2,2)",0.19999999999999996,-0.12333403850220748,0.05338128481776039,0.13439064931035513,0.6719532465517758,-0.266906424088802,442.68569427462626,0.8788983732088539,0.47551789077213374,60.53821460165829,-0.036500023807057864,0.06502808762695857,0.01495407767973961,0.07477038839869807,0.10980489021347518
11,2.2,385.96045197740114,320.2146892655367,381,311,11,20,22.960451977401135,2.429677457926046,442.7853107344633,60.551837365396686,442.7853107344633,60.551837365396686,0.1214838728963023,0.7568979670674586,True,10,2,2,2,"fly (2,2)",0.20000000000000018,0.13286577050456572,-0.17611533216444286,0.22061260887620174,1.1030630443810077,0.8805766608222135,442.7806248526049,1.0759178338874458,0.4746528898933397,60.55119656103998,0.12042073994152236,0.06490979690848776,0.027887741496532177,0.13943870748266077,0.1277343296689835
12,2.4,385.719298245614,320.0526315789474,381,311,11,20,22.719298245614027,2.404158544509421,442.9473684210526,60.573999100314886,442.9473684210526,60.573999100314886,0.12020792722547104,0.7571749887539361,True,10,2,2,2,"fly (2,2)",0.19999999999999973,-0.24115373178710797,-0.1620576865893213,0.29054744214591033,1.4527372107295535,0.8102884329466076,442.212379251414,4.921264594817372,-2.841228005954498,60.47348776087713,0.11080867459099879,-0.38854400081427515,0.03379877862511829,0.16899389312559168,0.624745979392101
13,2.6,384.38216560509557,322.09554140127386,380,313,11,19,21.382165605095565,2.2626630269942396,440.90445859872614,60.294626816919816,440.90445859872614,60.294626816919816,0.11313315134971198,0.7536828352114977,True,10,2,2,2,"fly (2,2)",0.20000000000000018,-1.3371326405184618,2.0429098223264646,2.441598705868313,12.207993529341554,-10.214549111632314,442.3541177785228,8.968301671382038,0.7086926355436743,60.49287080731935,-1.3968614169753466,0.09691523221111109,0.3131610675136104,1.5658053375680505,1.1519242358225374
14,2.8,383.07894736842104,319.7894736842105,380,311,8,18,20.07894736842104,2.1247563352826497,443.2105263157895,60.60998650472335,443.2105263157895,60.60998650472335,0.10623781676413249,0.7576248313090418,True,10,2,2,2,"fly (2,2)",0.19999999999999973,-1.3032182366745246,-2.3060677170633426,2.6488348548149983,13.244174274075009,11.530338585316729,442.8461361126463,10.505636417626205,2.4600916706180054,60.560155365831974,1.5767984390176812,0.3364227925631514,0.34419469535479347,1.7209734767739697,1.372043708453935
15,3.0,383.0900900900901,318.5765765765766,380,310,8,17,20.090090090090087,2.125935459268792,444.4234234234234,60.775852775852776,444.4234234234234,60.775852775852776,0.10629677296343962,0.7596981596981597,True,10,2,2,2,"fly (2,2)",0.20000000000000018,0.01114272166904584,-1.2128971076339212,1.2129482898924115,6.064741449462052,6.064485538169601,446.08016903875404,16.74330084949483,16.170164630538384,61.00241627880397,0.8293313556471197,2.211304564859955,0.165870462203957,0.8293523110197842,2.2595150292766535
16,3.2,382.9754098360656,312.39344262295083,380,303,8,20,19.97540983606558,2.1137999826524423,450.60655737704917,61.62140955583579,450.60655737704917,61.62140955583579,0.10568999913262211,0.7702676194479473,True,10,2,2,2,"fly (2,2)",0.20000000000000018,-0.11468025402450621,-6.18313395362577,6.184197364989491,30.92098682494743,30.915669768128822,450.5855144334908,22.534137691984014,22.5267269736842,61.618531888340634,4.227783899915064,3.080578047683306,0.8456438600072421,4.228219300036207,3.0811849261401445
17,3.4,382.7734375,306.2734375,380,296,7,21,19.7734375,2.092427248677249,456.7265625,62.458333333333336,456.7265625,62.458333333333336,0.10462136243386243,0.7807291666666667,True,10,2,2,2,"fly (2,2)",0.19999999999999973,-0.2019723360655803,-6.120005122950829,6.123336960308503,30.616684801542554,30.600025614754184,458.16298801096445,37.942251393643126,37.88736788736788,62.654767591243,4.184618887487735,5.181178514511845,0.8371966334728874,4.1859831673644425,5.185674817403329
18,3.6,383.54545454545456,295.84415584415586,380,286,9,21,20.54545454545456,2.174122174122176,467.15584415584414,63.884559884559884,467.15584415584414,63.884559884559884,0.10870610870610879,0.7985569985569986,True,10,2,2,2,"fly (2,2)",0.20000000000000018,0.772017045454561,-10.429281655844136,10.457816510887891,52.28908255443941,52.14640827922063,466.0790817885072,39.63367959058954,39.580468887713785,63.737310330052274,7.131132756132737,5.412713694046322,1.4285643969618684,7.142821984809336,5.417073015097901
19,3.8,383.51612903225805,288.64516129032256,380,279,9,21,20.51612903225805,2.171018945212492,474.35483870967744,64.86903777226358,474.35483870967744,64.86903777226358,0.1085509472606246,0.8108629721532947,True,10,2,2,2,"fly (2,2)",0.19999999999999973,-0.02932551319651111,-7.198994553833302,7.199054283157322,35.995271415786654,35.99497276916656,476.0655267671397,49.980189632320425,49.93222489316241,65.10297801943791,4.9223894385184925,6.82833844692819,0.9844827786239836,4.922413893119924,6.832268154739519
20,4.0,383.44871794871796,276.31410256410254,380,266,9,22,20.448717948717956,2.1638854972188315,486.68589743589746,66.55533640149025,486.68589743589746,66.55533640149025,0.10819427486094156,0.8319417050186282,True,10,2,2,2,"fly (2,2)",0.20000000000000018,-0.06741108354009384,-12.331058726220022,12.331242985347057,61.65621492673523,61.65529363110005,485.9622966639096,49.54111825070536,49.48384948384944,66.45638244976541,8.431493146133342,6.767022151637515,1.6863137172578606,8.431568586289295,6.771714712329946
21,4.2,382.61538461538464,266.1538461538462,380,256,7,21,19.61538461538464,2.0757020757020785,496.8461538461538,67.9447731755424,496.8461538461538,67.9447731755424,0.10378510378510393,0.84930966469428,True,10,2,2,2,"fly (2,2)",0.20000000000000018,-0.8333333333333144,-10.160256410256352,10.19437368191885,50.97186840959421,50.80128205128172,497.67543471853816,58.666126959770885,58.56569027314288,68.05817910680862,6.94718387026071,8.008983285216111,1.3922323315161258,6.9611616575806226,8.017212091015839
22,4.4,381.8045977011494,253.5057471264368,380,244,6,20,18.80459770114942,1.98990451864015,509.4942528735632,69.67442774339325,509.4942528735632,69.67442774339325,0.0994952259320075,0.8709303467924158,True,10,2,2,2,"fly (2,2)",0.20000000000000018,-0.8107869142352229,-12.648099027409387,12.674059508596658,63.37029754298323,63.24049513704688,509.0642885787035,57.0622314520672,56.94426930082654,69.61562920734406,8.648272839254282,7.787250502677125,1.7317812058355215,8.6589060291776,7.796914649950353
23,4.6,381.3114754098361,242.14754098360658,380,234,4,18,18.311475409836078,1.9377222655911193,520.8524590163934,71.22768670309652,520.8524590163934,71.22768670309652,0.09688611327955597,0.8903460837887066,True,10,2,2,2,"fly (2,2)",0.1999999999999993,-0.49312229131334107,-11.358206142830227,11.36890568072479,56.84452840362415,56.79103071415105,521.7555706299855,63.52401821903061,63.456410256410464,71.35118914598092,7.766294798516383,8.677799693184344,1.554135252618562,7.770676263092837,8.683337507035274
24,4.8,380.98,228.07999999999998,380,220,4,18,17.980000000000018,1.9026455026455045,534.9200000000001,73.151452991453,534.9200000000001,73.151452991453,0.09513227513227523,0.9143931623931625,True,10,2,2,2,"fly (2,2)",0.20000000000000018,-0.3314754098360595,-14.067540983606591,14.071445742096904,70.35722871048445,70.33770491803347,534.503863150392,63.7821618379445,63.741462602032406,73.0945453880878,9.618831441782367,8.716781210534354,1.9240860457670783,9.620430228835383,8.72011436253601
25,5.0,380.4782608695652,215.26086956521738,380,210,2,12,17.47826086956519,1.8495514147688032,547.7391304347826,74.90449646971386,547.7391304347826,74.90449646971386,0.09247757073844017,0.9363062058714233,True,10,2,2,2,"fly (2,2)",0.20000000000000018,-0.501739130434828,-12.819130434782608,12.82894567994499,64.1447283997249,64.0956521739127,541.3295652173913,67.25097855510467,67.21667854597308,74.02797473058344,8.765217391304311,9.192024416543338,1.7538473191359636,8.76923659567981,9.194833412257596
0,0.0,522.4782608695652,222.77391304347827,519,215,8,17,159.47826086956525,16.876006441223836,540.2260869565217,73.87707172054998,540.2260869565217,73.87707172054998,0.8438003220611918,0.9234633965068747,True,11,3,2,2,"fly (2,3)",,,,,,,540.2930434782609,2.3087495285616364,0.3347826086957184,73.88622816796729,,0.04578223708659124,,,0.2460271766602418
1,0.2,523.392,222.64,520,214,9,19,160.39200000000005,16.972698412698417,540.36,73.89538461538461,540.36,73.89538461538461,0.848634920634921,0.9236923076923077,True,11,3,2,2,"fly (2,3)",0.2,0.9137391304348057,-0.13391304347828736,0.9234998114246546,4.617499057123273,0.6695652173914368,540.3275462268865,4.693892533578086,0.2841079460269687,73.89094649256567,0.09156447417318248,0.03885236868744831,0.09841087066409672,0.4920543533204836,0.49789327991735105
2,0.4,525.2844827586207,222.60344827586206,522,215,8,17,162.2844827586207,17.17296113847838,540.3965517241379,73.90038314176245,540.3965517241379,73.90038314176245,0.858648056923919,0.9237547892720306,True,11,3,2,2,"fly (2,3)",0.2,1.8924827586206447,-0.03655172413792229,1.8928357087221965,9.464178543610982,0.18275862068946935,549.3301980924431,16.541761037133785,11.46639579146599,75.12207837161615,0.024992631889162453,1.5680541253286802,0.20032509728631395,1.0016254864315697,2.0822240917058177
6,1.2,534.6808510638298,195.7659574468085,533,190,4,14,171.68085106382978,18.167285826860294,567.2340425531916,77.5704673577014,567.2340425531916,77.5704673577014,0.9083642913430147,0.9696308419712676,True,11,3,2,2,"fly (2,3)",0.7999999999999999,9.39636830520908,-26.837490829053564,28.434884408533684,35.543605510667106,33.54686353631706,557.5498207339525,18.69466449610985,7.551249671230096,76.24612933113882,4.587605269923696,1.0326495276895937,3.8023939482923192,4.7529924353654,2.4230982592476824
7,1.4,534.6981132075472,197.9811320754717,533,191,4,16,171.69811320754718,18.16911250873515,565.0188679245283,77.26753749395259,565.0188679245283,77.26753749395259,0.9084556254367576,0.9658442186744074,True,11,3,2,2,"fly (2,3)",0.19999999999999996,0.017262143717402978,2.215174628663192,2.215241886810294,11.076209434051473,-11.075873143316246,558.0287479370178,25.201207665360556,-2.1703092819976155,76.3116236495067,-1.5146493187440773,-0.29679443172615994,0.3029353711892155,1.5146768559460777,3.4103877620781495
11,2.2,534.4333333333334,221.16666666666666,532,214,5,16,171.4333333333334,18.141093474426814,541.8333333333334,74.09686609686611,541.8333333333334,74.09686609686611,0.9070546737213407,0.9262108262108263,True,11,3,2,2,"fly (2,3)",0.8000000000000003,-0.26477987421378657,23.185534591194966,23.187046441090487,28.9838080513631,-28.98191823899366,552.7765764492498,29.47454109164848,2.721060800153836,75.59337797596578,-3.9633392463580983,0.37211087865350095,3.1707951959383784,3.9634939949229717,4.028059445200288
12,2.4,533.6910112359551,211.52247191011236,530,196,7,34,170.6910112359551,18.06254087152964,551.4775280898876,75.41573033707864,551.4775280898876,75.41573033707864,0.903127043576482,0.9426966292134832,True,11,3,2,2,"fly (2,3)",0.19999999999999973,-0.7423220973782918,-9.644194756554299,9.672721157906164,48.36360578953089,48.220973782771416,548.3863920099875,26.41058026274176,7.030996042682531,74.99301087316069,6.594321201062678,0.9615037323326302,1.321201496946361,6.606007484731814,3.6085092193966997
13,2.6,533.7584269662922,211.15168539325842,530,195,7,35,170.75842696629218,18.06967481124785,551.8483146067416,75.4664361855373,551.8483146067416,75.4664361855373,0.9034837405623924,0.9433304523192164,True,11,3,2,2,"fly (2,3)",0.20000000000000018,0.06741573033707482,-0.37078651685393993,0.37686538946626325,1.8843269473313145,1.8539325842698402,551.5983261663661,17.47734904250181,16.059670781893015,75.43224973215263,0.25352924229331086,2.1961942949597133,0.05120523570706273,0.2560261785353134,2.3818536582934735
14,2.8,533.9753086419753,211.53086419753086,531,196,6,34,170.9753086419753,18.092625253119078,551.4691358024692,75.41458267384193,551.4691358024692,75.41458267384193,0.904631262655954,0.9426822834230242,True,11,3,2,2,"fly (2,3)",0.19999999999999973,0.216881675683112,0.379178804272442,0.4368228781286455,2.1841143906432303,-1.8958940213622124,550.1115148087683,8.814367378924265,-7.434056787989404,75.22892510205378,-0.25926755847685035,-1.016623150494263,0.05670546232265867,0.2835273116132937,1.1976887028956085
15,3.0,534.4273504273505,215.98290598290598,532,202,5,30,171.42735042735046,18.14046036268259,547.017094017094,74.80575644678208,547.017094017094,74.80575644678208,0.9070230181341294,0.9350719555847761,True,11,3,2,2,"fly (2,3)",0.20000000000000018,0.45204178537517237,4.4520417853751155,4.474932159759656,22.37466079879826,-22.26020892687584,546.3748425639678,18.82597732930465,-18.683361224001928,74.71792718823492,-3.04413113529925,-2.5549895690942726,0.6107025237076442,3.0535126185382184,2.5668906009690824
16,3.2,534.6808510638298,222.36170212765958,533,216,4,14,171.68085106382978,18.167285826860294,540.6382978723404,73.93344244408074,540.6382978723404,73.93344244408074,0.9083642913430147,0.9241680305510093,True,11,3,2,2,"fly (2,3)",0.20000000000000018,0.2535006364793162,6.378796144753608,6.383831359694498,31.91915679847246,-31.893980723767726,542.9347760198824,18.96074239487724,-17.200332720427298,74.24749073776171,-4.361570013506718,-2.352182252366122,0.8727263745511478,4.363631872755735,2.5897302058644516
17,3.4,534.7659574468084,221.85106382978722,533,215,4,15,171.76595744680844,18.176291793313062,541.1489361702128,74.00327332242226,541.1489361702128,74.00327332242226,0.9088145896656531,0.9250409165302782,True,11,3,2,2,"fly (2,3)",0.19999999999999973,0.08510638297866535,-0.5106382978723616,0.5176819174722003,2.5884095873610047,2.5531914893616694,541.3120567375887,13.169188795277819,-8.113596411468686,74.02558040855914,0.34915439170760054,-1.109551646012812,0.07040922525988029,0.3520461262994019,1.7998128942719394
18,3.6,534.7659574468084,220.85106382978722,533,214,4,15,171.76595744680844,18.176291793313062,542.1489361702128,74.1400254591744,542.1489361702128,74.1400254591744,0.9088145896656531,0.92675031823968,True,11,3,2,2,"fly (2,3)",0.20000000000000018,0.0,-1.0,1.0,4.999999999999996,4.999999999999996,541.4783757474621,4.2237065371452145,0.8315950493672112,74.04832488854183,0.6837606837606808,0.11372239991347959,0.13675213675213627,0.6837606837606808,0.576515565307799
19,3.8,534.6666666666666,221.86274509803923,533,215,4,15,171.66666666666663,18.165784832451497,541.1372549019608,74.00167588402883,541.1372549019608,74.00167588402883,0.9082892416225747,0.9250209485503603,True,11,3,2,2,"fly (2,3)",0.19999999999999973,-0.09929078014181414,1.0116812682520049,1.016542004814929,5.082710024074651,-5.0584063412600315,541.1816039206095,4.9107938738541455,-1.4838591342627703,74.00774070709191,-0.6917478757278426,-0.2029209072496251,0.1387479771726627,0.6937398858633145,0.6665057329004367
20,4.0,534.3620689655172,222.74137931034483,532,216,5,15,171.3620689655172,18.133552271483303,540.2586206896551,73.88152077807248,540.2586206896551,73.88152077807248,0.9066776135741651,0.9235190097259062,True,11,3,2,2,"fly (2,3)",0.20000000000000018,-0.30459770114941875,0.8786342123055988,0.9299343194975603,4.649671597487798,-4.393171061528275,540.0700537686339,5.7506975030595955,-5.557750759878481,73.85573384870206,-0.6007755297817136,-0.7600342919491964,0.1244033258154631,0.6220166290773149,0.7759792340477363
21,4.2,533.9428571428572,224.18571428571428,531,218,6,15,170.94285714285718,18.08919123204838,538.8142857142857,73.68400488400488,538.8142857142857,73.68400488400488,0.9044595616024189,0.921050061050061,True,11,3,2,2,"fly (2,3)",0.20000000000000018,-0.41921182266003143,1.4443349753694577,1.5039421775232706,7.5197108876163465,-7.22167487684714,539.0853349984967,5.227775095311446,-4.9235938506857675,73.72107145278586,-0.9875794703380327,-0.6733119795809722,0.2024362374405161,1.0121811872025794,0.6985727681606915
22,4.4,533.6338028169014,224.8169014084507,530,219,7,14,170.63380281690138,18.056487070571574,538.1830985915493,73.59768869628024,538.1830985915493,73.59768869628024,0.9028243535285787,0.9199711087035031,True,11,3,2,2,"fly (2,3)",0.20000000000000018,-0.30905432595579896,0.6311871227364065,0.7027885601660407,3.5139428008302005,-3.155935613681888,538.1903045725331,4.704078033025928,-4.475152129817465,73.59867412957719,-0.4315809386231702,-0.6119866160433911,0.09230409764043611,0.4615204882021801,0.6310076194925731
23,4.6,533.7205882352941,225.4264705882353,531,220,6,13,170.72058823529414,18.06567071272954,537.5735294117646,73.51432880844645,537.5735294117646,73.51432880844645,0.903283535636477,0.9189291101055805,True,11,3,2,2,"fly (2,3)",0.1999999999999993,0.08678541839276477,0.6095691797846143,0.6157160821262465,3.0785804106312433,-3.0478458989233665,537.6864198607537,2.854516590520483,-2.5194235588971523,73.52976681856462,-0.4167994391689704,-0.34453655506285497,0.08386423661459168,0.4193211830729599,0.37338368867459487
24,4.8,533.4342105263158,225.69736842105263,530,220,7,14,170.43421052631584,18.035366193260934,537.3026315789474,73.47728295096717,537.3026315789474,73.47728295096717,0.9017683096630468,0.9184660368870896,True,11,3,2,2,"fly (2,3)",0.20000000000000018,-0.28637770897830706,0.27089783281732593,0.39420531202000286,1.9710265601000125,-1.3544891640862022,537.2790666505836,2.2573555377486327,-2.0367660508505527,73.47406039666102,-0.18522928739642436,-0.27853210951801605,0.0478618789497289,0.2393093947486443,0.2977957450945463
25,5.0,533.3896103896104,226.03896103896105,530,220,7,14,170.38961038961043,18.030646602075176,536.961038961039,73.43056943056943,536.961038961039,73.43056943056943,0.9015323301037589,0.9178821178821179,True,11,3,2,2,"fly (2,3)",0.20000000000000018,-0.0446001367054123,0.3415926179084181,0.34449192850293026,1.7224596425146497,-1.707963089542089,536.9536910457964,1.874714827162374,-1.6268780239367198,73.42956458745932,-0.23356760198865326,-0.22247904600843527,0.04695133149240695,0.23475665746203453,0.24400886119596757
26,5.2,533.2597402597403,226.4025974025974,530,221,7,13,170.25974025974028,18.016903731189448,536.5974025974026,73.38084138084139,536.5974025974026,73.38084138084139,0.9008451865594724,0.9172605172605173,True,11,3,2,2,"fly (2,3)",0.20000000000000018,-0.12987012987014168,0.36363636363634555,0.3861316557744936,1.9306582788724662,-1.8181818181818683,536.5194805194806,2.2230657077722813,-2.1710526315789953,73.37018537018537,-0.24864024864022816,-0.2968960863697842,0.051592106275444784,0.2579605313772237,0.30119409735950736
27,5.4,533.3432835820895,227.0,530,222,7,12,170.3432835820895,18.025744294401004,536.0,73.2991452991453,536.0,73.2991452991453,0.9012872147200502,0.9162393162393162,True,11,3,2,2,"fly (2,3)",0.20000000000000018,0.08354332234921458,0.5974025974026063,0.6032158403859478,3.016079201929736,-2.9870129870130286,536.2303841991343,1.8884151133541203,-1.4454816017316316,73.33065083065082,-0.40848040848047124,-0.1976726976727147,0.08217302064785283,0.4108651032392638,0.25167361958722295
28,5.6,533.234375,226.90625,530,222,7,12,170.234375,18.014219576719576,536.09375,73.3119658119658,536.09375,73.3119658119658,0.9007109788359788,0.9163995726495726,True,11,3,2,2,"fly (2,3)",0.1999999999999993,-0.10890858208949794,-0.09375,0.1437015718520327,0.718507859260166,0.46875000000000167,535.9234068627451,2.019695732422394,-1.5348866819454068,73.28867102396514,0.06410256410255522,-0.209899033428442,0.017239044829036203,0.08619522414518133,0.26743136156114083
29,5.8,533.0294117647059,227.3235294117647,529,223,8,11,170.02941176470586,17.99253034547152,535.6764705882354,73.25490196078432,535.6764705882354,73.25490196078432,0.899626517273576,0.915686274509804,True,11,3,2,2,"fly (2,3)",0.20000000000000018,-0.2049632352941444,0.41727941176469585,0.46490002721545776,2.324500136077287,-2.0863970588231933,535.6558012289423,1.8164312120115096,-1.3380281690141735,73.25207538173571,-0.28531925590741,-0.18297821114723897,0.06104675145979548,0.3052337572989771,0.23998466720696823
30,6.0,532.9859154929577,227.80281690140845,529,223,8,12,169.9859154929577,17.98792756539235,535.1971830985915,73.18935837245695,535.1971830985915,73.18935837245695,0.8993963782696175,0.914866979655712,True,11,3,2,2,"fly (2,3)",0.20000000000000018,-0.04349627174815396,0.47928748964375245,0.4812571281394171,2.4062856406970834,-2.3964374482193285,535.3745512289423,1.6892534678639473,-1.406249999999999,73.21361384327416,-0.32771794163686224,-0.1923076923076885,0.06570500403534928,0.32852502017674606,0.225374712483799
31,6.2,533.0277777777778,227.75,529,223,8,12,170.02777777777783,17.992357436801885,535.25,73.19658119658119,535.25,73.19658119658119,0.8996178718400943,0.9149572649572649,True,11,3,2,2,"fly (2,3)",0.20000000000000018,0.04186228482012666,-0.0528169014084483,0.0673949253634957,0.3369746268174782,0.2640845070425255,535.1913145539907,1.124972033650643,-0.91618337475855,73.18855583644316,0.036114120621206745,-0.12529003415501438,0.008473071995134732,0.042365359975673623,0.15214292104324645
32,6.4,533.0,227.8732394366197,529,223,8,12,170.0,17.98941798941799,535.1267605633802,73.17972794029131,535.1267605633802,73.17972794029131,0.8994708994708994,0.9147465992536414,True,11,3,2,2,"fly (2,3)",0.20000000000000018,-0.027777777777828305,0.1232394366197127,0.12633116668747502,0.6316558334373745,-0.6161971830988472,535.144366197183,0.4888643274057274,-0.2347417840375483,73.18213554833274,-0.08426628144938768,-0.03210144055212067,0.017107676595463903,0.08553838297731944,0.06292958023850709
33,6.6,532.9295774647887,227.94366197183098,529,223,8,12,169.92957746478874,17.981965869289812,535.056338028169,73.17009750812568,535.056338028169,73.17009750812568,0.8990982934644907,0.9146262188515709,True,11,3,2,2,"fly (2,3)",0.1999999999999993,-0.0704225352112644,0.0704225352112644,0.09959250439246695,0.4979625219623365,-0.3521126760563233,535.0800804828973,0.4701104351539274,-0.32142857142863124,73.17334433954152,-0.04815216082818114,-0.04395604395604382,0.012176999552505556,0.060884997762527995,0.05871016665055281
34,6.8,532.9857142857143,227.94285714285715,529,223,8,12,169.98571428571427,17.987906273620556,535.0571428571428,73.17020757020757,535.0571428571428,73.17020757020757,0.8993953136810279,0.9146275946275946,True,11,3,2,2,"fly (2,3)",0.20000000000000018,0.05613682092553063,-0.0008048289738269432,0.05614259001241575,0.28071295006207847,0.004024144869276821,535.1044936284372,0.7623624200380755,0.12206572769969104,73.17668288935894,0.0005503104094373151,0.016692749087117823,0.005941423842362155,0.02970711921181075,0.08726149652793698
35,7.0,532.72,227.8,529,223,8,12,169.72000000000003,17.959788359788362,535.2,73.18974358974359,535.2,73.18974358974359,0.8979894179894181,0.9148717948717949,True,11,3,2,2,"fly (2,3)",0.20000000000000018,-0.26571428571423894,-0.1428571428571388,0.3016823576179641,1.5084117880898191,0.7142857142861196,535.1116883116882,0.8139408682279764,0.03597341625512244,73.17766677766677,0.09768009768009725,0.0049194415391677305,0.03423847452189442,0.17119237260947195,0.09596073681339974
36,7.2,532.7662337662338,227.92207792207793,529,223,8,12,169.76623376623377,17.96468082182368,535.077922077922,73.17304917304918,535.077922077922,73.17304917304918,0.898234041091184,0.9146631146631146,True,11,3,2,2,"fly (2,3)",0.20000000000000018,0.046233766233740425,0.12207792207792068,0.13053957330640786,0.6526978665320388,-0.6103896103900291,535.1196677196677,0.9523823632900585,0.03989703989702769,73.17875797875797,-0.08347208347203143,0.005456005455997126,0.01739654372378327,0.08698271861891627,0.11061418421631908
37,7.4,532.9054054054054,227.9189189189189,529,223,8,12,169.90540540540542,17.97940797940798,535.081081081081,73.17348117348116,535.081081081081,73.17348117348116,0.898970398970399,0.9146685146685146,True,11,3,2,2,"fly (2,3)",0.20000000000000018,0.13917163917164999,-0.003159003159026952,0.13920748704966512,0.696037435248325,0.015795015794992637,535.1352521352521,0.727093394938405,0.07792207792211647,73.1808891808892,0.0021600021599255097,0.010656010656049547,0.01473349228411377,0.07366746142056878,0.09142441636627542
38,7.6,532.922077922078,227.75324675324674,529,223,8,12,169.92207792207796,17.981172266886556,535.2467532467533,73.19613719613722,535.2467532467533,73.19613719613722,0.8990586133443278,0.9149517149517151,True,11,3,2,2,"fly (2,3)",0.1999999999999993,0.01667251667254277,-0.16567216567216292,0.166508976606971,0.832544883034858,0.828360828361386,535.4842781092781,3.263060321334153,1.7451298701299338,73.22861922861922,0.11328011328025452,0.23865023865023238,0.02272461381186812,0.113623069059341,0.3802003504396112
39,7.8,534.3214285714286,226.875,532,221,5,14,171.32142857142856,18.12925170068027,536.125,73.31623931623932,536.125,73.31623931623932,0.9064625850340136,0.9164529914529914,True,11,3,2,2,"fly (2,3)",0.20000000000000018,1.3993506493505947,-0.8782467532467422,1.652119729143858,8.260598645719282,4.391233766233423,535.8072510822511,3.1610498052266203,1.6148648648648605,73.27278647278648,0.6005106005105171,0.22083622083622834,0.1906621041677849,0.9533105208389236,0.373151341482959
40,8.0,534.3,226.95,532,221,5,15,171.29999999999995,18.126984126984123,536.05,73.3059829059829,536.05,73.3059829059829,0.9063492063492061,0.9163247863247862,True,11,3,2,2,"fly (2,3)",0.20000000000000018,-0.021428571428600662,0.07499999999998863,0.0780011773851455,0.3900058869257272,-0.37500000000022704,536.005193236715,3.6381840977166764,0.9897107723194623,73.29985548536273,-0.05128205128208658,0.13534506288128953,0.010504086910122439,0.052520434550612144,0.42066569265837545
41,8.2,533.8985507246377,227.15942028985506,531,221,6,15,170.89855072463774,18.08450272218389,535.840579710145,73.27734423386599,535.840579710145,73.27734423386599,0.9042251361091944,0.9159668029233248,True,11,3,2,2,"fly (2,3)",0.1999999999999993,-0.40144927536221076,0.20942028985507477,0.45278955210100386,2.2639477605050273,-1.0471014492748092,536.118115942029,1.9567449849490028,0.5646135265699977,73.31529790660227,-0.14319336058456195,0.07721210619761038,0.05123322451711789,0.25616612258559035,0.2476888665441134
42,8.4,533.7391304347826,226.53623188405797,530,221,7,14,170.73913043478262,18.067632850241548,536.463768115942,73.36256657995789,536.463768115942,73.36256657995789,0.9033816425120774,0.9170320822494735,True,11,3,2,2,"fly (2,3)",0.20000000000000107,-0.15942028985512025,-0.6231884057970944,0.6432562614832558,3.2162813074162617,3.1159420289850295,536.1300207039338,2.6731966545425982,0.0595238095238817,73.31692590823026,0.42611173045947964,0.008140008140030556,0.08687600849922797,0.43438004249613754,0.3350724677583628
43,8.6,533.4,226.9142857142857,530,222,7,13,170.39999999999998,18.031746031746028,536.0857142857143,73.31086691086692,536.0857142857143,73.31086691086692,0.9015873015873015,0.9163858363858364,True,11,3,2,2,"fly (2,3)",0.1999999999999993,-0.33913043478264626,0.3780538302277421,0.5078721791413005,2.5393608957065115,-1.890269151138575,536.2177928351841,2.4561985849532473,0.43886065625182075,73.32892893472604,-0.25849834545482603,0.06001513247888004,0.06293424763867184,0.3146712381933603,0.3066385844339166
44,8.8,533.077922077922,226.8961038961039,529,222,8,13,170.07792207792204,17.99766371194942,536.1038961038961,73.31335331335332,536.1038961038961,73.31335331335332,0.8998831855974712,0.9164169164169164,True,11,3,2,2,"fly (2,3)",0.20000000000000107,-0.32207792207793773,-0.018181818181801646,0.32259071034739706,1.6129535517369766,0.09090909090900774,536.0807473228525,1.5077880038057616,-0.6852275616576765,73.3101876680824,0.012432012431986484,-0.09370633321815129,0.034172894522450564,0.1708644726122519,0.17688102613458911
45,9.0,533.1315789473684,226.94736842105263,529,222,8,13,170.13157894736844,18.003341687552215,536.0526315789474,73.306342780027,536.0526315789474,73.306342780027,0.9001670843776108,0.9163292847503375,True,11,3,2,2,"fly (2,3)",0.1999999999999993,0.05365686944639947,0.05126452494872069,0.07420991279476052,0.37104956397380395,-0.25632262474346224,536.0653337890179,0.7947282870416928,-0.07706766917294826,73.30807983439563,-0.03505266663161434,-0.010539168433917778,0.009021473519630953,0.045107367598154924,0.08623361424735547
46,9.2,533.0526315789474,226.96052631578948,529,222,8,13,170.0526315789474,17.99498746867168,536.0394736842105,73.30454340980657,536.0394736842105,73.30454340980657,0.8997493734335841,0.9163067926225821,True,11,3,2,2,"fly (2,3)",0.1999999999999993,-0.07894736842104066,0.013157894736849585,0.08003634908286074,0.4001817454143051,-0.06578947368439027,536.043688767373,0.34480056235791245,-0.10822510822511844,73.30511983143562,-0.008996851102125478,-0.014800014800021258,0.008545800506331844,0.04272900253165937,0.03856199080759127
47,9.4,533.0,226.96103896103895,529,222,8,13,170.0,17.98941798941799,536.038961038961,73.3044733044733,536.038961038961,73.3044733044733,0.8994708994708994,0.9163059163059163,True,11,3,2,2,"fly (2,3)",0.20000000000000107,-0.05263157894739834,0.0005126452494721434,0.05263407553712738,0.2631703776856355,-0.002563226247502812,536.0008284520276,0.41722763493107257,-0.21430157672663652,73.29925859173028,-0.0003505266663239563,-0.029306198526721144,0.005569920458591887,0.027849602292959283,0.05009448043151749
48,9.6,532.9746835443038,227.0759493670886,529,222,8,13,169.97468354430384,17.986738999397232,535.9240506329114,73.28875906091096,535.9240506329114,73.28875906091096,0.8993369499698616,0.916109488261387,True,11,3,2,2,"fly (2,3)",0.1999999999999993,-0.02531645569615648,0.11491040604965974,0.11766615633865642,0.5883307816932841,-0.5745520302480165,535.9313325291218,0.8862447815127178,-0.3474796145292201,73.28975487577735,-0.078571217811714,-0.04751857976467968,0.015940967293986665,0.07970483646993361,0.10099917646832735
49,9.8,533.3239436619718,227.16901408450704,530,222,7,13,170.32394366197184,18.023697742007602,535.830985915493,73.27603226194776,535.830985915493,73.27603226194776,0.9011848871003801,0.915950403274347,True,11,3,2,2,"fly (2,3)",0.20000000000000107,0.3492601176679955,0.0930647174184287,0.36144663703185015,1.8072331851592411,-0.465323587092141,535.8775182742022,1.197781983426259,-0.5199378086700788,73.28239566142935,-0.06363399481600107,-0.07110260631385754,0.039088618128418,0.19544309064208895,0.13757396355601137
0,0.0,533.7647058823529,200.1,531,185,6,32,170.76470588235293,18.070339246809834,562.9,76.97777777777777,562.9,76.97777777777777,0.9035169623404917,0.9622222222222222,True,12,4,2,2,"fly (2,4)",,,,,,,562.4194444444445,2.4040575137842684,-2.4027777777777715,76.91206077872744,,-0.32858499525165286,,,0.3286897971228278
1,0.2,533.7333333333333,201.0611111111111,531,185,6,34,170.73333333333335,18.067019400352734,561.9388888888889,76.84634377967711,561.9388888888889,76.84634377967711,0.9033509700176368,0.9605792972459639,True,12,4,2,2,"fly (2,4)",0.2,-0.03137254901957931,0.9611111111111086,0.9616230055137074,4.808115027568537,-4.805555555555543,562.6475158084914,3.5615235724027783,0.33943089430901335,76.94325002509284,-0.6571699905033057,0.04641790007646307,0.13147591884913112,0.6573795942456556,0.4860395965035216
2,0.4,533.890243902439,199.89634146341464,531,185,6,33,170.890243902439,18.08362369337979,563.1036585365854,77.00562851782365,563.1036585365854,77.00562851782365,0.9041811846689894,0.9625703564727955,True,12,4,2,2,"fly (2,4)",0.2,0.15691056910566203,-1.1647696476964597,1.1752911379279594,5.876455689639797,5.823848238482583,559.667008311375,19.161610106875553,-14.902537485582458,76.53565925625641,0.7964236907326949,-2.0379538441822125,0.16014783905298183,0.8007391952649091,2.5998720008617404
3,0.6,531.8961937716263,209.0415224913495,525,186,12,45,168.89619377162626,17.87261309752659,553.9584775086505,75.75500547126845,553.9584775086505,75.75500547126845,0.8936306548763294,0.9469375683908555,True,12,4,2,2,"fly (2,4)",0.19999999999999996,-1.9940501308127523,9.145181027934854,9.360051920683663,46.800259603418326,-45.72590513967442,557.6621685977117,21.49591484718886,-10.024198568316178,76.26149314156741,-6.253115232776027,-1.3708305734449535,1.268299442614931,6.341497213074656,2.8848466999659865
4,0.8,533.2058823529412,207.07563025210084,528,185,9,42,170.20588235294122,18.01120448179272,555.9243697478992,76.02384543561014,555.9243697478992,76.02384543561014,0.9005602240896361,0.9502980679451267,True,12,4,2,2,"fly (2,4)",0.20000000000000007,1.3096885813149584,-1.9658922392486602,2.3622058497016933,11.811029248508463,9.829461196243297,555.09428241885,20.87764999259004,-12.839430894309018,75.91032921967178,1.3441998217084712,-1.7558196094781673,0.30246073831167913,1.5123036915583952,2.778726835155187
5,1.0,533.8157894736842,207.6,531,189,6,37,170.81578947368416,18.075744917850177,555.4,75.95213675213675,555.4,75.95213675213675,0.9037872458925088,0.9494017094017093,True,12,4,2,2,"fly (2,4)",0.19999999999999996,0.6099071207429461,0.5243697478991578,0.8043322251686655,4.021661125843329,-2.6218487394959316,551.2639203507489,26.832180564102334,-19.151810340504582,75.38651902232465,-0.35854341736694556,-2.619050986735659,0.09647592016650201,0.4823796008325102,3.612519602246673
6,1.2,533.8804347826087,220.5326086956522,531,212,6,19,170.88043478260875,18.08258569128135,542.4673913043478,74.18357487922705,542.4673913043478,74.18357487922705,0.9041292845640674,0.927294685990338,True,12,4,2,2,"fly (2,4)",0.19999999999999996,0.06464530892458242,12.932608695652192,12.93277026359104,64.66385131795522,-64.66304347826112,547.2528985507246,25.275263658370463,-20.055109000121742,74.83800322061192,-8.842809364548502,-2.7425790085636716,1.7685751028698224,8.842875514349114,3.4335226537150767
7,1.4,533.9891304347826,219.1086956521739,531,210,6,20,170.98913043478262,18.094087876696573,543.8913043478261,74.37829803047194,543.8913043478261,74.37829803047194,0.9047043938348287,0.9297287253808993,True,12,4,2,2,"fly (2,4)",0.19999999999999996,0.10869565217387844,-1.4239130434782794,1.4280557062625678,7.140278531312841,7.119565217391825,546.3882520860782,38.79338844649441,-4.323232323232387,74.71976096903633,0.9736157562244332,-0.5912112578779277,0.1950625691927213,0.9753128459636067,5.304644260358457
8,1.6,534.0787878787879,210.1939393939394,531,192,6,37,171.07878787878792,18.103575436908773,552.8060606060606,75.59740999741,552.8060606060606,75.59740999741,0.9051787718454387,0.9449676249676249,True,12,4,2,2,"fly (2,4)",0.20000000000000018,0.0896574440052973,-8.914756258234519,8.915207098043044,44.57603549021518,44.573781291172125,550.3692565260548,19.91428711999757,19.905022199882854,75.26417183262286,6.095559834690286,2.722054317932672,1.219148884152531,6.09574442076265,2.722813318186343
9,1.8,534.0231213872833,208.58959537572255,531,192,6,37,171.02312138728325,18.097684802887116,554.4104046242775,75.81680746998666,554.4104046242775,75.81680746998666,0.9048842401443559,0.9477100933748333,True,12,4,2,2,"fly (2,4)",0.19999999999999996,-0.05566649150466674,-1.6043440182168354,1.605309467692937,8.026547338464686,8.021720091084605,554.7640155418957,21.97701597517252,21.97379507920458,75.86516451854983,1.0969873628832973,3.004963429634816,0.21947653756655433,1.097382687832772,3.0052271906931427
10,2.0,534.0755813953489,205.92441860465115,531,189,6,40,171.07558139534888,18.103236126491943,557.0755813953489,76.18127608825283,557.0755813953489,76.18127608825283,0.9051618063245972,0.9522659511031605,True,12,4,2,2,"fly (2,4)",0.19999999999999996,0.05246000806562279,-2.665176771071401,2.6656930193675383,13.328465096837695,13.32588385535701,560.4114434634957,28.240141517230395,28.237139608000522,76.63746235398231,1.8223430913308651,3.861489177162433,0.3645108926968011,1.8225544634840058,3.8617350061743174
11,2.2,534.1655629139073,193.25165562913907,532,178,5,34,171.16556291390725,18.112757980307645,569.7483443708609,77.91430350370746,569.7483443708609,77.91430350370746,0.9056378990153823,0.9739287937963433,True,12,4,2,2,"fly (2,4)",0.20000000000000018,0.08998151855837477,-12.672762975512086,12.673082423277773,63.36541211638881,63.363814877559946,570.1534298008578,48.74447288747526,48.70993168681027,77.9696998018267,8.665137077273137,6.661187239221914,1.7330535734412362,8.665267867206174,6.664016413918522
12,2.4,534.9090909090909,179.36363636363637,534,178,3,4,171.90909090909088,18.191438191438188,583.6363636363636,79.8135198135198,583.6363636363636,79.8135198135198,0.9095719095719094,0.9976689976689976,True,12,4,2,2,"fly (2,4)",0.19999999999999973,0.7435279951836264,-13.888019265502692,13.907908289839838,69.53954144919929,69.44009632751384,570.5073209697284,54.9267599768794,33.64334176235675,78.01809517534747,9.49608154906174,4.600798873484685,1.9008453822130746,9.504226911065386,7.509478245220039
16,3.2,534.6666666666666,204.86274509803923,533,198,4,15,171.66666666666663,18.165784832451497,558.1372549019608,76.32646220881514,558.1372549019608,76.32646220881514,0.9082892416225747,0.9540807776101894,True,12,4,2,2,"fly (2,4)",0.8000000000000003,-0.24242424242424931,25.499108734402853,25.500261092040112,31.87532636505013,-31.873885918003555,567.1729055258467,36.48469450017467,15.201808698594965,77.56210673857731,-4.358822005880823,2.0788798220300992,3.487151965910849,4.35893995738856,4.987515597121108
17,3.4,534.6666666666666,203.2549019607843,533,197,4,15,171.66666666666663,18.165784832451497,559.7450980392157,76.54633819339702,559.7450980392157,76.54633819339702,0.9082892416225747,0.9568292274174627,True,12,4,2,2,"fly (2,4)",0.19999999999999973,0.0,-1.6078431372549176,1.6078431372549176,8.039215686274598,8.039215686274598,559.5805026235847,15.164393117432546,-6.088128593306685,76.52382941860986,1.0993799229093797,-0.8325645939564662,0.21987598458187563,1.0993799229093797,2.0735841189094204
18,3.6,534.6056338028169,202.14084507042253,533,193,4,20,171.6056338028169,18.159326328340413,560.8591549295775,76.69868785361743,560.8591549295775,76.69868785361743,0.9079663164170206,0.9587335981702179,True,12,4,2,2,"fly (2,4)",0.20000000000000018,-0.061032863849732166,-1.1140568903617805,1.1157274601945855,5.578637300972923,5.570284451808897,560.1836398784866,6.139645554320154,3.0156862745099056,76.60630972697253,0.7617483011020447,0.4124015418133335,0.15248649528606453,0.762432476430322,0.8351586406357137
19,3.8,534.3066666666666,203.05333333333334,532,195,5,18,171.30666666666662,18.127689594356255,559.9466666666667,76.57390313390314,559.9466666666667,76.57390313390314,0.9063844797178128,0.9571737891737893,True,12,4,2,2,"fly (2,4)",0.19999999999999973,-0.2989671361502815,0.9124882629108129,0.9602167351425894,4.801083675712953,-4.562441314553786,560.190685120826,3.762122622210395,0.03522621169679374,76.60727317891637,-0.6239235985714239,0.004817259719207841,0.12873270451348767,0.6436635225674392,0.5099454418924273
20,4.0,534.3246753246754,203.23376623376623,532,195,5,19,171.32467532467535,18.12959527245242,559.7662337662338,76.54922854922854,559.7662337662338,76.54922854922854,0.906479763622621,0.9568653568653569,True,12,4,2,2,"fly (2,4)",0.20000000000000018,0.018008658008739076,0.18043290043289062,0.18132937798906482,0.9066468899453233,-0.9021645021647365,560.0601443001443,3.071608423738096,-0.6527041034083448,76.58942144275478,-0.12337292337299732,-0.08925868080796835,0.024748065335904183,0.1237403266795208,0.4156578531362391
21,4.2,534.3116883116883,202.53246753246754,532,194,5,19,171.31168831168827,18.12822098536384,560.4675324675325,76.64513264513265,560.4675324675325,76.64513264513265,0.9064110492681919,0.958064158064158,True,12,4,2,2,"fly (2,4)",0.20000000000000018,-0.01298701298708238,-0.7012987012986969,0.701418941111206,3.5070947055560264,3.5064935064934812,560.1389549417719,1.9588937046180448,0.3940532081376604,76.60019896639615,0.47952047952051613,0.05388761820685293,0.09591394203235151,0.47956971016175715,0.26705068650832736
22,4.4,534.3802816901408,202.8169014084507,532,195,5,18,171.3802816901408,18.135479543930245,560.1830985915493,76.60623570482726,560.1830985915493,76.60623570482726,0.9067739771965122,0.9575779463103407,True,12,4,2,2,"fly (2,4)",0.20000000000000018,0.06859337845253322,0.2844338759831544,0.29258790367056003,1.462939518352799,-1.4221693799157706,560.3644960673129,2.0898603646215483,1.127705627705688,76.63104219723938,-0.19448470152696,0.15421615421615809,0.039568404536740855,0.1978420226837041,0.2850287249900893
23,4.6,534.3714285714286,202.55714285714285,532,195,5,18,171.37142857142862,18.13454270597128,560.4428571428572,76.64175824175824,560.4428571428572,76.64175824175824,0.9067271352985642,0.9580219780219781,True,12,4,2,2,"fly (2,4)",0.1999999999999993,-0.00885311871218164,-0.25975855130784,0.25990937399116587,1.299546869955834,1.2987927565393467,560.3913003132953,1.1313290173384531,0.13402122991162405,76.6347077351515,0.17761268465491817,0.018327689560564655,0.03553488842496122,0.17767444212480674,0.15212313375697759
24,4.8,534.3013698630136,202.45205479452056,532,195,5,18,171.30136986301363,18.12712908603319,560.5479452054794,76.65612925886899,560.5479452054794,76.65612925886899,0.9063564543016595,0.9582016157358623,True,12,4,2,2,"fly (2,4)",0.20000000000000018,-0.07005870841499018,-0.10508806262228632,0.12630013274134824,0.6315006637067406,0.525440313111289,560.4636007827788,0.8969505711288847,0.3615023474177825,76.64459497884155,0.0718550855537358,0.049436218450296325,0.0161705872924844,0.08085293646242193,0.12044646456419288
25,5.0,534.2666666666667,202.6,532,195,5,18,171.26666666666665,18.123456790123456,560.4,76.63589743589743,560.4,76.63589743589743,0.9061728395061728,0.9579487179487179,True,12,4,2,2,"fly (2,4)",0.20000000000000018,-0.03470319634698171,0.1479452054794308,0.1519608359448189,0.7598041797240939,-0.7397260273972954,560.3445531637312,0.98781825000771,-0.5952380952381465,76.62831496256155,-0.10115911485776499,-0.08140008140008105,0.020562403021070007,0.10281201510534994,0.13287341271570752
26,5.2,534.2571428571429,202.9142857142857,532,196,5,17,171.25714285714287,18.122448979591837,560.0857142857143,76.59291819291819,560.0857142857143,76.59291819291819,0.9061224489795919,0.9574114774114774,True,12,4,2,2,"fly (2,4)",0.20000000000000018,-0.009523809523784621,0.3142857142857167,0.3144299813184622,1.5721499065923097,-1.5714285714284402,560.2963133640553,1.339480693544384,-0.24119899837974623,76.62171806687935,-0.21489621489621394,-0.03298447841089566,0.042991057315870176,0.2149552865793507,0.1810225596197891
27,5.4,534.3709677419355,202.59677419354838,532,196,5,16,171.3709677419355,18.134493940945553,560.4032258064516,76.63633857182245,560.4032258064516,76.63633857182245,0.9067246970472778,0.9579542321477805,True,12,4,2,2,"fly (2,4)",0.20000000000000018,0.11382488479262065,-0.3175115207373267,0.33729759886335275,1.6864879943167623,1.58755760368649,560.2916350014822,1.2393818118517812,-0.02339181286534389,76.62107829080098,0.21710189452129194,-0.0031988803918636863,0.045060075434933365,0.22530037717466664,0.16315070742569912
28,5.6,534.280701754386,202.6140350877193,532,197,5,14,171.28070175438597,18.124941984591107,560.3859649122808,76.63397810766232,560.3859649122808,76.63397810766232,0.9062470992295554,0.9579247263457791,True,12,4,2,2,"fly (2,4)",0.1999999999999993,-0.09026598754951465,0.01726089417090293,0.09190150692925685,0.45950753464628585,-0.08630447085408863,560.3861404959877,0.7682605558265808,0.4725274725274194,76.63400211910944,-0.01180232080066905,0.06461914154222362,0.009839291704615985,0.0491964585230801,0.09759868681513022
29,5.8,534.3076923076924,202.63076923076923,532,196,5,16,171.30769230769238,18.127798127798137,560.3692307692307,76.63168967784353,560.3692307692307,76.63168967784353,0.9063899063899068,0.957896120973044,True,12,4,2,2,"fly (2,4)",0.20000000000000018,0.026990553306404763,0.016734143049944805,0.031757227703341696,0.15878613851670834,-0.08367071525015028,559.190620782726,6.172488787584009,-5.977598566308295,76.47051224379159,-0.011442149093952015,-0.8174493765891803,0.0036598449495287813,0.01829922474764389,0.8359272007353464
30,6.0,533.8666666666667,206.18333333333334,531,201,6,13,170.86666666666667,18.081128747795415,556.8166666666666,76.14586894586894,556.8166666666666,76.14586894586894,0.9040564373897708,0.9518233618233617,True,12,4,2,2,"fly (2,4)",0.20000000000000018,-0.4410256410257034,3.552564102564105,3.5798345379178125,17.899172689589047,-17.762820512820653,558.8619658119658,10.560710188812488,-1.6432748538013169,76.42556797428593,-2.42910365987292,-0.22472134752836323,0.4880571837870635,2.440285918935315,1.4278389857948426
31,6.2,534.7333333333333,203.6,533,198,4,14,171.73333333333335,18.172839506172842,559.4,76.4991452991453,559.4,76.4991452991453,0.9086419753086421,0.9562393162393162,True,12,4,2,2,"fly (2,4)",0.20000000000000018,0.8666666666666742,-2.583333333333343,2.724834347666347,13.624171738331722,12.916666666666845,558.8291666666668,11.963417208498209,-0.16399572649561142,76.42108262108262,1.7663817663817822,-0.022426766016489297,0.36498636274031404,1.8249318137015687,1.6205677309134903
32,6.4,534.6666666666666,202.72916666666666,533,197,4,14,171.66666666666663,18.165784832451497,560.2708333333334,76.61823361823363,560.2708333333334,76.61823361823363,0.9082892416225747,0.9577279202279203,True,12,4,2,2,"fly (2,4)",0.20000000000000018,-0.06666666666671972,-0.8708333333333371,0.8733814395147761,4.366907197573877,4.354166666666966,559.968291962175,6.062743691420393,5.695626477541583,76.57686043927178,0.5954415954416697,0.7788890909458476,0.1192970920207174,0.5964854601035864,0.8158896685093319
33,6.6,534.6808510638298,202.7659574468085,533,197,4,14,171.68085106382978,18.167285826860294,560.2340425531916,76.61320240043645,560.2340425531916,76.61320240043645,0.9083642913430147,0.9576650300054557,True,12,4,2,2,"fly (2,4)",0.1999999999999993,0.014184397163148788,0.03679078014184256,0.039430427671118914,0.19715213835559528,-0.18395390070907136,560.1818974043518,1.853264337242581,1.0680272108843774,76.60607143991136,-0.025156088985909354,0.146055003197863,0.005250346344568108,0.02625173172284063,0.25243210386923715
34,6.8,534.6326530612245,202.9591836734694,533,197,4,14,171.63265306122446,18.16218550912428,560.0408163265306,76.58677830106402,560.0408163265306,76.58677830106402,0.9081092754562141,0.9573347287633002,True,12,4,2,2,"fly (2,4)",0.20000000000000018,-0.048198002605317924,0.19322622666089728,0.19914673515965728,0.9957336757982855,-0.9661311333047697,559.7749529599073,2.139574397392222,-2.0347222222223573,76.55042091759417,-0.1321204968621713,-0.2782526115859694,0.02691182395625691,0.13455911978128443,0.2869272539281951
35,7.0,534.3,203.95,532,198,5,15,171.29999999999995,18.126984126984123,559.05,76.45128205128205,559.05,76.45128205128205,0.9063492063492061,0.9556410256410256,True,12,4,2,2,"fly (2,4)",0.20000000000000018,-0.3326530612245051,0.9908163265305916,1.0451674756045608,5.225837378022799,-4.954081632653238,558.0237361611311,8.856575332812666,-8.756083993881314,76.31093827844528,-0.6774812489098275,-1.1974131957444445,0.13999418205609218,0.6999709102804603,1.2057257826505794
36,7.2,534.313725490196,208.01960784313727,532,203,5,13,171.31372549019602,18.128436559809103,554.9803921568628,75.89475448298978,554.9803921568628,75.89475448298978,0.9064218279904551,0.9486844310373722,True,12,4,2,2,"fly (2,4)",0.20000000000000018,0.013725490196065948,4.069607843137277,4.069630988923389,20.348154944616926,-20.34803921568594,556.7356209150327,10.89957290717881,-6.44057623049206,76.13478576615832,-2.7826378414613346,-0.8807625614348299,0.5565294635779992,2.7826473178899933,1.4657914859889989
37,7.4,535.0882352941177,206.8235294117647,534,201,3,13,172.08823529411768,18.210395269218804,556.1764705882354,76.05832076420312,556.1764705882354,76.05832076420312,0.9105197634609401,0.950729009552539,True,12,4,2,2,"fly (2,4)",0.20000000000000018,0.77450980392166,-1.1960784313725696,1.4249452797793447,7.124726398896717,5.980392156862985,555.1989542483661,12.062777057927738,-7.683333333333169,75.92464331601587,0.8178314060666728,-1.0507122507122337,0.18295124595930878,0.9147562297965431,1.6291486859669118
38,7.6,535.24,208.56,534,204,3,11,172.24,18.226455026455028,554.44,75.82085470085471,554.44,75.82085470085471,0.9113227513227514,0.9477606837606839,True,12,4,2,2,"fly (2,4)",0.1999999999999993,0.1517647058823286,1.7364705882353064,1.7430899660539099,8.71544983026958,-8.682352941176562,556.1166013071896,10.78193272234202,4.58823529411763,76.0501335120943,-1.1873303167420388,0.6274509803921523,0.23800850204283894,1.190042510214199,1.4532806468610904
39,7.8,535.4666666666667,205.26666666666665,535,202,2,8,172.4666666666667,18.250440917107586,557.7333333333333,76.27122507122507,557.7333333333333,76.27122507122507,0.9125220458553793,0.9533903133903134,True,12,4,2,2,"fly (2,4)",0.20000000000000018,0.2266666666666879,-3.2933333333333508,3.3011243875719596,16.505621937859782,16.466666666666455,556.9502508960574,10.096960523814651,4.1682479443390115,76.16413687467451,2.2518518518518227,0.570016812901076,0.4510086401145062,2.255043200572529,1.3732100222514418
40,8.0,535.0967741935484,204.32258064516128,534,199,3,12,172.0967741935484,18.21129885646015,558.6774193548388,76.40033085194376,558.6774193548388,76.40033085194376,0.9105649428230075,0.9550041356492971,True,12,4,2,2,"fly (2,4)",0.20000000000000018,-0.3698924731182842,-0.9440860215053704,1.013961960662923,5.069809803314611,4.7204301075271315,558.736917562724,9.063770245490344,8.933333333333172,76.408467359005,0.6455289035934436,1.2216524216524032,0.13490887119351969,0.6745443559675979,1.2324692538903272
41,8.2,535.1333333333333,203.2,534,198,3,12,172.13333333333333,18.21516754850088,559.8,76.55384615384615,559.8,76.55384615384615,0.9107583774250441,0.9569230769230769,True,12,4,2,2,"fly (2,4)",0.1999999999999993,0.036559139784912986,-1.1225806451612925,1.1231757990593265,5.615878995296653,5.612903225805914,559.4709677419355,3.7957792497316807,3.670250896057428,76.50885028949546,0.767576509511943,0.5019146524522954,0.1535640410261704,0.7678202051308548,0.5123336909098223
42,8.4,535.0967741935484,203.06451612903226,534,198,3,12,172.0967741935484,18.21129885646015,559.9354838709678,76.57237386269645,559.9354838709678,76.57237386269645,0.9105649428230075,0.9571546732837056,True,12,4,2,2,"fly (2,4)",0.20000000000000107,-0.036559139784912986,-0.1354838709677324,0.1403297901167602,0.7016489505837973,0.6774193548392268,559.4451612903225,4.332628955567519,-0.12903225806458676,76.5053212020954,0.09263854425149937,-0.01764543700029279,0.018927302326202926,0.09463651163101412,0.5919496026598349
43,8.6,535.0571428571428,204.4,534,199,3,13,172.05714285714282,18.20710506424792,558.6,76.38974358974359,558.6,76.38974358974359,0.9103552532123959,0.954871794871795,True,12,4,2,2,"fly (2,4)",0.1999999999999993,-0.039631336405591355,1.3354838709677495,1.3360717841644203,6.680358920822125,-6.677419354838913,558.9231754747198,3.335503189924436,-2.6099290780139976,76.43393852645741,-0.9131513647643207,-0.3569133781899589,0.18267841824352649,0.9133920912176356,0.4425996111367973
44,8.8,534.6808510638298,204.7659574468085,533,199,4,14,171.68085106382978,18.167285826860294,558.2340425531916,76.33969812693218,558.2340425531916,76.33969812693218,0.9083642913430147,0.9542462265866523,True,12,4,2,2,"fly (2,4)",0.20000000000000107,-0.37629179331304385,0.36595744680849407,0.5249003396734835,2.6245016983674034,-1.8297872340423185,558.196381531336,3.901797079630915,-3.6339697169190344,76.33454790172115,-0.25022731405705523,-0.4969531236812477,0.06395404611234877,0.31977023056174214,0.5203734916254764
45,9.0,534.7142857142858,205.24489795918367,533,199,4,15,171.71428571428578,18.170823885109606,557.7551020408164,76.2742019884877,557.7551020408164,76.2742019884877,0.9085411942554803,0.9534275248560964,True,12,4,2,2,"fly (2,4)",0.1999999999999993,0.03343465045600169,0.4789405123751749,0.48010612394064506,2.400530619703234,-2.394702561875883,557.7079199928744,2.7091653360374344,-2.442307692307773,76.26774974261531,-0.32748069222236725,-0.3339907955292654,0.06559163061941002,0.3279581530970513,0.3573317513346887
46,9.2,534.7115384615385,205.8653846153846,533,199,4,16,171.71153846153845,18.17053317053317,557.1346153846154,76.18934911242603,557.1346153846154,76.18934911242603,0.9085266585266585,0.9523668639053254,True,12,4,2,2,"fly (2,4)",0.1999999999999993,-0.0027472527473264563,0.6204866562009386,0.6204927380083344,3.102463690041683,-3.1024332810051303,557.2693615907901,2.194773916183852,-2.192792010421272,76.20777594403968,-0.4242643803083738,-0.2998689928781087,0.0848533740690542,0.4242668703452725,0.3000313580426961
47,9.4,534.7142857142858,206.08163265306123,533,200,4,15,171.71428571428578,18.170823885109606,556.9183673469388,76.15977673120531,556.9183673469388,76.15977673120531,0.9085411942554803,0.9519972091400664,True,12,4,2,2,"fly (2,4)",0.20000000000000107,0.0027472527473264563,0.21624803767662115,0.2162654877613325,1.0813274388066567,-1.0812401883828158,557.0732164660736,1.8238673561146606,-0.9807256235829184,76.18095267912118,-0.14786190610358496,-0.1341163245925259,0.02957381013715306,0.1478690506857645,0.24857780819793426
48,9.6,534.6458333333334,205.83333333333334,533,200,4,14,171.64583333333337,18.163580246913583,557.1666666666666,76.19373219373219,557.1666666666666,76.19373219373219,0.9081790123456792,0.9524216524216523,True,12,4,2,2,"fly (2,4)",0.1999999999999993,-0.06845238095240802,-0.24829931972789154,0.25756218789913105,1.2878109394956598,1.241496598639178,557.1198479391757,1.1052946951777507,0.23315736551031985,76.18732963270777,0.16977731263438106,0.031884767933026935,0.034719500712553024,0.17359750356276574,0.14400140967564515
49,9.8,534.4901960784314,205.72549019607843,532,200,5,14,171.49019607843138,18.147110696130305,557.2745098039215,76.20847997318585,557.2745098039215,76.20847997318585,0.9073555348065152,0.9526059996648232,True,12,4,2,2,"fly (2,4)",0.20000000000000107,-0.15563725490198976,-0.10784313725491756,0.18934914144619172,0.9467457072309535,0.5392156862745849,557.2205882352941,1.1172783233632977,0.8903561424568877,76.20110608345902,0.0737388972682847,0.12175810495133288,0.022107534955681164,0.11053767477840523,0.14206758917058548
0,0.0,380.8484848484849,187.93939393939394,380,182,3,13,17.848484848484873,1.8887285553952247,575.060606060606,78.64076664076663,575.060606060606,78.64076664076663,0.09443642776976123,0.983009583009583,True,13,5,2,2,"fly (2,5)",,,,,,,574.8755411255411,1.146190248107073,-0.9253246753246458,78.6154586154586,,-0.1265401265401067,,,0.14538134452344564
1,0.2,381.1190476190476,188.3095238095238,380,182,4,14,18.119047619047592,1.9173595364071525,574.6904761904761,78.59015059015059,574.6904761904761,78.59015059015059,0.09586797682035762,0.9823768823768823,True,13,5,2,2,"fly (2,5)",0.2,0.2705627705627194,0.3701298701298583,0.45847609924282917,2.292380496214146,-1.8506493506492916,574.8651755651755,1.0950791072882518,-0.36026936026928524,78.61404110292999,-0.2530802530802134,-0.049267604823152546,0.05815253780937826,0.2907626890468913,0.13840092283428465
2,0.4,381.24444444444447,188.15555555555557,380,182,4,14,18.24444444444447,1.9306290417401555,574.8444444444444,78.61120607787274,574.8444444444444,78.61120607787274,0.09653145208700777,0.9826400759734093,True,13,5,2,2,"fly (2,5)",0.2,0.12539682539687647,-0.15396825396823033,0.1985713651301219,0.9928568256506095,0.7698412698414359,574.8316402116402,1.3014256002836213,-0.16767676767661513,78.60945507167729,0.10527743861075578,-0.022930156263451327,0.02488801589119254,0.1244400794559627,0.1658800729682516
3,0.6,381.2,188.04,380,181,4,16,18.19999999999999,1.9259259259259247,574.96,78.62700854700856,574.96,78.62700854700856,0.09629629629629624,0.9828376068376069,True,13,5,2,2,"fly (2,5)",0.19999999999999996,-0.044444444444479814,-0.11555555555557362,0.12380789579722172,0.6190394789861088,0.5777777777780103,574.9960393046107,0.9101499473152909,0.8219954648526101,78.63193699892112,0.07901234567910366,0.11240963621917878,0.016487490080380165,0.08243745040190084,0.11994396695324788
4,0.8,381.2040816326531,187.81632653061223,380,181,4,15,18.20408163265307,1.9263578447251928,575.1836734693877,78.6575963718821,575.1836734693877,78.6575963718821,0.09631789223625964,0.983219954648526,True,13,5,2,2,"fly (2,5)",0.20000000000000007,0.004081632653083034,-0.22367346938776222,0.22371070746183097,1.1185535373091544,1.1183673469383844,575.0413552087501,0.9185514686921321,0.2265795206972141,78.63813404564105,0.15293912436767693,0.03098523359961781,0.030590874200376032,0.1529543710018801,0.12484104657857094
5,1.0,381.2156862745098,188.01960784313727,380,181,4,16,18.21568627450978,1.927585849154474,574.9803921568628,78.62979721803251,574.9803921568628,78.62979721803251,0.0963792924577237,0.9828724652254064,True,13,5,2,2,"fly (2,5)",0.19999999999999996,0.011604641856706621,0.20328131252503567,0.20361227795622652,1.0180613897811328,-1.0164065626247523,574.9152946026896,1.3882220811876393,-0.6303030303030259,78.62089498840199,-0.13899576924792714,-0.08619528619531049,0.02782626366638637,0.13913131833193187,0.18916860565660124
6,1.2,381.2909090909091,188.4181818181818,380,181,4,16,18.29090909090911,1.9355459355459377,574.5818181818182,78.57529137529137,574.5818181818182,78.57529137529137,0.09677729677729688,0.9821911421911422,True,13,5,2,2,"fly (2,5)",0.19999999999999996,0.07522281639933226,0.39857397504454184,0.405610263294526,2.0280513164726304,-1.9928698752227096,574.8950057854082,1.9670881580821853,-0.10144408640636977,78.6181204492866,-0.27252921370568123,-0.013872695576964153,0.05508402552719835,0.27542012763599183,0.2656302058346888
7,1.4,381.4736842105263,187.87719298245614,380,181,5,16,18.4736842105263,1.9548872180451111,575.1228070175439,78.64927275453591,575.1228070175439,78.64927275453591,0.09774436090225556,0.9831159094316989,True,13,5,2,2,"fly (2,5)",0.19999999999999996,0.18277511961719028,-0.5409888357256705,0.5710303535985585,2.855151767992793,2.704944178628353,573.9146136285455,6.7823884976019135,-4.90196078431381,78.48404972698059,0.36990689622271594,-0.6703536115300791,0.07646783430722853,0.3823391715361428,0.9233224100470537
8,1.6,381.2352941176471,190.9607843137255,380,184,4,16,18.235294117647072,1.9296607531901664,572.0392156862745,78.22758505111446,572.0392156862745,78.22758505111446,0.09648303765950832,0.9778448131389307,True,13,5,2,2,"fly (2,5)",0.20000000000000018,-0.23839009287922863,3.0835913312693606,3.092792481668066,15.463962408340317,-15.417956656347073,573.0540075679395,6.318378360904052,-4.303030303030364,78.36636000929087,-2.108438517107272,-0.5884485884485707,0.4224415861938057,2.1122079309690265,0.8546536377216568
9,1.8,381.1142857142857,191.0,380,186,4,12,18.1142857142857,1.9168556311413438,572.0,78.22222222222223,572.0,78.22222222222223,0.0958427815570672,0.9777777777777777,True,13,5,2,2,"fly (2,5)",0.19999999999999996,-0.12100840336137253,0.03921568627450256,0.12720418127580888,0.6360209063790445,-0.19607843137237074,571.4070112893643,8.436886685315285,-8.234981392876074,78.14112974897289,-0.026814144461155827,-1.126151301589904,0.013882762131960304,0.06941381065980154,1.1448852759804213
10,2.0,380.8181818181818,192.8181818181818,380,189,3,9,17.818181818181813,1.885521885521885,570.1818181818182,77.97358197358197,570.1818181818182,77.97358197358197,0.09427609427609425,0.9746697746697748,True,13,5,2,2,"fly (2,5)",0.19999999999999996,-0.29610389610388665,1.818181818181813,1.8421353482452978,9.210676741226491,-9.090909090908783,570.5367965367966,4.539322038009803,-4.351073762838381,78.02212602212603,-1.2432012432012842,-0.5950186342343026,0.25060681726248724,1.2530340863124365,0.6126335956409891
11,2.2,380.85714285714283,193.57142857142858,380,189,3,11,17.857142857142833,1.8896447467876014,569.4285714285714,77.87057387057388,569.4285714285714,77.87057387057388,0.09448223733938006,0.9733821733821734,True,13,5,2,2,"fly (2,5)",0.20000000000000018,0.03896103896101977,0.7532467532467706,0.754253693284775,3.7712684664238716,-3.7662337662339915,569.8084014750681,4.994776778922863,-3.64197530864203,77.92251644103497,-0.5150405150404676,-0.49804790545534167,0.10309057799014597,0.5154528899507294,0.6794849154706023
12,2.4,380.962962962963,193.1851851851852,380,189,4,10,17.96296296296299,1.9008426415833852,569.8148148148148,77.92339347894902,569.8148148148148,77.92339347894902,0.09504213207916926,0.9740424184868629,True,13,5,2,2,"fly (2,5)",0.19999999999999973,0.10582010582015755,-0.38624338624339316,0.40047702582364486,2.002385129118227,1.9312169312166843,569.3914735753816,3.4160118905033507,-2.084639498432728,77.86550065988125,0.26409804187572694,-0.2850789057685665,0.053993554029728066,0.2699677701486407,0.46475641771864246
13,2.6,381.1034482758621,194.0689655172414,380,190,4,10,18.103448275862092,1.9157088122605388,568.9310344827586,77.80253463012083,568.9310344827586,77.80253463012083,0.09578544061302695,0.9725316828765105,True,13,5,2,2,"fly (2,5)",0.20000000000000018,0.14048531289910215,0.8837803320562045,0.8948764151935918,4.474382075967955,-4.418901660280877,569.2152830991912,2.2762976789523863,-0.8809523809524439,77.8414062357868,-0.6042942441409588,-0.12047212047214344,0.12176971861131156,0.6088485930565573,0.30614284012996895
14,2.8,381.1666666666667,194.1,380,190,4,10,18.166666666666686,1.9223985890652577,568.9,77.79829059829059,568.9,77.79829059829059,0.09611992945326289,0.9724786324786324,True,13,5,2,2,"fly (2,5)",0.19999999999999973,0.06321839080459313,0.031034482758599324,0.07042516635419517,0.35212583177097634,-0.15517241379313892,568.747599729547,2.425182118036647,-2.3384168482207675,77.77744953566453,-0.021220159151198487,-0.3197835006113789,0.007922431436941768,0.039612157184708896,0.327647012899015
15,3.0,381.20588235294116,194.58823529411765,380,190,4,11,18.20588235294116,1.9265483971366306,568.4117647058823,77.7315233785822,568.4117647058823,77.7315233785822,0.09632741985683153,0.9716440422322775,True,13,5,2,2,"fly (2,5)",0.20000000000000018,0.03921568627447414,0.48823529411765776,0.48980768927420254,2.4490384463710106,-2.4411764705882866,568.5515406162465,1.0768597772740358,-0.9802955665024143,77.75063803299098,-0.33383609854197943,-0.13405751336783558,0.06689605769115581,0.33448028845577876,0.14281912264693752
16,3.2,381.25714285714287,194.65714285714284,380,190,4,11,18.257142857142867,1.9319727891156473,568.3428571428572,77.72210012210013,568.3428571428572,77.72210012210013,0.09659863945578237,0.9715262515262515,True,13,5,2,2,"fly (2,5)",0.20000000000000018,0.051260504201707136,0.06890756302519208,0.08588301073602424,0.4294150536801208,-0.34453781512581794,568.2344465991525,1.621763711250556,-1.5854700854699406,77.70727474860206,-0.047116282410328794,-0.2168164219446093,0.010872984460064997,0.054364922300324935,0.21988867019758582
17,3.4,381.3076923076923,195.05128205128204,380,190,5,12,18.30769230769232,1.9373219373219388,567.948717948718,77.66820074512383,567.948717948718,77.66820074512383,0.09686609686609693,0.9708525093140479,True,13,5,2,2,"fly (2,5)",0.19999999999999973,0.05054945054945392,0.39413919413919984,0.3973675267401069,1.9868376337005371,-1.9706959706957177,567.9702075702075,1.3610150464205677,-1.3211951447245462,77.67113949678053,-0.2694968848815197,-0.18067625910762317,0.05416415996733068,0.27082079983665375,0.18403823881800152
18,3.6,381.35714285714283,195.38095238095238,380,190,5,12,18.357142857142833,1.9425547996976542,567.6190476190476,77.62311762311762,567.6190476190476,77.62311762311762,0.09712773998488271,0.9702889702889702,True,13,5,2,2,"fly (2,5)",0.20000000000000018,0.04945054945051197,0.3296703296703356,0.3333584903762094,1.6667924518810455,-1.6483516483521028,567.8046398046398,1.6165410731142469,-0.8278388278389076,77.64849775106185,-0.22541561003102098,-0.11320872859336362,0.04538579886340521,0.22692899431702587,0.21934608381224055
19,3.8,381.28205128205127,195.15384615384616,380,190,4,12,18.28205128205127,1.9346086012752668,567.8461538461538,77.65417488494411,567.8461538461538,77.65417488494411,0.09673043006376333,0.9706771860618014,True,13,5,2,2,"fly (2,5)",0.19999999999999973,-0.07509157509156239,-0.2271062271062192,0.23919862675223152,1.1959931337611591,1.1355311355310975,568.424297924298,4.289922894430452,3.0982905982906064,77.73323732298091,0.15528630913244987,0.4236978595952931,0.03205769145660837,0.16028845728304206,0.5816082997242883
20,4.0,380.88461538461536,193.19230769230768,380,189,3,10,17.88461538461536,1.8925518925518898,569.8076923076924,77.922419460881,569.8076923076924,77.922419460881,0.09462759462759449,0.9740302432610126,True,13,5,2,2,"fly (2,5)",0.20000000000000018,-0.397435897435912,-1.9615384615384812,2.0013966195298325,10.006983097649153,9.807692307692824,571.020979020979,13.070646317803977,12.983405483405468,78.08833901141594,1.3412228796844505,1.7755084421751126,0.2715214895145596,1.3576074475727968,1.782691111392196
21,4.2,380.8181818181818,187.5909090909091,380,184,3,9,17.818181818181813,1.885521885521885,575.4090909090909,78.68842268842269,575.4090909090909,78.68842268842269,0.09427609427609425,0.9836052836052835,True,13,5,2,2,"fly (2,5)",0.20000000000000018,-0.06643356643354537,-5.601398601398586,5.601792544400329,28.00896272200162,28.006993006992477,574.89864996115,19.561778541943642,19.38835470085468,78.61861879810597,3.830016137708437,2.651398933450198,0.7660354858641505,3.830177429320749,2.665648711118564
22,4.4,381.5416666666667,183.52083333333334,380,178,5,13,18.541666666666686,1.9620811287477975,579.4791666666666,79.24501424501423,579.4791666666666,79.24501424501423,0.09810405643738987,0.990562678062678,True,13,5,2,2,"fly (2,5)",0.20000000000000018,0.7234848484848726,-4.070075757575751,4.133877961236035,20.669389806180156,20.350378787878736,578.4921642899584,18.784511539920153,17.967571644042163,79.11003956101995,2.7829577829577063,2.457103814569875,0.5618322512924298,2.809161256462146,2.527646328428931
23,4.6,382.6029411764706,182.41176470588235,380,178,8,13,19.60294117647061,2.0743853096794296,580.5882352941177,79.39668174962293,580.5882352941177,79.39668174962293,0.10371926548397148,0.9924585218702866,True,13,5,2,2,"fly (2,5)",0.1999999999999993,1.0612745098039227,-1.1090686274509949,1.5350364183157317,7.6751820915786855,5.545343137255278,580.3958006535948,10.971984606693844,9.518181818181878,79.37036590134629,0.7583375230434823,1.3016317016316965,0.18872005990077884,0.9436002995038976,1.4295111218442373
24,4.8,383.3466666666667,181.88,380,178,10,11,20.346666666666692,2.1530864197530892,581.12,79.46940170940171,581.12,79.46940170940171,0.10765432098765446,0.9933675213675214,True,13,5,2,2,"fly (2,5)",0.20000000000000018,0.7437254901960841,-0.5317647058823525,0.9142763844645395,4.5713819223226935,2.658823529411618,580.9348736120955,4.730505564160843,2.6953647925034887,79.44408528028656,0.3635997988939007,0.36859689470134155,0.10715436191333372,0.5357718095666681,0.5618137234379669
25,5.0,383.73493975903614,181.90361445783134,380,178,11,11,20.734939759036138,2.1941735194747234,581.0963855421687,79.46617238183504,581.0963855421687,79.46617238183504,0.10970867597373618,0.993327154772938,True,13,5,2,2,"fly (2,5)",0.20000000000000018,0.3882730923694453,0.02361445783134286,0.3889905357162306,1.9449526785811513,-0.11807228915642998,580.9972221470151,2.7073409149141656,0.31174267459789434,79.45261157566017,-0.016146637833358554,0.042631476868090545,0.04121381224866702,0.2060690612433349,0.3204710355192772
26,5.2,383.7303370786517,182.22471910112358,380,178,11,12,20.7303370786517,2.1936864633493864,580.7752808988764,79.42226063574378,580.7752808988764,79.42226063574378,0.10968432316746932,0.9927782579467973,True,13,5,2,2,"fly (2,5)",0.20000000000000018,-0.004602680384437008,0.3211046432922444,0.32113762876773067,1.6056881438386519,-1.605523216461505,580.7872221470151,1.7939435530049435,-1.0499999999999916,79.42389362694222,-0.21955873045627053,-0.1435897435897477,0.04391444714956573,0.21957223574782844,0.21848602434512024
27,5.4,383.96,182.51,380,178,12,14,20.95999999999998,2.2179894179894157,580.49,79.38324786324786,580.49,79.38324786324786,0.11089947089947079,0.9922905982905983,True,13,5,2,2,"fly (2,5)",0.20000000000000018,0.22966292134827881,0.2852808988764082,0.36623796731900576,1.8311898365950272,-1.4264044943820395,580.5568177708899,2.41273339640955,-1.1520218806259659,79.39238533619006,-0.195063862479614,-0.15754145376080916,0.04596335520883951,0.22981677604419737,0.2844398699722538
28,5.6,384.7155172413793,182.5948275862069,380,178,12,13,21.715517241379303,2.29793833242109,580.4051724137931,79.37164750957855,580.4051724137931,79.37164750957855,0.11489691662105452,0.9921455938697319,True,13,5,2,2,"fly (2,5)",0.1999999999999993,0.755517241379323,0.08482758620689879,0.7602644417589914,3.8013222087949705,-0.4241379310343533,579.5530916592986,7.197054283103394,-5.018630557956381,79.25512364571604,-0.05800176834654301,-0.6863084523701223,0.08078611962494682,0.40393059812473553,0.8911420836148126
29,5.8,386.5076923076923,185.23589743589744,380,178,16,16,23.50769230769231,2.487586487586488,577.7641025641026,79.01047556432171,577.7641025641026,79.01047556432171,0.12437932437932439,0.9876309445540216,True,13,5,2,2,"fly (2,5)",0.20000000000000018,1.792175066313007,2.6410698496905525,3.191730160784039,15.958650803920182,-13.20534924845275,578.7317496679566,13.395199964214079,-4.106709956709927,79.14280337339578,-1.8058597262842098,-0.5616013616013519,0.40793577533510134,2.039678876675505,1.5360083829352373
30,6.0,390.5844155844156,184.97402597402598,382,178,19,16,27.58441558441558,2.918985776128633,578.025974025974,79.04628704628705,578.025974025974,79.04628704628705,0.14594928880643165,0.9880785880785882,True,13,5,2,2,"fly (2,5)",0.20000000000000018,4.076723276723271,-0.2618714618714648,4.08512537598542,20.425626879927083,1.309357309357323,577.7599295080777,17.274790277427236,-4.859100799394578,79.0099048899935,0.1790574098266971,-0.6644924170112407,0.43288313480109486,2.1644156740054723,1.9514641076257224
31,6.2,393.6255144032922,185.5102880658436,385,178,19,17,30.625514403292186,3.240795174951554,577.4897119341564,78.9729520593718,577.4897119341564,78.9729520593718,0.1620397587475777,0.9871619007421477,True,13,5,2,2,"fly (2,5)",0.20000000000000018,3.0410988188766055,0.5362620918176333,3.0880186296868914,15.440093148434444,-2.6813104590883063,577.6127983744924,12.258144237616023,-0.7356556679265692,78.98978439309298,-0.3666749345762096,-0.10060248450275339,0.33005955443923823,1.6502977721961898,1.3116798733065071
32,6.4,393.6972111553785,185.67729083665338,385,178,20,17,30.69721115537851,3.248382132844287,577.3227091633466,78.95011407362006,577.3227091633466,78.95011407362006,0.16241910664221434,0.9868764259202507,True,13,5,2,2,"fly (2,5)",0.20000000000000018,0.07169675208632498,0.16700277080977344,0.18174253689730882,0.9087126844865433,-0.8350138540487243,577.3069516108143,6.067832042711039,-1.529233818390405,78.94795919464127,-0.11418992875874769,-0.20912599225852094,0.024065234743571886,0.12032617371785932,0.6625743115149609
33,6.6,394.0,185.89156626506025,385,178,20,17,31.0,3.2804232804232805,577.1084337349398,78.92081145093194,577.1084337349398,78.92081145093194,0.164021164021164,0.9865101431366492,True,13,5,2,2,"fly (2,5)",0.1999999999999993,0.3027888446214888,0.21427542840686442,0.3709380590424247,1.8546902952121302,-1.0713771420341838,577.0792424201421,1.545847060346586,-1.1385459533607907,78.91681947625875,-0.14651311344060555,-0.15569859191257276,0.043419797726166595,0.21709898863083374,0.19165313886034083
34,6.8,394.22222222222223,186.19341563786008,386,178,19,18,31.22222222222223,3.3039388594944157,576.8065843621399,78.87953290422426,576.8065843621399,78.87953290422426,0.1651969429747208,0.9859941613028033,True,13,5,2,2,"fly (2,5)",0.20000000000000018,0.22222222222222854,0.30184937279983615,0.37482764026821713,1.874138201341084,-1.5092468639994636,576.8304962284383,1.6312869115372066,-1.2437309585190335,78.88280290303429,-0.2063927335383651,-0.17008286612226686,0.047506850846465914,0.23753425423232935,0.20438776191982577
35,7.0,394.25882352941176,186.42352941176472,385,178,20,18,31.258823529411757,3.307812013694366,576.5764705882352,78.8480643539467,576.5764705882352,78.8480643539467,0.16539060068471828,0.9856008044243337,True,13,5,2,2,"fly (2,5)",0.20000000000000018,0.03660130718952814,0.23011377390463394,0.23300644761168132,1.1650322380584055,-1.1505688695234528,576.513144517066,1.7173414426333096,-1.5867585568613158,78.8394043784022,-0.1573427513878299,-0.21699262316052623,0.03170600857926288,0.15853004289631425,0.22810758419957264
36,7.2,394.30452674897117,186.84362139917695,386,178,19,18,31.30452674897117,3.3126483332244625,576.156378600823,78.79061587703562,576.156378600823,78.79061587703562,0.16563241666122314,0.9848826984629453,True,13,5,2,2,"fly (2,5)",0.20000000000000018,0.04570321955941381,0.42009198741223486,0.4225707777000881,2.112853888500439,-2.1004599370610304,576.119838618575,1.980338472267632,-1.9665294924554153,78.78561895638632,-0.2872423845553837,-0.26892711007938863,0.05765169109401491,0.2882584554700743,0.2700596774800272
37,7.4,394.24888888888887,187.37333333333333,386,181,19,15,31.24888888888887,3.3067607289829493,575.6266666666667,78.71817663817663,575.6266666666667,78.71817663817663,0.16533803644914746,0.983977207977208,True,13,5,2,2,"fly (2,5)",0.20000000000000018,-0.05563786008229954,0.5297119341563814,0.5326258580488109,2.663129290244052,-2.6485596707817627,575.9959232256462,2.6040170656527746,-0.6195769646440823,78.76867326162682,-0.3621961942949522,-0.08472847379747302,0.07267810681473867,0.36339053407369304,0.3529854842233367
38,7.6,394.06299212598424,186.79527559055117,386,178,18,20,31.062992125984238,3.287089113860766,576.2047244094488,78.79722726966821,576.2047244094488,78.79722726966821,0.1643544556930383,0.9849653408708526,True,13,5,2,2,"fly (2,5)",0.1999999999999993,-0.1858967629046333,-0.578057742782164,0.6072136036427642,3.036068018213832,2.890288713910546,576.7794134637279,10.268044373512106,3.917451190409149,78.87581722580894,0.39525315745791684,0.5357198209106667,0.08146149262524824,0.40730746312624266,1.2027499211903228
39,7.8,398.5251141552511,184.4931506849315,391,178,19,17,35.52511415525112,3.7592713391800125,578.5068493150685,79.11204776958202,578.5068493150685,79.11204776958202,0.18796356695900063,0.9889005971197752,True,13,5,2,2,"fly (2,5)",0.20000000000000018,4.4621220292668795,-2.302124905619678,5.020987162415692,25.104935812078438,11.510624528098663,577.2319624833358,22.72894967205359,2.2627450980392445,78.93770427122541,1.5741024995690354,0.3094352270822993,0.567510353274207,2.8375517663710323,2.5111713331130816
40,8.0,406.38823529411764,186.0156862745098,397,178,20,19,43.388235294117635,4.591347650171178,576.9843137254902,78.90383777442601,576.9843137254902,78.90383777442601,0.2295673825085589,0.9862979721803251,True,13,5,2,2,"fly (2,5)",0.20000000000000018,7.863121138866518,1.5225355895782968,8.009169037173708,40.0458451858685,-7.612677947891477,576.7082875580861,26.054634648501814,-2.618374626248601,78.86609060623401,-1.0410499757800542,-0.35806832495709023,0.8577309539683949,4.288654769841971,2.9462423053375546
41,8.2,407.5054945054945,188.36630036630038,398,178,21,21,44.50549450549448,4.709576138147565,574.6336996336996,78.58238627469396,574.6336996336996,78.58238627469396,0.2354788069073782,0.9822798284336746,True,13,5,2,2,"fly (2,5)",0.1999999999999993,1.1172592113768474,2.3506140917905896,2.6026245895116937,13.013122947558514,-11.75307045895299,575.1194411455697,21.29340301789413,-7.944232062581974,78.64881246435141,-1.607257498660252,-1.0863907094129395,0.3425040759599311,1.7125203797996615,2.4032953717974412
42,8.4,409.4767441860465,189.25968992248062,400,181,21,18,46.47674418604652,4.91817398794143,573.7403100775193,78.46021334393426,573.7403100775193,78.46021334393426,0.24590869939707152,0.9807526667991784,True,13,5,2,2,"fly (2,5)",0.20000000000000107,1.9712496805520345,0.8933895561802387,2.1642481840510857,10.82124092025537,-4.466947780901454,573.9683391543857,8.321464434933139,-5.755509955920395,78.49139680743735,-0.610864653798512,-0.7870782845702954,0.24174219315013945,1.2087109657506907,1.023762442719174
43,8.6,409.56201550387595,189.46899224806202,400,181,21,18,46.562015503875955,4.9271974078175615,573.531007751938,78.43159080368383,573.531007751938,78.43159080368383,0.24635987039087806,0.9803948850460478,True,13,5,2,2,"fly (2,5)",0.1999999999999993,0.08527131782943798,0.2093023255814046,0.22600588739710592,1.1300294369855337,-1.0465116279067426,573.5409887270353,4.315150014108794,-2.136752136752109,78.43295572335524,-0.1431127012521221,-0.2922054204105477,0.030011196521433796,0.1500559826071695,0.49651433315724347
44,8.8,409.4761904761905,189.64835164835165,400,181,22,19,46.47619047619048,4.918115394305871,573.3516483516484,78.40706302244763,573.3516483516484,78.40706302244763,0.24590576971529354,0.9800882877805954,True,13,5,2,2,"fly (2,5)",0.20000000000000107,-0.08582502768547329,0.17935940028962705,0.1988359370170969,0.9941796850854792,-0.8967970014481305,573.4122235673755,0.7658455247023196,-0.6438257982985832,78.41534681263255,-0.12263890618100894,-0.08804455361345252,0.026155210222774183,0.13077605111387022,0.09973405740864787
45,9.0,409.44160583941607,189.64598540145985,400,181,22,19,46.44160583941607,4.914455644382653,573.3540145985402,78.40738661176619,573.3540145985402,78.40738661176619,0.24572278221913266,0.9800923326470772,True,13,5,2,2,"fly (2,5)",0.1999999999999993,-0.03458463677441159,-0.0023662468917962087,0.034665490407189074,0.173327452035946,0.011831234459123194,573.3661300743053,0.5188364168677851,-0.23046746535119955,78.40904342896482,0.001617946592773484,-0.03151691833863854,0.003674027700980757,0.01837013850490385,0.06453137041306782
46,9.2,409.5090909090909,189.60727272727271,400,181,22,19,46.5090909090909,4.921596921596921,573.3927272727273,78.41268065268065,573.3927272727273,78.41268065268065,0.24607984607984604,0.9801585081585081,True,13,5,2,2,"fly (2,5)",0.1999999999999993,0.06748506967483081,-0.03871267418713842,0.0778004226963858,0.3890021134819304,0.19356337093540857,573.316792744968,0.5035257293643105,-0.24668664668657245,78.4022964437563,0.026470204572319838,-0.03373492604261204,0.008889584324085846,0.04444792162042939,0.0641132782470152
47,9.4,409.52363636363634,189.79636363636365,400,181,22,19,46.52363636363634,4.923136123136121,573.2036363636364,78.38682206682206,573.2036363636364,78.38682206682206,0.24615680615680605,0.9798352758352759,True,13,5,2,2,"fly (2,5)",0.20000000000000107,0.014545454545441316,0.18909090909093607,0.18964952451501205,0.9482476225750551,-0.945454545454249,573.2047190768899,0.8502323318621454,-0.5603683403901027,78.38697013017298,-0.12929292929292943,-0.07663156791660213,0.02590435492314261,0.12952177461571235,0.10850610472010291
48,9.6,409.6797153024911,189.98220640569394,400,181,22,20,46.679715302491104,4.939652412962022,573.0177935943061,78.36140767101622,573.0177935943061,78.36140767101622,0.2469826206481011,0.9795175958877027,True,13,5,2,2,"fly (2,5)",0.1999999999999993,0.15607893885476187,0.18584276933029287,0.24268945190588928,1.2134472595294508,-0.9292138466514677,573.0787666154728,0.9570252341304059,-0.6297623070857595,78.36974586194499,-0.12707197902919676,-0.08612134113993375,0.030309723584833304,0.15154861792416705,0.11871594181559236
49,9.8,409.82156133828994,189.98513011152417,400,182,22,18,46.82156133828994,4.954662575480417,573.0148698884758,78.36100784799669,573.0148698884758,78.36100784799669,0.24773312877402084,0.9795125980999586,True,13,5,2,2,"fly (2,5)",0.20000000000000107,0.14184603579883515,0.0029237058302271635,0.14187616405734307,0.7093808202867116,-0.014618529151562065,573.016331741391,0.9614140399080813,-0.4719161879015149,78.36120775950647,-0.0019991150976750196,-0.06453554706343591,0.015015486581379623,0.07507743290689771,0.11331302541553237
0,0.0,401.3076923076923,184.36813186813185,395,178,16,16,38.30769230769232,4.053724053724055,578.6318681318681,79.1291443599136,578.6318681318681,79.1291443599136,0.20268620268620274,0.9891143044989199,True,14,6,2,2,"fly (2,6)",,,,,,,579.2445054945056,3.2572748506114877,3.06318681318686,79.21292382830845,,0.4188973419742936,,,0.4349847489323676
1,0.2,400.8646616541353,183.14285714285714,395,178,13,14,37.86466165413532,4.006842503083102,579.8571428571429,79.29670329670331,579.8571428571429,79.29670329670331,0.20034212515415512,0.9912087912087912,True,14,6,2,2,"fly (2,6)",0.2,-0.44303065355700255,-1.2252747252747156,1.3029099402445952,6.514549701222975,6.12637362637372,579.7922871521002,3.9858594190917125,3.759970559035916,79.28783414045816,0.8377946839485872,0.5141840080732862,0.17399389957294706,0.8699694978647352,0.5328966806684609
2,0.4,401.21495327102804,182.11214953271028,395,178,13,11,38.21495327102804,4.043910399050586,580.8878504672897,79.43765476475757,580.8878504672897,79.43765476475757,0.2021955199525293,0.9929706845594696,True,14,6,2,2,"fly (2,6)",0.2,0.3502916168927186,-1.0307076101468624,1.0886057112104326,5.4430285560521625,5.153538050734028,580.96972414297,9.200689467453099,5.8871849543491335,79.44885116485061,0.7047573402712715,0.8050851219622738,0.14574410882812952,0.7287205441406476,1.1146811265224468
3,0.6,398.35820895522386,180.83582089552237,393,178,11,8,35.35820895522386,3.741609413251202,582.1641791044776,79.61219543309096,582.1641791044776,79.61219543309096,0.1870804706625601,0.9951524429136369,True,14,6,2,2,"fly (2,6)",0.19999999999999996,-2.8567443158041783,-1.276328637187902,3.128898029016831,15.64449014508416,6.381643185939653,582.3923431905891,11.531567049171942,7.113095238095184,79.64339735939679,0.872703341666963,0.9727309727309338,0.3490706675123914,1.7453533375619574,1.37888786418827
4,0.8,396.5,178.875,394,178,6,3,33.5,3.544973544973545,584.125,79.88034188034187,584.125,79.88034188034187,0.17724867724867724,0.9985042735042735,True,14,6,2,2,"fly (2,6)",0.20000000000000007,-1.8582089552238585,-1.9608208955223745,2.701436489275902,13.507182446379506,9.804104477611869,583.1445895522388,14.575836295731833,8.092873831775762,79.74626865671641,1.3407322362545666,1.106717788960765,0.3325179421724412,1.6625897108622054,1.7039715242120814
0,0.0,722.88125,717.7125,715,713,17,11,139.88125000000002,14.647251308900525,42.28750000000002,5.812714776632306,42.28750000000002,5.812714776632306,0.7323625654450263,0.07265893470790381,True,15,1,3,3,"fly (3,1)",,,,,,,42.419507575757564,0.7288660648086746,0.6600378787877048,5.830860147870456,,0.09072685619075038,,,0.09633033060263345
1,0.2,722.7575757575758,717.4484848484849,714,712,18,12,139.75757575757575,14.634301126447722,42.551515151515105,5.849005519108606,42.551515151515105,5.849005519108606,0.7317150563223861,0.07311256898885757,True,15,1,3,3,"fly (3,1)",0.2,-0.12367424242427205,-0.2640151515150819,0.29154642592346985,1.457732129617349,1.3200757575754096,42.40203458637003,0.8381260539482968,0.1326476793248806,5.828458362387632,0.18145371238150076,0.01823335798280053,0.03853213224105338,0.1926606612052669,0.11014885878798482
2,0.4,722.8607594936709,717.632911392405,715,713,17,11,139.8607594936709,14.645105706143552,42.36708860759495,5.823654791421986,42.36708860759495,5.823654791421986,0.7322552853071775,0.07279568489277483,True,15,1,3,3,"fly (3,1)",0.2,0.1031837360951613,0.18442654392015356,0.21132920644550818,1.0566460322275408,-0.9221327196007678,42.405768352603786,1.4488883916251212,0.018668831168800637,5.8289715948596275,-0.12675363843309917,0.0025661623599715308,0.02755718303173751,0.13778591515868754,0.17490342502348777
3,0.6,723.2207792207791,717.7012987012987,715,713,17,11,140.22077922077915,14.682804106887868,42.2987012987013,5.814254474048289,42.2987012987013,5.814254474048289,0.7341402053443935,0.07267818092560362,True,15,1,3,3,"fly (3,1)",0.19999999999999996,0.36001972710823793,0.06838730889364797,0.3664574026060946,1.8322870130304734,-0.3419365444682399,42.31167355850899,1.135108231781073,-0.4704739704739798,5.816037602544191,-0.047001586868487,-0.06466996157718026,0.03885273974130177,0.1942636987065089,0.12923045906130645
4,0.8,723.1217948717949,717.7307692307693,715,713,17,11,140.12179487179492,14.67243925359109,42.26923076923072,5.810203542162298,42.26923076923072,5.810203542162298,0.7336219626795546,0.07262754427702872,True,15,1,3,3,"fly (3,1)",0.20000000000000007,-0.09898434898423147,0.02947052947058637,0.10327833001704098,0.5163916500852047,-0.1473526473529318,42.218199578199574,1.1058049901026206,-0.4673699015470827,5.803188945456985,-0.02025465942995463,-0.06424328543602384,0.011128352663744585,0.055641763318722906,0.12663156390920025
5,1.0,723.1866666666667,717.9133333333333,716,713,16,12,140.18666666666672,14.679232111692851,42.0866666666667,5.785108820160372,42.0866666666667,5.785108820160372,0.7339616055846425,0.07231386025200465,True,15,1,3,3,"fly (3,1)",0.19999999999999996,0.06487179487180583,0.18256410256401523,0.19374726143843665,0.9687363071921835,-0.9128205128200764,42.15796995275256,0.8309452384948791,-0.3011481272350618,5.794909959141246,-0.1254736100096299,-0.04139493157870137,0.02599784594047378,0.12998922970236892,0.09735637484003483
6,1.2,722.9875776397515,717.8819875776397,715,713,17,12,139.98757763975152,14.658385093167698,42.118012422360266,5.789417515101068,42.118012422360266,5.789417515101068,0.7329192546583849,0.07236771893876334,True,15,1,3,3,"fly (3,1)",0.19999999999999996,-0.19908902691520325,-0.03134575569356457,0.20154155164144974,1.007707758207249,0.15672877846782288,42.090051759834374,1.1535977508625497,-0.3395909645909494,5.785574125063143,0.021543474703480395,-0.04667917039050896,0.021287626299802527,0.10643813149901266,0.13120230908934735
7,1.4,723.2797619047619,717.9345238095239,715,713,18,12,140.27976190476193,14.688980304163552,42.06547619047615,5.782196039927992,42.06547619047615,5.782196039927992,0.7344490152081776,0.07227745049909991,True,15,1,3,3,"fly (3,1)",0.19999999999999996,0.2921842650104054,0.052536231884118934,0.2968698374376432,1.4843491871882164,-0.2626811594205947,42.00799313679416,1.390106950553405,-0.41029311520105666,5.774294589250057,-0.036107375865377385,-0.05639767906543779,0.031435913213332084,0.15717956606666045,0.1552994631574366
8,1.6,723.0306748466257,718.1595092024539,715,713,18,12,140.03067484662574,14.66289788969903,41.84049079754607,5.751270212721109,41.84049079754607,5.751270212721109,0.7331448944849516,0.07189087765901386,True,15,1,3,3,"fly (3,1)",0.20000000000000018,-0.24908705813618326,0.2249853929300798,0.33565278125295006,1.6782639062647489,-1.124926964650398,41.936527148617834,1.1594145220001446,-0.3573299408816408,5.764471085720665,-0.1546291360344164,-0.049117517646961546,0.04045613838132736,0.20228069190663664,0.13428172926686663
9,1.8,723.0301204819277,718.0963855421687,715,713,17,12,140.03012048192772,14.662839841039553,41.90361445783128,5.759947004512891,41.90361445783128,5.759947004512891,0.7331419920519776,0.07199933755641114,True,15,1,3,3,"fly (3,1)",0.19999999999999996,-0.0005543646980186168,-0.0631236602852141,0.06312609450949366,0.3156304725474684,0.31561830142607056,41.920799312768054,1.4806265492713735,-0.07863917924889052,5.762309183885644,0.043383958958909126,-0.010809509175104759,0.008676985965460562,0.04338492982730282,0.16901171621159553
10,2.0,723.5060975609756,717.9817073170732,715,713,18,12,140.5060975609756,14.712680372877026,42.01829268292681,5.7757103344229295,42.01829268292681,5.7757103344229295,0.7356340186438514,0.07219637918028662,True,15,1,3,3,"fly (3,1)",0.19999999999999996,0.47597707904787967,-0.11467822509553116,0.4895970538003806,2.4479852690019035,0.5733911254776559,41.978059026469474,1.5808531750639327,0.2862985685070878,5.770179934909893,0.07881664955019298,0.039353755121248994,0.05227390538016941,0.26136952690084714,0.17066368389395029
11,2.2,723.9018404907976,717.9877300613497,716,713,17,12,140.90184049079755,14.754119423120162,42.01226993865032,5.774882465793858,42.01226993865032,5.774882465793858,0.7377059711560081,0.07218603082242322,True,15,1,3,3,"fly (3,1)",0.20000000000000018,0.3957429298219495,0.006022744276492631,0.39578875672848574,1.9789437836424268,-0.030113721382463127,42.36560922727271,3.2805654601742873,1.9377510040161898,5.823451440174942,-0.004139343145355131,0.26635752632524967,0.04144731899074024,0.207236594953701,0.4015388722090339
12,2.4,724.1506024096386,716.933734939759,716,712,18,11,141.15060240963862,14.780167791585196,43.066265060240994,5.9197615203080405,43.066265060240994,5.9197615203080405,0.7390083895792599,0.0739970190038505,True,15,1,3,3,"fly (3,1)",0.19999999999999973,0.24876191884106902,-1.053995121590674,1.0829534655757052,5.414767327878533,5.269975607953377,43.83514519456222,8.79762456983255,7.34767983644758,6.025449511280031,0.7243952725709112,1.009990355525441,0.1472020989545105,0.7360104947725535,1.1441972710144004
13,2.6,725.9239766081871,713.5730994152046,718,708,17,13,142.9239766081871,14.965861424941059,46.42690058479536,6.381704547738194,46.42690058479536,6.381704547738194,0.7482930712470529,0.07977130684672742,True,15,1,3,3,"fly (3,1)",0.20000000000000018,1.7733741985484812,-3.360635524554368,3.7998325195953417,18.999162597976692,16.803177622771827,46.4179672804518,15.753882796615317,12.914110429447879,6.3804766021239585,2.3097151371507674,1.7751354542196391,0.4978689446633897,2.4893447233169463,2.0136231870851273
14,2.8,729.0490797546013,710.239263803681,721,705,17,12,146.04907975460128,15.293097356502752,49.760736196319044,6.8399637383256415,49.760736196319044,6.8399637383256415,0.7646548678251376,0.08549954672907052,True,15,1,3,3,"fly (3,1)",0.19999999999999973,3.125103146414176,-3.333835611523682,4.56954369279814,22.84771846399073,16.66917805761843,48.657195799466116,13.993021468308783,11.196142595071594,6.688274336696374,2.2912959529372388,1.538988672862075,0.5631028686331757,2.8155143431658822,1.7740445856407765
15,3.0,729.0617283950617,710.216049382716,721,705,17,12,146.06172839506166,15.294421821472426,49.78395061728395,6.843154724025285,49.78395061728395,6.843154724025285,0.7647210910736213,0.08553943405031607,True,15,1,3,3,"fly (3,1)",0.20000000000000018,0.012648640460383831,-0.023214420964905003,0.026436668591785156,0.13218334295892567,0.11607210482452492,49.75421184385058,8.613233260212278,5.485080221922286,6.839066920116918,0.015954928498218543,0.7539629171027191,0.0034549380879002113,0.017274690439501042,1.0445609427993408
16,3.2,728.4935897435897,710.2820512820513,721,705,16,12,145.49358974358972,15.234930863203113,49.71794871794873,6.834082297999825,49.71794871794873,6.834082297999825,0.7617465431601557,0.08542602872499781,True,15,1,3,3,"fly (3,1)",0.20000000000000018,-0.5681386514719406,0.0660018993352196,0.5719595947374357,2.859797973687176,-0.33000949667609775,49.76299870314207,1.3450091698470832,0.04393429645745093,6.840274735827087,-0.04536213012729991,0.006039078550852425,0.060178758958527805,0.3008937947926388,0.14388149277474438
17,3.4,728.2967741935483,710.2129032258065,721,705,16,12,145.29677419354834,15.214321905083596,49.787096774193515,6.843587185456153,49.787096774193515,6.843587185456153,0.7607160952541798,0.08554483981820192,True,15,1,3,3,"fly (3,1)",0.19999999999999973,-0.19681555004137863,-0.06914805624478504,0.2086092385790293,1.043046192895148,0.34574028122392564,49.76045376053863,1.5197826261320078,-0.012724713017177895,6.839924915537956,0.04752443728163864,-0.001749101445659762,0.022695198618418642,0.11347599309209336,0.1610936738713371
18,3.6,728.4276315789474,710.2236842105264,721,705,16,12,145.4276315789474,15.22802424910444,49.77631578947364,6.842105263157889,49.77631578947364,6.842105263157889,0.761401212455222,0.08552631578947362,True,15,1,3,3,"fly (3,1)",0.20000000000000018,0.13085738539905378,0.010780984719872322,0.13130074236273995,0.6565037118136992,-0.05390492359936156,49.73526555654246,1.6663642786912096,-0.12594101998085244,6.836462619456007,-0.0074096114913180175,-0.01731148040973927,0.013782246745855842,0.06891123372927915,0.17766585928559483
19,3.8,727.7814569536424,710.3576158940398,720,705,16,12,144.78145695364242,15.1603619846746,49.64238410596022,6.823695409753982,49.64238410596022,6.823695409753982,0.75801809923373,0.08529619262192477,True,15,1,3,3,"fly (3,1)",0.19999999999999973,-0.6461746253049796,0.1339316835134241,0.6599085862729555,3.2995429313647815,-0.6696584175671214,49.70646005584755,1.6196688158498642,-0.14402750347452828,6.832503100460144,-0.09204926701953843,-0.01979759497931615,0.0701220702070823,0.350610351035412,0.17252347282855662
20,4.0,727.952380952381,710.2993197278912,721,705,15,12,144.95238095238096,15.17825978558963,49.7006802721088,6.831708628468563,49.7006802721088,6.831708628468563,0.7589129892794815,0.08539635785585704,True,15,1,3,3,"fly (3,1)",0.20000000000000018,0.17092399873854447,-0.05829616614857969,0.18059196087422263,0.9029598043711123,0.29148083074289816,49.62592886676373,1.6815564195310826,-0.40265594541911787,6.821433521204636,0.04006609357290799,-0.05534789627754224,0.019609766744195765,0.09804883372097874,0.18790332948334623
21,4.2,727.9236111111111,710.4652777777778,721,705,15,12,144.9236111111111,15.175247236765559,49.53472222222217,6.808896525391364,49.53472222222217,6.808896525391364,0.7587623618382779,0.08511120656739204,True,15,1,3,3,"fly (3,1)",0.20000000000000018,-0.02876984126987736,0.1659580498866262,0.16843330457147082,0.8421665228573534,-0.8297902494331303,49.61314311332285,0.6986258655193351,-0.06392876720440192,6.8196760293227285,-0.11406051538599628,-0.008787459409539025,0.02301016073872962,0.11505080369364801,0.08702326927730343
22,4.4,727.9127516778524,710.3959731543624,721,705,16,12,144.91275167785238,15.174110123335328,49.60402684563758,6.818422934108258,49.60402684563758,6.818422934108258,0.7587055061667665,0.08523028667635323,True,15,1,3,3,"fly (3,1)",0.20000000000000018,-0.010859433258701756,-0.06930462341540533,0.07015025386590804,0.35075126932953987,0.3465231170770263,49.576861934184535,0.5708811598521704,-0.18140589569156862,6.8146889256611045,0.04763204358447122,-0.02493551830812012,0.009594034083456725,0.04797017041728358,0.07257083290691888
23,4.6,727.8095238095239,710.4081632653061,721,705,15,12,144.80952380952385,15.16330092246323,49.59183673469386,6.816747317483691,49.59183673469386,6.816747317483691,0.7581650461231615,0.08520934146854614,True,15,1,3,3,"fly (3,1)",0.1999999999999993,-0.10322786832853126,0.012190110943720356,0.10394513747392321,0.5197256873696179,-0.060950554718601994,49.52613797196731,0.7130852730157847,-0.2536198110861201,6.807716559720593,-0.008378083122835308,-0.034861829702559334,0.010938304921964964,0.054691524609825015,0.08831323113409145
24,4.8,727.9530201342282,710.6174496644295,721,705,15,12,144.95302013422815,15.178326715625985,49.3825503355705,6.787979427569828,49.3825503355705,6.787979427569828,0.7589163357812992,0.08484974284462285,True,15,1,3,3,"fly (3,1)",0.20000000000000018,0.14349632470430151,0.20928639912335711,0.25375577246963954,1.2687788623481966,-1.0464319956167847,49.42910408011081,0.7427991478392214,-0.4851694592825117,6.794378567712826,-0.1438394495693139,-0.06668996003883408,0.032455599675033184,0.16227799837516577,0.09083066202723777
25,5.0,728.0068027210884,710.6870748299319,721,705,15,12,145.00680272108843,15.183958400113973,49.31292517006807,6.778408958084958,49.31292517006807,6.778408958084958,0.7591979200056986,0.08473011197606198,True,15,1,3,3,"fly (3,1)",0.20000000000000018,0.05378258686027948,0.06962516550242981,0.08797857875997003,0.43989289379984975,-0.3481258275121487,49.375343687064706,0.9382638179167077,-0.2688019652305227,6.786988822964221,-0.04785234742435303,-0.036948723743025824,0.011104492619344517,0.055522463096722534,0.1149719451145228
26,5.2,727.8194444444445,710.5694444444445,721,705,15,12,144.81944444444446,15.164339732402562,49.43055555555554,6.794578083237876,49.43055555555554,6.794578083237876,0.758216986620128,0.08493222604047344,True,15,1,3,3,"fly (3,1)",0.20000000000000018,-0.18735827664397675,-0.11763038548747318,0.22122393952041552,1.1061196976020766,0.5881519274373653,49.39449357520789,0.8148255480946615,0.09574944071592494,6.789621109994212,0.08084562576458947,0.013161435149955368,0.025423074774336044,0.1271153738716801,0.09227059142452036
27,5.4,727.64,710.56,720,705,16,12,144.64,15.145549738219893,49.440000000000055,6.795876288659802,49.440000000000055,6.795876288659802,0.7572774869109947,0.08494845360824752,True,15,1,3,3,"fly (3,1)",0.20000000000000018,-0.17944444444447072,-0.009444444444511646,0.1796928105764118,0.8984640528820581,0.04722222222255819,49.37234480959834,1.0822402312302197,-0.11074382804774192,6.786576606130356,0.006491027109629671,-0.015222519319276576,0.0188347874610317,0.09417393730515843,0.1257692259932036
28,5.6,727.7957746478874,710.7535211267606,721,706,15,11,144.79577464788736,15.16186121967407,49.246478873239425,6.769275446493392,49.246478873239425,6.769275446493392,0.7580930609837034,0.08461594308116739,True,15,1,3,3,"fly (3,1)",0.1999999999999993,0.1557746478873696,0.19352112676062916,0.24842738864130395,1.2421369432065241,-0.9676056338031492,49.31910406885762,1.6587522528239464,-0.2662037037036207,6.779258291251907,-0.13300421083204886,-0.03659157439225085,0.031203673360554334,0.15601836680277223,0.18243918337648468
29,5.8,727.2291666666666,710.7291666666666,720,705,15,12,144.22916666666663,15.102530541012213,49.27083333333337,6.772623138602525,49.27083333333337,6.772623138602525,0.7551265270506107,0.08465778923253156,True,15,1,3,3,"fly (3,1)",0.20000000000000018,-0.5666079812207272,-0.024354460093945818,0.567131152476652,2.8356557623832574,0.12177230046972898,49.39919477180543,2.352776802575858,0.400453514739068,6.790267322584938,0.01673846054566662,0.05504515666516304,0.05942504920430474,0.29712524602152346,0.2715280251725418
30,6.0,726.795918367347,710.3197278911565,720,705,15,12,143.79591836734699,15.057164226947329,49.680272108843496,6.8289033826589,49.680272108843496,6.8289033826589,0.7528582113473664,0.08536129228323625,True,15,1,3,3,"fly (3,1)",0.20000000000000018,-0.4332482993196436,-0.4094387755101252,0.5961075404275592,2.9805377021377932,2.047193877550624,49.50524376417233,2.132804202103613,0.5302449618344928,6.8048445036663,0.28140122028187137,0.07288590540680308,0.07228809253866601,0.36144046269332974,0.24612207760576207
31,6.2,726.7823129251701,710.4353741496599,720,705,15,12,143.78231292517012,15.055739573316243,49.56462585034012,6.813006989737474,49.56462585034012,6.813006989737474,0.7527869786658121,0.08516258737171842,True,15,1,3,3,"fly (3,1)",0.20000000000000018,-0.013605442176867655,0.11564625850337507,0.1164438283579578,0.5822191417897885,-0.5782312925168748,49.56881214024069,1.4949867079245431,0.31784188034180233,6.813582424775352,-0.07948196460712868,0.04368960554526508,0.015960104820486595,0.07980052410243291,0.18272005447222536
32,6.4,726.6293706293707,710.5384615384615,720,705,15,12,143.62937062937067,15.03972467323253,49.46153846153845,6.798836901929684,49.46153846153845,6.798836901929684,0.7519862336616265,0.08498546127412106,True,15,1,3,3,"fly (3,1)",0.20000000000000018,-0.1529422957994484,0.10308738880166857,0.18444065596920967,0.9222032798460476,-0.5154369440083424,49.55067155067153,2.330286091667762,-0.0907029478457831,6.8110888729445405,-0.07085043903894743,-0.012467759154059144,0.021383835324182702,0.10691917662091341,0.25528504612284847
33,6.6,727.7142857142858,710.374149659864,721,705,15,12,144.71428571428578,15.153328347045631,49.625850340136026,6.821422727166464,49.625850340136026,6.821422727166464,0.7576664173522816,0.0852677840895808,True,15,1,3,3,"fly (3,1)",0.1999999999999993,1.0849150849151101,-0.164311878597573,1.0972871706734861,5.48643585336745,0.821559392987868,49.94579626722483,10.151527801364297,1.9756235827664639,6.865401548759427,0.11292912618389868,0.2715633790744279,0.11582708752903939,0.579135437645199,1.084407150346338
34,6.8,732.390243902439,709.25,725,704,17,12,149.390243902439,15.642957476695184,50.75,6.975945017182131,50.75,6.975945017182131,0.7821478738347593,0.08719931271477663,True,15,1,3,3,"fly (3,1)",0.20000000000000018,4.675958188153231,-1.1241496598639742,4.809188854175883,24.045944270879392,5.620748299319866,51.38378684807257,22.124790489692263,7.189952904238713,7.063063484271144,0.7726114500783325,0.9883096775585861,0.5134333673545808,2.5671668367729015,2.4108453241370946
35,7.0,739.1088435374149,706.2244897959183,732,701,16,12,156.10884353741494,16.3464757630801,53.775510204081684,7.3918227084648365,53.775510204081684,7.3918227084648365,0.817323788154005,0.09239778385581045,True,15,1,3,3,"fly (3,1)",0.20000000000000018,6.718599634975931,-3.0255102040816837,7.368398268965997,36.84199134482995,15.127551020408404,53.36665942972934,28.429671137939533,9.914362908283834,7.335623289309875,2.079388456413527,1.362799025193654,0.8172467395986374,4.086233697993183,3.1103645510520788
36,7.2,743.645390070922,704.4255319148937,737,699,15,12,160.64539007092196,16.821506813709107,55.57446808510633,7.639102142282657,55.57446808510633,7.639102142282657,0.8410753406854553,0.09548877677853322,True,15,1,3,3,"fly (3,1)",0.20000000000000018,4.536546533507021,-1.7989578810246485,4.880215559621856,24.40107779810926,8.994789405123235,54.75391433169011,21.94293531164951,6.93627450980386,7.526311248342284,1.2363971690891018,0.9534397951620424,0.5355386236780307,2.677693118390151,2.442507271789093
37,7.4,744.2794117647059,705.0882352941177,738,700,14,12,161.27941176470586,16.887896519864487,54.91176470588232,7.548008894279357,54.91176470588232,7.548008894279357,0.8443948259932244,0.09435011117849196,True,15,1,3,3,"fly (3,1)",0.20000000000000018,0.6340216937838932,0.6627033792240127,0.9171473584018668,4.58573679200933,-3.3135168961200603,55.10893750037784,10.473424545628268,1.7751158434386582,7.575111683900734,-0.45546624001650177,0.24400217779225564,0.11271899979678916,0.5635949989839453,1.1660214046152177
38,7.6,744.7608695652174,705.1594202898551,738,700,14,12,161.76086956521738,16.938310949237422,54.84057971014488,7.53822401514019,54.84057971014488,7.53822401514019,0.846915547461871,0.09422780018925236,True,15,1,3,3,"fly (3,1)",0.1999999999999993,0.4814578005115209,0.07118499573743975,0.48669180935324025,2.43345904676621,-0.3559249786872,54.879280199744436,2.8204828410881366,-1.1482865031670517,7.543543670067964,-0.04892439569583313,-0.15784006916385554,0.051355219294311145,0.25677609647155664,0.32423691469927485
39,7.8,745.0458015267176,705.1145038167939,739,700,13,12,162.04580152671758,16.968146756724355,54.8854961832061,7.544398100784344,54.8854961832061,7.544398100784344,0.8484073378362177,0.0943049762598043,True,15,1,3,3,"fly (3,1)",0.20000000000000018,0.28493196150020594,-0.04491647306122104,0.2884505368977743,1.4422526844888701,0.224582365306105,55.0172778230362,2.1066513610150217,0.6899881164588341,7.562512415537622,0.030870428220768326,0.09484372734829404,0.030467929728464557,0.15233964864232266,0.2438335806800059
40,8.0,744.8333333333334,704.6742424242424,738,699,14,12,161.83333333333337,16.945898778359517,55.32575757575762,7.604915130688333,55.32575757575762,7.604915130688333,0.8472949389179758,0.09506143913360415,True,15,1,3,3,"fly (3,1)",0.20000000000000018,-0.2124681933842112,-0.44026139255151975,0.48884847035799744,2.444242351789985,2.201306962757597,55.180712037301646,1.573407408885234,0.8171710713272274,7.584977599629092,0.3025851495199469,0.11232592045735075,0.06447699938522775,0.3223849969261384,0.1873519122156846
41,8.2,745.0,704.6691176470588,738,699,15,12,162.0,16.963350785340314,55.33088235294122,7.6056195674146005,55.33088235294122,7.6056195674146005,0.8481675392670157,0.0950702445926825,True,15,1,3,3,"fly (3,1)",0.1999999999999993,0.16666666666662877,-0.005124777183596052,0.16674543807536882,0.8337271903768471,0.02562388591798035,55.72252961126943,3.12169545194883,2.709087869838895,7.659454242098891,0.003522183631337063,0.3723832123489885,0.01746621821571849,0.08733109107859276,0.4119182942899686
42,8.4,745.2992700729927,703.4890510948906,738,698,15,12,162.29927007299273,16.994687965758402,56.510948905109444,7.767828028193738,56.510948905109444,7.767828028193738,0.8497343982879201,0.09709785035242173,True,15,1,3,3,"fly (3,1)",0.20000000000000107,0.29927007299272645,-1.1800665521682276,1.2174233627359383,6.087116813679659,5.900332760841107,56.369651515240626,3.7619387621234375,3.2356095198559784,7.748405706562285,0.8110423038956817,0.44475732231697235,0.16520775897303583,0.8260387948651747,0.49368470493336325
43,8.6,744.8630136986301,702.7328767123288,738,697,15,13,161.86301369863008,16.94900667001362,57.26712328767121,7.871769524078517,57.26712328767121,7.871769524078517,0.8474503335006811,0.09839711905098146,True,15,1,3,3,"fly (3,1)",0.1999999999999993,-0.4362563743626424,-0.7561743825617668,0.8729944564627585,4.364972282313808,3.7808719128088475,56.88204258277873,4.208097819865256,2.5619553376905415,7.818837468423194,0.5197074794238984,0.3521588093045418,0.11353684577126405,0.5676842288563223,0.5607846656105472
44,8.8,745.0347222222222,703.1319444444445,738,698,15,12,162.03472222222217,16.966986620127976,56.86805555555554,7.816914852997326,56.86805555555554,7.816914852997326,0.8483493310063988,0.09771143566246657,True,15,1,3,3,"fly (3,1)",0.20000000000000107,0.17170852359208766,0.39906773211566815,0.4344408727204626,2.1722043636023014,-1.99533866057833,56.998763318112616,2.3068987085597072,0.5836036766694106,7.834881555754311,-0.27427335540595477,0.08022043665558956,0.057726194622029214,0.2886309731101445,0.29886438872569704
45,9.0,744.9583333333334,703.1388888888889,738,698,15,12,161.95833333333337,16.958987783595116,56.861111111111086,7.815960290187091,56.861111111111086,7.815960290187091,0.8479493891797558,0.09769950362733863,True,15,1,3,3,"fly (3,1)",0.1999999999999993,-0.07638888888880047,0.006944444444457076,0.0767038959526024,0.3835194797630133,-0.034722222222285506,56.80241628614916,1.2612916782901322,-0.9817351598172738,7.807892273010194,-0.004772814051174929,-0.13494641372058805,0.008055592842124848,0.04027796421062438,0.1603858926057312
46,9.2,744.7945205479452,703.3219178082192,738,698,15,12,161.79452054794524,16.941834612350288,56.678082191780845,7.790801675846164,56.678082191780845,7.790801675846164,0.8470917306175143,0.09738502094807705,True,15,1,3,3,"fly (3,1)",0.1999999999999993,-0.1638127853881315,0.18302891933024057,0.24563023830101563,1.2281511915050825,-0.9151445966512061,56.7908422120751,0.905064832278447,-0.05787037037028856,7.806301334993141,-0.1257930717046345,-0.007954690085263732,0.03044974809928483,0.15224874049642467,0.10905889581601963
47,9.4,744.9513888888889,703.1666666666666,738,698,15,12,161.9513888888889,16.95826061663758,56.83333333333337,7.812142038946168,56.83333333333337,7.812142038946168,0.8479130308318791,0.0976517754868271,True,15,1,3,3,"fly (3,1)",0.20000000000000107,0.1568683409436744,-0.15525114155252595,0.22070476511345044,1.1035238255672464,0.7762557077626256,56.771410808840905,0.8728848884479135,-0.09715701617097039,7.803630351730708,0.10670181550001821,-0.013354916312161555,0.026929996548202113,0.13464998274100984,0.10662600069310613
48,9.6,745.0,703.1971830985915,738,698,15,12,162.0,16.963350785340314,56.802816901408505,7.807947340399794,56.802816901408505,7.807947340399794,0.8481675392670157,0.09759934175499743,True,15,1,3,3,"fly (3,1)",0.1999999999999993,0.04861111111108585,0.030516431924866083,0.05739592965428228,0.2869796482714124,-0.15258215962433097,56.92264439349276,1.1275721183785656,0.7561679232592603,7.824418473332337,-0.0209734927318684,0.10394060800814632,0.006595855768376758,0.03297927884188391,0.1408414217567087
49,9.8,744.7751937984497,702.8682170542636,738,698,14,11,161.77519379844966,16.93981086894761,57.131782945736404,7.853166040651052,57.131782945736404,7.853166040651052,0.8469905434473805,0.09816457550813815,True,15,1,3,3,"fly (3,1)",0.20000000000000107,-0.22480620155033648,-0.328966044327899,0.39844257625940993,1.992212881297039,1.6448302216394863,56.967299923572455,1.1395962647842253,0.7461240310075776,7.830556690525423,0.22609350125628916,0.10256000426221037,0.05097900073744675,0.2548950036872324,0.14393714126455814
0,0.0,715.9184782608695,188.03804347826087,711,178,11,22,132.9184782608695,13.918165262918272,571.9619565217391,78.62020020917376,571.9619565217391,78.62020020917376,0.6959082631459137,0.9827525026146721,True,16,2,3,3,"fly (3,2)",,,,,,,571.9381975122064,0.18130126386331116,-0.11879504766341142,78.61693436593903,,-0.016329216173645023,,,0.021732837497684072
1,0.2,715.9732620320856,188.0855614973262,711,178,11,22,132.9732620320856,13.923901783464459,571.9144385026738,78.6136685227043,571.9144385026738,78.6136685227043,0.6961950891732229,0.9826708565338037,True,16,2,3,3,"fly (3,2)",0.2,0.05478377121607991,0.04751801906533615,0.07252050554532447,0.3626025277266223,-0.23759009532682285,571.8808997907463,0.37200952363043344,-0.32608695652167324,78.6090583904806,-0.032658432347290045,-0.04482294935006811,0.00869313499907363,0.043465674995368145,0.04876572923050987
2,0.4,715.945652173913,188.2336956521739,711,178,11,22,132.945652173913,13.921010698839059,571.7663043478261,78.59330643956372,571.7663043478261,78.59330643956372,0.6960505349419529,0.9824163304945466,True,16,2,3,3,"fly (3,2)",0.2,-0.02760985817258188,0.1481341548476962,0.15068520863293558,0.7534260431646779,-0.7406707742381968,571.7993780516159,0.4540329397367904,-0.40760869565228103,78.59785265314308,-0.10181041570291427,-0.05602868668757329,0.020566302539232296,0.10283151269616148,0.060011535604807924
3,0.6,715.9510869565217,188.2826086956522,711,178,11,22,132.95108695652175,13.92157978602322,571.7173913043478,78.58658299716122,571.7173913043478,78.58658299716122,0.696078989301161,0.9823322874645151,True,16,2,3,3,"fly (3,2)",0.19999999999999996,0.005434782608745081,0.048913043478279405,0.04921404966381419,0.24607024831907098,-0.2445652173918234,571.7564699792961,0.47873148239799374,-0.2145403615992337,78.59195463632936,-0.03361721201251556,-0.02949008406863149,0.006747483824578826,0.03373741912289414,0.06383031066148803
4,0.8,716.0054945054945,188.21428571428572,711,178,11,22,133.00549450549454,13.92727691157011,571.7857142857142,78.59597447226312,571.7857142857142,78.59597447226312,0.6963638455785054,0.982449680903289,True,16,2,3,3,"fly (3,2)",0.20000000000000007,0.05440754897279021,-0.06832298136646386,0.08733963114204647,0.43669815571023224,0.3416149068323192,571.7584426040947,0.2634073826846332,0.009863123993530523,78.59222578750443,0.04695737550953537,0.0013557558754229073,0.010984400033081704,0.054922000165408505,0.03380478756856426
5,1.0,716.0222222222222,188.2277777777778,711,178,11,22,133.02222222222224,13.929028504944737,571.7722222222222,78.59411989308897,571.7722222222222,78.59411989308897,0.6964514252472369,0.9824264986636121,True,16,2,3,3,"fly (3,2)",0.19999999999999996,0.01672771672770068,0.013492063492066109,0.0214907488049193,0.10745374402459651,-0.06746031745990423,571.7390923890924,0.37297530138101137,-0.09675107501190428,78.5895659641364,-0.009272895870751087,-0.013299116840149366,0.0025509886834780273,0.01275494341739014,0.048696270857490453
6,1.2,716.0439560439561,188.34065934065933,711,178,11,22,133.0439560439561,13.93130429779645,571.6593406593406,78.57860352705713,571.6593406593406,78.57860352705713,0.6965652148898225,0.9822325440882141,True,16,2,3,3,"fly (3,2)",0.19999999999999996,0.021733821733846526,0.11288156288154028,0.11495480088164109,0.5747740044082056,-0.5644078144081278,571.7222326722327,0.4050811942369535,-0.08429858429849446,78.58724847728284,-0.07758183015923238,-0.011587434267828675,0.015682373797934544,0.07841186898967274,0.0521298180012885
7,1.4,716.1189189189189,188.26486486486488,711,178,11,22,133.1189189189189,13.939153813499361,571.7351351351351,78.58902201170243,571.7351351351351,78.58902201170243,0.696957690674968,0.9823627751462802,True,16,2,3,3,"fly (3,2)",0.19999999999999996,0.07496287496280729,-0.07579447579445286,0.10660316685561166,0.5330158342780584,0.37897237897254865,571.6775912222721,0.5352159232053998,-0.22320724980299156,78.58111219550132,0.052092423226497445,-0.03068140890763495,0.013044528319360519,0.0652226415968026,0.070428746363926
8,1.6,716.0957446808511,188.36170212765958,711,178,11,22,133.0957446808511,13.936727191712158,571.6382978723404,78.57571104774439,571.6382978723404,78.57571104774439,0.696836359585608,0.9821963880968049,True,16,2,3,3,"fly (3,2)",0.20000000000000018,-0.023174238067781516,0.09683726279470761,0.0995715861859872,0.4978579309299356,-0.4841863139733955,571.6227046195131,0.6264801936073201,-0.2744330137947295,78.57356764529389,-0.06655481979016992,-0.03772275103706589,0.013530345701060549,0.06765172850530268,0.08078228612747111
9,1.8,716.0053191489362,188.50531914893617,711,178,11,22,133.00531914893622,13.92725854962683,571.4946808510638,78.55596987643489,571.4946808510638,78.55596987643489,0.6963629274813414,0.981949623455436,True,16,2,3,3,"fly (3,2)",0.19999999999999996,-0.09042553191488878,0.14361702127658305,0.16971336312279325,0.8485668156139664,-0.7180851063833417,571.5293350594769,0.5282827280439372,-0.46684780018116107,78.56073334150885,-0.0987058565475252,-0.06417151892525415,0.021894497656061603,0.10947248828030805,0.0692341428481292
10,2.0,715.978835978836,188.54497354497354,711,178,11,22,132.97883597883595,13.924485442810047,571.4550264550264,78.55051910034727,571.4550264550264,78.55051910034727,0.6962242721405023,0.9818814887543409,True,16,2,3,3,"fly (3,2)",0.19999999999999996,-0.026483170100277675,0.03965439603737764,0.04768468751758192,0.23842343758790965,-0.19827198018674613,571.4184689293185,0.6260051121481709,-0.5543306507919016,78.54549401090289,-0.02725388043806732,-0.07619665302982524,0.006115642351755373,0.030578211758776872,0.0820881719092839
11,2.2,716.0310880829015,188.69430051813472,711,178,11,23,133.03108808290153,13.929956867319532,571.3056994818653,78.5299930559265,571.3056994818653,78.5299930559265,0.6964978433659766,0.9816249131990813,True,16,2,3,3,"fly (3,2)",0.20000000000000018,0.052252104065587446,0.14932697316118038,0.1582050166485275,0.7910250832426369,-0.746634865805617,571.3539337352363,0.39053332198138974,-0.32267597041103097,78.5366231938469,-0.10263022210388319,-0.04435408527989179,0.021242763137753373,0.10621381568876677,0.0506062393529916
12,2.4,716.0591397849462,188.69892473118279,711,178,11,22,133.05913978494618,13.932894218318973,571.3010752688172,78.52935742526695,571.3010752688172,78.52935742526695,0.6966447109159486,0.9816169678158371,True,16,2,3,3,"fly (3,2)",0.19999999999999973,0.028051702044649574,0.00462421304806071,0.02843028902272455,0.14215144511362293,-0.023121065240729908,570.4617177096869,7.8609427955989135,-4.461080127746675,78.41398181576453,-0.003178153297724866,-0.6132068904119113,0.003005338122286228,0.015026690611431161,0.9151550548512959
13,2.6,719.8216216216216,191.22162162162164,715,181,11,22,136.8216216216216,14.326871373991791,568.7783783783784,78.18259496610013,568.7783783783784,78.18259496610013,0.7163435686995896,0.9772824370762516,True,16,2,3,3,"fly (3,2)",0.20000000000000018,3.76248183667542,2.5226968904388514,4.5299303716881,22.649651858440482,-12.613484452193678,567.7134090426194,18.841961902993994,-13.741543335337203,78.03620742853876,-1.7338122958341258,-1.8888719361288047,0.5248449316507384,2.6242246582536897,2.3311272236822713
14,2.8,723.4033149171271,196.939226519337,719,187,10,21,140.4033149171271,14.70191779236933,563.060773480663,77.39666989424921,563.060773480663,77.39666989424921,0.7350958896184664,0.967458373678115,True,16,2,3,3,"fly (3,2)",0.19999999999999973,3.581693295505488,5.7176048977153755,6.746816481085566,33.73408240542788,-28.5880244885772,564.8648622138834,19.93595610825319,-14.242734143680698,77.64465459984652,-3.9296253592545636,-1.9577641434612296,0.8708260644363374,4.3541303221816925,2.4539374282636865
15,3.0,724.0163043478261,197.2445652173913,719,187,11,22,141.01630434782612,14.766105167311636,562.7554347826087,77.35469893919021,562.7554347826087,77.35469893919021,0.7383052583655818,0.9669337367398776,True,16,2,3,3,"fly (3,2)",0.20000000000000018,0.6129894306990309,0.3053386980542996,0.6848268121782446,3.42413406089122,-1.5266934902712124,562.7692761250013,12.833536001498286,-10.477930444410894,77.3566015292098,-0.20985477529499955,-1.440265353183607,0.07669146087113539,0.3834573043556766,1.6402568052340436
16,3.2,723.9664804469273,197.50837988826817,719,187,11,22,140.96648044692733,14.760888004913857,562.4916201117319,77.31843575418996,562.4916201117319,77.31843575418996,0.7380444002456928,0.9664804469273743,True,16,2,3,3,"fly (3,2)",0.20000000000000018,-0.04982390089878663,0.2638146708768545,0.26847830763515174,1.3423915381757574,-1.3190733543842714,562.5249128367199,1.9100381529426398,-1.2218164414063415,77.32301207377594,-0.18131592500125732,-0.16794727716925206,0.03663655783295235,0.1831827891647616,0.23039116445643748
17,3.4,724.0677966101695,197.6723163841808,719,188,11,21,141.06779661016947,14.771497027242876,562.3276836158192,77.29590152794766,562.3276836158192,77.29590152794766,0.7385748513621438,0.9661987690993457,True,16,2,3,3,"fly (3,2)",0.19999999999999973,0.10131616324213155,0.1639364959126226,0.1927177719521881,0.9635888597609418,-0.8196824795635405,562.3811086913065,0.8168653557145191,-0.719020727066777,77.30324518093562,-0.11267113121149934,-0.09883446420163959,0.024906679969774814,0.12453339984887424,0.10764889460952119
18,3.6,724.0391061452514,197.6759776536313,719,188,11,21,141.03910614525137,14.768492790078676,562.3240223463687,77.29539826066923,562.3240223463687,77.29539826066923,0.7384246395039339,0.9661924782583654,True,16,2,3,3,"fly (3,2)",0.20000000000000018,-0.02869046491809968,0.0036612694505038235,0.0289231338413717,0.14461566920685837,-0.0183063472525191,562.0285906320846,1.9812213097891151,-1.7625902961098465,77.25478909032091,-0.0025163363921620863,-0.2422804530735337,0.0030460989629855443,0.015230494814927708,0.2609049506012366
19,3.8,724.4175824175825,198.56593406593407,720,188,10,22,141.41758241758248,14.808123813359423,561.434065934066,77.17306748234584,561.434065934066,77.17306748234584,0.7404061906679711,0.964663343529323,True,16,2,3,3,"fly (3,2)",0.19999999999999973,0.37847627233111325,0.8899564123027801,0.9670918800799079,4.835459400399546,-4.44978206151348,561.0563997971818,5.6921560609635256,-4.860954174513569,77.12115461129649,-0.6116538916169397,-0.6681723951221602,0.12859019142798137,0.6429509571399077,0.737473804698643
20,4.0,725.7444444444444,200.5888888888889,721,191,11,21,142.7444444444444,14.947062245491562,559.411111111111,76.89499809087437,559.411111111111,76.89499809087437,0.7473531122745781,0.9611874761359296,True,16,2,3,3,"fly (3,2)",0.20000000000000018,1.3268620268619316,2.02295482295483,2.4192786226568366,12.096393113284172,-10.11477411477471,559.9973565668481,6.198338159791174,-5.295216151669137,76.97558165867328,-1.3903469573573788,-0.7278647631160357,0.310847992428219,1.5542399621410936,0.8024517964526381
21,4.2,725.542372881356,200.85310734463278,721,191,10,21,142.54237288135596,14.925902919513714,559.1468926553672,76.85867940279961,559.1468926553672,76.85867940279961,0.7462951459756857,0.9607334925349952,True,16,2,3,3,"fly (3,2)",0.20000000000000018,-0.20207156308845242,0.2642184557438725,0.3326323931379611,1.663161965689804,-1.3210922787192192,555.4422632978819,25.197630823652105,-22.775466344830477,76.34945199970888,-0.18159344037378827,-3.1306482948220538,0.04203289401538262,0.2101644700769129,3.3285082909967483
22,4.4,730.3872832369942,212.23121387283237,726,202,10,21,147.38728323699422,15.43322337560149,547.7687861271677,75.29467850545261,547.7687861271677,75.29467850545261,0.7716611687800745,0.9411834813181575,True,16,2,3,3,"fly (3,2)",0.20000000000000018,4.8449103556382624,11.378106528199595,12.366667478396478,61.83333739198233,-56.8905326409975,547.5306597868565,41.386859437557774,-39.55801755512734,75.26194636245451,-7.8200044867349945,-5.437528186271794,1.6442240881544494,8.22112044077224,5.58612266709175
23,4.6,731.3757225433526,224.32369942196533,726,215,12,20,148.3757225433526,15.536724873649487,535.6763005780347,73.6324811791113,535.6763005780347,73.6324811791113,0.7768362436824743,0.9204060147388912,True,16,2,3,3,"fly (3,2)",0.1999999999999993,0.988439306358373,12.09248554913296,12.132815791000194,60.66407895500119,-60.462427745665295,538.0782864774917,49.12366333157325,-47.26186654682413,73.96265106219818,-8.3109866317066,-6.496476501281646,1.6654166180852141,8.3270830904261,6.647315329912261
24,4.8,730.4431818181818,229.21022727272728,726,219,10,21,147.44318181818176,15.4390766301761,530.7897727272727,72.96079350203063,530.7897727272727,72.96079350203063,0.771953831508805,0.9120099187753827,True,16,2,3,3,"fly (3,2)",0.20000000000000018,-0.9325407251708384,4.886527850761951,4.974714729547249,24.873573647736222,-24.43263925380959,530.7305958636739,37.57851877176222,-36.738453069089076,72.95265922524727,-3.358438385403343,-5.049959184754521,0.6787484917076894,3.3937424585384437,5.117761440115557
25,5.0,728.4571428571428,234.27428571428572,724,224,10,21,145.4571428571428,15.23111443530291,525.7257142857143,72.2647029945999,525.7257142857143,72.2647029945999,0.7615557217651455,0.9033087874324988,True,16,2,3,3,"fly (3,2)",0.20000000000000018,-1.9860389610389575,5.064058441558444,5.439580742509853,27.19790371254924,-25.320292207792342,523.1660486575082,38.818044541247254,-37.82273603082858,71.91285892199426,-3.4804525371536212,-5.1990015162650804,0.7264917542764258,3.6324587713821255,5.279222132749699
26,5.2,730.3063583815028,247.01734104046244,726,237,10,21,147.30635838150283,15.424749568743753,512.9826589595375,70.51308026935224,512.9826589595375,70.51308026935224,0.7712374784371876,0.8814135033669029,True,16,2,3,3,"fly (3,2)",0.20000000000000018,1.8492155243600337,12.743055326176716,12.876531252691267,64.38265626345628,-63.71527663088381,515.3957203746799,40.31313900024879,-38.851641414141376,70.84477256009346,-8.758113626238277,-5.340431809503978,1.7622930336657072,8.811465168328528,5.4584555297573445
27,5.4,728.260606060606,252.5212121212121,724,243,10,20,145.26060606060605,15.210534666032046,507.4787878787879,69.75653441632824,507.4787878787879,69.75653441632824,0.7605267333016024,0.8719566802041029,True,16,2,3,3,"fly (3,2)",0.20000000000000018,-2.0457523208967814,5.503871080749661,5.87177140494817,29.358857024740825,-27.519355403747998,509.19598428747395,31.848077922168248,-30.99868043602979,69.99257515979023,-3.782729265120036,-4.260987001516125,0.7862885299122769,3.9314426495613812,4.3294457415171115
28,5.6,728.3373493975904,252.8734939759036,724,243,10,21,145.3373493975904,15.218570617548734,507.1265060240964,69.70811079369022,507.1265060240964,69.70811079369022,0.7609285308774366,0.8713513849211278,True,16,2,3,3,"fly (3,2)",0.1999999999999993,0.07674333698435021,0.35228185469151185,0.3605440956615224,1.8027204783076185,-1.7614092734575655,507.2596488658317,10.559250876686567,-9.681677108211199,69.72641221523459,-0.24211811319006046,-1.3308147227781808,0.04908588133228462,0.245429406661424,1.4116183795331378
29,5.8,728.245508982036,252.82634730538922,724,243,10,21,145.24550898203597,15.208953820108478,507.1736526946108,69.71459143568534,507.1736526946108,69.71459143568534,0.760447691005424,0.8714323929460667,True,16,2,3,3,"fly (3,2)",0.20000000000000018,-0.09184041555442946,-0.04714667051439392,0.10323502540224955,0.5161751270112472,0.23573335257196937,506.97553183343877,1.7559437954438184,-1.4205851619645211,69.68735832762046,0.03240320997555554,-0.19526943807072505,0.011596616475321652,0.05798308237660821,0.23225001382451604
30,6.0,728.4655172413793,253.3735632183908,724,244,11,20,145.4655172413793,15.231991334175843,506.6264367816092,69.6393727534858,506.6264367816092,69.6393727534858,0.7615995667087921,0.8704921594185725,True,16,2,3,3,"fly (3,2)",0.20000000000000018,0.2200082593433308,0.5472159130015939,0.5897871562025154,2.9489357810125747,-2.7360795650079672,506.79447426985104,1.3402408660635634,-0.9052878179384525,69.6624706900139,-0.37609341099766846,-0.12443818803276989,0.07866751048710326,0.39333755243551594,0.17086118511497658
31,6.2,728.3630952380952,253.41666666666669,724,244,10,20,145.36309523809518,15.22126651707803,506.5833333333333,69.63344788087056,506.5833333333333,69.63344788087056,0.7610633258539015,0.870418098510882,True,16,2,3,3,"fly (3,2)",0.20000000000000018,-0.10242200328411855,0.04310344827587187,0.1111223380333709,0.5556116901668541,-0.21551724137935915,506.52969348659,1.508668085007164,-1.323903916305368,69.62607470606048,-0.029624363076194954,-0.1819799197670832,0.01225258410656112,0.06126292053280554,0.19830984103740393
32,6.4,728.3735632183908,253.6206896551724,724,244,10,21,145.3735632183908,15.222362640669195,506.37931034482756,69.60540348382509,506.37931034482756,69.60540348382509,0.7611181320334598,0.8700675435478137,True,16,2,3,3,"fly (3,2)",0.20000000000000018,0.010467980295629786,0.2040229885057272,0.20429135676841,1.0214567838420492,-1.0201149425287772,506.28855799373036,1.3196087823567901,-1.2056774642981836,69.5929289338461,-0.14022198522738438,-0.165728861071913,0.028065810028778088,0.14032905014389033,0.17632024549167405
33,6.6,728.3818181818182,254.0969696969697,724,245,10,20,145.38181818181818,15.223227034745358,505.9030303030303,69.53993543684265,505.9030303030303,69.53993543684265,0.761161351737268,0.8692491929605332,True,16,2,3,3,"fly (3,2)",0.1999999999999993,0.008254963427361872,0.47628004179728123,0.4763515746122889,2.381757873061453,-2.3814002089864146,505.9536641110837,1.920609711111326,-1.674469413233436,69.54689541045823,-0.32734023491215797,-0.23016761693931273,0.06547375315966503,0.3273687657983263,0.25126786885326324
34,6.8,728.0393258426966,254.42134831460675,723,245,11,20,145.0393258426966,15.187363962586032,505.57865168539325,69.49534731070698,505.57865168539325,69.49534731070698,0.7593681981293016,0.8686918413838373,True,16,2,3,3,"fly (3,2)",0.20000000000000018,-0.34249233912157706,0.324378617637052,0.47172289528609285,2.358614476430462,-1.6218930881851166,505.7027062566776,1.861343126162098,-1.2547892720306233,69.51239948545395,-0.22294063067839412,-0.1724796250213728,0.05722115812351466,0.286105790617573,0.2347805311103488
35,7.0,728.2011494252873,254.3735632183908,723,245,11,20,145.20114942528733,15.204308840344222,505.6264367816092,69.50191570881226,505.6264367816092,69.50191570881226,0.7602154420172111,0.8687739463601533,True,16,2,3,3,"fly (3,2)",0.20000000000000018,0.1618235825907277,-0.0477850962159323,0.16873140579887308,0.8436570289943647,0.23892548107966127,505.56836282233417,1.3030248672536855,-0.6717171717171286,69.4939330339978,0.03284199052643541,-0.09233225728072185,0.018173407383029413,0.09086703691514698,0.1566536749838864
36,7.2,728.264367816092,254.5,723,245,11,20,145.26436781609198,15.21092856713005,505.5,69.48453608247422,505.5,69.48453608247422,0.7605464283565025,0.8685567010309279,True,16,2,3,3,"fly (3,2)",0.20000000000000018,0.06321839080464997,0.12643678160918626,0.14136061926724328,0.7068030963362157,-0.6321839080459307,505.5383577150819,0.6090204675898171,-0.1500255362614665,69.4898086206298,-0.08689813169020502,-0.020622066840067156,0.018597639483787863,0.09298819741893924,0.07108577732061863
37,7.4,728.2102272727273,254.51136363636363,723,245,11,21,145.21022727272725,15.205259400285577,505.4886363636364,69.48297407060294,505.4886363636364,69.48297407060294,0.7602629700142788,0.8685371758825368,True,16,2,3,3,"fly (3,2)",0.20000000000000018,-0.05414054336472418,0.011363636363626028,0.05532025548777141,0.2766012774388568,-0.056818181818130094,505.53906926406927,0.5630219836026117,0.003557744937079684,69.48990642805076,-0.007810059356430081,0.0004890371047608505,0.0058804195255539385,0.029402097627769665,0.07301465305569899
38,7.6,728.2285714285714,254.37142857142857,723,245,11,20,145.2285714285714,15.20718025430067,505.62857142857143,69.50220913107512,505.62857142857143,69.50220913107512,0.7603590127150335,0.8687776141384389,True,16,2,3,3,"fly (3,2)",0.1999999999999993,0.01834415584414728,-0.13993506493505947,0.14113231540654916,0.7056615770327483,0.6996753246752998,504.2976899537245,6.861445016891548,-6.206896551724121,69.31927009673188,0.09617530236091944,-0.8531816565943725,0.019330732824077546,0.09665366412038807,0.9336892963963939
39,7.8,728.9540229885058,258.2241379310345,724,249,11,20,145.9540229885058,15.283143768429928,501.7758620689655,68.9726270885176,501.7758620689655,68.9726270885176,0.7641571884214964,0.86215783860647,True,16,2,3,3,"fly (3,2)",0.20000000000000018,0.7254515599344131,3.8527093596059103,3.920414439240609,19.602072196203025,-19.263546798029534,502.16511419614864,11.37274574001867,-10.662878787878741,69.02613253555309,-2.6479102127876053,-1.4656878058939773,0.5350024254882052,2.6750121274410237,1.5493153977075542
40,8.0,729.6022727272727,260.9090909090909,725,251,11,21,146.60227272727275,15.351023322227514,499.0909090909091,68.60356138706655,499.0909090909091,68.60356138706655,0.7675511661113756,0.8575445173383318,True,16,2,3,3,"fly (3,2)",0.20000000000000018,0.6482497387669355,2.684952978056401,2.762100689364046,13.810503446820219,-13.424764890281994,499.6128937574114,13.090217501791974,-12.761102193686511,68.67531185668885,-1.8453285072552446,-1.7541033943211677,0.37525608031225055,1.876280401561251,1.7805169787416277
41,8.2,729.9494382022472,262.0280898876405,725,252,11,21,146.94943820224717,15.387375727983997,497.9719101123595,68.44974709448242,497.9719101123595,68.44974709448242,0.7693687863991998,0.8556218386810301,True,16,2,3,3,"fly (3,2)",0.1999999999999993,0.3471654749744175,1.1189989785495982,1.1716153724705292,5.858076862352666,-5.59499489274801,497.28760640108953,15.70369586116523,-11.62643678160916,68.3556847286721,-0.7690714629206524,-1.598135640083737,0.15805168144452098,0.7902584072226077,1.956132819857
42,8.4,734.4285714285714,265.2,729,256,12,19,151.42857142857144,15.856394913986538,494.8,68.01374570446735,494.8,68.01374570446735,0.7928197456993269,0.8501718213058419,True,16,2,3,3,"fly (3,2)",0.20000000000000107,4.479133226324279,3.1719101123595124,5.488501454864586,27.442507274322786,-15.859550561797477,493.23495700207144,27.070716332276593,-20.26324699509059,67.79861951918508,-2.1800069500753123,-2.785326047435134,0.6403719301574317,3.2018596507871413,3.3702852207245826
43,8.6,739.8994413407821,273.0670391061452,734,264,13,19,156.89944134078212,16.429260873380326,486.9329608938548,66.93236575860547,486.9329608938548,66.93236575860547,0.8214630436690163,0.8366545719825683,True,16,2,3,3,"fly (3,2)",0.1999999999999993,5.470869912210674,7.867039106145228,9.58231297203083,47.91156486015432,-39.33519553072628,485.3044295875691,47.386355261783386,-39.65263707251163,66.7085126580851,-5.406899729309435,-5.450534305499903,1.2237475208327957,6.118737604164,6.110098649649411
44,8.8,743.8852459016393,285.8196721311475,738,276,13,20,160.88524590163934,16.8466226075015,474.1803278688525,65.17942651118247,474.1803278688525,65.17942651118247,0.842331130375075,0.8147428313897809,True,16,2,3,3,"fly (3,2)",0.20000000000000107,3.9858045608572183,12.752633025002297,13.36099873017468,66.80499365087304,-63.76316512501114,477.5545177709907,42.62350338235843,-38.74955908289237,65.64323268329768,-8.764696237114958,-5.3263998739370955,1.8019397387994283,9.009698693997093,5.645443309616117
45,9.0,743.9470899470899,288.44973544973544,738,279,13,20,160.94708994708992,16.85309842377905,471.55026455026456,64.8179057801051,471.55026455026456,64.8179057801051,0.8426549211889525,0.8102238222513136,True,16,2,3,3,"fly (3,2)",0.1999999999999993,0.06184404545058442,2.630063318587929,2.6307903272095716,13.153951636047905,-13.150316592939692,472.1867542495958,27.85416827718519,-26.838817606974033,64.90539577314031,-1.807603655386891,-3.6891845507868126,0.36157872613745073,1.8078936306872602,3.7709643415671383
46,9.2,743.934065934066,289.1703296703297,738,280,13,20,160.93406593406598,16.85173465278178,470.8296703296703,64.71885502813338,470.8296703296703,64.71885502813338,0.8425867326390889,0.8089856878516672,True,16,2,3,3,"fly (3,2)",0.1999999999999993,-0.013024013023937187,0.7205942205942506,0.7207119089269187,3.6035595446346065,-3.602971102971266,470.92774993235406,6.301175550617916,-6.2950215862090095,64.73233676046102,-0.49525375985858666,-0.8652950633964243,0.099060140003412,0.4953007000170617,0.8657864847758295
47,9.4,743.9834254143647,289.5966850828729,738,280,13,20,160.98342541436466,16.856903184750227,470.4033149171271,64.66024947314462,470.4033149171271,64.66024947314462,0.8428451592375114,0.8082531184143077,True,16,2,3,3,"fly (3,2)",0.20000000000000107,0.04935948029867632,0.4263554125432165,0.4292030942342468,2.1460154711712227,-2.131777062716071,470.7033927430845,2.7379619867365563,-1.1217859463474131,64.70149728427278,-0.2930277749437933,-0.15419738094121774,0.0588330247246333,0.29416512362316494,0.3742630001940232
48,9.6,743.8479532163742,289.1228070175439,739,280,11,19,160.8479532163742,16.842717614280023,470.8771929824561,64.72538735154036,470.8771929824561,64.72538735154036,0.8421358807140011,0.8090673418942544,True,16,2,3,3,"fly (3,2)",0.1999999999999993,-0.13547219799045251,-0.4738780653290178,0.49286218888076333,2.4643109444038256,2.3693903266450973,470.57159787128967,4.060405664109322,-0.6589743589743465,64.68338115069274,0.32568939197872854,-0.09058066790025436,0.06666463538836799,0.33332317694184116,0.48147040688543735
49,9.8,742.4,289.5657142857143,737,280,12,20,159.39999999999998,16.69109947643979,470.4342857142857,64.66450662739322,470.4342857142857,64.66450662739322,0.8345549738219894,0.8083063328424153,True,16,2,3,3,"fly (3,2)",0.20000000000000107,-1.4479532163742306,0.4429072681704156,1.5141781153505884,7.570890576752902,-2.214536340852066,470.65573934837096,5.017600760578371,0.07742699289651567,64.69494698946679,-0.30440362073569655,0.010642885621515108,0.1633845840182617,0.8169229200913042,0.5751230485165735
0,0.0,928.1666666666666,753.0196078431372,923,748,12,10,122.16666666666663,13.351548269581052,3.980392156862763,0.5424725256371739,3.980392156862763,0.5424725256371739,0.6675774134790526,0.006780906570464673,True,17,1,4,4,"fly (4,1)",,,,,,,4.15545031571952,1.053430301781962,0.8752907942837851,0.5663305370656927,,0.11929005714259422,,,0.13540284355746757
1,0.2,927.9322033898305,752.6694915254237,922,747,13,11,121.93220338983053,13.325923867741041,4.330508474576277,0.5901885484942115,4.330508474576277,0.5901885484942115,0.6662961933870521,0.007377356856177644,True,17,1,4,4,"fly (4,1)",0.2,-0.23446327683609525,-0.35011631771351404,0.42137212071278485,2.106860603563924,1.7505815885675702,4.339530979710465,1.3628098214500401,1.21216691804932,0.5914181914426528,0.23858011428518844,0.1652016242656653,0.05416113742298703,0.27080568711493513,0.1787622413154474
2,0.4,928.0538461538462,752.2923076923076,922,746,13,12,122.05384615384617,13.339218158890292,4.707692307692355,0.641593500196573,4.707692307692355,0.641593500196573,0.6669609079445146,0.008019918752457163,True,17,1,4,4,"fly (4,1)",0.2,0.12164276401563257,-0.37718383311607795,0.3963137721572394,1.981568860786197,1.8859191655803897,4.603642684998628,1.5035317197806295,1.3205585264408153,0.6274129724018573,0.2570247585118074,0.1799739047960225,0.05309620736628144,0.26548103683140717,0.19649407629131863
3,0.6,928.0,752.2272727272727,922,746,13,12,122.0,13.333333333333334,4.772727272727252,0.6504568685147873,4.772727272727252,0.6504568685147873,0.6666666666666666,0.008130710856434843,True,17,1,4,4,"fly (4,1)",0.19999999999999996,-0.05384615384616609,-0.06503496503489714,0.08443313899835349,0.42216569499176754,0.32517482517448576,4.834680542554565,1.4930950416674709,1.1551892877796868,0.6589002443004518,0.04431684159107164,0.15743635949297266,0.010639100985522714,0.05319550492761358,0.18914973075701746
4,0.8,927.6692913385826,751.9763779527559,922,746,12,12,121.66929133858264,13.297190310227611,5.023622047244089,0.6846503641899951,5.023622047244089,0.6846503641899951,0.6648595155113806,0.008558129552374939,True,17,1,4,4,"fly (4,1)",0.20000000000000007,-0.3307086614173613,-0.25089477451683706,0.4151101138448899,2.0755505692244487,1.2544738725841849,5.023474464681802,1.2729004465556935,0.9439696106361831,0.6846302507232439,0.17096747837603893,0.12865003211396034,0.04975453010240635,0.24877265051203168,0.15957133595276943
5,1.0,927.5851851851852,751.7259259259259,922,745,12,13,121.5851851851852,13.287998380894557,5.274074074074065,0.7187835194649492,5.274074074074065,0.7187835194649492,0.6643999190447278,0.008984793993311865,True,17,1,4,4,"fly (4,1)",0.19999999999999996,-0.08410615339744254,-0.2504520268299757,0.2641970150901728,1.3209850754508643,1.2522601341498787,5.14434482239426,1.5753558591232784,0.6043517885622879,0.7011032125920625,0.17066577637477046,0.08236480934409372,0.03534917048373261,0.17674585241866309,0.19380467371654264
6,1.2,927.812030075188,751.8646616541354,922,746,13,12,121.81203007518798,13.312790172151692,5.135338345864625,0.6998757541212436,5.135338345864625,0.6998757541212436,0.6656395086075846,0.008748446926515545,True,17,1,4,4,"fly (4,1)",0.19999999999999996,0.22684489000278063,0.1387357282094399,0.26590638653890436,1.329531932694522,-0.6936786410471997,5.103137473312889,1.335777828148718,-0.2060367454068531,0.6954872195315692,-0.09453882671852823,-0.02807996530246734,0.03117910364378662,0.15589551821893313,0.1697288880004666
7,1.4,927.6769230769231,752.1,922,746,13,12,121.67692307692312,13.298024379991597,4.899999999999977,0.6678023850085147,4.899999999999977,0.6678023850085147,0.6649012189995799,0.008347529812606435,True,17,1,4,4,"fly (4,1)",0.19999999999999996,-0.1351069982648596,0.23533834586464764,0.27136329526015357,1.3568164763007682,-1.1766917293232384,5.0438782140536205,1.5149911440382555,-0.29629629629634296,0.687411000211737,-0.16036684556364425,-0.04038109659916084,0.03530905867276071,0.1765452933638036,0.18357469774264457
8,1.6,927.9925925925926,751.9037037037037,922,746,13,12,121.99259259259259,13.332523780611211,5.096296296296259,0.6945548615054528,5.096296296296259,0.6945548615054528,0.6666261890305606,0.008681935768818158,True,17,1,4,4,"fly (4,1)",0.20000000000000018,0.31566951566946955,-0.19629629629628198,0.3717250046238956,1.8586250231194765,0.981481481481409,5.019121666195436,1.6983574820118144,-0.12378273929092183,0.684037024353722,0.13376238248468997,-0.0168698792900746,0.04365665632903942,0.21828328164519692,0.20025091531848715
9,1.8,927.6183206106871,751.9389312977099,922,746,12,12,121.61832061068708,13.291619738872905,5.061068702290072,0.6897538265471989,5.061068702290072,0.6897538265471989,0.6645809869436452,0.008621922831839986,True,17,1,4,4,"fly (4,1)",0.19999999999999996,-0.37427198190550826,0.035227594006187246,0.3759261893230397,1.8796309466151988,-0.17613797003093626,5.0652755123492925,1.5100914582116536,0.23076923076928293,0.6903271567085918,-0.02400517479126952,0.03145066177434871,0.041184834189292176,0.20592417094646093,0.17041825799050292
10,2.0,927.4615384615385,751.9615384615385,922,746,12,12,121.46153846153845,13.274485077763766,5.038461538461547,0.686672782073124,5.038461538461547,0.686672782073124,0.6637242538881882,0.00858340977591405,True,17,1,4,4,"fly (4,1)",0.19999999999999996,-0.15678214914862565,0.02260716382852479,0.15840368098005694,0.7920184049002849,-0.11303581914262398,5.0564325608706895,1.198128257380983,-0.044214757393016675,0.6891219844457498,-0.015405222370374342,-0.006025861314210204,0.017409464275970184,0.08704732137985094,0.13153969428461063
11,2.2,927.6434108527131,751.9302325581396,922,746,13,12,121.64341085271315,13.294361841826573,5.069767441860449,0.6909393447169266,5.069767441860449,0.6909393447169266,0.6647180920913287,0.008636741808961583,True,17,1,4,4,"fly (4,1)",0.20000000000000018,0.1818723911746929,-0.031305903398902046,0.18454708412549328,0.9227354206274656,0.1565295169945101,5.084794275491959,1.0336170069837403,0.1418085731063458,0.6929872947859569,0.02133281321901324,0.01932655170103531,0.02032951810550402,0.10164759052752001,0.11444667091744243
12,2.4,927.376923076923,751.8538461538461,922,746,12,12,121.37692307692305,13.265237494745689,5.146153846153879,0.70134975756782,5.146153846153879,0.70134975756782,0.6632618747372844,0.00876687196959775,True,17,1,4,4,"fly (4,1)",0.19999999999999973,-0.26648777579009675,-0.07638640429343013,0.27721943908469376,1.3860971954234707,0.38193202146715116,5.135586994223597,0.851222505286641,0.2539635936581894,0.6999096414614782,0.052052064254467026,0.03461173337760675,0.03092902016899123,0.15464510084495636,0.09621640728620136
13,2.6,927.3969465648855,751.8091603053435,922,746,12,12,121.39694656488552,13.26742585408585,5.190839694656461,0.707439822099688,5.190839694656461,0.707439822099688,0.6633712927042925,0.0088429977762461,True,17,1,4,4,"fly (4,1)",0.20000000000000018,0.020023487962475883,-0.04468584850258139,0.04896697996179744,0.24483489980898698,0.22342924251290677,5.175944411822267,0.5436440317441525,0.20178708799335268,0.7054098005890653,0.030450322659339973,0.02750079563793567,0.006471306097225552,0.03235653048612773,0.06233387711036137
14,2.8,927.3969465648855,751.8091603053435,922,746,12,12,121.39694656488552,13.26742585408585,5.190839694656461,0.707439822099688,5.190839694656461,0.707439822099688,0.6633712927042925,0.0088429977762461,True,17,1,4,4,"fly (4,1)",0.19999999999999973,0.0,0.0,0.0,0.0,0.0,5.270436339647517,0.5747569492534539,0.4724596391262514,0.7182877464596276,0.0,0.06438972935281112,0.0,0.0,0.0736729194121495
15,3.0,927.2222222222222,751.5703703703704,922,745,12,13,121.22222222222217,13.24833029751062,5.4296296296296305,0.7399835951795067,5.4296296296296305,0.7399835951795067,0.662416514875531,0.009249794939743834,True,17,1,4,4,"fly (4,1)",0.20000000000000018,-0.17472434266335313,-0.2387899349731697,0.2958871895902752,1.4794359479513748,1.1939496748658474,5.396604129993155,0.752804441418645,0.6308389517281886,0.7354826752971931,0.1627188653990934,0.08597464418782796,0.037732445550064185,0.18866222775032077,0.09701640220072501
16,3.2,927.1532846715329,751.4306569343066,922,745,12,13,121.1532846715329,13.240796138965344,5.569343065693374,0.7590246086123849,5.569343065693374,0.7590246086123849,0.6620398069482673,0.009487807607654811,True,17,1,4,4,"fly (4,1)",0.20000000000000018,-0.06893755068927021,-0.13971343606374376,0.15579547526091223,0.7789773763045604,0.6985671803187181,5.41877521216649,1.3183787743021882,0.11085541086667068,0.7385042878591467,0.0952050671643905,0.01510806280976775,0.02047739577037087,0.10238697885185426,0.17193775474305664
17,3.4,927.2867647058823,751.7426470588235,922,745,12,13,121.28676470588232,13.255384120861455,5.257352941176464,0.7165046597855488,5.257352941176464,0.7165046597855488,0.6627692060430728,0.008956308247319359,True,17,1,4,4,"fly (4,1)",0.19999999999999973,0.13348003434941802,0.3119901245169103,0.33934459973012543,1.6967229986506294,-1.5599506225845536,5.682016948526514,5.15009485028431,1.3162086818001224,0.7743805040581281,-0.21259974413418065,0.179381080994906,0.04495281152539894,0.224764057626995,0.599410110887927
18,3.6,929.6967741935484,750.7806451612903,924,744,13,14,123.69677419354844,13.518773135906933,6.219354838709705,0.8476122437764505,6.219354838709705,0.8476122437764505,0.6759386567953466,0.010595153047205631,True,17,1,4,4,"fly (4,1)",0.20000000000000018,2.410009487666116,-0.9620018975332414,2.59491683517955,12.97458417589774,4.8100094876662025,6.848376277505925,17.467028267676938,5.831796644897058,0.9333391860314718,0.655537919954508,0.79479340986672,0.2942158592369866,1.4710792961849317,1.9931152336665876
19,3.8,936.6842105263158,747.9315789473684,930,740,15,18,130.68421052631584,14.282427379925227,9.068421052631606,1.2359006545324165,9.068421052631606,1.2359006545324165,0.7141213689962614,0.015448758181655206,True,17,1,4,4,"fly (4,1)",0.19999999999999973,6.987436332767402,-2.849066213921901,7.545955525696479,37.729777628482445,14.245331069609525,8.701678258196694,20.968187397316054,9.266509903453844,1.1859186723266362,1.9414420537798325,1.2628974314758221,0.8567004694375662,4.283502347187836,2.422040115973298
20,4.0,938.3857868020305,746.1827411167512,932,738,15,19,132.38578680203045,14.468392000221908,10.817258883248769,1.4742431186710419,10.817258883248769,1.4742431186710419,0.7234196000110954,0.01842803898338802,True,17,1,4,4,"fly (4,1)",0.20000000000000018,1.701576275714615,-1.7488378306171626,2.4400400775135975,12.200200387567977,8.744189153085806,10.051499046727145,17.766066801208797,6.749103942652259,1.3698806196561695,1.1917123206931257,0.9198097366476673,0.30230774090942547,1.511538704547126,2.0751917562574946
21,4.2,937.994623655914,746.7311827956989,931,739,15,17,131.99462365591398,14.425641929608085,10.268817204301058,1.3994980857650505,10.268817204301058,1.3994980857650505,0.7212820964804043,0.01749372607206313,True,17,1,4,4,"fly (4,1)",0.20000000000000018,-0.39116314611646885,0.5484416789477109,0.6736444775151934,3.368222387575964,-2.7422083947385523,10.442549707085883,5.355387396513318,1.9552533017936922,1.423175428563664,-0.3737251645299563,0.2664740445374711,0.08610684340750455,0.43053421703752237,0.6658633060025787
22,4.4,937.8988764044943,746.7584269662922,931,739,15,17,131.89887640449433,14.415177749125064,10.241573033707823,1.3957850812548993,10.241573033707823,1.3957850812548993,0.7207588874562532,0.01744731351568624,True,17,1,4,4,"fly (4,1)",0.20000000000000018,-0.09574725141965246,0.02724417059323514,0.0995478828792026,0.4977394143960126,-0.1362208529661756,10.223384517206114,1.4279911041779627,-1.0958259493988487,1.3933062374386527,-0.018565022550756077,-0.14934595562505606,0.011103399284617553,0.05551699642308772,0.1808624793807216
23,4.6,937.8816568047337,746.8402366863905,931,739,15,17,131.88165680473367,14.413295825653952,10.15976331360946,1.3846355452960082,10.15976331360946,1.3846355452960082,0.7206647912826977,0.017307944316200103,True,17,1,4,4,"fly (4,1)",0.1999999999999993,-0.017219599760665005,0.08180972009836296,0.08360230211238197,0.4180115105619113,-0.40904860049181624,10.145339476080721,0.8883613041740265,-0.3902252056269626,1.3826697752750559,-0.05574767979445581,-0.05318231081798449,0.011307244936310903,0.05653622468155472,0.10330088038473113
24,4.8,937.5549132947976,746.9653179190751,931,739,15,17,131.55491329479764,14.377586152436901,10.034682080924881,1.3675886992742599,10.034682080924881,1.3675886992742599,0.718879307621845,0.017094858740928247,True,17,1,4,4,"fly (4,1)",0.20000000000000018,-0.32674350993602275,0.12508123268457894,0.34986659751283145,1.7493329875641557,-0.6254061634228941,10.057529157012368,0.9981666724237955,-0.4390515953417669,1.3707024404786872,-0.08523423010874158,-0.05983667398184237,0.03956988400991023,0.19784942004955097,0.11588989667706488
25,5.0,937.7103825136612,747.0218579234972,931,739,15,18,131.71038251366122,14.394577323897401,9.978142076502763,1.359883076865794,9.978142076502763,1.359883076865794,0.7197288661948701,0.016998538460822426,True,17,1,4,4,"fly (4,1)",0.20000000000000018,0.15546921886357268,0.05654000442211782,0.16543110382906404,0.8271555191453195,-0.2827000221105888,10.045054860986511,1.3901243265221581,-0.0623714801292868,1.3690023660628976,-0.03852811204232972,-0.008500372078948562,0.0186568090600178,0.09328404530008892,0.15831821100499235
26,5.2,937.9946808510638,746.8776595744681,931,739,15,18,131.99468085106378,14.425648180444128,10.122340425531888,1.379535322048639,10.122340425531888,1.379535322048639,0.7212824090222064,0.017244191525607987,True,17,1,4,4,"fly (4,1)",0.20000000000000018,0.2842983374025607,-0.14419834902912498,0.31877689457140024,1.5938844728569999,0.7209917451456243,10.033494167344884,1.2890313720895248,-0.05780346820813572,1.3674268030452994,0.09826122591422562,-0.00787781508799138,0.03676423353306747,0.1838211676653372,0.14760218241117978
27,5.4,937.7326203208556,747.0,931,739,15,18,131.73262032085563,14.397007685339414,10.0,1.362862010221465,10.0,1.362862010221465,0.7198503842669707,0.017035775127768313,True,17,1,4,4,"fly (4,1)",0.20000000000000018,-0.2620605302081458,0.12234042553188829,0.2892108248532513,1.446054124266255,-0.6117021276594409,10.101386202450007,1.3165090068917429,0.33946017552561186,1.376679550589439,-0.08336655913587003,0.04626373772069698,0.033140266853622674,0.16570133426811323,0.15782088503295147
28,5.6,937.7386363636364,746.8181818181819,931,739,15,17,131.73863636363637,14.397665176353701,10.18181818181813,1.387641319498212,10.18181818181813,1.387641319498212,0.7198832588176851,0.01734551649372765,True,17,1,4,4,"fly (4,1)",0.1999999999999993,0.0060160427807431915,-0.18181818181813014,0.18191768471039413,0.9095884235519739,0.9090909090906539,10.109685815207285,0.8486916158899042,0.04149806378639748,1.3778106732820834,0.12389654638373537,0.005655613463222582,0.024788030633080715,0.12394015316540402,0.1049225863530685
29,5.8,937.7546012269938,746.8527607361963,931,739,15,17,131.75460122699383,14.39940997016326,10.147239263803726,1.3829286901265725,10.147239263803726,1.3829286901265725,0.719970498508163,0.017286608626582156,True,17,1,4,4,"fly (4,1)",0.20000000000000018,0.015964863357453396,0.034578918014403826,0.03808645997029679,0.19043229985148377,-0.17289459007201896,10.046504987320569,1.3982605655253717,-0.3159041394335786,1.3691999982719685,-0.023563146858197583,-0.04305337505057291,0.005025254325137655,0.025126271625688253,0.1713418553259822
30,6.0,937.2352941176471,747.1895424836601,931,740,14,16,131.23529411764707,14.342655094824817,9.810457516339852,1.3370299851911212,9.810457516339852,1.3370299851911212,0.7171327547412408,0.016712874814889016,True,17,1,4,4,"fly (4,1)",0.20000000000000018,-0.5193071093467552,0.3367817474638741,0.6189521946345319,3.0947609731726566,-1.683908737319369,10.043869941207276,1.9201676017723859,-0.013175230566465782,1.3688408778476697,-0.2294935246772565,-0.0017956021214945068,0.07299182823737092,0.3649591411868543,0.2328112598718455
31,6.2,937.5714285714286,746.8260869565217,931,739,14,17,131.57142857142856,14.379391100702575,10.173913043478251,1.3865639582253153,10.173913043478251,1.3865639582253153,0.7189695550351287,0.01733204947781644,True,17,1,4,4,"fly (4,1)",0.20000000000000018,0.336134453781483,-0.3634555271383988,0.4950619064586037,2.4753095322930165,1.8172776356919924,9.977936254021756,2.5139550182539825,-0.3296684359276017,1.3598550261017726,0.24766986517097056,-0.04492925872948542,0.06166967336059885,0.308348366802994,0.3024603457741874
32,6.4,937.2471910112359,747.0505617977528,930,739,15,18,131.24719101123594,14.34395530177442,9.949438202247165,1.3559711348888812,9.949438202247165,1.3559711348888812,0.717197765088721,0.016949639186111014,True,17,1,4,4,"fly (4,1)",0.20000000000000018,-0.3242375601926142,0.22447484123108552,0.3943589098592552,1.9717945492962743,-1.1223742061554267,10.043011021302428,1.6260169853741369,0.3253738364033623,1.368723818916856,-0.15296411668217033,0.04434396407541583,0.046814705866542815,0.23407352933271386,0.1982636717582991
33,6.6,937.3125,746.9943181818181,931,739,14,18,131.3125,14.351092896174864,10.00568181818187,1.3636363636363706,10.00568181818187,1.3636363636363706,0.7175546448087432,0.017045454545454634,True,17,1,4,4,"fly (4,1)",0.1999999999999993,0.065308988764059,-0.056243615934704394,0.0861893749066236,0.43094687453311953,0.28121807967352297,9.960965932735613,0.9380006920720775,-0.4102254428340755,1.3575422054835589,0.03832614373744728,-0.05590806716648381,0.010473823827837838,0.05236911913918938,0.1138175146937511
34,6.8,937.3388888888888,747.0722222222222,931,739,14,18,131.33888888888885,14.353976927747414,9.927777777777806,1.353019117925425,9.927777777777806,1.353019117925425,0.7176988463873707,0.016912738974067813,True,17,1,4,4,"fly (4,1)",0.20000000000000018,0.02638888888884594,0.07790404040406429,0.0822521304773678,0.4112606523868387,-0.3895202020203211,9.972201887791812,0.3872344881931111,0.0561797752809902,1.3590735111130237,-0.053086228554728394,0.007656528147324033,0.01100197912187002,0.055009895609350046,0.04964679184214273
35,7.0,937.370786516854,747.0168539325842,931,739,14,18,131.37078651685397,14.357463007306444,9.98314606741576,1.3605650517772756,9.98314606741576,1.3605650517772756,0.7178731503653222,0.017007063147215944,True,17,1,4,4,"fly (4,1)",0.20000000000000018,0.03189762796512241,-0.05536828963795415,0.06389918753187508,0.3194959376593751,0.2768414481897705,10.036584751516747,0.6058391376920965,0.3219143186246726,1.3678480070210217,0.037729669259253217,0.04387247953998952,0.008312272155577758,0.04156136077788875,0.08142570126127804
36,7.2,937.3976608187135,746.8011695906433,931,739,14,17,131.39766081871346,14.360400089476881,10.198830409356674,1.3899598513603644,10.198830409356674,1.3899598513603644,0.7180200044738441,0.017374498142004556,True,17,1,4,4,"fly (4,1)",0.20000000000000018,0.026874301859493244,-0.21568434194091424,0.2173521646060153,1.0867608230300756,1.0784217097045703,10.053210036019133,0.8825104893156364,0.08312642251193296,1.3701138038867644,0.14697399791544372,0.011328984328713413,0.029541169479319094,0.14770584739659534,0.11736327725692708
37,7.4,937.2849162011173,747.022346368715,931,739,14,18,131.2849162011173,14.348078273346154,9.977653631284966,1.359816508522653,9.977653631284966,1.359816508522653,0.7174039136673077,0.016997706356533162,True,17,1,4,4,"fly (4,1)",0.20000000000000018,-0.11274461759614951,0.2211767780717082,0.24825494145149188,1.2412747072574584,-1.1058838903585402,9.94771690243609,1.3104504221299045,-0.5274656679152206,1.3557365454768096,-0.15071671418855667,-0.07188629204977452,0.03256452471925946,0.16282262359629718,0.17556928364154523
38,7.6,937.3630952380952,747.3333333333334,931,740,14,17,131.36309523809518,14.356622430392916,9.666666666666629,1.317433276547411,9.666666666666629,1.317433276547411,0.7178311215196458,0.01646791595684264,True,17,1,4,4,"fly (4,1)",0.1999999999999993,0.07817903697787187,0.31098696461833697,0.32066314722043476,1.6033157361021795,-1.5549348230916904,9.73939464477174,1.2462507677586094,-1.0416112883217485,1.3273450963913787,-0.21191615987621057,-0.14195724542715468,0.04323587598634847,0.2161793799317431,0.16125796763370262
39,7.8,937.2102272727273,747.4261363636364,931,740,14,18,131.21022727272725,14.33991554893194,9.573863636363626,1.3047855041040717,9.573863636363626,1.3047855041040717,0.716995777446597,0.016309818801300897,True,17,1,4,4,"fly (4,1)",0.20000000000000018,-0.1528679653679319,0.09280303030300274,0.17883237198323818,0.8941618599161901,-0.4640151515150133,9.773358585858583,1.685659150776993,0.1698197054342138,1.3319739128938446,-0.06323886221669678,0.023144082512328985,0.02095437987461354,0.1047718993730676,0.22275643290175914
40,8.0,937.2897727272727,746.9204545454545,931,739,14,18,131.28977272727275,14.348609041231994,10.079545454545496,1.3737029580300506,10.079545454545496,1.3737029580300506,0.7174304520615997,0.017171286975375632,True,17,1,4,4,"fly (4,1)",0.20000000000000018,0.07954545454549589,-0.5056818181818699,0.5118999712625223,2.559499856312609,2.528409090909347,9.867027836504576,1.6295230556180418,0.4683462532299605,1.344739739216978,0.3445872696298943,0.0638291316156675,0.0694636038800934,0.3473180194004667,0.20594851296366654
41,8.2,937.0348837209302,747.0523255813954,931,739,14,18,131.03488372093022,14.320752319227347,9.947674418604606,1.3557307555168117,9.947674418604606,1.3557307555168117,0.7160376159613674,0.01694663444396015,True,17,1,4,4,"fly (4,1)",0.1999999999999993,-0.2548890063425233,0.13187103594088967,0.2869814901250642,1.434907450625326,-0.6593551797044507,9.976506241241623,1.6744903502857884,0.547392023685232,1.359660135092555,-0.08986101256619504,0.07460197937788536,0.033151124023492934,0.16575562011746525,0.20901555707903965
42,8.4,937.235632183908,747.0977011494252,931,739,14,18,131.23563218390802,14.34269204195716,9.902298850574766,1.349546691730803,9.902298850574766,1.349546691730803,0.7171346020978581,0.016869333646635037,True,17,1,4,4,"fly (4,1)",0.20000000000000107,0.20074846297779914,0.04537556802984,0.2058127487838871,1.0290637439194301,-0.22687784014919876,9.997328367832969,1.225464592902793,0.10411063295672844,1.3624979036228917,-0.03092031893004316,0.014188842651683548,0.02279460634383753,0.11397303171918705,0.14809783151489506
43,8.6,937.2721893491124,746.8579881656805,931,739,14,17,131.2721893491124,14.346687360558732,10.142011834319533,1.3822162636210606,10.142011834319533,1.3822162636210606,0.7173343680279367,0.017277703295263257,True,17,1,4,4,"fly (4,1)",0.1999999999999993,0.036557165204385456,-0.23971298374476646,0.24248451683272357,1.2124225841636223,1.1985649187238365,10.044399857927715,0.8357003686973856,0.23535745047373458,1.3689130981843565,0.16334785945128885,0.032075972807323445,0.03291296854160646,0.1645648427080329,0.10491250032784101
44,8.8,937.2722222222222,746.9111111111112,931,739,14,18,131.27222222222224,14.346690953248332,10.088888888888846,1.3749763392012055,10.088888888888846,1.3749763392012055,0.7173345476624167,0.01718720424001507,True,17,1,4,4,"fly (4,1)",0.20000000000000107,3.287310983068892e-05,0.05312294543068674,0.053122955601821245,0.2656147780091048,-0.2656147271534323,10.044643675412885,1.1017444603404576,0.0012190874258523794,1.3689463271431528,-0.036199622099275325,0.0001661447939831732,0.007239925311260664,0.03619962655630313,0.13810422352002397
45,9.0,936.9575757575758,747.0969696969697,931,739,13,18,130.9575757575758,14.312303361483693,9.903030303030278,1.3496463786071928,9.903030303030278,1.3496463786071928,0.7156151680741847,0.01687057973258991,True,17,1,4,4,"fly (4,1)",0.1999999999999993,-0.31464646464644375,0.1858585858585684,0.36543920376972777,1.8271960188486454,-0.9292929292928453,9.973354301497997,1.1494947691614545,-0.3564468695744467,1.3592305691990454,-0.126649802970064,-0.04857878972053778,0.042709640259147016,0.21354820129573585,0.1327537367607545
46,9.2,937.2275449101796,747.0718562874251,931,740,14,16,131.22754491017963,14.341808186904878,9.928143712574865,1.353068989788738,9.928143712574865,1.353068989788738,0.7170904093452439,0.016913362372359225,True,17,1,4,4,"fly (4,1)",0.1999999999999993,0.269969152603835,-0.02511340954458774,0.27113470212532176,1.3556735106266136,0.12556704772293914,9.89827012641384,1.1722756036500537,-0.37542087542078756,1.348997632219944,0.017113055907726,-0.0511646848955076,0.029702676486044802,0.14851338243022455,0.13567532638382637
47,9.4,937.2102272727273,747.1363636363636,931,739,14,18,131.21022727272725,14.33991554893194,9.863636363636374,1.344277528263901,9.863636363636374,1.344277528263901,0.716995777446597,0.016803469103298763,True,17,1,4,4,"fly (4,1)",0.20000000000000107,-0.01731763745237913,0.0645073489384913,0.06679145629498072,0.33395728147490183,-0.3225367446924548,9.80559335873708,1.1065792681271658,-0.46338383838379715,1.3363670676302661,-0.0439573076241848,-0.06315282294838807,0.008992879085103796,0.04496439542551874,0.13213328397743654
48,9.6,936.9880952380952,747.375,931,740,13,17,130.98809523809518,14.31563882383554,9.625,1.31175468483816,9.625,1.31175468483816,0.715781941191777,0.016396933560477,True,17,1,4,4,"fly (4,1)",0.1999999999999993,-0.2221320346320681,0.23863636363637397,0.3260214024559952,1.630107012279982,-1.193181818181874,9.723036578805818,0.8049577072217914,-0.4127838996563109,1.3251157177248134,-0.1626142171287054,-0.05625674952726533,0.04058441481531313,0.20292207407656637,0.10069489451169988
49,9.8,937.0591715976332,747.3195266272189,931,740,14,17,131.05917159763317,14.323406731981766,9.68047337278108,1.319314940072379,9.68047337278108,1.319314940072379,0.7161703365990884,0.016491436750904736,True,17,1,4,4,"fly (4,1)",0.20000000000000107,0.07107635953798308,-0.05547337278107989,0.09016176558209857,0.45080882791049043,0.27736686390539794,9.65273668639054,1.0404579200952362,-0.457907477138239,1.3155348124552695,0.03780127617109421,-0.0624064704788056,0.010839642806602967,0.054198214033014544,0.12856014405479047
0,0.0,824.9347826086956,744.5869565217391,823,740,6,10,18.934782608695627,2.0693751484913254,12.413043478260875,1.6917265387749063,12.413043478260875,1.6917265387749063,0.10346875742456627,0.021146581734686327,True,18,2,4,4,"fly (4,2)",,,,,,,12.55346051464062,0.7032835365325087,0.7020851818987239,1.71086344322189,,0.09568452223491952,,,0.09578957885262672
1,0.2,824.9183673469388,744.3061224489796,823,739,6,11,18.918367346938794,2.067581130812983,12.693877551020364,1.7300003476688741,12.693877551020364,1.7300003476688741,0.10337905654064915,0.021625004345860926,True,18,2,4,4,"fly (4,2)",0.2,-0.016415261756833388,-0.2808340727594896,0.2813134146130035,1.4065670730650175,1.4041703637974479,12.545444264662365,0.7618103325342472,0.1939471440749685,1.7097709389659101,0.19136904446983904,0.026432319465072112,0.03831583154105069,0.19157915770525344,0.10288807201890444
2,0.4,824.9803921568628,744.4705882352941,823,739,6,11,18.980392156862763,2.0743597985642364,12.529411764705856,1.7075859304539496,12.529411764705856,1.7075859304539496,0.10371798992821182,0.02134482413067437,True,18,2,4,4,"fly (4,2)",0.2,0.06202480992396886,0.16446578631450848,0.17577278490754486,0.8788639245377242,-0.8223289315725424,12.632005529484482,1.008833685805148,0.43280632411059133,1.7215680449041884,-0.11207208607462271,0.058985529691392154,0.023417011670291983,0.11708505835145991,0.13616106674945985
3,0.6,825.0181818181818,744.3272727272728,823,739,6,12,19.0181818181818,2.0784898161947325,12.67272727272723,1.7271178565897416,12.67272727272723,1.7271178565897416,0.10392449080973662,0.02158897320737177,True,18,2,4,4,"fly (4,2)",0.19999999999999996,0.037789661319038714,-0.14331550802137372,0.14821401196254044,0.7410700598127024,0.7165775401068687,12.694830659536516,0.9121814353863642,0.3141256502601662,1.7301302432077026,0.09765963067896014,0.04281099151756968,0.019963796838333242,0.09981898419166624,0.1219394767412209
4,0.8,824.9411764705883,744.1176470588235,823,739,6,11,18.94117647058829,2.070073931211835,12.882352941176464,1.755686942579416,12.882352941176464,1.755686942579416,0.10350369656059175,0.021946086782242698,True,18,2,4,4,"fly (4,2)",0.20000000000000007,-0.07700534759351285,-0.20962566844923458,0.2233220643617333,1.116610321808666,1.0481283422461725,12.77477032771147,0.8101617697588331,0.39969834087476847,1.741024916894238,0.14284542994837163,0.05447336843267738,0.029782877536107314,0.14891438768053653,0.1088167466822662
5,1.0,824.9230769230769,744.2307692307693,823,739,6,12,18.923076923076906,2.06809583858764,12.769230769230717,1.740269951513556,12.769230769230717,1.740269951513556,0.103404791929382,0.021753374393919448,True,18,2,4,4,"fly (4,2)",0.19999999999999996,-0.018099547511383207,0.11312217194574714,0.11456098553102623,0.5728049276551312,-0.5656108597287358,12.8069381598793,0.5631384164879324,0.1608391608391455,1.7454089485355093,-0.07708495532929961,0.02192015820635734,0.015543373634919163,0.07771686817459583,0.07554375195171079
6,1.2,824.9230769230769,744.2307692307693,823,739,6,12,18.923076923076906,2.06809583858764,12.769230769230717,1.740269951513556,12.769230769230717,1.740269951513556,0.103404791929382,0.021753374393919448,True,18,2,4,4,"fly (4,2)",0.19999999999999996,0.0,0.0,0.0,0.0,0.0,12.789550072568924,0.3117137638176615,-0.08694043655187524,1.7430391921729367,0.0,-0.011848781812862088,0.0,0.0,0.04148340722890521
7,1.4,824.9622641509434,744.1698113207547,823,739,6,12,18.962264150943383,2.0723785957315175,12.830188679245339,1.7485776734916987,12.830188679245339,1.7485776734916987,0.10361892978657586,0.021857220918646232,True,18,2,4,4,"fly (4,2)",0.19999999999999996,0.03918722786647777,-0.06095791001462203,0.07246727275957064,0.3623363637978533,0.3047895500731102,12.751321634340494,0.5437617893776842,-0.19114219114214825,1.7378291835557746,0.04153860989071335,-0.026050043085812342,0.009346670702423955,0.04673335351211979,0.06758869494773526
8,1.6,825.1454545454545,744.3454545454546,823,739,6,11,19.145454545454527,2.0923994038748117,12.654545454545428,1.7246399256620686,12.654545454545428,1.7246399256620686,0.10461997019374059,0.021557999070775855,True,18,2,4,4,"fly (4,2)",0.20000000000000018,0.1831903945111435,0.17564322469991112,0.25378980086704006,1.2689490043351992,-0.8782161234995548,12.727054235073107,0.7120596622763357,-0.12133699633693568,1.7345218719009345,-0.11968873914815037,-0.01653655827419901,0.031206546266217224,0.15603273133108597,0.08684006349081215
9,1.8,825.0535714285714,744.3035714285714,823,739,6,12,19.053571428571445,2.0823575331772073,12.696428571428555,1.7303480165490366,12.696428571428555,1.7303480165490366,0.10411787665886035,0.021629350206862956,True,18,2,4,4,"fly (4,2)",0.19999999999999996,-0.09188311688308204,-0.041883116883127514,0.1009787237391909,0.5048936186959546,0.20941558441563762,12.552365491651207,1.242138346899011,-0.8734437171095046,1.7107142066986312,0.028540454434839997,-0.11903832601151686,0.011550821125846142,0.05775410562923072,0.15994828118415064
10,2.0,825.0408163265306,744.6938775510204,823,740,6,10,19.040816326530603,2.0809635329541645,12.306122448979636,1.6771546778847886,12.306122448979636,1.6771546778847886,0.10404817664770821,0.020964433473559856,True,18,2,4,4,"fly (4,2)",0.19999999999999996,-0.012755102040841848,0.39030612244891927,0.3905144835331758,1.9525724176658794,-1.9515306122445968,12.510654261704682,1.2046896024616398,-0.20855614973262057,1.7050295416292582,-0.2659666933212402,-0.02842332534686508,0.05321160131842705,0.2660580065921353,0.15983659040973322
11,2.2,824.9803921568628,744.4705882352941,823,739,6,11,18.980392156862763,2.0743597985642364,12.529411764705856,1.7075859304539496,12.529411764705856,1.7075859304539496,0.10371798992821182,0.02134482413067437,True,18,2,4,4,"fly (4,2)",0.20000000000000018,-0.06042416966784003,-0.22328931572621968,0.2313205542046174,1.156602771023086,1.1164465786310975,12.345178071228512,1.589365739311334,-0.8273809523808507,1.6824774202696438,0.15215626284580494,-0.11276060679807186,0.03113953180156677,0.15569765900783372,0.2157560285651031
12,2.4,825.02,744.8,823,740,6,11,19.019999999999982,2.078688524590162,12.200000000000045,1.6626916524701936,12.200000000000045,1.6626916524701936,0.1039344262295081,0.020783645655877418,True,18,2,4,4,"fly (4,2)",0.19999999999999973,0.03960784313721888,0.32941176470581013,0.3317844058490069,1.6589220292450368,-1.6470588235290529,12.30980392156865,0.9385082667560408,-0.17687074829931845,1.677656411798112,-0.22447138991878032,-0.024105042357658462,0.04510248401906801,0.22551242009534034,0.12707002636772466
13,2.6,825.02,744.8,823,740,6,11,19.019999999999982,2.078688524590162,12.200000000000045,1.6626916524701936,12.200000000000045,1.6626916524701936,0.1039344262295081,0.020783645655877418,True,18,2,4,4,"fly (4,2)",0.20000000000000018,0.0,0.0,0.0,0.0,0.0,12.373333333333372,1.4222009971086649,0.31764705882361993,1.686314593980698,0.0,0.0432909109129295,0.0,0.0,0.19351002067513035
14,2.8,824.98,744.28,823,739,6,11,18.980000000000018,2.0743169398907124,12.720000000000027,1.7335604770017072,12.720000000000027,1.7335604770017072,0.10371584699453562,0.021669505962521343,True,18,2,4,4,"fly (4,2)",0.19999999999999973,-0.03999999999996362,-0.5199999999999818,0.521536192416191,2.6076809620809582,2.5999999999999126,13.473333333333358,5.50370010189904,5.499999999999922,1.836229415105057,0.3543441226575688,0.7495741056217948,0.07100352838601005,0.35501764193005075,0.7498985076737643
15,3.0,825.0416666666666,741.5,823,737,6,10,19.04166666666663,2.0810564663023636,15.5,2.1124361158432707,15.5,2.1124361158432707,0.10405282331511818,0.026405451448040886,True,18,2,4,4,"fly (4,2)",0.20000000000000018,0.06166666666661058,-2.7799999999999727,2.7806838687232354,13.903419343616164,13.899999999999851,14.792083333333343,7.056646395987367,6.593749999999921,2.015956842703011,1.8943781942078157,0.8986371379897679,0.37893557621824875,1.8946778810912421,0.941565493289248
16,3.2,825.703125,740.84375,823,736,8,11,19.703125,2.1533469945355193,16.15625,2.2018739352640546,16.15625,2.2018739352640546,0.10766734972677595,0.027523424190800682,True,18,2,4,4,"fly (4,2)",0.20000000000000018,0.6614583333333712,-0.65625,0.9317677764529965,4.658838882264978,3.281249999999997,16.223580917874415,7.654438152350515,7.157487922705358,2.2110502102724925,0.447189097103919,0.9754668378474084,0.1150001913692904,0.5750009568464515,1.0213939986257108
17,3.4,825.8985507246376,739.9855072463768,823,735,8,11,19.89855072463763,2.1747049972281562,17.014492753623244,2.3188405797101526,17.014492753623244,2.3188405797101526,0.10873524986140781,0.028985507246376906,True,18,2,4,4,"fly (4,2)",0.19999999999999973,0.19542572463763008,-0.8582427536232444,0.8802112462340798,4.401056231170404,4.2912137681162275,16.854728458858023,3.695879005306022,3.155737704918048,2.2970669109176183,0.5848332222304905,0.430083503225629,0.11890063158788763,0.594503157939439,0.4798425106810848
18,3.6,825.7540983606557,739.6065573770492,823,735,8,10,19.75409836065569,2.1589178536235725,17.39344262295083,2.370486217778648,17.39344262295083,2.370486217778648,0.10794589268117863,0.0296310777222331,True,18,2,4,4,"fly (4,2)",0.20000000000000018,-0.14445236398194083,-0.37894986932758457,0.4055483804965377,2.0277419024826866,1.894749346637921,17.188888511768067,2.581659629483438,1.670800264550205,2.3426083150620873,0.25822819034247746,0.2277070207223447,0.05400468345147285,0.270023417257364,0.3457391212116323
19,3.8,825.6349206349206,739.8412698412699,823,735,7,11,19.634920634920604,2.1458929655650936,17.158730158730123,2.3384981476974613,17.158730158730123,2.3384981476974613,0.10729464827825466,0.029231226846218268,True,18,2,4,4,"fly (4,2)",0.19999999999999973,-0.119177725735085,0.23471246422070635,0.2632361509594446,1.3161807547972246,-1.1735623211035333,17.20969861953468,1.2679072095956407,0.10405053883308234,2.345444445592461,-0.15994035040593402,0.014180652651867907,0.0345381576876188,0.17269078843809424,0.16766674335877577
20,4.0,825.6769230769231,739.9230769230769,823,735,8,11,19.676923076923117,2.1504833963850403,17.076923076923094,2.3273489713012734,17.076923076923094,2.3273489713012734,0.107524169819252,0.02909186214126592,True,18,2,4,4,"fly (4,2)",0.20000000000000018,0.04200244200251291,0.08180708180702823,0.09195979430140255,0.4597989715070124,-0.40903540903514074,17.18800381486949,1.0630227661145624,-0.10847402332596401,2.342487743082724,-0.05574588198093972,-0.014783512548684033,0.012057204876173878,0.06028602438086934,0.13941890463483095
21,4.2,825.8059701492538,739.6716417910447,823,735,8,11,19.805970149253767,2.1645869015577888,17.32835820895525,2.3616161102494377,17.32835820895525,2.3616161102494377,0.10822934507788944,0.029520201378117974,True,18,2,4,4,"fly (4,2)",0.20000000000000018,0.12904707233064983,-0.2514351320321566,0.2826177144078906,1.4130885720394517,1.257175660160782,17.178104514647618,1.1256888654042585,-0.04949650110935022,2.341138605062708,0.17133569474082164,-0.006745690100082108,0.03705598021710593,0.1852799010855295,0.14296499784284392
22,4.4,825.5806451612904,739.8709677419355,823,735,7,11,19.580645161290363,2.1399612198131543,17.129032258064512,2.334450733637412,17.129032258064512,2.334450733637412,0.10699806099065771,0.029180634170467654,True,18,2,4,4,"fly (4,2)",0.20000000000000018,-0.22532498796340406,0.19932595089073857,0.30083581053326297,1.5041790526663135,-0.996629754453692,17.329882843845287,1.6962350156457484,0.7588916459883445,2.3618238969465466,-0.13582688306012825,0.10342645941919541,0.03666581361242666,0.18332906806213314,0.21905637162837044
23,4.6,825.741935483871,739.4677419354839,823,735,7,10,19.741935483870975,2.1575885774722376,17.5322580645161,2.3894048469527904,17.5322580645161,2.3894048469527904,0.10787942887361189,0.02986756058690988,True,18,2,4,4,"fly (4,2)",0.1999999999999993,0.16129032258061216,-0.40322580645158723,0.43428748444629484,2.171437422231482,2.0161290322579433,17.32425524413888,1.6717340269546066,-0.028137998532047275,2.3610569327616866,0.2747705665768928,-0.0038348209242988207,0.05771202914748959,0.288560145737449,0.2145608052306364
24,4.8,825.5901639344262,739.688524590164,823,735,7,11,19.590163934426187,2.1410015228881076,17.31147540983602,2.359315217694858,17.31147540983602,2.359315217694858,0.1070500761444054,0.029491440221185727,True,18,2,4,4,"fly (4,2)",0.20000000000000018,-0.15177154944478843,0.22078265468007885,0.26791712119320554,1.3395856059660265,-1.1039132734003934,17.440218850425065,1.859673608917852,0.5798180314309346,2.376861172119259,-0.15044814628966105,0.07902119678786178,0.034358640378465505,0.17179320189232739,0.23206246276674883
25,5.0,825.9692307692308,739.5230769230769,823,735,8,10,19.969230769230762,2.182429592265657,17.47692307692307,2.381863451710129,17.47692307692307,2.381863451710129,0.10912147961328285,0.02977329314637661,True,18,2,4,4,"fly (4,2)",0.20000000000000018,0.3790668348045756,-0.16544766708705083,0.41359955971121026,2.0679977985560494,0.8272383354352534,17.39916313194999,1.2715195516415403,-0.20527859237536913,2.371265844218057,0.11274117007635355,-0.02797663950601248,0.04716680813409413,0.23583404067047042,0.15332702374177862
26,5.2,825.9242424242424,739.5909090909091,823,735,8,10,19.92424242424238,2.177512833250533,17.409090909090878,2.372618863249183,17.409090909090878,2.372618863249183,0.10887564166252667,0.029657735790614783,True,18,2,4,4,"fly (4,2)",0.20000000000000018,-0.04498834498838278,0.06783216783219359,0.08139505008050935,0.40697525040254634,-0.3391608391609677,17.521833721833712,1.353365827589565,0.6133529494186022,2.387984152890455,-0.046222942304729966,0.08359154336199004,0.010470765732507674,0.05235382866253833,0.16448079534181678
27,5.4,826.0897435897435,739.3205128205128,823,734,8,12,20.089743589743534,2.1956003923216976,17.679487179487182,2.4094701437120523,17.679487179487182,2.4094701437120523,0.10978001961608488,0.030118376796400653,True,18,2,4,4,"fly (4,2)",0.20000000000000018,0.1655011655011549,-0.2703962703963043,0.3170248867620206,1.5851244338101016,1.3519813519815205,17.560042461450887,0.9140396603767109,0.19104369808587696,2.3931914768587244,0.18425640231434653,0.026036619841345948,0.041050903338488404,0.20525451669244182,0.115684936431101
28,5.6,826.2112676056338,739.4084507042254,823,735,8,10,20.211267605633793,2.2088817055337477,17.5915492957746,2.3974854236149366,17.5915492957746,2.3974854236149366,0.11044408527668739,0.02996856779518671,True,18,2,4,4,"fly (4,2)",0.1999999999999993,0.12152401589025885,0.08793788371258415,0.15000385938349672,0.7500192969174863,-0.4396894185629223,17.654448055856506,1.0015518992644499,0.4720279720280956,2.4060576566755034,-0.05992360048557876,0.06433089908389668,0.01788929278766457,0.08944646393832317,0.12619517030989383
29,5.8,826.123076923077,739.3076923076923,823,735,8,10,20.12307692307695,2.1992433795712514,17.692307692307736,2.411217402699521,17.692307692307736,2.411217402699521,0.10996216897856258,0.030140217533744015,True,18,2,4,4,"fly (4,2)",0.20000000000000018,-0.08819068255684215,-0.10075839653313778,0.13390239341315274,0.6695119670657631,0.5037919826656885,17.869128799949028,1.527187423771099,1.0734037204626157,2.4353156797204805,0.06865989542292222,0.14629011522488797,0.016776906059783384,0.08388453029891685,0.20132808761916213
30,6.0,826.1617647058823,738.6764705882352,823,734,8,10,20.16176470588232,2.203471552555445,18.323529411764753,2.497244212846985,18.323529411764753,2.497244212846985,0.11017357762777223,0.031215552660587315,True,18,2,4,4,"fly (4,2)",0.20000000000000018,0.03868778280536844,-0.6312217194570167,0.6324062014660103,3.162031007330049,3.1561085972850806,18.041176470588272,1.7761460952764245,0.8602383531962227,2.458763403146613,0.4301340507373204,0.11723861713066082,0.0861306537240494,0.43065326862024667,0.23341269335545703
31,6.2,826.3692307692307,738.8923076923077,823,735,9,9,20.36923076923074,2.2261454392601903,18.107692307692332,2.467828593893333,18.107692307692332,2.467828593893333,0.1113072719630095,0.030847857423666664,True,18,2,4,4,"fly (4,2)",0.20000000000000018,0.20746606334842,0.21583710407242052,0.2993790622866928,1.4968953114334627,-1.0791855203621017,18.359956789368578,2.505739560789532,1.5939015939015146,2.5022087617538094,-0.14707809476826025,0.2172267930359819,0.037140056229441595,0.18570028114720782,0.33285440321768206
32,6.4,826.5540540540541,738.3513513513514,823,734,9,10,20.554054054054063,2.2463447053611,18.648648648648646,2.5415534785211102,18.648648648648646,2.5415534785211102,0.112317235268055,0.03176941848151388,True,18,2,4,4,"fly (4,2)",0.20000000000000018,0.18482328482332377,-0.5409563409563134,0.5716584727210178,2.8582923636050865,2.7047817047815648,18.31795727351285,2.2045849454637136,-0.20999757927863363,2.4964848072930628,0.36862442313888544,-0.028619772303732582,0.07644193197711847,0.382209659885592,0.2918588875940024
33,6.6,826.5308641975308,738.8024691358024,823,734,9,11,20.530864197530832,2.243810294812113,18.197530864197574,2.480072349464746,18.197530864197574,2.480072349464746,0.11219051474060564,0.031000904368309327,True,18,2,4,4,"fly (4,2)",0.1999999999999993,-0.023189856523231356,0.4511177844510712,0.45171343227051725,2.258567161352594,-2.255588922255364,18.2741233296789,2.08066441601393,-0.21916971916975406,2.490510845612116,-0.307405645281823,-0.029869808404736298,0.061533344349841326,0.3076667217492077,0.28077490329367344
34,6.8,826.5714285714286,739.0238095238095,823,734,9,11,20.571428571428555,2.2482435597189676,17.97619047619048,2.4499067088504916,17.97619047619048,2.4499067088504916,0.1124121779859484,0.030623833860631146,True,18,2,4,4,"fly (4,2)",0.20000000000000018,0.04056437389772327,0.22134038800709277,0.22502674461682254,1.1251337230841116,-1.106701940035463,18.066037194763492,1.3627411676664112,-1.0404306745770502,2.462151576799113,-0.1508282030712714,-0.14179634406501526,0.03048966564924416,0.15244832824622068,0.1798577289818629
35,7.0,826.439024390244,738.9756097560976,823,734,9,11,20.439024390243958,2.233773157403711,18.024390243902417,2.4564756720821013,18.024390243902417,2.4564756720821013,0.11168865787018556,0.030705945901026262,True,18,2,4,4,"fly (4,2)",0.20000000000000018,-0.1324041811845973,-0.04819976771193524,0.14090452371250606,0.7045226185625296,0.24099883855967597,18.00822570187836,0.6187147920963402,-0.28905746442565766,2.4542726680583797,0.032844816158048545,-0.03939454370366647,0.015891627390032113,0.07945813695016049,0.0782679344450916
36,7.2,826.433734939759,738.9759036144578,823,734,9,11,20.433734939759006,2.233195075383498,18.02409638554218,2.456435623242546,18.02409638554218,2.456435623242546,0.11165975376917489,0.030705445290531822,True,18,2,4,4,"fly (4,2)",0.20000000000000018,-0.005289450484951885,0.0002938583602372091,0.005297606928476199,0.026488034642380972,-0.0014692918011860443,17.929040997693658,0.8271126189532095,-0.39592352092351235,2.443480885545984,-0.0002002441977766443,-0.053958912561977636,0.0005794676277787802,0.0028973381388938983,0.10206102992279542
37,7.4,826.6363636363636,739.2613636363636,823,734,9,12,20.636363636363626,2.2553402881271722,17.738636363636374,2.417531361313305,17.738636363636374,2.417531361313305,0.11276701440635861,0.03021914201641631,True,18,2,4,4,"fly (4,2)",0.20000000000000018,0.20262869660462002,0.28546002190580566,0.3500654407309442,1.7503272036547195,-1.427300109529027,17.8235326392393,0.6887481434338696,-0.5275417922717903,2.4291015521961565,-0.1945213096462049,-0.07189666674913676,0.04476552293586647,0.22382761467933215,0.08691564211197139
38,7.6,826.685393258427,739.2921348314607,823,734,9,12,20.685393258426984,2.2606987167679766,17.707865168539342,2.413337672032619,17.707865168539342,2.413337672032619,0.11303493583839883,0.03016672090040774,True,18,2,4,4,"fly (4,2)",0.1999999999999993,0.04902962206335815,0.030771195097031523,0.05788583840090176,0.28942919200450984,-0.15385597548515817,17.718122233571687,0.6799187985530759,-0.5270520283380616,2.4147355684595144,-0.020968446403428837,-0.07182991868321122,0.006804394703537653,0.03402197351768838,0.08594986273234008
39,7.8,826.685393258427,739.2921348314607,823,734,9,12,20.685393258426984,2.2606987167679766,17.707865168539342,2.413337672032619,17.707865168539342,2.413337672032619,0.11303493583839883,0.03016672090040774,True,18,2,4,4,"fly (4,2)",0.20000000000000018,0.0,0.0,0.0,0.0,0.0,17.674975246459173,0.28331380241929205,-0.21573493556256082,2.4088552295003987,0.0,-0.029401694795578835,0.0,0.0,0.03575874734323859
40,8.0,826.6321839080459,739.3908045977012,823,734,9,12,20.63218390804593,2.2548834872181347,17.609195402298838,2.3998903444359576,17.609195402298838,2.3998903444359576,0.11274417436090672,0.029998629305449467,True,18,2,4,4,"fly (4,2)",0.20000000000000018,-0.0532093503810529,0.09866976624050494,0.11210244305067371,0.560512215253368,-0.49334883120252426,17.685232311491518,0.40268478301100147,0.05128532516172013,2.410253125927294,-0.06723663798330776,0.006989482134476407,0.014650853702405549,0.07325426851202768,0.05382963974543228
41,8.2,826.6363636363636,739.2613636363636,823,734,9,12,20.636363636363626,2.2553402881271722,17.738636363636374,2.417531361313305,17.738636363636374,2.417531361313305,0.11276701440635861,0.03021914201641631,True,18,2,4,4,"fly (4,2)",0.1999999999999993,0.004179728317694753,-0.12944096133753646,0.12950842675592716,0.6475421337796381,0.6472048066876847,17.704832810867288,0.451304547716523,0.0980024968788491,2.4129244035253543,0.0882050843867369,0.013356387990302893,0.017646930144853818,0.0882346507242694,0.06036447112188956
42,8.4,826.6444444444444,739.2333333333333,823,734,9,12,20.64444444444439,2.2562234365512994,17.76666666666665,2.421351504826801,17.76666666666665,2.421351504826801,0.11281117182756496,0.03026689381033501,True,18,2,4,4,"fly (4,2)",0.20000000000000107,0.008080808080762836,-0.028030303030277537,0.02917185882331306,0.1458592941165645,0.14015151515138694,17.757323232323227,0.26446714263206694,0.26245210727969054,2.4200781236556357,0.019100717567479452,0.035768600651405476,0.003920898825874393,0.01960449412937186,0.03594638161788033
43,8.6,826.6444444444444,739.2333333333333,823,734,9,12,20.64444444444439,2.2562234365512994,17.76666666666665,2.421351504826801,17.76666666666665,2.421351504826801,0.11281117182756496,0.03026689381033501,True,18,2,4,4,"fly (4,2)",0.1999999999999993,0.0,0.0,0.0,0.0,0.0,17.76666666666665,0.04861976470552091,0.046717171717128976,2.421351504826801,0.0,0.006366905855826513,0.0,0.0,0.006534831376457194
44,8.8,826.6444444444444,739.2333333333333,823,734,9,12,20.64444444444439,2.2562234365512994,17.76666666666665,2.421351504826801,17.76666666666665,2.421351504826801,0.11281117182756496,0.03026689381033501,True,18,2,4,4,"fly (4,2)",0.20000000000000107,0.0,0.0,0.0,0.0,0.0,17.754556803995,0.08726309958887717,-0.060549313358251526,2.4197010976483817,0.0,-0.008252035892095666,0.0,0.0,0.010735892798647255
45,9.0,826.6067415730337,739.2696629213483,823,734,9,12,20.606741573033673,2.252102904156686,17.7303370786517,2.4164002832915434,17.7303370786517,2.4164002832915434,0.11260514520783428,0.030205003541144294,True,18,2,4,4,"fly (4,2)",0.1999999999999993,-0.03770287141071549,0.03632958801495079,0.05235785975332646,0.26178929876663326,-0.18164794007475457,17.74244694132335,0.08726309958887717,-0.060549313358251526,2.4180506904699626,-0.024756107676287085,-0.008252035892095666,0.006441535679188385,0.03220767839594204,0.010735892798647255
46,9.2,826.6067415730337,739.2696629213483,823,734,9,12,20.606741573033673,2.252102904156686,17.7303370786517,2.4164002832915434,17.7303370786517,2.4164002832915434,0.11260514520783428,0.030205003541144294,True,18,2,4,4,"fly (4,2)",0.1999999999999993,0.0,0.0,0.0,0.0,0.0,17.7303370786517,0.08726309958887717,-0.060549313358251526,2.4164002832915434,0.0,-0.008252035892095666,0.0,0.0,0.010735892798647255
47,9.4,826.6067415730337,739.2696629213483,823,734,9,12,20.606741573033673,2.252102904156686,17.7303370786517,2.4164002832915434,17.7303370786517,2.4164002832915434,0.11260514520783428,0.030205003541144294,True,18,2,4,4,"fly (4,2)",0.20000000000000107,0.0,0.0,0.0,0.0,0.0,17.791769434548275,0.35496154945420527,0.3071617794828788,2.424772665696528,0.0,0.04186191202492398,0.0,0.0,0.04615675906460851
48,9.6,826.5,739.0853658536586,823,734,9,12,20.5,2.240437158469945,17.914634146341427,2.4415174305064977,17.914634146341427,2.4415174305064977,0.11202185792349727,0.03051896788133122,True,18,2,4,4,"fly (4,2)",0.1999999999999993,-0.10674157303367338,-0.18429706768972665,0.21297692967252277,1.0648846483626175,0.9214853384486364,17.960088447546735,1.4287742713603502,0.841595064992284,2.4477122245378857,0.12558573607477186,0.1146977942067852,0.027694055438765065,0.13847027719382582,0.17132120061729142
49,9.8,827.0588235294117,738.7647058823529,823,734,10,11,21.05882352941171,2.301510768241717,18.235294117647072,2.4852189598156147,18.235294117647072,2.4852189598156147,0.11507553841208586,0.031065236997695183,True,18,2,4,4,"fly (4,2)",0.20000000000000107,0.5588235294117112,-0.32065997130564483,0.6442876331436904,3.221438165718435,1.6032998565282157,18.07496413199425,2.1431614070405254,1.262392597488426,2.463368195161056,0.2185076465455837,0.1720466913101778,0.07509866493161016,0.3754933246580488,0.25698180092593714
0,0.0,857.0280373831775,710.5093457943925,850,702,16,19,51.02803738317755,5.5768346866860705,46.490654205607484,6.336034644716523,46.490654205607484,6.336034644716523,0.27884173433430354,0.07920043305895653,True,19,3,4,4,"fly (4,3)",,,,,,,46.450515782049024,0.21675476586979098,-0.20069211779230045,6.330564331454722,,-0.027351566309001818,,,0.028778425767858565
1,0.2,856.9952830188679,710.5896226415094,850,702,16,19,50.995283018867894,5.573254974739661,46.410377358490564,6.325094018192922,46.410377358490564,6.325094018192922,0.27866274873698305,0.07906367522741152,True,19,3,4,4,"fly (4,3)",0.2,-0.03275436430965328,0.08027684711692018,0.0867019063479164,0.43350953173958195,-0.4013842355846009,46.400972785516956,0.3359465052636221,-0.31461235525777437,6.323812304670113,-0.054703132618003636,-0.042877322692711495,0.011511370307143427,0.05755685153571713,0.04476921709270187
2,0.4,857.0330188679245,710.6981132075472,850,702,16,19,51.03301886792451,5.577379111248581,46.30188679245282,6.310308251100896,46.30188679245282,6.310308251100896,0.278868955562429,0.0788788531387612,True,19,3,4,4,"fly (4,3)",0.2,0.037735849056616644,0.10849056603774443,0.11486599681025686,0.5743299840512842,-0.5424528301887221,46.284346949990855,0.6711579737777988,-0.5831291776305155,6.307917812605226,-0.07392883546013085,-0.0794724603244316,0.015350159948477694,0.07675079974238846,0.08743235631423107
3,0.6,856.9126213592233,710.8592233009708,850,702,16,19,50.912621359223294,5.5642209135763165,46.140776699029175,6.288351168521864,46.140776699029175,6.288351168521864,0.2782110456788158,0.0786043896065233,True,19,3,4,4,"fly (4,3)",0.19999999999999996,-0.1203975087012168,0.16111009342364468,0.20112688110850596,1.0056344055425301,-0.8055504671182236,46.15065527235447,0.9013813102651866,-0.6684583881819132,6.289697481751887,-0.10978541289516033,-0.09110165426670018,0.02559788353291752,0.12798941766458763,0.1129181443162468
4,0.8,856.7302325581395,710.9906976744186,849,702,17,19,50.730232558139505,5.544287711272077,46.009302325581416,6.270433025632902,46.009302325581416,6.270433025632902,0.27721438556360384,0.07838041282041128,True,19,3,4,4,"fly (4,3)",0.20000000000000007,-0.18238880108378908,0.1314743734477588,0.22483590824034919,1.1241795412017455,-0.6573718672387938,46.053200944711456,1.0325664695431083,-0.4872716382150581,6.276415801664253,-0.08959071444480934,-0.06640840043816858,0.026802843108352865,0.1340142155417643,0.12259450117924471
5,1.0,856.9238095238095,710.9904761904762,850,703,16,18,50.923809523809496,5.5654436638043165,46.009523809523785,6.2704632108379945,46.009523809523785,6.2704632108379945,0.27827218319021585,0.07838079013547493,True,19,3,4,4,"fly (4,3)",0.19999999999999996,0.1935769656699904,-0.00022148394236864988,0.19357709237700976,0.967885461885049,0.0011074197118432496,45.98123625473772,1.0822848508992131,-0.3598234498686755,6.266608007459997,0.00015092602546395997,-0.049038971021283885,0.02115597406627644,0.10577987033138223,0.12354008288947897
6,1.2,856.7089201877934,711.075117370892,849,703,17,18,50.70892018779341,5.541958490469225,45.92488262910797,6.258927785909093,45.92488262910797,6.258927785909093,0.27709792452346127,0.07823659732386366,True,19,3,4,4,"fly (4,3)",0.19999999999999996,-0.2148893360160855,0.08464118041581514,0.23095790992216889,1.1547895496108447,-0.4232059020790758,46.1163843274702,1.934032674714295,0.6757403636623849,6.285026824868171,-0.057677124644506264,0.09209408704086967,0.026165232559058074,0.1308261627952904,0.2284887204768674
7,1.4,857.258064516129,710.5852534562212,850,702,16,19,51.258064516129025,5.601974264057817,46.41474654377885,6.3256894778574235,46.41474654377885,6.3256894778574235,0.28009871320289087,0.0790711184732178,True,19,3,4,4,"fly (4,3)",0.19999999999999996,0.5491443283356148,-0.4898639146708774,0.735884602529398,3.679423012646991,2.4493195733543875,46.06469642226117,2.790326961054357,-0.25843952604513154,6.277982476628439,0.33380845974165135,-0.03522174119865575,0.0897720256607859,0.44886012830392963,0.3428345903624739
8,1.6,856.8262910798122,711.1455399061033,849,703,17,18,50.82629107981222,5.554785910361992,45.854460093896705,6.249330166118801,45.854460093896705,6.249330166118801,0.27773929551809956,0.07811662707648502,True,19,3,4,4,"fly (4,3)",0.20000000000000018,-0.43177343631680287,0.5602864498821418,0.7073536641810475,3.5367683209052343,-2.8014322494107065,46.04099340752706,2.4198002640900227,-0.11851507367054985,6.274752082797555,-0.38179655869311235,-0.01615196915442009,0.08976349599764041,0.44881747998820165,0.30080273897262694
9,1.8,856.8349056603773,711.1462264150944,849,703,17,18,50.83490566037733,5.555727394576757,45.85377358490564,6.249236604416441,45.85377358490564,6.249236604416441,0.27778636972883786,0.07811545755520552,True,19,3,4,4,"fly (4,3)",0.19999999999999996,0.008614580565108554,0.0006865089910661482,0.00864189174356869,0.04320945871784346,-0.0034325449553307416,45.88181058214506,1.3334647333586764,-0.7959141269100192,6.25305766025827,-0.00046780851179928373,-0.10847211269642414,0.0009461217251498987,0.004730608625749495,0.17022840388701446
10,2.0,856.8454106280193,711.0628019323672,849,703,17,18,50.845410628019295,5.556875478472054,45.937198067632835,6.260606210239569,45.937198067632835,6.260606210239569,0.2778437739236027,0.07825757762799461,True,19,3,4,4,"fly (4,3)",0.19999999999999996,0.010504967641963958,-0.08342448272719594,0.08408328409059035,0.42041642045295186,0.4171224136359798,45.84541822380212,0.4975954420374264,-0.18196179171468396,6.248097883993476,0.056848029115639256,-0.024798881323976674,0.01142742460941844,0.05713712304709221,0.06627282743256162
11,2.2,856.9198113207547,711.2547169811321,849,703,17,18,50.91981132075466,5.5650067017218205,45.745283018867894,6.234450837324415,45.745283018867894,6.234450837324415,0.27825033508609104,0.07793063546655518,True,19,3,4,4,"fly (4,3)",0.20000000000000018,0.07440069273536665,0.19191504876494037,0.20583208938829697,1.029160446941484,-0.9595752438247009,45.780339223955515,0.632205309579522,-0.3253949992330261,6.23922851433806,-0.13077686457576998,-0.044346848277072574,0.027390150124968652,0.13695075062484313,0.0847906901505195
12,2.4,856.9414634146342,711.3414634146342,850,703,16,18,50.9414634146342,5.567373050779694,45.65853658536582,6.222628495450198,45.65853658536582,6.222628495450198,0.2783686525389847,0.07778285619312747,True,19,3,4,4,"fly (4,3)",0.19999999999999973,0.02165209387953837,0.08674643350207134,0.08940781226882596,0.4470390613441304,-0.43373216751035726,45.68698748712552,0.6405554432354043,-0.4667586841499844,6.226505960766681,-0.05911170937108697,-0.06361276785689836,0.012056839355924623,0.0602841967796232,0.08197438409715295
13,2.6,856.8523809523809,711.3428571428572,849,703,17,18,50.85238095238094,5.557637262555294,45.657142857142844,6.22243854952543,45.657142857142844,6.22243854952543,0.2778818631277647,0.07778048186906787,True,19,3,4,4,"fly (4,3)",0.20000000000000018,-0.08908246225325911,0.0013937282229790071,0.08909336428411974,0.4454668214205983,-0.0069686411148950295,45.686957250066975,0.5312401070709655,-0.00015118529271753353,6.226501839872842,-0.0009497296238381017,-2.060446919454016e-05,0.00973764097739851,0.048688204886992506,0.06452568582859682
14,2.8,856.9615384615385,711.2548076923077,850,703,16,18,50.96153846153845,5.56956704497688,45.745192307692264,6.234438474642898,45.745192307692264,6.234438474642898,0.278478352248844,0.07793048093303623,True,19,3,4,4,"fly (4,3)",0.19999999999999973,0.10915750915751232,-0.08804945054941982,0.14024288768963333,0.7012144384481676,0.4402472527470997,45.677801042000056,0.5891707811201164,-0.04578104033460741,6.2252539750596325,0.05999962558734148,-0.006239324066045544,0.01692093116383493,0.08460465581917476,0.07184216243218743
15,3.0,856.9126213592233,711.3689320388349,850,703,16,18,50.912621359223294,5.5642209135763165,45.63106796116506,6.21888490101057,45.63106796116506,6.21888490101057,0.2782110456788158,0.07773606126263213,True,19,3,4,4,"fly (4,3)",0.20000000000000018,-0.048917102315158445,0.11412434652720549,0.12416621669831678,0.6208310834915833,-0.5706217326360269,45.65875342295245,0.7017523788414443,-0.09523809523803524,6.222658047421118,-0.07776786816163998,-0.012979638192576887,0.01644672531807902,0.08223362659039503,0.08445487272770985
16,3.2,856.7590909090909,711.4,849,703,17,18,50.7590909090909,5.547441629408842,45.60000000000002,6.214650766609884,45.60000000000002,6.214650766609884,0.27737208147044207,0.07768313458262355,True,19,3,4,4,"fly (4,3)",0.20000000000000018,-0.15353045013239353,0.03106796116503574,0.1566423229169165,0.7832116145845818,-0.15533980582517856,45.64909472579378,0.6978580593138664,-0.048293485793350986,6.221341700278539,-0.021170672003432128,-0.0065817357128938325,0.017305267154711968,0.08652633577355977,0.08591339296458245
17,3.4,856.8333333333334,711.2837837837837,849,702,17,19,50.83333333333337,5.55555555555556,45.71621621621625,6.230489433215162,45.71621621621625,6.230489433215162,0.277777777777778,0.07788111791518953,True,19,3,4,4,"fly (4,3)",0.19999999999999973,0.0742424242424704,-0.11621621621623035,0.1379062959730866,0.689531479865434,0.5810810810811525,45.62443128059567,0.757479485541619,-0.12331722599052779,6.217980413028371,0.07919333302639064,-0.016806436250839413,0.017796043305958485,0.08898021652979254,0.09476653665001528
18,3.6,856.8493150684932,711.4429223744293,849,703,17,18,50.84931506849318,5.557302193277944,45.55707762557074,6.2088010392600665,45.55707762557074,6.2088010392600665,0.27786510966389716,0.07761001299075083,True,19,3,4,4,"fly (4,3)",0.20000000000000018,0.01598173515981216,0.1591385906455116,0.15993907243496847,0.7996953621748416,-0.7956929532275574,45.555604120101826,0.7750058734465376,-0.34413580246924375,6.208600220797522,-0.10844196977547672,-0.046900961154241465,0.021758611529338723,0.10879305764669352,0.10360358128043191
19,3.8,856.8148148148148,711.6064814814815,849,703,17,18,50.81481481481478,5.553531673750249,45.393518518518476,6.186510189917339,45.393518518518476,6.186510189917339,0.27767658368751247,0.07733137737396674,True,19,3,4,4,"fly (4,3)",0.19999999999999973,-0.03450025367840226,0.16355910705226506,0.16715815565986725,0.8357907782993373,-0.8177955352613264,45.452611987697914,0.7195632858905592,-0.5149606620195377,6.194563814337023,-0.11145424671363828,-0.07018203230249194,0.022607493932961905,0.11303746966480968,0.09309449228278775
20,4.0,856.9185520361991,711.5927601809955,849,703,17,18,50.91855203619912,5.564869074994439,45.40723981900453,6.188380213833667,45.40723981900453,6.188380213833667,0.2782434537497219,0.07735475267292083,True,19,3,4,4,"fly (4,3)",0.20000000000000018,0.1037372213843355,-0.013721300486054133,0.1046407434394998,0.5232037171974986,0.06860650243027061,45.37108611250767,0.6198444184476246,-0.407629375951236,6.183452962522339,0.009350119581639218,-0.0555542590734219,0.011490589907372017,0.05745294953686003,0.07914142082730362
21,4.2,856.9508928571429,711.6875,849,703,17,19,50.95089285714289,5.568403590944578,45.3125,6.175468483816013,45.3125,6.175468483816013,0.2784201795472289,0.07719335604770017,True,19,3,4,4,"fly (4,3)",0.20000000000000018,0.032340820943773,0.09473981900453055,0.10010775196920763,0.5005387598460377,-0.4736990950226523,45.294100465119755,0.7541259076235555,-0.38492823693957195,6.172960881106611,-0.06455865008826661,-0.05246040707864715,0.013386768656048235,0.06693384328024111,0.09096106230918521
22,4.4,856.7536945812808,711.8374384236453,849,704,17,17,50.7536945812808,5.546851866806644,45.16256157635473,6.155033945670151,45.16256157635473,6.155033945670151,0.27734259334033223,0.07693792432087689,True,19,3,4,4,"fly (4,3)",0.20000000000000018,-0.1971982758620925,0.149938423645267,0.2477270491654262,1.23863524582713,-0.7496921182263343,45.274159805576765,1.0805598313213818,-0.09970329771495627,6.17024324437162,-0.10217269072931402,-0.013588183674951293,0.029699278822090922,0.14849639411045448,0.13202089601790007
23,4.6,856.9906103286385,711.6525821596244,849,703,17,19,50.99061032863847,5.5727442982118545,45.347417840375556,6.180227303628696,45.347417840375556,6.180227303628696,0.27863721491059273,0.0772528412953587,True,19,3,4,4,"fly (4,3)",0.1999999999999993,0.23691574735767063,-0.1848562640208229,0.3005010976581946,1.5025054882909783,0.9242813201041178,45.32209669878065,1.1065771420714545,0.23968446601941315,6.1767763814351815,0.1259667897927268,0.032665685317807704,0.036126490132600796,0.18063245066300462,0.13545160860200592
24,4.8,856.9514563106796,711.5436893203884,850,703,16,19,50.951456310679646,5.568465170566082,45.45631067961165,6.195067895006698,45.45631067961165,6.195067895006698,0.2784232585283041,0.07743834868758373,True,19,3,4,4,"fly (4,3)",0.20000000000000018,-0.039154017958821896,-0.10889283923609128,0.11571813841925115,0.5785906920962552,0.5444641961804559,45.378494024829855,0.9298182067969126,0.28198663024606313,6.184462558750236,0.07420295689001037,0.038430886575273736,0.015445196206511743,0.07722598103255865,0.11680133473348635
25,5.0,857.0189573459716,711.6682464454976,849,703,17,19,51.01895734597156,5.575842332893067,45.33175355450237,6.178092477615315,45.33175355450237,6.178092477615315,0.2787921166446533,0.07722615597019143,True,19,3,4,4,"fly (4,3)",0.20000000000000018,0.06750103529191165,0.12455712510927697,0.14167168800070104,0.7083584400035046,-0.6227856255463843,45.350407376283634,0.5831095139268984,-0.1404332427311297,6.180634736120427,-0.08487708695691591,-0.0191391131490463,0.01850911450097917,0.09254557250489577,0.07583598222383071
26,5.2,856.9569377990431,711.7368421052631,849,703,17,19,50.95693779904309,5.569064240332578,45.26315789473688,6.168743835739268,45.26315789473688,6.168743835739268,0.2784532120166289,0.07710929794674085,True,19,3,4,4,"fly (4,3)",0.20000000000000018,-0.06201954692846812,0.0685956597654922,0.09247588193618714,0.46237940968093527,-0.3429782988274607,45.20291211134395,0.9242021183570119,-0.7374763246984148,6.160533166793043,-0.04674320938023331,-0.10050784663692203,0.011547278626807562,0.05773639313403776,0.11754963777621263
27,5.4,856.7557603686636,711.9861751152074,849,703,17,19,50.75576036866357,5.547077635919516,45.0138248847926,6.134763187024545,45.0138248847926,6.134763187024545,0.2773538817959758,0.0766845398378068,True,19,3,4,4,"fly (4,3)",0.20000000000000018,-0.2011774303795164,0.2493330099442801,0.3203737010773195,1.601868505386596,-1.2466650497213994,45.22344923614647,1.4489732405026612,0.10268562401260595,6.163332093512295,-0.16990324357361683,0.013994633596265571,0.04047338953794091,0.2023669476897044,0.18451714611157022
28,5.6,857.0094786729858,711.6066350710901,849,703,17,18,51.00947867298578,5.574806412348172,45.39336492890993,6.186489257773074,45.39336492890993,6.186489257773074,0.2787403206174086,0.07733111572216343,True,19,3,4,4,"fly (4,3)",0.1999999999999993,0.25371830432220577,-0.3795400441173342,0.45653436128808905,2.282671806440453,1.8977002205866778,45.1923966045675,1.685235284467005,-0.155263157894862,6.159100048322657,0.2586303537426469,-0.02116022594819317,0.05868961950219348,0.29344809751096845,0.21760846808932166
29,5.8,857.08,711.83,850,704,16,17,51.08000000000004,5.58251366120219,45.16999999999996,6.156047700170352,45.16999999999996,6.156047700170352,0.2791256830601095,0.0769505962521294,True,19,3,4,4,"fly (4,3)",0.20000000000000018,0.07052132701426217,0.22336492890997306,0.23423310831479358,1.1711655415739668,-1.1168246445498644,45.222788309636634,1.283040685178477,0.15195852534570306,6.1632420183491154,-0.15220778801360954,0.0207098501322933,0.03140207181345846,0.15701035906729213,0.16703985323342255
30,6.0,857.035,711.895,850,704,16,17,51.03499999999997,5.577595628415297,45.10500000000002,6.1471890971039205,45.10500000000002,6.1471890971039205,0.27887978142076486,0.07683986371379901,True,19,3,4,4,"fly (4,3)",0.20000000000000018,-0.04500000000007276,0.06499999999994088,0.0790569415042023,0.39528470752101114,-0.32499999999970414,45.1213696369637,0.5530538014311127,-0.5070933633646743,6.149420052737813,-0.04429301533215742,-0.06910982805651349,0.01013222062440143,0.05066110312200711,0.07323102694102818
31,6.2,857.0445544554456,711.9108910891089,850,704,16,17,51.044554455445564,5.578639831196236,45.08910891089113,6.145023360939166,45.08910891089113,6.145023360939166,0.2789319915598118,0.07681279201173957,True,19,3,4,4,"fly (4,3)",0.20000000000000018,0.009554455445595522,0.01589108910889081,0.01854223103967206,0.09271115519836022,-0.07945544554445398,45.034969010985606,0.7348613491623043,-0.43200312989047956,6.137644839657323,-0.010828680823773407,-0.05887606540244964,0.0024043237267570715,0.012021618633785347,0.08794768657291675
32,6.4,856.7511737089202,712.0892018779343,849,704,17,18,50.75117370892019,5.546576361630622,44.91079812206567,6.120722060928882,44.91079812206567,6.120722060928882,0.2773288180815311,0.07650902576161102,True,19,3,4,4,"fly (4,3)",0.20000000000000018,-0.29338074652537216,0.17831078882545626,0.3433176369535086,1.7165881847675415,-0.8915539441272805,45.03481749583409,0.944779111257427,-0.0007575757575736253,6.137624190232926,-0.12150650005141805,-0.00010324712198511721,0.04023206759259161,0.20116033796295787,0.11673033740180501
33,6.6,856.8181818181819,711.8954545454545,849,703,17,19,50.81818181818187,5.553899652260314,45.10454545454547,6.147127148830729,45.10454545454547,6.147127148830729,0.2776949826130157,0.07683908936038411,True,19,3,4,4,"fly (4,3)",0.1999999999999993,0.06700810926167833,-0.19374733247980203,0.2050075987612751,1.0250379938063792,0.9687366623990136,45.02903797051314,1.3084247095505768,-0.028897626604777307,6.136836520683221,0.1320254395092362,-0.003938347748522023,0.027401811121734277,0.13700905560867188,0.15607205595538623
34,6.8,857.0526315789474,711.9282296650717,850,704,16,18,51.0526315789474,5.579522576934142,45.07177033492826,6.1426603522900525,45.07177033492826,6.1426603522900525,0.2789761288467071,0.07678325440362566,True,19,3,4,4,"fly (4,3)",0.20000000000000018,0.23444976076552848,0.03277511961721302,0.23672959001556218,1.1836479500778099,-0.16387559808606497,45.19920402859001,1.7380654536599351,0.85083029038439,6.160027806281433,-0.022333982703384138,0.1159564279910575,0.026009354858905827,0.13004677429452902,0.20834159522773887
35,7.0,857.5416666666666,711.5787037037037,850,703,17,18,51.54166666666663,5.632969034608375,45.421296296296305,6.190295917723517,45.421296296296305,6.190295917723517,0.28164845173041875,0.07737869897154397,True,19,3,4,4,"fly (4,3)",0.20000000000000018,0.48903508771923043,-0.3495259613680446,0.6011020834191237,3.005510417095616,1.7476298068402214,45.23947291463355,1.7706905968587396,0.20134443021769713,6.1655158997797,0.2381778271673205,0.027440467491337495,0.07159379115600323,0.3579689557800158,0.21146219376476336
36,7.2,857.4319248826291,711.7746478873239,850,703,17,19,51.43192488262912,5.620975397008647,45.22535211267609,6.163591429325532,45.22535211267609,6.163591429325532,0.28104876985043237,0.07704489286656915,True,19,3,4,4,"fly (4,3)",0.20000000000000018,-0.10974178403751012,0.19594418362021315,0.22458268468055884,1.122913423402793,-0.9797209181010649,45.304751347591754,1.5130180852094661,0.32639216479102107,6.174412449416253,-0.1335224419899238,0.04448274818276284,0.02927417024394909,0.1463708512197453,0.1841337873044049
37,7.4,857.5023474178404,711.7323943661971,850,703,17,18,51.50234741784038,5.628671848944304,45.26760563380287,6.16935000119971,45.26760563380287,6.16935000119971,0.2814335924472152,0.07711687501499638,True,19,3,4,4,"fly (4,3)",0.20000000000000018,0.0704225352112644,-0.04225352112678138,0.08212608302599811,0.41063041512999016,0.2112676056339067,45.35367762128328,1.0293294213306552,0.2446313684576297,6.18108042538784,0.028792859370891908,0.033339879857939715,0.009612310982690763,0.04806155491345377,0.13459169533296853
38,7.6,857.5821596244132,711.4319248826291,850,703,17,18,51.58215962441318,5.637394494471386,45.56807511737088,6.21029984563828,45.56807511737088,6.21029984563828,0.2818697247235693,0.07762874807047851,True,19,3,4,4,"fly (4,3)",0.1999999999999993,0.07981220657279664,-0.3004694835680084,0.3108888850918354,1.5544444254591825,1.5023474178400473,45.19933752991293,2.273297710001456,-0.771700456851739,6.160046000669564,0.20474922219285113,-0.10517212359137756,0.041868535973141156,0.20934267986570654,0.2937331025138398
39,7.8,857.0403587443947,712.237668161435,849,703,18,19,51.040358744394666,5.578181283540401,44.762331838565046,6.100488155170705,44.762331838565046,6.100488155170705,0.27890906417702005,0.07625610193963381,True,19,3,4,4,"fly (4,3)",0.20000000000000018,-0.5418008800185135,0.805743278805835,0.97096365788304,4.854818289415196,-4.028716394029171,44.99285170136136,2.3800668582087705,-1.0324291427578645,6.131904831531361,-0.5490584523378756,-0.14070584569102076,0.12475901455247196,0.6237950727623592,0.3085209160969394
40,8.0,856.9490740740741,712.3518518518518,849,704,18,18,50.94907407407413,5.568204816838703,44.64814814814815,6.0849264937850975,44.64814814814815,6.0849264937850975,0.27841024084193516,0.07606158117231372,True,19,3,4,4,"fly (4,3)",0.20000000000000018,-0.09128467032053322,0.11418369041689402,0.14618757195038687,0.7309378597519337,-0.5709184520844696,44.713691198006394,2.3398801934561173,-1.395802516774815,6.0938591070536825,-0.07780830692803768,-0.19022862238839067,0.01848499913255049,0.09242499566275236,0.29216099861588235
41,8.2,857.2237442922375,712.269406392694,849,704,18,18,51.223744292237484,5.598223419916665,44.73059360730599,6.096162672205246,44.73059360730599,6.096162672205246,0.27991117099583324,0.07620203340256557,True,19,3,4,4,"fly (4,3)",0.1999999999999993,0.2746702181633509,-0.08244545915783874,0.2867768862402436,1.433884431201223,0.41222729578919515,44.69989066267075,0.7505686693765087,-0.0690026766782609,6.091978284520715,0.05618089210074138,-0.0094041126648406,0.03205258548450699,0.16026292742253553,0.08765537580948461
42,8.4,857.2093023255813,712.2790697674419,849,704,18,18,51.20930232558135,5.596645062905066,44.72093023255809,6.094845687571801,44.72093023255809,6.094845687571801,0.2798322531452533,0.0761855710946475,True,19,3,4,4,"fly (4,3)",0.20000000000000107,-0.014441966656136174,0.009663374747901798,0.017376743435273918,0.08688371717636913,-0.048316873739508735,44.665522961636384,0.8195335311210333,-0.17183850517180146,6.087294441108877,-0.006584923167225441,-0.023419217059189302,0.002055640868633194,0.010278204343165915,0.09852390456145872
43,8.6,857.1441441441441,712.4549549549549,849,704,18,18,51.14414414414409,5.589523950179682,44.54504504504507,6.070874963549584,44.54504504504507,6.070874963549584,0.2794761975089841,0.0758859370443698,True,19,3,4,4,"fly (4,3)",0.1999999999999993,-0.06515818143725483,0.17588518751301763,0.18756648899710093,0.937832444985508,-0.8794259375650912,44.61538798561617,0.4032094041179923,-0.2506748801010883,6.080461735688746,-0.11985362011108379,-0.03416352710065999,0.025006116383734858,0.12503058191867475,0.053356594801570185
44,8.8,857.1556603773585,712.4198113207547,849,704,18,18,51.15566037735846,5.590782554902564,44.58018867924534,6.07566455594485,44.58018867924534,6.07566455594485,0.2795391277451282,0.07594580694931063,True,19,3,4,4,"fly (4,3)",0.20000000000000107,0.011516233214365457,-0.035143634200267115,0.036982410038420135,0.1849120501920997,0.17571817100133463,44.61890506859064,0.6888310989864198,0.01758541487239018,6.080941065566016,0.023947961976329295,0.0023966493863565217,0.004952199628574002,0.02476099814286988,0.08997498879603914
45,9.0,857.2685185185185,712.2685185185185,849,704,18,18,51.268518518518476,5.603116777980161,44.731481481481524,6.096283677203615,44.731481481481524,6.096283677203615,0.2801558388990081,0.07620354596504518,True,19,3,4,4,"fly (4,3)",0.1999999999999993,0.11285814116001802,-0.1512928022361848,0.18874976035632968,0.9437488017816518,0.7564640111809267,44.59381253419576,0.8359444924699856,-0.1254626719744094,6.07752129937932,0.10309560629382411,-0.017098830933480535,0.024026677265314475,0.1201333863265728,0.1098265557384455
46,9.2,857.1813953488372,712.5302325581396,849,704,18,19,51.18139534883721,5.593595120091499,44.46976744186043,6.060615664989496,44.46976744186043,6.060615664989496,0.27967975600457495,0.0757576958123687,True,19,3,4,4,"fly (4,3)",0.1999999999999993,-0.08712316968126288,0.26171403962109707,0.2758345250872401,1.3791726254362053,-1.30857019810549,44.59020897125754,0.94488247726655,-0.018017814691121698,6.077030183476325,-0.17834006107059494,-0.0024555795149737436,0.03691705654917864,0.18458528274589384,0.12460016299910313
47,9.4,857.1578947368421,712.4306220095693,849,704,18,18,51.15789473684208,5.591026747195856,44.56937799043067,6.074191208235866,44.56937799043067,6.074191208235866,0.2795513373597928,0.07592739010294833,True,19,3,4,4,"fly (4,3)",0.20000000000000107,-0.023500611995132203,-0.0996105485702401,0.10234520091635911,0.5117260045817928,0.4980527428511978,44.49999164179288,1.0391474279245176,-0.45108664732330145,6.064734806377223,0.06787771623184966,-0.061476885495509524,0.013816363984968614,0.0690818199248427,0.1316040282689886
48,9.6,857.3778801843318,712.5391705069125,850,704,17,19,51.37788018433184,5.615068872604573,44.460829493087545,6.059397545906309,44.460829493087545,6.059397545906309,0.28075344363022864,0.07574246932382887,True,19,3,4,4,"fly (4,3)",0.1999999999999993,0.219985447489762,0.10854849734312211,0.2453087307511101,1.2265436537555547,-0.5427424867156124,44.46743350225802,0.742148646647376,-0.16279069767430637,6.060297581227668,-0.07396831164778321,-0.022186125747776352,0.028228996427245752,0.14114498213622925,0.09155319771180137
49,9.8,857.4186046511628,712.6279069767442,850,705,17,17,51.41860465116281,5.619519634006864,44.37209302325584,6.04730398954083,44.37209302325584,6.04730398954083,0.2809759817003432,0.07559129986926039,True,19,3,4,4,"fly (4,3)",0.20000000000000107,0.040724466830965866,0.08873646983170147,0.09763525632095664,0.4881762816047806,-0.44368234915850496,44.416461258171694,0.8573599676801676,-0.4932124179370585,6.053350767723568,-0.06046778182739544,-0.06721804673758935,0.012886558214866497,0.06443279107433214,0.10278888660528071
0,0.0,966.2033898305085,622.2372881355932,961,614,12,18,160.2033898305085,17.508567194591095,134.7627118644068,18.366298039442153,134.7627118644068,18.366298039442153,0.8754283597295547,0.22957872549302694,True,20,4,4,4,"fly (4,4)",,,,,,,134.7462207970683,0.12932796764563723,-0.08245533669253291,18.364050534523788,,-0.011237524591827253,,,0.015647694163740504
1,0.2,966.2432432432432,622.2702702702702,961,613,12,20,160.24324324324323,17.512922758824395,134.7297297297298,18.361803029605422,134.7297297297298,18.361803029605422,0.8756461379412198,0.2295225378700678,True,20,4,4,4,"fly (4,4)",0.2,0.039853412734714766,0.032982134677013164,0.0517311870582549,0.25865593529127445,-0.16491067338506582,134.7995063140676,0.3941436682327497,0.23894247276568117,18.371312615205124,-0.022475049183654505,0.032564561876077626,0.006259077665496202,0.03129538832748101,0.05172622814413861
2,0.4,966.2983425414365,622.0939226519338,961,613,12,19,160.29834254143645,17.5189445400477,134.90607734806622,18.3858367765678,134.90607734806622,18.3858367765678,0.875947227002385,0.22982295970709749,True,20,4,4,4,"fly (4,4)",0.2,0.05509929819322679,-0.17634761833642187,0.18475501388139495,0.9237750694069747,0.8817380916821094,134.77229605295904,0.7691414930137267,-0.13605130554291622,18.367604232089818,0.12016873481188739,-0.018541915576542806,0.024776659220986968,0.12388329610493483,0.1028330602331861
3,0.6,966.2972972972973,622.3189189189189,961,613,12,20,160.2972972972973,17.51883030571555,134.68108108108106,18.355172890096227,134.68108108108106,18.355172890096227,0.8759415152857776,0.22943966112620284,True,20,4,4,4,"fly (4,4)",0.19999999999999996,-0.0010452441391635148,0.2249962669851584,0.22499869486858615,1.124993474342931,-1.1249813349257922,134.88757994149867,1.4371487924269928,0.5764194426982762,18.383315835297946,-0.1533194323578613,0.07855801604065363,0.030664099253428483,0.15332049626714245,0.19068971494894624
4,0.8,966.0755813953489,621.9244186046512,961,614,12,18,160.07558139534888,17.49459905960097,135.07558139534876,18.408937839229814,135.07558139534876,18.408937839229814,0.8747299529800485,0.2301117229903727,True,20,4,4,4,"fly (4,4)",0.20000000000000007,-0.22171590194841428,-0.3945003142677024,0.4525355667062146,2.262677833531072,1.9725015713385112,134.9043947385201,2.3403990140964948,0.0840739851071245,18.385607460104954,0.2688247456679348,0.011458124035037492,0.05897307049495232,0.2948653524747615,0.2827465808299088
5,1.0,965.3586956521739,622.0434782608695,960,613,13,19,159.35869565217388,17.416250890947964,134.9565217391305,18.392711650988822,134.9565217391305,18.392711650988822,0.8708125445473982,0.2299088956373603,True,20,4,4,4,"fly (4,4)",0.19999999999999996,-0.7168857431749984,0.11905965621826908,0.726705146883096,3.6335257344154805,-0.5952982810913455,134.89710700385808,3.11823044802931,-0.03643867331012074,18.38461424243381,-0.08113094120496102,-0.004966088355722376,0.08001077874956446,0.40005389374782235,0.36393419932297383
6,1.2,965.9832402234637,622.340782122905,961,614,12,18,159.98324022346367,17.484507128247394,134.659217877095,18.352193237082794,134.659217877095,18.352193237082794,0.8742253564123698,0.2294024154635349,True,20,4,4,4,"fly (4,4)",0.19999999999999996,0.624544571289789,0.2973038620355055,0.6916975552282755,3.458487776141378,-1.4865193101775278,134.80788307358173,2.6229284662106087,-0.44611965138168824,18.372454251936183,-0.20259206953014092,-0.06079995248813457,0.0793766703492675,0.3968833517463376,0.3004008957636652
7,1.4,966.0282485875706,622.1920903954802,961,614,12,18,160.0282485875706,17.48942607514433,134.80790960451975,18.372457867736934,134.80790960451975,18.372457867736934,0.8744713037572164,0.22965572334671167,True,20,4,4,4,"fly (4,4)",0.19999999999999996,0.045008364106934096,-0.14869172742476167,0.15535437761499343,0.7767718880749673,0.7434586371238084,134.56705667826876,2.575030959772476,-1.2041319765648941,18.339632937413118,0.10132315327069821,-0.16410657261531594,0.0208530883593671,0.10426544179683553,0.31613974374571907
8,1.6,966.4255319148936,622.7659574468084,961,614,13,19,160.42553191489355,17.532845018021153,134.23404255319156,18.294247707419633,134.23404255319156,18.294247707419633,0.8766422509010576,0.2286780963427454,True,20,4,4,4,"fly (4,4)",0.20000000000000018,0.3972833273229526,0.5738670513281932,0.6979666430202172,3.4898332151010827,-2.869335256640963,134.46363683034818,2.5214984700425958,-0.5170992396028842,18.325538239229736,-0.3910508015865052,-0.07047349091691862,0.08945408753879691,0.44727043769398417,0.3049948981840409
9,1.8,965.7760416666666,622.6510416666667,960,614,13,19,159.77604166666663,17.461862477231325,134.34895833333326,18.309909142532643,134.34895833333326,18.309909142532643,0.8730931238615662,0.228873864281658,True,20,4,4,4,"fly (4,4)",0.19999999999999996,-0.6494902482269254,-0.11491578014170045,0.6595780613903474,3.2978903069517376,0.5745789007085024,134.338273022781,3.2328379161709484,-0.626819037835843,18.308452882150736,0.07830717556505108,-0.08542678539500403,0.07268976301226061,0.36344881506130317,0.37687398691330376
10,2.0,966.3522727272727,622.5681818181818,961,614,12,19,160.35227272727275,17.524838549428715,134.43181818181824,18.32120179649993,134.43181818181824,18.32120179649993,0.8762419274714358,0.22901502245624913,True,20,4,4,4,"fly (4,4)",0.19999999999999996,0.5762310606061192,-0.08285984848498629,0.5821580452920048,2.9107902264600245,0.41429924242493155,134.43152955661586,2.375788982766799,0.46628266917423383,18.32116246086758,0.05646326983644202,0.06354789358422151,0.06398054159692476,0.3199027079846239,0.26305269696785966
11,2.2,966.1878453038673,622.4861878453039,961,614,12,19,160.18784530386733,17.506868339220475,134.5138121546961,18.332376443570165,134.5138121546961,18.332376443570165,0.8753434169610237,0.22915470554462708,True,20,4,4,4,"fly (4,4)",0.20000000000000018,-0.16442742340541372,-0.0819939728778536,0.18373728297772715,0.9186864148886349,0.4099698643892676,134.44623130677647,1.4791790732532126,0.07350875080305708,18.323166106545347,0.05587323535117145,0.010018228388831285,0.021161313571530383,0.10580656785765181,0.1694566616856595
12,2.4,966.2023121387283,622.6069364161849,961,614,12,18,160.2023121387283,17.508449414068668,134.3930635838151,18.31592007956594,134.3930635838151,18.31592007956594,0.8754224707034334,0.22894900099457427,True,20,4,4,4,"fly (4,4)",0.19999999999999973,0.014466834860968447,0.12074857088100543,0.1216121156821956,0.6080605784109788,-0.603742854405028,134.4804528323773,0.7466018115585084,0.17110762800408885,18.327830028262664,-0.08228182002111961,0.023319608586588613,0.01653214184294054,0.08266070921470281,0.09511934445353175
13,2.6,966.183908045977,622.4655172413793,961,614,12,18,160.18390804597698,17.50643803781169,134.5344827586207,18.335193561651884,134.5344827586207,18.335193561651884,0.8753219018905846,0.22918991952064854,True,20,4,4,4,"fly (4,4)",0.20000000000000018,-0.018404092751325152,-0.1414191748056055,0.14261168827518236,0.7130584413759112,0.7070958740280269,134.5073302622934,0.6260170081684447,0.1343871495805612,18.331493051079168,0.096367410429714,0.01831511408253064,0.019378151257648135,0.09689075628824059,0.08171036986462119
14,2.8,966.2777777777778,622.4055555555556,961,614,12,18,160.27777777777783,17.51669702489375,134.59444444444443,18.343365512019684,134.59444444444443,18.343365512019684,0.8758348512446876,0.22929206890024606,True,20,4,4,4,"fly (4,4)",0.19999999999999973,0.09386973180085079,-0.05996168582373684,0.11138640094368873,0.5569320047184444,0.2998084291186846,134.50615402892868,0.7880882321484358,-0.005881166823655581,18.331332746702376,0.04085975183899754,-0.0008015218839751703,0.01311592881818401,0.06557964409092014,0.10276136540080028
15,3.0,966.3546511627907,622.6104651162791,961,615,12,17,160.35465116279067,17.525098487736685,134.3895348837209,18.315439166435556,134.3895348837209,18.315439166435556,0.8762549243868343,0.22894298958044446,True,20,4,4,4,"fly (4,4)",0.20000000000000018,0.07687338501284557,0.20490956072353583,0.2188548500701906,1.094274250350952,-1.0245478036176783,134.5073409354754,0.9264566330853506,0.0059345327336285765,18.331494505686596,-0.13963172792063705,0.0008087949211048143,0.02916273916464805,0.1458136958232401,0.11623861152619537
16,3.2,966.1847826086956,622.4619565217391,961,614,12,19,160.18478260869563,17.50653361843668,134.53804347826087,18.335678838604547,134.53804347826087,18.335678838604547,0.8753266809218341,0.22919598548255685,True,20,4,4,4,"fly (4,4)",0.20000000000000018,-0.16986855409504642,-0.148508594539976,0.22563272883733135,1.1281636441866558,0.7425429726998793,134.4981410939226,0.9044667414818096,-0.04599920776399797,18.33024069423136,0.10119836084495396,-0.006269057276184005,0.0274644989328852,0.13732249466442586,0.11268650078175714
17,3.4,966.0909090909091,622.433155080214,960,614,13,19,160.09090909090912,17.496274217585697,134.56684491978604,18.339604077653973,134.56684491978604,18.339604077653973,0.8748137108792848,0.22924505097067469,True,20,4,4,4,"fly (4,4)",0.19999999999999973,-0.09387351778650554,-0.028801441525160953,0.09819246598156418,0.49096232990782157,0.14400720762580496,134.67248556801928,1.1799156087580063,0.8717223704834011,18.3540014402752,0.01962619524713108,0.11880373021920566,0.010984662371521082,0.05492331185760548,0.14832364794479486
18,3.6,965.9234972677596,622.0874316939891,960,614,13,18,159.92349726775956,17.47797784347099,134.91256830601094,18.38672140456708,134.91256830601094,18.38672140456708,0.8738988921735495,0.2298340175570885,True,20,4,4,4,"fly (4,4)",0.20000000000000018,-0.16741182314956404,-0.34572338622490406,0.38412417043590874,1.920620852179542,1.7286169311245188,134.86312028992532,1.2859628884373333,0.9531736095302298,18.37998232230669,0.23558663456553197,0.12990441015744497,0.05054502746247069,0.25272513731235324,0.1616558083539669
19,3.8,965.7120418848167,621.890052356021,960,613,13,19,159.7120418848167,17.45486796555374,135.109947643979,18.413621484699014,135.109947643979,18.413621484699014,0.8727433982776869,0.23017026855873768,True,20,4,4,4,"fly (4,4)",0.19999999999999973,-0.2114553829428587,-0.19737933796807283,0.2892610966449269,1.4463054832246363,0.9868966898403655,135.05460676593864,1.276505015169072,0.9574323800666207,18.406079286669662,0.1345004006596719,0.13048482181487128,0.035463795178388345,0.17731897589194195,0.16072902653408686
20,4.0,965.625,621.858695652174,960,613,13,19,159.625,17.44535519125683,135.141304347826,18.417894970742896,135.141304347826,18.417894970742896,0.8722677595628415,0.2302236871342862,True,20,4,4,4,"fly (4,4)",0.20000000000000018,-0.08704188481669917,-0.031356703846995515,0.09251774202060764,0.4625887101030378,0.15678351923497744,135.12960604312374,0.7082174690837646,0.37499638592540463,18.416300653236622,0.021367430219409993,0.05110683283480341,0.010428593279593086,0.05214296639796539,0.08436371189861526
21,4.2,965.5820105820105,621.8624338624338,960,613,13,19,159.58201058201053,17.4406568942088,135.13756613756618,18.417385504267962,135.13756613756618,18.417385504267962,0.8720328447104401,0.23021731880334953,True,20,4,4,4,"fly (4,4)",0.20000000000000018,-0.04298941798947453,0.0037382102598257916,0.043151642784724005,0.21575821392361982,-0.01869105129912894,135.08567085396498,0.4949535540569972,-0.21967594579374825,18.41031289321499,-0.002547332374671638,-0.029938800108180147,0.004725838681187692,0.02362919340593844,0.06174454116997319
22,4.4,965.6065573770492,622.0218579234972,960,613,13,19,159.60655737704917,17.44333960404909,134.97814207650276,18.395658204634106,134.97814207650276,18.395658204634106,0.8721669802024545,0.22994572755792633,True,20,4,4,4,"fly (4,4)",0.20000000000000018,0.02454679503864554,0.15942406106341878,0.16130274762886698,0.8065137381443342,-0.7971203053170932,135.08116199728224,0.6107823135899154,-0.02254428341378308,18.409698398266745,-0.1086364981692788,-0.003072474741229398,0.021892292741203166,0.10946146370601573,0.08018591190011108
23,4.6,965.5444444444445,621.8722222222223,960,613,13,19,159.54444444444448,17.436551305403768,135.12777777777774,18.41605148589816,135.12777777777774,18.41605148589816,0.8718275652701885,0.230200643573727,True,20,4,4,4,"fly (4,4)",0.1999999999999993,-0.062112932604691196,-0.14963570127497405,0.16201499774035794,0.8100749887017925,0.7481785063748729,135.06243840103923,0.9851016045297013,-0.09361798121498428,18.407146630465313,0.10196640632026224,-0.0127588390071526,0.021493415717675744,0.1074670785883791,0.1214832768437889
24,4.8,965.8081395348837,621.9186046511628,961,613,12,19,159.8081395348837,17.465370440970897,135.0813953488372,18.40973020086367,135.0813953488372,18.40973020086367,0.8732685220485449,0.2301216275107959,True,20,4,4,4,"fly (4,4)",0.20000000000000018,0.2636950904392279,0.04638242894054656,0.2677432173485958,1.3387160867429777,-0.2319121447027326,135.40481209483653,2.392592352750925,1.7118684689864943,18.453807440522866,-0.03160642517244125,0.23330405028776954,0.029504257647394398,0.14752128823697186,0.30699320751114695
25,5.0,965.4105263157894,620.9947368421053,960,612,13,19,159.4105263157894,17.42191544434857,136.00526315789466,18.535640634806768,136.00526315789466,18.535640634806768,0.8710957722174285,0.2316955079350846,True,20,4,4,4,"fly (4,4)",0.20000000000000018,-0.39761321909429626,-0.9238678090574695,1.005797196561602,5.028985982808005,4.619339045287343,135.56392890395338,2.803245478299864,0.795584045584215,18.475492865956166,0.6295521697154877,0.10842712716650375,0.1331982511416181,0.6659912557080899,0.3632716299385485
26,5.2,965.4923076923077,621.3948717948717,960,612,13,20,159.4923076923077,17.43085329970576,135.60512820512827,18.48110776219806,135.60512820512827,18.48110776219806,0.8715426649852879,0.23101384702747577,True,20,4,4,4,"fly (4,4)",0.20000000000000018,0.0817813765182791,0.4001349527663933,0.4084068730697224,2.04203436534861,-2.000674763831965,135.7921162699438,2.7913685328862177,1.1409368299520857,18.50659165518825,-0.27266436304353525,0.15549394616042383,0.05526046917411677,0.2763023458705836,0.3663459579521284
27,5.4,965.2872340425532,621.2340425531916,960,613,13,18,159.28723404255322,17.408440878967564,135.76595744680844,18.503026568559925,135.76595744680844,18.503026568559925,0.8704220439483783,0.23128783210699905,True,20,4,4,4,"fly (4,4)",0.20000000000000018,-0.20507364975446762,-0.16082924168017598,0.26061705010040787,1.3030852505020383,0.8041462084008792,135.64671547513913,1.5159489132404957,-0.7270039740232438,18.486775533238724,0.10959403180931905,-0.09908060974762979,0.031348854455542356,0.15674427227771165,0.19566868178903865
28,5.6,965.4254143646409,621.4309392265193,960,613,12,18,159.42541436464091,17.423542553512668,135.56906077348071,18.47619226895819,135.56906077348071,18.47619226895819,0.8711771276756334,0.23095240336197737,True,20,4,4,4,"fly (4,4)",0.1999999999999993,0.13818032208769182,0.19689667332772842,0.24054542477416704,1.2027271238708395,-0.9844833666386457,135.6729754220887,1.0276603680950285,0.1312997347478494,18.490354401647526,-0.13417149800867326,0.01789434204399716,0.030791885443764037,0.15395942721882072,0.12974047335381889
29,5.8,965.4137931034483,621.316091954023,960,613,12,18,159.41379310344826,17.422272470322213,135.68390804597698,18.49184436742446,135.68390804597698,18.49184436742446,0.8711136235161107,0.23114805459280574,True,20,4,4,4,"fly (4,4)",0.20000000000000018,-0.011621261192658494,-0.11484727249626303,0.11543374598244174,0.5771687299122082,0.5742363624813146,135.54241260843523,1.2078743239522032,-0.652814068267466,18.472560491779927,0.07826049233134562,-0.0889695493379843,0.01570354411298487,0.07851772056492429,0.15672000557073454
30,6.0,965.6140350877192,621.625730994152,961,613,11,19,159.61403508771923,17.444156840187894,135.37426900584796,18.449644838957134,135.37426900584796,18.449644838957134,0.8722078420093947,0.23062056048696417,True,20,4,4,4,"fly (4,4)",0.20000000000000018,0.20024198427097417,0.30963904012901367,0.36874542361471285,1.8437271180735626,-1.548195200645067,135.51446138413885,1.0789620595430907,-0.13975612148177166,18.46875112560666,-0.21099764233662535,-0.019046830866340472,0.047536573785691774,0.23768286892845866,0.13872149611108145
31,6.2,965.7337278106509,621.5147928994083,961,613,11,19,159.73372781065086,17.45723801209299,135.48520710059165,18.464764170438386,135.48520710059165,18.464764170438386,0.8728619006046495,0.23080955213047982,True,20,4,4,4,"fly (4,4)",0.20000000000000018,0.11969272293163158,-0.11093809474368754,0.16319806612870055,0.815990330643502,0.5546904737184373,135.43969068867852,1.0706972624462299,-0.3738534773016981,18.458560911574583,0.07559665740625825,-0.050951070160364674,0.01999277976797229,0.09996389883986136,0.1329697869767714
32,6.4,965.6262626262626,621.540404040404,960,612,13,20,159.6262626262626,17.445493183198096,135.45959595959596,18.46127372532824,135.45959595959596,18.46127372532824,0.8722746591599049,0.230765921566603,True,20,4,4,4,"fly (4,4)",0.20000000000000018,-0.10746518438827479,0.02561114099569295,0.11047486772432526,0.5523743386216258,-0.12805570497846464,135.48596402180772,0.6263317384823609,0.23136666564596475,18.464867328355396,-0.017452225550726994,0.031532083904046763,0.012252518632398849,0.06126259316199419,0.07371061755159432
33,6.6,965.5392670157069,621.4869109947645,960,613,13,19,159.53926701570686,17.435985466197472,135.51308900523554,18.468564089299562,135.51308900523554,18.468564089299562,0.8717992733098735,0.23085705111624455,True,20,4,4,4,"fly (4,4)",0.1999999999999993,-0.08699561055573213,-0.053493045639584125,0.10212610923639087,0.5106305461819561,0.26746522819792157,135.48819228557446,0.6874245789471057,0.011141318833741748,18.46517100995904,0.03645181985660897,0.0015184080182233401,0.011981072130585437,0.0599053606529274,0.07690602949480564
34,6.8,965.3405405405406,621.5081081081081,960,613,12,19,159.3405405405406,17.41426672574214,135.4918918918919,18.46567521524932,135.4918918918919,18.46567521524932,0.870713336287107,0.23082094019061652,True,20,4,4,4,"fly (4,4)",0.20000000000000018,-0.19872647516626785,0.02119711334364638,0.19985377040754737,0.999268852037736,-0.1059855667182318,135.54760624498843,0.7545849468116989,0.29706979706986675,18.473268312775257,-0.014444370251212023,0.04048651408107067,0.021910026933899093,0.10955013466949537,0.09034473265551508
35,7.0,965.3027027027027,621.3621621621621,960,613,13,19,159.30270270270273,17.41013144291833,135.63783783783788,18.485565633776883,135.63783783783788,18.485565633776883,0.8705065721459165,0.23106957042221105,True,20,4,4,4,"fly (4,4)",0.20000000000000018,-0.03783783783785566,-0.1459459459459822,0.15077108844308124,0.7538554422154055,0.7297297297299103,135.626130943778,0.7705374609439365,0.39262349394789425,18.483970145659697,0.09945209263781499,0.05350916442219853,0.020315740528824518,0.1015787026441225,0.0956771370433131
36,7.2,965.2887700534759,621.2513368983957,960,612,12,20,159.2887700534759,17.40860874901376,135.74866310160428,18.50066958795288,135.74866310160428,18.50066958795288,0.8704304374506879,0.23125836984941103,True,20,4,4,4,"fly (4,4)",0.20000000000000018,-0.013932649226831018,-0.1108252637664009,0.11169761771573396,0.5584880885786693,0.554126318832004,135.91198776834452,1.4930557341887332,1.4292841228325404,18.52292848631612,0.07551977087999255,0.1947917032821184,0.015180514763264303,0.07590257381632146,0.20042940116386002
37,7.4,965.489247311828,620.6505376344086,960,612,13,19,159.48924731182797,17.430518831893767,136.34946236559142,18.58255023721859,136.34946236559142,18.58255023721859,0.8715259415946883,0.2322818779652324,True,20,4,4,4,"fly (4,4)",0.20000000000000018,0.2004772583520662,-0.6007992639871418,0.6333647343544258,3.166823671772126,3.0039963199357063,136.3601938691822,2.538381689416911,2.2410305041883807,18.584012793074233,0.4094032463285476,0.30542153379058157,0.0847613854062273,0.4238069270311361,0.33227895649526856
38,7.6,965.9415204678362,620.0175438596491,961,612,12,18,159.9415204678362,17.479947592113245,136.9824561403509,18.66881855405123,136.9824561403509,18.66881855405123,0.8739973796056623,0.23336023192564037,True,20,4,4,4,"fly (4,4)",0.1999999999999993,0.45227315600823204,-0.632993774759484,0.7779666615799851,3.889833307899939,3.1649688737974313,136.94862832879642,3.675189472645282,2.9421722980710783,18.664208290125575,0.43134158416320445,0.4009774852567108,0.09942547372766926,0.49712736863834806,0.46855755735585597
39,7.8,965.3519553072625,619.4860335195531,960,611,13,19,159.35195530726253,17.415514241230877,137.51396648044692,18.741256079106908,137.51396648044692,18.741256079106908,0.8707757120615439,0.23426570098883634,True,20,4,4,4,"fly (4,4)",0.20000000000000018,-0.5895651605736703,-0.5315103400960197,0.7937822876527569,3.968911438263781,2.6575517004800964,137.32189878793818,2.753866545759127,1.8663522957088725,18.7150799029558,0.36218762527838033,0.25435806415112383,0.09694767527961685,0.4847383763980838,0.3431683851359894
40,8.0,965.4189944134079,619.5307262569833,960,611,12,19,159.41899441340786,17.422840919498128,137.46927374301674,18.735165075709265,137.46927374301674,18.735165075709265,0.8711420459749063,0.23418956344636582,True,20,4,4,4,"fly (4,4)",0.20000000000000018,0.06703910614533015,0.044692737430182206,0.08057097822273261,0.4028548911136627,-0.22346368715091083,137.4453937999781,1.7126297656540208,0.6174750601995042,18.731910568991903,-0.030455016988213374,0.08415333018051034,0.009527882074307263,0.047639410371536274,0.2095245315143106
41,8.2,965.5187165775401,619.6470588235294,960,611,13,19,159.5187165775401,17.433739516671046,137.3529411764706,18.719310552159538,137.3529411764706,18.719310552159538,0.8716869758335524,0.23399138190199423,True,20,4,4,4,"fly (4,4)",0.1999999999999993,0.09972216413223123,0.11633256654613433,0.1532245935169235,0.7661229675846202,-0.5816628327306738,137.39861376437125,0.6339214669428617,-0.23390017803421936,18.725535095655367,-0.07927261774863609,-0.03187736668268814,0.0192391615546623,0.09619580777331184,0.0747875736022386
42,8.4,965.3736263736264,619.6263736263736,960,611,13,19,159.3736263736264,17.417882663784304,137.3736263736264,18.722129659097295,137.3736263736264,18.722129659097295,0.8708941331892153,0.23402662073871616,True,20,4,4,4,"fly (4,4)",0.20000000000000107,-0.14509020391369631,-0.020685197155785318,0.1465573084260614,0.7327865421303031,0.10342598577892603,137.34765057696265,0.6395457882267792,-0.2548159370430399,18.71858951645147,0.01409553468878492,-0.03472789601949239,0.016105500532373637,0.08052750266186776,0.07605845793189524
43,8.6,965.4350282485875,619.6836158192091,960,611,12,19,159.4350282485875,17.42459325121175,137.31638418079092,18.71432833809757,137.31638418079092,18.71432833809757,0.8712296625605875,0.23392910422621963,True,20,4,4,4,"fly (4,4)",0.1999999999999993,0.061401874961120484,0.05724219283547427,0.08394557099308275,0.41972785496541526,-0.28621096417737235,137.2389640916158,0.8767928188508932,-0.5434324267342064,18.7037770482611,-0.0390066049986261,-0.07406234095184859,0.010290412672101193,0.051452063360506145,0.11064179668237573
44,8.8,965.494623655914,619.9731182795699,960,611,12,19,159.49462365591398,17.431106410482403,137.02688172043008,18.67487314758843,137.02688172043008,18.67487314758843,0.8715553205241201,0.23343591434485533,True,20,4,4,4,"fly (4,4)",0.20000000000000107,0.059595407326469285,0.28950246036083627,0.295572811891394,1.477864059456962,-1.4475123018041736,137.22735457180954,1.1581447491314505,-0.05804759903127921,18.70219483091101,-0.19727595254570468,-0.007911086750429655,0.03998916480495088,0.19994582402475333,0.15515433135545295
45,9.0,965.4480874316939,619.6612021857924,960,611,12,19,159.44808743169392,17.42602048433813,137.33879781420762,18.717383007047037,137.33879781420762,18.717383007047037,0.8713010242169067,0.23396728758808794,True,20,4,4,4,"fly (4,4)",0.1999999999999993,-0.04653622422006265,-0.3119160937775405,0.31536846659439394,1.5768423329719752,1.559580468887708,137.23791527766005,1.165421945679739,0.05280352925259507,18.70363410939149,0.2125492972930417,0.007196392402396089,0.04281302133621974,0.21406510668109946,0.1541386965600362
46,9.2,965.5359116022099,619.6519337016575,960,611,12,18,159.53591160220992,17.43561875433988,137.34806629834247,18.718646173539007,137.34806629834247,18.718646173539007,0.871780937716994,0.2339830771692376,True,20,4,4,4,"fly (4,4)",0.1999999999999993,0.08782417051600078,-0.009268484134850041,0.08831188892205594,0.44155944461028124,0.04634242067425037,137.37339914862784,1.0136882862054017,0.6774193548388528,18.72209869146546,0.006315832459851145,0.09232291036985547,0.009681031794851143,0.04840515897425589,0.1265011522089432
47,9.4,965.35,619.5666666666666,960,611,12,18,159.35000000000002,17.41530054644809,137.4333333333334,18.73026689381034,137.4333333333334,18.73026689381034,0.8707650273224045,0.2341283361726293,True,20,4,4,4,"fly (4,4)",0.20000000000000107,-0.18591160220989877,-0.08526703499092037,0.20453261620679103,1.0226630810339497,0.42633517495459955,137.3474230656311,0.7773575284456286,-0.1298804149837467,18.7185585097964,0.058103601356673494,-0.01770090834531521,0.023406638194294983,0.1170331909714743,0.09448194048790887
48,9.6,965.3695652173913,619.7391304347826,960,611,12,19,159.36956521739125,17.417438821572816,137.26086956521738,18.706762462039848,137.26086956521738,18.706762462039848,0.8708719410786407,0.2338345307754981,True,20,4,4,4,"fly (4,4)",0.1999999999999993,0.01956521739123218,0.1724637681160175,0.1735700119385305,0.8678500596926556,-0.8623188405800906,137.3024392175497,0.7300775505259799,-0.22491924040688716,18.71242783203403,-0.11752215885247039,-0.03065338881183891,0.023601494303599212,0.11800747151799648,0.09104400233115863
49,9.8,965.3333333333334,619.7868852459017,960,611,12,19,159.33333333333337,17.41347905282332,137.21311475409834,18.700254140251904,137.21311475409834,18.700254140251904,0.870673952641166,0.2337531767531488,True,20,4,4,4,"fly (4,4)",0.20000000000000107,-0.03623188405788369,0.04775481111903446,0.059943902170267356,0.2997195108513352,-0.238774055595171,137.23699215965786,0.583784785271995,-0.5505464480876305,18.703508301145874,-0.03254160893971996,-0.07503188389609511,0.00761826890080108,0.0380913445040052,0.0780494080110008
0,0.0,965.3412162162163,587.9087837837837,954,580,20,20,159.34121621621625,17.41434057007828,169.09121621621625,23.04479948432249,169.09121621621625,23.04479948432249,0.870717028503914,0.2880599935540311,True,21,5,4,4,"fly (4,5)",,,,,,,169.1952791607397,0.685501639127016,0.5203147226171723,23.058981827698766,,0.07091171688138331,,,0.08606731194057549
1,0.2,965.5197368421052,587.7006578947369,954,579,20,22,159.5197368421052,17.433851020995103,169.29934210526312,23.073164171075042,169.29934210526312,23.073164171075042,0.8716925510497552,0.28841455213843803,True,21,5,4,4,"fly (4,5)",0.2,0.17852062588895024,-0.2081258890468689,0.2742006556508064,1.371003278254032,1.0406294452343445,169.24651720335666,0.5441405350992387,0.42962845395720706,23.065964865874843,0.14182343376276663,0.058552429840842045,0.034426924776230196,0.17213462388115097,0.069044198870525
2,0.4,965.5033557046979,587.6510067114094,955,579,19,21,159.50335570469792,17.43206073275387,169.34899328859058,23.079930942226994,169.34899328859058,23.079930942226994,0.8716030366376936,0.28849913677783745,True,21,5,4,4,"fly (4,5)",0.2,-0.01638113740727931,-0.04965118332745533,0.05228366540873683,0.2614183270436841,0.24825591663727664,169.32382154851814,0.775033605173778,0.38652172580744565,23.07650038139941,0.0338338557597595,0.052677577622818696,0.006999594546084812,0.03499797273042406,0.09452134312994907
3,0.6,965.6394557823129,587.6768707482993,955,579,19,21,159.6394557823129,17.446935058176273,169.32312925170072,23.07640603089618,169.32312925170072,23.07640603089618,0.8723467529088136,0.28845507538620224,True,21,5,4,4,"fly (4,5)",0.19999999999999996,0.13610007761496945,0.025864036889856834,0.13853584204472352,0.6926792102236178,-0.1293201844492842,169.2509028736258,0.755581249956046,-0.36459337446179524,23.066562572214753,-0.017624556654070037,-0.049689045923244614,0.015286286555654432,0.07643143277827218,0.09519536074442143
4,0.8,965.7399267399268,587.919413919414,956,580,18,19,159.73992673992677,17.45791549070238,169.08058608058604,23.043350743521096,169.08058608058604,23.043350743521096,0.872895774535119,0.28804188429401373,True,21,5,4,4,"fly (4,5)",0.20000000000000007,0.10047095761387936,0.24254317111467572,0.2625292425201673,1.312646212600836,-1.2127158555733781,169.13705933961796,0.9776722567650792,-0.5692176700390896,23.051047269453893,-0.16527643687542332,-0.07757651380430274,0.03483133534491362,0.17415667672456805,0.11875177698344715
5,1.0,965.9104477611941,587.9925373134329,956,580,18,19,159.91044776119406,17.47655166789006,169.00746268656712,23.033385033944413,169.00746268656712,23.033385033944413,0.8738275833945031,0.28791731292430517,True,21,5,4,4,"fly (4,5)",0.19999999999999996,0.17052102126729096,0.07312339401892132,0.1855382694941567,0.9276913474707836,-0.36561697009460664,168.87652167088018,1.588136148605941,-1.3026883436888663,23.01553958035846,-0.049828547883414856,-0.17753844547719075,0.021133444289500234,0.1056672214475012,0.20486893160175987
6,1.2,966.1046931407942,588.4584837545126,957,580,17,20,160.1046931407942,17.49778067112505,168.5415162454874,22.969882963609866,168.5415162454874,22.969882963609866,0.8748890335562525,0.28712353704512333,True,21,5,4,4,"fly (4,5)",0.19999999999999996,0.19424537960014732,0.4659464410797227,0.5048141771492406,2.5240708857462035,-2.329732205398614,168.66299297735154,1.3198489894302796,-1.067643467643317,22.986438565908216,-0.31751035167273406,-0.14550507225121598,0.06695657932664204,0.33478289663321026,0.16988142403649908
7,1.4,966.1018181818182,588.56,956,580,18,21,160.1018181818182,17.497466467958272,168.44000000000005,22.956047700170366,168.44000000000005,22.956047700170366,0.8748733233979137,0.28695059625212954,True,21,5,4,4,"fly (4,5)",0.19999999999999996,-0.0028749589760082017,0.10151624548734617,0.10155694701477029,0.5077847350738516,-0.507581227436731,168.5157365587148,1.2656027685640758,-0.7362820931837181,22.966369548036084,-0.06917631719749907,-0.10034508936064652,0.013838830805757145,0.06919415402878575,0.16733203325318227
8,1.6,966.0145985401459,588.4343065693431,956,580,18,20,160.01459854014593,17.487934266682615,168.5656934306569,22.973177980328025,168.5656934306569,22.973177980328025,0.8743967133341307,0.2871647247541003,True,21,5,4,4,"fly (4,5)",0.20000000000000018,-0.08721964167227725,-0.12569343065683825,0.15299053697443463,0.7649526848721725,0.6284671532841907,168.3849281132493,1.1202802753867231,-0.654042227327523,22.948542161941983,0.08565140078829352,-0.0891369304705296,0.019603809819510182,0.09801904909755083,0.15051514454990653
9,1.8,965.9854545454546,588.8509090909091,957,580,17,21,159.98545454545456,17.484749130650773,168.1490909090909,22.916400805327548,168.1490909090909,22.916400805327548,0.8742374565325386,0.28645501006659435,True,21,5,4,4,"fly (4,5)",0.19999999999999996,-0.02914399469136697,0.41660252156600563,0.41762068124282903,2.0881034062141457,-2.0830126078300286,168.23826144658258,1.3744622838994156,-0.7333333333334248,22.928553519125398,-0.2838858750023832,-0.09994321408292121,0.05686644610467659,0.284332230523383,0.17795786766932956
10,2.0,966.1911764705883,589.0,957,580,17,21,160.1911764705883,17.50723240115719,168.0,22.896081771720613,168.0,22.896081771720613,0.8753616200578594,0.28620102214650767,True,21,5,4,4,"fly (4,5)",0.19999999999999996,0.2057219251337301,0.14909090909088718,0.2540661521223857,1.2703307606119287,-0.745454545454436,167.9917773479476,1.5954469012052612,-1.2324204931750653,22.894961137710066,-0.10159516803467386,-0.16796190707666506,0.030304464677410957,0.15152232338705482,0.2023981914018567
11,2.2,965.9645390070922,589.1737588652481,956,580,18,21,159.96453900709218,17.482463279463627,167.82624113475185,22.872400836082026,167.82624113475185,22.872400836082026,0.8741231639731813,0.2859050104510253,True,21,5,4,4,"fly (4,5)",0.20000000000000018,-0.22663746349610392,0.17375886524814632,0.28558130735794196,1.4279065367897086,-0.8687943262407308,167.96486215283096,1.3032830804194748,-0.1345759755830985,22.891292968017847,-0.1184046781929381,-0.01834084846106986,0.034268004059026476,0.17134002029513223,0.16264509194164267
12,2.4,965.9748201438849,588.931654676259,956,580,18,21,159.97482014388493,17.48358690097103,168.06834532374103,22.905396296250906,168.06834532374103,22.905396296250906,0.8741793450485515,0.2863174537031363,True,21,5,4,4,"fly (4,5)",0.19999999999999973,0.010281136792741563,-0.24210418898917396,0.2423223887713571,1.2116119438567872,1.2105209449458714,167.83793451344783,1.632928873767172,-0.6346381969156772,22.873994482241613,0.16497730084440243,-0.08649242888118025,0.03301458642854815,0.16507293214274096,0.21455280803469826
13,2.6,965.9252669039146,589.3807829181494,956,581,18,21,159.92526690391458,17.478171246329463,167.6192170818506,22.844186314391905,167.6192170818506,22.844186314391905,0.8739085623164731,0.2855523289298988,True,21,5,4,4,"fly (4,5)",0.20000000000000018,-0.04955323997035066,0.44912824189043477,0.45185362813100444,2.25926814065502,-2.245641209452172,167.82312686246993,1.4501206138495757,-0.07403825488949993,22.871976403743773,-0.30604990929500503,-0.010090392489203537,0.061449094333244365,0.30724547166622157,0.19634220128988233
14,2.8,965.8581818181818,589.2181818181818,956,581,18,20,159.85818181818183,17.47083954297069,167.78181818181815,22.866346600588503,167.78181818181815,22.866346600588503,0.8735419771485347,0.2858293325073563,True,21,5,4,4,"fly (4,5)",0.19999999999999973,-0.0670850857327423,-0.16260109996756,0.17589635140738374,0.8794817570369199,0.8130054998378011,167.71307236061685,1.1824451480442846,-0.5502725092653301,22.856977493780832,0.11080143098299204,-0.07499454981469224,0.023341640012136858,0.11670820006068444,0.1573372880390194
15,3.0,965.7890909090909,589.2618181818182,956,581,18,20,159.78909090909087,17.463288623944358,167.73818181818183,22.86039956636209,167.73818181818183,22.86039956636209,0.8731644311972179,0.28575499457952613,True,21,5,4,4,"fly (4,5)",0.20000000000000018,-0.06909090909095994,0.04363636363632395,0.08171710928818264,0.40858554644091283,-0.21818181818161955,167.67098591549293,0.8528426233481147,-0.21043222561956929,22.851241692060366,-0.02973517113206367,-0.02867900860232799,0.009611638478030439,0.04805819239015215,0.11192673137002983
16,3.2,965.8556338028169,589.5070422535211,955,581,19,21,159.8556338028169,17.470561071346108,167.49295774647885,22.826978909230508,167.49295774647885,22.826978909230508,0.8735280535673055,0.28533723636538133,True,21,5,4,4,"fly (4,5)",0.20000000000000018,0.06654289372602307,0.2452240717029781,0.2540921133133025,1.2704605665665114,-1.2261203585148894,167.57941058774745,0.6327966161110484,-0.45787663872753565,22.838761238534573,-0.1671032856579123,-0.0624022676289648,0.0342027603318506,0.17101380165925287,0.08124165499352298
17,3.4,965.8971631205674,589.4929078014184,956,581,18,21,159.89716312056737,17.475099794597526,167.50709219858163,22.828905240011125,167.50709219858163,22.828905240011125,0.8737549897298763,0.28536131550013905,True,21,5,4,4,"fly (4,5)",0.19999999999999973,0.04152931775047364,-0.014134452102780415,0.04386874706514421,0.21934373532572135,0.07067226051390217,167.41870176946077,0.9259633599503765,-0.8035440914333466,22.816858844219524,0.00963165390308164,-0.10951197157524455,0.004930594186232777,0.02465297093116392,0.12320928028251889
18,3.6,965.9550173010381,589.7439446366782,956,581,18,22,159.95501730103808,17.481422655851155,167.25605536332182,22.794692383416944,167.25605536332182,22.794692383416944,0.8740711327925579,0.28493365479271177,True,21,5,4,4,"fly (4,5)",0.20000000000000018,0.05785418047071289,0.2510368352598107,0.25761715559177956,1.2880857779588966,-1.2551841762990523,167.33629378343312,0.7296365988932697,-0.41203993013823453,22.80562777286993,-0.1710642829709029,-0.05615535674796961,0.03479221365142801,0.1739610682571399,0.09107040143084971
19,3.8,965.8191126279863,589.7542662116041,955,581,19,22,159.81911262798633,17.466569686118724,167.2457337883959,22.793285695181726,167.2457337883959,22.793285695181726,0.8733284843059362,0.2849160711897716,True,21,5,4,4,"fly (4,5)",0.19999999999999973,-0.1359046730517548,0.010321574925910681,0.13629605667903805,0.6814802833951912,-0.05160787462955348,167.30372837495736,1.013215875845731,-0.162827042378808,22.80118955706404,-0.007033441176087517,-0.02219107902947808,0.014919433020849042,0.07459716510424531,0.12771858494541136
20,4.0,965.6812080536913,589.5906040268457,955,581,19,22,159.6812080536913,17.451498147944406,167.40939597315435,22.815590592593438,167.40939597315435,22.815590592593438,0.8725749073972202,0.28519488240741797,True,21,5,4,4,"fly (4,5)",0.20000000000000018,-0.13790457429502112,-0.16366218475843652,0.21401631323662132,1.0700815661831056,0.8183109237921818,167.2897255280976,0.9304445842220769,-0.07001423429888594,22.799281162262023,0.11152448705855623,-0.009541974010070712,0.026919504294969792,0.13459752147484885,0.1159654580044955
21,4.2,965.752508361204,589.7859531772575,955,581,19,22,159.75250836120404,17.45929053127913,167.2140468227425,22.7889671990109,167.2140468227425,22.7889671990109,0.8729645265639565,0.2848620899876363,True,21,5,4,4,"fly (4,5)",0.20000000000000018,0.07130030751272898,0.1953491504118574,0.2079543806175869,1.0397719030879335,-0.9767457520592862,167.15284350506502,1.3422421590589968,-0.6844101151627525,22.78062603135469,-0.1331169679126808,-0.09327565453666266,0.027740337486878496,0.13870168743439235,0.17782419078002576
22,4.4,965.8105263157895,590.1649122807017,955,581,19,22,159.8105263157895,17.465631291343115,166.83508771929826,22.73732030245973,166.83508771929826,22.73732030245973,0.8732815645671558,0.2842165037807466,True,21,5,4,4,"fly (4,5)",0.20000000000000018,0.058017954585466214,0.378959103444231,0.3833746015811906,1.9168730079059513,-1.8947955172211532,166.95512965300063,1.055532642958895,-0.9885692603220749,22.753680361567376,-0.25823448275586336,-0.13472834893657168,0.052034672686167266,0.2601733634308361,0.14102262185467176
23,4.6,965.8480565371025,590.1837455830389,955,582,19,22,159.84805653710248,17.469732954874587,166.8162544169611,22.734753583231495,166.8162544169611,22.734753583231495,0.8734866477437294,0.2841844197903937,True,21,5,4,4,"fly (4,5)",0.1999999999999993,0.03753022131297712,0.018833302337156965,0.041990603576559885,0.20995301788280016,-0.09416651168578516,166.8861616644674,1.0370164723376476,-0.3448399426660367,22.744280976418043,-0.01283359614117079,-0.04699692574664738,0.004838562939757366,0.024192814698786917,0.13902259084909813
24,4.8,965.8,589.9928571428571,955,582,19,22,159.79999999999995,17.464480874316934,167.00714285714287,22.760769043562913,167.00714285714287,22.760769043562913,0.8732240437158467,0.2845096130445364,True,21,5,4,4,"fly (4,5)",0.20000000000000018,-0.048056537102525,-0.19088844018176587,0.19684467824483845,0.9842233912241913,0.9544422009088285,166.90746239103126,0.579442268383235,0.1065036328193019,22.747183971520446,0.13007730165709208,0.014514975512002523,0.026540318883534312,0.13270159441767143,0.07696341172638606
25,5.0,965.7878787878788,590.1010101010102,955,581,19,23,159.78787878787875,17.46315615168074,166.89898989898984,22.74602928776693,166.89898989898984,22.74602928776693,0.8731578075840369,0.2843253660970866,True,21,5,4,4,"fly (4,5)",0.20000000000000018,-0.012121212121201097,0.10815295815302761,0.10883007920854278,0.5441503960427134,-0.5407647907651376,166.9260622093955,0.5574040780526087,0.09299909182118415,22.74971887010501,-0.07369877897991366,0.012674492922819492,0.014799165212539987,0.07399582606269987,0.0752881452840343
26,5.2,965.7979797979798,590.1279461279462,955,581,19,23,159.7979797979798,17.464260087210906,166.8720538720538,22.742358278985186,166.8720538720538,22.742358278985186,0.8732130043605453,0.28427947848731483,True,21,5,4,4,"fly (4,5)",0.20000000000000018,0.01010101010103881,0.0269360269360277,0.028767689378184302,0.14383844689092137,-0.1346801346801384,166.88300329091285,0.31130276962958897,-0.21529459241321527,22.74385053368489,-0.018355043908719875,-0.02934168210060761,0.0038334030743463307,0.019167015371731638,0.04004894993873478
27,5.4,965.7491525423729,590.1220338983051,955,581,19,23,159.74915254237294,17.458923775122727,166.87796610169494,22.74316403430255,166.87796610169494,22.74316403430255,0.8729461887561363,0.28428955042878185,True,21,5,4,4,"fly (4,5)",0.20000000000000018,-0.048827255606852304,-0.005912229641126032,0.049183893191026465,0.24591946595513212,0.029561148205630133,166.8044048060644,0.5258627017323347,-0.39299242424230485,22.733138644778794,0.004028776586810775,-0.053559444530471206,0.0053968016763545805,0.026984008381772877,0.06755622637050777
28,5.6,965.8506944444445,590.3368055555555,955,582,19,22,159.85069444444446,17.470021250758958,166.66319444444446,22.713893621048648,166.66319444444446,22.713893621048648,0.8735010625379479,0.2839236702631081,True,21,5,4,4,"fly (4,5)",0.1999999999999993,0.10154190207151714,0.21477165725048053,0.23756603847018928,1.1878301923509507,-1.0738582862524064,166.786885043659,0.7893210770456678,-0.08759881202706914,22.73075094291775,-0.14635206626950445,-0.011938509305219941,0.03130353107160366,0.15651765535801887,0.10126907526993163
29,5.8,965.9530685920578,590.1805054151624,955,582,19,22,159.95306859205778,17.481209682192105,166.81949458483757,22.735195173402055,166.81949458483757,22.735195173402055,0.8740604841096054,0.28418993966752565,True,21,5,4,4,"fly (4,5)",0.20000000000000018,0.1023741476133182,-0.1563001403931139,0.1868427145661842,0.9342135728309202,0.7815007019655689,166.93986886400202,1.6159636107766933,0.7649191017151202,22.75160052661015,0.10650776176703393,0.10424791846202637,0.024061112414000663,0.1203055620700032,0.21389410974619408
30,6.0,965.7813620071685,589.663082437276,955,581,19,21,159.78136200716847,17.46244393520967,167.336917562724,22.805712785379765,167.336917562724,22.805712785379765,0.8731221967604834,0.28507140981724705,True,21,5,4,4,"fly (4,5)",0.20000000000000018,-0.17170658488930712,-0.5174229778864401,0.5451694134296423,2.725847067148209,2.5871148894321983,167.05790439520794,1.7589603689705502,0.5901776560295953,22.767687140743845,0.3525880598885497,0.08043307066843151,0.07297182236211211,0.36485911181056024,0.2348689640920181
31,6.2,965.8304498269896,589.9826989619378,955,581,19,22,159.8304498269896,17.467808724261157,167.01730103806221,22.762153463449707,167.01730103806221,22.762153463449707,0.8733904362130579,0.2845269182931213,True,21,5,4,4,"fly (4,5)",0.20000000000000018,0.04908781982112487,0.3196165246617966,0.32336409338650457,1.6168204669325215,-1.5980826233089815,166.96463371348958,2.4878892275697893,-0.4663534085917334,22.7549756338657,-0.21779660965028905,-0.0635575343906976,0.043888443679098235,0.21944221839549097,0.32564173442978744
32,6.4,965.4285714285714,590.4603174603175,955,581,19,22,159.42857142857144,17.423887587822016,166.53968253968253,22.697060652767636,166.53968253968253,22.697060652767636,0.8711943793911008,0.28371325815959547,True,21,5,4,4,"fly (4,5)",0.20000000000000018,-0.4018783984181482,0.47761849837968384,0.6242000297257282,3.1210001486286383,-2.388092491898417,166.65360991053032,2.0040626199435216,-1.55511901479637,22.712587381332924,-0.3254640534103534,-0.21194126266390015,0.07852477461666234,0.3926238730833113,0.2539728521953389
33,6.6,965.6442307692307,590.5961538461538,955,581,19,23,159.64423076923072,17.447456914670024,166.4038461538462,22.678548027781424,166.4038461538462,22.678548027781424,0.8723728457335012,0.2834818503472678,True,21,5,4,4,"fly (4,5)",0.1999999999999993,0.21565934065927195,0.13583638583634183,0.2548734488538801,1.274367244269405,-0.6791819291817116,166.5227044703789,1.8379499071268777,-0.654527200757116,22.694746776201555,-0.092563124931058,-0.08920302565684923,0.029970493021442817,0.14985246510721462,0.2313978920122329
34,6.8,965.6079734219269,590.375415282392,955,581,19,22,159.60797342192689,17.443494363052118,166.62458471760795,22.708631648055597,166.62458471760795,22.708631648055597,0.8721747181526059,0.28385789560069496,True,21,5,4,4,"fly (4,5)",0.20000000000000018,-0.03625734730383101,-0.22073856376175627,0.22369646569651824,1.1184823284825902,1.1036928188087805,166.4337193813938,1.405732510542342,-0.44492544492546493,22.682619336476154,0.15041810137086373,-0.060637198626979076,0.030343467569234606,0.1517173378461729,0.18235836690931317
35,7.0,965.7045454545455,590.7272727272727,955,581,19,23,159.7045454545455,17.454048683556884,166.27272727272725,22.66067833359145,166.27272727272725,22.66067833359145,0.8727024341778442,0.2832584791698931,True,21,5,4,4,"fly (4,5)",0.20000000000000018,0.09657203261861014,0.35185744488069304,0.36486959177500644,1.8243479588750307,-1.7592872244034636,166.3900130876875,1.2601241249663995,-0.21853146853156105,22.676662771746162,-0.23976657232074294,-0.02978282364995974,0.049101059554910474,0.24550529777455216,0.1629190966656193
36,7.2,965.8720538720538,590.7272727272727,955,582,19,22,159.8720538720538,17.47235561443211,166.27272727272725,22.66067833359145,166.27272727272725,22.66067833359145,0.8736177807216056,0.2832584791698931,True,21,5,4,4,"fly (4,5)",0.20000000000000018,0.1675084175083157,0.0,0.1675084175083157,0.8375420875415777,0.0,166.24153587997236,1.1578390755029937,-0.7423860385756592,22.656427377168296,0.0,-0.10117697288935773,0.018306930875226612,0.09153465437613298,0.14452563654148942
37,7.4,965.7394136807818,590.8208469055375,955,581,19,23,159.7394136807818,17.45785941866468,166.17915309446255,22.647925464321983,166.17915309446255,22.647925464321983,0.8728929709332339,0.28309906830402476,True,21,5,4,4,"fly (4,5)",0.20000000000000018,-0.132640191272003,0.09357417826470282,0.1623254360184747,0.8116271800923729,-0.4678708913235137,166.34971666392104,1.2472485989916713,0.5409039197434166,22.671170925236254,-0.06376434634733025,0.07371774033981554,0.019307391494756663,0.09653695747378323,0.15772131797016642
38,7.6,965.7576791808874,590.4027303754267,955,581,19,22,159.7576791808874,17.459855648184416,166.5972696245733,22.704908977795338,166.5972696245733,22.704908977795338,0.8729927824092208,0.28381136222244174,True,21,5,4,4,"fly (4,5)",0.1999999999999993,0.01826550010559913,-0.41811653011075123,0.41851530586821123,2.0925765293410636,2.0905826505537637,166.31345238175513,1.6903684758094037,-0.18132141082957923,22.66622860398707,0.28491756736677687,-0.024711606245937674,0.05701846841211643,0.28509234206058315,0.22564570749075655
39,7.8,965.7639344262295,590.8360655737705,955,581,19,23,159.76393442622953,17.46053928155514,166.1639344262295,22.645851369843886,166.1639344262295,22.645851369843886,0.8730269640777569,0.28307314212304857,True,21,5,4,4,"fly (4,5)",0.20000000000000018,0.006255245342117632,0.43333519834379786,0.43338034359895544,2.1669017179947754,-2.1666759917189875,166.3760691392687,1.8555015840922706,0.31308378756800237,22.67476240398892,-0.29528803975725965,0.042669000009265934,0.05906156458758074,0.2953078229379034,0.24848112503627304
40,8.0,965.5993265993266,590.6329966329967,955,582,19,21,159.59932659932656,17.442549355117656,166.36700336700335,22.673526864327542,166.36700336700335,22.673526864327542,0.8721274677558828,0.2834190858040943,True,21,5,4,4,"fly (4,5)",0.20000000000000018,-0.16460782690296583,-0.2030689407738464,0.26140530098819476,1.3070265049409726,1.0153447038692311,166.2597607213646,1.37687441035086,-0.5815420895207054,22.658911171565872,0.13837747241828058,-0.07925616211525843,0.03300864202206656,0.16504321011033266,0.18228815781257338
41,8.2,965.6556291390729,590.7516556291391,955,581,19,23,159.65562913907286,17.44870263815004,166.24834437086088,22.657355280526183,166.24834437086088,22.657355280526183,0.872435131907502,0.2832169410065773,True,21,5,4,4,"fly (4,5)",0.1999999999999993,0.05630253974629795,0.11865899614247155,0.131339001623366,0.6566950081168323,-0.5932949807123599,166.30392155865832,0.8181938564611274,0.22080418646870084,22.66492968431459,-0.08085791900679624,0.030092563743604278,0.0173026880778968,0.0865134403894843,0.10288700989375138
42,8.4,965.5700325732898,590.7035830618893,955,581,19,23,159.57003257328984,17.439347822217467,166.29641693811072,22.66390690809005,166.29641693811072,22.66390690809005,0.8719673911108734,0.28329883635112557,True,21,5,4,4,"fly (4,5)",0.20000000000000107,-0.0855965657830211,-0.04807256724984654,0.09817201126511607,0.4908600563255777,0.24036283624923144,166.31047599187943,0.7280344676198318,0.03277216610551107,22.66582296311815,0.03275813781932851,0.0044663940177909105,0.011420875836287531,0.05710437918143735,0.08757040205251893
43,8.6,965.7566666666667,590.6133333333333,955,581,19,23,159.75666666666666,17.45974499089253,166.38666666666666,22.676206700738216,166.38666666666666,22.676206700738216,0.8729872495446266,0.2834525837592277,True,21,5,4,4,"fly (4,5)",0.1999999999999993,0.18663409337682424,-0.09024972855593205,0.20730966768341647,1.036548338417086,0.45124864277966187,166.37137269584534,0.7050453418461725,0.3044835198295455,22.674122343556434,0.06149896324084047,0.0414969021914224,0.023818677317326974,0.11909338658663529,0.08097389818309111
44,8.8,965.8655172413793,590.5689655172414,955,582,19,22,159.86551724137928,17.471641228566043,166.4310344827586,22.682253421841036,166.4310344827586,22.682253421841036,0.8735820614283021,0.28352816777301293,True,21,5,4,4,"fly (4,5)",0.20000000000000107,0.10885057471261916,-0.04436781609194895,0.11754552615917158,0.5877276307958548,0.22183908045974357,166.33145593869733,1.0899626418185286,-0.1995837857399858,22.668682240367612,0.030233605514098212,-0.02720051594412372,0.013344785756240244,0.06672392878120087,0.13111638076652324
45,9.0,965.6566666666666,590.8233333333333,955,582,19,22,159.65666666666664,17.448816029143895,166.17666666666673,22.647586598523574,166.17666666666673,22.647586598523574,0.8724408014571947,0.2830948324815447,True,21,5,4,4,"fly (4,5)",0.1999999999999993,-0.2088505747126419,0.25436781609187165,0.3291223912485279,1.6456119562426452,-1.2718390804593627,166.28394943553863,0.9443875907394074,-0.2375325157934579,22.66220775952826,-0.17333411658730985,-0.03237240419672718,0.041506365386346604,0.20753182693173375,0.11511132714829246
46,9.2,965.7558528428094,590.7558528428094,955,582,19,22,159.75585284280942,17.45965604839447,166.24414715719058,22.65678325822018,166.24414715719058,22.65678325822018,0.8729828024197236,0.28320979072775226,True,21,5,4,4,"fly (4,5)",0.1999999999999993,0.09918617614277991,-0.06748049052384886,0.11996463703594414,0.5998231851797228,0.3374024526192455,166.45794465269515,1.9850009024853978,0.8699760857825747,22.685920906670546,0.04598329848303012,0.11856573571142348,0.014215645146388529,0.07107822573194289,0.2587511595067061
47,9.4,965.5369127516778,590.0469798657718,955,581,19,21,159.53691275167785,17.43572816958228,166.95302013422815,22.75339286326789,166.95302013422815,22.75339286326789,0.8717864084791139,0.28441741079084865,True,21,5,4,4,"fly (4,5)",0.20000000000000107,-0.21894009113157153,-0.7088729770375721,0.7419135132067692,3.7095675660338263,3.5443648851878415,166.93437585210646,2.524904789346078,2.382155997056541,22.75085190488674,0.48304802523855017,0.32465499108096046,0.09952868517128889,0.4976434258564418,0.3379032999779228
48,9.6,965.5496688741722,589.3940397350993,955,580,19,22,159.5496688741722,17.437122281330296,167.60596026490066,22.84237959317215,167.60596026490066,22.84237959317215,0.8718561140665148,0.2855297449146519,True,21,5,4,4,"fly (4,5)",0.1999999999999993,0.012756122494351985,-0.6529401306725049,0.6530647233649347,3.265323616824685,3.264700653362536,167.07521568859852,3.890943979045765,0.7041991824602727,22.770046431154825,0.4449336495213012,0.09597263134041456,0.08899764966907646,0.44498824834538386,0.5276081787262702
49,9.8,965.5261437908497,590.3333333333333,955,581,19,22,159.5261437908497,17.434551233972645,166.66666666666674,22.71436683702443,166.66666666666674,22.71436683702443,0.8717275616986322,0.28392958546280533,True,21,5,4,4,"fly (4,5)",0.20000000000000107,-0.02352508332251091,0.9392935982339168,0.9395881508557618,4.697940754278783,-4.696467991169559,167.1363134657837,3.981632185551734,-0.715883668903512,22.77837321509829,-0.6400637807386077,-0.09756506560865325,0.12803857239539765,0.6401928619769849,0.5425905551611843
0,0.0,956.5446009389672,559.7089201877934,951,550,13,21,150.54460093896716,16.452961851253242,197.2910798122066,26.88805176316274,197.2910798122066,26.88805176316274,0.8226480925626621,0.33610064703953424,True,22,6,4,4,"fly (4,6)",,,,,,,197.28908057595976,0.07035012809306508,-0.009996181234157575,26.887779294849715,,-0.0013623415651320414,,,0.007731499867510979
1,0.2,956.5167464114833,559.7129186602871,951,550,13,21,150.51674641148327,16.449917640599264,197.28708133971293,26.887506826536686,197.28708133971293,26.887506826536686,0.8224958820299633,0.33609383533170856,True,22,6,4,4,"fly (4,6)",0.2,-0.027854527483896163,0.00399847249366303,0.028140051237226037,0.14070025618613016,-0.01999236246831515,197.21185913995404,0.44145564765545114,-0.3894392404400075,26.87725507869902,-0.002724683130264083,-0.05307519460851987,0.0030925999470043917,0.015462999735021958,0.058359307071273236
2,0.4,956.4593301435407,559.9425837320574,951,550,13,21,150.45933014354068,16.443642638638327,197.05741626794259,26.856206646397627,197.05741626794259,26.856206646397627,0.8221821319319162,0.3357025830799703,True,22,6,4,4,"fly (4,6)",0.2,-0.057416267942585364,0.22966507177034146,0.23673333735604465,1.1836666867802232,-1.1483253588517073,197.15571303902982,0.6286076849642241,-0.280730504621071,26.86960313990185,-0.15650090069529554,-0.03825969398583595,0.03192298429575955,0.15961492147879774,0.08064616555883682
3,0.6,956.367924528302,559.877358490566,950,550,14,21,150.36792452830196,16.43365295391278,197.12264150943395,26.865095946771238,197.12264150943395,26.865095946771238,0.8216826476956391,0.33581369933464045,True,22,6,4,4,"fly (4,6)",0.19999999999999996,-0.09140561523872748,-0.06522524149136188,0.11229122238526379,0.5614561119263191,0.3261262074568095,197.08700338610961,0.9553997197711968,-0.34354826460097826,26.860238962331806,0.044446501868051776,-0.04682088785022149,0.013372115092538144,0.06686057546269074,0.1167224845821258
4,0.8,956.1476190476191,559.9190476190477,950,550,13,21,150.14761904761906,16.409575852198806,197.08095238095234,26.859414293826553,197.08095238095234,26.859414293826553,0.8204787926099402,0.3357426786728319,True,22,6,4,4,"fly (4,6)",0.20000000000000007,-0.2203054806828959,0.04168912848160744,0.22421527212140968,1.121076360607048,-0.20844564240803712,197.04615920377216,1.043338748769848,-0.2042209116873058,26.85467246388718,-0.028408264723420718,-0.027832492223141738,0.02473839136097778,0.12369195680488887,0.11985176786400338
5,1.0,955.8976744186047,560.0651162790698,950,550,13,21,149.89767441860465,16.382259499301053,196.9348837209302,26.839507151063742,196.9348837209302,26.839507151063742,0.8191129749650528,0.33549383938829674,True,22,6,4,4,"fly (4,6)",0.19999999999999996,-0.24994462901440784,0.14606866002213792,0.28949675475523534,1.447483773776177,-0.7303433001106897,197.2301214679231,2.3651424308662583,0.9198113207546994,26.87974398199974,-0.09953571381405626,0.1253575905628187,0.0338005542648861,0.16900277132443056,0.2906224117348844
6,1.2,956.4198113207547,559.3254716981132,951,550,13,20,150.41981132075466,16.439323641612532,197.67452830188677,26.94031050110893,197.67452830188677,26.94031050110893,0.8219661820806266,0.33675388126386163,True,22,6,4,4,"fly (4,6)",0.19999999999999996,0.5221369021500095,-0.7396445809565648,0.9053734316431099,4.52686715821555,3.698222904782825,197.48220710838086,2.2856804142952716,1.260428202288798,26.914099776269964,0.5040167502259331,0.1717789713511131,0.11583450141506675,0.5791725070753339,0.28839695079542454
7,1.4,956.4883720930233,559.1627906976744,951,550,13,20,150.48837209302326,16.446816622188333,197.83720930232562,26.96248167663722,197.83720930232562,26.96248167663722,0.8223408311094167,0.3370310209579653,True,22,6,4,4,"fly (4,6)",0.19999999999999996,0.06856077226859725,-0.1626810004388517,0.17653806217881773,0.8826903108940889,0.8134050021942587,197.6197184815293,2.6196514508049122,0.6875568657422578,26.932840678913703,0.11085587764146257,0.0937045132187051,0.023403114797301842,0.11701557398650923,0.3433285650163214
8,1.6,956.4976525821596,559.6525821596244,951,550,13,20,150.49765258215962,16.447830883296135,197.34741784037556,26.895729858994965,197.34741784037556,26.895729858994965,0.8223915441648066,0.33619662323743704,True,22,6,4,4,"fly (4,6)",0.20000000000000018,0.009280489136358483,0.4897914619500625,0.4898793766610201,2.4493968833050985,-2.4489573097503103,197.56232485351384,1.408652425682457,-0.28696814007730514,26.9250187193886,-0.33375908821128036,-0.03910979762552564,0.06675952279742431,0.33379761398712127,0.18903219379933486
9,1.8,956.586854460094,559.4976525821596,951,550,13,20,150.58685446009395,16.45757972241464,197.50234741784038,26.916844622533613,197.50234741784038,26.916844622533613,0.822878986120732,0.33646055778167017,True,22,6,4,4,"fly (4,6)",0.19999999999999996,0.08920187793432888,-0.15492957746482716,0.17877401656963685,0.8938700828481845,0.774647887324136,197.43903398054434,1.4444462288018405,-0.6164543648475265,26.90821587469088,0.10557381769324084,-0.08401422348859089,0.023256678684874812,0.11628339342437409,0.18640676804063294
10,2.0,956.391959798995,559.5326633165829,951,550,12,20,150.391959798995,16.436279759453004,197.4673366834171,26.912073142544067,197.4673366834171,26.912073142544067,0.8218139879726503,0.33640091428180086,True,22,6,4,4,"fly (4,6)",0.19999999999999996,-0.19489466109894238,0.035010734423281065,0.19801434405044782,0.9900717202522393,-0.17505367211640535,197.54178149287202,1.3513849928806732,0.5137375616383602,26.9222189428105,-0.023857399947733178,0.07001534059807447,0.0218278593420807,0.10913929671040351,0.15822946444605332
11,2.2,956.7830188679245,559.3443396226414,951,550,13,20,150.7830188679245,16.479018455510875,197.65566037735857,26.93773906335381,197.65566037735857,26.93773906335381,0.8239509227755438,0.3367217382919226,True,22,6,4,4,"fly (4,6)",0.20000000000000018,0.3910590689295077,-0.18832369394147008,0.4340426351083197,2.1702131755415968,0.9416184697073495,197.73054150391866,1.8060333767622405,0.9438000552332451,26.94794432762094,0.12832960404871574,0.12862692405223097,0.04985314064067651,0.24926570320338232,0.21899748380799444
12,2.4,956.9656862745098,558.9313725490197,951,550,13,20,150.96568627450984,16.498982106503806,198.06862745098033,26.994020776964952,198.06862745098033,26.994020776964952,0.8249491053251904,0.3374252597120619,True,22,6,4,4,"fly (4,6)",0.19999999999999973,0.182667406585324,-0.41296707362175766,0.4515630468985768,2.257815234492887,2.064835368108791,197.9728208618735,1.8964150377583247,1.2113967897740474,26.980963660902688,0.2814085680557103,0.16509666640873286,0.05971749030203941,0.29858745151019744,0.23162082652114624
13,2.6,957.1844660194174,558.8058252427185,952,549,12,21,151.1844660194174,16.522892461138515,198.19417475728153,27.011131142389306,198.19417475728153,27.011131142389306,0.8261446230569257,0.33763913927986633,True,22,6,4,4,"fly (4,6)",0.20000000000000018,0.2187797449075788,-0.12554730630120048,0.25224334064809856,1.2612167032404917,0.6277365315060018,197.90369269011026,2.5273298908978163,-0.3456408588160314,26.971542444989478,0.08555182712177249,-0.0471060795660706,0.02940186496997181,0.14700932484985893,0.3278470610827821
14,2.8,956.8620689655172,559.551724137931,951,550,13,20,150.8620689655172,16.48765781043904,197.44827586206895,26.909475415614168,197.44827586206895,26.909475415614168,0.824382890521952,0.3363684426951771,True,22,6,4,4,"fly (4,6)",0.19999999999999973,-0.3223970539002039,0.7458988952125765,0.8125915469920132,4.062957734960071,-3.729494476062887,197.63571883390114,2.0835409610568,-1.3398692810456714,26.935021306153477,-0.5082786338756946,-0.1826056941799931,0.10758888137765783,0.5379444068882899,0.2702662808923698
15,3.0,956.8872549019608,559.7352941176471,951,551,13,20,150.88725490196077,16.49041037179899,197.26470588235293,26.884457360456956,197.26470588235293,26.884457360456956,0.8245205185899496,0.33605571700571196,True,22,6,4,4,"fly (4,6)",0.20000000000000018,0.02518593644356315,0.18356997971602595,0.185289688993968,0.9264484449698391,-0.917849898580129,197.35503147349274,1.8162270087642278,-1.4034368020420152,26.89676749212848,-0.12509027578605714,-0.19126907012497696,0.025169022187792132,0.12584511093896056,0.24177252118965564
16,3.2,956.9154929577464,559.6478873239437,951,550,13,21,150.91549295774644,16.493496498114364,197.35211267605632,26.89636970031432,197.35211267605632,26.89636970031432,0.8246748249057182,0.336204621253929,True,22,6,4,4,"fly (4,6)",0.20000000000000018,0.028238055785664073,-0.08740679370339421,0.09185496927255482,0.4592748463627737,0.4370339685169707,197.2634448467148,0.7849923454472018,-0.45793313388969664,26.884285498700482,0.05956169928682081,-0.06240996713999064,0.012305609148343293,0.06152804574171641,0.10528513746979339
17,3.4,956.9908675799087,559.8264840182649,951,550,13,21,150.9908675799087,16.501734161738653,197.17351598173514,26.872029435330173,197.17351598173514,26.872029435330173,0.8250867080869327,0.33590036794162714,True,22,6,4,4,"fly (4,6)",0.19999999999999973,0.07537462216225777,0.17859669432118608,0.19385074900179855,0.9692537450089941,-0.8929834716059316,197.13452097669733,1.0123718294128448,-0.6446193500873204,26.866714954234727,-0.12170132492073565,-0.08785272232876433,0.025696451145740602,0.12848225572870317,0.13435084116792312
18,3.6,956.8638497652582,560.1220657276995,951,551,13,20,150.86384976525824,16.487852433361557,196.87793427230054,26.831745727059698,196.87793427230054,26.831745727059698,0.8243926216680778,0.33539682158824624,True,22,6,4,4,"fly (4,6)",0.20000000000000018,-0.1270178146504577,0.29558170943460027,0.3217173793733539,1.608586896866768,-1.477908547173,196.99199285197415,0.9383072550186236,-0.7126406236159254,26.847290337577395,-0.2014185413523782,-0.09712308328666686,0.04260844440666999,0.21304222203334977,0.12454550162708711
19,3.8,956.872641509434,560.0754716981132,951,551,13,20,150.87264150943395,16.488813279719558,196.92452830188677,26.83809585034232,196.92452830188677,26.83809585034232,0.8244406639859778,0.335476198129279,True,22,6,4,4,"fly (4,6)",0.19999999999999973,0.008791744175709937,-0.046594029586231045,0.04741622463602204,0.23708112318011051,0.23297014793115553,196.8767379234532,0.8227860788921989,-0.5762746426048194,26.831582681220198,0.031750616413113206,-0.07853828178600834,0.006422405423841667,0.032112027119208374,0.10793004705077047
20,4.0,956.7942583732057,560.1722488038278,951,551,13,20,150.7942583732057,16.480246816743794,196.82775119617224,26.824906466258568,196.82775119617224,26.824906466258568,0.8240123408371897,0.3353113308282321,True,22,6,4,4,"fly (4,6)",0.20000000000000018,-0.07838313622823989,0.0967771057145228,0.12453804332594412,0.62269021662972,-0.4838855285726136,196.84791623079062,0.4662027426917443,-0.14410846331278032,26.827654682220185,-0.0659469204187601,-0.019639995000038785,0.015727178399950668,0.07863589199975327,0.05715380334310727
21,4.2,956.8957345971564,560.2085308056871,951,551,13,20,150.89573459715643,16.491337114443326,196.79146919431287,26.819961730059674,196.79146919431287,26.819961730059674,0.8245668557221663,0.33524952162574595,True,22,6,4,4,"fly (4,6)",0.20000000000000018,0.10147622395072631,0.03628200185937658,0.10776737765308092,0.5388368882654041,-0.18141000929688272,196.7675458253041,0.5815985106867211,-0.40185202743259624,26.81670130498182,-0.02472368099446951,-0.05476688619184,0.01214269818207204,0.06071349091036014,0.07226653573937107
22,4.4,956.9396984924623,560.3165829145728,951,551,13,20,150.9396984924623,16.496141911744512,196.6834170854272,26.805235718627216,196.6834170854272,26.805235718627216,0.8248070955872256,0.3350654464828402,True,22,6,4,4,"fly (4,6)",0.20000000000000018,0.04396389530586475,0.10805210888565853,0.11665368543300825,0.5832684271650407,-0.5402605444282922,196.72595219225659,0.4140731334871326,-0.20796816523765427,26.811032666747064,-0.07363005716229047,-0.02834319117378445,0.01549004486159997,0.07745022430799978,0.05117199359479318
23,4.6,956.9257425742574,560.2970297029703,951,551,13,20,150.92574257425736,16.494616674782225,196.70297029702965,26.807900551554297,196.70297029702965,26.807900551554297,0.8247308337391113,0.3350987568944287,True,22,6,4,4,"fly (4,6)",0.1999999999999993,-0.013955918204942463,-0.01955321160244239,0.02402281700619085,0.12011408503095466,0.09776605801221229,196.65879579415227,0.42456400131554833,-0.3357819905215816,26.801880176375096,0.01332416463540658,-0.045762451859836434,0.003070453113203909,0.015352265566019598,0.05675437211438488
24,4.8,956.91,560.4100000000001,951,551,13,20,150.90999999999997,16.492896174863386,196.58999999999992,26.792504258943772,196.58999999999992,26.792504258943772,0.8246448087431693,0.33490630323679715,True,22,6,4,4,"fly (4,6)",0.20000000000000018,-0.015742574257387787,0.11297029702973305,0.1140618983501304,0.5703094917506515,-0.5648514851486647,196.5992143980753,0.39920983023276796,-0.29790698038482294,26.79376005425217,-0.07698146305262547,-0.04060061061462498,0.015492125293827068,0.07746062646913526,0.05274351583163126
25,5.0,956.8551401869158,560.4953271028037,951,551,13,21,150.85514018691583,16.48690056687605,196.50467289719631,26.78087535225844,196.50467289719631,26.78087535225844,0.8243450283438024,0.3347609419032305,True,22,6,4,4,"fly (4,6)",0.20000000000000018,-0.05485981308413557,0.08532710280360334,0.10144118278333995,0.5072059139166993,-0.4266355140180163,196.50752662464683,0.6392835774453568,-0.4584388671423763,26.781264275931424,-0.058144533426656105,-0.06247889160373288,0.013083531091947796,0.06541765545973892,0.07996337021941465
26,5.2,957.0046511627907,560.5720930232558,951,551,13,21,151.00465116279065,16.503240564239416,196.42790697674423,26.770413216592058,196.42790697674423,26.770413216592058,0.8251620282119708,0.33463016520740074,True,22,6,4,4,"fly (4,6)",0.20000000000000018,0.14951097587481854,0.07676592045208963,0.16806706533374444,0.8403353266687215,-0.3838296022604478,196.42033708216317,0.6200319022972166,-0.43594771241828273,26.769381544417467,-0.05231067833191711,-0.059413657569784485,0.01940236574587397,0.09701182872936977,0.07718414099302899
27,5.4,957.0294117647059,560.671568627451,951,552,13,19,151.02941176470586,16.50594664095146,196.32843137254895,26.7568560644019,196.32843137254895,26.7568560644019,0.8252973320475729,0.33446070080502377,True,22,6,4,4,"fly (4,6)",0.20000000000000018,0.02476060191520446,0.0994756041952769,0.10251089326124624,0.5125544663062307,-0.49737802097638406,196.36985739337965,0.5100298718673854,-0.25239844391762706,26.76250185940438,-0.06778576095078032,-0.0343984250654353,0.013824587757995669,0.06912293878997829,0.06265839979046138
28,5.6,957.0547263681592,560.6467661691543,951,552,13,19,151.0547263681592,16.508713264279695,196.35323383084574,26.76023629721918,196.35323383084574,26.76023629721918,0.8254356632139848,0.33450295371523975,True,22,6,4,4,"fly (4,6)",0.1999999999999993,0.025314603453352902,-0.024802458296790064,0.03543996452544101,0.17719982262720566,0.12401229148395077,196.34744031369988,0.512384657407037,-0.11208539839875181,26.75944672077681,0.016901164086391477,-0.015275693137818716,0.0043680863704072,0.021840431852036078,0.06120821194769799
29,5.8,957.224043715847,560.639344262295,952,552,12,19,151.22404371584696,16.52721789244229,196.36065573770497,26.761247800709366,196.36065573770497,26.761247800709366,0.8263608946221145,0.33451559750886706,True,22,6,4,4,"fly (4,6)",0.20000000000000018,0.16931734768775186,-0.007421906859235605,0.1694799366575354,0.8473996832876763,0.03710953429617799,196.35327850483222,0.679792939804364,0.029190955661609647,26.76024238566708,0.005057517450932632,0.003978324451328103,0.01853225304021594,0.09266126520107962,0.07518936878035862
30,6.0,957.0216216216216,560.6540540540541,951,552,13,19,151.02162162162165,16.505095259193624,196.3459459459459,26.7592430590727,196.3459459459459,26.7592430590727,0.8252547629596811,0.3344905382384087,True,22,6,4,4,"fly (4,6)",0.20000000000000018,-0.20242209422531232,0.014709791759059954,0.20295586269964247,1.0147793134982115,-0.0735489587952997,196.42804726353424,1.0213630501883901,0.37384379351010427,26.77043233574572,-0.010023708183339855,0.050949750393201015,0.02221328185759205,0.11106640928796016,0.12180648246652515
31,6.2,956.9572192513369,560.4224598930482,951,552,13,19,150.95721925133694,16.498056748779995,196.5775401069518,26.7908061474551,196.5775401069518,26.7908061474551,0.8249028374389996,0.33488507684318874,True,22,6,4,4,"fly (4,6)",0.20000000000000018,-0.06440237028471074,-0.23159416100588714,0.24038203075585698,1.2019101537792838,1.1579708050294346,196.4721030064683,0.9053695663305978,0.22027871467040896,26.776436525583417,0.15781544191201022,0.030020949188471008,0.03233835458210717,0.16169177291053569,0.11244110581377369
32,6.4,956.9043062200957,560.5071770334928,951,551,13,21,150.9043062200957,16.492273903835596,196.49282296650722,26.77926037022245,196.49282296650722,26.77926037022245,0.8246136951917797,0.33474075462778063,True,22,6,4,4,"fly (4,6)",0.20000000000000018,-0.052913031241246244,0.08471714044458167,0.09988384634286004,0.4994192317142998,-0.423585702222908,196.462923677886,0.8587045639557104,-0.04589664291150686,26.775185509763002,-0.057728886163257394,-0.006255079102081525,0.012913027048565055,0.06456513524282521,0.11511542512878488
33,6.6,956.8905472636816,560.681592039801,951,552,13,19,150.89054726368158,16.490770192752084,196.318407960199,26.75549001161145,196.318407960199,26.75549001161145,0.8245385096376043,0.33444362514514314,True,22,6,4,4,"fly (4,6)",0.1999999999999993,-0.01375895641410807,0.17441500630820883,0.17495686127470925,0.8747843063735493,-0.8720750315410473,196.36632225858762,0.5709091445797316,-0.483007096491975,26.762020069313476,-0.11885179305499746,-0.06582720224762667,0.02381787344659866,0.11908936723299372,0.07423403834154074
34,6.8,956.8301886792453,560.7122641509434,951,551,13,21,150.83018867924534,16.484173626147033,196.28773584905662,26.751309826106525,196.28773584905662,26.751309826106525,0.8242086813073516,0.3343913728263315,True,22,6,4,4,"fly (4,6)",0.20000000000000018,-0.0603585844362442,0.030672111142393987,0.0677047791302696,0.33852389565134766,-0.1533605557119698,196.32685046406468,0.5538425603751306,-0.19735897261474253,26.756640608390416,-0.02090092752462523,-0.026897304615296627,0.007809522509760668,0.039047612548803304,0.07283599896629032
35,7.0,956.8530805687203,560.6255924170616,951,551,13,21,150.85308056872032,16.48667547199129,196.37440758293837,26.76312198745327,196.37440758293837,26.76312198745327,0.8243337735995646,0.3345390248431659,True,22,6,4,4,"fly (4,6)",0.20000000000000018,0.02289188947497678,-0.08667173388175797,0.08964389582009935,0.44821947910049637,0.4333586694087895,196.4376203784481,0.741647568739769,0.5538495719171498,26.77173701920928,0.05906080673373276,0.07548205409432752,0.012074203423414795,0.06037101711707392,0.09756834755644754
36,7.2,956.9330143540669,560.3492822966507,951,551,13,20,150.93301435406693,16.495411404816057,196.6507177033493,26.800779244068046,196.6507177033493,26.800779244068046,0.8247705702408029,0.3350097405508506,True,22,6,4,4,"fly (4,6)",0.20000000000000018,0.07993378534661133,-0.2763101204109262,0.2876398662934932,1.4381993314674646,1.3815506020546295,196.42866495050168,1.3655453477333357,-0.04477713973206695,26.77051651795594,0.18828628307387502,-0.00610250626672007,0.038657282600693114,0.1932864130034654,0.18089565532259022
37,7.4,956.7246376811594,560.7391304347826,951,551,13,21,150.72463768115938,16.472637997940915,196.26086956521738,26.747648322346492,196.26086956521738,26.747648322346492,0.8236318998970458,0.3343456040293311,True,22,6,4,4,"fly (4,6)",0.20000000000000018,-0.2083766729075478,0.3898481381319243,0.44204344652641003,2.2102172326320484,-1.9492406906596198,196.3354579994748,1.5433971441425112,-0.46603475513431264,26.757813696691628,-0.265654608607768,-0.06351410632154507,0.05780590716944631,0.2890295358472313,0.20304698612184746
38,7.6,956.829383886256,560.9052132701422,951,551,13,21,150.82938388625598,16.48408567062907,196.0947867298578,26.725013523660344,196.0947867298578,26.725013523660344,0.8242042835314535,0.3340626690457543,True,22,6,4,4,"fly (4,6)",0.1999999999999993,0.10474620509660326,0.1660828353595889,0.19635497366560387,0.9817748683280229,-0.8304141767979475,196.09156797137427,1.4042983882083993,-1.2194501405027345,26.72457485129462,-0.11317399343074226,-0.16619422698503547,0.02536500190296904,0.12682500951484565,0.18279914495971825
39,7.8,956.9333333333334,561.0809523809523,951,552,13,20,150.9333333333334,16.495446265938075,195.91904761904766,26.701062707877025,195.91904761904766,26.701062707877025,0.8247723132969038,0.3337632838484628,True,22,6,4,4,"fly (4,6)",0.20000000000000018,0.1039494470774116,0.17573911081012739,0.20418061273302573,1.0209030636651277,-0.8786955540506362,195.98672527077338,0.8233978916565463,-0.52421350300449,26.710286237924823,-0.11975407891659617,-0.07144306684899375,0.026508577903415553,0.13254288951707766,0.10388560437464035
40,8.0,956.8439024390244,561.0536585365853,951,552,13,20,150.84390243902442,16.485672397707585,195.94634146341468,26.704782482237096,195.94634146341468,26.704782482237096,0.8242836198853793,0.33380978102796366,True,22,6,4,4,"fly (4,6)",0.20000000000000018,-0.08943089430897544,-0.027293844367022757,0.0935031485952981,0.46751574297649007,0.13646922183511367,195.98733581331672,0.7475342886404195,0.0030527127167575183,26.71036944644862,0.018598871800357113,0.00041604261898123274,0.010457782818399562,0.05228891409199776,0.0958268864421395
41,8.2,956.8309178743962,560.9033816425122,951,551,13,21,150.83091787439616,16.48425331960614,196.09661835748784,26.725263149231733,196.09661835748784,26.725263149231733,0.824212665980307,0.33406578936539666,True,22,6,4,4,"fly (4,6)",0.1999999999999993,-0.012984564628254702,-0.15027689407315847,0.15083681185592798,0.7541840592796426,0.751384470365795,196.0809866069675,0.610819968809493,0.4682539682539754,26.723132757337993,0.10240333497318269,0.0638165544468746,0.02052977114346855,0.10264885571734311,0.07794959102135575
42,8.4,956.7658536585366,560.8,951,551,13,21,150.76585365853657,16.477142476342795,196.20000000000005,26.73935264054515,196.20000000000005,26.73935264054515,0.8238571238171397,0.3342419080068144,True,22,6,4,4,"fly (4,6)",0.20000000000000107,-0.06506421585959288,-0.10338164251220405,0.12215202083447026,0.610760104172348,0.5169082125610175,196.11838498095122,0.6908938777125663,0.18699186991852826,26.728229639652636,0.07044745656708391,0.02548441157321918,0.015782200650945356,0.07891100325472636,0.09266475451721327
43,8.6,956.770731707317,560.9414634146342,951,551,13,21,150.77073170731705,16.477675596428092,196.0585365853658,26.720073129181028,196.0585365853658,26.720073129181028,0.8238837798214047,0.33400091411476285,True,22,6,4,4,"fly (4,6)",0.1999999999999993,0.004878048780483368,0.14146341463424505,0.1415474939371415,0.70773746968571,-0.7073170731712278,196.0778455284553,0.6390005609142896,-0.20269726247969885,26.722704671680447,-0.09639755682060915,-0.027624839860944776,0.019286880915913993,0.09643440457957031,0.08302288647842197
44,8.8,956.685,561.025,951,552,13,20,150.68499999999995,16.468306010928956,195.97500000000002,26.708688245315166,195.97500000000002,26.708688245315166,0.8234153005464477,0.33385860306643955,True,22,6,4,4,"fly (4,6)",0.20000000000000107,-0.08573170731710889,0.08353658536577768,0.1197008217769631,0.5985041088848123,-0.4176829268288862,196.00632449285658,0.6940092764118769,-0.3576051779936052,26.712957341445527,-0.05692441932930917,-0.04873665117459678,0.014744650320193932,0.07372325160096926,0.08501648055750884
45,9.0,956.8398058252427,561.0145631067961,951,552,13,20,150.8398058252427,16.485224680354396,195.98543689320388,26.71011064984039,195.98543689320388,26.71011064984039,0.8242612340177197,0.3338763831230049,True,22,6,4,4,"fly (4,6)",0.1999999999999993,0.15480582524276087,-0.010436893203859654,0.15515725013302148,0.7757862506651102,0.05218446601929846,196.0274627042387,0.7030450338482739,0.10569105691066409,26.7158381879712,0.0071120226261278926,0.014404232628369118,0.01697835709839733,0.08489178549198696,0.08542701400428619
46,9.2,956.7853658536585,560.8780487804878,951,552,13,20,150.7853658536585,16.47927495668399,196.1219512195122,26.72871566875805,196.1219512195122,26.72871566875805,0.8239637478341995,0.33410894585947565,True,22,6,4,4,"fly (4,6)",0.1999999999999993,-0.054439971584201885,-0.1365143263083155,0.14696894839897967,0.734844741994901,0.68257163154158,196.01152419291182,0.8479252076830628,-0.07969255663434867,26.71366598881251,0.09302509458828856,-0.010860995793440608,0.019533200983980398,0.09766600491990234,0.10684343389000167
47,9.4,956.8543689320388,561.0728155339806,951,552,13,20,150.85436893203882,16.486816276725555,195.9271844660194,26.7021716478391,195.9271844660194,26.7021716478391,0.8243408138362778,0.33377714559798877,True,22,6,4,4,"fly (4,6)",0.20000000000000107,0.0690030783803195,0.19476675349278594,0.20662892607783684,1.0331446303891787,-0.9738337674639245,196.10053697768544,1.1315023974321927,0.44506392386798627,26.725797203091712,-0.13272010459473835,0.06065607139598054,0.02759450225162329,0.13797251125811572,0.15243578057969875
48,9.6,956.8514851485148,560.7475247524753,951,552,13,19,150.85148514851483,16.486501109127303,196.25247524752467,26.74650429267798,196.25247524752467,26.74650429267798,0.8243250554563651,0.33433130365847474,True,22,6,4,4,"fly (4,6)",0.1999999999999993,-0.002883783523998318,-0.3252907815052595,0.3253035639824989,1.6265178199125,1.6264539075263031,196.33410660402208,1.9935290797995104,1.1678481316833225,26.757629520139293,0.22166322419439133,0.15916158523793303,0.04433376511221548,0.22166882556107817,0.26348950888466427
49,9.8,957.192118226601,560.1773399014778,952,551,12,20,151.192118226601,16.523728767934536,196.8226600985222,26.82421261990081,196.8226600985222,26.82421261990081,0.8261864383967268,0.3353026577487601,True,22,6,4,4,"fly (4,6)",0.20000000000000107,0.3406330780861708,-0.5701848509975207,0.6641849578193745,3.3209247890968547,2.8509242549875884,196.53756767302343,2.4737213045046764,2.238689081256946,26.785358456289394,0.388541636114146,0.3051024301542687,0.08616543796696025,0.43082718983479895,0.32624800769793855
0,0.0,967.5403225806451,294.14516129032256,963,287,10,16,161.54032258064512,17.654680063458482,462.85483870967744,63.0807275924603,462.85483870967744,63.0807275924603,0.8827340031729242,0.7885090949057537,True,23,7,4,4,"fly (4,7)",,,,,,,462.81075268817204,0.2368653702767271,-0.22043010752696546,63.07471927607115,,-0.03004158194576334,,,0.03150026469330164
1,0.2,967.575,294.23333333333335,963,288,10,14,161.57500000000005,17.658469945355197,462.76666666666665,63.068710959681994,462.76666666666665,63.068710959681994,0.8829234972677598,0.788358886996025,True,23,7,4,4,"fly (4,7)",0.2,0.03467741935492086,0.08817204301078618,0.09474614811069085,0.4737307405534542,-0.4408602150539309,462.81873870671524,0.2767340781964508,-0.033546609792930816,63.07580766019969,-0.06008316389152668,-0.004571940005853037,0.012600105877320656,0.06300052938660328,0.03693463675792336
2,0.4,967.5537190082645,294.1652892561983,963,287,10,15,161.55371900826447,17.656144153908684,462.8347107438017,63.07798442845679,462.8347107438017,63.07798442845679,0.8828072076954342,0.7884748053557098,True,23,7,4,4,"fly (4,7)",0.2,-0.021280991735579846,-0.06804407713502769,0.07129429880717963,0.3564714940358982,0.34022038567513846,462.86712580348944,0.5540040006397629,0.24193548387093725,63.08240215379754,0.04636734387396757,0.03297246798922516,0.009560676177433365,0.047803380887166826,0.07463591207439994
3,0.6,967.5725806451612,294.0,963,287,10,15,161.57258064516122,17.658205534990298,463.0,63.100511073253834,463.0,63.100511073253834,0.8829102767495148,0.7887563884156729,True,23,7,4,4,"fly (4,7)",0.19999999999999996,0.018861636896758682,-0.1652892561983208,0.16636195346598723,0.8318097673299363,0.8264462809916042,462.88980716253445,0.6778197343768874,0.1134067952250463,63.0854933100558,0.11263322398523459,0.015455781291322546,0.02262076518988594,0.11310382594942973,0.09172954399690599
4,0.8,967.5371900826447,294.1652892561983,963,287,10,15,161.53719008264466,17.654337713950234,462.8347107438017,63.07798442845679,462.8347107438017,63.07798442845679,0.8827168856975118,0.7884748053557098,True,23,7,4,4,"fly (4,7)",0.20000000000000007,-0.035390562516568025,0.1652892561983208,0.16903558835296562,0.8451779417648277,-0.8264462809916038,462.52823691460054,3.0411668776726177,-1.8078512396694653,63.036216274562264,-0.11263322398523452,-0.24638517746772948,0.02285628503082429,0.11428142515412142,0.38443476653439707
5,1.0,968.5576923076924,295.25,964,290,10,12,162.55769230769238,17.76586801176966,461.75,62.93015332197615,461.75,62.93015332197615,0.8882934005884829,0.7866269165247018,True,23,7,4,4,"fly (4,7)",0.19999999999999996,1.0205022250477214,1.0847107438016792,1.4893025847846175,7.446512923923089,-5.423553719008397,461.3615702479339,6.536717391287806,-5.833333333333335,62.87721570670308,-0.7391555324031885,-0.7950028392958569,0.18518380969992795,0.92591904849964,0.8598089080938975
6,1.2,968.3090909090909,297.5,963,292,11,12,162.30909090909086,17.73869846000993,459.5,62.62350936967632,459.5,62.62350936967632,0.8869349230004965,0.782793867120954,True,23,7,4,4,"fly (4,7)",0.19999999999999996,-0.2486013986015223,2.25,2.2636922616350996,11.3184613081755,-11.250000000000002,459.10714285714283,12.806757677160974,-11.27213695395521,62.5699683621319,-1.5332197614991476,-1.536236722855916,0.30784525012558617,1.5392262506279313,1.6756434267676774
7,1.4,970.2321428571429,300.92857142857144,967,297,7,9,164.2321428571429,17.948868071818897,456.07142857142856,62.15624239474324,456.07142857142856,62.15624239474324,0.8974434035909448,0.7769530299342906,True,23,7,4,4,"fly (4,7)",0.19999999999999996,1.9230519480520343,3.428571428571445,3.9310597598768657,19.655298799384333,-17.142857142857228,456.021164021164,16.295626864269348,-15.429894179894175,62.1493920301416,-2.3363348746654116,-2.1028816599514966,0.5123569962350921,2.561784981175461,2.1805099735554268
8,1.6,970.0793650793651,304.5079365079365,966,300,8,10,164.07936507936506,17.932171046925145,452.4920634920635,61.66842432600525,452.4920634920635,61.66842432600525,0.8966085523462571,0.7708553040750655,True,23,7,4,4,"fly (4,7)",0.20000000000000018,-0.1527777777778283,3.5793650793650613,3.582624097049645,17.913120485248207,-17.896825396825292,451.84237614237617,22.13514806915946,-20.893939393939338,61.57988090526421,-2.4390903436899314,-2.8475556243869584,0.4881037377725781,2.4405186888628885,2.9583507452430324
9,1.8,968.4363636363637,310.0363636363636,963,304,11,13,162.4363636363637,17.75260804769002,446.9636363636364,60.914975995044145,446.9636363636364,60.914975995044145,0.8876304023845011,0.7614371999380518,True,23,7,4,4,"fly (4,7)",0.19999999999999996,-1.643001443001367,5.528427128427097,5.767404984569165,28.83702492284583,-27.642135642135493,444.9900502409173,35.481567737358084,-34.26162950729425,60.64600343998873,-3.767241654805532,-4.669387326377408,0.7745497131381495,3.872748565690748,4.77709704888332
10,2.0,965.0520231213873,321.485549132948,958,314,15,16,159.05202312138726,17.382734767364727,435.514450867052,59.35460999891679,435.514450867052,59.35460999891679,0.8691367383682365,0.74193262498646,True,23,7,4,4,"fly (4,7)",0.19999999999999996,-3.3843405149764294,11.449185496584391,11.938911560796038,59.6945578039802,-57.24592748292197,433.3540664600737,61.55190946233995,-58.17991890421797,59.06017941534224,-7.801829980636763,-7.929120123232444,1.6036047784192642,8.018023892096323,8.227764719900913
11,2.2,958.1168224299065,339.4158878504673,951,330,16,20,152.1168224299065,16.624789336601804,417.5841121495327,56.91095225206578,417.5841121495327,56.91095225206578,0.8312394668300902,0.7113869031508223,True,23,7,4,4,"fly (4,7)",0.20000000000000018,-6.935200691480759,17.930338717519305,19.22482913203878,96.12414566019382,-89.65169358759644,417.18132595458206,84.23113523700873,-80.86370252745802,56.8560580517318,-12.218288734255037,-11.020606818052203,2.558504340383136,12.79252170191567,11.318665395619357
12,2.4,955.1004366812227,358.5545851528384,949,348,14,22,149.10043668122273,16.29512969193691,398.4454148471616,54.302611904212824,398.4454148471616,54.302611904212824,0.8147564845968456,0.6787826488026603,True,23,7,4,4,"fly (4,7)",0.19999999999999973,-3.016385748683774,19.1386973023711,19.374940449370403,96.87470224685214,-95.69348651185562,400.83684655164075,84.30502154446812,-81.72239701470686,54.628531046220196,-13.041701739264813,-11.137635027557996,2.6290901185692133,13.145450592846084,11.366381828096388
13,2.6,955.7721518987341,370.5189873417721,950,360,13,22,149.77215189873414,16.368541191118485,386.4810126582279,52.672028982381995,386.4810126582279,52.672028982381995,0.8184270595559242,0.6584003622797749,True,23,7,4,4,"fly (4,7)",0.20000000000000018,0.6717152175114052,11.964402188933718,11.983243345271694,59.916216726358414,-59.82201094466854,389.0616827316815,59.32054720166652,-58.875819099795905,53.023738702784534,-8.152914609154138,-8.023961717178315,1.6322346379054848,8.161173189527418,8.06301505072357
14,2.8,955.4568965517242,374.7413793103448,950,364,13,22,149.45689655172418,16.334087054833244,382.2586206896552,52.0965752217588,382.2586206896552,52.0965752217588,0.8167043527416622,0.6512071902719849,True,23,7,4,4,"fly (4,7)",0.19999999999999973,-0.31525534700995195,4.222391968572708,4.234144526357795,21.170722631789005,-21.11195984286357,380.08754863339476,45.07825010419216,-44.870670491433934,51.80068805906572,-2.8772688031159928,-6.115253218594067,0.5764842739594399,2.8824213697972034,6.133468583536536
15,3.0,954.0334728033473,385.4769874476988,948,374,14,23,148.0334728033473,16.178521617852166,371.5230125523012,50.63345997305638,371.5230125523012,50.63345997305638,0.8089260808926082,0.6329182496632048,True,23,7,4,4,"fly (4,7)",0.20000000000000018,-1.4234237483768766,10.73560813735395,10.829562190885817,54.14781095442903,-53.6780406867697,370.98715260111993,48.001117737514384,-45.50198016137393,50.56042965602998,-7.31557624351207,-6.201292015178727,1.4713622382569984,7.356811191284986,6.424162954456542
16,3.2,948.0043859649122,397.8201754385965,941,388,16,21,142.00438596491222,15.519605023487674,359.1798245614035,48.95125377327476,359.1798245614035,48.95125377327476,0.7759802511743837,0.6118906721659344,True,23,7,4,4,"fly (4,7)",0.20000000000000018,-6.0290868384350915,12.343187990897718,13.736963925265034,68.68481962632511,-61.71593995448853,362.71247218431904,56.00914096884818,-41.3734020840047,49.43270489735183,-8.411030998908117,-5.638623793390763,1.8066512604574896,9.03325630228744,7.126743605867446
17,3.4,939.1355140186915,399.56542056074767,930,392,20,16,133.13551401869154,14.550329400949895,357.43457943925233,48.71340094572434,357.43457943925233,48.71340094572434,0.7275164700474948,0.6089175118215542,True,23,7,4,4,"fly (4,7)",0.19999999999999973,-8.868871946220679,1.745245122151175,9.038958465158066,45.19479232579039,-8.726225610755888,359.0228441470076,54.373822794696686,-18.448140186557097,48.92985950896186,-1.189264137752099,-2.514226941949856,0.9980326648059816,4.990163324029915,6.514553564489506
18,3.6,929.7614678899083,396.54587155963304,919,391,23,12,123.76146788990832,13.525843485235882,360.45412844036696,49.12492380788647,360.45412844036696,49.12492380788647,0.6762921742617941,0.6140615475985809,True,23,7,4,4,"fly (4,7)",0.20000000000000018,-9.37404612878322,-3.019549001114626,9.848371286394924,49.241856431974576,15.097745005573117,360.4126152702179,49.65721799712539,6.9488556160516195,49.11926613563446,2.0576143108106475,0.9470331333630707,1.104048213430234,5.520241067151165,5.528643360205677
19,3.8,919.2456896551724,393.6508620689655,907,389,25,11,113.24568965517244,12.37657810439043,363.3491379310345,49.5194736532926,363.3491379310345,49.5194736532926,0.6188289052195215,0.6189934206661576,True,23,7,4,4,"fly (4,7)",0.19999999999999973,-10.515778234735876,-2.895009490667519,10.907001046722227,54.53500523361121,14.475047453337615,362.4606632585523,48.20573020136168,10.240239941671716,49.39838681547561,1.972749227030664,1.3956033992056882,1.215105137887188,6.075525689435948,5.353389740609221
20,4.0,911.0808510638298,393.42127659574464,899,388,25,12,105.08085106382975,11.48424601790489,363.57872340425536,49.55076298524775,363.57872340425536,49.55076298524775,0.5742123008952446,0.6193845373155968,True,23,7,4,4,"fly (4,7)",0.20000000000000018,-8.164838591342686,-0.22958547322087952,8.168065787699858,40.840328938499255,1.1479273661043965,363.5140893716503,32.149295665988284,5.267130565490098,49.541954258487266,0.15644665977575287,0.7178372150582755,0.8928804930481107,4.46440246524055,3.5526812705855413
21,4.2,911.292372881356,393.385593220339,899,388,26,12,105.29237288135596,11.507363156432346,363.614406779661,49.55562613692143,363.614406779661,49.55562613692143,0.5753681578216172,0.6194453267115179,True,23,7,4,4,"fly (4,7)",0.20000000000000018,0.21152181752620436,-0.035683375405653806,0.2145105651708785,1.0725528258543915,0.17841687702826886,362.9567534095865,17.406868179240224,-2.7866798103191024,49.46599705752456,0.02431575836840947,-0.3797860048135009,0.023623131416025164,0.11811565708012571,1.9858972422199244
22,4.4,910.5874439461884,395.322869955157,899,390,25,12,104.58744394618839,11.43032174275283,361.677130044843,49.2916020504045,361.677130044843,49.2916020504045,0.5715160871376415,0.6161450256300562,True,23,7,4,4,"fly (4,7)",0.20000000000000018,-0.7049289351675725,1.9372767348179991,2.061544554673407,10.307722773367026,-9.686383674089987,362.1602420045644,4.640163980607692,-3.982557025110315,49.357443544063294,-1.320120432584665,-0.5427675673063467,0.27503472086781966,1.375173604339097,0.6115531099668797
23,4.6,910.4459459459459,395.81081081081084,899,391,24,11,104.44594594594594,11.41485748043125,361.18918918918916,49.22510244486394,361.18918918918916,49.22510244486394,0.5707428740215625,0.6153137805607992,True,23,7,4,4,"fly (4,7)",0.1999999999999993,-0.14149800024244996,0.4879408556538465,0.5080432685203301,2.5402163426016595,-2.4397042782692413,361.4043286335663,5.66583407915677,-3.779566854990525,49.25442298242811,-0.3324980277027845,-0.5151028081758825,0.0682740136962831,0.3413700684814167,0.7248523697526199
24,4.8,909.6311111111111,395.6533333333333,898,390,25,12,103.63111111111107,11.325804493017603,361.3466666666667,49.2465644520159,361.3466666666667,49.2465644520159,0.5662902246508802,0.6155820556501987,True,23,7,4,4,"fly (4,7)",0.20000000000000018,-0.8148348348348691,-0.15747747747752783,0.8299126243003258,4.149563121501625,0.7873873873876385,361.275900449806,2.675385454482338,-0.6421409188013155,49.236919993159255,0.10731003575980215,-0.08751494634430224,0.09160268728746929,0.45801343643734604,0.3157103515559172
25,5.0,909.8927038626609,395.7081545064378,898,390,25,12,103.89270386266094,11.354393864771687,361.2918454935622,49.23909308259792,361.2918454935622,49.23909308259792,0.5677196932385844,0.615488663532474,True,23,7,4,4,"fly (4,7)",0.20000000000000018,0.2615927515498697,0.054821173104471654,0.2672753798687457,1.3363768993437275,-0.27410586552235805,361.2541479280535,2.108504166440268,-0.10876260876253703,49.233955424606954,-0.03735684708992434,-0.014822842761503799,0.0295495099497978,0.14774754974898888,0.2400609924948739
26,5.2,909.8931623931624,395.87606837606836,898,391,26,11,103.89316239316236,11.354443977394792,361.12393162393164,49.21620873920704,361.12393162393164,49.21620873920704,0.5677221988697396,0.615202609240088,True,23,7,4,4,"fly (4,7)",0.20000000000000018,0.0004585305014188634,0.1679138696305813,0.16791449569509054,0.8395724784754519,-0.8395693481529057,361.1587943927,1.1451520533882449,-0.47676767676771176,49.22096005351958,-0.1144217169543892,-0.06497685543682975,0.02288439825965738,0.1144219912982868,0.1340713340247073
27,5.4,909.6493506493507,395.93939393939394,898,391,25,11,103.64935064935071,11.327797885174942,361.06060606060606,49.207578338753805,361.06060606060606,49.207578338753805,0.5663898942587471,0.6150947292344225,True,23,7,4,4,"fly (4,7)",0.20000000000000018,-0.24381174381164783,0.06332556332557715,0.25190135646911127,1.2595067823455552,-0.31662781662788547,361.0746704562494,0.768285405619891,-0.42061968225282914,49.20949512180571,-0.04315200226617573,-0.057324658569382785,0.028008892205369274,0.14004446102684626,0.09284839152568987
28,5.6,909.6140350877193,395.9605263157895,898,391,25,11,103.61403508771934,11.323938260952934,361.0394736842105,49.20469828745629,361.0394736842105,49.20469828745629,0.5661969130476467,0.6150587285932037,True,23,7,4,4,"fly (4,7)",0.1999999999999993,-0.03531556163136429,0.021132376395541996,0.04115539120773304,0.20577695603866591,-0.10566188197771036,361.0410759643216,0.6707811962832645,-0.16797245963914045,49.2049166561256,-0.014400256487583413,-0.02289232840055888,0.00481574445038729,0.024078722251936538,0.07475981171779023
29,5.8,909.7222222222222,395.97685185185185,898,391,25,11,103.72222222222217,11.335761991499691,361.02314814814815,49.202473342166705,361.02314814814815,49.202473342166705,0.5667880995749845,0.6150309167770838,True,23,7,4,4,"fly (4,7)",0.20000000000000018,0.10818713450282758,0.016325536062367973,0.1094119700931145,0.547059850465572,-0.0816276803118398,361.0442384301009,0.47937077516512167,0.015812328896444506,49.20534765657252,-0.0111247264479175,0.002155002234616154,0.012031250374917585,0.060156251874587875,0.053842878969304814
30,6.0,909.5934579439253,395.9299065420561,898,391,25,11,103.59345794392527,11.321689392778719,361.0700934579439,49.208871340094575,361.0700934579439,49.208871340094575,0.5660844696389359,0.6151108917511822,True,23,7,4,4,"fly (4,7)",0.20000000000000018,-0.12876427829689874,-0.04694530979577394,0.13705510379822552,0.685275518991127,0.23472654897886946,361.0758336217837,0.6258751931198102,0.15797595841453438,49.20965364521755,0.031989989639349375,0.02152994322514699,0.01545873255627802,0.07729366278139004,0.0708853683064794
31,6.2,909.4814814814815,395.86574074074076,898,391,24,11,103.48148148148152,11.309451528030767,361.13425925925924,49.21761625339138,361.13425925925924,49.21761625339138,0.5654725764015384,0.6152202031673922,True,23,7,4,4,"fly (4,7)",0.20000000000000018,-0.11197646244374937,-0.06416580131531191,0.1290580419805465,0.6452902099027319,0.3208290065765593,361.1458011882203,0.7788875046962852,0.3498378321825202,49.21918925904195,0.04372456648400909,0.047678069121962076,0.01504123805269208,0.07520619026346033,0.08986022536222897
32,6.4,909.6567796610169,395.76694915254234,898,390,25,12,103.65677966101691,11.328609799018242,361.23305084745766,49.23108018363988,361.23305084745766,49.23108018363988,0.566430489950912,0.6153885022954986,True,23,7,4,4,"fly (4,7)",0.20000000000000018,0.17529817953538895,-0.0987915881984236,0.2012193570389995,1.0060967851949967,0.49395794099211754,361.11377869358097,1.0232488718117518,-0.160112473196626,49.214825034900294,0.06731965124252776,-0.021821120708232195,0.023416164608367325,0.11708082304183652,0.12658925822604475
33,6.6,909.5411255411256,396.02597402597405,898,391,25,11,103.54112554112555,11.315970004494597,360.97402597402595,49.195778667669636,360.97402597402595,49.195778667669636,0.5657985002247298,0.6149472333458704,True,23,7,4,4,"fly (4,7)",0.1999999999999993,-0.1156541198913601,0.2590248734317129,0.28367192406750436,1.4183596203375268,-1.295124367158569,361.0690256071612,1.7184653584084844,-0.22376543209872735,49.208725806768136,-0.17650757985123341,-0.03049614066081124,0.03749615227456736,0.18748076137283745,0.20107073363679553
34,6.8,908.9955555555556,396.0,898,391,24,11,102.9955555555556,11.256344869459628,361.0,49.19931856899489,361.0,49.19931856899489,0.5628172434729815,0.6149914821124361,True,23,7,4,4,"fly (4,7)",0.20000000000000018,-0.545569985569955,-0.025974025974051074,0.5461879339385863,2.7309396696929293,0.12987012987025526,360.87426210153484,2.1161965398809692,-0.9738175281319137,49.182182228488564,0.017699506626271937,-0.13271789139786008,0.059730123299142575,0.2986506164957126,0.2552700996164434
35,7.0,909.2603305785124,396.3512396694215,898,391,24,12,103.26033057851237,11.28528203043851,360.6487603305785,49.151449448801166,360.6487603305785,49.151449448801166,0.5642641015219255,0.6143931181100145,True,23,7,4,4,"fly (4,7)",0.20000000000000018,0.26477502295676913,0.35123966942148854,0.4398580659224907,2.1992903296124515,-1.7561983471074412,360.74931129476585,1.8595581378742263,-0.62475403384496,49.165153157719374,-0.2393456009686188,-0.0851453538459878,0.05593578419615609,0.2796789209807802,0.21733900401827477
36,7.2,909.3801652892562,396.40082644628103,897,391,26,12,103.38016528925618,11.298378720137288,360.59917355371897,49.14469145536204,360.59917355371897,49.14469145536204,0.5649189360068644,0.6143086431920255,True,23,7,4,4,"fly (4,7)",0.20000000000000018,0.11983471074381669,0.049586776859541715,0.12968888286345978,0.6484444143172984,-0.24793388429770835,360.55557910103363,1.3178936931665057,-0.9686609686609833,49.13875013301992,-0.03378996719561653,-0.13201512349723987,0.014737494915666316,0.07368747457833151,0.1649308461906969
37,7.4,909.2521367521367,396.5811965811966,898,391,24,12,103.25213675213672,11.284386530288167,360.4188034188034,49.120109494896546,360.4188034188034,49.120109494896546,0.5642193265144083,0.6140013686862068,True,23,7,4,4,"fly (4,7)",0.20000000000000018,-0.12802853711946227,0.18037013491556309,0.22118926711395367,1.1059463355697674,-0.9018506745778146,360.4886010198263,1.2748382467943926,-0.3348904060366393,49.12962194478041,-0.12290980232748427,-0.04564094119751627,0.028285228602595826,0.141426143012979,0.14722166704551942
38,7.6,908.8391304347826,396.5521739130435,897,391,25,12,102.83913043478265,11.239249227845098,360.4478260869565,49.12406488408266,360.4478260869565,49.12406488408266,0.5619624613922549,0.6140508110510332,True,23,7,4,4,"fly (4,7)",0.1999999999999993,-0.4130063173540748,-0.029022668153118047,0.41402479809922105,2.0701239904961124,0.14511334076559076,360.46181931921427,1.1941318587587701,-0.1339085030601406,49.125971968547084,0.019776945930551973,-0.01824988116663201,0.045310276709049385,0.22655138354524773,0.1403213067690295
39,7.8,908.8786610878661,396.4811715481171,897,391,25,12,102.87866108786613,11.243569517799578,360.5188284518829,49.133741526662064,360.5188284518829,49.133741526662064,0.5621784758899789,0.6141717690832758,True,23,7,4,4,"fly (4,7)",0.20000000000000018,0.03953065308348869,-0.07100236492635759,0.08126505004208628,0.40632525021043103,0.3550118246317876,360.49157301832275,1.2889215011728374,0.14876849554270202,49.130026987164946,0.048383212897036246,0.020275093089298483,0.010597278749772374,0.052986393748861826,0.14384932610001835
40,8.0,908.6008064516129,396.491935483871,897,391,25,12,102.60080645161293,11.213202890886658,360.508064516129,49.132274550750125,360.508064516129,49.132274550750125,0.5606601445443329,0.6141534318843765,True,23,7,4,4,"fly (4,7)",0.20000000000000018,-0.2778546362532097,0.010763935753857368,0.27806305256239394,1.3903152628119684,-0.05381967876928679,360.5103193362208,1.1422924168103625,0.09373158948980155,49.13258185161442,-0.0073348795596928015,0.012774322247336059,0.030402040201189136,0.15201020100594556,0.12772399472658222
41,8.2,908.9268292682926,396.4959349593496,897,391,25,12,102.92682926829264,11.248833799813402,360.5040650406504,49.13172947743106,360.5040650406504,49.13172947743106,0.5624416899906701,0.6141466184678882,True,23,7,4,4,"fly (4,7)",0.1999999999999993,0.32602281667971056,0.0039994754786221165,0.3260473474817365,1.6302367374086884,-0.019997377393110652,360.4819548321795,1.4266242014068187,-0.141822520206455,49.128716161114745,-0.0027253665953352975,-0.01932845249832828,0.03563507788498773,0.1781753894249393,0.15692101114774168
42,8.4,909.1686746987951,396.566265060241,897,391,25,12,103.16867469879514,11.275264994403841,360.433734939759,49.12214445516307,360.433734939759,49.12214445516307,0.5637632497201921,0.6140268056895384,True,23,7,4,4,"fly (4,7)",0.20000000000000107,0.24184543050250795,0.0703301008913968,0.25186412079996123,1.2593206039997995,-0.3516505044569821,360.5573089881788,1.5800724196377587,0.37677077999661196,49.138985892767124,-0.04792511133995677,0.05134865826188232,0.028115488602468174,0.14057744301234013,0.18503624999709775
43,8.6,909.3849206349206,396.265873015873,897,390,25,13,103.3849206349206,11.298898430045968,360.734126984127,49.163083745707254,360.734126984127,49.163083745707254,0.5649449215022984,0.6145385468213407,True,23,7,4,4,"fly (4,7)",0.1999999999999993,0.2162459361254605,-0.3003920443679817,0.3701319835009564,1.8506599175047884,1.501960221839914,360.49850716611803,2.4410434539888937,-0.29400911030392135,49.13097201582528,0.204696452720939,-0.04006938470922622,0.04727118351080258,0.23635591755401375,0.28873977778074056
44,8.8,908.6468085106383,396.67234042553196,897,391,24,12,102.64680851063827,11.218230438321122,360.32765957446804,49.10768784660552,360.32765957446804,49.10768784660552,0.5609115219160561,0.6138460980825691,True,23,7,4,4,"fly (4,7)",0.20000000000000107,-0.7381121242823383,0.40646740965894423,0.8426299680924231,4.213149840462093,-2.0323370482947105,360.3950448587387,2.3621632411144247,-0.5173115368964342,49.116871531003575,-0.2769794955086609,-0.07050242410854148,0.0978571945551741,0.4892859727758679,0.2883214959653338
45,9.0,908.6563876651983,396.87665198237886,897,391,25,12,102.65638766519828,11.219277340458829,360.12334801762114,49.07984300069794,360.12334801762114,49.07984300069794,0.5609638670229414,0.6134980375087242,True,23,7,4,4,"fly (4,7)",0.1999999999999993,0.009579154560015013,0.20431155684690339,0.2045359930752778,1.0226799653763927,-1.0215577842345205,360.3183466167179,2.9376179210436604,-0.38349121010411596,49.10641861897347,-0.13922422953790253,-0.052264560150482774,0.027864519513223864,0.1393225975661198,0.34971346441523926
46,9.2,909.2620967741935,396.4959677419355,898,390,23,14,103.26209677419354,11.285475057288911,360.5040322580645,49.131725009616964,360.5040322580645,49.131725009616964,0.5642737528644456,0.6141465626202122,True,23,7,4,4,"fly (4,7)",0.1999999999999993,0.6057091089952564,-0.38068424044337235,0.7154047914584964,3.577023957292495,1.9034212022168684,360.282737869673,2.135649554077109,-0.17804373522455905,49.10156563811557,0.25941004459511513,-0.024264904289546946,0.08410636458074573,0.42053182290373015,0.2628518847374553
47,9.4,909.0375,396.7791666666667,898,391,23,13,103.03750000000002,11.260928961748636,360.2208333333333,49.09312890403179,360.2208333333333,49.09312890403179,0.5630464480874319,0.6136641113003974,True,23,7,4,4,"fly (4,7)",0.20000000000000107,-0.22459677419351465,0.28319892473120944,0.36144894791248994,1.80724473956244,-1.4159946236560397,360.3735663082437,2.593004942328704,0.4541421928537292,49.11394430095314,-0.1929805279258535,0.06189331418790863,0.04574024674850343,0.22870123374251594,0.30682592286533916
48,9.6,908.5916666666667,396.60416666666663,897,391,23,12,102.5916666666667,11.212204007285978,360.39583333333337,49.116978989210686,360.39583333333337,49.116978989210686,0.5606102003642989,0.6139622373651336,True,23,7,4,4,"fly (4,7)",0.1999999999999993,-0.44583333333332575,-0.1750000000000682,0.47894922602623363,2.3947461301311765,0.8750000000003442,360.2571594607159,2.0360342472859334,-0.5820342376388877,49.098079653930625,0.1192504258944642,-0.07932323511261231,0.05424894238995409,0.2712447119497714,0.24340563667700446
49,9.8,908.8870292887029,396.8451882845188,897,391,24,13,102.88702928870293,11.24448407526808,360.1548117154812,49.0841310685494,360.1548117154812,49.0841310685494,0.562224203763404,0.6135516383568674,True,23,7,4,4,"fly (4,7)",0.20000000000000107,0.29536262203623664,0.24102161785219778,0.3812223744328389,1.9061118721641843,-1.2051080892609825,360.2753225244072,2.15042900114768,-0.1650540446303118,49.10055502888004,-0.1642396033064477,-0.022494588705991733,0.04605419286774548,0.23027096433872618,0.25075783814424873
1,0.2,916.7272727272727,170.72727272727272,915,170,5,3,110.72727272727275,12.101341281669153,586.2727272727273,79.90088276289298,586.2727272727273,79.90088276289298,0.6050670640834577,0.9987610345361623,True,24,8,4,4,"fly (4,8)",,,,,,,586.1988636363636,0.6776625251066767,-0.36931818181813014,79.8908161684993,,-0.050332971968387596,,,0.07993352036497578
2,0.4,916.5,170.875,914,170,6,3,110.5,12.076502732240437,586.125,79.88074957410562,586.125,79.88074957410562,0.6038251366120219,0.9985093696763203,True,24,8,4,4,"fly (4,8)",0.2,-0.22727272727274794,0.14772727272728048,0.2710650100426707,1.3553250502133534,-0.7386363636362603,586.1103535353535,1.045108610162546,-0.5656565656564302,79.87875346308056,-0.10066594393677519,-0.07709118441653119,0.03197340814599031,0.15986704072995156,0.12315622390659746
3,0.6,916.8,171.06666666666666,915,170,5,4,110.79999999999995,12.109289617486334,585.9333333333334,79.85462805224306,585.9333333333334,79.85462805224306,0.6054644808743167,0.9981828506530381,True,24,8,4,4,"fly (4,8)",0.19999999999999996,0.2999999999999545,0.19166666666666288,0.3560001560548568,1.7800007802742843,-0.9583333333330304,586.0432539682539,1.2941936074082467,-0.33549783549782825,79.86960871799032,-0.13060760931281837,-0.04572372545114928,0.04192032619796815,0.2096016309898408,0.15620550654275017
4,0.8,916.8571428571429,170.92857142857142,915,170,5,3,110.85714285714289,12.115534738485561,586.0714285714286,79.87344852762229,586.0714285714286,79.87344852762229,0.6057767369242781,0.9984181065952786,True,24,8,4,4,"fly (4,8)",0.20000000000000007,0.0571428571429351,-0.1380952380952465,0.14945099834742057,0.7472549917371026,0.6904761904758059,586.0432539682539,1.4443158649608903,-1.295260195396016e-16,79.86960871799032,0.09410237689614573,-1.61907524424502e-17,0.019829569581691634,0.09914784790845814,0.169098119974894
5,1.0,916.5,170.875,914,170,6,3,110.5,12.076502732240437,586.125,79.88074957410562,586.125,79.88074957410562,0.6038251366120219,0.9985093696763203,True,24,8,4,4,"fly (4,8)",0.19999999999999996,-0.3571428571428896,-0.05357142857141639,0.3611383645742568,1.8056918228712844,0.2678571428572241,586.1071428571428,0.8509822715361289,0.31944444444434333,79.87831589194451,0.03650523241667259,0.043535869770939435,0.03970897620527659,0.19854488102638299,0.09923090964494703
6,1.2,916.5,170.875,914,170,6,3,110.5,12.076502732240437,586.125,79.88074957410562,586.125,79.88074957410562,0.6038251366120219,0.9985093696763203,True,24,8,4,4,"fly (4,8)",0.19999999999999996,0.0,0.0,0.0,0.0,0.0,586.0833333333334,1.4608776129607743,-0.11904761904759202,79.87507098239637,0.0,-0.01622454774071969,0.0,0.0,0.16157951827336173
7,1.4,917.0,171.0,914,170,7,4,111.0,12.131147540983607,586.0,79.86371379897786,586.0,79.86371379897786,0.6065573770491803,0.9982964224872232,True,24,8,4,4,"fly (4,8)",0.19999999999999996,0.5,0.125,0.5153882032022076,2.5769410160110384,-0.6250000000000001,586.0416666666666,1.6484540228809414,-0.2083333333333334,79.86939239068711,-0.08517887563883166,-0.028392958546277224,0.05723873475874043,0.2861936737937022,0.18167916822747465
8,1.6,916.5263157894736,171.0,914,170,7,4,110.52631578947364,12.079378774805862,586.0,79.86371379897786,586.0,79.86371379897786,0.6039689387402931,0.9982964224872232,True,24,8,4,4,"fly (4,8)",0.20000000000000018,-0.4736842105263577,0.0,0.4736842105263577,2.368421052631786,0.0,586.0,1.6484540228809414,-0.2083333333333334,79.86371379897786,0.0,-0.028392958546277224,0.051768766177744396,0.25884383088872176,0.18167916822747465
9,1.8,916.5263157894736,171.0,914,170,7,4,110.52631578947364,12.079378774805862,586.0,79.86371379897786,586.0,79.86371379897786,0.6039689387402931,0.9982964224872232,True,24,8,4,4,"fly (4,8)",0.19999999999999996,0.0,0.0,0.0,0.0,0.0,585.9814814814815,2.1376862208787193,-0.09259259259257156,79.86118998044041,0.0,-0.01261909268725011,0.0,0.0,0.2338196599527671
10,2.0,917.3333333333334,171.05555555555554,915,170,6,4,111.33333333333337,12.167577413479057,585.9444444444445,79.8561423433655,585.9444444444445,79.8561423433655,0.6083788706739528,0.9982017792920689,True,24,8,4,4,"fly (4,8)",0.19999999999999996,0.8070175438597289,0.055555555555542924,0.808927522000874,4.044637610004371,-0.2777777777777147,586.037037037037,1.9056937671677423,0.27777777777771434,79.86876143605274,-0.03785727806175033,0.03785727806167922,0.08852302979391588,0.4426151489695795,0.21552009666833563
11,2.2,917.5833333333334,170.83333333333334,916,170,5,3,111.58333333333337,12.194899817850642,586.1666666666666,79.88642816581486,586.1666666666666,79.88642816581486,0.6097449908925321,0.9985803520726859,True,24,8,4,4,"fly (4,8)",0.20000000000000018,0.25,-0.22222222222220012,0.33448873829977127,1.672443691498855,1.1111111111108576,586.1084656084655,2.525872323044389,0.3571428571429652,79.87849616469718,0.15142911224678798,0.04867364322220639,0.04078902820708553,0.20394514103542746,0.283606531505965
12,2.4,917.2142857142857,170.78571428571428,915,170,6,3,111.21428571428567,12.154566744730674,586.2142857142858,79.89291798491118,586.2142857142858,79.89291798491118,0.6077283372365337,0.9986614748113898,True,24,8,4,4,"fly (4,8)",0.19999999999999973,-0.36904761904770567,-0.04761904761906521,0.3721071335259878,1.8605356676299414,0.2380952380957527,586.1455026455027,2.039379229492804,0.18518518518514313,79.88354380177208,0.03244909548158152,0.02523818537447653,0.040851860902577565,0.2042593045128881,0.23267714118833718
13,2.6,916.7222222222222,170.94444444444446,914,170,7,4,110.72222222222217,12.100789313904063,586.0555555555555,79.87128525459019,586.0555555555555,79.87128525459019,0.6050394656952032,0.9983910656823775,True,24,8,4,4,"fly (4,8)",0.20000000000000018,-0.49206349206349387,0.15873015873017948,0.5170316658699233,2.5851583293496145,-0.793650793651181,586.148770619359,1.6852548040323585,0.01633986928122096,79.88398918151398,-0.10816365160493992,0.002226898709546852,0.057965395603339256,0.28982697801669605,0.19232130643197157
14,2.8,916.7058823529412,170.8235294117647,914,170,7,3,110.70588235294122,12.09900353584057,586.1764705882354,79.88776430504059,586.1764705882354,79.88776430504059,0.6049501767920286,0.9985970538130075,True,24,8,4,4,"fly (4,8)",0.19999999999999973,-0.0163398692809551,-0.12091503267976123,0.12201408302350358,0.6100704151175187,0.6045751633990911,586.136165577342,1.0650762481557114,-0.06302521008402993,79.8822712882238,0.08239525225199895,-0.008589466450980321,0.016575527353266093,0.08287763676633057,0.12423487159434221
15,3.0,916.7058823529412,170.8235294117647,914,170,7,3,110.70588235294122,12.09900353584057,586.1764705882354,79.88776430504059,586.1764705882354,79.88776430504059,0.6049501767920286,0.9985970538130075,True,24,8,4,4,"fly (4,8)",0.20000000000000018,0.0,0.0,0.0,0.0,0.0,586.1764705882354,0.2033568050391732,0.2015250544663637,79.88776430504059,0.0,0.02746508408399965,0.0,0.0,0.02762587892211021
16,3.2,916.7058823529412,170.8235294117647,914,170,7,3,110.70588235294122,12.09900353584057,586.1764705882354,79.88776430504059,586.1764705882354,79.88776430504059,0.6049501767920286,0.9985970538130075,True,24,8,4,4,"fly (4,8)",0.20000000000000018,0.0,0.0,0.0,0.0,0.0,586.1764705882354,0.0,0.0,79.88776430504059,0.0,0.0,0.0,0.0,0.0
17,3.4,916.7058823529412,170.8235294117647,914,170,7,3,110.70588235294122,12.09900353584057,586.1764705882354,79.88776430504059,586.1764705882354,79.88776430504059,0.6049501767920286,0.9985970538130075,True,24,8,4,4,"fly (4,8)",0.19999999999999973,0.0,0.0,0.0,0.0,0.0,586.0859010270775,0.611435397242987,-0.45284780578905726,79.87542092362214,0.0,-0.06171690709220925,0.0,0.0,0.07632134272420142
18,3.6,916.952380952381,171.0952380952381,914,170,7,4,110.95238095238096,12.125943273484259,585.9047619047619,79.85073416078527,585.9047619047619,79.85073416078527,0.6062971636742129,0.9981341770098159,True,24,8,4,4,"fly (4,8)",0.20000000000000018,0.2464985994397466,0.27170868347340615,0.3668612383457923,1.83430619172896,-1.3585434173671718,585.9953314659198,0.611435397242987,-0.45284780578905726,79.86307754220371,-0.18515072127662774,-0.06171690709220925,0.045792805634520886,0.22896402817260422,0.07632134272420142
19,3.8,916.952380952381,171.0952380952381,914,170,7,4,110.95238095238096,12.125943273484259,585.9047619047619,79.85073416078527,585.9047619047619,79.85073416078527,0.6062971636742129,0.9981341770098159,True,24,8,4,4,"fly (4,8)",0.19999999999999973,0.0,0.0,0.0,0.0,0.0,585.8565079365079,0.8530391761692208,-0.6941176470589495,79.84415781076768,0.0,-0.09459865718007159,0.0,0.0,0.10923236657082432
20,4.0,916.96,171.24,914,170,8,4,110.96000000000004,12.126775956284156,585.76,79.83100511073255,585.76,79.83100511073255,0.6063387978142079,0.9978875638841567,True,24,8,4,4,"fly (4,8)",0.20000000000000018,0.0076190476190731715,0.1447619047619071,0.14496226735574042,0.7248113367787015,-0.7238095238096769,585.8018342151676,0.6798179987825165,-0.2733686067019408,79.83670653699048,-0.09864525026358698,-0.03725636888610492,0.01974661430797376,0.09873307153986871,0.08087454944335264
21,4.2,917.2222222222222,171.25925925925927,914,170,8,4,111.22222222222217,12.155434122647232,585.7407407407408,79.8283803394536,585.7407407407408,79.8283803394536,0.6077717061323616,0.9978547542431699,True,24,8,4,4,"fly (4,8)",0.20000000000000018,0.2622222222221353,0.019259259259257533,0.2629285319137697,1.3146426595688472,-0.09629629629614547,585.7535802469137,1.118032218638799,-0.2412698412698923,79.83013018697291,-0.013123856394727783,-0.03288175008786232,0.02877811535803785,0.14389057679018913,0.12883807504008235
22,4.4,916.96,171.24,914,170,8,4,110.96000000000004,12.126775956284156,585.76,79.83100511073255,585.76,79.83100511073255,0.6063387978142079,0.9978875638841567,True,24,8,4,4,"fly (4,8)",0.20000000000000018,-0.2622222222221353,-0.019259259259257533,0.2629285319137697,1.3146426595688472,0.09629629629614547,585.7566571699905,1.776559922547395,0.015384615384543146,79.83054952912988,0.013123856394727783,0.0020967107849164373,0.02877811535803785,0.14389057679018913,0.19431005172335858
23,4.6,917.5,171.23076923076923,914,170,8,4,111.5,12.185792349726777,585.7692307692307,79.8322631372035,585.7692307692307,79.8322631372035,0.6092896174863388,0.9979032892150438,True,24,8,4,4,"fly (4,8)",0.1999999999999993,0.5399999999999636,-0.009230769230782698,0.5400788897008961,2.70039444850449,0.04615384615362944,585.6764102564102,1.9699141167993215,-0.40123456790126927,79.81961298213427,0.006290132354749312,-0.05468273497804427,0.05902980031793927,0.2951490015896974,0.2244437207495631
24,4.8,917.2333333333333,171.5,914,170,8,5,111.23333333333335,12.15664845173042,585.5,79.79557069846678,585.5,79.79557069846678,0.607832422586521,0.9974446337308348,True,24,8,4,4,"fly (4,8)",0.20000000000000018,-0.2666666666666515,0.2692307692307736,0.3789410484649256,1.8947052423246262,-1.3461538461535827,585.579326923077,1.824562853664674,-0.48541666666665106,79.8063818634517,-0.1834621936836099,-0.06615559341284431,0.04685831677376059,0.23429158386880272,0.2087667966242749
25,5.0,917.40625,171.53125,914,170,9,5,111.40625,12.175546448087431,585.46875,79.79131175468484,585.46875,79.79131175468484,0.6087773224043715,0.9973913969335605,True,24,8,4,4,"fly (4,8)",0.20000000000000018,0.1729166666666515,0.03125,0.17571777403298128,0.8785888701649056,-0.15624999999999986,585.4791666666666,0.9244313708298443,-0.5008012820511941,79.79273140261216,-0.021294718909672366,-0.06825230419776075,0.019371960882864907,0.09685980441432444,0.11038379609437575
26,5.2,917.40625,171.53125,914,170,9,5,111.40625,12.175546448087431,585.46875,79.79131175468484,585.46875,79.79131175468484,0.6087773224043715,0.9973913969335605,True,24,8,4,4,"fly (4,8)",0.20000000000000018,0.0,0.0,0.0,0.0,0.0,585.1069444444444,2.1019207246539064,-1.8611111111111223,79.74200265000945,0.0,-0.25364376301344743,0.0,0.0,0.27883475321477497
27,5.4,917.4,172.61666666666667,913,170,10,7,111.39999999999998,12.174863387978139,584.3833333333333,79.6433844406587,584.3833333333333,79.6433844406587,0.6087431693989069,0.995542305508234,True,24,8,4,4,"fly (4,8)",0.20000000000000018,-0.006250000000022737,1.0854166666666742,1.0854346607593635,5.427173303796812,-5.427083333333367,583.9090277777777,7.279182154312285,-5.989583333333346,79.57874313836834,-0.73963657013067,-0.8162975582055783,0.1479288910460002,0.7396444552300004,0.9344913076325453
28,5.6,919.5166666666667,175.125,914,170,12,13,113.51666666666665,12.406193078324224,581.875,79.3015332197615,581.875,79.3015332197615,0.6203096539162112,0.9912691652470187,True,24,8,4,4,"fly (4,8)",0.1999999999999993,2.1166666666666742,2.5083333333333258,3.282074631827997,16.410373159140043,-12.541666666666673,582.0449588477367,11.78044966708903,-9.320344650205746,79.32469626544962,-1.7092561044860648,-1.2702343645936305,0.4127658935335256,2.0638294676676354,1.4962354916177019
29,5.8,921.3333333333334,177.12345679012347,916,170,11,17,115.33333333333337,12.604735883424413,579.8765432098766,79.02917113592866,579.8765432098766,79.02917113592866,0.6302367941712206,0.9878646391991083,True,24,8,4,4,"fly (4,8)",0.20000000000000018,1.8166666666667197,1.9984567901234698,2.7007605076660486,13.50380253833023,-9.992283950617198,579.702127306518,14.25090533844837,-11.714157706093156,79.00540065506209,-1.3618104191641567,-1.5964780519377098,0.33704651039109423,1.6852325519554696,1.829217816527134
30,6.0,921.8172043010752,179.6451612903226,917,170,11,21,115.81720430107521,12.657617956401662,577.3548387096774,78.68549760949608,577.3548387096774,78.68549760949608,0.632880897820083,0.9835687201187009,True,24,8,4,4,"fly (4,8)",0.20000000000000018,0.48387096774183647,2.521704500199121,2.5677080635749694,12.838540317874836,-12.608522500995594,576.2767397096187,18.894726453249607,-17.126937984496053,78.53856759245231,-1.7183676321629078,-2.33416531304885,0.34771828599165977,1.7385914299582974,2.4947674903276336
31,6.2,919.8953488372093,185.40116279069767,915,176,12,20,113.89534883720933,12.44757910789173,571.5988372093024,77.90103403193218,571.5988372093024,77.90103403193218,0.6223789553945864,0.9737629253991522,True,24,8,4,4,"fly (4,8)",0.20000000000000018,-1.9218554638658816,5.756001500375078,6.068367300708757,30.341836503543757,-28.780007501875364,573.1969938728206,16.075572585672443,-15.398729183991108,78.11884073224131,-3.922317887819485,-2.098634301055022,0.8120956978138275,4.060478489069134,2.1584617570114637
32,6.4,920.2020725388601,186.36269430051814,914,176,14,22,114.20207253886008,12.481100823919135,570.6373056994819,77.76999055529565,570.6373056994819,77.76999055529565,0.6240550411959567,0.9721248819411957,True,24,8,4,4,"fly (4,8)",0.20000000000000018,0.30672370165075336,0.9615315098204746,1.0092681871197475,5.046340935598733,-4.807657549102369,570.8988201230339,12.113148840878978,-11.490868748933273,77.80563136259406,-0.655217383182673,-1.5660468482362202,0.1352630704013922,0.6763153520069605,1.6210954330379168
33,6.6,920.1322751322751,186.53968253968253,914,177,14,21,114.13227513227514,12.473472692051928,570.4603174603175,77.74586950055435,570.4603174603175,77.74586950055435,0.6236736346025964,0.9718233687569292,True,24,8,4,4,"fly (4,8)",0.1999999999999993,-0.06979740658493938,0.17698823916438755,0.19025381669888725,0.9512690834944396,-0.884941195822083,569.4100732816274,7.8429984817511835,-7.443734207032354,77.60273571129505,-0.12060527370650263,-1.0144782564950572,0.025298491607531004,0.12649245803765546,1.0497960361508014
34,6.8,919.0276243093923,189.8674033149171,913,180,14,21,113.02762430939231,12.352745826163094,567.132596685083,77.29234707803515,567.132596685083,77.29234707803515,0.6176372913081547,0.9661543384754394,True,24,8,4,4,"fly (4,8)",0.20000000000000018,-1.1046508228828316,3.3277207752345817,3.5062770852320786,17.531385426160377,-16.63860387617261,564.0957861966149,27.681181775020605,-26.571435425062358,76.87847171333765,-2.267612112595996,-3.6213199897870365,0.46931605968155815,2.3465802984077886,3.7193047026422286
35,7.0,915.5611111111111,202.30555555555554,909,193,15,20,109.56111111111113,11.9738919247116,554.6944444444445,75.59719856142343,554.6944444444445,75.59719856142343,0.59869459623558,0.9449649820177929,True,24,8,4,4,"fly (4,8)",0.20000000000000018,-3.466513198281177,12.43815224063843,12.91217816308141,64.56089081540699,-62.19076120319238,553.5339221347509,55.33893064581063,-52.809320309320306,75.43903538463384,-8.475742583058612,-7.197181643518953,1.73696827029625,8.684841351481241,7.420763692625148
36,7.2,910.2417582417582,218.22527472527472,904,209,14,20,104.24175824175825,11.392541884345164,538.7747252747253,73.42756051444297,538.7747252747253,73.42756051444297,0.5696270942172582,0.917844506430537,True,24,8,4,4,"fly (4,8)",0.20000000000000018,-5.319352869352883,15.919719169719173,16.78490313917292,83.92451569586451,-79.59859584859593,541.1833648582203,64.35858955102,-61.75278638265272,73.75582485290907,-10.848190234902253,-8.416052658623856,2.246173885597286,11.23086942798642,8.646219264572231
37,7.4,908.2543352601156,226.91907514450867,902,218,14,20,102.25433526011557,11.175337186897876,530.0809248554913,72.24271548286083,530.0809248554913,72.24271548286083,0.5587668593448938,0.9030339435357603,True,24,8,4,4,"fly (4,8)",0.20000000000000018,-1.9874229816426805,8.693800419233952,8.918072428357707,44.590362141788496,-43.469002096169866,532.701412566946,44.99242810714321,-42.40976145637165,72.59985179788022,-5.924225157910707,-5.779865275144328,1.2045894028498076,6.0229470142490324,6.012390891162988
38,7.6,907.2655367231639,227.75141242937855,901,219,14,19,101.2655367231639,11.067271773023377,529.2485875706215,72.12927939633683,529.2485875706215,72.12927939633683,0.5533635886511689,0.9016159924542103,True,24,8,4,4,"fly (4,8)",0.1999999999999993,-0.9887985369516628,0.8323372848698796,1.2924812967553192,6.462406483776619,-4.161686424349129,529.3465238659035,18.155197697988413,-16.77444350521265,72.142626761963,-0.5671804326200223,-2.286125179586069,0.15667124625070195,0.7833562312535125,2.4129845131570877
39,7.8,906.8461538461538,228.28994082840237,901,220,14,18,100.84615384615381,11.021437578814623,528.7100591715977,72.05588540669133,528.7100591715977,72.05588540669133,0.5510718789407312,0.9006985675836416,True,24,8,4,4,"fly (4,8)",0.20000000000000018,-0.4193828770100936,0.5385283990238179,0.6825648936800219,3.412824468400107,-2.692641995118945,528.8204905336587,4.29267050082084,-2.63016666122364,72.07093567750033,-0.36696994822747764,-0.3584554223133083,0.08653005879374417,0.4326502939687205,0.5182835504972657
40,8.0,906.2824858757062,228.49717514124293,900,220,14,19,100.28248587570624,10.95983452193511,528.5028248587571,72.02764222947285,528.5028248587571,72.02764222947285,0.5479917260967554,0.9003455278684107,True,24,8,4,4,"fly (4,8)",0.20000000000000018,-0.5636679704475682,0.20723431284056915,0.6005561100571565,3.0027805502857796,-1.0361715642028448,528.5765793209797,2.2056384755302614,-1.219556063395353,72.0376939449376,-0.14121588609242494,-0.1662086628136922,0.0677688252539132,0.3388441262695657,0.2647416038245316
41,8.2,906.3202247191011,228.48314606741573,900,220,14,19,100.32022471910113,10.963958985694113,528.5168539325842,72.02955419864861,528.5168539325842,72.02955419864861,0.5481979492847057,0.9003694274831078,True,24,8,4,4,"fly (4,8)",0.1999999999999993,0.037738843394890864,-0.014029073827202865,0.04026208158097649,0.20131040790488317,0.07014536913573036,528.4776955375235,1.304108197664328,-0.4944189172810322,72.02421744974767,0.009559845878826002,-0.06738247594969456,0.004546078247062059,0.022730391235310374,0.14989751875584764
42,8.4,906.2234636871508,228.58659217877096,900,220,14,19,100.2234636871508,10.953384009524678,528.413407821229,72.01545592112151,528.413407821229,72.01545592112151,0.5476692004762339,0.9001931990140188,True,24,8,4,4,"fly (4,8)",0.20000000000000107,-0.09676103195033647,0.10344611135522541,0.1416467269604622,0.7082336348023073,-0.5172305567759822,528.4646496348838,0.40934293277380246,-0.06522951319842096,72.022439473238,-0.07049138763548475,-0.0088898825483121,0.017623607752533823,0.08811803876266865,0.05040942544440774
43,8.6,906.1843575418994,228.53631284916202,900,220,14,19,100.18435754189943,10.949110113868791,528.463687150838,72.02230829994386,528.463687150838,72.02230829994386,0.5474555056934395,0.9002788537492982,True,24,8,4,4,"fly (4,8)",0.1999999999999993,-0.0391061452513668,-0.05027932960894077,0.0636969511228403,0.3184847556142026,0.25139664804498896,528.4390316573557,0.438885395586402,-0.1280898876403081,72.01894809640282,0.03426189411172244,-0.01745688417583323,0.008075969267049165,0.04037984633524597,0.05387332663641336
44,8.8,906.1314285714286,228.56,900,220,14,19,100.13142857142861,10.943325526932089,528.44,72.01908006814311,528.44,72.01908006814311,0.5471662763466044,0.9002385008517888,True,24,8,4,4,"fly (4,8)",0.20000000000000107,-0.05292897047081624,0.023687150837986337,0.05798755926853668,0.28993779634268185,-0.11843575418993106,524.9828769903543,23.312630059246832,-17.28077333500727,71.54792190669224,-0.016141159003737384,-2.355130948552958,0.006624418962265481,0.033122094811327225,2.9174131310297073
45,9.0,896.9550561797753,238.95505617977528,891,230,14,20,90.95505617977528,9.940443298336097,518.0449438202247,70.60237735198974,518.0449438202247,70.60237735198974,0.49702216491680484,0.8825297168998717,True,24,8,4,4,"fly (4,8)",0.1999999999999993,-9.17637239165333,10.395056179775281,13.865893525156674,69.32946762578361,-51.975280898876875,515.2616479400749,55.42251273757239,-48.60614525139689,70.22305253016354,-7.0835135807668586,-6.624346882643526,1.735747490388504,8.67873745194255,7.247617883403895
46,9.2,892.2368421052631,257.7,886,248,14,20,86.23684210526312,9.424791486914003,499.3,68.04770017035776,499.3,68.04770017035776,0.47123957434570013,0.8505962521294719,True,24,8,4,4,"fly (4,8)",0.1999999999999993,-4.7182140745121615,18.744943820224705,19.32962655811811,96.64813279059089,-93.72471910112385,497.7379320930804,94.74119958557532,-87.6185792349727,67.83481186958505,-12.773385908159984,-11.94120330289237,2.606198820691553,13.030994103457811,12.59071698340498
47,9.4,889.0327868852459,281.1311475409836,884,272,12,20,83.03278688524586,9.074621517513208,475.8688524590164,64.85435808640769,475.8688524590164,64.85435808640769,0.4537310758756604,0.810679476080096,True,24,8,4,4,"fly (4,8)",0.20000000000000107,-3.204055220017267,23.431147540983602,23.649199668070413,118.24599834035143,-117.15573770491739,482.57241318526354,77.16755788783385,-75.8275945390841,65.76796091110917,-15.966710419750271,-10.334254792379424,3.2124838789629337,16.062419394814583,10.452208778056935
48,9.6,889.1236559139785,284.4516129032258,883,275,13,20,83.1236559139785,9.084552558904754,472.5483870967742,64.40182447656208,472.5483870967742,64.40182447656208,0.4542276279452377,0.8050228059570259,True,24,8,4,4,"fly (4,8)",0.1999999999999993,0.0908690287326408,3.320465362242203,3.321708506511831,16.608542532559213,-16.602326811211075,473.37615650077163,46.354156425873846,-45.981283422459654,64.51463802395524,-2.2626680492280196,-6.266614435769636,0.45264256717968143,2.263212835898415,6.299346497657525
49,9.8,889.0374331550802,285.2887700534759,883,276,13,20,83.03743315508018,9.07512930656614,471.7112299465241,64.28773150889596,471.7112299465241,64.28773150889596,0.453756465328307,0.8035966438611994,True,24,8,4,4,"fly (4,8)",0.20000000000000107,-0.08622275889831599,0.837157150250107,0.8415856809421827,4.207928404710891,-4.1857857512505126,472.1298085216492,10.408235468635056,-10.394056281230789,64.34477799272904,-0.5704648383306191,-1.4165664437793186,0.11448145245191689,0.5724072622595814,1.4178100490789962
2,0.4,971.0869565217391,174.47826086956522,969,170,5,10,165.08695652173913,18.042290330244715,582.5217391304348,79.38967483890083,582.5217391304348,79.38967483890083,0.9021145165122356,0.9923709354862602,True,25,9,4,4,"fly (4,9)",,,,,,,578.4147157190636,22.87570786808635,-20.535117056855942,78.82994422065603,,-2.7986530912239975,,,3.007669408817187
3,0.6,967.054945054945,182.69230769230768,962,178,11,11,161.05494505494505,17.601633339338257,574.3076923076924,78.27021360241123,574.3076923076924,78.27021360241123,0.8800816669669128,0.9783776700301403,True,25,9,4,4,"fly (4,9)",0.19999999999999996,-4.032011466794074,8.21404682274246,9.15028314723454,45.7514157361727,-41.070234113711884,577.321931691497,19.268678745891904,-12.308959156785214,78.68101283700129,-5.597306182447995,-1.6775412820150377,1.2030677635268745,6.015338817634374,2.4584310575407016
4,0.8,964.790909090909,181.86363636363637,959,177,13,11,158.79090909090905,17.35419771485345,575.1363636363636,78.38315006969181,575.1363636363636,78.38315006969181,0.8677098857426724,0.9797893758711476,True,25,9,4,4,"fly (4,9)",0.20000000000000007,-2.2640359640359975,-0.8286713286713052,2.4109241003006034,12.054620501503013,4.14335664335624,575.2742812742813,33.1537491576234,-10.238252086078132,78.40194634061756,0.5646823364028817,-1.395332481918672,0.271990870997546,1.3599543549877295,3.9852628066033033
5,1.0,956.5530303030303,180.62121212121212,950,176,15,11,150.55303030303025,16.45388309322735,576.3787878787879,78.55247534974963,576.3787878787879,78.55247534974963,0.8226941546613675,0.9819059418718703,True,25,9,4,4,"fly (4,9)",0.19999999999999996,-8.237878787878799,-1.2424242424242493,8.331042247038898,41.6552112351945,6.212121212121248,575.6855175963457,32.078579920281065,2.0561816103217248,78.45799217667403,0.8466264002890969,0.2802291802823475,0.916099049437561,4.580495247187806,3.533525443168751
6,1.2,948.0891719745223,181.45859872611464,940,176,17,12,142.0891719745223,15.528871254046152,575.5414012738854,78.43835111058064,575.5414012738854,78.43835111058064,0.7764435627023076,0.9804793888822579,True,25,9,4,4,"fly (4,9)",0.19999999999999996,-8.463858328507968,0.8373866049025196,8.505181604829133,42.52590802414567,-4.186933024512315,575.6329708523095,39.547573538583094,-0.26273372018048713,78.45083078055326,-0.570621195844936,-0.035806980603823035,0.9320253454661436,4.660126727330719,4.337959065002901
7,1.4,941.2198581560284,182.02127659574467,934,177,15,12,135.2198581560284,14.778126574429335,574.9787234042553,78.36166588132951,574.9787234042553,78.36166588132951,0.7389063287214667,0.979520823516619,True,25,9,4,4,"fly (4,9)",0.19999999999999996,-6.869313818493879,0.5626778696300221,6.892320271281823,34.46160135640912,-2.813389348150395,574.358334242307,45.11163886572782,-6.373183050012393,78.27711539929227,-0.38342614625563,-0.8685769063049279,0.7546510440980355,3.7732552204901784,4.962015633968278
8,1.6,929.8048780487804,184.4451219512195,921,180,19,11,123.80487804878044,13.530587764894037,572.5548780487804,78.03132920596667,572.5548780487804,78.03132920596667,0.6765293882447019,0.9753916150745834,True,25,9,4,4,"fly (4,9)",0.20000000000000018,-11.41498010724797,2.423845355474839,11.669481443325742,58.34740721662865,-12.119226777374468,570.9613920552265,58.49814897114311,-16.98471093540282,77.8141590535232,-1.6516833768142176,-2.314781728845361,1.2905329908167884,6.452664954083937,6.5755452802322125
9,1.8,914.9195402298851,191.64942528735634,905,186,21,12,108.91954022988511,11.903774888512034,565.3505747126437,77.04948207327342,565.3505747126437,77.04948207327342,0.5951887444256018,0.9631185259159177,True,25,9,4,4,"fly (4,9)",0.19999999999999996,-14.885337818895323,7.204303336136832,16.537087668078307,82.68543834039156,-36.0215166806836,564.3818175871414,80.2382172942649,-32.89787234042554,76.91745384492556,-4.909235663466235,-4.4835260429881645,1.900143133224504,9.500715666122522,9.199748015153512
10,2.0,897.7371428571429,201.76,888,196,21,12,91.73714285714289,10.025917252146764,555.24,75.67155025553662,555.24,75.67155025553662,0.5012958626073382,0.9458943781942079,True,25,9,4,4,"fly (4,9)",0.19999999999999996,-17.18239737274223,10.110574712643654,19.936361265154893,99.68180632577449,-50.55287356321857,553.7059491466388,95.63935879262722,-53.37934220251287,75.46248029255725,-6.889659088684043,-7.274867761841622,2.3291726850508154,11.64586342525408,11.349223807580051
11,2.2,882.8787878787879,216.47272727272727,874,209,19,16,76.87878787878788,8.402053320086107,540.5272727272727,73.6664085488617,540.5272727272727,73.6664085488617,0.42010266600430535,0.9208301068607713,True,25,9,4,4,"fly (4,9)",0.20000000000000018,-14.85835497835501,14.712727272727278,20.910166342343146,104.55083171171563,-73.56363636363646,540.1203409090909,105.78261357526378,-67.92804118773955,73.61094935728666,-10.025708533374589,-9.25765467635292,2.5802184662727115,12.901092331363547,12.835933330402346
12,2.4,866.81875,232.40625,858,226,19,14,60.81875000000002,6.6468579234972704,524.59375,71.49488926746167,524.59375,71.49488926746167,0.3323428961748635,0.8936861158432708,True,25,9,4,4,"fly (4,9)",0.19999999999999973,-16.060037878787853,15.933522727272731,22.623040537660213,113.11520268830121,-79.66761363636361,524.5057088744588,106.76207981085578,-78.07316017316016,71.48289047692795,-10.85759640700013,-10.640294401793538,2.792168846917879,13.960844234589414,13.290751133732705
13,2.6,854.2142857142857,248.6038961038961,846,242,18,14,48.214285714285666,5.26932084309133,508.3961038961039,69.28737361446049,508.3961038961039,69.28737361446049,0.2634660421545665,0.8660921701807562,True,25,9,4,4,"fly (4,9)",0.20000000000000018,-12.604464285714357,16.19764610389609,20.52404100651012,102.62020503255052,-80.98823051948038,510.3769311644731,97.23077419322222,-70.64388854992883,69.55733303774761,-11.037578265005894,-9.627787195901716,2.6020633670490336,13.010316835245156,12.087742735840466
14,2.8,843.006711409396,258.8590604026846,835,252,18,15,37.00671140939596,4.044449334360214,498.1409395973154,67.88973623132067,498.1409395973154,67.88973623132067,0.20222246671801072,0.8486217028915084,True,25,9,4,4,"fly (4,9)",0.19999999999999973,-11.207574304889704,10.255164298788486,15.191382971762968,75.95691485881494,-51.2758214939425,498.6045464127001,80.57077295670666,-58.86192375886526,67.95291944295741,-6.988186915699126,-8.022067973950984,1.8584134275373638,9.292067137686832,10.029718199989984
15,3.0,834.0141843971631,267.72340425531917,826,262,17,13,28.01418439716315,3.0616594969577213,489.27659574468083,66.68164848309108,489.27659574468083,66.68164848309108,0.15308297484788605,0.8335206060386385,True,25,9,4,4,"fly (4,9)",0.20000000000000018,-8.992527012232813,8.86434385263459,12.627039795750921,63.13519897875455,-44.32171926317291,490.33011695865895,60.29648921475805,-41.37214727020554,66.82522888704041,-6.040438741147932,-5.638452779585066,1.5573541254075947,7.786770627037966,7.401060636886091
16,3.2,827.9029126213592,273.4271844660194,823,269,13,10,21.902912621359178,2.3937609422250468,483.5728155339806,65.90430194670945,483.5728155339806,65.90430194670945,0.11968804711125233,0.8238037743338681,True,25,9,4,4,"fly (4,9)",0.20000000000000018,-6.111271775803971,5.703780210700245,8.359470761340933,41.79735380670463,-28.5189010535012,486.3740461837962,42.70129305606182,-19.78035387431359,66.28607103015962,-3.886732681908139,-2.6957892844039066,1.0248688291866965,5.124344145933478,5.223919941864449
17,3.4,824.1363636363636,270.72727272727275,823,268,4,7,18.136363636363626,1.9821162444113252,486.27272727272725,66.27226266067832,486.27272727272725,66.27226266067832,0.09910581222056626,0.8284032832584791,True,25,9,4,4,"fly (4,9)",0.19999999999999973,-3.766548984995552,-2.699911738746664,4.634265276545253,23.1713263827263,13.499558693733338,509.5755538959422,45.87459443897101,19.196349749541266,69.44811637423403,1.8398035698443518,2.616197580857403,0.5521290105243798,2.7606450526219026,5.928201784698056
22,4.4,826.7412587412588,198.11888111888112,823,190,10,21,20.741258741258775,2.2668042340173526,558.8811188811189,76.16778451531432,558.8811188811189,76.16778451531432,0.11334021170086762,0.9520973064414292,True,25,9,4,4,"fly (4,9)",1.0000000000000004,2.6048951048951494,-72.60839160839163,72.65510312748212,72.65510312748209,72.60839160839166,538.6926510989011,54.85745157589603,48.77429720360536,73.41637493681786,9.895521854635998,6.647263673404477,9.89961615553879,9.899616155538787,7.210565811129013
23,4.6,833.375,186.07589285714286,826,176,17,22,27.375,2.9918032786885247,570.9241071428571,77.80907763446093,570.9241071428571,77.80907763446093,0.14959016393442623,0.9726134704307617,True,25,9,4,4,"fly (4,9)",0.1999999999999993,6.6337412587412246,-12.042988261738259,13.74918504349589,68.7459252174797,60.21494130869108,570.5795197857698,71.52226013480357,62.6231546231547,77.76211513264325,8.206465595733079,8.534671839612239,1.7942872450452632,8.971436225226348,9.345922204596867
24,4.8,843.0148148148148,175.06666666666666,837,170,16,13,37.01481481481483,4.045334952438779,581.9333333333334,79.30948324815446,581.9333333333334,79.30948324815446,0.20226674762193894,0.9913685406019308,True,25,9,4,4,"fly (4,9)",0.20000000000000018,9.639814814814827,-11.009226190476198,14.633150411889796,73.16575205944892,55.04613095238137,579.4154431216931,61.08647772178788,44.17961667961668,78.96632955661916,7.502028068467645,6.021072119879616,1.8333428466050947,9.166714233025466,7.623649996290872
25,5.0,850.5277777777778,171.61111111111111,847,170,9,5,44.52777777777783,4.866423800850036,585.3888888888889,79.78042778724209,585.3888888888889,79.78042778724209,0.2433211900425018,0.9972553473405262,True,25,9,4,4,"fly (4,9)",0.20000000000000018,7.512962962963002,-3.4555555555555486,8.269551177687012,41.347755888435024,17.277777777777587,583.7312435340368,59.6046613717715,23.264980405052626,79.5545135991873,2.354722695438125,3.170695796259292,0.9465599061241611,4.7327995306208015,6.976634813120071
28,5.6,889.0782122905027,173.12849162011173,878,170,27,9,83.07821229050273,9.079586042677894,583.8715083798883,79.57362976216535,583.8715083798883,79.57362976216535,0.4539793021338947,0.9946703720270669,True,25,9,4,4,"fly (4,9)",0.5999999999999996,38.550434512724905,1.517380509000617,38.58028570045829,64.30047616743052,-2.528967515001077,583.922842450026,45.44958904909873,2.6439729232797333,79.58062588756742,-0.344663375127894,0.36033702531919154,4.218234405428364,7.030390675713943,5.054680199762822
29,5.8,895.0650406504064,174.4918699186992,883,170,28,11,89.06504065040644,9.733884224088136,582.5081300813008,79.38782011329482,582.5081300813008,79.38782011329482,0.4866942112044068,0.9923477514161854,True,25,9,4,4,"fly (4,9)",0.20000000000000018,5.986828359903711,1.3633782985874632,6.140107018286131,30.70053509143063,-6.81689149293731,582.7945678339465,33.17027510778935,-3.9553947370634663,79.42685762643224,-0.9290482443526563,-0.5390657222573715,0.6801700785907451,3.400850392953722,3.6550437646851712
30,6.0,895.8130081300812,174.9959349593496,884,170,27,12,89.81300813008124,9.815629303834015,582.0040650406504,79.31912300383651,582.0040650406504,79.31912300383651,0.4907814651917008,0.9914890375479564,True,25,9,4,4,"fly (4,9)",0.20000000000000018,0.7479674796747986,0.5040650406504028,0.9019628129013759,4.509814064506876,-2.520325203252012,582.2684328567424,12.472375274120443,-2.630674886020754,79.3551526891642,-0.34348554729156405,-0.3585246863401415,0.10677804507756981,0.5338902253878486,1.4010312457335028
31,6.2,896.1465517241379,174.70689655172413,884,170,28,12,90.14655172413791,9.852082155643487,582.2931034482758,79.35851495036127,582.2931034482758,79.35851495036127,0.49260410778217434,0.9919814368795159,True,25,9,4,4,"fly (4,9)",0.20000000000000018,0.333543594056664,-0.28903840762546906,0.4413553332847621,2.2067766664238087,1.4451920381270598,583.4758677571782,9.916939303879085,6.0371745021798935,79.51970940472619,0.1969597326237958,0.822783577809881,0.05367062377178768,0.2683531188589382,1.2549980328728554
32,6.4,898.695652173913,170.8695652173913,895,170,9,3,92.695652173913,10.130672368733661,586.1304347826087,79.88149025998075,586.1304347826087,79.88149025998075,0.5065336184366831,0.9985186282497593,True,25,9,4,4,"fly (4,9)",0.20000000000000018,2.5491004497750964,-3.8373313343328164,4.606845436141316,23.03422718070656,19.186656671664633,584.2117691154422,12.62050192356519,10.315924354895845,79.62000260517101,2.614876548097411,1.4059181403606034,0.5925501508743564,2.962750754371779,1.6155519366153586
22,4.4,159.3953488372093,410.24916943521595,152,399,16,24,29.395348837209298,2.840130322435681,355.75083056478405,47.512631794962815,355.75083056478405,47.512631794962815,0.14200651612178405,0.5939078974370351,True,26,9,1,1,"fly (1,9)",,,,,,,356.41162217894373,3.3535473679159185,3.303958070798541,47.60088443124458,,0.4412631814088124,,,0.4447416069705937
23,4.6,159.16551724137932,408.92758620689654,152,398,16,23,29.16551724137932,2.81792437114776,357.07241379310346,47.68913706752634,357.07241379310346,47.68913706752634,0.14089621855738801,0.5961142133440792,True,26,9,1,1,"fly (1,9)",0.1999999999999993,-0.22983159582997814,-1.3215832283194118,1.3414189471663627,6.707094735831837,6.607916141597082,359.45937413555595,16.408072031195555,16.340079139994064,48.00792976768694,0.8825263628176248,2.1823144093481157,0.17789664278823683,0.8894832139411873,2.187076519339523
24,4.8,159.7621951219512,400.4451219512195,152,389,17,25,29.76219512195121,2.8755744079179912,365.5548780487805,48.822020440571684,365.5548780487805,48.822020440571684,0.14377872039589956,0.6102752555071461,True,26,9,1,1,"fly (1,9)",0.20000000000000018,0.5966778805718889,-8.48246425567703,8.503424271550974,42.51712135775483,42.412321278385114,366.48844000363266,35.44865755796454,35.14532934038336,48.94670317243842,5.6644168652267215,4.693867023757372,1.1343492688154773,5.671746344077381,4.715127015611543
25,5.0,161.55281690140845,389.1619718309859,153,379,18,22,31.55281690140845,3.048581343131251,376.8380281690141,50.32895200921724,376.8380281690141,50.32895200921724,0.15242906715656254,0.6291119001152154,True,26,9,1,1,"fly (1,9)",0.20000000000000018,1.7906217794572399,-11.283150120233586,11.424351316061397,57.121756580306936,56.41575060116788,376.763033329807,52.519691423062454,51.372966630871275,50.318936003980895,7.5346578432277695,6.861164157712363,1.5168302977632135,7.584151488816061,6.9420438717059705
26,5.2,165.00346020761245,378.10380622837374,157,368,17,22,35.00346020761245,3.3819768316533767,387.89619377162626,51.80583556215376,387.89619377162626,51.80583556215376,0.16909884158266883,0.6475729445269219,True,26,9,1,1,"fly (1,9)",0.20000000000000018,3.4506433062040003,-11.058165602612178,11.584039266225128,57.92019633112559,55.29082801306084,388.41032506246455,59.871748680835424,58.236458663287884,51.87450084306705,7.384417764682596,7.777824195430777,1.514046756444895,7.570233782224468,7.893066099613186
27,5.4,167.83441558441558,365.50324675324674,159,355,18,23,37.83441558441558,3.655499090281699,400.49675324675326,53.488714957830155,400.49675324675326,53.488714957830155,0.18277495451408493,0.6686089369728769,True,26,9,1,1,"fly (1,9)",0.20000000000000018,2.830955376803132,-12.600559475127,12.914658626214761,64.57329313107375,63.00279737563494,399.0893156727932,56.51418565015705,53.39495305164322,53.30074332858674,8.414396978381966,7.131212427598425,1.7049626055598068,8.524813027799027,7.353438193231792
28,5.6,172.11805555555554,357.125,164,347,18,22,42.11805555555554,4.069377348362854,408.875,54.60767946577629,408.875,54.60767946577629,0.2034688674181427,0.6825959933222037,True,26,9,1,1,"fly (1,9)",0.1999999999999993,4.283639971139962,-8.378246753246742,9.409813497654326,47.0490674882718,41.89123376623386,409.52617763592343,57.01369638708824,52.184309815651226,54.69464809828694,5.594822539730712,6.969523848501001,1.193053553934372,5.965267769671882,7.316599617435782
29,5.8,177.98983050847457,346.793220338983,169,337,20,22,47.98983050847457,4.636698599852616,419.206779661017,55.98754987125436,419.206779661017,55.98754987125436,0.23183492999263078,0.6998443733906794,True,26,9,1,1,"fly (1,9)",0.20000000000000018,5.871774952919026,-10.33177966101698,11.883745708383842,59.41872854191916,51.65889830508486,418.83073437126194,53.44478250417995,46.52278367669246,55.937326794158515,6.899352027390322,6.213393479357927,1.4919436109672881,7.459718054836434,6.713334149493022
30,6.0,183.58957654723127,337.5895765472313,175,327,18,23,53.589576547231275,5.17773686446679,428.4104234527687,57.21675104544491,428.4104234527687,57.21675104544491,0.2588868432233395,0.7152093880680613,True,26,9,1,1,"fly (1,9)",0.20000000000000018,5.599746038756706,-9.203643791751745,10.773310296469784,53.866551482348875,46.01821895875868,428.94999666634385,59.5270404265151,50.5963114754098,57.28881424592239,6.146005870952743,6.757437258819337,1.3430033247941509,6.715016623970748,7.406028799485195
31,6.2,190.8983606557377,326.7672131147541,183,316,18,24,60.89836065573769,5.8838995802645115,439.2327868852459,58.6621418210679,439.2327868852459,58.6621418210679,0.29419497901322555,0.7332767727633488,True,26,9,1,1,"fly (1,9)",0.20000000000000018,7.308784108506416,-10.822363432477175,13.059168251055466,65.29584125527727,54.111817162385826,439.4432263282931,62.728229545989656,52.466148309746124,58.69024725586553,7.226953878114942,7.007165049715674,1.608670343929682,8.043351719648403,7.754890413977098
32,6.4,198.6039603960396,315.3135313531353,190,304,18,24,68.60396039603961,6.628401970631846,450.6864686468647,60.191848901083766,450.6864686468647,60.191848901083766,0.3314200985315923,0.752398111263547,True,26,9,1,1,"fly (1,9)",0.20000000000000018,7.7055997403019205,-11.453681761618782,13.804459180068582,69.02229590034285,57.26840880809386,450.9061955452632,66.59280531351692,57.314846084850366,60.22119473058606,7.648535400079332,7.654737373602711,1.7012605796624303,8.506302898312144,8.328970662337566
33,6.6,203.57190635451505,303.2006688963211,196,292,16,24,73.57190635451505,7.108396749228507,462.7993311036789,61.80959346960653,462.7993311036789,61.80959346960653,0.35541983746142536,0.7726199183700817,True,26,9,1,1,"fly (1,9)",0.1999999999999993,4.96794595847544,-12.112862456814241,13.092055756986081,65.46027878493064,60.56431228407142,463.5856805268697,69.09457787875799,63.3974249080325,61.914615095408294,8.088722842613862,8.467101824111182,1.6874514738104234,8.437257369052146,8.879506321773192
34,6.8,205.17320261437908,288.7287581699346,198,277,15,25,75.17320261437908,7.2631113637081235,477.2712418300654,63.742402915534605,477.2712418300654,63.742402915534605,0.3631555681854062,0.7967800364441826,True,26,9,1,1,"fly (1,9)",0.20000000000000018,1.6012962598640286,-14.471910726386454,14.560231790200108,72.80115895100047,72.3595536319322,473.929420002858,67.74099017408592,51.71869737994214,63.296082805056166,9.664047229640351,6.907338548239365,1.938991739591058,9.694958697955283,8.244993466634481
35,7.0,217.38095238095238,284.28231292517006,209,274,18,23,87.38095238095238,8.442604094778009,481.71768707482994,64.33625203002738,481.71768707482994,64.33625203002738,0.4221302047389004,0.8042031503753422,True,26,9,1,1,"fly (1,9)",0.20000000000000018,12.2077497665733,-4.446445244764561,12.992306557265337,64.96153278632663,22.232226223822785,483.55225369090914,86.2539430779487,48.11416844025535,64.58126927424496,2.9692455724638807,6.4259323459439655,1.3205528665792035,6.602764332896012,9.6187572055484
36,7.2,239.44055944055944,274.33216783216784,230,264,20,22,109.44055944055944,10.573967095706227,491.66783216783216,65.66515287717291,491.66783216783216,65.66515287717291,0.5286983547853114,0.8208144109646613,True,26,9,1,1,"fly (1,9)",0.20000000000000018,22.05960705960706,-9.95014509300222,24.19982749930383,120.99913749651904,49.75072546501106,489.5942274544098,85.35105434439822,30.209868817503295,65.38821067838529,6.64450423572766,4.034707020701598,2.511709717158783,12.558548585793904,8.716127415022811
37,7.4,252.95390070921985,270.60283687943263,243,262,23,19,122.95390070921985,11.879603933257957,495.39716312056737,66.16322712795557,495.39716312056737,66.16322712795557,0.5939801966628978,0.8270403390994447,True,26,9,1,1,"fly (1,9)",0.20000000000000018,13.513341268660412,-3.7293309527352108,14.018498550069815,70.09249275034901,18.646654763676036,494.68833176279986,79.90590645831084,25.47052154195009,66.06855849920532,2.4903712539132505,3.4017391041001575,1.397413865275704,6.9870693263785135,8.100516754558356
38,7.6,262.54612546125463,269.0,252,260,23,19,132.54612546125463,12.806388933454555,497.0,66.37729549248748,497.0,66.37729549248748,0.6403194466727277,0.8297161936560935,True,26,9,1,1,"fly (1,9)",0.1999999999999993,9.592224752034781,-1.6028368794326298,9.725217825612855,48.62608912806445,8.014184397163177,498.30871620927127,52.956321743491,18.101922232357026,66.55208229840015,1.0703418226595611,2.4176189959742325,0.9511864703005263,4.755932351502648,5.46160157535948
39,7.8,268.3695652173913,263.4710144927536,258,255,23,19,138.3695652173913,13.369040117622347,502.5289855072464,67.11572427475745,502.5289855072464,67.11572427475745,0.6684520058811174,0.8389465534344681,True,26,9,1,1,"fly (1,9)",0.20000000000000018,5.823439756136679,-5.528985507246375,8.030076670411914,40.150383352059535,27.64492753623185,505.25617641116065,57.84111716206792,34.737301009447286,67.47995678279274,3.6921439113498846,4.63937242196292,0.9283606096394554,4.641803048197273,6.580612416686233
40,8.0,278.3346007604563,249.76045627376425,271,239,16,23,148.33460076045628,14.331845484102056,516.2395437262358,68.94685058113332,516.2395437262358,68.94685058113332,0.7165922742051029,0.8618356322641665,True,26,9,1,1,"fly (1,9)",0.20000000000000018,9.965035543064971,-13.710558218989377,16.949375801215965,84.74687900607975,68.55279109494683,516.038728494494,67.42652755439734,53.91276041666672,68.92003051679386,9.155631531879314,7.200368670005571,2.068820370071757,10.344101850358776,8.199813624068957
41,8.2,286.5625,236.65234375,280,226,15,23,156.5625,15.126811594202898,529.34765625,70.69751669449082,529.34765625,70.69751669449082,0.7563405797101449,0.8837189586811353,True,26,9,1,1,"fly (1,9)",0.1999999999999993,8.227899239543717,-13.108112523764248,15.476464061010487,77.38232030505272,65.54056261882147,530.898297427976,85.98246371885989,74.29784466740983,70.90461401375306,8.753330566787515,9.922917484795956,1.9227071947301566,9.613535973650817,10.77227752362546
42,8.4,293.76153846153846,218.8923076923077,288,207,13,25,163.76153846153846,15.822370865849129,547.1076923076923,73.06947476563504,547.1076923076923,73.06947476563504,0.7911185432924563,0.9133684345704379,True,26,9,1,1,"fly (1,9)",0.20000000000000107,7.199038461538464,-17.760036057692304,19.163638369089544,95.8181918454472,88.80018028846119,542.7351161858975,65.93299610565028,59.18409378960703,72.48549131030349,11.859790355721039,7.904386482752195,2.4718389493733697,12.359194746866782,8.390349949823658
43,8.6,295.3901515151515,214.25,289,203,14,25,165.3901515151515,15.979724784072609,551.75,73.68948247078464,551.75,73.68948247078464,0.7989862392036304,0.921118530884808,True,26,9,1,1,"fly (1,9)",0.1999999999999993,1.6286130536130372,-4.642307692307696,4.919695233290168,24.598476166450926,23.21153846153842,550.611133603239,50.23062740651009,39.380087086707036,73.53738011395511,3.10003852574803,5.259444018258042,0.6396638257906724,3.1983191289533734,6.17891300699306
44,8.8,301.31983805668017,213.0242914979757,294,203,16,22,171.31983805668017,16.55264135813335,552.9757085020243,73.85318310544565,552.9757085020243,73.85318310544565,0.8276320679066674,0.9231647888180706,True,26,9,1,1,"fly (1,9)",0.20000000000000107,5.9296865415286675,-1.225708502024304,6.055042841526464,30.275214207632157,6.128542510121487,554.054312646418,33.63427250101356,17.215895215895262,73.9972370813246,0.8185031733050564,2.299284836847455,0.5958450290318071,2.97922514515902,3.692480483510123
45,9.0,309.3722943722944,208.56277056277057,302,199,16,21,179.3722943722944,17.330656461091245,557.4372294372295,74.4490456677435,557.4372294372295,74.4490456677435,0.8665328230545623,0.9306130708467938,True,26,9,1,1,"fly (1,9)",0.1999999999999993,8.052456315614222,-4.4615209352051295,9.205825425791488,46.029127128957604,22.307604676025868,558.5025885084868,40.73486117553247,22.241379310344836,74.59133068560759,2.979312811489276,2.970468021415001,0.9799794352835911,4.899897176417973,4.515856645717949
46,9.2,314.4353448275862,200.9051724137931,308,190,14,23,184.43534482758622,17.819840079960024,565.0948275862069,75.47176328363363,565.0948275862069,75.47176328363363,0.890992003998001,0.9433970410454204,True,26,9,1,1,"fly (1,9)",0.1999999999999993,5.06305045529183,-7.657598148977456,9.1800484380015,45.90024219000766,38.28799074488713,568.8747207621981,62.43713200719708,51.86066126855593,75.97659041899139,5.113588079450668,6.9262986669189885,1.1336895231153663,5.668447615576851,7.760673690622923
47,9.4,316.17105263157896,181.9078947368421,311,171,11,24,186.17105263157896,17.98754131706077,584.0921052631579,78.00896230559705,584.0921052631579,78.00896230559705,0.8993770658530384,0.9751120288199632,True,26,9,1,1,"fly (1,9)",0.20000000000000107,1.7357078039927387,-18.997277676951,19.076405340525298,95.38202670262598,94.98638838475478,581.192977616455,64.31798850953875,61.59128427128426,77.62176662657161,12.685995109817018,8.225881037901049,2.5427352559748018,12.71367627987394,8.424077066114991
48,9.6,315.328,171.608,309,167,13,12,185.32799999999997,17.906086956521737,594.392,79.38457429048414,594.392,79.38457429048414,0.8953043478260868,0.9923071786310519,True,26,9,1,1,"fly (1,9)",0.1999999999999993,-0.8430526315789848,-10.299894736842106,10.334339327196489,51.67169663598263,51.499473684210855,591.7169239766082,53.057992987466044,52.619731800766154,79.02730203360376,6.878059924435458,7.0276770351607665,1.3780214605788306,6.890107302894178,7.058585588973899
49,9.8,314.4901960784314,169.33333333333334,310,167,10,7,184.49019607843138,17.825139717722838,596.6666666666666,79.6883695047301,596.6666666666666,79.6883695047301,0.891256985886142,0.9961046188091263,True,26,9,1,1,"fly (1,9)",0.20000000000000107,-0.8378039215685931,-2.2746666666666613,2.4240511247579195,12.120255623789532,11.37333333333282,595.5293333333334,31.89597612988608,31.43640350877184,79.53647189760713,1.5189760712298215,4.19851799783264,0.3143946368307168,1.5719731841535756,4.2310402435238785
26,5.2,223.27884615384616,696.5721153846154,215,687,18,19,93.27884615384616,9.012448903753253,69.42788461538464,9.27250545781431,69.42788461538464,9.27250545781431,0.4506224451876626,0.11590631822267887,True,27,10,1,1,"fly (1,10)",,,,,,,69.08894230769232,2.7418983158209063,-1.6947115384616025,9.22723770386542,,-0.2263387697444539,,,0.3075707475188594
27,5.4,222.41666666666669,697.25,214,688,19,19,92.41666666666669,8.929146537842191,68.75,9.181969949916528,68.75,9.181969949916528,0.4464573268921096,0.1147746243739566,True,27,10,1,1,"fly (1,10)",0.20000000000000018,-0.8621794871794748,0.6778846153846416,1.0967593263283635,5.4837966316418125,-3.389423076923205,68.79835972850681,2.8493196387728497,-2.0178167420814,9.188428678264684,-0.4526775394889078,-0.26949138458516203,0.12302829900754386,0.6151414950377188,0.33327775651484354
28,5.6,222.71945701357464,697.7828054298642,214,688,19,20,92.71945701357464,8.958401643823636,68.2171945701358,9.110810627063213,68.2171945701358,9.110810627063213,0.44792008219118185,0.11388513283829016,True,27,10,1,1,"fly (1,10)",0.1999999999999993,0.3027903469079547,0.5328054298641973,0.6128324569353452,3.064162284676737,-2.664027149320996,68.35647226411932,3.07127920874953,-2.2094373219374592,9.129411988530126,-0.3557966142665782,-0.2950834486727833,0.07693835490136211,0.3846917745068119,0.3610642095268779
29,5.8,222.78666666666666,697.8977777777778,214,688,19,20,92.78666666666666,8.96489533011272,68.10222222222217,9.09545538861064,68.10222222222217,9.09545538861064,0.44824476650563605,0.113693192357633,True,27,10,1,1,"fly (1,10)",0.20000000000000018,0.06720965309202143,0.11497234791363553,0.13317574198600854,0.6658787099300421,-0.5748617395681771,68.07655773420481,1.8362294196560895,-1.39957264957256,9.0920277441342,-0.07677619226286396,-0.18692122197964087,0.016671871807220618,0.08335935903610302,0.22045059344804177
30,6.0,222.4871794871795,698.0897435897435,213,688,20,20,92.4871794871795,8.935959370741982,67.91025641025647,9.069817216728744,67.91025641025647,9.069817216728744,0.446797968537099,0.1133727152091093,True,27,10,1,1,"fly (1,10)",0.20000000000000018,-0.29948717948715853,0.1919658119657015,0.3557294528722982,1.7786472643614892,-0.9598290598285066,67.84915268544898,1.5430847303538284,-1.137025243779134,9.061656452146776,-0.12819085940948038,-0.1518564599371133,0.03866012936024212,0.19330064680121045,0.18319686485296607
31,6.2,222.26337448559673,698.4650205761317,213,688,20,21,92.26337448559673,8.914335699091472,67.53497942386832,9.019696751100945,67.53497942386832,9.019696751100945,0.44571678495457356,0.1127462093887618,True,27,10,1,1,"fly (1,10)",0.20000000000000018,-0.22380500158277528,0.375276986388144,0.43694564335399116,2.1847282167699538,-1.8763849319407182,67.75171772983224,1.9080980316354907,-0.48717477808376414,9.048643436371584,-0.2506023281389955,-0.0650650788759617,0.054586117744317,0.27293058872158477,0.22613178026571154
32,6.4,222.48347107438016,698.1900826446281,213,687,20,22,92.48347107438016,8.935601069988422,67.80991735537191,9.056416341285063,67.80991735537191,9.056416341285063,0.44678005349942107,0.11320520426606329,True,27,10,1,1,"fly (1,10)",0.20000000000000018,0.2200965887834343,-0.2749379315035867,0.35218372275500626,1.7609186137750297,1.3746896575179324,67.5222180338053,2.462748034821234,-1.147498480134652,9.017992391827086,0.18359795092059078,-0.15325522272249303,0.042432821054867925,0.21216410527433943,0.3047457641708932
33,6.6,222.12552301255232,698.7782426778243,213,689,20,20,92.12552301255232,8.90101671618863,67.22175732217568,8.977864083095248,67.22175732217568,8.977864083095248,0.4450508358094315,0.11222330103869062,True,27,10,1,1,"fly (1,10)",0.1999999999999993,-0.357948061827841,0.5881600331962318,0.6885194547837413,3.442597273918719,-2.9408001659811696,67.44570466936382,2.0156160960477583,-0.382566822207389,9.007773578546086,-0.39276129094907436,-0.05109406640499431,0.08582851970335077,0.4291425985167554,0.24382006171664247
34,6.8,222.27196652719664,698.6945606694561,213,688,20,21,92.27196652719664,8.915165848038322,67.30543933054389,8.989040311257948,67.30543933054389,8.989040311257948,0.4457582924019161,0.11236300389072436,True,27,10,1,1,"fly (1,10)",0.20000000000000018,0.14644351464431793,-0.08368200836821416,0.1686664800899053,0.8433324004495258,0.4184100418410704,67.19550622887262,1.8544642847456085,-1.2509922024560218,8.97435809400636,0.05588114081350066,-0.1670774226986335,0.018030696271766507,0.09015348135883246,0.22898462737012062
35,7.0,222.20338983050846,698.9406779661017,213,689,20,20,92.20338983050846,8.908540080242362,67.0593220338983,8.956169887665883,67.0593220338983,8.956169887665883,0.44542700401211816,0.11195212359582353,True,27,10,1,1,"fly (1,10)",0.20000000000000018,-0.06857669668818289,0.24611729664559334,0.2554926359737165,1.2774631798685814,-1.2305864832279656,67.15848749048443,0.8165159591492713,-0.1850936919409681,8.969414022101425,-0.16435211796032675,-0.024720359524668094,0.03353156044695484,0.16765780223477406,0.0991449078417664
36,7.2,222.16236162361622,698.8892988929889,212,689,21,21,92.16236162361622,8.904576002281761,67.1107011070111,8.963031867380447,67.1107011070111,8.963031867380447,0.445228800114088,0.11203789834225558,True,27,10,1,1,"fly (1,10)",0.20000000000000018,-0.04102820689223563,-0.051379073112798324,0.0657504594259414,0.3287522971297067,0.2568953655639914,67.03620654404581,1.3755000601210636,-0.6114047321930604,8.953082677001111,0.03430989857282182,-0.08165672550157758,0.007924687986338552,0.039623439931692726,0.15446278167927166
37,7.4,221.68859649122805,699.061403508772,213,690,19,19,91.68859649122805,8.858801593355368,66.93859649122805,8.940046275957002,66.93859649122805,8.940046275957002,0.4429400796677684,0.11175057844946253,True,27,10,1,1,"fly (1,10)",0.20000000000000018,-0.4737651323881664,0.17210461578304148,0.5040569406729811,2.5202847033649034,-0.8605230789152066,66.14720176351561,7.338642801336317,-4.445023902651064,8.834350819835139,-0.11492795711722782,-0.5936592858298578,0.051221420574269684,0.2561071028713482,0.8294465555994295
38,7.6,218.82307692307694,701.6076923076923,209,692,21,20,88.82307692307694,8.581939799331105,64.39230769230767,8.59997431616797,64.39230769230767,8.59997431616797,0.42909698996655526,0.10749967895209961,True,27,10,1,1,"fly (1,10)",0.1999999999999993,-2.8655195681511145,2.5462887989203864,3.8333782807028545,19.16689140351434,-12.731443994601976,62.130657628608596,25.083466157258503,-20.08272067453504,8.2979175463918,-1.7003597989451673,-2.6821663672167015,0.43852182479904794,2.1926091239952474,3.059498433684309
39,7.8,213.56106870229007,710.9389312977099,205,701,19,21,83.56106870229007,8.073533207950732,55.06106870229007,7.353732047050427,55.06106870229007,7.353732047050427,0.4036766603975366,0.09192165058813034,True,27,10,1,1,"fly (1,10)",0.20000000000000018,-5.262008220786868,9.331238990017596,10.712644472979264,53.56322236489627,-46.65619495008794,55.74086905460948,36.60087816650654,-31.94894286999555,7.444523412969548,-6.23121134558771,-4.266970667111258,1.3459558148372672,6.729779074186331,4.611589729900564
40,8.0,212.21794871794873,718.2307692307693,204,709,18,20,82.21794871794873,7.943763161154466,47.76923076923072,6.379863875690246,47.76923076923072,6.379863875690246,0.39718815805772334,0.07974829844612807,True,27,10,1,1,"fly (1,10)",0.20000000000000018,-1.3431199843413424,7.291837933059355,7.414504146221811,37.07252073110902,-36.45918966529674,49.46444156053493,36.583868135996156,-31.38213747037278,6.606269323610675,-4.869340856800899,-4.191270446794362,0.9824761983040236,4.912380991520114,4.583552560618309
41,8.2,215.34033613445376,720.436974789916,208,711,16,20,85.34033613445376,8.245443104778142,45.56302521008399,6.085212048091352,45.56302521008399,6.085212048091352,0.4122721552389071,0.07606515060114188,True,27,10,1,1,"fly (1,10)",0.1999999999999993,3.1223874165050347,2.2062055591467242,3.823172262396621,19.11586131198317,-11.03102779573366,46.49131879472433,20.47680660342848,-14.865613829052988,6.209191157893066,-1.4732591379944768,-1.9853908285880444,0.4216995232296954,2.1084976161484845,2.5311084405934676
42,8.4,216.21457489878543,719.8582995951417,208,710,18,21,86.21457489878543,8.329910618240138,46.141700404858284,6.1624975498976005,46.141700404858284,6.1624975498976005,0.4164955309120069,0.07703121937372001,True,27,10,1,1,"fly (1,10)",0.20000000000000107,0.8742387643316647,-0.5786751947742914,1.048407553438652,5.242037767193232,2.8933759738714415,46.268783877067484,10.919537978270881,-1.112674588284234,6.17947030077696,0.38642750903124207,-0.14860428558053163,0.11448934282236167,0.5724467141118054,1.2018065826159214
43,8.6,217.59349593495935,718.8983739837398,209,709,18,21,87.59349593495935,8.463139703860808,47.101626016260184,6.290701304341928,47.101626016260184,6.290701304341928,0.42315698519304035,0.0786337663042741,True,27,10,1,1,"fly (1,10)",0.1999999999999993,1.3789210361739208,-0.9599256114018999,1.6801429711272404,8.400714855636233,4.7996280570095164,46.87366960818398,5.432745608982582,3.024428655582481,6.2602563750496145,0.6410187722216399,0.4039303713632693,0.18489508351749423,0.9244754175874744,0.5944409557810548
44,8.8,218.04721030042919,718.6223175965665,210,709,17,20,88.04721030042919,8.506976840621178,47.37768240343348,6.327570270909313,47.37768240343348,6.327570270909313,0.4253488420310589,0.07909462838636641,True,27,10,1,1,"fly (1,10)",0.20000000000000107,0.45371436546983546,-0.2760563871732984,0.5310968408236575,2.6554842041182734,1.3802819358664846,47.209627023088764,4.065643172033692,1.6797870745239172,6.305125478876629,0.18434483283692585,0.2243455191350802,0.057280147128777235,0.28640073564388463,0.454405300225259
45,9.0,218.05128205128204,718.8504273504274,210,709,17,21,88.05128205128204,8.507370246500681,47.14957264957263,6.297104861378648,47.14957264957263,6.297104861378648,0.42536851232503403,0.0787138107672331,True,27,10,1,1,"fly (1,10)",0.1999999999999993,0.004071750852858713,0.2281097538608492,0.22814609126931137,1.140730456346561,-1.14054876930425,47.039697262566655,2.527823536998712,-0.8496488026105524,6.282430352262659,-0.15232704765332503,-0.11347563306985665,0.030467949488883487,0.15233974744441797,0.295323509165405
46,9.2,217.53877551020406,719.4081632653061,209,710,18,21,87.53877551020406,8.45785270629991,46.59183673469386,6.2226159245000146,46.59183673469386,6.2226159245000146,0.4228926353149955,0.07778269905625018,True,27,10,1,1,"fly (1,10)",0.1999999999999993,-0.5125065410779825,0.5577359148787764,0.7574511901062561,3.7872559505312937,-2.7886795743938917,46.97094598523169,3.339105838352941,-0.3437563866748505,6.273248211717086,-0.3724446843931708,-0.045910702727859555,0.08944600888158219,0.44723004440791253,0.38640215414576917
47,9.4,218.37551020408165,718.8285714285714,210,709,18,21,88.37551020408165,8.538696638075521,47.17142857142858,6.300023849272598,47.17142857142858,6.300023849272598,0.42693483190377607,0.07875029811590747,True,27,10,1,1,"fly (1,10)",0.20000000000000107,0.8367346938775881,-0.5795918367347213,1.0178662216361976,5.089331108180961,2.8979591836735907,46.97047115142353,3.173314010592899,-0.0023741690408098093,6.273184794847883,0.3870396238629172,-0.00031708434601803354,0.11192733411699603,0.5596366705849771,0.3566488135145731
48,9.6,218.50205761316874,718.8518518518518,210,709,18,21,88.50205761316874,8.55092344088587,47.14814814814815,6.296914610771038,47.14814814814815,6.296914610771038,0.42754617204429346,0.07871143263463798,True,27,10,1,1,"fly (1,10)",0.1999999999999993,0.12654740908709528,0.023280423280425566,0.12867099461328657,0.6433549730664352,-0.11640211640212825,47.05026678275624,2.595751844212135,0.39897815666354797,6.283841974324706,-0.015546192507800483,0.053285897384112574,0.012615945110165885,0.06307972555082965,0.28973378625188345
49,9.8,218.24050632911394,719.168776371308,210,710,17,20,88.24050632911394,8.525652785421636,46.83122362869199,6.254587462930482,46.83122362869199,6.254587462930482,0.42628263927108184,0.07818234328663103,True,27,10,1,1,"fly (1,10)",0.20000000000000107,-0.26155128405480355,0.3169245194561654,0.41091389027780245,2.054569451389001,-1.5846225972808186,46.98968588842007,1.3489622122277218,-0.8505123568414734,6.27575103685076,-0.21163573920277898,-0.11359096585528973,0.049296992523969005,0.2464849626198437,0.15478234408533664
40,8.0,380.85,185.2,380,182,3,8,17.850000000000023,1.8888888888888913,577.8,79.01538461538462,577.8,79.01538461538462,0.09444444444444457,0.9876923076923076,True,28,7,2,2,"fly (2,7)",,,,,,,577.5666666666666,1.436416735633713,-1.1666666666664625,78.9834757834758,,-0.1595441595441477,,,0.1825302665149606
41,8.2,381.18518518518516,185.66666666666666,380,182,4,9,18.185185185185162,1.9243582206545145,577.3333333333334,78.95156695156696,577.3333333333334,78.95156695156696,0.09621791103272573,0.986894586894587,True,28,7,2,2,"fly (2,7)",0.1999999999999993,0.3351851851851393,0.46666666666666856,0.5745666942534832,2.872833471267426,-2.333333333332925,576.8222222222222,4.290944490422458,-4.111111111110957,78.88167141500476,-0.3190883190882954,-0.5622032288698836,0.07301210660598398,0.3650605330299212,0.5775273001837589
42,8.4,381.18518518518516,187.66666666666666,380,184,4,9,18.185185185185162,1.9243582206545145,575.3333333333334,78.67806267806269,575.3333333333334,78.67806267806269,0.09621791103272573,0.9834757834757836,True,28,7,2,2,"fly (2,7)",0.20000000000000107,0.0,2.0,2.0,9.999999999999947,-9.999999999999947,572.8000000000001,12.313320699668457,-12.11111111111097,78.33162393162394,-1.3675213675213553,-1.6562203228869727,0.27350427350427253,1.3675213675213553,1.6733776876553632
44,8.8,380.46666666666664,197.26666666666665,380,194,2,8,17.46666666666664,1.848324514991179,565.7333333333333,77.36524216524218,565.7333333333333,77.36524216524218,0.09241622574955895,0.9670655270655271,True,28,7,2,2,"fly (2,7)",0.40000000000000036,-0.7185185185185219,9.599999999999994,9.62685145109521,24.067128627738,-24.000000000000036,570.5333333333333,17.033564313868972,-16.999999999999993,78.02165242165242,-3.2820512820512673,-2.3247863247863116,1.3150204649659263,3.287551162414813,2.327536264968084
44,8.8,533.0,755.6330275229358,529,747,8,17,170.0,17.98941798941799,7.366972477064223,1.0074492276327143,7.366972477064223,1.0074492276327143,0.8994708994708994,0.012593115345408929,True,29,8,2,2,"fly (2,8)",,,,,,,14.125152905198775,33.92015335448298,33.79090214067288,1.9316448417365846,,4.620978070519368,,,4.631569857885504
45,9.0,534.1833333333334,742.1166666666667,532,736,5,14,171.1833333333334,18.11463844797179,20.883333333333326,2.855840455840455,20.883333333333326,2.855840455840455,0.9057319223985894,0.035698005698005686,True,29,8,2,2,"fly (2,8)",0.1999999999999993,1.183333333333394,-13.516360856269102,13.568061341793143,67.84030670896595,67.58180428134575,18.262922449619698,32.03866111301559,31.952481768995654,2.4974936683240614,9.241956141038736,4.36957015644385,1.852627943154195,9.263139715771008,4.376632319840019
46,9.2,534.1923076923076,736.4615384615385,532,731,5,12,171.19230769230762,18.115588115588107,26.538461538461547,3.629191321499015,26.538461538461547,3.629191321499015,0.9057794057794054,0.04536489151873769,True,29,8,2,2,"fly (2,8)",0.1999999999999993,0.00897435897422838,-5.6551282051282215,5.655135326016145,28.275676630080827,28.275641025641207,24.25706415405212,35.95052468038754,29.970708522162237,3.31720535440029,3.8667543282928145,4.098558430381161,0.7733514487498073,3.8667572437490505,4.824768709521094
47,9.4,532.1686746987951,737.6506024096385,528,732,9,12,169.16867469879514,17.90144705807356,25.34939759036149,3.4665842858614004,25.34939759036149,3.4665842858614004,0.895072352903678,0.043332303573267505,True,29,8,2,2,"fly (2,8)",0.20000000000000107,-2.0236329935124786,1.1890639481000562,2.3471181404231807,11.735590702115841,-5.945319740500249,22.850374811648482,29.870200681901323,-7.0334467120182,3.1248375810801345,-0.8130351781880686,-0.9618388666007789,0.2688818338086462,1.3444091690432238,3.8895908154436953
48,9.6,527.3775510204082,746.3367346938776,523,741,10,12,164.3775510204082,17.394449843429438,16.663265306122412,2.278737135879988,16.663265306122412,2.278737135879988,0.8697224921714719,0.02848421419849985,True,29,8,2,2,"fly (2,8)",0.1999999999999993,-4.791123678386953,8.68613228423908,9.919866942701425,49.599334713507304,-43.43066142119555,15.739616154498057,41.215364352674634,-35.55379328575208,2.152426140786059,-5.939235749907082,-4.862057201470369,1.2915212067077577,6.457606033538812,5.351442518821091
49,9.8,522.4742268041236,757.7938144329897,518,752,10,12,159.47422680412365,16.87557955599192,5.206185567010266,0.7119570006167885,5.206185567010266,0.7119570006167885,0.843778977799596,0.008899462507709855,True,29,8,2,2,"fly (2,8)",0.20000000000000107,-4.903324216284545,11.457079739112146,12.462233528480217,62.311167642400754,-57.285398695560424,10.934725436566339,55.955251177954025,-50.35803005837799,1.4953470682483885,-7.833900676315957,-6.88656821311152,1.650462470776256,8.252312353881237,7.354959193710024
44,8.8,971.2,172.12,969,170,5,6,165.20000000000005,18.054644808743173,584.88,79.71107325383305,584.88,79.71107325383305,0.9027322404371587,0.9963884156729131,True,30,10,4,4,"fly (4,10)",,,,,,,584.2660869565218,3.5333738301825743,-3.0695652173912547,79.62740537737946,,-0.4183393822679819,,,0.45998588457466477
45,9.0,970.5,173.34782608695653,968,170,6,8,164.5,17.97814207650273,583.6521739130435,79.54373750092586,583.6521739130435,79.54373750092586,0.8989071038251366,0.9942967187615732,True,30,10,4,4,"fly (4,10)",0.1999999999999993,-0.7000000000000455,1.2278260869565258,1.4133495320730247,7.066747660365149,-6.139130434782509,584.1580676328502,5.4252355457117005,-1.563285024154582,79.61268383411928,-0.8366787645359638,-0.21305417705685728,0.18399435382986526,0.9199717691493295,0.6444365664582344
46,9.2,968.6811594202899,173.05797101449275,964,170,10,8,162.68115942028987,17.779361685277582,583.9420289855072,79.58324074759894,583.9420289855072,79.58324074759894,0.8889680842638791,0.9947905093449868,True,30,10,4,4,"fly (4,10)",0.1999999999999993,-1.8188405797101268,-0.28985507246378006,1.8417917953539844,9.208958976769955,1.4492753623187633,584.1663216011042,13.36454560338134,0.04126984126987073,79.61380873609596,0.19751623336539195,0.005624509883449462,0.20266758604507404,1.0133379302253738,1.5219014502926365
47,9.4,964.015873015873,172.0952380952381,958,170,13,6,158.015873015873,17.269494318674646,584.9047619047619,79.71444795976312,584.9047619047619,79.71444795976312,0.8634747159337323,0.996430599497039,True,30,10,4,4,"fly (4,10)",0.20000000000000107,-4.665286404416861,-0.9627329192546483,4.763586034601809,23.817930173008918,4.813664596273358,585.0203588681849,17.710314202927535,4.270186335403803,79.73020223075775,0.6560360608209203,0.5819674733088696,0.5264789303006441,2.632394651503206,1.9688839045790398
48,9.6,960.2142857142858,170.78571428571428,958,170,6,3,154.21428571428578,16.854020296643256,586.2142857142858,79.89291798491118,586.2142857142858,79.89291798491118,0.8427010148321628,0.9986614748113898,True,30,10,4,4,"fly (4,10)",0.1999999999999993,-3.801587301587233,-1.3095238095238244,4.020810691800733,20.104053459003737,6.547619047619287,585.5595238095239,21.960991816006327,5.680641821946323,79.80368297233716,0.8923501257402965,0.7741930932806084,0.45218382640170623,2.260919132008539,2.4466568917558726
