physical_vial_index,assay_tube_index,bbox_x,bbox_y,bbox_w,bbox_h,center_x_px,center_y_px,area_px,frame_index,time_s,x_from_left_px,x_from_left_mm,y_from_base_px,y_from_base_mm,distance_from_base_px,distance_from_base_mm,relative_x,relative_height,threshold_used
1,1,148,424,2,6,148.45454545454547,426.27272727272725,11,0,0.0,10.454545454545467,,362.72727272727275,,362.72727272727275,,0.05201266395296252,0.5936616574914447,8.64
1,1,149,543,4,15,150.390243902439,549.0,41,0,0.0,12.39024390243901,,240.0,,240.0,,0.06164300448974632,0.39279869067103107,8.64
1,1,150,591,4,10,151.23333333333332,595.4,30,0,0.0,13.23333333333332,,193.60000000000002,,193.60000000000002,,0.06583747927031502,0.3168576104746318,8.64
1,1,151,624,4,18,152.24137931034483,632.8275862068965,58,0,0.0,14.241379310344826,,156.1724137931035,,156.1724137931035,,0.07085263338480013,0.25560133190360634,8.64
1,1,153,772,8,18,155.88732394366198,782.1971830985915,71,0,0.0,17.887323943661983,,6.802816901408505,,6.802816901408505,,0.08899166141125364,0.011133906548950091,8.64
2,2,376,704,3,7,376.6666666666667,706.7333333333333,15,0,0.0,5.666666666666686,,72.26666666666665,,72.26666666666665,,0.029982363315696748,0.12125279642058163,12.0
2,2,376,712,3,5,376.84615384615387,714.0,13,0,0.0,5.846153846153868,,65.0,,65.0,,0.03093203093203105,0.10906040268456375,12.0
3,3,629,557,14,26,635.6037037037037,569.0666666666666,270,0,0.0,49.60370370370367,,203.9333333333334,,203.9333333333334,,0.2755761316872426,0.34102564102564115,18.0
3,3,607,768,12,6,612.1355932203389,770.8135593220339,59,0,0.0,26.135593220338933,,2.1864406779660612,,2.1864406779660612,,0.14519774011299408,0.003656255314324517,18.0
4,4,977,617,2,8,977.4666666666667,620.2666666666667,15,0,0.0,181.4666666666667,,158.73333333333335,,158.73333333333335,,0.8809061488673141,0.26499721758486366,12.0
4,4,977,647,3,39,977.752688172043,667.8387096774193,93,0,0.0,181.752688172043,,111.16129032258073,,111.16129032258073,,0.8822946027769079,0.18557811406106967,12.0
4,4,977,687,5,23,978.6363636363636,697.7840909090909,88,0,0.0,182.63636363636363,,81.21590909090912,,81.21590909090912,,0.8865842894969108,0.13558582485961457,12.0
4,4,979,719,4,15,980.1875,726.0625,48,0,0.0,184.1875,,52.9375,,52.9375,,0.8941140776699029,0.08837646076794657,12.0
4,4,979,737,4,5,980.2307692307693,738.5384615384615,13,0,0.0,184.23076923076928,,40.46153846153845,,40.46153846153845,,0.8943241224794626,0.06754847823295235,12.0
4,4,980,744,4,6,981.2142857142858,746.1428571428571,14,0,0.0,185.21428571428578,,32.85714285714289,,32.85714285714289,,0.899098474341193,0.054853326973527364,12.0
4,4,979,751,5,10,981.1578947368421,755.1315789473684,38,0,0.0,185.15789473684208,,23.86842105263156,,23.86842105263156,,0.8988247317322431,0.03984711361040327,12.0
1,1,149,529,3,16,150.0,536.1739130434783,46,1,0.2,12.0,,252.82608695652175,,252.82608695652175,,0.05970149253731343,0.41379064968334167,8.64
1,1,149,560,4,11,150.53125,564.59375,32,1,0.2,12.53125,,224.40625,,224.40625,,0.06234452736318408,0.3672770049099836,8.64
1,1,150,575,3,9,150.8695652173913,578.695652173913,23,1,0.2,12.869565217391312,,210.304347826087,,210.304347826087,,0.064027687648713,0.34419696861880034,8.64
1,1,151,631,4,8,152.1904761904762,634.1428571428571,21,1,0.2,14.190476190476204,,154.8571428571429,,154.8571428571429,,0.07059938403221992,0.2534486789805939,8.64
1,1,151,642,3,5,151.92857142857142,643.8571428571429,14,1,0.2,13.928571428571416,,145.1428571428571,,145.1428571428571,,0.06929637526652446,0.23754968435819496,8.64
1,1,152,651,3,4,153.0,652.2,10,1,0.2,15.0,,136.79999999999995,,136.79999999999995,,0.07462686567164178,0.22389525368248764,8.64
1,1,153,688,4,16,154.1086956521739,695.4782608695652,46,1,0.2,16.108695652173907,,93.52173913043475,,93.52173913043475,,0.08014276443867616,0.15306340283213543,8.64
1,1,154,724,3,4,154.9090909090909,725.3636363636364,11,1,0.2,16.909090909090907,,63.636363636363626,,63.636363636363626,,0.0841248303934871,0.1041511679809552,8.64
1,1,153,770,10,20,156.9090909090909,779.4015151515151,132,1,0.2,18.909090909090907,,9.598484848484873,,9.598484848484873,,0.094075079149706,0.015709467837127452,8.64
2,2,375,635,2,6,375.45454545454544,637.2727272727273,11,1,0.2,4.454545454545439,,141.72727272727275,,141.72727272727275,,0.023569023569023486,0.23779743746186702,8.64
3,3,629,554,14,26,635.431506849315,566.181506849315,292,1,0.2,49.43150684931504,,206.81849315068496,,206.81849315068496,,0.27461948249619467,0.34585032299445645,17.0
3,3,605,767,13,7,610.8857142857142,770.6714285714286,70,1,0.2,24.885714285714243,,2.328571428571422,,2.328571428571422,,0.13825396825396802,0.0038939321548017093,17.0
4,4,977,610,2,15,977.4827586206897,616.7586206896551,29,1,0.2,181.48275862068965,,162.24137931034488,,162.24137931034488,,0.8809842651489789,0.2708537217201083,12.0
4,4,976,643,4,43,977.7950819672132,664.3934426229508,122,1,0.2,181.79508196721315,,114.60655737704917,,114.60655737704917,,0.882500397899093,0.19132981198171814,12.0
4,4,977,689,6,46,979.3179487179488,710.9846153846154,195,1,0.2,183.31794871794875,,68.01538461538462,,68.01538461538462,,0.8898929549414988,0.11354822139463208,12.0
4,4,979,738,6,27,980.7818181818182,751.0545454545454,110,1,0.2,184.78181818181815,,27.945454545454595,,27.945454545454595,,0.8969991173874667,0.046653513431476785,12.0
1,1,149,529,3,16,150.04545454545453,535.8863636363636,44,2,0.4,12.045454545454533,,253.11363636363637,,253.11363636363637,,0.05992763455450016,0.4142612706442494,8.64
1,1,150,561,3,9,150.55555555555554,564.7222222222222,18,2,0.4,12.555555555555543,,224.27777777777783,,224.27777777777783,,0.062465450525151955,0.367066739407165,8.64
1,1,150,578,3,10,150.84615384615384,582.2692307692307,26,2,0.4,12.84615384615384,,206.73076923076928,,206.73076923076928,,0.06391121316494447,0.3383482311469219,8.64
1,1,151,642,3,5,151.92857142857142,643.8571428571429,14,2,0.4,13.928571428571416,,145.1428571428571,,145.1428571428571,,0.06929637526652446,0.23754968435819496,8.64
1,1,152,651,3,12,152.74074074074073,655.5925925925926,27,2,0.4,14.740740740740733,,133.4074074074074,,133.4074074074074,,0.07333701861065041,0.21834272898102683,8.64
1,1,152,780,10,8,157.06060606060606,783.7878787878788,33,2,0.4,19.060606060606062,,5.212121212121247,,5.212121212121247,,0.094828885873662,0.008530476615583055,8.64
3,3,626,548,16,25,633.6715867158672,559.5608856088561,271,2,0.4,47.67158671586719,,213.4391143911439,,213.4391143911439,,0.2648421484214844,0.35692159597181256,17.0
3,3,606,767,13,7,611.7222222222222,770.5,72,2,0.4,25.72222222222217,,2.5,,2.5,,0.14290123456790096,0.004180602006688963,17.0
4,4,976,627,3,5,977.0833333333334,628.8333333333333,12,2,0.4,181.08333333333337,,150.16666666666674,,150.16666666666674,,0.8790453074433658,0.25069560378408473,12.0
4,4,977,648,3,18,977.7674418604652,656.0232558139535,43,2,0.4,181.76744186046517,,122.97674418604652,,122.97674418604652,,0.8823662226236173,0.2053034126645184,12.0
4,4,977,670,5,41,978.6122448979592,691.0,147,2,0.4,182.61224489795916,,88.0,,88.0,,0.8864672082425202,0.14691151919866444,12.0
4,4,979,712,3,10,980.04,716.24,25,2,0.4,184.03999999999996,,62.75999999999999,,62.75999999999999,,0.893398058252427,0.10477462437395658,12.0
4,4,978,724,5,10,979.939393939394,728.6969696969697,33,2,0.4,183.939393939394,,50.303030303030255,,50.303030303030255,,0.8929096793174466,0.0839783477513026,12.0
4,4,979,738,6,27,980.8518518518518,751.8796296296297,108,2,0.4,184.85185185185185,,27.120370370370324,,27.120370370370324,,0.897339086659475,0.04527607741297216,12.0
1,1,144,178,4,7,145.4090909090909,180.36363636363637,22,3,0.6,7.4090909090909065,,608.6363636363636,,608.6363636363636,,0.036861148801447294,0.9961315280464217,8.64
1,1,150,578,3,5,150.72727272727272,579.7272727272727,11,3,0.6,12.72727272727272,,209.27272727272725,,209.27272727272725,,0.06331976481230209,0.3425085552745127,8.64
1,1,150,592,3,6,151.0,594.1875,16,3,0.6,13.0,,194.8125,,194.8125,,0.06467661691542288,0.318842062193126,8.64
1,1,154,772,3,8,154.66666666666666,775.7222222222222,18,3,0.6,16.666666666666657,,13.277777777777828,,13.277777777777828,,0.0829187396351575,0.021731223858883517,8.64
1,1,155,777,9,11,159.14814814814815,782.2592592592592,54,3,0.6,21.148148148148152,,6.740740740740762,,6.740740740740762,,0.10521466740372215,0.011032308904649365,8.64
3,3,623,541,16,23,630.4659090909091,551.7613636363636,264,3,0.6,44.46590909090912,,221.23863636363637,,221.23863636363637,,0.24703282828282846,0.3699642748555792,17.0
3,3,606,765,13,9,612.1208791208791,769.4835164835165,91,3,0.6,26.120879120879067,,3.516483516483504,,3.516483516483504,,0.14511599511599482,0.005880407218199839,17.0
4,4,976,627,3,6,977.1428571428571,629.2142857142858,14,3,0.6,181.1428571428571,,149.78571428571422,,149.78571428571422,,0.8793342579750345,0.25005962318149283,12.0
4,4,977,658,5,63,978.763948497854,690.763948497854,233,3,0.6,182.76394849785402,,88.23605150214598,,88.23605150214598,,0.8872036334847282,0.14730559516218028,12.0
4,4,978,723,5,11,980.0975609756098,728.0731707317074,41,3,0.6,184.09756097560978,,50.926829268292636,,50.926829268292636,,0.8936774804641251,0.08501974836108954,12.0
4,4,979,738,6,24,980.8876404494382,750.7752808988764,89,3,0.6,184.8876404494382,,28.224719101123583,,28.224719101123583,,0.8975128177157194,0.0471197313875185,12.0
1,1,143,178,5,6,145.1818181818182,179.9090909090909,22,4,0.8,7.181818181818187,,609.0909090909091,,609.0909090909091,,0.03573043871551337,0.9968754649605714,8.64
1,1,148,481,3,6,149.16666666666666,483.0833333333333,12,4,0.8,11.166666666666657,,305.9166666666667,,305.9166666666667,,0.05555555555555551,0.5006819421713039,8.64
1,1,155,784,6,6,157.60714285714286,786.1428571428571,28,4,0.8,19.60714285714286,,2.8571428571428896,,2.8571428571428896,,0.09754797441364607,0.004676174888940899,8.64
3,3,624,532,13,26,630.1423220973783,544.0411985018727,267,4,0.8,44.14232209737827,,228.9588014981273,,228.9588014981273,,0.2452351227632126,0.38287424999686837,17.0
3,3,606,765,12,9,611.8666666666667,769.5555555555555,90,4,0.8,25.866666666666674,,3.444444444444457,,3.444444444444457,,0.14370370370370375,0.00575994054254926,17.0
4,4,976,627,3,6,977.0666666666666,629.0666666666666,15,4,0.8,181.0666666666666,,149.9333333333334,,149.9333333333334,,0.878964401294498,0.2503060656649973,12.0
4,4,976,650,6,70,978.6556776556777,687.4688644688645,273,4,0.8,182.65567765567766,,91.53113553113553,,91.53113553113553,,0.8866780468722216,0.1528065701688406,12.0
4,4,978,722,5,13,980.1041666666666,727.8333333333334,48,4,0.8,184.10416666666663,,51.16666666666663,,51.16666666666663,,0.8937095469255661,0.08542014468558702,12.0
4,4,979,738,6,24,980.8636363636364,750.7954545454545,88,4,0.8,184.86363636363637,,28.204545454545496,,28.204545454545496,,0.897396293027361,0.047086052511762094,12.0
1,1,143,178,5,7,145.20833333333334,180.20833333333334,24,5,1.0,7.208333333333343,,608.7916666666666,,608.7916666666666,,0.03586235489220568,0.9963857064920895,8.64
1,1,151,622,2,8,151.46666666666667,625.2666666666667,15,5,1.0,13.466666666666669,,163.73333333333335,,163.73333333333335,,0.0669983416252073,0.2679759956355701,8.64
1,1,152,656,2,6,152.4,658.4,10,5,1.0,14.400000000000006,,130.60000000000002,,130.60000000000002,,0.07164179104477615,0.21374795417348613,8.64
1,1,152,691,3,6,152.92857142857142,693.2142857142857,14,5,1.0,14.928571428571416,,95.78571428571433,,95.78571428571433,,0.0742714996446339,0.15676876315174196,8.64
1,1,153,714,3,4,153.9090909090909,715.3636363636364,11,5,1.0,15.909090909090907,,73.63636363636363,,73.63636363636363,,0.07914970601537764,0.12051778009224816,8.64
1,1,155,775,7,8,158.6764705882353,777.9705882352941,34,5,1.0,20.676470588235304,,11.029411764705856,,11.029411764705856,,0.10286801287679256,0.018051410416867194,8.64
1,1,153,781,8,9,156.41463414634146,784.9268292682926,41,5,1.0,18.414634146341456,,4.073170731707364,,4.073170731707364,,0.09161509525543013,0.006666400542892577,8.64
2,2,375,640,2,7,375.46153846153845,642.7692307692307,13,5,1.0,4.461538461538453,,136.23076923076928,,136.23076923076928,,0.02360602360602356,0.22857511615900886,8.64
3,3,625,525,13,26,631.1204379562043,537.2043795620439,274,5,1.0,45.12043795620434,,235.79562043795613,,235.79562043795613,,0.25066909975669077,0.3943070575885554,17.0
3,3,606,765,12,9,611.9042553191489,769.3829787234042,94,5,1.0,25.904255319148888,,3.6170212765957785,,3.6170212765957785,,0.14391252955082715,0.006048530562869195,17.0
4,4,976,656,6,65,978.5842696629213,687.4007490636704,267,5,1.0,182.58426966292132,,91.59925093632955,,91.59925093632955,,0.886331406130686,0.15292028536949842,12.0
4,4,978,723,5,11,980.0975609756098,728.0731707317074,41,5,1.0,184.09756097560978,,50.926829268292636,,50.926829268292636,,0.8936774804641251,0.08501974836108954,12.0
4,4,979,737,6,25,980.85,749.73,100,5,1.0,184.85000000000002,,29.269999999999982,,29.269999999999982,,0.8973300970873788,0.04886477462437393,12.0
1,1,143,178,5,7,145.03846153846155,180.23076923076923,26,6,1.2,7.038461538461547,,608.7692307692307,,608.7692307692307,,0.035017221584385805,0.9963489865290192,8.64
1,1,142,246,3,5,142.9,247.8,10,6,1.2,4.900000000000006,,541.2,,541.2,,0.024378109452736347,0.8857610474631752,8.64
1,1,151,620,3,19,151.9245283018868,629.2830188679245,53,6,1.2,13.924528301886795,,159.7169811320755,,159.7169811320755,,0.06927626020839202,0.2614025877775376,8.64
1,1,152,655,2,7,152.41666666666666,657.8333333333333,12,6,1.2,14.416666666666657,,131.16666666666674,,131.16666666666674,,0.07172470978441123,0.21467539552645948,8.64
1,1,152,690,4,7,153.47619047619048,692.8571428571429,21,6,1.2,15.476190476190482,,96.14285714285711,,96.14285714285711,,0.0769959725183606,0.15735328501285942,8.64
1,1,153,715,3,5,154.0,716.6923076923077,13,6,1.2,16.0,,72.30769230769226,,72.30769230769226,,0.07960199004975124,0.11834319526627211,8.64
1,1,151,775,13,15,157.7787610619469,781.3893805309734,113,6,1.2,19.77876106194691,,7.610619469026574,,7.610619469026574,,0.09840179632809408,0.012456005677621234,8.64
3,3,625,522,13,25,630.6589147286821,534.0232558139535,258,6,1.2,44.658914728682134,,238.97674418604652,,238.97674418604652,,0.24810508182601185,0.39962666251847245,17.0
3,3,606,765,12,9,611.9354838709677,769.4301075268817,93,6,1.2,25.935483870967687,,3.5698924731183297,,3.5698924731183297,,0.14408602150537603,0.0059697198547129255,17.0
4,4,977,649,3,8,977.9090909090909,652.5,22,6,1.2,181.90909090909088,,126.5,,126.5,,0.8830538393645189,0.21118530884808012,12.0
4,4,976,659,6,61,978.5733944954129,689.3577981651376,218,6,1.2,182.5733944954129,,89.64220183486236,,89.64220183486236,,0.8862786140554025,0.14965309154401063,12.0
4,4,978,723,5,11,980.0975609756098,728.0731707317074,41,6,1.2,184.09756097560978,,50.926829268292636,,50.926829268292636,,0.8936774804641251,0.08501974836108954,12.0
4,4,979,737,5,24,980.9204545454545,748.6136363636364,88,6,1.2,184.9204545454545,,30.386363636363626,,30.386363636363626,,0.8976721094439539,0.050728486872059476,12.0
1,1,148,479,3,6,149.16666666666666,481.1666666666667,12,7,1.4,11.166666666666657,,307.8333333333333,,307.8333333333333,,0.05555555555555551,0.5038188761593017,8.64
1,1,149,497,3,5,149.91666666666666,498.8333333333333,12,7,1.4,11.916666666666657,,290.1666666666667,,290.1666666666667,,0.0592868988391376,0.47490452809601746,8.64
1,1,150,592,4,9,151.19230769230768,595.4615384615385,26,7,1.4,13.19230769230768,,193.53846153846155,,193.53846153846155,,0.0656333716035208,0.3167568928616392,8.64
1,1,151,620,3,12,151.65384615384616,625.5769230769231,26,7,1.4,13.65384615384616,,163.4230769230769,,163.4230769230769,,0.06792958285495602,0.2674682110033992,8.64
1,1,151,633,3,7,152.1875,636.0,16,7,1.4,14.1875,,153.0,,153.0,,0.07058457711442787,0.25040916530278234,8.64
1,1,152,655,2,8,152.46666666666667,658.2666666666667,15,7,1.4,14.466666666666669,,130.73333333333335,,130.73333333333335,,0.07197346600331676,0.21396617566830337,8.64
1,1,152,673,4,9,153.47826086956522,676.1739130434783,23,7,1.4,15.478260869565219,,112.82608695652175,,112.82608695652175,,0.07700627298291153,0.18465808012524018,8.64
1,1,153,683,3,6,153.92857142857142,685.2142857142858,14,7,1.4,15.928571428571416,,103.78571428571422,,103.78571428571422,,0.07924662402274336,0.16986205284077613,8.64
1,1,152,690,4,7,153.47619047619048,692.8571428571429,21,7,1.4,15.476190476190482,,96.14285714285711,,96.14285714285711,,0.0769959725183606,0.15735328501285942,8.64
1,1,153,775,11,15,157.6201550387597,782.2713178294574,129,7,1.4,19.62015503875969,,6.728682170542584,,6.728682170542584,,0.09761271163562035,0.011012573110544327,8.64
3,3,623,515,14,24,629.3667953667954,526.1505791505792,259,7,1.4,43.36679536679537,,246.84942084942077,,246.84942084942077,,0.24092664092664096,0.41279167366123876,17.0
3,3,605,765,14,9,611.8039215686274,769.4705882352941,102,7,1.4,25.803921568627402,,3.5294117647058556,,3.5294117647058556,,0.14335511982570778,0.005902026362384374,17.0
4,4,977,621,2,12,977.4782608695652,626.2608695652174,23,7,1.4,181.47826086956525,,152.73913043478262,,152.73913043478262,,0.8809624314056566,0.25499020105973724,12.0
4,4,976,645,6,76,978.5289855072464,683.6050724637681,276,7,1.4,182.52898550724638,,95.39492753623188,,95.39492753623188,,0.8860630364429436,0.1592569741840265,12.0
4,4,979,723,6,41,980.751724137931,745.4068965517241,145,7,1.4,184.75172413793098,,33.59310344827588,,33.59310344827588,,0.8968530297957814,0.05608197570663753,12.0
1,1,150,584,3,7,151.0,586.8235294117646,17,8,1.6,13.0,,202.17647058823536,,202.17647058823536,,0.06467661691542288,0.3308943872147878,8.64
1,1,151,624,3,8,151.72222222222223,627.2222222222222,18,8,1.6,13.722222222222229,,161.77777777777783,,161.77777777777783,,0.06826976229961308,0.26477541371158403,8.64
1,1,151,633,3,7,152.1875,636.0,16,8,1.6,14.1875,,153.0,,153.0,,0.07058457711442787,0.25040916530278234,8.64
1,1,152,690,4,7,153.47619047619048,692.8571428571429,21,8,1.6,15.476190476190482,,96.14285714285711,,96.14285714285711,,0.0769959725183606,0.15735328501285942,8.64
1,1,151,776,10,14,155.95714285714286,782.1285714285714,70,8,1.6,17.957142857142856,,6.871428571428623,,6.871428571428623,,0.08933901918976545,0.011246200607902821,8.64
2,2,375,662,2,7,375.46153846153845,664.7692307692307,13,8,1.6,4.461538461538453,,114.23076923076928,,114.23076923076928,,0.02360602360602356,0.1916623644811565,8.64
3,3,622,513,15,24,628.9651162790698,524.2868217054263,258,8,1.6,42.965116279069775,,248.7131782945737,,248.7131782945737,,0.23869509043927653,0.4159083249073139,17.0
3,3,606,764,12,10,612.0842105263158,769.1578947368421,95,8,1.6,26.084210526315815,,3.8421052631579187,,3.8421052631579187,,0.14491228070175452,0.006424925189227289,17.0
4,4,976,642,7,96,978.7249283667622,690.4928366762178,349,8,1.6,182.72492836676224,,88.50716332378215,,88.50716332378215,,0.8870142153726323,0.14775820254387673,12.0
4,4,979,744,5,18,981.0985915492957,752.4366197183099,71,8,1.6,185.09859154929575,,26.563380281690115,,26.563380281690115,,0.8985368521810473,0.04434621082085161,12.0
1,1,150,595,4,11,151.32,599.3199999999999,25,9,1.8,13.319999999999993,,189.68000000000006,,189.68000000000006,,0.06626865671641788,0.310441898527005,8.64
1,1,151,624,4,16,152.04444444444445,631.4,45,9,1.8,14.044444444444451,,157.60000000000002,,157.60000000000002,,0.06987285793255946,0.2579378068739771,8.64
1,1,152,690,4,8,153.33333333333334,693.6190476190476,21,9,1.8,15.333333333333343,,95.38095238095241,,95.38095238095241,,0.07628524046434498,0.1561063050424753,8.64
1,1,156,708,4,4,157.53846153846155,709.6153846153846,13,9,1.8,19.538461538461547,,79.38461538461536,,79.38461538461536,,0.09720627631075397,0.12992572076041795,8.64
1,1,154,776,4,4,155.33333333333334,777.0833333333334,12,9,1.8,17.333333333333343,,11.916666666666629,,11.916666666666629,,0.0862354892205639,0.019503546099290718,8.64
1,1,159,777,3,5,159.84615384615384,779.0,13,9,1.8,21.84615384615384,,10.0,,10.0,,0.10868733256792955,0.016366612111292964,8.64
1,1,156,783,6,4,158.57894736842104,784.421052631579,19,9,1.8,20.57894736842104,,4.578947368421041,,4.578947368421041,,0.10238282272846289,0.007494185545697284,8.64
3,3,622,511,15,24,628.8062015503876,522.0658914728682,258,9,1.8,42.80620155038764,,250.9341085271318,,250.9341085271318,,0.2378122308354869,0.41962225506209333,17.0
3,3,607,764,12,10,612.1935483870968,769.3655913978495,93,9,1.8,26.193548387096826,,3.634408602150529,,3.634408602150529,,0.14551971326164903,0.006077606358111253,17.0
4,4,976,619,3,12,976.8148148148148,624.7037037037037,27,9,1.8,180.81481481481478,,154.2962962962963,,154.2962962962963,,0.8777418194893921,0.25758981017745625,12.0
4,4,976,643,7,95,978.7703081232493,689.90756302521,357,9,1.8,182.77030812324927,,89.09243697478996,,89.09243697478996,,0.8872345054526664,0.1487352871031552,12.0
4,4,979,745,6,19,981.1898734177215,754.4430379746835,79,9,1.8,185.18987341772151,,24.556962025316466,,24.556962025316466,,0.8989799680471918,0.04099659770503584,12.0
1,1,150,537,2,7,150.46153846153845,539.7692307692307,13,10,2.0,12.461538461538453,,249.23076923076928,,249.23076923076928,,0.06199770378874852,0.407906332619917,8.64
1,1,151,627,4,8,152.33333333333334,630.047619047619,21,10,2.0,14.333333333333343,,158.95238095238096,,158.95238095238096,,0.07131011608623554,0.2601511963214091,8.64
1,1,154,776,7,7,156.58620689655172,778.5862068965517,29,10,2.0,18.586206896551715,,10.413793103448256,,10.413793103448256,,0.09246869102762048,0.017043851233139534,8.64
1,1,157,783,5,4,159.06666666666666,784.6,15,10,2.0,21.066666666666663,,4.399999999999977,,4.399999999999977,,0.10480928689883912,0.007201309328968866,8.64
2,2,376,712,3,7,376.89473684210526,715.0,19,10,2.0,5.89473684210526,,64.0,,64.0,,0.031189083820662752,0.10738255033557047,12.0
3,3,622,508,14,24,628.2178988326848,519.124513618677,257,10,2.0,42.217898832684796,,253.87548638132296,,253.87548638132296,,0.23454388240380442,0.42454094712595813,17.0
3,3,607,764,11,10,612.0879120879121,769.2527472527472,91,10,2.0,26.08791208791206,,3.7472527472527872,,3.7472527472527872,,0.14493284493284478,0.006266308941894293,17.0
4,4,976,617,3,15,977.34375,624.25,32,10,2.0,181.34375,,154.75,,154.75,,0.8803094660194175,0.25834724540901505,12.0
4,4,976,648,6,73,978.5795454545455,685.5492424242425,264,10,2.0,182.5795454545455,,93.4507575757575,,93.4507575757575,,0.8863084730803179,0.1560112814286436,12.0
4,4,978,723,5,12,980.1063829787234,728.5106382978723,47,10,2.0,184.10638297872345,,50.48936170212767,,50.48936170212767,,0.8937203057219585,0.08428941853443683,12.0
4,4,979,744,5,18,980.9384615384615,752.6769230769231,65,10,2.0,184.93846153846152,,26.323076923076883,,26.323076923076883,,0.8977595220313667,0.04394503659946057,12.0
1,1,150,536,2,8,150.46666666666667,539.2666666666667,15,11,2.2,12.466666666666669,,249.73333333333335,,249.73333333333335,,0.062023217247097855,0.4087288597926896,8.64
1,1,150,580,3,4,150.9090909090909,581.3636363636364,11,11,2.2,12.909090909090907,,207.63636363636363,,207.63636363636363,,0.06422433288104928,0.3398303823835739,8.64
1,1,151,627,4,13,152.32258064516128,633.0967741935484,31,11,2.2,14.322580645161281,,155.9032258064516,,155.9032258064516,,0.0712566201251805,0.2551607623673512,8.64
1,1,152,695,5,17,153.66666666666666,703.2222222222222,45,11,2.2,15.666666666666657,,85.77777777777783,,85.77777777777783,,0.07794361525704804,0.1403891616657575,8.64
1,1,154,776,7,11,157.21818181818182,780.6363636363636,55,11,2.2,19.21818181818182,,8.363636363636374,,8.363636363636374,,0.09561284486657622,0.013688439220354131,8.64
3,3,622,508,14,24,628.1906614785992,519.1167315175097,257,11,2.2,42.19066147859917,,253.88326848249028,,253.88326848249028,,0.23439256376999537,0.42455396067306067,17.0
3,3,606,764,12,10,611.939393939394,769.1717171717172,99,11,2.2,25.939393939393995,,3.828282828282795,,3.828282828282795,,0.1441077441077444,0.006401810749636781,17.0
4,4,977,617,2,14,977.4615384615385,623.1923076923076,26,11,2.2,181.46153846153845,,155.80769230769238,,155.80769230769238,,0.8808812546676624,0.26011300886092215,12.0
4,4,976,649,7,86,978.7784256559767,692.4518950437317,343,11,2.2,182.77842565597666,,86.54810495626828,,86.54810495626828,,0.887273910951343,0.14448765435103217,12.0
4,4,979,743,6,23,981.0679611650485,754.5728155339806,103,11,2.2,185.06796116504847,,24.427184466019412,,24.427184466019412,,0.898388160995381,0.04077994067782873,12.0
1,1,145,184,3,7,145.88888888888889,186.55555555555554,18,12,2.4,7.888888888888886,,602.4444444444445,,602.4444444444445,,0.039248203427307886,0.9859974540825605,8.64
1,1,145,370,3,5,145.72727272727272,371.72727272727275,11,12,2.4,7.7272727272727195,,417.27272727272725,,417.27272727272725,,0.038444142921754826,0.6829340871894063,8.64
1,1,151,632,3,17,152.0,639.75,44,12,2.4,14.0,,149.25,,149.25,,0.06965174129353234,0.24427168576104746,8.64
1,1,153,679,3,7,154.21428571428572,681.6428571428571,14,12,2.4,16.214285714285722,,107.35714285714289,,107.35714285714289,,0.08066808813077474,0.17570727145195236,8.64
1,1,152,696,3,8,152.9090909090909,699.4545454545455,22,12,2.4,14.909090909090907,,89.5454545454545,,89.5454545454545,,0.07417458163726819,0.1465555720874869,8.64
1,1,154,780,7,9,157.36170212765958,783.8936170212766,47,12,2.4,19.361702127659584,,5.106382978723445,,5.106382978723445,,0.09632687625701285,0.008357418950447537,8.64
3,3,621,506,14,24,627.663967611336,516.9271255060728,247,12,2.4,41.663967611336034,,256.0728744939272,,256.0728744939272,,0.23146648672964462,0.4282155091871692,17.0
3,3,607,765,12,9,612.2857142857143,769.4615384615385,91,12,2.4,26.285714285714334,,3.538461538461547,,3.538461538461547,,0.1460317460317463,0.005917159763313624,17.0
4,4,976,643,6,68,978.3410852713179,680.6511627906978,258,12,2.4,182.34108527131787,,98.34883720930225,,98.34883720930225,,0.8851508993753294,0.16418837597546285,12.0
4,4,978,715,7,50,980.5904761904762,739.7761904761904,210,12,2.4,184.59047619047624,,39.223809523809564,,39.223809523809564,,0.8960702727693022,0.06548215279433985,12.0
1,1,144,183,4,8,145.66666666666666,185.79166666666666,24,13,2.6,7.666666666666657,,603.2083333333334,,603.2083333333334,,0.03814262023217242,0.9872476813966177,8.64
1,1,150,584,4,8,151.34782608695653,587.1739130434783,23,13,2.6,13.34782608695653,,201.82608695652175,,201.82608695652175,,0.06640709495998273,0.3303209279157475,8.64
1,1,151,633,2,6,151.45454545454547,635.2727272727273,11,13,2.6,13.454545454545467,,153.72727272727275,,153.72727272727275,,0.06693803708729089,0.25159946436542185,8.64
1,1,151,641,3,7,152.0,643.6842105263158,19,13,2.6,14.0,,145.31578947368416,,145.31578947368416,,0.06965174129353234,0.23783271599620975,8.64
1,1,152,697,3,7,153.11764705882354,700.1764705882352,17,13,2.6,15.117647058823536,,88.82352941176475,,88.82352941176475,,0.07521217442200764,0.14537402522383758,8.64
1,1,156,780,5,6,157.8846153846154,782.3461538461538,26,13,2.6,19.884615384615387,,6.653846153846189,,6.653846153846189,,0.09892843474933029,0.010890091904821913,8.64
2,2,375,636,2,7,375.46153846153845,638.7692307692307,13,13,2.6,4.461538461538453,,140.23076923076928,,140.23076923076928,,0.02360602360602356,0.23528652555498203,8.64
3,3,621,506,14,23,627.730612244898,516.8244897959183,245,13,2.6,41.730612244898,,256.17551020408166,,256.17551020408166,,0.23183673469387778,0.42838714080950113,17.0
3,3,606,765,13,9,612.0918367346939,769.4183673469388,98,13,2.6,26.091836734693857,,3.581632653061206,,3.581632653061206,,0.14495464852607698,0.005989352262644157,17.0
4,4,974,516,3,6,974.9230769230769,518.3076923076924,13,13,2.6,178.9230769230769,,260.6923076923076,,260.6923076923076,,0.8685586258401792,0.43521253371002944,12.0
4,4,976,606,2,7,976.4615384615385,608.7692307692307,13,13,2.6,180.46153846153845,,170.23076923076928,,170.23076923076928,,0.8760268857356236,0.284191601386927,12.0
4,4,977,633,2,6,977.4545454545455,635.2727272727273,11,13,2.6,181.4545454545455,,143.72727272727275,,143.72727272727275,,0.8808473080317742,0.23994536348459558,12.0
4,4,976,642,7,101,978.875,695.125,376,13,2.6,182.875,,83.875,,83.875,,0.8877427184466019,0.14002504173622704,12.0
4,4,979,744,6,21,981.2650602409639,754.6867469879518,83,13,2.6,185.26506024096386,,24.31325301204822,,24.31325301204822,,0.8993449526260382,0.04058973791660805,12.0
1,1,149,491,2,6,149.45454545454547,493.27272727272725,11,14,2.8,11.454545454545467,,295.72727272727275,,295.72727272727275,,0.05698778833107198,0.4840053563457819,8.64
1,1,149,520,2,8,149.46666666666667,523.2666666666667,15,14,2.8,11.466666666666669,,265.73333333333335,,265.73333333333335,,0.057048092868988404,0.43491543917075837,8.64
1,1,150,584,4,8,151.34782608695653,587.1739130434783,23,14,2.8,13.34782608695653,,201.82608695652175,,201.82608695652175,,0.06640709495998273,0.3303209279157475,8.64
1,1,151,611,3,4,151.8,612.5,10,14,2.8,13.800000000000011,,176.5,,176.5,,0.0686567164179105,0.2888707037643208,8.64
1,1,151,628,4,19,152.04,637.24,50,14,2.8,14.039999999999992,,151.76,,151.76,,0.06985074626865667,0.24837970540098198,8.64
1,1,152,699,3,9,152.64705882352942,702.5882352941177,17,14,2.8,14.64705882352942,,86.41176470588232,,86.41176470588232,,0.07287093942054437,0.14142678347934914,8.64
1,1,156,780,6,6,158.36666666666667,782.2666666666667,30,14,2.8,20.366666666666674,,6.7333333333333485,,6.7333333333333485,,0.10132669983416256,0.01102018548827062,8.64
3,3,620,502,16,22,627.3305439330544,512.2594142259414,239,14,2.8,41.3305439330544,,260.74058577405856,,260.74058577405856,,0.22961413296141334,0.43602104644491396,17.0
3,3,606,765,13,9,612.1145833333334,769.4583333333334,96,14,2.8,26.11458333333337,,3.5416666666666288,,3.5416666666666288,,0.14508101851851873,0.005922519509475968,17.0
4,4,976,606,2,7,976.4615384615385,608.7692307692307,13,14,2.8,180.46153846153845,,170.23076923076928,,170.23076923076928,,0.8760268857356236,0.284191601386927,12.0
4,4,976,649,6,62,978.6485355648535,682.4016736401674,239,14,2.8,182.64853556485355,,96.59832635983264,,96.59832635983264,,0.8866433765284153,0.1612659872451296,12.0
4,4,978,712,5,31,979.9909090909091,726.1,110,14,2.8,183.9909090909091,,52.89999999999998,,52.89999999999998,,0.8931597528684908,0.08831385642737892,12.0
4,4,978,745,7,21,981.0106382978723,755.8510638297872,94,14,2.8,185.01063829787233,,23.148936170212778,,23.148936170212778,,0.8981098946498657,0.03864597023407809,12.0
1,1,144,183,3,5,145.0,184.69230769230768,13,15,3.0,7.0,,604.3076923076924,,604.3076923076924,,0.03482587064676617,0.9890469595870579,8.64
1,1,151,612,3,10,151.88,616.48,25,15,3.0,13.879999999999995,,172.51999999999998,,172.51999999999998,,0.06905472636815918,0.28235679214402615,8.64
1,1,150,627,5,21,151.98529411764707,636.6764705882354,68,15,3.0,13.985294117647072,,152.32352941176464,,152.32352941176464,,0.06957857769973667,0.2493020121305477,8.64
1,1,153,778,8,9,156.95833333333334,781.5416666666666,48,15,3.0,18.958333333333343,,7.458333333333371,,7.458333333333371,,0.09432006633499175,0.012206764866339396,8.64
2,2,375,636,2,7,375.46153846153845,638.7692307692307,13,15,3.0,4.461538461538453,,140.23076923076928,,140.23076923076928,,0.02360602360602356,0.23528652555498203,8.64
3,3,620,501,16,22,627.2768595041323,511.8677685950413,242,15,3.0,41.27685950413229,,261.1322314049587,,261.1322314049587,,0.22931588613406828,0.4366759722490948,17.0
3,3,606,765,13,9,612.0,769.5102040816327,98,15,3.0,26.0,,3.4897959183673493,,3.4897959183673493,,0.14444444444444443,0.005835779127704597,17.0
4,4,976,605,2,8,976.4666666666667,608.2666666666667,15,15,3.0,180.4666666666667,,170.73333333333335,,170.73333333333335,,0.8760517799352753,0.28503060656649976,12.0
4,4,977,626,2,7,977.4615384615385,628.7692307692307,13,15,3.0,181.46153846153845,,150.23076923076928,,150.23076923076928,,0.8808812546676624,0.25080261975086693,12.0
4,4,976,647,6,64,978.4803149606299,681.488188976378,254,15,3.0,182.48031496062993,,97.51181102362204,,97.51181102362204,,0.8858267716535433,0.16279100337833396,12.0
4,4,978,712,5,31,979.91,725.88,100,15,3.0,183.90999999999997,,53.120000000000005,,53.120000000000005,,0.8927669902912619,0.08868113522537563,12.0
4,4,979,744,6,22,981.3229166666666,755.1875,96,15,3.0,185.32291666666663,,23.8125,,23.8125,,0.8996258090614885,0.03975375626043406,12.0
1,1,144,183,3,5,145.0,184.69230769230768,13,16,3.2,7.0,,604.3076923076924,,604.3076923076924,,0.03482587064676617,0.9890469595870579,8.64
1,1,151,612,3,5,151.91666666666666,613.8333333333333,12,16,3.2,13.916666666666657,,175.16666666666674,,175.16666666666674,,0.0692371475953565,0.2866884888161485,8.64
1,1,150,626,5,22,152.13698630136986,636.1095890410959,73,16,3.2,14.13698630136986,,152.8904109589041,,152.8904109589041,,0.07033326518094457,0.25022980517005583,8.64
1,1,154,777,9,13,157.9855072463768,783.1304347826087,69,16,3.2,19.985507246376812,,5.869565217391255,,5.869565217391255,,0.0994303843103324,0.009606489717497961,8.64
2,2,375,635,3,7,375.75,637.625,16,16,3.2,4.75,,141.375,,141.375,,0.02513227513227513,0.23720637583892618,8.64
3,3,619,500,18,23,626.8512110726643,511.2733564013841,289,16,3.2,40.85121107266434,,261.7266435986159,,261.7266435986159,,0.226951172625913,0.4376699725729363,12.0
3,3,598,572,2,9,598.4705882352941,575.7647058823529,17,16,3.2,12.470588235294144,,197.23529411764707,,197.23529411764707,,0.06928104575163413,0.3298249065512493,12.0
3,3,599,608,2,10,599.4736842105264,612.2631578947369,19,16,3.2,13.473684210526358,,160.73684210526312,,160.73684210526312,,0.07485380116959088,0.268790705861644,12.0
3,3,599,625,2,19,599.4864864864865,633.7567567567568,37,16,3.2,13.486486486486456,,139.24324324324323,,139.24324324324323,,0.07492492492492475,0.23284823284823283,12.0
3,3,600,661,2,6,600.4545454545455,663.2727272727273,11,16,3.2,14.454545454545496,,109.72727272727275,,109.72727272727275,,0.08030303030303053,0.18349042262085744,12.0
3,3,601,697,2,18,601.4857142857143,705.2571428571429,35,16,3.2,15.485714285714266,,67.74285714285713,,67.74285714285713,,0.08603174603174592,0.11328236980410891,12.0
3,3,601,725,4,27,602.3552631578947,737.171052631579,76,16,3.2,16.355263157894683,,35.82894736842104,,35.82894736842104,,0.09086257309941491,0.0599146277063897,12.0
3,3,603,761,17,13,610.4166666666666,768.3095238095239,168,16,3.2,24.41666666666663,,4.690476190476147,,4.690476190476147,,0.13564814814814793,0.007843605669692553,12.0
4,4,977,625,2,8,977.4666666666667,628.2666666666667,15,16,3.2,181.4666666666667,,150.73333333333335,,150.73333333333335,,0.8809061488673141,0.2516416249304396,12.0
4,4,976,647,6,63,978.492,681.04,250,16,3.2,182.49199999999996,,97.96000000000004,,97.96000000000004,,0.8858834951456309,0.16353923205342244,12.0
4,4,978,714,5,29,979.8350515463917,726.979381443299,97,16,3.2,183.8350515463917,,52.02061855670104,,52.02061855670104,,0.8924031628465616,0.0868457738843089,12.0
4,4,979,744,6,21,981.1927710843373,754.4939759036145,83,16,3.2,185.19277108433732,,24.506024096385545,,24.506024096385545,,0.898994034389987,0.04091155942635316,12.0
1,1,144,183,3,5,145.0,184.69230769230768,13,17,3.4,7.0,,604.3076923076924,,604.3076923076924,,0.03482587064676617,0.9890469595870579,8.64
1,1,150,623,5,25,152.109756097561,634.890243902439,82,17,3.4,14.10975609756099,,154.109756097561,,154.109756097561,,0.07019779153015418,0.2522254600614746,8.64
1,1,152,700,3,9,152.86363636363637,703.6363636363636,22,17,3.4,14.863636363636374,,85.36363636363637,,85.36363636363637,,0.07394843962008146,0.13971135247730995,8.64
1,1,153,778,9,12,157.1830985915493,783.2253521126761,71,17,3.4,19.18309859154931,,5.774647887323908,,5.774647887323908,,0.09543830145049408,0.00945114220511278,8.64
2,2,375,635,2,8,375.46666666666664,638.2666666666667,15,17,3.4,4.46666666666664,,140.73333333333335,,140.73333333333335,,0.02363315696649016,0.23612975391498883,8.64
3,3,618,500,19,23,626.6747404844291,511.1418685121107,289,17,3.4,40.674740484429094,,261.8581314878893,,261.8581314878893,,0.22597078046905053,0.43788985198643693,12.0
3,3,599,627,2,14,599.4814814814815,633.2592592592592,27,17,3.4,13.481481481481524,,139.74074074074076,,139.74074074074076,,0.07489711934156403,0.2336801684627772,12.0
3,3,600,660,2,6,600.4545454545455,662.2727272727273,11,17,3.4,14.454545454545496,,110.72727272727275,,110.72727272727275,,0.08030303030303053,0.18516266342353302,12.0
3,3,600,698,3,17,601.3611111111111,705.3611111111111,36,17,3.4,15.361111111111086,,67.63888888888891,,67.63888888888891,,0.08533950617283936,0.11310850984764033,12.0
3,3,601,725,4,28,602.4556962025316,737.5443037974684,79,17,3.4,16.455696202531612,,35.45569620253161,,35.45569620253161,,0.09142053445850896,0.059290461877143166,12.0
3,3,602,757,18,17,610.0765306122449,767.3826530612245,196,17,3.4,24.076530612244937,,5.61734693877554,,5.61734693877554,,0.13375850340136075,0.009393556753805252,12.0
4,4,976,620,3,11,977.24,624.4,25,17,3.4,181.24,,154.60000000000002,,154.60000000000002,,0.8798058252427184,0.2580968280467446,12.0
4,4,976,643,9,122,979.1122244488978,703.9018036072144,499,17,3.4,183.1122244488978,,75.09819639278555,,75.09819639278555,,0.8888942934412514,0.1253726150129976,12.0
1,1,151,618,3,8,152.1,621.2,20,18,3.6,14.099999999999994,,167.79999999999995,,167.79999999999995,,0.07014925373134326,0.27463175122749584,8.64
1,1,151,630,4,11,152.42307692307693,634.5384615384615,26,18,3.6,14.423076923076934,,154.46153846153845,,154.46153846153845,,0.07175660160734793,0.2528012086113559,8.64
1,1,151,642,3,8,152.04761904761904,645.3333333333333,21,18,3.6,14.047619047619037,,143.66666666666674,,143.66666666666674,,0.06988865197820417,0.23513366066557567,8.64
1,1,152,723,4,4,153.0909090909091,724.5454545454545,11,18,3.6,15.090909090909093,,64.4545454545455,,64.4545454545455,,0.0750791497060154,0.1054902544264247,8.64
1,1,156,780,7,10,158.6530612244898,784.6122448979592,49,18,3.6,20.65306122448979,,4.387755102040842,,4.387755102040842,,0.10275154838054622,0.007181268579444913,8.64
3,3,619,501,17,21,626.7773279352227,510.87854251012146,247,18,3.6,40.77732793522273,,262.12145748987854,,262.12145748987854,,0.22654071075123738,0.4383301964713688,16.0
3,3,604,756,17,18,613.1578947368421,765.8708133971292,209,18,3.6,27.15789473684208,,7.1291866028708455,,7.1291866028708455,,0.150877192982456,0.011921716727208771,16.0
4,4,976,643,6,67,978.422641509434,679.2905660377359,265,18,3.6,182.42264150943402,,99.70943396226414,,99.70943396226414,,0.8855468034438544,0.16645982297539924,12.0
4,4,978,714,4,29,979.7560975609756,727.4146341463414,82,18,3.6,183.7560975609756,,51.58536585365857,,51.58536585365857,,0.8920198910726971,0.08611914165886239,12.0
4,4,979,745,6,20,981.2278481012659,754.9240506329114,79,18,3.6,185.22784810126586,,24.075949367088583,,24.075949367088583,,0.8991643111711936,0.04019357156442167,12.0
1,1,145,183,4,5,146.26666666666668,184.66666666666666,15,19,3.8,8.26666666666668,,604.3333333333334,,604.3333333333334,,0.04112769485903821,0.989088925259138,8.64
1,1,151,611,4,17,151.97727272727272,618.5227272727273,44,19,3.8,13.97727272727272,,170.47727272727275,,170.47727272727275,,0.0695386702849389,0.27901353965183756,8.64
1,1,151,632,4,17,152.26190476190476,639.9761904761905,42,19,3.8,14.26190476190476,,149.02380952380952,,149.02380952380952,,0.07095475005922766,0.24390148858233965,8.64
1,1,152,693,3,5,153.1,695.1,10,19,3.8,15.099999999999994,,93.89999999999998,,93.89999999999998,,0.0751243781094527,0.15368248772504087,8.64
1,1,153,780,9,10,157.8,784.3818181818182,55,19,3.8,19.80000000000001,,4.618181818181824,,4.618181818181824,,0.09850746268656722,0.00755839904776076,8.64
2,2,375,637,2,8,375.46666666666664,640.2666666666667,15,19,3.8,4.46666666666664,,138.73333333333335,,138.73333333333335,,0.02363315696649016,0.23277404921700226,8.64
3,3,621,498,13,22,627.2735426008969,508.31838565022423,223,19,3.8,41.27354260089692,,264.68161434977577,,264.68161434977577,,0.22929745889387176,0.44261139523373877,20.0
3,3,610,753,18,21,618.49,762.6366666666667,300,19,3.8,32.49000000000001,,10.363333333333344,,10.363333333333344,,0.18050000000000005,0.017329988851727998,20.0
4,4,976,607,3,6,976.6666666666666,609.4166666666667,12,19,3.8,180.66666666666663,,169.58333333333326,,169.58333333333326,,0.8770226537216826,0.28311074012242615,12.0
4,4,976,621,3,12,977.28,625.96,25,19,3.8,181.27999999999997,,153.03999999999996,,153.03999999999996,,0.8799999999999999,0.25549248747913184,12.0
4,4,976,643,6,68,978.3986013986014,679.2377622377622,286,19,3.8,182.3986013986014,,99.76223776223776,,99.76223776223776,,0.8854301038767057,0.1665479762307809,12.0
4,4,978,712,5,31,979.6481481481482,726.4074074074074,108,19,3.8,183.64814814814815,,52.59259259259261,,52.59259259259261,,0.8914958647968357,0.08780065541334325,12.0
4,4,979,745,6,20,981.2278481012659,754.9240506329114,79,19,3.8,185.22784810126586,,24.075949367088583,,24.075949367088583,,0.8991643111711936,0.04019357156442167,12.0
1,1,145,183,5,5,147.05263157894737,184.94736842105263,19,20,4.0,9.05263157894737,,604.0526315789474,,604.0526315789474,,0.04503796805446453,0.9886295115858387,8.64
1,1,151,633,4,14,152.33333333333334,639.8484848484849,33,20,4.0,14.333333333333343,,149.15151515151513,,149.15151515151513,,0.07131011608623554,0.24411049942964833,8.64
1,1,152,701,3,6,153.08333333333334,703.3333333333334,12,20,4.0,15.083333333333343,,85.66666666666663,,85.66666666666663,,0.07504145936981763,0.1402073104200763,8.64
1,1,153,781,8,9,157.2156862745098,784.1960784313726,51,20,4.0,19.215686274509807,,4.803921568627402,,4.803921568627402,,0.09560042922641696,0.007862392092679872,8.64
3,3,622,497,12,24,627.2723214285714,508.19642857142856,224,20,4.0,41.272321428571445,,264.80357142857144,,264.80357142857144,,0.2292906746031747,0.44281533683707597,20.0
3,3,611,742,18,28,619.9914772727273,756.1846590909091,352,20,4.0,33.99147727272725,,16.815340909090878,,16.815340909090878,,0.18884154040404028,0.028119299179081736,20.0
4,4,977,620,2,12,977.4782608695652,625.2608695652174,23,20,4.0,181.47826086956525,,153.73913043478262,,153.73913043478262,,0.8809624314056566,0.2566596501415403,12.0
4,4,976,644,6,67,978.4615384615385,680.3333333333333,273,20,4.0,182.46153846153845,,98.66666666666674,,98.66666666666674,,0.8857356235997013,0.16471897607122996,12.0
4,4,978,714,5,29,979.7075471698113,726.7830188679245,106,20,4.0,183.70754716981128,,52.21698113207549,,52.21698113207549,,0.8917842095621906,0.08717359120546826,12.0
4,4,979,745,6,19,981.2727272727273,754.961038961039,77,20,4.0,185.27272727272725,,24.03896103896102,,24.03896103896102,,0.8993821712268313,0.04013182143399169,12.0
1,1,149,540,3,4,149.9090909090909,541.3636363636364,11,21,4.2,11.909090909090907,,247.63636363636363,,247.63636363636363,,0.05924920850293983,0.4052968308287457,8.64
1,1,150,611,4,5,151.23076923076923,613.0,13,21,4.2,13.230769230769226,,176.0,,176.0,,0.06582472254114043,0.28805237315875615,8.64
1,1,152,636,3,9,152.6315789473684,639.5263157894738,19,21,4.2,14.63157894736841,,149.47368421052624,,149.47368421052624,,0.07279392511128563,0.24463778103195785,8.64
1,1,152,703,4,4,153.3846153846154,704.6153846153846,13,21,4.2,15.384615384615387,,84.38461538461536,,84.38461538461536,,0.07654037504783774,0.1381090268160644,8.64
1,1,151,780,11,10,156.23809523809524,783.9642857142857,84,21,4.2,18.23809523809524,,5.035714285714334,,5.035714285714334,,0.09073679222932955,0.008241758241758322,8.64
3,3,624,488,12,25,629.4663865546219,499.3151260504202,238,21,4.2,43.46638655462186,,273.6848739495798,,273.6848739495798,,0.2414799253034548,0.4576670132936117,18.0
3,3,616,719,12,22,621.6836734693877,729.1734693877551,196,21,4.2,35.68367346938771,,43.82653061224494,,43.82653061224494,,0.19824263038548728,0.07328851272950658,18.0
3,3,614,753,15,18,620.6281407035176,761.427135678392,199,21,4.2,34.6281407035176,,11.572864321607994,,11.572864321607994,,0.1923785594639867,0.019352615922421396,18.0
4,4,976,643,7,68,978.4035087719299,679.319298245614,285,21,4.2,182.40350877192986,,99.68070175438595,,99.68070175438595,,0.8854539260773294,0.16641185601733882,12.0
4,4,978,715,7,49,980.3837837837838,739.6756756756756,185,21,4.2,184.38378378378377,,39.32432432432438,,39.32432432432438,,0.8950669115717659,0.0656499571357669,12.0
1,1,145,183,5,5,146.64705882352942,184.8235294117647,17,22,4.4,8.64705882352942,,604.1764705882354,,604.1764705882354,,0.04302019315188766,0.9888321940887649,8.64
1,1,151,631,4,6,152.38888888888889,633.0555555555555,18,22,4.4,14.388888888888886,,155.94444444444446,,155.94444444444446,,0.07158651188501933,0.2552282233133297,8.64
1,1,152,712,4,4,153.0909090909091,713.5454545454545,11,22,4.4,15.090909090909093,,75.4545454545455,,75.4545454545455,,0.0750791497060154,0.12349352774884696,8.64
1,1,151,780,10,8,155.29310344827587,782.7413793103449,58,22,4.4,17.293103448275872,,6.2586206896551175,,6.2586206896551175,,0.08603534053868593,0.010243241717929816,8.64
3,3,624,481,12,24,629.6379310344828,491.87068965517244,232,22,4.4,43.63793103448279,,281.12931034482756,,281.12931034482756,,0.24243295019157104,0.47011590358666816,18.0
3,3,616,698,11,22,620.7346938775511,708.5408163265306,196,22,4.4,34.73469387755108,,64.4591836734694,,64.4591836734694,,0.19297052154195043,0.10779127704593544,18.0
3,3,614,753,16,18,620.7733990147783,761.6305418719212,203,22,4.4,34.773399014778306,,11.369458128078804,,11.369458128078804,,0.1931855500821017,0.019012471786084957,18.0
4,4,977,633,2,6,977.4545454545455,635.2727272727273,11,22,4.4,181.4545454545455,,143.72727272727275,,143.72727272727275,,0.8808473080317742,0.23994536348459558,12.0
4,4,976,644,6,67,978.4837398373984,679.719512195122,246,22,4.4,182.4837398373984,,99.28048780487802,,99.28048780487802,,0.8858433972689242,0.16574371920680805,12.0
4,4,978,715,7,49,980.3199999999999,738.7771428571428,175,22,4.4,184.31999999999994,,40.22285714285715,,40.22285714285715,,0.8947572815533977,0.06715001192463631,12.0
1,1,145,183,5,5,146.64705882352942,184.8235294117647,17,23,4.6,8.64705882352942,,604.1764705882354,,604.1764705882354,,0.04302019315188766,0.9888321940887649,8.64
1,1,149,515,2,12,149.47826086956522,520.2608695652174,23,23,4.6,11.478260869565219,,268.7391304347826,,268.7391304347826,,0.05710577547047373,0.43983491069522523,8.64
1,1,149,536,4,8,150.27272727272728,539.1363636363636,22,23,4.6,12.27272727272728,,249.86363636363637,,249.86363636363637,,0.061058344640434234,0.4089421217080792,8.64
1,1,150,561,4,7,151.05263157894737,563.6842105263158,19,23,4.6,13.05263157894737,,225.31578947368416,,225.31578947368416,,0.06493846556690233,0.36876561288655346,8.64
1,1,151,607,3,9,151.71428571428572,611.2857142857142,21,23,4.6,13.714285714285722,,177.71428571428578,,177.71428571428578,,0.0682302771855011,0.2908580780921208,8.64
1,1,151,631,4,7,152.05263157894737,633.7894736842105,19,23,4.6,14.05263157894737,,155.21052631578948,,155.21052631578948,,0.06991358994501179,0.2540270479800155,8.64
1,1,154,715,3,5,154.91666666666666,716.8333333333334,12,23,4.6,16.916666666666657,,72.16666666666663,,72.16666666666663,,0.08416252072968486,0.11811238406983082,8.64
1,1,153,776,7,3,156.05555555555554,776.9444444444445,18,23,4.6,18.055555555555543,,12.055555555555543,,12.055555555555543,,0.08982863460475395,0.01973086015639205,8.64
1,1,158,781,3,4,158.9090909090909,782.3636363636364,11,23,4.6,20.909090909090907,,6.636363636363626,,6.636363636363626,,0.1040253279059249,0.010861478946585313,8.64
1,1,152,783,5,7,154.04166666666666,786.0,24,23,4.6,16.041666666666657,,3.0,,3.0,,0.0798092868988391,0.004909983633387889,8.64
2,2,376,712,3,7,376.7692307692308,714.7692307692307,13,23,4.6,5.769230769230774,,64.23076923076928,,64.23076923076928,,0.03052503052503055,0.10776974703149209,12.0
3,3,624,480,12,25,629.5857740585774,491.40167364016736,239,23,4.6,43.585774058577385,,281.59832635983264,,281.59832635983264,,0.24214318921431882,0.47090021130406795,18.0
3,3,617,690,11,21,621.9086294416244,699.730964467005,197,23,4.6,35.908629441624385,,73.26903553299496,,73.26903553299496,,0.19949238578680215,0.12252347079096147,18.0
3,3,618,767,12,7,622.5079365079365,770.4920634920635,63,23,4.6,36.507936507936506,,2.507936507936506,,2.507936507936506,,0.20282186948853614,0.0041938737590911475,18.0
4,4,976,621,3,19,977.195652173913,629.4782608695652,46,23,4.6,181.195652173913,,149.52173913043475,,149.52173913043475,,0.8795905445335582,0.24961893010089276,12.0
4,4,976,644,7,98,978.7604166666666,693.34375,384,23,4.6,182.76041666666663,,85.65625,,85.65625,,0.887186488673139,0.14299874791318865,12.0
4,4,979,743,6,23,981.2446808510638,754.8936170212766,94,23,4.6,185.24468085106378,,24.106382978723445,,24.106382978723445,,0.8992460235488533,0.04024437892942145,12.0
1,1,143,178,4,3,144.5,178.8,10,24,4.8,6.5,,610.2,,610.2,,0.03233830845771144,0.9986906710310967,8.64
1,1,144,184,5,9,145.72222222222223,187.41666666666666,36,24,4.8,7.7222222222222285,,601.5833333333334,,601.5833333333334,,0.03841901603095636,0.9845881069285325,8.64
1,1,146,403,3,6,147.0,405.2142857142857,14,24,4.8,9.0,,383.7857142857143,,383.7857142857143,,0.04477611940298507,0.6281271919569792,8.64
1,1,149,544,4,6,150.5,546.375,16,24,4.8,12.5,,242.625,,242.625,,0.06218905472636816,0.3970949263502455,8.64
1,1,150,564,3,5,150.91666666666666,565.8333333333333,12,24,4.8,12.916666666666657,,223.16666666666674,,223.16666666666674,,0.06426202321724706,0.36524822695035475,8.64
1,1,153,689,3,5,153.84615384615384,691.0,13,24,4.8,15.84615384615384,,98.0,,98.0,,0.07883658629927283,0.16039279869067102,8.64
1,1,153,776,9,14,156.73333333333335,783.7066666666667,75,24,4.8,18.73333333333335,,5.293333333333294,,5.293333333333294,,0.09320066334991715,0.008663393344244343,8.64
3,3,620,465,13,24,625.646288209607,476.174672489083,229,24,4.8,39.64628820960695,,296.825327510917,,296.825327510917,,0.22025715672003862,0.49636342393129934,19.0
3,3,617,675,11,23,622.0050251256281,686.1658291457286,199,24,4.8,36.005025125628094,,86.8341708542714,,86.8341708542714,,0.20002791736460052,0.14520764356901572,19.0
4,4,977,615,2,9,977.4705882352941,618.7647058823529,17,24,4.8,181.47058823529414,,160.23529411764707,,160.23529411764707,,0.880925185608224,0.26750466463714034,12.0
4,4,975,643,7,67,978.1843971631206,677.7198581560283,282,24,4.8,182.1843971631206,,101.2801418439717,,101.2801418439717,,0.8843902774908766,0.16908203980629666,12.0
4,4,978,713,5,26,979.88,725.44,75,24,4.8,183.88,,53.559999999999945,,53.559999999999945,,0.892621359223301,0.08941569282136885,12.0
4,4,979,745,6,19,981.52,754.1466666666666,75,24,4.8,185.51999999999998,,24.853333333333353,,24.853333333333353,,0.9005825242718446,0.041491374513077384,12.0
1,1,144,183,5,8,146.09677419354838,186.06451612903226,31,25,5.0,8.096774193548384,,602.9354838709678,,602.9354838709678,,0.040282458674370074,0.9868011192650864,8.64
1,1,146,408,3,4,147.0,409.2,10,25,5.0,9.0,,379.8,,379.8,,0.04477611940298507,0.6216039279869068,8.64
1,1,150,564,3,6,151.14285714285714,566.4285714285714,14,25,5.0,13.142857142857139,,222.57142857142856,,222.57142857142856,,0.0653873489694385,0.3642740238484919,8.64
1,1,150,612,3,4,150.9090909090909,613.3636363636364,11,25,5.0,12.909090909090907,,175.63636363636363,,175.63636363636363,,0.06422433288104928,0.28745722362743636,8.64
1,1,151,631,3,9,152.13636363636363,634.590909090909,22,25,5.0,14.136363636363626,,154.409090909091,,154.409090909091,,0.07033016734509266,0.2527153697366465,8.64
1,1,153,689,3,5,153.92857142857142,690.8571428571429,14,25,5.0,15.928571428571416,,98.14285714285711,,98.14285714285711,,0.07924662402274336,0.16062660743511803,8.64
1,1,153,777,8,13,156.24615384615385,783.8,65,25,5.0,18.246153846153845,,5.2000000000000455,,5.2000000000000455,,0.09077688480673556,0.008510638297872415,8.64
3,3,618,457,12,24,623.4279475982532,468.16157205240177,229,25,5.0,37.42794759825324,,304.83842794759823,,304.83842794759823,,0.20793304221251802,0.5097632574374552,19.0
3,3,619,664,11,21,624.3048128342245,673.909090909091,187,25,5.0,38.30481283422455,,99.09090909090901,,99.09090909090901,,0.21280451574569195,0.16570386135603513,19.0
4,4,977,610,2,15,977.4827586206897,616.7586206896551,29,25,5.0,181.48275862068965,,162.24137931034488,,162.24137931034488,,0.8809842651489789,0.2708537217201083,12.0
4,4,976,643,6,66,978.3452380952381,678.0992063492063,252,25,5.0,182.34523809523807,,100.90079365079373,,100.90079365079373,,0.8851710587147479,0.16844873731351206,12.0
4,4,978,718,5,21,980.1780821917808,726.972602739726,73,25,5.0,184.17808219178085,,52.02739726027403,,52.02739726027403,,0.8940683601542759,0.08685709058476465,12.0
4,4,979,745,6,21,981.1914893617021,755.1702127659574,94,25,5.0,185.1914893617021,,23.829787234042556,,23.829787234042556,,0.8989878124354471,0.03978261641743332,12.0
1,1,150,546,3,7,150.66666666666666,548.6666666666667,12,26,5.2,12.666666666666657,,240.33333333333326,,240.33333333333326,,0.06301824212271968,0.3933442444080741,8.64
1,1,150,562,3,4,150.8,563.5,10,26,5.2,12.800000000000011,,225.5,,225.5,,0.06368159203980105,0.3690671031096563,8.64
1,1,150,612,3,4,151.0,613.2,10,26,5.2,13.0,,175.79999999999995,,175.79999999999995,,0.06467661691542288,0.28772504091653023,8.64
1,1,151,635,4,4,152.3,636.5,10,26,5.2,14.300000000000011,,152.5,,152.5,,0.07114427860696523,0.24959083469721768,8.64
1,1,153,689,3,6,153.78571428571428,691.0,14,26,5.2,15.785714285714278,,98.0,,98.0,,0.07853589196872775,0.16039279869067102,8.64
1,1,153,777,8,13,156.36764705882354,783.1029411764706,68,26,5.2,18.367647058823536,,5.897058823529392,,5.897058823529392,,0.09138132865086336,0.009651487436218317,8.64
2,2,376,709,3,6,376.61538461538464,711.6153846153846,13,26,5.2,5.615384615384642,,67.38461538461536,,67.38461538461536,,0.02971102971102985,0.11306143520908617,12.0
3,3,614,449,14,22,620.5,458.98198198198196,222,26,5.2,34.5,,314.01801801801804,,314.01801801801804,,0.19166666666666668,0.5251137425050469,19.0
3,3,623,648,12,22,628.3455497382199,658.2774869109948,191,26,5.2,42.345549738219916,,114.72251308900525,,114.72251308900525,,0.23525305410122174,0.19184366737291847,19.0
4,4,976,607,3,18,977.2777777777778,615.1111111111111,36,26,5.2,181.27777777777783,,163.8888888888889,,163.8888888888889,,0.8799892125134846,0.2736041550732703,12.0
4,4,976,642,6,67,978.2339622641509,676.7509433962264,265,26,5.2,182.23396226415093,,102.24905660377362,,102.24905660377362,,0.8846308847774317,0.17069959366239337,12.0
4,4,978,718,5,19,980.0483870967741,726.0967741935484,62,26,5.2,184.04838709677415,,52.90322580645159,,52.90322580645159,,0.8934387723144376,0.08831924174699764,12.0
4,4,979,742,6,24,981.1574074074074,753.8425925925926,108,26,5.2,185.1574074074074,,25.15740740740739,,25.15740740740739,,0.8988223660553757,0.04199901069684039,12.0
1,1,144,182,5,10,146.0263157894737,186.0,38,27,5.4,8.0263157894737,,603.0,,603.0,,0.03993191935061542,0.9869067103109657,8.64
1,1,149,541,4,23,150.77049180327867,552.1475409836066,61,27,5.4,12.770491803278674,,236.85245901639337,,236.85245901639337,,0.06353478509093867,0.38764723243272237,8.64
1,1,150,601,3,8,151.2941176470588,604.6470588235294,17,27,5.4,13.294117647058812,,184.3529411764706,,184.3529411764706,,0.06613988879133738,0.3017233079811303,8.64
1,1,153,681,3,11,153.76,685.3199999999999,25,27,5.4,15.759999999999991,,103.68000000000006,,103.68000000000006,,0.07840796019900494,0.16968903436988553,8.64
1,1,152,702,3,8,152.875,705.0,16,27,5.4,14.875,,84.0,,84.0,,0.0740049751243781,0.13747954173486088,8.64
1,1,153,777,8,11,156.10526315789474,782.140350877193,57,27,5.4,18.10526315789474,,6.8596491228070136,,6.8596491228070136,,0.09007593610892906,0.011226921641255341,8.64
3,3,614,448,14,23,620.4473684210526,458.64912280701753,228,27,5.4,34.4473684210526,,314.35087719298247,,314.35087719298247,,0.19137426900584778,0.5256703631989673,19.0
3,3,628,633,13,22,633.785,643.155,200,27,5.4,47.78499999999997,,129.84500000000003,,129.84500000000003,,0.26547222222222205,0.21713210702341143,19.0
4,4,976,602,3,23,977.02,613.48,50,27,5.4,181.01999999999998,,165.51999999999998,,165.51999999999998,,0.8787378640776699,0.27632721202003335,12.0
4,4,975,642,7,68,978.2537313432836,677.1641791044776,268,27,5.4,182.25373134328356,,101.83582089552237,,101.83582089552237,,0.8847268511809881,0.17000971768868509,12.0
4,4,978,717,5,21,979.7948717948718,726.3846153846154,78,27,5.4,183.79487179487182,,52.61538461538464,,52.61538461538464,,0.8922081155090865,0.08783870553486585,12.0
4,4,979,741,7,24,981.302752293578,753.1009174311927,109,27,5.4,185.302752293578,,25.89908256880733,,25.89908256880733,,0.899527923755233,0.04323719961403561,12.0
1,1,150,603,4,6,151.5,605.875,16,28,5.6,13.5,,183.125,,183.125,,0.06716417910447761,0.2997135842880524,8.64
1,1,151,625,4,16,152.3448275862069,632.844827586207,58,28,5.6,14.34482758620689,,156.15517241379303,,156.15517241379303,,0.07136730142391487,0.2555731136068626,8.64
1,1,152,681,4,10,153.68965517241378,684.8620689655172,29,28,5.6,15.68965517241378,,104.13793103448279,,104.13793103448279,,0.07805798593240686,0.17043851233139573,8.64
1,1,153,776,9,14,156.7,782.7,70,28,5.6,18.69999999999999,,6.2999999999999545,,6.2999999999999545,,0.09303482587064671,0.010310965630114492,8.64
2,2,375,652,3,9,375.77272727272725,656.2727272727273,22,28,5.6,4.772727272727252,,122.72727272727275,,122.72727272727275,,0.025252525252525145,0.20591824283099455,8.64
3,3,615,449,12,21,620.5238095238095,458.8095238095238,210,28,5.6,34.52380952380952,,314.1904761904762,,314.1904761904762,,0.19179894179894177,0.5254021340977862,20.0
3,3,636,619,12,20,641.1933701657458,628.1491712707182,181,28,5.6,55.19337016574582,,144.85082872928183,,144.85082872928183,,0.3066298342541434,0.24222546610247797,20.0
4,4,976,607,3,20,976.9811320754717,616.5283018867924,53,28,5.6,180.9811320754717,,162.4716981132076,,162.4716981132076,,0.8785491848323869,0.27123822723406943,12.0
4,4,976,644,6,65,978.356846473029,678.7344398340249,241,28,5.6,182.356846473029,,100.2655601659751,,100.2655601659751,,0.8852274100632476,0.16738824735555108,12.0
4,4,978,718,5,21,979.7894736842105,727.2105263157895,76,28,5.6,183.78947368421052,,51.78947368421052,,51.78947368421052,,0.8921819110884006,0.08645988928916615,12.0
4,4,979,744,6,19,981.4473684210526,753.3157894736842,76,28,5.6,185.4473684210526,,25.684210526315837,,25.684210526315837,,0.9002299437915174,0.04287848167999305,12.0
1,1,153,681,3,12,153.90625,686.1875,32,29,5.8,15.90625,,102.8125,,102.8125,,0.07913557213930349,0.16826923076923078,8.64
1,1,153,777,10,13,157.3896103896104,784.3376623376623,77,29,5.8,19.389610389610397,,4.662337662337677,,4.662337662337677,,0.09646572333139501,0.007630667205135315,8.64
3,3,615,447,12,22,620.5509259259259,457.2361111111111,216,29,5.8,34.55092592592587,,315.7638888888889,,315.7638888888889,,0.19194958847736593,0.5280332590115199,20.0
3,3,646,609,16,18,653.4202127659574,617.3510638297872,188,29,5.8,67.42021276595744,,155.64893617021278,,155.64893617021278,,0.3745567375886525,0.2602825019568776,20.0
4,4,976,606,3,18,976.9777777777778,614.6666666666667,45,29,5.8,180.97777777777776,,164.33333333333326,,164.33333333333326,,0.8785329018338727,0.27434613244296036,12.0
4,4,975,644,7,65,978.2933884297521,677.6735537190083,242,29,5.8,182.2933884297521,,101.32644628099172,,101.32644628099172,,0.8849193613094762,0.16915934270616315,12.0
4,4,978,718,5,21,979.9428571428572,727.2285714285714,70,29,5.8,183.94285714285718,,51.7714285714286,,51.7714285714286,,0.8929264909847436,0.08642976389220133,12.0
4,4,979,743,6,22,981.2222222222222,753.8181818181819,99,29,5.8,185.22222222222217,,25.18181818181813,,25.18181818181813,,0.8991370010787484,0.0420397632417665,12.0
1,1,151,704,4,4,152.5,705.3,10,30,6.0,14.5,,83.70000000000005,,83.70000000000005,,0.07213930348258707,0.13698854337152216,8.64
1,1,154,777,7,13,156.57999999999998,783.38,50,30,6.0,18.579999999999984,,5.6200000000000045,,5.6200000000000045,,0.09243781094527355,0.009198036006546652,8.64
2,2,376,708,3,7,376.6875,711.1875,16,30,6.0,5.6875,,67.8125,,67.8125,,0.03009259259259259,0.11377936241610738,12.0
3,3,614,446,13,23,620.2995391705069,456.7465437788018,217,30,6.0,34.29953917050693,,316.2534562211982,,316.2534562211982,,0.19055299539170517,0.5288519334802645,20.0
3,3,655,603,17,16,662.7540106951872,610.2245989304813,187,30,6.0,76.75401069518716,,162.7754010695187,,162.7754010695187,,0.42641117052881755,0.27219966734033224,20.0
4,4,976,608,3,15,977.2058823529412,614.3823529411765,34,30,6.0,181.20588235294122,,164.61764705882354,,164.61764705882354,,0.879640205596802,0.2748207797309241,12.0
4,4,976,644,6,65,978.2857142857142,678.1547619047619,252,30,6.0,182.28571428571422,,100.84523809523807,,100.84523809523807,,0.8848821081830788,0.16835599014230063,12.0
4,4,978,718,5,21,979.6142857142858,727.0857142857143,70,30,6.0,183.61428571428576,,51.91428571428571,,51.91428571428571,,0.8913314840499309,0.08666825661817314,12.0
4,4,979,743,6,22,981.2222222222222,753.8181818181819,99,30,6.0,185.22222222222217,,25.18181818181813,,25.18181818181813,,0.8991370010787484,0.0420397632417665,12.0
1,1,144,182,6,9,146.23529411764707,185.58823529411765,34,31,6.2,8.235294117647072,,603.4117647058823,,603.4117647058823,,0.040971612525607326,0.9875806296331953,8.64
1,1,153,781,7,9,156.25,785.1818181818181,44,31,6.2,18.25,,3.81818181818187,,3.81818181818187,,0.09079601990049752,0.006249070078857398,8.64
2,2,376,708,3,8,376.6666666666667,711.7222222222222,18,31,6.2,5.666666666666686,,67.27777777777783,,67.27777777777783,,0.029982363315696748,0.112882177479493,12.0
3,3,615,446,12,22,620.375,456.72596153846155,208,31,6.2,34.375,,316.27403846153845,,316.27403846153845,,0.1909722222222222,0.528886351942372,20.0
3,3,673,596,18,14,681.258064516129,602.4516129032259,186,31,6.2,95.25806451612902,,170.54838709677415,,170.54838709677415,,0.5292114695340502,0.285197971733736,20.0
4,4,976,608,3,6,977.0769230769231,610.1538461538462,13,31,6.2,181.0769230769231,,168.8461538461538,,168.8461538461538,,0.8790141896938014,0.2818800565044304,12.0
4,4,976,616,3,11,977.2916666666666,620.4166666666667,24,31,6.2,181.29166666666663,,158.58333333333326,,158.58333333333326,,0.8800566343042069,0.26474680022259306,12.0
4,4,976,644,6,66,978.3174603174604,677.5952380952381,252,31,6.2,182.31746031746036,,101.40476190476193,,101.40476190476193,,0.8850362151333027,0.16929008665235715,12.0
4,4,978,718,5,21,979.7375,727.5125,80,31,6.2,183.73749999999995,,51.487499999999955,,51.487499999999955,,0.8919296116504852,0.08595575959933215,12.0
4,4,979,743,6,22,981.11,753.97,100,31,6.2,185.11,,25.029999999999973,,25.029999999999973,,0.8985922330097088,0.04178631051752917,12.0
1,1,150,590,4,11,150.92,594.52,25,32,6.4,12.919999999999987,,194.48000000000002,,194.48000000000002,,0.06427860696517407,0.31829787234042556,8.64
1,1,152,618,2,6,152.45454545454547,620.2727272727273,11,32,6.4,14.454545454545467,,168.72727272727275,,168.72727272727275,,0.07191316146540033,0.27614938253236126,8.64
1,1,153,776,4,5,154.35714285714286,777.7857142857143,14,32,6.4,16.35714285714286,,11.214285714285666,,11.214285714285666,,0.08137882018479035,0.018353986439092744,8.64
1,1,158,784,5,6,159.6,786.6,25,32,6.4,21.599999999999994,,2.3999999999999773,,2.3999999999999773,,0.10746268656716415,0.003927986906710273,8.64
2,2,376,707,3,9,376.77272727272725,711.2727272727273,22,32,6.4,5.772727272727252,,67.72727272727275,,67.72727272727275,,0.030543530543530435,0.11363636363636367,12.0
3,3,612,436,14,23,618.4133333333333,446.8666666666667,225,32,6.4,32.4133333333333,,326.1333333333333,,326.1333333333333,,0.1800740740740739,0.5453734671125975,19.0
3,3,692,594,19,13,700.9444444444445,599.8055555555555,180,32,6.4,114.94444444444446,,173.19444444444446,,173.19444444444446,,0.6385802469135803,0.28962281679672985,19.0
4,4,976,608,3,6,977.0769230769231,610.1538461538462,13,32,6.4,181.0769230769231,,168.8461538461538,,168.8461538461538,,0.8790141896938014,0.2818800565044304,12.0
4,4,976,615,4,17,977.25,622.175,40,32,6.4,181.25,,156.82500000000005,,156.82500000000005,,0.8798543689320388,0.26181135225375635,12.0
4,4,976,644,6,66,978.3510204081633,677.4081632653061,245,32,6.4,182.35102040816332,,101.59183673469386,,101.59183673469386,,0.8851991281949676,0.16960239855541545,12.0
4,4,979,719,4,20,980.0714285714286,728.375,56,32,6.4,184.07142857142856,,50.625,,50.625,,0.8935506241331483,0.08451585976627712,12.0
4,4,979,743,6,22,981.156862745098,753.9313725490196,102,32,6.4,185.156862745098,,25.068627450980443,,25.068627450980443,,0.8988197220635826,0.04185079708010091,12.0
1,1,151,621,4,10,152.1304347826087,625.2173913043478,23,33,6.6,14.130434782608688,,163.78260869565224,,163.78260869565224,,0.07030067056024222,0.26805664270974183,8.64
1,1,151,635,3,4,151.8,636.5,10,33,6.6,13.800000000000011,,152.5,,152.5,,0.0686567164179105,0.24959083469721768,8.64
1,1,153,771,9,19,156.8659793814433,781.2474226804123,97,33,6.6,18.86597938144331,,7.752577319587658,,7.752577319587658,,0.09386059393752891,0.01268834258524985,8.64
2,2,376,707,3,9,376.77272727272725,711.2727272727273,22,33,6.6,5.772727272727252,,67.72727272727275,,67.72727272727275,,0.030543530543530435,0.11363636363636367,12.0
3,3,612,430,13,21,617.5837320574162,440.00956937799043,209,33,6.6,31.583732057416228,,332.99043062200957,,332.99043062200957,,0.17546517809675682,0.5568401849866381,19.0
3,3,711,595,20,12,720.5191256830601,600.6666666666667,183,33,6.6,134.5191256830601,,172.33333333333326,,172.33333333333326,,0.7473284760170006,0.28818283166109243,19.0
4,4,976,610,4,21,977.313725490196,619.2352941176471,51,33,6.6,181.31372549019602,,159.76470588235293,,159.76470588235293,,0.8801637159718253,0.26671904153982123,12.0
4,4,976,648,6,62,978.3930131004367,679.5152838427948,229,33,6.6,182.39301310043675,,99.48471615720518,,99.48471615720518,,0.8854029762157124,0.16608466804207878,12.0
4,4,979,718,4,21,980.0508474576271,727.8813559322034,59,33,6.6,184.05084745762713,,51.118644067796595,,51.118644067796595,,0.8934507158137239,0.08533997340199766,12.0
4,4,979,743,6,22,981.156862745098,753.9313725490196,102,33,6.6,185.156862745098,,25.068627450980443,,25.068627450980443,,0.8988197220635826,0.04185079708010091,12.0
1,1,153,690,2,7,153.36363636363637,692.7272727272727,11,34,6.8,15.363636363636374,,96.27272727272725,,96.27272727272725,,0.07643600180913619,0.15756583841690222,8.64
1,1,153,777,6,4,155.0,778.2941176470588,17,34,6.8,17.0,,10.705882352941217,,10.705882352941217,,0.0845771144278607,0.01752190237797253,8.64
1,1,154,783,7,7,156.83870967741936,785.258064516129,31,34,6.8,18.83870967741936,,3.741935483870975,,3.741935483870975,,0.09372492376825552,0.006124280660999959,8.64
2,2,376,696,2,6,376.45454545454544,698.2727272727273,11,34,6.8,5.454545454545439,,80.72727272727275,,80.72727272727275,,0.028860028860028777,0.13544844417327642,12.0
3,3,610,426,13,22,616.1980676328502,436.17874396135267,207,34,6.8,30.19806763285021,,336.82125603864733,,336.82125603864733,,0.1677670424047234,0.5632462475562664,20.0
3,3,724,598,20,12,733.0652173913044,603.266304347826,184,34,6.8,147.06521739130437,,169.733695652174,,169.733695652174,,0.8170289855072466,0.28383561145848496,20.0
4,4,976,609,4,22,977.2830188679245,618.8113207547169,53,34,6.8,181.2830188679245,,160.18867924528308,,160.18867924528308,,0.8800146546986627,0.26742684348127393,12.0
4,4,976,646,6,64,978.353711790393,679.703056768559,229,34,6.8,182.35371179039305,,99.29694323144099,,99.29694323144099,,0.8852121931572479,0.16577119070357427,12.0
4,4,979,722,4,17,980.0952380952381,728.8095238095239,42,34,6.8,184.09523809523807,,50.19047619047615,,50.19047619047615,,0.8936662043458159,0.08379044439144599,12.0
4,4,979,744,6,21,981.1758241758241,754.4835164835165,91,34,6.8,185.17582417582412,,24.516483516483504,,24.516483516483504,,0.8989117678438064,0.04092902089563189,12.0
1,1,150,559,2,9,150.47058823529412,562.7647058823529,17,35,7.0,12.470588235294116,,226.23529411764707,,226.23529411764707,,0.062042727538776696,0.3702705304707808,8.64
1,1,153,690,2,7,153.36363636363637,692.7272727272727,11,35,7.0,15.363636363636374,,96.27272727272725,,96.27272727272725,,0.07643600180913619,0.15756583841690222,8.64
1,1,153,777,6,4,155.0,778.2941176470588,17,35,7.0,17.0,,10.705882352941217,,10.705882352941217,,0.0845771144278607,0.01752190237797253,8.64
1,1,156,784,5,6,158.0,785.9047619047619,21,35,7.0,20.0,,3.0952380952380736,,3.0952380952380736,,0.09950248756218906,0.0050658561296858815,8.64
2,2,376,695,2,10,376.4736842105263,699.2631578947369,19,35,7.0,5.473684210526301,,79.73684210526312,,79.73684210526312,,0.028961292119186778,0.1337866478276227,12.0
3,3,609,419,12,23,614.1232227488151,430.0331753554502,211,35,7.0,28.123222748815124,,342.9668246445498,,342.9668246445498,,0.15624012638230625,0.5735231181346986,19.0
3,3,730,592,17,15,737.9550561797753,598.7359550561798,178,35,7.0,151.95505617977528,,174.26404494382018,,174.26404494382018,,0.8441947565543071,0.29141144639434813,19.0
4,4,976,608,3,16,977.1891891891892,614.9729729729729,37,35,7.0,181.18918918918916,,164.0270270270271,,164.0270270270271,,0.8795591708213066,0.27383476966114706,12.0
4,4,976,647,9,118,979.2691466083152,707.4245076586433,457,35,7.0,183.26914660831517,,71.57549234135672,,71.57549234135672,,0.8896560514966756,0.11949163996887599,12.0
1,1,147,432,2,7,147.46153846153845,434.7692307692308,13,36,7.2,9.461538461538453,,354.2307692307692,,354.2307692307692,,0.047072330654420166,0.579755759788493,8.64
1,1,150,570,3,5,151.08333333333334,571.8333333333333,12,36,7.2,13.083333333333343,,217.16666666666674,,217.16666666666674,,0.06509121061359872,0.35542825968357894,8.64
1,1,151,648,2,7,151.46153846153845,650.7692307692307,13,36,7.2,13.461538461538453,,138.23076923076928,,138.23076923076928,,0.06697282816685797,0.2262369381845651,8.64
1,1,152,682,4,4,153.1818181818182,683.5454545454545,11,36,7.2,15.181818181818187,,105.4545454545455,,105.4545454545455,,0.075531433740389,0.17259336408272585,8.64
1,1,157,709,3,4,158.0,710.5,10,36,7.2,20.0,,78.5,,78.5,,0.09950248756218906,0.12847790507364976,8.64
1,1,153,713,3,4,153.9090909090909,714.3636363636364,11,36,7.2,15.909090909090907,,74.63636363636363,,74.63636363636363,,0.07914970601537764,0.12215444130337745,8.64
2,2,376,706,2,10,376.4736842105263,710.2631578947369,19,36,7.2,5.473684210526301,,68.73684210526312,,68.73684210526312,,0.028961292119186778,0.11533027198869651,12.0
3,3,605,404,12,21,610.3004926108374,413.7044334975369,203,36,7.2,24.30049261083741,,359.2955665024631,,359.2955665024631,,0.1350027367268745,0.600828706525858,18.0
3,3,734,585,18,15,742.0449438202247,591.8483146067415,178,36,7.2,156.04494382022472,,181.1516853932585,,181.1516853932585,,0.8669163545568039,0.3029292397880577,18.0
4,4,976,617,3,17,977.1951219512196,624.9024390243902,41,36,7.2,181.19512195121956,,154.09756097560978,,154.09756097560978,,0.8795879706369881,0.25725803167881434,12.0
4,4,976,643,6,68,978.1417624521073,678.655172413793,261,36,7.2,182.1417624521073,,100.34482758620697,,100.34482758620697,,0.8841833128743072,0.16752058027747407,12.0
4,4,978,714,5,20,979.6760563380282,723.3661971830986,71,36,7.2,183.67605633802816,,55.63380281690138,,55.63380281690138,,0.8916313414467386,0.09287780102988544,12.0
4,4,979,736,6,27,981.1460674157304,750.0337078651686,89,36,7.2,185.14606741573039,,28.966292134831406,,28.966292134831406,,0.8987673175520893,0.048357749807731894,12.0
1,1,145,184,4,7,146.4736842105263,186.5263157894737,19,37,7.4,8.4736842105263,,602.4736842105262,,602.4736842105262,,0.04215763288819055,0.986045309673529,8.64
1,1,147,434,2,7,147.46153846153845,436.7692307692308,13,37,7.4,9.461538461538453,,352.2307692307692,,352.2307692307692,,0.047072330654420166,0.5764824373662344,8.64
1,1,150,573,3,4,150.9090909090909,574.3636363636364,11,37,7.4,12.909090909090907,,214.63636363636363,,214.63636363636363,,0.06422433288104928,0.35128701086147895,8.64
1,1,151,624,3,5,152.0,625.7272727272727,11,37,7.4,14.0,,163.27272727272725,,163.27272727272725,,0.06965174129353234,0.2672221395625651,8.64
1,1,154,778,9,9,157.6346153846154,782.1346153846154,52,37,7.4,19.634615384615387,,6.865384615384642,,6.865384615384642,,0.09768465365480292,0.011236308699483865,8.64
2,2,376,706,3,9,376.76190476190476,709.9047619047619,21,37,7.4,5.761904761904759,,69.09523809523807,,69.09523809523807,,0.030486268581506663,0.11593160754234576,12.0
3,3,602,390,12,21,607.2857142857143,399.92346938775506,196,37,7.4,21.285714285714334,,373.07653061224494,,373.07653061224494,,0.11825396825396853,0.623873797010443,17.0
3,3,735,582,18,15,743.3510638297872,589.1489361702128,188,37,7.4,157.35106382978722,,183.85106382978722,,183.85106382978722,,0.8741725768321512,0.30744325055148364,17.0
4,4,976,608,4,31,977.1351351351351,622.8378378378378,74,37,7.4,181.1351351351351,,156.1621621621622,,156.1621621621622,,0.8792967725006559,0.26070477823399363,12.0
4,4,976,645,6,66,978.1284046692607,678.7315175097276,257,37,7.4,182.1284046692607,,100.26848249027239,,100.26848249027239,,0.8841184692682559,0.16739312602716594,12.0
4,4,978,714,7,49,980.4852071005917,738.3431952662722,169,37,7.4,184.48520710059165,,40.65680473372777,,40.65680473372777,,0.8955592577698623,0.06787446533176589,12.0
1,1,144,183,6,7,146.38709677419354,185.4516129032258,31,38,7.6,8.387096774193537,,603.5483870967741,,603.5483870967741,,0.04172684962285342,0.9878042342009397,8.64
1,1,150,564,3,6,150.875,566.5,16,38,7.6,12.875,,222.5,,222.5,,0.0640547263681592,0.3641571194762684,8.64
1,1,151,626,3,14,151.9375,632.8125,32,38,7.6,13.9375,,156.1875,,156.1875,,0.0693407960199005,0.255626022913257,8.64
1,1,156,781,5,5,158.0,783.1111111111111,18,38,7.6,20.0,,5.888888888888914,,5.888888888888914,,0.09950248756218906,0.009638116021094786,8.64
2,2,376,707,3,5,376.6363636363636,709.0909090909091,11,38,7.6,5.636363636363626,,69.90909090909088,,69.90909090909088,,0.029822029822029767,0.11729713239780348,12.0
3,3,600,381,13,22,605.9,391.40869565217395,230,38,7.6,19.899999999999977,,381.59130434782605,,381.59130434782605,,0.11055555555555543,0.6381125490766322,12.0
3,3,736,568,17,20,743.8260869565217,577.104347826087,230,38,7.6,157.82608695652175,,195.89565217391305,,195.89565217391305,,0.8768115942028986,0.3275847026319616,12.0
3,3,598,578,2,11,598.4761904761905,582.7619047619048,21,38,7.6,12.476190476190482,,190.23809523809518,,190.23809523809518,,0.06931216931216934,0.3181239050804267,12.0
3,3,598,611,3,7,599.2666666666667,613.8666666666667,15,38,7.6,13.266666666666652,,159.13333333333333,,159.13333333333333,,0.07370370370370362,0.26610925306577476,12.0
3,3,599,624,2,11,599.4761904761905,628.7619047619048,21,38,7.6,13.476190476190482,,144.23809523809518,,144.23809523809518,,0.0748677248677249,0.2412008281573498,12.0
3,3,650,690,14,24,656.7132352941177,701.0367647058823,272,38,7.6,70.71323529411768,,71.96323529411768,,71.96323529411768,,0.39285130718954264,0.12033985835136736,12.0
3,3,601,698,2,10,601.4736842105264,702.2631578947369,19,38,7.6,15.473684210526358,,70.73684210526312,,70.73684210526312,,0.085964912280702,0.11828903362084134,12.0
3,3,601,722,4,23,602.171875,732.359375,64,38,7.6,16.171875,,40.640625,,40.640625,,0.08984375,0.06796091137123746,12.0
3,3,603,763,6,11,604.6744186046511,769.0232558139535,43,38,7.6,18.674418604651123,,3.976744186046517,,3.976744186046517,,0.10374677002583957,0.006650073889709895,12.0
4,4,976,627,3,6,977.0666666666666,629.3333333333333,15,38,7.6,181.0666666666666,,149.66666666666674,,149.66666666666674,,0.878964401294498,0.2498608792431832,12.0
4,4,976,646,6,65,978.2007722007722,680.1814671814672,259,38,7.6,182.20077220077224,,98.81853281853284,,98.81853281853284,,0.8844697679649137,0.16497250887901976,12.0
4,4,978,714,5,20,979.6760563380282,723.3661971830986,71,38,7.6,183.67605633802816,,55.63380281690138,,55.63380281690138,,0.8916313414467386,0.09287780102988544,12.0
4,4,979,736,6,26,981.0666666666666,749.6888888888889,90,38,7.6,185.0666666666666,,29.31111111111113,,29.31111111111113,,0.8983818770226534,0.04893340753107034,12.0
1,1,144,184,6,6,146.45833333333334,186.0,24,39,7.8,8.458333333333343,,603.0,,603.0,,0.0420812603648425,0.9869067103109657,8.64
1,1,150,561,3,7,150.89473684210526,564.0,19,39,7.8,12.89473684210526,,225.0,,225.0,,0.06415291961246398,0.36824877250409166,8.64
1,1,151,616,3,16,151.94871794871796,624.1282051282051,39,39,7.8,13.948717948717956,,164.87179487179492,,164.87179487179492,,0.06939660671003958,0.2698392714759328,8.64
1,1,152,694,4,5,153.0,696.1538461538462,13,39,7.8,15.0,,92.84615384615381,,92.84615384615381,,0.07462686567164178,0.15195769860254307,8.64
1,1,154,780,8,8,157.53333333333333,783.1111111111111,45,39,7.8,19.53333333333333,,5.888888888888914,,5.888888888888914,,0.09718076285240464,0.009638116021094786,8.64
2,2,376,706,3,9,376.7,709.8,20,39,7.8,5.699999999999989,,69.20000000000005,,69.20000000000005,,0.0301587301587301,0.11610738255033565,12.0
3,3,599,366,12,20,604.2736842105263,375.43684210526317,190,39,7.8,18.273684210526312,,397.56315789473683,,397.56315789473683,,0.10152046783625729,0.6648213342721352,12.0
3,3,738,561,15,19,744.9502262443439,569.89592760181,221,39,7.8,158.95022624434387,,203.10407239819006,,203.10407239819006,,0.883056812468577,0.33963891705382954,12.0
3,3,598,571,2,18,598.4857142857143,579.2571428571429,35,39,7.8,12.485714285714266,,193.74285714285713,,193.74285714285713,,0.06936507936507925,0.32398471094123266,12.0
3,3,598,608,3,13,599.0,613.7096774193549,31,39,7.8,13.0,,159.29032258064512,,159.29032258064512,,0.07222222222222222,0.2663717768907109,12.0
3,3,599,624,2,12,599.4782608695652,629.2608695652174,23,39,7.8,13.478260869565247,,143.73913043478262,,143.73913043478262,,0.07487922705314026,0.24036643885415154,12.0
3,3,601,699,2,16,601.483870967742,706.258064516129,31,39,7.8,15.48387096774195,,66.74193548387098,,66.74193548387098,,0.08602150537634416,0.11160858776567052,12.0
3,3,601,721,4,25,602.1866666666667,732.72,75,39,7.8,16.186666666666724,,40.27999999999997,,40.27999999999997,,0.08992592592592624,0.06735785953177253,12.0
3,3,602,749,19,25,611.0121951219512,762.0030487804878,328,39,7.8,25.01219512195121,,10.996951219512198,,10.996951219512198,,0.1389566395663956,0.018389550534301333,12.0
4,4,977,619,2,14,977.4814814814815,625.2592592592592,27,39,7.8,181.48148148148152,,153.74074074074076,,153.74074074074076,,0.8809780654440851,0.25666233846534353,12.0
4,4,976,642,7,92,978.4858757062148,687.0706214689266,354,39,7.8,182.48587570621476,,91.92937853107344,,91.92937853107344,,0.8858537655641493,0.15347141657942143,12.0
4,4,979,737,6,26,981.3186813186813,750.5824175824176,91,39,7.8,185.31868131868134,,28.417582417582366,,28.417582417582366,,0.8996052491198123,0.0474417068740941,12.0
1,1,142,252,3,5,143.0,254.0,13,40,8.0,5.0,,535.0,,535.0,,0.024875621890547265,0.8756137479541735,8.64
1,1,150,538,2,7,150.46153846153845,540.7692307692307,13,40,8.0,12.461538461538453,,248.23076923076928,,248.23076923076928,,0.06199770378874852,0.4062696714087877,8.64
1,1,149,555,3,6,150.1,557.4,10,40,8.0,12.099999999999994,,231.60000000000002,,231.60000000000002,,0.06019900497512435,0.37905073649754506,8.64
1,1,150,563,3,4,150.9090909090909,564.3636363636364,11,40,8.0,12.909090909090907,,224.63636363636363,,224.63636363636363,,0.06422433288104928,0.3676536229727719,8.64
1,1,152,698,4,5,153.0,700.1538461538462,13,40,8.0,15.0,,88.84615384615381,,88.84615384615381,,0.07462686567164178,0.14541105375802588,8.64
1,1,153,781,11,9,157.77941176470588,785.3676470588235,68,40,8.0,19.779411764705884,,3.632352941176464,,3.632352941176464,,0.09840503365525316,0.005944931163954933,8.64
2,2,376,707,3,5,376.7,708.9,10,40,8.0,5.699999999999989,,70.10000000000002,,70.10000000000002,,0.0301587301587301,0.11761744966442957,12.0
3,3,599,363,12,19,604.1584699453551,371.92349726775956,183,40,8.0,18.158469945355137,,401.07650273224044,,401.07650273224044,,0.10088038858530632,0.6706964928632784,12.0
3,3,743,547,14,21,749.4299065420561,556.4626168224299,214,40,8.0,163.42990654205607,,216.53738317757006,,216.53738317757006,,0.9079439252336449,0.36210264745413057,12.0
3,3,598,578,2,8,598.4666666666667,581.2666666666667,15,40,8.0,12.466666666666697,,191.73333333333335,,191.73333333333335,,0.06925925925925942,0.3206243032329989,12.0
3,3,598,609,3,11,599.24,613.56,25,40,8.0,13.240000000000009,,159.44000000000005,,159.44000000000005,,0.07355555555555561,0.2666220735785954,12.0
3,3,599,624,2,13,599.48,629.76,25,40,8.0,13.480000000000018,,143.24,,143.24,,0.07488888888888899,0.23953177257525085,12.0
3,3,599,659,3,7,599.8666666666667,661.8666666666667,15,40,8.0,13.866666666666674,,111.13333333333333,,111.13333333333333,,0.07703703703703708,0.1858416945373467,12.0
3,3,601,699,2,16,601.483870967742,706.258064516129,31,40,8.0,15.48387096774195,,66.74193548387098,,66.74193548387098,,0.08602150537634416,0.11160858776567052,12.0
3,3,601,721,20,53,608.8678414096917,756.0044052863436,454,40,8.0,22.867841409691664,,16.995594713656374,,16.995594713656374,,0.1270435633871759,0.028420726945913667,12.0
4,4,976,610,4,23,977.0943396226415,620.8301886792453,53,40,8.0,181.09433962264154,,158.16981132075466,,158.16981132075466,,0.8790987360322405,0.2640564462783884,12.0
4,4,976,643,7,91,978.4161676646706,686.9131736526947,334,40,8.0,182.41616766467064,,92.0868263473053,,92.0868263473053,,0.8855153770129642,0.1537342676916616,12.0
4,4,979,737,6,27,981.2095238095238,751.8380952380952,105,40,8.0,185.20952380952383,,27.161904761904793,,27.161904761904793,,0.8990753582986594,0.04534541696478263,12.0
1,1,142,253,3,6,143.06666666666666,255.33333333333331,15,41,8.2,5.066666666666663,,533.6666666666667,,533.6666666666667,,0.025207296849087873,0.8734315330060012,8.64
1,1,149,562,4,8,150.4736842105263,565.2105263157895,19,41,8.2,12.4736842105263,,223.78947368421052,,223.78947368421052,,0.06205813040062836,0.36626755103798775,8.64
1,1,151,626,3,9,151.77272727272728,629.909090909091,22,41,8.2,13.77272727272728,,159.090909090909,,159.090909090909,,0.0685210312075984,0.2603779199523879,8.64
1,1,158,708,3,4,158.9090909090909,709.3636363636364,11,41,8.2,20.909090909090907,,79.63636363636363,,79.63636363636363,,0.1040253279059249,0.13033774735902393,8.64
1,1,154,780,7,7,156.8,783.2,30,41,8.2,18.80000000000001,,5.7999999999999545,,5.7999999999999545,,0.09353233830845777,0.009492635024549844,8.64
2,2,376,706,3,8,376.72222222222223,709.2222222222222,18,41,8.2,5.7222222222222285,,69.77777777777783,,69.77777777777783,,0.030276308054085866,0.11707680835197622,12.0
3,3,599,362,11,20,603.9308510638298,371.5691489361702,188,41,8.2,17.930851063829778,,401.4308510638298,,401.4308510638298,,0.09961583924349876,0.671289048601722,12.0
3,3,746,534,13,20,751.9512195121952,543.1707317073171,205,41,8.2,165.95121951219517,,229.82926829268285,,229.82926829268285,,0.9219512195121954,0.38432988008809843,12.0
3,3,598,610,3,12,599.1428571428571,614.8571428571429,28,41,8.2,13.14285714285711,,158.1428571428571,,158.1428571428571,,0.07301587301587284,0.26445293836598177,12.0
3,3,599,624,2,12,599.4782608695652,629.2608695652174,23,41,8.2,13.478260869565247,,143.73913043478262,,143.73913043478262,,0.07487922705314026,0.24036643885415154,12.0
3,3,601,699,2,16,601.483870967742,706.258064516129,31,41,8.2,15.48387096774195,,66.74193548387098,,66.74193548387098,,0.08602150537634416,0.11160858776567052,12.0
3,3,601,721,4,32,602.2555555555556,736.0333333333333,90,41,8.2,16.25555555555559,,36.9666666666667,,36.9666666666667,,0.09030864197530883,0.06181716833890752,12.0
3,3,602,749,19,25,610.5994318181819,761.4801136363636,352,41,8.2,24.59943181818187,,11.519886363636374,,11.519886363636374,,0.13666351010101038,0.019264024019458818,12.0
4,4,976,610,3,22,977.0416666666666,620.2916666666667,48,41,8.2,181.04166666666663,,158.70833333333326,,158.70833333333326,,0.8788430420711972,0.26495548135781843,12.0
4,4,976,643,7,91,978.4782608695652,687.4927536231884,345,41,8.2,182.47826086956525,,91.50724637681162,,91.50724637681162,,0.8858168003376954,0.15276668844208952,12.0
4,4,979,737,6,29,981.034188034188,752.9230769230769,117,41,8.2,185.034188034188,,26.076923076923094,,26.076923076923094,,0.8982242137581942,0.04353409528701685,12.0
1,1,144,178,6,13,146.0,184.07692307692307,52,42,8.4,8.0,,604.9230769230769,,604.9230769230769,,0.03980099502487562,0.9900541357169835,8.64
1,1,142,242,2,8,142.42857142857142,245.42857142857144,14,42,8.4,4.428571428571416,,543.5714285714286,,543.5714285714286,,0.022032693674484658,0.889642272620996,8.64
1,1,151,626,3,8,151.73684210526315,629.3157894736842,19,42,8.4,13.73684210526315,,159.68421052631584,,159.68421052631584,,0.06834249803613508,0.2613489533982256,8.64
1,1,158,707,3,4,158.9090909090909,708.3636363636364,11,42,8.4,20.909090909090907,,80.63636363636363,,80.63636363636363,,0.1040253279059249,0.13197440857015325,8.64
2,2,376,707,2,6,376.45454545454544,709.2727272727273,11,42,8.4,5.454545454545439,,69.72727272727275,,69.72727272727275,,0.028860028860028777,0.11699206833435025,12.0
3,3,601,368,11,15,605.8409090909091,374.8560606060606,132,42,8.4,19.840909090909122,,398.1439393939394,,398.1439393939394,,0.1102272727272729,0.6657925407925408,12.0
3,3,748,525,13,20,753.563829787234,533.9521276595744,188,42,8.4,167.563829787234,,239.04787234042556,,239.04787234042556,,0.9309101654846333,0.39974560592044406,12.0
3,3,598,610,3,10,599.1304347826087,613.9565217391305,23,42,8.4,13.130434782608745,,159.0434782608695,,159.0434782608695,,0.07294685990338191,0.26595899374727344,12.0
3,3,599,625,2,11,599.4761904761905,629.7619047619048,21,42,8.4,13.476190476190482,,143.23809523809518,,143.23809523809518,,0.0748677248677249,0.23952858735467422,12.0
3,3,601,700,2,15,601.4827586206897,706.7586206896551,29,42,8.4,15.482758620689651,,66.24137931034488,,66.24137931034488,,0.08601532567049806,0.11077153730826904,12.0
3,3,601,721,4,17,602.156862745098,729.0588235294117,51,42,8.4,16.15686274509801,,43.94117647058829,,43.94117647058829,,0.08976034858387784,0.07348022821168611,12.0
3,3,602,749,19,25,610.6887052341598,761.4187327823691,363,42,8.4,24.688705234159784,,11.581267217630852,,11.581267217630852,,0.13715947352310992,0.01936666758801146,12.0
4,4,976,610,3,23,977.1041666666666,620.7708333333333,48,42,8.4,181.10416666666663,,158.22916666666674,,158.22916666666674,,0.8791464401294496,0.26415553700612143,12.0
4,4,976,648,7,86,978.5960912052117,690.8925081433224,307,42,8.4,182.59609120521168,,88.1074918566776,,88.1074918566776,,0.8863887922583091,0.14709097138009616,12.0
4,4,979,737,6,29,981.072072072072,753.4234234234234,111,42,8.4,185.07207207207205,,25.5765765765766,,25.5765765765766,,0.8984081168547187,0.042698792281430045,12.0
1,1,144,184,6,7,146.15625,186.5,32,43,8.6,8.15625,,602.5,,602.5,,0.04057835820895522,0.986088379705401,8.64
1,1,142,241,2,6,142.4,243.3,10,43,8.6,4.400000000000006,,545.7,,545.7,,0.02189054726368162,0.893126022913257,8.64
1,1,151,626,3,8,151.77777777777777,629.1111111111111,18,43,8.6,13.777777777777771,,159.8888888888889,,159.8888888888889,,0.06854615809839687,0.26168394253500643,8.64
1,1,153,689,3,4,154.0,690.2,10,43,8.6,16.0,,98.79999999999995,,98.79999999999995,,0.07960199004975124,0.1617021276595744,8.64
1,1,158,778,4,3,159.5,778.8,10,43,8.6,21.5,,10.200000000000045,,10.200000000000045,,0.10696517412935323,0.016693944353518897,8.64
1,1,155,783,7,4,157.55,784.15,20,43,8.6,19.55000000000001,,4.850000000000023,,4.850000000000023,,0.09726368159203985,0.007937806873977124,8.64
3,3,601,369,11,15,605.8085106382979,376.04964539007096,141,43,8.6,19.80851063829789,,396.95035460992904,,396.95035460992904,,0.11004728132387716,0.663796579615266,12.0
3,3,749,520,13,19,754.7428571428571,528.4742857142858,175,43,8.6,168.74285714285713,,244.52571428571423,,244.52571428571423,,0.9374603174603174,0.4089058767319636,12.0
3,3,598,578,2,9,598.4705882352941,581.7647058823529,17,43,8.6,12.470588235294144,,191.23529411764707,,191.23529411764707,,0.06928104575163413,0.3197914617351958,12.0
3,3,598,612,3,6,599.2307692307693,614.3076923076924,13,43,8.6,13.230769230769283,,158.69230769230762,,158.69230769230762,,0.0735042735042738,0.26537175199382546,12.0
3,3,601,699,2,16,601.483870967742,706.258064516129,31,43,8.6,15.48387096774195,,66.74193548387098,,66.74193548387098,,0.08602150537634416,0.11160858776567052,12.0
3,3,601,722,4,16,602.2083333333334,729.5416666666666,48,43,8.6,16.20833333333337,,43.45833333333337,,43.45833333333337,,0.09004629629629651,0.07267279821627654,12.0
3,3,602,749,19,25,610.7561643835617,761.6246575342466,365,43,8.6,24.756164383561668,,11.37534246575342,,11.37534246575342,,0.1375342465753426,0.01902231181564117,12.0
4,4,976,587,2,6,976.4545454545455,589.2727272727273,11,43,8.6,180.4545454545455,,189.72727272727275,,189.72727272727275,,0.8759929390997354,0.3167400212475338,12.0
4,4,976,610,3,24,977.0545454545454,621.2181818181818,55,43,8.6,181.0545454545454,,157.78181818181815,,157.78181818181815,,0.8789055604589583,0.263408711488845,12.0
4,4,976,641,9,124,979.2882483370288,704.1019955654102,451,43,8.6,183.2882483370288,,74.89800443458978,,74.89800443458978,,0.8897487783350913,0.12503840473220332,12.0
1,1,144,184,6,7,146.15625,186.5,32,44,8.8,8.15625,,602.5,,602.5,,0.04057835820895522,0.986088379705401,8.64
1,1,151,630,3,4,151.8,631.5,10,44,8.8,13.800000000000011,,157.5,,157.5,,0.0686567164179105,0.25777414075286414,8.64
1,1,154,782,7,5,156.57692307692307,783.9230769230769,26,44,8.8,18.576923076923066,,5.076923076923094,,5.076923076923094,,0.092422502870264,0.008309203071887225,8.64
2,2,376,705,2,10,376.4736842105263,709.2631578947369,19,44,8.8,5.473684210526301,,69.73684210526312,,69.73684210526312,,0.028961292119186778,0.1170081243376898,12.0
3,3,601,370,12,15,606.2534246575342,376.8424657534247,146,44,8.8,20.253424657534197,,396.1575342465753,,396.1575342465753,,0.11251902587518998,0.6624707930544738,12.0
3,3,750,514,12,16,755.2256097560976,521.0670731707316,164,44,8.8,169.22560975609758,,251.93292682926835,,251.93292682926835,,0.9401422764227644,0.4212925197813852,12.0
3,3,599,612,2,7,599.4615384615385,614.7692307692307,13,44,8.8,13.461538461538453,,158.23076923076928,,158.23076923076928,,0.07478632478632474,0.2645999485464369,12.0
3,3,599,648,3,10,599.7391304347826,651.9565217391305,23,44,8.8,13.739130434782624,,121.0434782608695,,121.0434782608695,,0.07632850241545902,0.2024138432456012,12.0
3,3,601,699,2,17,601.4848484848485,706.7575757575758,33,44,8.8,15.484848484848499,,66.24242424242425,,66.24242424242425,,0.0860269360269361,0.11077328468632817,12.0
3,3,601,724,4,20,602.3620689655172,732.6896551724138,58,44,8.8,16.36206896551721,,40.310344827586164,,40.310344827586164,,0.09090038314176228,0.06740860339061232,12.0
3,3,603,747,18,27,611.0282485875706,760.2796610169491,354,44,8.8,25.0282485875706,,12.720338983050851,,12.720338983050851,,0.13904582548650335,0.021271469871322495,12.0
4,4,976,610,3,23,977.0576923076924,620.7115384615385,52,44,8.8,181.05769230769238,,158.28846153846155,,158.28846153846155,,0.8789208364451087,0.2642545267753949,12.0
4,4,976,648,6,69,978.4166666666666,684.1416666666667,240,44,8.8,182.41666666666663,,94.85833333333335,,94.85833333333335,,0.8855177993527507,0.15836115748469673,12.0
4,4,978,719,7,46,980.6607142857142,742.077380952381,168,44,8.8,184.66071428571422,,36.92261904761904,,36.92261904761904,,0.8964112343966709,0.061640432466809746,12.0
1,1,144,184,4,5,145.5,185.77777777777777,18,45,9.0,7.5,,603.2222222222222,,603.2222222222222,,0.03731343283582089,0.9872704128023276,8.64
1,1,149,480,2,9,149.47058823529412,483.7647058823529,17,45,9.0,11.470588235294116,,305.2352941176471,,305.2352941176471,,0.057067603160667245,0.49956676614999523,8.64
1,1,153,691,2,6,153.45454545454547,693.2727272727273,11,45,9.0,15.454545454545467,,95.72727272727275,,95.72727272727275,,0.07688828584350979,0.15667311411992266,8.64
1,1,153,704,3,6,153.69230769230768,706.1538461538462,13,45,9.0,15.69230769230768,,82.84615384615381,,82.84615384615381,,0.07807118254879443,0.1355910864912501,8.64
1,1,159,725,2,9,159.4375,728.8125,16,45,9.0,21.4375,,60.1875,,60.1875,,0.10665422885572139,0.09850654664484451,8.64
1,1,152,776,10,11,157.0344827586207,780.9425287356322,87,45,9.0,19.034482758620697,,8.057471264367791,,8.057471264367791,,0.0946989191971179,0.013187350678179692,8.64
3,3,601,370,12,16,606.2986111111111,376.8611111111111,144,45,9.0,20.298611111111086,,396.1388888888889,,396.1388888888889,,0.11277006172839492,0.6624396135265701,12.0
3,3,743,509,14,17,749.6894736842105,516.6368421052632,190,45,9.0,163.6894736842105,,256.3631578947368,,256.3631578947368,,0.9093859649122805,0.42870093293434247,12.0
3,3,598,585,2,7,598.4615384615385,587.7692307692307,13,45,9.0,12.461538461538453,,185.23076923076928,,185.23076923076928,,0.06923076923076918,0.30975045021867775,12.0
3,3,598,607,3,11,598.8148148148148,611.9259259259259,27,45,9.0,12.814814814814781,,161.07407407407413,,161.07407407407413,,0.0711934156378599,0.2693546389198564,12.0
3,3,600,647,2,7,600.4615384615385,649.7692307692307,13,45,9.0,14.461538461538453,,123.23076923076928,,123.23076923076928,,0.08034188034188029,0.20607152045279145,12.0
3,3,600,698,3,18,601.3513513513514,705.8918918918919,37,45,9.0,15.351351351351354,,67.10810810810813,,67.10810810810813,,0.0852852852852853,0.11222091656874268,12.0
3,3,601,724,4,20,602.3666666666667,732.7166666666667,60,45,9.0,16.366666666666674,,40.2833333333333,,40.2833333333333,,0.09092592592592597,0.06736343366778144,12.0
3,3,602,747,19,27,611.0108108108108,760.2945945945946,370,45,9.0,25.010810810810767,,12.705405405405372,,12.705405405405372,,0.13894894894894871,0.0212464973334538,12.0
4,4,977,619,2,8,977.4666666666667,622.2666666666667,15,45,9.0,181.4666666666667,,156.73333333333335,,156.73333333333335,,0.8809061488673141,0.26165831942125767,12.0
4,4,976,647,6,63,978.4166666666666,681.2061403508771,228,45,9.0,182.41666666666663,,97.79385964912285,,97.79385964912285,,0.8855177993527507,0.1632618691972001,12.0
4,4,978,720,7,46,980.5482233502538,744.3654822335026,197,45,9.0,184.5482233502538,,34.634517766497424,,34.634517766497424,,0.895865161894436,0.05782056388396899,12.0
1,1,144,182,4,7,145.5909090909091,184.77272727272728,22,46,9.2,7.5909090909090935,,604.2272727272727,,604.2272727272727,,0.0377657168701945,0.9889153399791698,8.64
1,1,151,700,5,14,153.55555555555554,707.1111111111111,36,46,9.2,15.555555555555543,,81.88888888888891,,81.88888888888891,,0.07739082365948032,0.1340243680669213,8.64
1,1,153,723,3,5,154.0,725.0,13,46,9.2,16.0,,64.0,,64.0,,0.07960199004975124,0.10474631751227496,8.64
1,1,154,776,7,11,156.91304347826087,781.1304347826087,46,46,9.2,18.913043478260875,,7.869565217391255,,7.869565217391255,,0.09409474367293967,0.012879812139756554,8.64
2,2,376,707,2,8,376.46666666666664,710.2666666666667,15,46,9.2,5.46666666666664,,68.73333333333335,,68.73333333333335,,0.028924162257495452,0.11532438478747206,12.0
3,3,601,370,12,15,606.2127659574468,376.8510638297872,141,46,9.2,20.212765957446777,,396.1489361702128,,396.1489361702128,,0.11229314420803765,0.6624564150003558,12.0
3,3,735,510,17,16,743.2843601895735,517.3080568720379,211,46,9.2,157.28436018957348,,255.69194312796208,,255.69194312796208,,0.873802001053186,0.4275785002139834,12.0
3,3,598,584,3,5,598.6363636363636,586.090909090909,11,46,9.2,12.636363636363626,,186.909090909091,,186.909090909091,,0.07020202020202014,0.31255700820918225,12.0
3,3,598,610,3,18,599.3,617.6,40,46,9.2,13.299999999999955,,155.39999999999998,,155.39999999999998,,0.07388888888888864,0.2598662207357859,12.0
3,3,601,700,2,7,601.4615384615385,702.7692307692307,13,46,9.2,15.461538461538453,,70.23076923076928,,70.23076923076928,,0.08589743589743584,0.11744275791098542,12.0
3,3,601,724,4,19,602.1224489795918,732.5714285714286,49,46,9.2,16.12244897959181,,40.428571428571445,,40.428571428571445,,0.08956916099773227,0.06760630673674155,12.0
3,3,603,746,18,28,611.8231707317074,759.7591463414634,328,46,9.2,25.823170731707364,,13.240853658536594,,13.240853658536594,,0.14346205962059647,0.022141895750061192,12.0
4,4,977,619,2,12,977.4782608695652,624.2608695652174,23,46,9.2,181.47826086956525,,154.73913043478262,,154.73913043478262,,0.8809624314056566,0.2583290992233433,12.0
4,4,976,642,6,68,978.3347826086956,678.7565217391304,230,46,9.2,182.3347826086956,,100.24347826086955,,100.24347826086955,,0.8851203039257068,0.16735138273934816,12.0
4,4,978,720,7,46,980.5642458100558,742.9832402234637,179,46,9.2,184.5642458100558,,36.01675977653633,,36.01675977653633,,0.8959429408255136,0.06012814653845799,12.0
1,1,144,183,4,6,145.5,185.5,20,47,9.4,7.5,,603.5,,603.5,,0.03731343283582089,0.9877250409165302,8.64
1,1,149,492,2,9,149.47058823529412,495.7647058823529,17,47,9.4,11.470588235294116,,293.2352941176471,,293.2352941176471,,0.057067603160667245,0.47992683161644367,8.64
1,1,150,586,4,9,151.33333333333334,589.6190476190476,21,47,9.4,13.333333333333343,,199.3809523809524,,199.3809523809524,,0.06633499170812608,0.32631907099992213,8.64
1,1,151,626,3,5,151.91666666666666,628.0833333333333,12,47,9.4,13.916666666666657,,160.91666666666674,,160.91666666666674,,0.0692371475953565,0.26336606655755607,8.64
1,1,153,702,3,15,153.8125,708.625,32,47,9.4,15.8125,,80.375,,80.375,,0.07866915422885572,0.1315466448445172,8.64
1,1,154,774,8,13,157.5,780.48,50,47,9.4,19.5,,8.519999999999982,,8.519999999999982,,0.09701492537313433,0.013944353518821574,8.64
2,2,376,707,2,8,376.46666666666664,710.2666666666667,15,47,9.4,5.46666666666664,,68.73333333333335,,68.73333333333335,,0.028924162257495452,0.11532438478747206,12.0
3,3,602,371,10,13,606.2242990654206,376.68224299065423,107,47,9.4,20.22429906542061,,396.31775700934577,,396.31775700934577,,0.1123572170301145,0.662738724095896,17.0
3,3,726,508,18,14,734.5693069306931,514.3564356435643,202,47,9.4,148.56930693069307,,258.6435643564357,,258.6435643564357,,0.8253850385038504,0.43251432166628045,17.0
3,3,608,748,12,20,613.8275862068965,756.7988505747127,174,47,9.4,27.827586206896513,,16.201149425287326,,16.201149425287326,,0.15459770114942506,0.027092223119209575,17.0
4,4,977,619,2,13,977.48,624.76,25,47,9.4,181.48000000000002,,154.24,,154.24,,0.8809708737864078,0.2574958263772955,12.0
4,4,976,643,6,67,978.3514644351465,678.5439330543933,239,47,9.4,182.35146443514645,,100.45606694560672,,100.45606694560672,,0.8852012836657595,0.16770628872388435,12.0
4,4,978,719,7,45,980.5465838509317,739.2546583850932,161,47,9.4,184.5465838509317,,39.745341614906806,,39.745341614906806,,0.8958572031598627,0.06635282406495294,12.0
1,1,151,586,2,7,151.46153846153845,588.7692307692307,13,48,9.6,13.461538461538453,,200.23076923076928,,200.23076923076928,,0.06697282816685797,0.3277099332745815,8.64
1,1,154,771,3,4,154.8,772.5,10,48,9.6,16.80000000000001,,16.5,,16.5,,0.08358208955223886,0.027004909983633387,8.64
1,1,154,780,8,10,157.8840579710145,784.4492753623189,69,48,9.6,19.8840579710145,,4.550724637681128,,4.550724637681128,,0.09892566154733581,0.007447994497023123,8.64
3,3,602,370,10,14,606.2547169811321,376.3679245283019,106,48,9.6,20.254716981132106,,396.6320754716981,,396.6320754716981,,0.11252620545073391,0.6632643402536758,17.0
3,3,710,505,22,14,720.474358974359,510.9957264957265,234,48,9.6,134.474358974359,,262.0042735042735,,262.0042735042735,,0.7470797720797723,0.4381342366292199,17.0
3,3,609,750,13,20,614.9230769230769,759.4307692307692,195,48,9.6,28.923076923076906,,13.569230769230785,,13.569230769230785,,0.16068376068376058,0.022691021353228737,17.0
4,4,976,625,3,15,977.3870967741935,631.6129032258065,31,48,9.6,181.38709677419354,,147.38709677419354,,147.38709677419354,,0.8805198872533667,0.24605525337928805,12.0
4,4,976,650,6,70,978.4906367041199,684.4906367041199,267,48,9.6,182.49063670411988,,94.50936329588012,,94.50936329588012,,0.8858768772044654,0.1577785697760937,12.0
4,4,978,724,7,39,980.8086419753087,743.7962962962963,162,48,9.6,184.80864197530866,,35.203703703703695,,35.203703703703695,,0.8971293299772265,0.05877079082421318,12.0
1,1,151,585,3,8,151.625,588.4375,16,49,9.8,13.625,,200.5625,,200.5625,,0.06778606965174129,0.32825286415711946,8.64
1,1,151,596,3,4,151.9090909090909,597.3636363636364,11,49,9.8,13.909090909090907,,191.63636363636363,,191.63636363636363,,0.06919945725915874,0.3136438030055051,8.64
1,1,151,611,3,5,151.83333333333334,612.5833333333333,12,49,9.8,13.833333333333343,,176.41666666666674,,176.41666666666674,,0.06882255389718081,0.2887343153300601,8.64
1,1,150,626,6,5,152.1578947368421,627.7894736842105,19,49,9.8,14.15789473684211,,161.21052631578948,,161.21052631578948,,0.0704372872479707,0.26384701524679127,8.64
1,1,154,773,4,6,155.07692307692307,775.4615384615385,13,49,9.8,17.076923076923066,,13.538461538461547,,13.538461538461547,,0.08495981630309983,0.022157874858365872,8.64
1,1,154,783,8,7,158.13953488372093,786.2093023255813,43,49,9.8,20.139534883720927,,2.7906976744186522,,2.7906976744186522,,0.10019669096378571,0.004567426635709742,8.64
3,3,602,370,11,14,606.5172413793103,376.4396551724138,116,49,9.8,20.51724137931035,,396.5603448275862,,396.5603448275862,,0.11398467432950193,0.6631443893437897,17.0
3,3,696,502,24,14,707.015444015444,508.2200772200772,259,49,9.8,121.01544401544402,,264.7799227799228,,264.7799227799228,,0.6723080223080223,0.4427757906018776,17.0
3,3,609,749,13,19,615.145945945946,757.5675675675676,185,49,9.8,29.145945945945982,,15.432432432432392,,15.432432432432392,,0.16192192192192212,0.025806743198047478,17.0
4,4,976,608,3,36,977.109756097561,624.109756097561,82,49,9.8,181.109756097561,,154.890243902439,,154.890243902439,,0.879173573289131,0.2585813754631703,12.0
4,4,976,646,6,64,978.429718875502,679.0,249,49,9.8,182.42971887550198,,100.0,,100.0,,0.8855811595898154,0.1669449081803005,12.0
4,4,978,723,7,40,980.6265060240964,742.4277108433735,166,49,9.8,184.62650602409644,,36.57228915662654,,36.57228915662654,,0.8962451748742546,0.06105557455196417,12.0
