frame_index,time_s,x_px,y_px,bbox_x,bbox_y,bbox_w,bbox_h,x_from_left_px,x_from_left_mm,y_from_base_px,y_from_base_mm,distance_from_base_px,distance_from_base_mm,relative_x,relative_height,detected,internal_track_id,display_id,physical_vial_index,assay_tube_index,label,dt_s,dx_px,dy_px,displacement_px,speed_px_s_raw,vertical_velocity_px_s_raw,height_px_smoothed,speed_px_s_smoothed,vertical_velocity_px_s_smoothed,height_mm_smoothed,vertical_velocity_mm_s_raw,vertical_velocity_mm_s_smoothed,displacement_mm,speed_mm_s_raw,speed_mm_s_smoothed
0,0.0,155.88732394366198,782.1971830985915,153,772,8,18,17.887323943661983,,6.802816901408505,,6.802816901408505,,0.08899166141125364,0.011133906548950091,True,1,1,1,1,"fly (1,1)",,,,,,,8.200650874946689,7.441340185893945,6.989169867690919,,,,,,
1,0.2,156.9090909090909,779.4015151515151,153,770,10,20,18.909090909090907,,9.598484848484873,,9.598484848484873,,0.094075079149706,0.015709467837127452,True,1,1,1,1,"fly (1,1)",0.2,1.0217669654289239,-2.7956679470763675,2.976536074357578,14.88268037178789,13.978339735381837,7.204474320671541,12.275859620993858,-2.651159482145431,,,,,,
2,0.4,157.06060606060606,783.7878787878788,152,780,10,8,19.060606060606062,,5.212121212121247,,5.212121212121247,,0.094828885873662,0.008530476615583055,True,1,1,1,1,"fly (1,1)",0.2,0.15151515151515582,4.386363636363626,4.388979698238737,21.944898491193683,-21.93181818181813,7.183782267115627,16.588151364930454,-0.10346026777957167,,,,,,
3,0.6,159.14814814814815,782.2592592592592,155,777,9,11,21.148148148148152,,6.740740740740762,,6.740740740740762,,0.10521466740372215,0.011032308904649365,True,1,1,1,1,"fly (1,1)",0.19999999999999996,2.08754208754209,-1.5286195286195152,2.5873750463619563,12.936875231809784,7.643097643097578,4.936668270001633,18.59085967136106,-11.235569985569969,,,,,,
4,0.8,157.60714285714286,786.1428571428571,155,784,6,6,19.60714285714286,,2.8571428571428896,,2.8571428571428896,,0.09754797441364607,0.004676174888940899,True,1,1,1,1,"fly (1,1)",0.20000000000000007,-1.5410052910052912,3.883597883597872,4.178161058215943,20.89080529107971,-19.417989417989354,4.557018109863672,14.11451642153986,-1.898250800689801,,,,,,
5,1.0,156.41463414634146,784.9268292682926,153,781,8,9,18.414634146341456,,4.073170731707364,,4.073170731707364,,0.09161509525543013,0.006666400542892577,True,1,1,1,1,"fly (1,1)",0.19999999999999996,-1.1925087108014054,-1.2160278745644746,1.7031737483460174,8.515868741730088,6.080139372822375,4.846977685958943,16.121152551468622,1.449797880476357,,,,,,
6,1.2,157.7787610619469,781.3893805309734,151,775,13,15,19.77876106194691,,7.610619469026574,,7.610619469026574,,0.09840179632809408,0.012456005677621234,True,1,1,1,1,"fly (1,1)",0.19999999999999996,1.3641269156054534,-3.5374487373192096,3.791356724319214,18.956783621596074,17.68724368659605,6.137490790425507,10.65102666364396,6.452565522332825,,,,,,
7,1.4,157.6201550387597,782.2713178294574,153,775,11,15,19.62015503875969,,6.728682170542584,,6.728682170542584,,0.09761271163562035,0.011012573110544327,True,1,1,1,1,"fly (1,1)",0.19999999999999996,-0.15860602318721817,0.8819372984839902,0.8960855255211431,4.4804276276057164,-4.409686492419952,7.070243403665927,10.59428263677128,4.663763066202098,,,,,,
8,1.6,155.95714285714286,782.1285714285714,151,776,10,14,17.957142857142856,,6.871428571428623,,6.871428571428623,,0.08933901918976545,0.011246200607902821,True,1,1,1,1,"fly (1,1)",0.20000000000000018,-1.6630121816168355,-0.14274640088603974,1.6691273322224116,8.345636661112051,0.713732004430198,8.505592469545945,12.748115981402307,7.1767453294000925,,,,,,
9,1.8,155.33333333333334,777.0833333333334,154,776,4,4,17.333333333333343,,11.916666666666629,,11.916666666666629,,0.0862354892205639,0.019503546099290718,True,1,1,1,1,"fly (1,1)",0.19999999999999996,-0.6238095238095127,-5.045238095238005,5.083656731097829,25.41828365548915,25.226190476190034,9.733962780514503,14.515656099409208,6.141851554842788,,,,,,
10,2.0,156.58620689655172,778.5862068965517,154,776,7,7,18.586206896551715,,10.413793103448256,,10.413793103448256,,0.09246869102762048,0.017043851233139534,True,1,1,1,1,"fly (1,1)",0.19999999999999996,1.2528735632183725,1.5028735632183725,1.9566095963252834,9.783047981626419,-7.514367816091864,10.231365377917086,15.309363784050788,2.487012987012921,,,,,,
11,2.2,157.21818181818182,780.6363636363636,154,776,7,11,19.21818181818182,,8.363636363636374,,8.363636363636374,,0.09561284486657622,0.013688439220354131,True,1,1,1,1,"fly (1,1)",0.20000000000000018,0.6319749216301034,2.0501567398118823,2.1453519430073613,10.726759715036797,-10.250783699059403,7.9612708152693585,12.270625449395558,-11.350472813238644,,,,,,
12,2.4,157.36170212765958,783.8936170212766,154,780,7,9,19.361702127659584,,5.106382978723445,,5.106382978723445,,0.09632687625701285,0.008357418950447537,True,1,1,1,1,"fly (1,1)",0.19999999999999973,0.14352030947776484,3.2572533849129286,3.260413730304687,16.302068651523456,-16.286266924564664,6.707955165402002,11.73198615034081,-6.266578249336788,,,,,,
13,2.6,157.8846153846154,782.3461538461538,156,780,5,6,19.884615384615387,,6.653846153846189,,6.653846153846189,,0.09892843474933029,0.010890091904821913,True,1,1,1,1,"fly (1,1)",0.20000000000000018,0.5229132569558033,-1.5474631751227435,1.633426016892436,8.167130084462173,7.73731587561371,6.164520821967661,8.970667570019954,-2.71717171717172,,,,,,
14,2.8,158.36666666666667,782.2666666666667,156,780,6,6,20.366666666666674,,6.7333333333333485,,6.7333333333333485,,0.10132669983416256,0.01102018548827062,True,1,1,1,1,"fly (1,1)",0.19999999999999973,0.48205128205128744,-0.07948717948715966,0.48856079481484577,2.442803974074232,0.3974358974357989,6.9485042735043026,6.176629838587492,3.919917257683205,,,,,,
15,3.0,156.95833333333334,781.5416666666666,153,778,8,9,18.958333333333343,,7.458333333333371,,7.458333333333371,,0.09432006633499175,0.012206764866339396,True,1,1,1,1,"fly (1,1)",0.20000000000000018,-1.4083333333333314,-0.7250000000000227,1.5839910914452155,7.919955457226071,3.6250000000001106,6.6870772946859915,6.607413099303122,-1.3071348940915561,,,,,,
16,3.2,157.9855072463768,783.1304347826087,154,777,9,13,19.985507246376812,,5.869565217391255,,5.869565217391255,,0.0994303843103324,0.009606489717497961,True,1,1,1,1,"fly (1,1)",0.20000000000000018,1.0271739130434696,1.5887681159421163,1.8918959733218144,9.459479866609064,-7.9438405797105744,6.367515479349511,7.139816878654429,-1.5978090766824005,,,,,,
17,3.4,157.1830985915493,783.2253521126761,153,778,9,12,19.18309859154931,,5.774647887323908,,5.774647887323908,,0.09543830145049408,0.00945114220511278,True,1,1,1,1,"fly (1,1)",0.19999999999999973,-0.8024086548275022,0.09491733006734648,0.8080030624256291,4.040015312128151,-0.47458665033673303,5.343989402252002,7.8680911432606715,-5.117630385487545,,,,,,
18,3.6,158.6530612244898,784.6122448979592,156,780,7,10,20.65306122448979,,4.387755102040842,,4.387755102040842,,0.10275154838054622,0.007181268579444913,True,1,1,1,1,"fly (1,1)",0.20000000000000018,1.4699626329404794,1.3868927852830666,2.020955650208962,10.1047782510448,-6.934463926415327,4.926861602515525,6.187655349344844,-2.085638998682383,,,,,,
19,3.8,157.8,784.3818181818182,153,780,9,10,19.80000000000001,,4.618181818181824,,4.618181818181824,,0.09850746268656722,0.00755839904776076,True,1,1,1,1,"fly (1,1)",0.19999999999999973,-0.8530612244897782,-0.23042671614098253,0.8836344969723153,4.418172484861582,1.1521335807049142,4.603286162950023,5.862857924971408,-1.6178771978275097,,,,,,
20,4.0,157.2156862745098,784.1960784313726,153,781,8,9,19.215686274509807,,4.803921568627402,,4.803921568627402,,0.09560042922641696,0.007862392092679872,True,1,1,1,1,"fly (1,1)",0.20000000000000018,-0.5843137254902047,-0.18573975044557756,0.6131246078015689,3.0656230390078414,0.928698752227887,4.819272557507854,4.1690902203647555,1.079931972789153,,,,,,
21,4.2,156.23809523809524,783.9642857142857,151,780,11,10,18.23809523809524,,5.035714285714334,,5.035714285714334,,0.09073679222932955,0.008241758241758322,True,1,1,1,1,"fly (1,1)",0.20000000000000018,-0.9775910364145659,-0.2317927170869325,1.0046950274449693,5.023475137224842,1.1589635854346614,5.366085514665618,5.272166665473343,2.7340647857888185,,,,,,
22,4.4,155.29310344827587,782.7413793103449,151,780,10,8,17.293103448275872,,6.2586206896551175,,6.2586206896551175,,0.08603534053868593,0.010243241717929816,True,1,1,1,1,"fly (1,1)",0.20000000000000018,-0.9449917898193689,-1.222906403940783,1.5454803640374704,7.727401820187345,6.11453201970391,4.76477832512315,10.068057931039945,-3.006535947712359,,,,,,
23,4.6,154.04166666666666,786.0,152,783,5,7,16.041666666666657,,3.0,,3.0,,0.0798092868988391,0.004909983633387889,True,1,1,1,1,"fly (1,1)",0.1999999999999993,-1.2514367816092147,3.2586206896551175,3.490659367141518,17.45329683570765,-16.293103448275644,4.850651340996137,14.28717085563301,0.4293650793649064,,,,,,
24,4.8,156.73333333333335,783.7066666666667,153,776,9,14,18.73333333333335,,5.293333333333294,,5.293333333333294,,0.09320066334991715,0.008663393344244343,True,1,1,1,1,"fly (1,1)",0.20000000000000018,2.6916666666666913,-2.293333333333294,3.53616278220081,17.680813911004034,11.466666666666459,4.49777777777778,12.538102376418905,-1.7643678160918108,,,,,,
25,5.0,156.24615384615385,783.8,153,777,8,13,18.246153846153845,,5.2000000000000455,,5.2000000000000455,,0.09077688480673556,0.008510638297872415,True,1,1,1,1,"fly (1,1)",0.20000000000000018,-0.4871794871795032,0.09333333333324845,0.4960392765090069,2.4801963825450324,-0.46666666666624185,5.463464052287577,7.899615739362282,4.82843137254898,,,,,,
26,5.2,156.36764705882354,783.1029411764706,153,777,8,13,18.367647058823536,,5.897058823529392,,5.897058823529392,,0.09138132865086336,0.009651487436218317,True,1,1,1,1,"fly (1,1)",0.20000000000000018,0.12149321266969082,-0.6970588235293462,0.707567384907557,3.537836924537782,3.485294117646728,5.985569315445484,3.6688612290092846,2.6105263157895293,,,,,,
27,5.4,156.10526315789474,782.140350877193,153,777,8,11,18.10526315789474,,6.8596491228070136,,6.8596491228070136,,0.09007593610892906,0.011226921641255341,True,1,1,1,1,"fly (1,1)",0.20000000000000018,-0.26238390092879627,-0.9625902992776219,0.9977100759890088,4.98855037994504,4.812951496388105,6.35223598211212,4.203214301717527,1.833333333333175,,,,,,
28,5.6,156.7,782.7,153,776,9,14,18.69999999999999,,6.2999999999999545,,6.2999999999999545,,0.09303482587064671,0.010310965630114492,True,1,1,1,1,"fly (1,1)",0.1999999999999993,0.5947368421052488,0.559649122807059,0.8166511201339495,4.083255600669762,-2.798245614035305,5.940662261714881,5.9854947986027085,-2.0578686019861947,,,,,,
29,5.8,157.3896103896104,784.3376623376623,153,777,10,13,19.389610389610397,,4.662337662337677,,4.662337662337677,,0.09646572333139501,0.007630667205135315,True,1,1,1,1,"fly (1,1)",0.20000000000000018,0.689610389610408,1.6376623376622774,1.776935683038667,8.884678415193326,-8.18831168831138,5.527445887445879,6.412691279583268,-2.066081871345019,,,,,,
30,6.0,156.57999999999998,783.38,154,777,7,13,18.579999999999984,,5.6200000000000045,,5.6200000000000045,,0.09243781094527355,0.009198036006546652,True,1,1,1,1,"fly (1,1)",0.20000000000000018,-0.8096103896104125,-0.9576623376623274,1.2540279645773444,6.2701398228867165,4.788311688311633,4.7001731601731835,8.104586754195306,-4.136363636363472,,,,,,
31,6.2,156.25,785.1818181818181,153,781,7,9,18.25,,3.81818181818187,,3.81818181818187,,0.09079601990049752,0.006249070078857398,True,1,1,1,1,"fly (1,1)",0.20000000000000018,-0.3299999999999841,1.8018181818181347,1.831788404901177,9.158942024505876,-9.009090909090665,3.9460606060606174,11.206061833793726,-3.770562770562831,,,,,,
32,6.4,159.6,786.6,158,784,5,6,21.599999999999994,,2.3999999999999773,,2.3999999999999773,,0.10746268656716415,0.003927986906710273,True,1,1,1,1,"fly (1,1)",0.20000000000000018,3.3499999999999943,1.4181818181818926,3.63782073079772,18.189103653988585,-7.090909090909457,4.656919712589835,19.133354735576845,3.5542955326461247,,,,,,
33,6.6,156.8659793814433,781.2474226804123,153,771,9,19,18.86597938144331,,7.752577319587658,,7.752577319587658,,0.09386059393752891,0.01268834258524985,True,1,1,1,1,"fly (1,1)",0.1999999999999993,-2.734020618556684,-5.352577319587681,6.010403705647193,30.052018528236072,26.7628865979385,6.95281989084295,21.90271839385529,11.479500891265607,,,,,,
34,6.8,155.0,778.2941176470588,153,777,6,4,17.0,,10.705882352941217,,10.705882352941217,,0.0845771144278607,0.01752190237797253,True,1,1,1,1,"fly (1,1)",0.20000000000000018,-1.86597938144331,-2.9533050333535584,3.4934065998682464,17.467032999341217,14.76652516676778,9.721447341823364,15.839683842525766,13.843137254902091,,,,,,
35,7.0,155.0,778.2941176470588,153,777,6,4,17.0,,10.705882352941217,,10.705882352941217,,0.0845771144278607,0.01752190237797253,True,1,1,1,1,"fly (1,1)",0.20000000000000018,0.0,0.0,0.0,0.0,0.0,32.016042780748684,112.38865806121561,111.47297719462652,,,,,,
36,7.2,153.9090909090909,714.3636363636364,153,713,3,4,15.909090909090907,,74.63636363636363,,74.63636363636363,,0.07914970601537764,0.12215444130337745,True,1,1,1,1,"fly (1,1)",0.20000000000000018,-1.0909090909090935,-63.93048128342241,63.939788236861176,319.6989411843056,319.65240641711176,99.99286987522282,339.95321234163663,339.8841354723704,,,,,,
37,7.4,150.9090909090909,574.3636363636364,150,573,3,4,12.909090909090907,,214.63636363636363,,214.63636363636363,,0.06422433288104928,0.35128701086147895,True,1,1,1,1,"fly (1,1)",0.20000000000000018,-3.0,-140.0,140.03213916812098,700.1606958406043,699.9999999999994,297.42424242424244,663.6108281743522,663.5204991087345,,,,,,
39,7.8,146.45833333333334,186.0,144,184,6,6,8.458333333333343,,603.0,,603.0,,0.0420812603648425,0.9869067103109657,True,1,1,1,1,"fly (1,1)",0.39999999999999947,-4.450757575757564,-388.3636363636364,388.389138999258,970.9728474981464,970.9090909090922,408.8181818181818,835.5667716693754,835.4545454545458,,,,,,
0,0.0,152.24137931034483,632.8275862068965,151,624,4,18,14.241379310344826,,156.1724137931035,,156.1724137931035,,0.07085263338480013,0.25560133190360634,True,2,2,1,1,"fly (1,2)",,,,,,,155.5147783251232,3.290638960174591,-3.2881773399014946,,,,,,
1,0.2,152.1904761904762,634.1428571428571,151,631,4,8,14.190476190476204,,154.8571428571429,,154.8571428571429,,0.07059938403221992,0.2534486789805939,True,2,2,1,1,"fly (1,2)",0.2,-0.050903119868621616,1.3152709359605979,1.3162555840698364,6.581277920349182,-6.576354679802989,156.9155125941073,3.816129189870591,-0.5721721349567966,,,,,,
6,1.2,151.9245283018868,629.2830188679245,151,620,3,19,13.924528301886795,,159.7169811320755,,159.7169811320755,,0.06927626020839202,0.2614025877775376,True,2,2,1,1,"fly (1,2)",1.0,-0.2659478885894089,-4.859838274932599,4.867109649262591,4.867109649262591,4.859838274932599,159.33240030409843,10.009408440923101,5.604654183378899,,,,,,
7,1.4,151.65384615384616,625.5769230769231,151,620,3,12,13.65384615384616,,163.4230769230769,,163.4230769230769,,0.06792958285495602,0.2674682110033992,True,2,2,1,1,"fly (1,2)",0.19999999999999996,-0.27068214804063473,-3.7060957910014167,3.7159675506315053,18.57983775315753,18.530478955007087,161.63927861097673,10.560181357108526,5.054607167814769,,,,,,
8,1.6,151.72222222222223,627.2222222222222,151,624,3,8,13.722222222222229,,161.77777777777783,,161.77777777777783,,0.06826976229961308,0.26477541371158403,True,2,2,1,1,"fly (1,2)",0.20000000000000018,0.06837606837606813,1.6452991452990773,1.646719333781092,8.233596668905452,-8.22649572649538,160.93361823361826,15.921453933564878,-3.528301886792441,,,,,,
9,1.8,152.04444444444445,631.4,151,624,4,16,14.044444444444451,,157.60000000000002,,157.60000000000002,,0.06987285793255946,0.2579378068739771,True,2,2,1,1,"fly (1,2)",0.19999999999999996,0.32222222222222285,4.177777777777806,4.19018547572633,20.950927378631654,-20.88888888888903,158.42700119474316,11.16102402183428,-11.119106699751832,,,,,,
11,2.2,152.32258064516128,633.0967741935484,151,627,4,13,14.322580645161281,,155.9032258064516,,155.9032258064516,,0.0712566201251805,0.2551607623673512,True,2,2,1,1,"fly (1,2)",0.40000000000000013,0.27813620071682976,1.6967741935484355,1.719419207186292,4.298548017965729,-4.241935483871087,154.2510752688172,19.518227386935166,-19.46565113500603,,,,,,
12,2.4,152.0,639.75,151,632,3,17,14.0,,149.25,,149.25,,0.06965174129353234,0.24427168576104746,True,2,2,1,1,"fly (1,2)",0.19999999999999973,-0.32258064516128115,6.653225806451587,6.661041352841615,33.305206764208116,-33.26612903225798,150.15633842671193,19.091602471251008,-19.059705715902748,,,,,,
13,2.6,152.0,643.6842105263158,151,641,3,7,14.0,,145.31578947368416,,145.31578947368416,,0.06965174129353234,0.23783271599620975,True,2,2,1,1,"fly (1,2)",0.20000000000000018,0.0,3.9342105263158373,3.9342105263158373,19.67105263157917,-19.67105263157917,148.77526315789473,28.399310911191133,-6.905376344085989,,,,,,
14,2.8,152.04,637.24,151,628,4,19,14.039999999999992,,151.76,,151.76,,0.06985074626865667,0.24837970540098198,True,2,2,1,1,"fly (1,2)",0.19999999999999973,0.03999999999999204,-6.444210526315828,6.444334667557212,32.2216733377861,32.221052631579184,149.79977296181627,18.24120621183452,5.122549019607749,,,,,,
15,3.0,151.98529411764707,636.6764705882354,150,627,5,21,13.985294117647072,,152.32352941176464,,152.32352941176464,,0.06957857769973667,0.2493020121305477,True,2,2,1,1,"fly (1,2)",0.20000000000000018,-0.054705882352919843,-0.5635294117646481,0.5661785332276577,2.830892666138286,2.817647058823238,152.3246467902229,12.662232644334745,12.624369142033261,,,,,,
16,3.2,152.13698630136986,636.1095890410959,150,626,5,22,14.13698630136986,,152.8904109589041,,152.8904109589041,,0.07033326518094457,0.25022980517005583,True,2,2,1,1,"fly (1,2)",0.20000000000000018,0.15169218372278692,-0.5668815471394737,0.5868263858159678,2.9341319290798364,2.834407735697366,153.10789882274324,3.9544234498203266,3.9162601626016644,,,,,,
17,3.4,152.109756097561,634.890243902439,150,623,5,25,14.10975609756099,,154.109756097561,,154.109756097561,,0.07019779153015418,0.2522254600614746,True,2,2,1,1,"fly (1,2)",0.19999999999999973,-0.027230203808869646,-1.2193451386568768,1.219649150848567,6.098245754242843,6.096725693284392,153.8205685060012,3.7959336866165128,3.5633484162896902,,,,,,
18,3.6,152.42307692307693,634.5384615384615,151,630,4,11,14.423076923076934,,154.46153846153845,,154.46153846153845,,0.07175660160734793,0.2528012086113559,True,2,2,1,1,"fly (1,2)",0.20000000000000018,0.31332082551594453,-0.3517823639774633,0.4710846753053695,2.3554233765268453,1.758911819887315,152.53170136096966,11.884751299115875,-6.444335725157668,,,,,,
19,3.8,152.26190476190476,639.9761904761905,151,632,4,17,14.26190476190476,,149.02380952380952,,149.02380952380952,,0.07095475005922766,0.24390148858233965,True,2,2,1,1,"fly (1,2)",0.19999999999999973,-0.1611721611721748,5.437728937728934,5.440116953315577,27.200584766577922,-27.188644688644708,150.87895437895438,10.095876362003965,-8.26373491007645,,,,,,
20,4.0,152.33333333333334,639.8484848484849,151,633,4,14,14.333333333333343,,149.15151515151513,,149.15151515151513,,0.07131011608623554,0.24411049942964833,True,2,2,1,1,"fly (1,2)",0.20000000000000018,0.07142857142858361,-0.127705627705609,0.14632418858142313,0.731620942907115,0.6385281385280445,149.21633629528364,10.04244432576491,-8.313090418353696,,,,,,
21,4.2,152.6315789473684,639.5263157894738,152,636,3,9,14.63157894736841,,149.47368421052624,,149.47368421052624,,0.07279392511128563,0.24463778103195785,True,2,2,1,1,"fly (1,2)",0.20000000000000018,0.2982456140350678,-0.3221690590111166,0.43902545356193523,2.1951272678096743,1.6108452950555816,151.52321460216194,11.767765667844037,11.534391534391553,,,,,,
22,4.4,152.38888888888889,633.0555555555555,151,631,4,6,14.388888888888886,,155.94444444444446,,155.94444444444446,,0.07158651188501933,0.2552282233133297,True,2,2,1,1,"fly (1,2)",0.20000000000000018,-0.24269005847952485,-6.470760233918213,6.475309758563067,32.376548792815306,32.35380116959104,153.54288499025338,12.869362609153095,10.098351940457237,,,,,,
23,4.6,152.05263157894737,633.7894736842105,151,631,4,7,14.05263157894737,,155.21052631578948,,155.21052631578948,,0.06991358994501179,0.2540270479800155,True,2,2,1,1,"fly (1,2)",0.1999999999999993,-0.3362573099415158,0.7339181286549774,0.8072823533668555,4.036411766834292,-3.6695906432749,178.10721247563356,125.41371046424042,122.82163742690072,,,,,,
24,4.8,150.91666666666666,565.8333333333333,150,564,3,5,12.916666666666657,,223.16666666666674,,223.16666666666674,,0.06426202321724706,0.36524822695035475,True,2,2,1,1,"fly (1,2)",0.20000000000000018,-1.1359649122807127,-67.95614035087726,67.9656341666144,339.8281708330717,339.78070175438603,252.7257309941521,375.7586849221646,373.0925925925922,,,,,,
25,5.0,147.0,409.2,146,408,3,4,9.0,,379.8,,379.8,,0.04477611940298507,0.6216039279869068,True,2,2,1,1,"fly (1,2)",0.20000000000000018,-3.916666666666657,-156.63333333333327,156.68229443331774,783.4114721665879,783.1666666666656,301.4833333333334,561.6198214998298,561.4736842105258,,,,,,
0,0.0,151.23333333333332,595.4,150,591,4,10,13.23333333333332,,193.60000000000002,,193.60000000000002,,0.06583747927031502,0.3168576104746318,True,3,3,1,1,"fly (1,3)",,,,,,,201.9521739130435,41.770770547198474,41.76086956521743,,,,,,
1,0.2,150.8695652173913,578.695652173913,150,575,3,9,12.869565217391312,,210.304347826087,,210.304347826087,,0.064027687648713,0.34419696861880034,True,3,3,1,1,"fly (1,3)",0.2,-0.3637681159420083,-16.704347826086973,16.70830821887939,83.54154109439695,83.52173913043487,203.5450390189521,33.80327250021801,21.884615384615433,,,,,,
2,0.4,150.84615384615384,582.2692307692307,150,578,3,10,12.84615384615384,,206.73076923076928,,206.73076923076928,,0.06391121316494447,0.3383482311469219,True,3,3,1,1,"fly (1,3)",0.2,-0.023411371237472167,3.573578595317713,3.573655281251416,17.868276406257078,-17.867892976588564,208.7692814431945,38.04449985386001,26.12121212121205,,,,,,
3,0.6,150.72727272727272,579.7272727272727,150,578,3,5,12.72727272727272,,209.27272727272725,,209.27272727272725,,0.06331976481230209,0.3425085552745127,True,3,3,1,1,"fly (1,3)",0.19999999999999996,-0.11888111888112007,-2.541958041957969,2.5447364121852027,12.723682060926016,12.709790209789848,193.24560994560997,48.15181621947456,-39.668862538427824,,,,,,
5,1.0,151.46666666666667,625.2666666666667,151,622,2,8,13.466666666666669,,163.73333333333335,,163.73333333333335,,0.0669983416252073,0.2679759956355701,True,3,3,1,1,"fly (1,3)",0.4,0.739393939393949,45.539393939393904,45.54539607649624,113.86349019124059,-113.84848484848476,168.0575757575758,96.49659060511817,-87.99067599067598,,,,,,
6,1.2,152.41666666666666,657.8333333333333,152,655,2,7,14.416666666666657,,131.16666666666674,,131.16666666666674,,0.07172470978441123,0.21467539552645948,True,3,3,1,1,"fly (1,3)",0.19999999999999996,0.9499999999999886,32.566666666666606,32.58051991263758,162.90259956318792,-162.83333333333306,132.8952380952381,137.95980046911097,-137.8621933621935,,,,,,
7,1.4,153.92857142857142,685.2142857142858,153,683,3,6,15.928571428571416,,103.78571428571422,,103.78571428571422,,0.07924662402274336,0.16986205284077613,True,3,3,1,1,"fly (1,3)",0.19999999999999996,1.5119047619047592,27.38095238095252,27.422662330580884,137.11331165290446,-136.90476190476264,104.77899877899877,120.56086756692441,-120.24694749694761,,,,,,
9,1.8,157.53846153846155,709.6153846153846,156,708,4,4,19.538461538461547,,79.38461538461536,,79.38461538461536,,0.09720627631075397,0.12992572076041795,True,3,3,1,1,"fly (1,3)",0.40000000000000013,3.609890109890131,24.401098901098862,24.66667659387236,61.66669148468088,-61.002747252747135,119.89010989010985,98.68826010390917,-33.59737484737503,,,,,,
14,2.8,151.8,612.5,151,611,3,4,13.800000000000011,,176.5,,176.5,,0.0686567164179105,0.2888707037643208,True,3,3,1,1,"fly (1,3)",0.9999999999999998,-5.738461538461536,-97.11538461538464,97.28477717414215,97.28477717414218,97.11538461538467,142.80153846153846,59.61849611778238,5.40421245421249,,,,,,
15,3.0,151.88,616.48,151,612,3,10,13.879999999999995,,172.51999999999998,,172.51999999999998,,0.06905472636815918,0.28235679214402615,True,3,3,1,1,"fly (1,3)",0.20000000000000018,0.07999999999998408,3.980000000000018,3.9808039389048213,19.904019694524088,-19.900000000000073,174.72888888888892,43.47446669409887,30.1495726495728,,,,,,
16,3.2,151.91666666666666,613.8333333333333,151,612,3,5,13.916666666666657,,175.16666666666674,,175.16666666666674,,0.0692371475953565,0.2866884888161485,True,3,3,1,1,"fly (1,3)",0.20000000000000018,0.03666666666666174,-2.6466666666667606,2.646920642726069,13.234603213630333,13.23333333333379,144.35010101010104,160.72624604403907,-151.89393939393958,,,,,,
17,3.4,152.86363636363637,703.6363636363636,152,700,3,9,14.863636363636374,,85.36363636363637,,85.36363636363637,,0.07394843962008146,0.13971135247730995,True,3,3,1,1,"fly (1,3)",0.19999999999999973,0.9469696969697168,89.80303030303037,89.80802304479244,449.0401152239628,-449.01515151515247,108.32828282828287,188.94211622998998,-180.109090909091,,,,,,
18,3.6,153.0909090909091,724.5454545454545,152,723,4,4,15.090909090909093,,64.4545454545455,,64.4545454545455,,0.0750791497060154,0.1054902544264247,True,3,3,1,1,"fly (1,3)",0.20000000000000018,0.22727272727271952,20.909090909090878,20.91032605047537,104.55163025237675,-104.54545454545429,78.4949494949495,202.207350629559,-166.84343434343464,,,,,,
20,4.0,153.08333333333334,703.3333333333334,152,701,3,6,15.083333333333343,,85.66666666666663,,85.66666666666663,,0.07504145936981763,0.1402073104200763,True,3,3,1,1,"fly (1,3)",0.3999999999999999,-0.007575757575750686,-21.212121212121133,21.212122564934944,53.030306412337374,53.030303030302846,78.16860916860917,54.722272588357335,-19.308469308469263,,,,,,
21,4.2,153.3846153846154,704.6153846153846,152,703,4,4,15.384615384615387,,84.38461538461536,,84.38461538461536,,0.07654037504783774,0.1381090268160644,True,3,3,1,1,"fly (1,3)",0.20000000000000018,0.301282051282044,1.2820512820512704,1.3169762200715782,6.584881100357885,-6.410256410256347,81.83527583527582,34.76322677699907,0.656565656565744,,,,,,
22,4.4,153.0909090909091,713.5454545454545,152,712,4,4,15.090909090909093,,75.4545454545455,,75.4545454545455,,0.0750791497060154,0.12349352774884696,True,3,3,1,1,"fly (1,3)",0.20000000000000018,-0.2937062937062933,8.930069930069862,8.934898563660397,44.67449281830194,-44.65034965034927,77.33527583527582,23.354440469764437,-22.5,,,,,,
23,4.6,154.91666666666666,716.8333333333334,154,715,3,5,16.916666666666657,,72.16666666666663,,72.16666666666663,,0.08416252072968486,0.11811238406983082,True,3,3,1,1,"fly (1,3)",0.1999999999999993,1.8257575757575637,3.287878787878867,3.7607894981266825,18.80394749063348,-16.439393939394392,81.87373737373737,64.25198746955988,22.692307692307697,,,,,,
24,4.8,153.84615384615384,691.0,153,689,3,5,15.84615384615384,,98.0,,98.0,,0.07883658629927283,0.16039279869067102,True,3,3,1,1,"fly (1,3)",0.20000000000000018,-1.0705128205128176,-25.83333333333337,25.855504419948865,129.2775220997442,129.16666666666674,89.43650793650791,49.635367720964744,37.81385281385264,,,,,,
25,5.0,153.92857142857142,690.8571428571429,153,689,3,5,15.928571428571416,,98.14285714285711,,98.14285714285711,,0.07924662402274336,0.16062660743511803,True,3,3,1,1,"fly (1,3)",0.20000000000000018,0.0824175824175768,-0.14285714285711038,0.1649267145033057,0.8246335725165278,0.7142857142855512,98.04761904761904,43.7041027389376,43.05555555555558,,,,,,
26,5.2,153.78571428571428,691.0,153,689,3,6,15.785714285714278,,98.0,,98.0,,0.07853589196872775,0.16039279869067102,True,3,3,1,1,"fly (1,3)",0.20000000000000018,-0.1428571428571388,0.14285714285711038,0.20203050891041632,1.0101525445520807,-0.7142857142855512,99.9409523809524,10.078359049161149,9.466666666666764,,,,,,
27,5.4,153.76,685.3199999999999,153,681,3,11,15.759999999999991,,103.68000000000006,,103.68000000000006,,0.07840796019900494,0.16968903436988553,True,3,3,1,1,"fly (1,3)",0.20000000000000018,-0.02571428571428669,-5.680000000000064,5.680058206082973,28.400291030414838,28.400000000000293,101.93931034482762,10.57565206204954,9.991789819376127,,,,,,
28,5.6,153.68965517241378,684.8620689655172,152,681,4,10,15.68965517241378,,104.13793103448279,,104.13793103448279,,0.07805798593240686,0.17043851233139573,True,3,3,1,1,"fly (1,3)",0.1999999999999993,-0.07034482758621152,-0.4579310344827263,0.46330252223633933,2.3165126111817047,2.2896551724136396,103.54347701149429,12.477287579196569,8.02083333333333,,,,,,
29,5.8,153.90625,686.1875,153,681,3,12,15.90625,,102.8125,,102.8125,,0.07913557213930349,0.16826923076923078,True,3,3,1,1,"fly (1,3)",0.20000000000000018,0.21659482758622062,1.32543103448279,1.3430118191986338,6.715059095993163,-6.627155172413944,125.22590125391851,39.63872219857426,35.173484848484726,,,,,,
32,6.4,152.45454545454547,620.2727272727273,152,618,2,6,14.454545454545467,,168.72727272727275,,168.72727272727275,,0.07191316146540033,0.27614938253236126,True,3,3,1,1,"fly (1,3)",0.6000000000000005,-1.4517045454545325,-65.91477272727275,65.9307569331288,109.88459488854791,109.85795454545448,145.10746047430834,47.12534295913424,26.16915973831264,,,,,,
33,6.6,152.1304347826087,625.2173913043478,151,621,4,10,14.130434782608688,,163.78260869565224,,163.78260869565224,,0.07030067056024222,0.26805664270974183,True,3,3,1,1,"fly (1,3)",0.1999999999999993,-0.3241106719367792,4.944664031620505,4.955274978572315,24.776374892861664,-24.723320158102613,142.9275362318841,157.42222978900816,-84.1382575757576,,,,,,
34,6.8,153.36363636363637,692.7272727272727,153,690,2,7,15.363636363636374,,96.27272727272725,,96.27272727272725,,0.07643600180913619,0.15756583841690222,True,3,3,1,1,"fly (1,3)",0.20000000000000018,1.2332015810276857,67.50988142292499,67.52114391712304,337.6057195856149,-337.54940711462467,118.77602108036892,120.79403149282552,-120.75757575757575,,,,,,
35,7.0,153.36363636363637,692.7272727272727,153,690,2,7,15.363636363636374,,96.27272727272725,,96.27272727272725,,0.07643600180913619,0.15756583841690222,True,3,3,1,1,"fly (1,3)",0.20000000000000018,0.0,0.0,0.0,0.0,0.0,99.33333333333333,127.84127017087145,-97.21343873517783,,,,,,
36,7.2,153.1818181818182,683.5454545454545,152,682,4,4,15.181818181818187,,105.4545454545455,,105.4545454545455,,0.075531433740389,0.17259336408272585,True,3,3,1,1,"fly (1,3)",0.20000000000000018,-0.18181818181818699,-9.181818181818244,9.1836181853999,45.91809092699946,45.90909090909118,119.30492424242425,57.59620683979815,57.58049242424253,,,,,,
38,7.6,151.9375,632.8125,151,626,3,14,13.9375,,156.1875,,156.1875,,0.0693407960199005,0.255626022913257,True,3,3,1,1,"fly (1,3)",0.39999999999999947,-1.244318181818187,-50.732954545454504,50.74821183695792,126.87052959239497,126.83238636363643,162.21401515151516,172.29687417358113,172.2679924242424,,,,,,
39,7.8,150.89473684210526,564.0,150,561,3,7,12.89473684210526,,225.0,,225.0,,0.06415291961246398,0.36824877250409166,True,3,3,1,1,"fly (1,3)",0.20000000000000018,-1.0427631578947398,-68.8125,68.82040040026985,344.1020020013489,344.0624999999997,209.80608974358975,195.71552376033102,195.68291083916083,,,,,,
40,8.0,150.46153846153845,540.7692307692307,150,538,2,7,12.461538461538453,,248.23076923076928,,248.23076923076928,,0.06199770378874852,0.4062696714087877,True,3,3,1,1,"fly (1,3)",0.20000000000000018,-0.4331983805668074,-23.230769230769283,23.23480793744985,116.17403968724915,116.15384615384632,184.62237762237763,293.26465463294784,13.74344405594409,,,,,,
42,8.4,158.9090909090909,708.3636363636364,158,707,3,4,20.909090909090907,,80.63636363636363,,80.63636363636363,,0.1040253279059249,0.13197440857015325,True,3,3,1,1,"fly (1,3)",0.40000000000000036,8.447552447552454,167.59440559440566,167.80716888409833,419.51792221024544,-418.98601398601375,113.02237762237765,295.96205769628045,-218.33799533799552,,,,,,
43,8.6,159.5,778.8,158,778,4,3,21.5,,10.200000000000045,,10.200000000000045,,0.10696517412935323,0.016693944353518897,True,3,3,1,1,"fly (1,3)",0.1999999999999993,0.5909090909090935,70.43636363636358,70.43884223826909,352.1942111913467,-352.18181818181915,57.894172494172494,317.96898772039236,-196.5174825174829,,,,,,
45,9.0,153.69230769230768,706.1538461538462,153,704,3,6,15.69230769230768,,82.84615384615381,,82.84615384615381,,0.07807118254879443,0.1355910864912501,True,3,3,1,1,"fly (1,3)",0.40000000000000036,-5.807692307692321,-72.64615384615377,72.87793190383402,182.1948297595849,181.61538461538424,58.311680911680924,179.74131970429687,-58.450919450919805,,,,,,
46,9.2,153.55555555555554,707.1111111111111,151,700,5,14,15.555555555555543,,81.88888888888891,,81.88888888888891,,0.07739082365948032,0.1340243680669213,True,3,3,1,1,"fly (1,3)",0.1999999999999993,-0.13675213675213627,0.957264957264897,0.9669836323918002,4.834918161959018,-4.786324786324502,81.70334757834758,64.90248097108626,56.41987179487174,,,,,,
47,9.4,153.8125,708.625,153,702,3,15,15.8125,,80.375,,80.375,,0.07866915422885572,0.1315466448445172,True,3,3,1,1,"fly (1,3)",0.20000000000000107,0.2569444444444571,1.5138888888889142,1.5355389983429863,7.6776949917148904,-7.569444444444531,59.58796296296297,110.64192581951507,-110.57692307692339,,,,,,
48,9.6,154.8,772.5,154,771,3,4,16.80000000000001,,16.5,,16.5,,0.08358208955223886,0.027004909983633387,True,3,3,1,1,"fly (1,3)",0.1999999999999993,0.9875000000000114,63.875,63.88263286097404,319.4131643048713,-319.37500000000114,36.80448717948718,113.98771532721526,-113.91737891737931,,,,,,
49,9.8,155.07692307692307,775.4615384615385,154,773,4,6,17.076923076923066,,13.538461538461547,,13.538461538461547,,0.08495981630309983,0.022157874858365872,True,3,3,1,1,"fly (1,3)",0.20000000000000107,0.2769230769230546,2.961538461538453,2.9744573370119256,14.87228668505955,-14.807692307692186,15.019230769230774,167.14272549496545,-167.09134615384667,,,,,,
0,0.0,150.390243902439,549.0,149,543,4,15,12.39024390243901,,240.0,,240.0,,0.06164300448974632,0.39279869067103107,True,4,4,1,1,"fly (1,4)",,,,,,,246.41304347826087,32.08005580961169,32.06521739130437,,,,,,
1,0.2,150.0,536.1739130434783,149,529,3,16,12.0,,252.82608695652175,,252.82608695652175,,0.05970149253731343,0.41379064968334167,True,4,4,1,1,"fly (1,4)",0.2,-0.3902439024390105,-12.826086956521749,12.832022323844678,64.16011161922339,64.13043478260875,248.64657444005272,21.87190365218741,21.856060606060623,,,,,,
2,0.4,150.04545454545453,535.8863636363636,149,529,3,16,12.045454545454533,,253.11363636363637,,253.11363636363637,,0.05992763455450016,0.4142612706442494,True,4,4,1,1,"fly (1,4)",0.2,0.045454545454532536,-0.28754940711462496,0.29111986746776747,1.4555993373388372,1.4377470355731248,270.6187966622749,65.88052242073913,65.85858585858588,,,,,,
4,0.8,149.16666666666666,483.0833333333333,148,481,3,6,11.166666666666657,,305.9166666666667,,305.9166666666667,,0.05555555555555551,0.5006819421713039,True,4,4,1,1,"fly (1,4)",0.4,-0.8787878787878753,-52.80303030303031,52.810342522262076,132.02585630565517,132.00757575757578,366.74343434343433,240.6327964426546,240.55121870882746,,,,,,
6,1.2,142.9,247.8,142,246,3,5,4.900000000000006,,541.2,,541.2,,0.024378109452736347,0.8857610474631752,True,4,4,1,1,"fly (1,4)",0.3999999999999999,-6.2666666666666515,-235.2833333333333,235.3667734739879,588.4169336849699,588.2083333333335,423.55833333333334,360.2213949953125,360.1079545454546,,,,,,
0,0.0,148.45454545454547,426.27272727272725,148,424,2,6,10.454545454545467,,362.72727272727275,,362.72727272727275,,0.05201266395296252,0.5936616574914447,True,5,5,1,1,"fly (1,5)",,,,,,,485.6818181818182,204.93995696762414,204.9242424242424,,,,,,
3,0.6,145.4090909090909,180.36363636363637,144,178,4,7,7.4090909090909065,,608.6363636363636,,608.6363636363636,,0.036861148801447294,0.9961315280464217,True,5,5,1,1,"fly (1,5)",0.6,-3.045454545454561,-245.90909090909088,245.92794836114896,409.8799139352483,409.8484848484848,526.8181818181819,137.47363342443876,137.37373737373744,,,,,,
4,0.8,145.1818181818182,179.9090909090909,143,178,5,6,7.181818181818187,,609.0909090909091,,609.0909090909091,,0.03573043871551337,0.9968754649605714,True,5,5,1,1,"fly (1,5)",0.20000000000000007,-0.22727272727271952,-0.45454545454546746,0.5081972676135966,2.5409863380679822,2.2727272727274785,608.8396464646465,137.9743248400675,136.87499999999994,,,,,,
5,1.0,145.20833333333334,180.20833333333334,143,178,5,7,7.208333333333343,,608.7916666666666,,608.7916666666666,,0.03586235489220568,0.9963857064920895,True,5,5,1,1,"fly (1,5)",0.19999999999999996,0.02651515151515582,0.2992424242424363,0.30041484937726015,1.502074246886301,-1.496212121212466,608.8839355089355,1.633265203630564,0.22144522144515086,,,,,,
6,1.2,145.03846153846155,180.23076923076923,143,178,5,7,7.038461538461547,,608.7692307692307,,608.7692307692307,,0.035017221584385805,0.9963489865290192,True,5,5,1,1,"fly (1,5)",0.19999999999999996,-0.1698717948717956,0.02243589743588359,0.17134700518748172,0.8567350259374088,-0.11217948717956008,606.6684472934472,2.5589653738609104,-2.293015626349081,,,,,,
12,2.4,145.88888888888889,186.55555555555554,145,184,3,7,7.888888888888886,,602.4444444444445,,602.4444444444445,,0.039248203427307886,0.9859974540825605,True,5,5,1,1,"fly (1,5)",1.2,0.8504273504273385,6.3247863247863165,6.3817042185108255,5.318086848759021,-5.270655270655217,604.8073361823363,3.384200207456185,-0.5211301044634032,,,,,,
13,2.6,145.66666666666666,185.79166666666666,144,183,4,8,7.666666666666657,,603.2083333333334,,603.2083333333334,,0.03814262023217242,0.9872476813966177,True,5,5,1,1,"fly (1,5)",0.20000000000000018,-0.22222222222222854,-0.7638888888888857,0.7955557495344258,3.9777787476721254,3.819444444444567,603.3201566951567,4.170041808223089,0.43239553656228896,,,,,,
15,3.0,145.0,184.69230769230768,144,183,3,5,7.0,,604.3076923076924,,604.3076923076924,,0.03482587064676617,0.9890469595870579,True,5,5,1,1,"fly (1,5)",0.3999999999999999,-0.6666666666666572,-1.099358974358978,1.285703931295248,3.214259828238121,2.7483974358975165,603.9412393162394,2.397346191970082,2.1892806267806946,,,,,,
16,3.2,145.0,184.69230769230768,144,183,3,5,7.0,,604.3076923076924,,604.3076923076924,,0.03482587064676617,0.9890469595870579,True,5,5,1,1,"fly (1,5)",0.20000000000000018,0.0,0.0,0.0,0.0,0.0,604.3076923076924,1.07141994274604,0.9161324786325057,,,,,,
17,3.4,145.0,184.69230769230768,144,183,3,5,7.0,,604.3076923076924,,604.3076923076924,,0.03482587064676617,0.9890469595870579,True,5,5,1,1,"fly (1,5)",0.19999999999999973,0.0,0.0,0.0,0.0,0.0,604.3162393162394,1.0557718038637005,0.0213675213674948,,,,,,
19,3.8,146.26666666666668,184.66666666666666,145,183,4,5,8.26666666666668,,604.3333333333334,,604.3333333333334,,0.04112769485903821,0.989088925259138,True,5,5,1,1,"fly (1,5)",0.3999999999999999,1.26666666666668,-0.025641025641021997,1.2669261646364407,3.1673154115911024,0.06410256410248395,604.2312190733245,2.4467489965952414,-0.44646873594245956,,,,,,
20,4.0,147.05263157894737,184.94736842105263,145,183,5,5,9.05263157894737,,604.0526315789474,,604.0526315789474,,0.04503796805446453,0.9886295115858387,True,5,5,1,1,"fly (1,5)",0.20000000000000018,0.78596491228069,0.2807017543859729,0.8345863156389253,4.172931578194623,-1.4035087719298631,604.187478500172,2.800130833044779,-0.3432695615358241,,,,,,
22,4.4,146.64705882352942,184.8235294117647,145,183,5,5,8.64705882352942,,604.1764705882354,,604.1764705882354,,0.04302019315188766,0.9888321940887649,True,5,5,1,1,"fly (1,5)",0.40000000000000036,-0.4055727554179498,-0.12383900928793423,0.42405820373944564,1.0601455093486132,0.30959752321990636,604.1351909184727,1.7443590291810782,-0.36463708290331875,,,,,,
23,4.6,146.64705882352942,184.8235294117647,145,183,5,5,8.64705882352942,,604.1764705882354,,604.1764705882354,,0.04302019315188766,0.9888321940887649,True,5,5,1,1,"fly (1,5)",0.1999999999999993,0.0,0.0,0.0,0.0,0.0,603.312091503268,4.941919355177258,-4.2186962504300105,,,,,,
24,4.8,145.72222222222223,187.41666666666666,144,184,5,9,7.7222222222222285,,601.5833333333334,,601.5833333333334,,0.03841901603095636,0.9845881069285325,True,5,5,1,1,"fly (1,5)",0.20000000000000018,-0.9248366013071916,2.5931372549019613,2.753122511236635,13.765612556183163,-12.965686274509938,602.8984292641788,6.9269844485232825,-2.0683111954459323,,,,,,
25,5.0,146.09677419354838,186.06451612903226,144,183,5,8,8.096774193548384,,602.9354838709678,,602.9354838709678,,0.040282458674370074,0.9868011192650864,True,5,5,1,1,"fly (1,5)",0.20000000000000018,0.3745519713261558,-1.352150537634401,1.403068157877339,7.015340789386689,6.760752688172141,602.5062724014338,7.00659599504964,-2.014547754585766,,,,,,
27,5.4,146.0263157894737,186.0,144,182,5,10,8.0263157894737,,603.0,,603.0,,0.03993191935061542,0.9869067103109657,True,5,5,1,1,"fly (1,5)",0.40000000000000036,-0.07045840407468518,-0.06451612903225623,0.09553385583162834,0.23883463957907064,0.16129032258049833,603.1157495256167,2.6104583937828636,2.478916297701846,,,,,,
31,6.2,146.23529411764707,185.58823529411765,144,182,6,9,8.235294117647072,,603.4117647058823,,603.4117647058823,,0.040971612525607326,0.9875806296331953,True,5,5,1,1,"fly (1,5)",0.7999999999999998,0.20897832817337303,-0.4117647058823479,0.46175980190626653,0.5771997523828333,0.5147058823528995,520.2141779788839,83.33334902790199,-82.83499975672656,,,,,,
36,7.2,147.46153846153845,434.7692307692308,147,432,2,7,9.461538461538453,,354.2307692307692,,354.2307692307692,,0.047072330654420166,0.579755759788493,True,5,5,1,1,"fly (1,5)",1.0,1.2262443438913806,249.18099547511312,249.18401269174407,249.18401269174407,-249.1809954751131,436.6244343891403,86.58707081470897,-86.22209653092006,,,,,,
37,7.4,147.46153846153845,436.7692307692308,147,434,2,7,9.461538461538453,,352.2307692307692,,352.2307692307692,,0.047072330654420166,0.5764824373662344,True,5,5,1,1,"fly (1,5)",0.20000000000000018,0.0,2.0,2.0,9.999999999999991,-9.999999999999991,290.44444444444446,242.57192074452587,-242.5261437908498,,,,,,
39,7.8,151.94871794871796,624.1282051282051,151,616,3,16,13.948717948717956,,164.87179487179492,,164.87179487179492,,0.06939660671003958,0.2698392714759328,True,5,5,1,1,"fly (1,5)",0.39999999999999947,4.487179487179503,187.3589743589743,187.4126998167332,468.5317495418336,-468.39743589743637,201.982905982906,286.2320985785606,-286.17521367521385,,,,,,
40,8.0,153.0,700.1538461538462,152,698,4,5,15.0,,88.84615384615381,,88.84615384615381,,0.07462686567164178,0.14541105375802588,True,5,5,1,1,"fly (1,5)",0.20000000000000018,1.051282051282044,76.02564102564111,76.0329092387697,380.1645461938482,-380.1282051282052,86.50598290598289,421.453845233888,-421.25213675213746,,,,,,
41,8.2,156.8,783.2,154,780,7,7,18.80000000000001,,5.7999999999999545,,5.7999999999999545,,0.09353233830845777,0.009492635024549844,True,5,5,1,1,"fly (1,5)",0.1999999999999993,3.8000000000000114,83.04615384615386,83.13304799319616,415.66523996598227,-415.23076923077076,33.165384615384596,266.28523858968595,-265.9113247863252,,,,,,
43,8.6,157.55,784.15,155,783,7,4,19.55000000000001,,4.850000000000023,,4.850000000000023,,0.09726368159203985,0.007937806873977124,True,5,5,1,1,"fly (1,5)",0.40000000000000036,0.75,0.9499999999999318,1.210371843690967,3.025929609227415,-2.3749999999998272,5.242307692307691,141.22903329054125,-138.8237179487184,,,,,,
44,8.8,156.57692307692307,783.9230769230769,154,782,7,5,18.576923076923066,,5.076923076923094,,5.076923076923094,,0.092422502870264,0.008309203071887225,True,5,5,1,1,"fly (1,5)",0.20000000000000107,-0.9730769230769454,-0.22692307692307168,0.9991860592828193,4.99593029641407,1.1346153846153524,5.994798113763636,7.699728079076316,4.554118773946354,,,,,,
45,9.0,157.0344827586207,780.9425287356322,152,776,10,11,19.034482758620697,,8.057471264367791,,8.057471264367791,,0.0946989191971179,0.013187350678179692,True,5,5,1,1,"fly (1,5)",0.1999999999999993,0.4575596816976315,-2.980548187444697,3.0154648663174815,15.07732433158746,14.902740937223538,7.001319852894047,7.063972188829066,5.032608695652068,,,,,,
46,9.2,156.91304347826087,781.1304347826087,154,776,7,11,18.913043478260875,,7.869565217391255,,7.869565217391255,,0.09409474367293967,0.012879812139756554,True,5,5,1,1,"fly (1,5)",0.1999999999999993,-0.12143928035982299,0.18790604697653635,0.2237323876971324,1.118661938485666,-0.9395302348826851,8.149012160586343,6.858859341577269,5.73846153846149,,,,,,
47,9.4,157.5,780.48,154,774,8,13,19.5,,8.519999999999982,,8.519999999999982,,0.09701492537313433,0.013944353518821574,True,5,5,1,1,"fly (1,5)",0.20000000000000107,0.5869565217391255,-0.6504347826087269,0.8761183509317416,4.380591754658685,3.252173913043617,6.980096618357455,8.47943849947903,-5.84457771114447,,,,,,
48,9.6,157.8840579710145,784.4492753623189,154,780,8,10,19.8840579710145,,4.550724637681128,,4.550724637681128,,0.09892566154733581,0.007447994497023123,True,5,5,1,1,"fly (1,5)",0.1999999999999993,0.38405797101449934,3.9692753623188537,3.9878123610585345,19.939061805292745,-19.84637681159434,5.287140770699921,11.07067151912355,-8.464779238287685,,,,,,
49,9.8,158.13953488372093,786.2093023255813,154,783,8,7,20.139534883720927,,2.7906976744186522,,2.7906976744186522,,0.10019669096378571,0.004567426635709742,True,5,5,1,1,"fly (1,5)",0.20000000000000107,0.2554769127064276,1.7600269632624759,1.7784721994838548,8.892360997419226,-8.800134816312333,3.67071115604989,14.415711401355983,-14.323255813953336,,,,,,
0,0.0,376.84615384615387,714.0,376,712,3,5,5.846153846153868,,65.0,,65.0,,0.03093203093203105,0.10906040268456375,True,6,1,2,2,"fly (2,1)",,,,,,,100.61538461538464,35.62211267236413,35.61538461538464,,,,,,
5,1.0,375.46153846153845,642.7692307692307,375,640,2,7,4.461538461538453,,136.23076923076928,,136.23076923076928,,0.02360602360602356,0.22857511615900886,True,6,1,2,2,"fly (2,1)",1.0,-1.3846153846154152,-71.23076923076928,71.24422534472826,71.24422534472826,71.23076923076928,105.15384615384619,35.97029733713165,11.521367521367539,,,,,,
8,1.6,375.46153846153845,664.7692307692307,375,662,2,7,4.461538461538453,,114.23076923076928,,114.23076923076928,,0.02360602360602356,0.1916623644811565,True,6,1,2,2,"fly (2,1)",0.6000000000000001,0.0,22.0,22.0,36.666666666666664,-36.666666666666664,104.82051282051286,77.84630673717858,-30.33760683760687,,,,,,
10,2.0,376.89473684210526,715.0,376,712,3,7,5.89473684210526,,64.0,,64.0,,0.031189083820662752,0.10738255033557047,True,6,1,2,2,"fly (2,1)",0.3999999999999999,1.4331983805668074,50.23076923076928,50.2512112800563,125.62802820014079,-125.57692307692324,106.15384615384619,96.45614310475717,-11.73076923076926,,,,,,
13,2.6,375.46153846153845,638.7692307692307,375,636,2,7,4.461538461538453,,140.23076923076928,,140.23076923076928,,0.02360602360602356,0.23528652555498203,True,6,1,2,2,"fly (2,1)",0.6000000000000001,-1.4331983805668074,-76.23076923076928,76.24424066847844,127.07373444746405,127.05128205128212,114.82051282051286,84.23392088253495,0.4914529914529619,,,,,,
15,3.0,375.46153846153845,638.7692307692307,375,636,2,7,4.461538461538453,,140.23076923076928,,140.23076923076928,,0.02360602360602356,0.23528652555498203,True,6,1,2,2,"fly (2,1)",0.3999999999999999,0.0,0.0,0.0,0.0,0.0,140.61217948717953,44.32463048774208,44.25747863247857,,,,,,
16,3.2,375.75,637.625,375,635,3,7,4.75,,141.375,,141.375,,0.02513227513227513,0.23720637583892618,True,6,1,2,2,"fly (2,1)",0.20000000000000018,0.2884615384615472,-1.1442307692307168,1.1800314031524417,5.900157015762203,5.7211538461535785,140.77970085470088,3.135780700338451,0.8376068376067769,,,,,,
17,3.4,375.46666666666664,638.2666666666667,375,635,2,8,4.46666666666664,,140.73333333333335,,140.73333333333335,,0.02363315696649016,0.23612975391498883,True,6,1,2,2,"fly (2,1)",0.19999999999999973,-0.28333333333335986,0.6416666666666515,0.7014370170506291,3.50718508525315,-3.208333333333262,140.28055555555557,4.802447367005118,-0.8290598290598901,,,,,,
19,3.8,375.46666666666664,640.2666666666667,375,637,2,8,4.46666666666664,,138.73333333333335,,138.73333333333335,,0.02363315696649016,0.23277404921700226,True,6,1,2,2,"fly (2,1)",0.3999999999999999,0.0,2.0,2.0,5.000000000000001,-5.000000000000001,114.56581196581199,33.88320749066041,-33.77884615384611,,,,,,
23,4.6,376.7692307692308,714.7692307692307,376,712,3,7,5.769230769230774,,64.23076923076928,,64.23076923076928,,0.03052503052503055,0.10776974703149209,True,6,1,2,2,"fly (2,1)",0.7999999999999998,1.3025641025641335,74.50256410256407,74.51394990938245,93.14243738672808,-93.1282051282051,90.11623931623933,34.468365945300235,-30.957264957264986,,,,,,
26,5.2,376.61538461538464,711.6153846153846,376,709,3,6,5.615384615384642,,67.38461538461536,,67.38461538461536,,0.02971102971102985,0.11306143520908617,True,6,1,2,2,"fly (2,1)",0.6000000000000005,-0.15384615384613198,-3.153846153846075,3.1575962695035806,5.26266044917263,5.2564102564101205,84.7808857808858,78.9259261100331,16.828282828282894,,,,,,
28,5.6,375.77272727272725,656.2727272727273,375,652,3,9,4.772727272727252,,122.72727272727275,,122.72727272727275,,0.025252525252525145,0.20591824283099455,True,6,1,2,2,"fly (2,1)",0.39999999999999947,-0.8426573426573896,-55.34265734265739,55.34907219767938,138.37268049419862,138.35664335664364,85.97479603729603,93.64710644877341,2.108707264957341,,,,,,
30,6.0,376.6875,711.1875,376,708,3,7,5.6875,,67.8125,,67.8125,,0.03009259259259259,0.11377936241610738,True,6,1,2,2,"fly (2,1)",0.40000000000000036,0.9147727272727479,54.91477272727275,54.92239136117964,137.305978402949,-137.28693181818176,85.93918350168353,92.78476615318378,-0.5346331908829846,,,,,,
31,6.2,376.6666666666667,711.7222222222222,376,708,3,8,5.666666666666686,,67.27777777777783,,67.27777777777783,,0.029982363315696748,0.112882177479493,True,6,1,2,2,"fly (2,1)",0.20000000000000018,-0.020833333333314386,0.5347222222221717,0.5351279124807401,2.675639562403698,-2.6736111111108563,67.60585016835019,47.43026972512789,-45.904356060606,,,,,,
32,6.4,376.77272727272725,711.2727272727273,376,707,3,9,5.772727272727252,,67.72727272727275,,67.72727272727275,,0.030543530543530435,0.11363636363636367,True,6,1,2,2,"fly (2,1)",0.20000000000000018,0.10606060606056644,-0.44949494949491964,0.4618382420061975,2.3091912100309853,2.2474747474745964,67.57744107744111,1.6616102574782279,-0.1420454545454112,,,,,,
33,6.6,376.77272727272725,711.2727272727273,376,707,3,9,5.772727272727252,,67.72727272727275,,67.72727272727275,,0.030543530543530435,0.11363636363636367,True,6,1,2,2,"fly (2,1)",0.1999999999999993,0.0,0.0,0.0,0.0,0.0,72.06060606060608,22.442885820780972,22.415824915824857,,,,,,
34,6.8,376.45454545454544,698.2727272727273,376,696,2,6,5.454545454545439,,80.72727272727275,,80.72727272727275,,0.028860028860028777,0.13544844417327642,True,6,1,2,2,"fly (2,1)",0.20000000000000018,-0.318181818181813,-13.0,13.003893250462397,65.01946625231193,64.99999999999994,76.06379585326954,23.324181284549823,20.015948963317282,,,,,,
35,7.0,376.4736842105263,699.2631578947369,376,695,2,10,5.473684210526301,,79.73684210526312,,79.73684210526312,,0.028961292119186778,0.1337866478276227,True,6,1,2,2,"fly (2,1)",0.20000000000000018,0.019138755980861788,0.990430622009626,0.99061552026751,4.9530776013375455,-4.952153110048125,76.40031897926633,41.657514617883145,1.6826156299839663,,,,,,
36,7.2,376.4736842105263,710.2631578947369,376,706,2,10,5.473684210526301,,68.73684210526312,,68.73684210526312,,0.028961292119186778,0.11533027198869651,True,6,1,2,2,"fly (2,1)",0.20000000000000018,0.0,11.0,11.0,54.99999999999995,-54.99999999999995,72.52297410192143,20.75087870057292,-19.386724386724428,,,,,,
37,7.4,376.76190476190476,709.9047619047619,376,706,3,9,5.761904761904759,,69.09523809523807,,69.09523809523807,,0.030486268581506663,0.11593160754234576,True,6,1,2,2,"fly (2,1)",0.20000000000000018,0.28822055137845837,-0.3583959899749516,0.45991170007625176,2.2995585003812566,1.7919799498747564,69.24705703653069,20.47231713862088,-16.37958532695371,,,,,,
38,7.6,376.6363636363636,709.0909090909091,376,707,3,5,5.636363636363626,,69.90909090909088,,69.90909090909088,,0.029822029822029767,0.11729713239780348,True,6,1,2,2,"fly (2,1)",0.1999999999999993,-0.12554112554113317,-0.8138528138528045,0.8234785830962832,4.117392915481431,4.069264069264037,69.401443001443,3.325551572856559,0.7719298245615538,,,,,,
39,7.8,376.7,709.8,376,706,3,9,5.699999999999989,,69.20000000000005,,69.20000000000005,,0.0301587301587301,0.11610738255033565,True,6,1,2,2,"fly (2,1)",0.20000000000000018,0.0636363636363626,0.7090909090908326,0.7119406605413986,3.55970330270699,-3.54545454545416,69.73636363636365,4.059032072729434,1.6746031746032626,,,,,,
40,8.0,376.7,708.9,376,707,3,5,5.699999999999989,,70.10000000000002,,70.10000000000002,,0.0301587301587301,0.11761744966442957,True,6,1,2,2,"fly (2,1)",0.20000000000000018,0.0,-0.8999999999999773,0.8999999999999773,4.499999999999883,4.499999999999883,69.69259259259263,3.224880428818864,-0.21885521885507572,,,,,,
41,8.2,376.72222222222223,709.2222222222222,376,706,3,8,5.7222222222222285,,69.77777777777783,,69.77777777777783,,0.030276308054085866,0.11707680835197622,True,6,1,2,2,"fly (2,1)",0.1999999999999993,0.022222222222239907,0.32222222222219443,0.3229875967499431,1.6149379837497213,-1.611111111110978,69.8683501683502,2.4923122087301057,0.8787878787878441,,,,,,
42,8.4,376.45454545454544,709.2727272727273,376,707,2,6,5.454545454545439,,69.72727272727275,,69.72727272727275,,0.028860028860028777,0.11699206833435025,True,6,1,2,2,"fly (2,1)",0.20000000000000107,-0.2676767676767895,0.05050505050508036,0.27239972848814414,1.3619986424407136,-0.2525252525254005,69.74729753677123,1.0101436918042852,-0.6132376395534718,,,,,,
44,8.8,376.4736842105263,709.2631578947369,376,705,2,10,5.473684210526301,,69.73684210526312,,69.73684210526312,,0.028961292119186778,0.1170081243376898,True,6,1,2,2,"fly (2,1)",0.40000000000000036,0.019138755980861788,-0.00956937799037405,0.021397779688968388,0.05349444922242092,0.023923444975935106,69.39914938862307,1.3081087876347535,-0.91245791245796,,,,,,
46,9.2,376.46666666666664,710.2666666666667,376,707,2,8,5.46666666666664,,68.73333333333335,,68.73333333333335,,0.028924162257495452,0.11532438478747206,True,6,1,2,2,"fly (2,1)",0.3999999999999986,-0.007017543859660691,1.0035087719297735,1.0035333084964466,2.5088332712411257,-2.5087719298244426,69.06783625730993,0.8541092401545155,-0.8282828282828265,,,,,,
47,9.4,376.46666666666664,710.2666666666667,376,707,2,8,5.46666666666664,,68.73333333333335,,68.73333333333335,,0.028924162257495452,0.11532438478747206,True,6,1,2,2,"fly (2,1)",0.20000000000000107,0.0,0.0,0.0,0.0,0.0,68.73333333333335,1.2544166356205628,-1.2543859649122073,,,,,,
0,0.0,376.6666666666667,706.7333333333333,376,704,3,7,5.666666666666686,,72.26666666666665,,72.26666666666665,,0.029982363315696748,0.12125279642058163,True,7,2,2,2,"fly (2,2)",,,,,,,106.9969696969697,173.67795326659163,173.65151515151524,,,,,,
1,0.2,375.45454545454544,637.2727272727273,375,635,2,6,4.454545454545439,,141.72727272727275,,141.72727272727275,,0.023569023569023486,0.23779743746186702,True,7,2,2,2,"fly (2,2)",0.2,-1.2121212121212466,-69.4606060606061,69.47118130663665,347.35590653318326,347.3030303030305,106.9969696969697,173.67795326659163,173.65151515151524,,,,,,
0,0.0,612.1355932203389,770.8135593220339,607,768,12,6,26.135593220338933,,2.1864406779660612,,2.1864406779660612,,0.14519774011299408,0.003656255314324517,True,8,1,3,3,"fly (3,1)",,,,,,,2.2575060532687417,3.144835549641459,0.3553268765134021,,,,,,
1,0.2,610.8857142857142,770.6714285714286,605,767,13,7,24.885714285714243,,2.328571428571422,,2.328571428571422,,0.13825396825396802,0.0038939321548017093,True,8,1,3,3,"fly (3,1)",0.2,-1.2498789346246895,-0.14213075060536084,1.2579342198565837,6.289671099282918,0.7106537530268042,2.3383373688458278,3.519712059926117,0.5225988700565646,,,,,,
2,0.4,611.7222222222222,770.5,606,767,13,7,25.72222222222217,,2.5,,2.5,,0.14290123456790096,0.004180602006688963,True,8,1,3,3,"fly (3,1)",0.2,0.8365079365079282,-0.17142857142857792,0.8538930160990866,4.269465080495433,0.8571428571428896,2.7816849816849754,5.339484681657717,2.2167380641957384,,,,,,
3,0.6,612.1208791208791,769.4835164835165,606,765,13,9,26.120879120879067,,3.516483516483504,,3.516483516483504,,0.14511599511599482,0.005880407218199839,True,8,1,3,3,"fly (3,1)",0.19999999999999996,0.39865689865689546,-1.016483516483504,1.0918635730389599,5.459317865194801,5.082417582417521,3.153642653642654,3.6832987035239313,1.859788359788392,,,,,,
4,0.8,611.8666666666667,769.5555555555555,606,765,12,9,25.866666666666674,,3.444444444444457,,3.444444444444457,,0.14370370370370375,0.00575994054254926,True,8,1,3,3,"fly (3,1)",0.20000000000000007,-0.2542124542123929,0.07203907203904691,0.26422263297631216,1.3211131648815604,-0.36019536019523446,3.52598307917458,2.5545152757091056,1.8617021276596313,,,,,,
5,1.0,611.9042553191489,769.3829787234042,606,765,12,9,25.904255319148888,,3.6170212765957785,,3.6170212765957785,,0.14391252955082715,0.006048530562869195,True,8,1,3,3,"fly (3,1)",0.19999999999999996,0.03758865248221355,-0.17257683215132147,0.17662295941019107,0.8831147970509555,0.8628841607566076,3.5437860647195216,0.8289697225983436,0.08901492772470959,,,,,,
6,1.2,611.9354838709677,769.4301075268817,606,765,12,9,25.935483870967687,,3.5698924731183297,,3.5698924731183297,,0.14408602150537603,0.0059697198547129255,True,8,1,3,3,"fly (3,1)",0.19999999999999996,0.031228551818799133,0.047128803477448855,0.05653624117250295,0.28268120586251483,-0.23564401738724433,3.5721085048066548,0.6180141516561598,0.14161220043566428,,,,,,
7,1.4,611.8039215686274,769.4705882352941,605,765,14,9,25.803921568627402,,3.5294117647058556,,3.5294117647058556,,0.14335511982570778,0.005902026362384374,True,8,1,3,3,"fly (3,1)",0.19999999999999996,-0.131562302340285,0.04048070841247409,0.13764929041100177,0.688246452055009,-0.2024035420623705,3.647136500327368,1.02352175605821,0.37513997760356643,,,,,,
8,1.6,612.0842105263158,769.1578947368421,606,764,12,10,26.084210526315815,,3.8421052631579187,,3.8421052631579187,,0.14491228070175452,0.006424925189227289,True,8,1,3,3,"fly (3,1)",0.20000000000000018,0.28028895768841267,-0.31269349845206307,0.4199275220514216,2.099637610257106,1.563467492260314,3.6686418766714346,1.3204918201587226,0.1075268817203318,,,,,,
9,1.8,612.1935483870968,769.3655913978495,607,764,12,10,26.193548387096826,,3.634408602150529,,3.634408602150529,,0.14551971326164903,0.006077606358111253,True,8,1,3,3,"fly (3,1)",0.19999999999999996,0.10933786078101093,0.2076966610073896,0.23471827963281053,1.173591398164053,-1.0384833050369482,3.7412555375204115,1.3486980915478106,0.3630683042448856,,,,,,
10,2.0,612.0879120879121,769.2527472527472,607,764,11,10,26.08791208791206,,3.7472527472527872,,3.7472527472527872,,0.14493284493284478,0.006266308941894293,True,8,1,3,3,"fly (3,1)",0.19999999999999996,-0.10563629918476636,-0.11284414510225815,0.1545730532444545,0.7728652662222727,0.5642207255112909,3.736648059228704,0.9307936430614517,-0.023037391458539596,,,,,,
11,2.2,611.939393939394,769.1717171717172,606,764,12,10,25.939393939393995,,3.828282828282795,,3.828282828282795,,0.1441077441077444,0.006401810749636781,True,8,1,3,3,"fly (3,1)",0.20000000000000018,-0.14851814851806466,-0.08103008103000775,0.16918485295960609,0.8459242647980296,0.4051504051500384,3.7046657046657097,1.292247680665321,-0.1599117728149705,,,,,,
12,2.4,612.2857142857143,769.4615384615385,607,765,12,9,26.285714285714334,,3.538461538461547,,3.538461538461547,,0.1460317460317463,0.005917159763313624,True,8,1,3,3,"fly (3,1)",0.19999999999999973,0.3463203463203399,0.2898212898212478,0.4515907021951314,2.25795351097566,-1.4491064491062409,3.6494590066018495,1.3656690993701546,-0.27603349031930297,,,,,,
13,2.6,612.0918367346939,769.4183673469388,606,765,13,9,26.091836734693857,,3.581632653061206,,3.581632653061206,,0.14495464852607698,0.005989352262644157,True,8,1,3,3,"fly (3,1)",0.20000000000000018,-0.19387755102047777,-0.04317111459965872,0.19862590446735498,0.993129522336774,0.21585557299829342,3.553920286063127,1.160337236007529,-0.47769360269361116,,,,,,
14,2.8,612.1145833333334,769.4583333333334,606,765,13,9,26.11458333333337,,3.5416666666666288,,3.5416666666666288,,0.14508101851851873,0.005922519509475968,True,8,1,3,3,"fly (3,1)",0.19999999999999973,0.02274659863951456,0.03996598639457716,0.04598573494203058,0.2299286747101532,-0.19982993197288607,3.537698412698395,0.61731480368591,-0.08110936682366325,,,,,,
15,3.0,612.0,769.5102040816327,606,765,13,9,26.0,,3.4897959183673493,,3.4897959183673493,,0.14444444444444443,0.005835779127704597,True,8,1,3,3,"fly (3,1)",0.20000000000000018,-0.11458333333337123,0.05187074829927951,0.12577724280216065,0.6288862140108027,-0.25935374149639734,3.9073129251700416,3.598109639012844,1.8480725623582337,,,,,,
16,3.2,610.4166666666666,768.3095238095239,603,761,17,13,24.41666666666663,,4.690476190476147,,4.690476190476147,,0.13564814814814793,0.007843605669692553,True,8,1,3,3,"fly (3,1)",0.20000000000000018,-1.5833333333333712,-1.200680272108798,1.9871028056635172,9.935514028317577,6.003401360543984,4.599206349206345,5.166984159797605,3.4594671201815195,,,,,,
17,3.4,610.0765306122449,767.3826530612245,602,757,18,17,24.076530612244937,,5.61734693877554,,5.61734693877554,,0.13375850340136075,0.009393556753805252,True,8,1,3,3,"fly (3,1)",0.19999999999999973,-0.34013605442169137,-0.9268707482993932,0.9873104474128859,4.936552237064436,4.634353741496972,5.812336577374178,10.677802189089496,6.065651140839158,,,,,,
18,3.6,613.1578947368421,765.8708133971292,604,756,17,18,27.15789473684208,,7.1291866028708455,,7.1291866028708455,,0.150877192982456,0.011921716727208771,True,8,1,3,3,"fly (3,1)",0.20000000000000018,3.081364124597144,-1.5118396640953051,3.4322680603772966,17.16134030188647,7.5591983204765185,7.703288958326577,17.759745922644235,9.454761904762002,,,,,,
19,3.8,618.49,762.6366666666667,610,753,18,21,32.49000000000001,,10.363333333333344,,10.363333333333344,,0.18050000000000005,0.017329988851727998,True,8,1,3,3,"fly (3,1)",0.19999999999999973,5.332105263157928,-3.2341467304624985,6.236269045796352,31.1813452289818,16.170733652312514,11.435953615098356,27.154915354632863,18.66332328385889,,,,,,
20,4.0,619.9914772727273,756.1846590909091,611,742,18,28,33.99147727272725,,16.815340909090878,,16.815340909090878,,0.18884154040404028,0.028119299179081736,True,8,1,3,3,"fly (3,1)",0.20000000000000018,1.501477272727243,-6.452007575757534,6.624412106606068,33.122060533030314,32.26003787878764,12.917179521344073,30.236125800993193,7.406129531228587,,,,,,
21,4.2,620.6281407035176,761.427135678392,614,753,15,18,34.6281407035176,,11.572864321607994,,11.572864321607994,,0.1923785594639867,0.019352615922421396,True,8,1,3,3,"fly (3,1)",0.20000000000000018,0.6366634307903496,5.242476587482884,5.2809943281935,26.404971640967474,-26.212382937414393,13.252554452925892,20.258924237544388,1.6768746579090996,,,,,,
22,4.4,620.7733990147783,761.6305418719212,614,753,16,18,34.773399014778306,,11.369458128078804,,11.369458128078804,,0.1931855500821017,0.019012471786084957,True,8,1,3,3,"fly (3,1)",0.20000000000000018,0.14525831126070443,0.2034061935291902,0.24994810772707618,1.2497405386353797,-1.0170309676459501,8.483419652541102,24.267710043561447,-23.845674001923996,,,,,,
23,4.6,622.5079365079365,770.4920634920635,618,767,12,7,36.507936507936506,,2.507936507936506,,2.507936507936506,,0.20282186948853614,0.0041938737590911475,True,8,1,3,3,"fly (3,1)",0.1999999999999993,1.7345374931582,8.861521620142298,9.029683590216266,45.14841795108149,-44.30760810071165,6.938697318007655,23.19907924485843,-22.6623195341788,,,,,,
0,0.0,635.6037037037037,569.0666666666666,629,557,14,26,49.60370370370367,,203.9333333333334,,203.9333333333334,,0.2755761316872426,0.34102564102564115,True,9,2,3,3,"fly (3,2)",,,,,,,205.37591324200918,7.225734793224081,7.21289954337891,,,,,,
1,0.2,635.431506849315,566.181506849315,629,554,14,26,49.43150684931504,,206.81849315068496,,206.81849315068496,,0.27461948249619467,0.34585032299445645,True,9,2,3,3,"fly (3,2)",0.2,-0.17219685438863053,-2.885159817351564,2.8902939172896325,14.451469586448162,14.42579908675782,208.0636469583874,16.234728814762352,15.842968429684182,,,,,,
2,0.4,633.6715867158672,559.5608856088561,626,548,16,25,47.67158671586719,,213.4391143911439,,213.4391143911439,,0.2648421484214844,0.35692159597181256,True,9,2,3,3,"fly (3,2)",0.2,-1.7599201334478494,-6.620621240458945,6.850543371567779,34.25271685783889,33.103106202294725,213.83208130182175,30.289078876274516,28.842171717171635,,,,,,
3,0.6,630.4659090909091,551.7613636363636,623,541,16,23,44.46590909090912,,221.23863636363637,,221.23863636363637,,0.24703282828282846,0.3699642748555792,True,9,2,3,3,"fly (3,2)",0.19999999999999996,-3.2056776249580707,-7.799521972492471,8.432610036907295,42.16305018453649,38.99760986246236,221.21218408430252,38.350161772312504,36.90051391240388,,,,,,
4,0.8,630.1423220973783,544.0411985018727,624,532,13,26,44.14232209737827,,228.9588014981273,,228.9588014981273,,0.2452351227632126,0.38287424999686837,True,9,2,3,3,"fly (3,2)",0.20000000000000007,-0.32358699353085285,-7.720165134490912,7.726943654912427,38.63471827456212,38.60082567245455,228.66435276657327,38.44330959238639,37.26084341135371,,,,,,
5,1.0,631.1204379562043,537.2043795620439,625,525,13,26,45.12043795620434,,235.79562043795613,,235.79562043795613,,0.25066909975669077,0.3943070575885554,True,9,2,3,3,"fly (3,2)",0.19999999999999996,0.9781158588260723,-6.836818939828845,6.9064320636121135,34.532160318060576,34.18409469914423,234.5770553740433,29.746340729382595,29.563513037350237,,,,,,
6,1.2,630.6589147286821,534.0232558139535,625,522,13,25,44.658914728682134,,238.97674418604652,,238.97674418604652,,0.24810508182601185,0.39962666251847245,True,9,2,3,3,"fly (3,2)",0.19999999999999996,-0.461523227522207,-3.1811237480903856,3.2144287191050194,16.0721435955251,15.905618740451931,240.54059515780781,30.16478116281986,29.817698918822476,,,,,,
7,1.4,629.3667953667954,526.1505791505792,623,515,14,24,43.36679536679537,,246.84942084942077,,246.84942084942077,,0.24092664092664096,0.41279167366123876,True,9,2,3,3,"fly (3,2)",0.19999999999999996,-1.292119361886762,-7.87267666337425,7.978007914974776,39.89003957487389,39.36338331687126,244.84644777668032,21.83164657618344,21.52926309436263,,,,,,
8,1.6,628.9651162790698,524.2868217054263,622,513,15,24,42.965116279069775,,248.7131782945737,,248.7131782945737,,0.23869509043927653,0.4159083249073139,True,9,2,3,3,"fly (3,2)",0.20000000000000018,-0.40167908772559713,-1.8637574451529417,1.9065513116302661,9.532756558151322,9.3187872257647,248.83223589037542,20.1852793858834,19.928940568475472,,,,,,
9,1.8,628.8062015503876,522.0658914728682,622,511,15,24,42.80620155038764,,250.9341085271318,,250.9341085271318,,0.2378122308354869,0.41962225506209333,True,9,2,3,3,"fly (3,2)",0.19999999999999996,-0.1589147286821344,-2.2209302325580893,2.226608404924998,11.133042024624993,11.104651162790448,251.17425773434283,11.887989426142715,11.710109219836985,,,,,,
10,2.0,628.2178988326848,519.124513618677,622,508,14,24,42.217898832684796,,253.87548638132296,,253.87548638132296,,0.23454388240380442,0.42454094712595813,True,9,2,3,3,"fly (3,2)",0.19999999999999996,-0.5883027177028453,-2.9413778541911597,2.9996339391303644,14.998169695651825,14.706889270955802,252.897621130315,8.757616033148613,8.616816979860953,,,,,,
11,2.2,628.1906614785992,519.1167315175097,622,508,14,24,42.19066147859917,,253.88326848249028,,253.88326848249028,,0.23439256376999537,0.42455396067306067,True,9,2,3,3,"fly (3,2)",0.20000000000000018,-0.027237354085627885,-0.007782101167322253,0.0283272758338021,0.14163637916901037,0.03891050583661123,254.6105431192468,8.800037826950856,8.564609944659013,,,,,,
12,2.4,627.663967611336,516.9271255060728,621,506,14,24,41.663967611336034,,256.0728744939272,,256.0728744939272,,0.23146648672964462,0.4282155091871692,True,9,2,3,3,"fly (3,2)",0.19999999999999973,-0.526693867263134,-2.189606011436922,2.2520614812063418,11.260307406031723,10.948030057184624,255.37721772683304,4.004605959087925,3.833373037931177,,,,,,
13,2.6,627.730612244898,516.8244897959183,621,506,14,23,41.730612244898,,256.17551020408166,,256.17551020408166,,0.23183673469387778,0.42838714080950113,True,9,2,3,3,"fly (3,2)",0.20000000000000018,0.06664463356196393,-0.10263571015445905,0.12237481841260717,0.6118740920630353,0.5131785507722948,257.6629901573558,11.595014465268276,11.428862152613812,,,,,,
14,2.8,627.3305439330544,512.2594142259414,620,502,16,22,41.3305439330544,,260.74058577405856,,260.74058577405856,,0.22961413296141334,0.43602104644491396,True,9,2,3,3,"fly (3,2)",0.19999999999999973,-0.40006831184359726,-4.565075569976898,4.582572379542007,22.912861897710062,22.82537784988452,259.349442461033,8.500425125964943,8.432261518385843,,,,,,
15,3.0,627.2768595041323,511.8677685950413,620,501,16,22,41.27685950413229,,261.1322314049587,,261.1322314049587,,0.22931588613406828,0.4366759722490948,True,9,2,3,3,"fly (3,2)",0.20000000000000018,-0.05368442892211078,-0.39164563090014326,0.3953078776243454,1.9765393881217252,1.9582281545007145,261.19982025921104,9.51496166187653,9.251888990890421,,,,,,
16,3.2,626.8512110726643,511.2733564013841,619,500,18,23,40.85121107266434,,261.7266435986159,,261.7266435986159,,0.226951172625913,0.4376699725729363,True,9,2,3,3,"fly (3,2)",0.20000000000000018,-0.4256484314679483,-0.594412193657206,0.7310967399595599,3.6554836997977964,2.9720609682860273,261.57233549715465,2.2441248497484128,1.862576189717893,,,,,,
17,3.4,626.6747404844291,511.1418685121107,618,500,19,23,40.674740484429094,,261.8581314878893,,261.8581314878893,,0.22597078046905053,0.43788985198643693,True,9,2,3,3,"fly (3,2)",0.19999999999999973,-0.1764705882352473,-0.13148788927338728,0.2200702922651414,1.1003514613257086,0.6574394463669373,261.90207752546127,2.056284309344037,1.6487101415330576,,,,,,
18,3.6,626.7773279352227,510.87854251012146,619,501,17,21,40.77732793522273,,262.12145748987854,,262.12145748987854,,0.22654071075123738,0.4383301964713688,True,9,2,3,3,"fly (3,2)",0.20000000000000018,0.10258745079363507,-0.26332600198924183,0.28260355338172005,1.413017766908599,1.316630009946208,262.8870677758479,5.184126687584716,4.92495125193311,,,,,,
19,3.8,627.2735426008969,508.31838565022423,621,498,13,22,41.27354260089692,,264.68161434977577,,264.68161434977577,,0.22929745889387176,0.44261139523373877,True,9,2,3,3,"fly (3,2)",0.19999999999999973,0.4962146656741879,-2.5601568598972335,2.6078021669039635,13.039010834519836,12.800784299486185,263.8688810894086,5.02061485467992,4.909066567803588,,,,,,
20,4.0,627.2723214285714,508.19642857142856,622,497,12,24,41.272321428571445,,264.80357142857144,,264.80357142857144,,0.2292906746031747,0.44281533683707597,True,9,2,3,3,"fly (3,2)",0.20000000000000018,-0.0012211723254722529,-0.12195707879567408,0.12196319252226367,0.6098159626113179,0.6097853939783698,267.72335324264236,19.796781370335296,19.272360766168777,,,,,,
21,4.2,629.4663865546219,499.3151260504202,624,488,12,25,43.46638655462186,,273.6848739495798,,273.6848739495798,,0.2414799253034548,0.4576670132936117,True,9,2,3,3,"fly (3,2)",0.20000000000000018,2.1940651260504183,-8.881302521008365,9.148303462774953,45.74151731387472,44.40651260504178,273.20591857432623,27.86113210805571,27.41282665841962,,,,,,
22,4.4,629.6379310344828,491.87068965517244,624,481,12,24,43.63793103448279,,281.12931034482756,,281.12931034482756,,0.24243295019157104,0.47011590358666816,True,9,2,3,3,"fly (3,2)",0.20000000000000018,0.1715444798609269,-7.444436395247749,7.446412609536222,37.23206304768107,37.22218197623871,278.80417021808006,28.44437206234156,27.991258218768635,,,,,,
23,4.6,629.5857740585774,491.40167364016736,624,480,12,25,43.585774058577385,,281.59832635983264,,281.59832635983264,,0.24214318921431882,0.47090021130406795,True,9,2,3,3,"fly (3,2)",0.1999999999999993,-0.05215697590540458,-0.4690160150050815,0.4719071650937754,2.3595358254688854,2.345080075025416,286.5176547385257,39.4111226006146,38.56742260222865,,,,,,
24,4.8,625.646288209607,476.174672489083,620,465,13,24,39.64628820960695,,296.825327510917,,296.825327510917,,0.22025715672003862,0.49636342393129934,True,9,2,3,3,"fly (3,2)",0.20000000000000018,-3.9394858489704347,-15.22700115108438,15.728353785738777,78.64176892869382,76.13500575542183,294.4206939394493,40.85792523880794,39.51519600461776,,,,,,
25,5.0,623.4279475982532,468.16157205240177,618,457,12,24,37.42794759825324,,304.83842794759823,,304.83842794759823,,0.20793304221251802,0.5097632574374552,True,9,2,3,3,"fly (3,2)",0.20000000000000018,-2.2183406113537103,-8.013100436681214,8.314494192452226,41.57247096226109,40.06550218340603,305.22725782551106,56.13013808023205,54.032819430308955,,,,,,
26,5.2,620.5,458.98198198198196,614,449,14,22,34.5,,314.01801801801804,,314.01801801801804,,0.19166666666666668,0.5251137425050469,True,9,2,3,3,"fly (3,2)",0.20000000000000018,-2.9279475982532404,-9.179590070419806,9.635234869948258,48.176174349741245,45.89795035209899,311.0691077195329,30.477872654521494,29.209249470109047,,,,,,
27,5.4,620.4473684210526,458.64912280701753,614,448,14,23,34.4473684210526,,314.35087719298247,,314.35087719298247,,0.19137426900584778,0.5256703631989673,True,9,2,3,3,"fly (3,2)",0.20000000000000018,-0.05263157894739834,-0.3328591749644261,0.336994530312429,1.6849726515621435,1.6642958748221288,314.18645713382557,16.916522896281368,15.586747071463266,,,,,,
28,5.6,620.5238095238095,458.8095238095238,615,449,12,21,34.52380952380952,,314.1904761904762,,314.1904761904762,,0.19179894179894177,0.5254021340977862,True,9,2,3,3,"fly (3,2)",0.1999999999999993,0.07644110275691673,0.1604010025062621,0.17768433750814225,0.8884216875407144,-0.8020050125313134,314.7684140907825,3.4805420211866376,2.9097847847847866,,,,,,
29,5.8,620.5509259259259,457.2361111111111,615,447,12,22,34.55092592592587,,315.7638888888889,,315.7638888888889,,0.19194958847736593,0.5280332590115199,True,9,2,3,3,"fly (3,2)",0.20000000000000018,0.02711640211634858,-1.5734126984127101,1.5736463448914124,7.868231724457055,7.867063492063544,315.4026071001877,3.8361138035309197,3.1709650470261823,,,,,,
30,6.0,620.2995391705069,456.7465437788018,614,446,13,23,34.29953917050693,,316.2534562211982,,316.2534562211982,,0.19055299539170517,0.5288519334802645,True,9,2,3,3,"fly (3,2)",0.20000000000000018,-0.2513867554189346,-0.48956733230926375,0.5503375997189982,2.7516879985949885,2.4478366615463165,316.09712785720853,3.670335614222948,3.4726037851037446,,,,,,
31,6.2,620.375,456.72596153846155,615,446,12,22,34.375,,316.27403846153845,,316.27403846153845,,0.1909722222222222,0.528886351942372,True,9,2,3,3,"fly (3,2)",0.20000000000000018,0.07546082949306765,-0.020582240340274893,0.07821742392336037,0.3910871196168015,0.10291120170137437,319.55360933868997,17.80184750705307,17.282407407407337,,,,,,
32,6.4,618.4133333333333,446.8666666666667,612,436,14,23,32.4133333333333,,326.1333333333333,,326.1333333333333,,0.1800740740740739,0.5453734671125975,True,9,2,3,3,"fly (3,2)",0.20000000000000018,-1.9616666666667015,-9.859294871794873,10.052553480589493,50.26276740294742,49.29647435897432,325.13260080562713,28.396450432947688,27.89495733468568,,,,,,
33,6.6,617.5837320574162,440.00956937799043,612,430,13,21,31.583732057416228,,332.99043062200957,,332.99043062200957,,0.17546517809675682,0.5568401849866381,True,9,2,3,3,"fly (3,2)",0.1999999999999993,-0.8296012759170708,-6.857097288676243,6.9070993552557445,34.53549677627885,34.28548644338134,331.98167333133006,35.05564075124823,34.24536262851482,,,,,,
34,6.8,616.1980676328502,436.17874396135267,610,426,13,22,30.19806763285021,,336.82125603864733,,336.82125603864733,,0.1677670424047234,0.5632462475562664,True,9,2,3,3,"fly (3,2)",0.20000000000000018,-1.3856644245660164,-3.830825416637765,4.073731614903684,20.3686580745184,19.154127083188808,337.5928371017356,29.112001489197922,28.05581885202744,,,,,,
35,7.0,614.1232227488151,430.0331753554502,609,419,12,23,28.123222748815124,,342.9668246445498,,342.9668246445498,,0.15624012638230625,0.5735231181346986,True,9,2,3,3,"fly (3,2)",0.20000000000000018,-2.0748448840350875,-6.14556860590244,6.486369923359308,32.43184961679651,30.727843029512172,346.36121572855336,45.55057552693728,43.84189313408916,,,,,,
36,7.2,610.3004926108374,413.7044334975369,605,404,12,21,24.30049261083741,,359.2955665024631,,359.2955665024631,,0.1350027367268745,0.600828706525858,True,9,2,3,3,"fly (3,2)",0.20000000000000018,-3.8227301379777145,-16.328741857913315,16.7702437778994,83.85121888949692,81.6437092895665,358.44630725308593,62.272477499105605,60.42545762266261,,,,,,
37,7.4,607.2857142857143,399.92346938775506,602,390,12,21,21.285714285714334,,373.07653061224494,,373.07653061224494,,0.11825396825396853,0.623873797010443,True,9,2,3,3,"fly (3,2)",0.20000000000000018,-3.014778325123075,-13.780964109781848,14.106872798204687,70.53436399102337,68.90482054890919,371.32113382084464,65.83985106945885,64.3741328387938,,,,,,
38,7.6,605.9,391.40869565217395,600,381,13,22,19.899999999999977,,381.59130434782605,,381.59130434782605,,0.11055555555555543,0.6381125490766322,True,9,2,3,3,"fly (3,2)",0.1999999999999993,-1.3857142857143572,-8.514773735581116,8.626794065571222,43.13397032785626,42.57386867790573,384.07699761826933,64.646842959207,63.779318987122906,,,,,,
39,7.8,604.2736842105263,375.43684210526317,599,366,12,20,18.273684210526312,,397.56315789473683,,397.56315789473683,,0.10152046783625729,0.6648213342721352,True,9,2,3,3,"fly (3,2)",0.20000000000000018,-1.626315789473665,-15.97185354691078,16.054438911748296,80.2721945587414,79.85926773455382,393.4103216582678,46.99411072787226,46.66662019999253,,,,,,
40,8.0,604.1584699453551,371.92349726775956,599,363,12,19,18.158469945355137,,401.07650273224044,,401.07650273224044,,0.10088038858530632,0.6706964928632784,True,9,2,3,3,"fly (3,2)",0.20000000000000018,-0.11521426517117561,-3.5133448375036096,3.5152334594038273,17.576167297019122,17.566724187518034,400.02350389693567,33.31804870790583,33.06591119333951,,,,,,
41,8.2,603.9308510638298,371.5691489361702,599,362,11,20,17.930851063829778,,401.4308510638298,,401.4308510638298,,0.09961583924349876,0.671289048601722,True,9,2,3,3,"fly (3,2)",0.1999999999999993,-0.22761888152535903,-0.35434833158933543,0.4211568535913918,2.1057842679569667,1.7717416579466834,400.2170977300032,12.896638998533343,0.9679691653375961,,,,,,
42,8.4,605.8409090909091,374.8560606060606,601,368,11,15,19.840909090909122,,398.1439393939394,,398.1439393939394,,0.1102272727272729,0.6657925407925408,True,9,2,3,3,"fly (3,2)",0.20000000000000107,1.9100580270793444,3.286911669890401,3.8015930861248077,19.007965430623937,-16.434558349451915,398.8417150225661,9.027957252790982,-6.876913537185657,,,,,,
43,8.6,605.8085106382979,376.04964539007096,601,369,11,15,19.80851063829789,,396.95035460992904,,396.95035460992904,,0.11004728132387716,0.663796579615266,True,9,2,3,3,"fly (3,2)",0.1999999999999993,-0.03239845261123264,1.1935847840103406,1.1940244119584045,5.970122059792043,-5.9679239200517245,397.08394275014797,9.8412414818006,-8.788861362090731,,,,,,
44,8.8,606.2534246575342,376.8424657534247,601,370,12,15,20.253424657534197,,396.1575342465753,,396.1575342465753,,0.11251902587518998,0.6624707930544738,True,9,2,3,3,"fly (3,2)",0.20000000000000107,0.44491401923630747,0.7928203633537123,0.9091273909971681,4.545636954985817,-3.9641018167685402,396.41559258179774,3.58672326108853,-3.3417508417507755,,,,,,
45,9.0,606.2986111111111,376.8611111111111,601,370,12,16,20.298611111111086,,396.1388888888889,,396.1388888888889,,0.11277006172839492,0.6624396135265701,True,9,2,3,3,"fly (3,2)",0.1999999999999993,0.04518645357688911,0.018645357686409625,0.04888215369754599,0.24441076848773083,-0.09322678843204846,396.1484531018923,1.740734438893959,-1.3356973995270944,,,,,,
46,9.2,606.2127659574468,376.8510638297872,601,370,12,15,20.212765957446777,,396.1489361702128,,396.1489361702128,,0.11229314420803765,0.6624564150003558,True,9,2,3,3,"fly (3,2)",0.1999999999999993,-0.08584515366430878,-0.0100472813238639,0.08643111864166547,0.4321555932083289,0.050236406619319676,396.20186068948243,0.5075459981257024,0.26703793795073555,,,,,,
47,9.4,606.2242990654206,376.68224299065423,602,371,10,13,20.22429906542061,,396.31775700934577,,396.31775700934577,,0.1123572170301145,0.662738724095896,True,9,2,3,3,"fly (3,2)",0.20000000000000107,0.011533107973832557,-0.16882083913299084,0.16921432653621044,0.8460716326810477,0.8441041956649497,396.36625621708555,0.9523871869686446,0.8219776380153078,,,,,,
48,9.6,606.2547169811321,376.3679245283019,602,370,10,14,20.254716981132106,,396.6320754716981,,396.6320754716981,,0.11252620545073391,0.6632643402536758,True,9,2,3,3,"fly (3,2)",0.1999999999999993,0.03041791571149588,-0.3143184623523325,0.3157868670033102,1.5789343350165568,1.5715923117616681,396.50339243621005,1.2619147439573928,0.6856810956224005,,,,,,
49,9.8,606.5172413793103,376.4396551724138,602,370,11,14,20.51724137931035,,396.5603448275862,,396.5603448275862,,0.11398467432950193,0.6631443893437897,True,9,2,3,3,"fly (3,2)",0.20000000000000107,0.26252439817824325,0.07173064411188079,0.27214765283491626,1.360738264174574,-0.3586532205594021,396.59621014964216,1.4698362995955654,0.606469545601126,,,,,,
0,0.0,981.1578947368421,755.1315789473684,979,751,5,10,185.15789473684208,,23.86842105263156,,23.86842105263156,,0.8988247317322431,0.03984711361040327,True,10,1,4,4,"fly (4,1)",,,,,,,25.906937799043078,10.235854775261643,10.192583732057585,,,,,,
1,0.2,980.7818181818182,751.0545454545454,979,738,6,27,184.78181818181815,,27.945454545454595,,27.945454545454595,,0.8969991173874667,0.046653513431476785,True,10,1,4,4,"fly (4,1)",0.2,-0.37607655502392845,-4.077033492823034,4.094341910104657,20.471709550523286,20.38516746411517,26.311415322818828,8.203988336791268,5.419915529564605,,,,,,
2,0.4,980.8518518518518,751.8796296296297,979,738,6,27,184.85185185185185,,27.120370370370324,,27.120370370370324,,0.897339086659475,0.04527607741297216,True,10,1,4,4,"fly (4,1)",0.2,0.07003367003369476,0.825084175084271,0.8280510919701032,4.140255459850516,-4.125420875421355,27.763514672316166,10.045535801133818,7.260496747486703,,,,,,
3,0.6,980.8876404494382,750.7752808988764,979,738,6,24,184.8876404494382,,28.224719101123583,,28.224719101123583,,0.8975128177157194,0.0471197313875185,True,10,1,4,4,"fly (4,1)",0.19999999999999996,0.03578859758636099,-1.1043487307532587,1.1049284786055305,5.524642393027653,5.521743653766294,27.849878308679802,3.273891911096197,0.43181818181816833,,,,,,
4,0.8,980.8636363636364,750.7954545454545,979,738,6,24,184.86363636363637,,28.204545454545496,,28.204545454545496,,0.897396293027361,0.047086052511762094,True,10,1,4,4,"fly (4,1)",0.20000000000000007,-0.024004085801834663,0.020173646578086846,0.0313555760820846,0.15677788041042295,-0.1008682328904342,28.566421518556353,3.6697097666467022,3.5827160493827637,,,,,,
5,1.0,980.85,749.73,979,737,6,25,184.85000000000002,,29.269999999999982,,29.269999999999982,,0.8973300970873788,0.04886477462437393,True,10,1,4,4,"fly (4,1)",0.19999999999999996,-0.013636363636351234,-1.065454545454486,1.065541805300406,5.327709026502031,5.3272727272724305,29.286969696969702,3.6924700466084377,3.6027408920667394,,,,,,
6,1.2,980.9204545454545,748.6136363636364,979,737,5,24,184.9204545454545,,30.386363636363626,,30.386363636363626,,0.8976721094439539,0.050728486872059476,True,10,1,4,4,"fly (4,1)",0.19999999999999996,0.07045454545448138,-1.1163636363636442,1.1185846465825715,5.592923232912859,5.581818181818222,31.08315569487983,8.992170459567262,8.980929989550647,,,,,,
7,1.4,980.751724137931,745.4068965517241,979,723,6,41,184.75172413793098,,33.59310344827588,,33.59310344827588,,0.8968530297957814,0.05608197570663753,True,10,1,4,4,"fly (4,1)",0.19999999999999996,-0.16873040752352608,-3.206739811912257,3.2111758238573787,16.055879119286896,16.03369905956129,30.180949122109876,18.946726947262814,-4.511032863849766,,,,,,
8,1.6,981.0985915492957,752.4366197183099,979,744,5,18,185.09859154929575,,26.563380281690115,,26.563380281690115,,0.8985368521810473,0.04434621082085161,True,10,1,4,4,"fly (4,1)",0.20000000000000018,0.3468674113647694,7.029723166585768,7.038275697917745,35.19137848958869,-35.14861583292881,28.23781525176082,20.429908560261655,-9.715669351745255,,,,,,
9,1.8,981.1898734177215,754.4430379746835,979,745,6,19,185.18987341772151,,24.556962025316466,,24.556962025316466,,0.8989799680471918,0.04099659770503584,True,10,1,4,4,"fly (4,1)",0.19999999999999996,0.09128186842576724,2.0064182563736495,2.0084936143818766,10.042468071909385,-10.032091281868249,25.814473076694487,18.05114847952792,-12.116710875331657,,,,,,
10,2.0,980.9384615384615,752.6769230769231,979,744,5,18,184.93846153846152,,26.323076923076883,,26.323076923076883,,0.8977595220313667,0.04394503659946057,True,10,1,4,4,"fly (4,1)",0.19999999999999996,-0.2514118792599902,-1.766114897760417,1.783919775417137,8.919598877085686,8.830574488802087,25.102407804804255,9.487872432941417,-3.560326359451169,,,,,,
11,2.2,981.0679611650485,754.5728155339806,979,743,6,23,185.06796116504847,,24.427184466019412,,24.427184466019412,,0.898388160995381,0.04077994067782873,True,10,1,4,4,"fly (4,1)",0.20000000000000018,0.12949962658694858,1.895892457057471,1.9003100699658393,9.501550349829188,-9.479462285287346,29.99135697096862,30.8142618074383,24.44474583082187,,,,,,
12,2.4,980.5904761904762,739.7761904761904,978,715,7,50,184.59047619047624,,39.223809523809564,,39.223809523809564,,0.8960702727693022,0.06548215279433985,True,10,1,4,4,"fly (4,1)",0.19999999999999973,-0.47748497457223493,-14.796625057790152,14.804327239079987,74.02163619540003,73.98312528895086,29.3214156672924,52.71740966794863,-3.3497065183810406,,,,,,
13,2.6,981.2650602409639,754.6867469879518,979,744,6,21,185.26506024096386,,24.31325301204822,,24.31325301204822,,0.8993449526260382,0.04058973791660805,True,10,1,4,4,"fly (4,1)",0.20000000000000018,0.6745840504876242,14.910556511761342,14.92580849172335,74.62904245861668,-74.55278255880664,28.895332902023522,51.53654346447797,-2.1304138263443346,,,,,,
14,2.8,981.0106382978723,755.8510638297872,978,745,7,21,185.01063829787233,,23.148936170212778,,23.148936170212778,,0.8981098946498657,0.03864597023407809,True,10,1,4,4,"fly (4,1)",0.19999999999999973,-0.2544219430915291,1.1643168418354435,1.1917903478834397,5.9589517394172065,-5.821584209177225,33.527396394087,76.84810905155281,23.160317460317376,,,,,,
15,3.0,979.91,725.88,978,712,5,31,183.90999999999997,,53.120000000000005,,53.120000000000005,,0.8927669902912619,0.08868113522537563,True,10,1,4,4,"fly (4,1)",0.20000000000000018,-1.100638297872365,-29.971063829787226,29.99126659132494,149.95633295662458,149.855319148936,42.763184908971276,53.8083169374807,46.17894257442131,,,,,,
16,3.2,979.8350515463917,726.979381443299,978,714,5,29,183.8350515463917,,52.02061855670104,,52.02061855670104,,0.8924031628465616,0.0868457738843089,True,10,1,4,4,"fly (4,1)",0.20000000000000018,-0.07494845360827185,1.0993814432989666,1.1019332232800634,5.509666116400312,-5.4969072164948285,52.2419948034532,52.19062951824285,47.75676005827833,,,,,,
18,3.6,979.7560975609756,727.4146341463414,978,714,4,29,183.7560975609756,,51.58536585365857,,51.58536585365857,,0.8920198910726971,0.08611914165886239,True,10,1,4,4,"fly (4,1)",0.3999999999999999,-0.07895398541609211,0.4352527030424653,0.442355792681476,1.1058894817036902,-1.0881317576061635,52.06619233431741,3.893510124777698,-0.5163017598102669,,,,,,
19,3.8,979.6481481481482,726.4074074074074,978,712,5,31,183.64814814814815,,52.59259259259261,,52.59259259259261,,0.8914958647968357,0.08780065541334325,True,10,1,4,4,"fly (4,1)",0.19999999999999973,-0.10794941282745185,-1.0072267389340368,1.0129949552458226,5.0649747762291195,5.036133694670191,52.13164652610889,2.6907532946080224,0.6899815448261423,,,,,,
20,4.0,979.7075471698113,726.7830188679245,978,714,5,29,183.70754716981128,,52.21698113207549,,52.21698113207549,,0.8917842095621906,0.08717359120546826,True,10,1,4,4,"fly (4,1)",0.20000000000000018,0.059399021663125495,0.3756114605171206,0.38027912517825757,1.901395625891286,-1.878057302585601,48.044632682997495,23.839422420162308,-20.435069215556968,,,,,,
21,4.2,980.3837837837838,739.6756756756756,978,715,7,49,184.38378378378377,,39.32432432432438,,39.32432432432438,,0.8950669115717659,0.0656499571357669,True,10,1,4,4,"fly (4,1)",0.20000000000000018,0.6762366139724918,12.89265680775111,12.91037937167332,64.55189685836655,-64.46328403875549,38.549229478374436,34.85299156169861,-34.7953982351145,,,,,,
23,4.6,981.2446808510638,754.8936170212766,979,743,6,23,185.24468085106378,,24.106382978723445,,24.106382978723445,,0.8992460235488533,0.04024437892942145,True,10,1,4,4,"fly (4,1)",0.39999999999999947,0.8608970672800069,15.217941345600934,15.242272880335193,38.10568220083803,-38.044853364002385,29.42801354546039,35.54598474962611,-32.924461876569445,,,,,,
24,4.8,981.52,754.1466666666666,979,745,6,19,185.51999999999998,,24.853333333333353,,24.853333333333353,,0.9005825242718446,0.041491374513077384,True,10,1,4,4,"fly (4,1)",0.20000000000000018,0.27531914893620524,-0.7469503546099077,0.796075037934756,3.9803751896737762,3.734751773049535,24.263167848699783,15.820306615512877,-13.142610695802277,,,,,,
25,5.0,981.1914893617021,755.1702127659574,979,745,6,21,185.1914893617021,,23.829787234042556,,23.829787234042556,,0.8989878124354471,0.03978261641743332,True,10,1,4,4,"fly (4,1)",0.20000000000000018,-0.3285106382978711,1.0235460992907974,1.074972491205371,5.37486245602685,-5.117730496453983,24.613509324927765,5.331841828825229,1.751707381139907,,,,,,
26,5.2,981.1574074074074,753.8425925925926,979,742,6,24,185.1574074074074,,25.15740740740739,,25.15740740740739,,0.8988223660553757,0.04199901069684039,True,10,1,4,4,"fly (4,1)",0.20000000000000018,-0.03408195429472016,-1.327620173364835,1.3280575681550186,6.640287840775088,6.6381008668241686,24.962092403419092,5.2646875919515,1.742915392456627,,,,,,
27,5.4,981.302752293578,753.1009174311927,979,741,7,24,185.302752293578,,25.89908256880733,,25.89908256880733,,0.899527923755233,0.04323719961403561,True,10,1,4,4,"fly (4,1)",0.20000000000000018,0.14534488617061925,-0.7416751613999395,0.7557824958105186,3.7789124790525896,3.7083758069996944,25.58023350084352,3.904742509892996,3.0907054871221322,,,,,,
28,5.6,981.4473684210526,753.3157894736842,979,744,6,19,185.4473684210526,,25.684210526315837,,25.684210526315837,,0.9002299437915174,0.04287848167999305,True,10,1,4,4,"fly (4,1)",0.1999999999999993,0.14461612747459185,0.21487204249149272,0.2590054419702668,1.2950272098513387,-1.0743602124574674,25.5883704256471,2.6088717028813946,0.04068462401789782,,,,,,
29,5.8,981.2222222222222,753.8181818181819,979,743,6,22,185.22222222222217,,25.18181818181813,,25.18181818181813,,0.8991370010787484,0.0420397632417665,True,10,1,4,4,"fly (4,1)",0.20000000000000018,-0.22514619883042997,0.5023923444977072,0.5505350839480572,2.7526754197402834,-2.5119617224885338,25.3492822966507,1.3492342098638648,-1.1954406449820003,,,,,,
30,6.0,981.2222222222222,753.8181818181819,979,743,6,22,185.22222222222217,,25.18181818181813,,25.18181818181813,,0.8991370010787484,0.0420397632417665,True,10,1,4,4,"fly (4,1)",0.20000000000000018,0.0,0.0,0.0,0.0,0.0,25.131212121212076,1.2322125491382618,-1.0903508771931065,,,,,,
31,6.2,981.11,753.97,979,743,6,22,185.11,,25.029999999999973,,25.029999999999973,,0.8985922330097088,0.04178631051752917,True,10,1,4,4,"fly (4,1)",0.20000000000000018,-0.11222222222215805,0.15181818181815743,0.1887924455349062,0.9439622276745302,-0.7590909090907865,25.093481877599515,0.41587162003622974,-0.18865121806281104,,,,,,
32,6.4,981.156862745098,753.9313725490196,979,743,6,22,185.156862745098,,25.068627450980443,,25.068627450980443,,0.8988197220635826,0.04185079708010091,True,10,1,4,4,"fly (4,1)",0.20000000000000018,0.046862745097996594,-0.03862745098047071,0.06073052648683751,0.3036526324341873,0.1931372549023534,25.055751633986954,0.41587162003622974,-0.18865121806281104,,,,,,
33,6.6,981.156862745098,753.9313725490196,979,743,6,22,185.156862745098,,25.068627450980443,,25.068627450980443,,0.8988197220635826,0.04185079708010091,True,10,1,4,4,"fly (4,1)",0.1999999999999993,0.0,0.0,0.0,0.0,0.0,24.884579472814796,1.0219999111459517,-0.8558608058607803,,,,,,
34,6.8,981.1758241758241,754.4835164835165,979,744,6,21,185.17582417582412,,24.516483516483504,,24.516483516483504,,0.8989117678438064,0.04092902089563189,True,10,1,4,4,"fly (4,1)",0.20000000000000018,0.01896143072610812,0.5521439344969394,0.5524694202007397,2.762347101003696,-2.7607196724846945,26.18380103409845,4.629039126949826,2.787933957795017,,,,,,
36,7.2,981.1460674157304,750.0337078651686,979,736,6,27,185.14606741573039,,28.966292134831406,,28.966292134831406,,0.8987673175520893,0.048357749807731894,True,10,1,4,4,"fly (4,1)",0.40000000000000036,-0.029756760093732737,-4.449808618347902,4.449908111938329,11.124770279845812,11.124521545869744,31.37986012834756,24.144333782757585,22.27212162262227,,,,,,
37,7.4,980.4852071005917,738.3431952662722,978,714,7,49,184.48520710059165,,40.65680473372777,,40.65680473372777,,0.8955592577698623,0.06787446533176589,True,10,1,4,4,"fly (4,1)",0.20000000000000018,-0.6608603151387342,-11.690512598896362,11.709176793484666,58.54588396742328,58.45256299448176,41.75229989515352,48.221617815421524,48.154024985406615,,,,,,
38,7.6,979.6760563380282,723.3661971830986,978,714,5,20,183.67605633802816,,55.63380281690138,,55.63380281690138,,0.8916313414467386,0.09287780102988544,True,10,1,4,4,"fly (4,1)",0.1999999999999993,-0.8091507625634904,-14.976998083173612,14.998839839799048,74.9941991989955,74.88499041586833,95.3392934259673,89.22408162544616,89.14367444024049,,,,,,
43,8.6,976.4545454545455,589.2727272727273,976,587,2,6,180.4545454545455,,189.72727272727275,,189.72727272727275,,0.8759929390997354,0.3167400212475338,True,10,1,4,4,"fly (4,1)",1.0,-3.221510883482665,-134.09346991037137,134.13216170991976,134.13216170991976,134.09346991037137,122.68053777208706,104.56318045445761,104.48923016311986,,,,,,
0,0.0,981.2142857142858,746.1428571428571,980,744,4,6,185.21428571428578,,32.85714285714289,,32.85714285714289,,0.899098474341193,0.054853326973527364,True,11,2,4,4,"fly (4,2)",,,,,,,32.85714285714289,0.0,0.0,,,,,,
0,0.0,980.2307692307693,738.5384615384615,979,737,4,5,184.23076923076928,,40.46153846153845,,40.46153846153845,,0.8943241224794626,0.06754847823295235,True,12,3,4,4,"fly (4,3)",,,,,,,64.23076923076923,59.45750775842575,59.423076923076934,,,,,,
2,0.4,978.6122448979592,691.0,977,670,5,41,182.61224489795916,,88.0,,88.0,,0.8864672082425202,0.14691151919866444,True,12,3,4,4,"fly (4,3)",0.4,-1.618524332810125,-47.53846153846155,47.5660062067406,118.9150155168515,118.84615384615387,72.23252998789481,40.10599903624463,40.008803785627926,,,,,,
3,0.6,978.763948497854,690.763948497854,977,658,5,63,182.76394849785402,,88.23605150214598,,88.23605150214598,,0.8872036334847282,0.14730559516218028,True,12,3,4,4,"fly (4,3)",0.19999999999999996,0.1517035998948586,-0.23605150214598325,0.2805963183764792,1.4029815918823962,1.1802575107299165,89.25572901109383,45.60076961414857,45.50061050061051,,,,,,
4,0.8,978.6556776556777,687.4688644688645,976,650,6,70,182.65567765567766,,91.53113553113553,,91.53113553113553,,0.8866780468722216,0.1528065701688406,True,12,3,4,4,"fly (4,3)",0.20000000000000007,-0.10827084217635274,-3.2950840289895496,3.296862346742366,16.484311733711824,16.47542014494774,90.45547932320369,6.126906789393659,5.9987515605492545,,,,,,
5,1.0,978.5842696629213,687.4007490636704,976,656,6,65,182.58426966292132,,91.59925093632955,,91.59925093632955,,0.886331406130686,0.15292028536949842,True,12,3,4,4,"fly (4,3)",0.19999999999999996,-0.0714079927563489,-0.06811540519402115,0.09868540851735104,0.4934270425867553,0.3405770259701058,90.92419610077582,8.921045121196196,2.3435838878606288,,,,,,
6,1.2,978.5733944954129,689.3577981651376,976,659,6,61,182.5733944954129,,89.64220183486236,,89.64220183486236,,0.8862786140554025,0.14965309154401063,True,12,3,4,4,"fly (4,3)",0.19999999999999996,-0.010875167508402228,1.9570491014671916,1.9570793174580017,9.78539658729001,-9.78524550733596,92.21212676914126,13.0144363925942,6.439653341827241,,,,,,
7,1.4,978.5289855072464,683.6050724637681,976,645,6,76,182.52898550724638,,95.39492753623188,,95.39492753623188,,0.8860630364429436,0.1592569741840265,True,12,3,4,4,"fly (4,3)",0.19999999999999996,-0.04440898816653771,-5.7527257013695134,5.752897109581166,28.76448554790584,28.763628506847574,91.18143089829213,24.3342119390164,-5.1534793542456585,,,,,,
8,1.6,978.7249283667622,690.4928366762178,976,642,7,96,182.72492836676224,,88.50716332378215,,88.50716332378215,,0.8870142153726323,0.14775820254387673,True,12,3,4,4,"fly (4,3)",0.20000000000000018,0.19594285951586699,6.887764212449724,6.890550736370673,34.45275368185334,-34.43882106224859,90.99817594493466,22.05079690387907,-0.9162747667873217,,,,,,
9,1.8,978.7703081232493,689.90756302521,976,643,7,95,182.77030812324927,,89.09243697478996,,89.09243697478996,,0.8872345054526664,0.1487352871031552,True,12,3,4,4,"fly (4,3)",0.19999999999999996,0.04537975648702286,-0.5852736510078103,0.5870302963756076,2.935151481878038,2.9263682550390517,90.3501192914432,19.733457424499917,-3.24028326745727,,,,,,
10,2.0,978.5795454545455,685.5492424242425,976,648,6,73,182.5795454545455,,93.4507575757575,,93.4507575757575,,0.8863084730803179,0.1560112814286436,True,12,3,4,4,"fly (4,3)",0.19999999999999996,-0.19076266870376912,-4.358320600967545,4.362493421953675,21.81246710976838,21.79160300483773,89.69709983560524,19.75840137612722,-3.2650972791897814,,,,,,
11,2.2,978.7784256559767,692.4518950437317,976,649,7,86,182.77842565597666,,86.54810495626828,,86.54810495626828,,0.887273910951343,0.14448765435103217,True,12,3,4,4,"fly (4,3)",0.20000000000000018,0.19888020143116591,6.902652619489231,6.905517107347055,34.527585536735245,-34.51326309744613,92.78256658044268,38.46140669356338,15.427333724187179,,,,,,
12,2.4,978.3410852713179,680.6511627906978,976,643,6,68,182.34108527131787,,98.34883720930225,,98.34883720930225,,0.8851508993753294,0.16418837597546285,True,12,3,4,4,"fly (4,3)",0.19999999999999973,-0.4373403846587962,-11.80073225303397,11.808833486837289,59.04416743418652,59.00366126516993,89.59064738852351,55.33005341582362,-15.959595959595783,,,,,,
13,2.6,978.875,695.125,976,642,7,101,182.875,,83.875,,83.875,,0.8877427184466019,0.14002504173622704,True,12,3,4,4,"fly (4,3)",0.20000000000000018,0.5339147286821344,14.473837209302246,14.483681455309833,72.4184072765491,-72.36918604651116,78.37461240310074,95.47934893676297,-56.08017492711385,,,,,,
14,2.8,979.9909090909091,726.1,978,712,5,31,183.9909090909091,,52.89999999999998,,52.89999999999998,,0.8931597528684908,0.08831385642737892,True,12,3,4,4,"fly (4,3)",0.19999999999999973,1.1159090909090992,30.975000000000023,30.99509441991063,154.97547209955334,-154.8750000000003,53.52916666666666,124.32793049834306,-124.2272286821704,,,,,,
15,3.0,981.3229166666666,755.1875,979,744,6,22,185.32291666666663,,23.8125,,23.8125,,0.8996258090614885,0.03975375626043406,True,12,3,4,4,"fly (4,3)",0.20000000000000018,1.3320075757575296,29.087499999999977,29.117982423785378,145.58991211892675,-145.43749999999974,33.739508032128505,101.36451122661269,-98.94829317269078,,,,,,
16,3.2,981.1927710843373,754.4939759036145,979,744,6,21,185.19277108433732,,24.506024096385545,,24.506024096385545,,0.898994034389987,0.04091155942635316,True,12,3,4,4,"fly (4,3)",0.20000000000000018,-0.1301455823293054,-0.6935240963855449,0.7056298922715935,3.5281494613579643,3.4676204819277214,24.131491154491375,50.065606196796914,-47.68168878043813,,,,,,
18,3.6,981.2278481012659,754.9240506329114,979,745,6,20,185.22784810126586,,24.075949367088583,,24.075949367088583,,0.8991643111711936,0.04019357156442167,True,12,3,4,4,"fly (4,3)",0.3999999999999999,0.035077016928539706,0.4300747292969618,0.4315028040424071,1.078757010106018,-1.0751868232424047,24.21930761018757,1.535635490487994,0.7974778862284483,,,,,,
19,3.8,981.2278481012659,754.9240506329114,979,745,6,20,185.22784810126586,,24.075949367088583,,24.075949367088583,,0.8991643111711936,0.04019357156442167,True,12,3,4,4,"fly (4,3)",0.19999999999999973,0.0,0.0,0.0,0.0,0.0,24.063619924379395,0.45651457365851966,-0.4200428212933976,,,,,,
20,4.0,981.2727272727273,754.961038961039,979,745,6,19,185.27272727272725,,24.03896103896102,,24.03896103896102,,0.8993821712268313,0.04013182143399169,True,12,3,4,4,"fly (4,3)",0.20000000000000018,0.04487917146138898,0.036988328127563364,0.05815734217390824,0.29078671086954094,-0.18494164063781665,29.44592251630225,13.606857926123178,13.424932873034168,,,,,,
22,4.4,980.3199999999999,738.7771428571428,978,715,7,49,184.31999999999994,,40.22285714285715,,40.22285714285715,,0.8947572815533977,0.06715001192463631,True,12,3,4,4,"fly (4,3)",0.40000000000000036,-0.9527272727273157,-16.18389610389613,16.21191482700001,40.529787067499996,40.45974025974029,39.27393939393937,24.727190267524634,24.53921858731984,,,,,,
24,4.8,979.88,725.44,978,713,5,26,183.88,,53.559999999999945,,53.559999999999945,,0.892621359223301,0.08941569282136885,True,12,3,4,4,"fly (4,3)",0.39999999999999947,-0.4399999999999409,-13.337142857142794,13.344398809681724,33.36099702420436,33.34285714285703,48.603418134377044,27.23246350336817,22.04652790132259,,,,,,
25,5.0,980.1780821917808,726.972602739726,978,718,5,21,184.17808219178085,,52.02739726027403,,52.02739726027403,,0.8940683601542759,0.08685709058476465,True,12,3,4,4,"fly (4,3)",0.20000000000000018,0.2980821917808498,1.5326027397259168,1.5613212836800316,7.806606418400151,-7.663013698629577,52.83020768890852,15.198166605274041,10.019662058371756,,,,,,
26,5.2,980.0483870967741,726.0967741935484,978,718,5,19,184.04838709677415,,52.90322580645159,,52.90322580645159,,0.8934387723144376,0.08831924174699764,True,12,3,4,4,"fly (4,3)",0.20000000000000018,-0.12969509500669574,-0.8758285461775586,0.8853792746435234,4.426896373217613,4.379142730887789,52.51533589403675,4.717110242298931,-1.5743589743588284,,,,,,
27,5.4,979.7948717948718,726.3846153846154,978,717,5,21,183.79487179487182,,52.61538461538464,,52.61538461538464,,0.8922081155090865,0.08783870553486585,True,12,3,4,4,"fly (4,3)",0.20000000000000018,-0.2535153019023255,0.2878411910669456,0.38356558705580607,1.9178279352790286,-1.4392059553347267,52.43602803534892,3.4914557226159535,-0.396539293439177,,,,,,
28,5.6,979.7894736842105,727.2105263157895,978,718,5,21,183.78947368421052,,51.78947368421052,,51.78947368421052,,0.8921819110884006,0.08645988928916615,True,12,3,4,4,"fly (4,3)",0.1999999999999993,-0.00539811066130369,0.8259109311741213,0.8259285718702409,4.129642859351219,-4.1295546558706215,52.05876229034126,2.2732257451067412,-1.8863287250383063,,,,,,
29,5.8,979.9428571428572,727.2285714285714,978,718,5,21,183.94285714285718,,51.7714285714286,,51.7714285714286,,0.8929264909847436,0.08642976389220133,True,12,3,4,4,"fly (4,3)",0.20000000000000018,0.15338345864665826,0.01804511278191967,0.1544412881379954,0.7722064406899763,-0.09022556390959827,51.82506265664161,2.2310895859177213,-1.1684981684982136,,,,,,
30,6.0,979.6142857142858,727.0857142857143,978,718,5,21,183.61428571428576,,51.91428571428571,,51.91428571428571,,0.8913314840499309,0.08666825661817314,True,12,3,4,4,"fly (4,3)",0.20000000000000018,-0.3285714285714221,-0.14285714285711038,0.358283891542394,1.7914194577119684,0.7142857142855512,51.72440476190476,1.594901875086796,-0.5032894736842665,,,,,,
31,6.2,979.7375,727.5125,978,718,5,21,183.73749999999995,,51.487499999999955,,51.487499999999955,,0.8919296116504852,0.08595575959933215,True,12,3,4,4,"fly (4,3)",0.20000000000000018,0.12321428571419801,0.4267857142857565,0.444215945371689,2.2210797268584432,-2.133928571428781,51.34226190476189,2.878976780327926,-1.9107142857143231,,,,,,
32,6.4,980.0714285714286,728.375,979,719,4,20,184.07142857142856,,50.625,,50.625,,0.8935506241331483,0.08451585976627712,True,12,3,4,4,"fly (4,3)",0.20000000000000018,0.33392857142860066,0.8624999999999545,0.9248862312826739,4.624431156413365,-4.312499999999769,51.07704802259885,3.1052918237746447,-1.3260694108151794,,,,,,
33,6.6,980.0508474576271,727.8813559322034,979,718,4,21,184.05084745762713,,51.118644067796595,,51.118644067796595,,0.8934507158137239,0.08533997340199766,True,12,3,4,4,"fly (4,3)",0.1999999999999993,-0.02058111380142691,-0.49364406779659475,0.4940729176104235,2.470364588052126,2.4682203389829827,50.64470675275758,3.913646558573088,-2.16170634920633,,,,,,
34,6.8,980.0952380952381,728.8095238095239,979,722,4,17,184.09523809523807,,50.19047619047615,,50.19047619047615,,0.8936662043458159,0.08379044439144599,True,12,3,4,4,"fly (4,3)",0.20000000000000018,0.044390637610945305,0.9281678773204476,0.9292287862507552,4.646143931253772,-4.6408393866022335,52.31430769172471,6.9217053578778085,3.811899172814615,,,,,,
36,7.2,979.6760563380282,723.3661971830986,978,714,5,20,183.67605633802816,,55.63380281690138,,55.63380281690138,,0.8916313414467386,0.09287780102988544,True,12,3,4,4,"fly (4,3)",0.40000000000000036,-0.4191817572099126,-5.4433266264252325,5.459443021731016,13.648607554327528,13.608316566063069,45.04513003949622,28.06441601369625,-18.946417361671614,,,,,,
38,7.6,981.0666666666666,749.6888888888889,979,736,6,26,185.0666666666666,,29.31111111111113,,29.31111111111113,,0.8983818770226534,0.04893340753107034,True,12,3,4,4,"fly (4,3)",0.39999999999999947,1.390610328638445,26.32269170579025,26.359398622202946,65.89849655550745,-65.8067292644757,37.78749878186496,28.0630152709695,-18.888685388685477,,,,,,
39,7.8,981.3186813186813,750.5824175824176,979,737,6,26,185.31868131868134,,28.417582417582366,,28.417582417582366,,0.8996052491198123,0.0474417068740941,True,12,3,4,4,"fly (4,3)",0.20000000000000018,0.2520146520147364,0.893528693528765,0.9283883406147075,4.641941703073534,-4.467643467643821,28.296866096866097,25.61416828588951,-25.517587003502452,,,,,,
40,8.0,981.2095238095238,751.8380952380952,979,737,6,27,185.20952380952383,,27.161904761904793,,27.161904761904793,,0.8990753582986594,0.04534541696478263,True,12,3,4,4,"fly (4,3)",0.20000000000000018,-0.10915750915751232,1.255677655677573,1.2604133198175105,6.302066599087547,-6.27838827838786,27.218803418803418,5.479765648434768,-5.390313390313389,,,,,,
41,8.2,981.034188034188,752.9230769230769,979,737,6,29,185.034188034188,,26.076923076923094,,26.076923076923094,,0.8982242137581942,0.04353409528701685,True,12,3,4,4,"fly (4,3)",0.1999999999999993,-0.17533577533583866,1.084981684981699,1.0990577286286405,5.495288643143222,-5.424908424908514,26.271801471801496,4.768749509267344,-4.735009735009602,,,,,,
42,8.4,981.072072072072,753.4234234234234,979,737,6,29,185.07207207207205,,25.5765765765766,,25.5765765765766,,0.8984081168547187,0.042698792281430045,True,12,3,4,4,"fly (4,3)",0.20000000000000107,0.03788403788405503,0.5003465003464953,0.5017786571142558,2.508893285571266,-2.501732501732463,29.52537290037291,12.129308174249312,6.8128217503217074,,,,,,
44,8.8,980.6607142857142,742.077380952381,978,719,7,46,184.66071428571422,,36.92261904761904,,36.92261904761904,,0.8964112343966709,0.061640432466809746,True,12,3,4,4,"fly (4,3)",0.40000000000000036,-0.4113577863578257,-11.346042471042438,11.353497037613389,28.383742594033446,28.36510617760607,32.377904463564356,14.11565334825797,4.8076224234218445,,,,,,
45,9.0,980.5482233502538,744.3654822335026,978,720,7,46,184.5482233502538,,34.634517766497424,,34.634517766497424,,0.895865161894436,0.05782056388396899,True,12,3,4,4,"fly (4,3)",0.1999999999999993,-0.11249093546041422,2.2881012811216124,2.2908648330338313,11.454324165169197,-11.440506405608103,35.8579655302176,15.583247036832882,7.945269940730853,,,,,,
46,9.2,980.5642458100558,742.9832402234637,978,720,7,46,184.5642458100558,,36.01675977653633,,36.01675977653633,,0.8959429408255136,0.06012814653845799,True,12,3,4,4,"fly (4,3)",0.1999999999999993,0.01602245980200223,-1.3822420100389081,1.3823348702591958,6.9116743512960035,6.9112100501945655,36.798873052646854,12.336372288317042,4.704537612146253,,,,,,
47,9.4,980.5465838509317,739.2546583850932,978,719,7,45,184.5465838509317,,39.745341614906806,,39.745341614906806,,0.8958572031598627,0.06635282406495294,True,12,3,4,4,"fly (4,3)",0.20000000000000107,-0.017661959124097848,-3.7285818383704736,3.7286236696972037,18.64311834848592,18.64290919185227,36.988601698382276,16.10025117912807,0.9486432286770743,,,,,,
48,9.6,980.8086419753087,743.7962962962963,978,724,7,39,184.80864197530866,,35.203703703703695,,35.203703703703695,,0.8971293299772265,0.05877079082421318,True,12,3,4,4,"fly (4,3)",0.1999999999999993,0.2620581243769493,4.541637911203111,4.54919216752044,22.74596083760228,-22.708189556015636,37.17377815841235,16.09744621523767,0.9258823001502803,,,,,,
49,9.8,980.6265060240964,742.4277108433735,978,723,7,40,184.62650602409644,,36.57228915662654,,36.57228915662654,,0.8962451748742546,0.06105557455196417,True,12,3,4,4,"fly (4,3)",0.20000000000000107,-0.18213595121221715,-1.3685854529228436,1.380651891924972,6.903259459624823,6.842927264614182,35.88799643016512,14.82461014861355,-7.932631145700714,,,,,,
0,0.0,980.1875,726.0625,979,719,4,15,184.1875,,52.9375,,52.9375,,0.8941140776699029,0.08837646076794657,True,13,4,4,4,"fly (4,4)",,,,,,,51.62026515151513,3.307658537763461,-3.2930871212121815,,,,,,
2,0.4,979.939393939394,728.6969696969697,978,724,5,10,183.939393939394,,50.303030303030255,,50.303030303030255,,0.8929096793174466,0.0839783477513026,True,13,4,4,4,"fly (4,4)",0.4,-0.24810606060600549,2.634469696969745,2.6461268302107688,6.615317075526922,-6.586174242424363,51.38911985710763,3.2776700649527712,-1.1557264720374858,,,,,,
3,0.6,980.0975609756098,728.0731707317074,978,723,5,11,184.09756097560978,,50.926829268292636,,50.926829268292636,,0.8936774804641251,0.08501974836108954,True,13,4,4,4,"fly (4,4)",0.19999999999999996,0.15816703621578654,-0.623798965262381,0.6435386238662782,3.217693119331392,3.118994826311906,50.79884207932984,3.677550647172652,-0.7559974747474976,,,,,,
4,0.8,980.1041666666666,727.8333333333334,978,722,5,13,184.10416666666663,,51.16666666666663,,51.16666666666663,,0.8937095469255661,0.08542014468558702,True,13,4,4,4,"fly (4,4)",0.20000000000000007,0.006605691056847718,-0.23983739837399298,0.23992834933192855,1.1996417466596423,1.1991869918699645,51.00677506775063,1.8723255375502257,1.0396649421039683,,,,,,
5,1.0,980.0975609756098,728.0731707317074,978,723,5,11,184.09756097560978,,50.926829268292636,,50.926829268292636,,0.8936774804641251,0.08501974836108954,True,13,4,4,4,"fly (4,4)",0.19999999999999996,-0.006605691056847718,0.23983739837399298,0.23992834933192855,1.199641746659643,-1.1991869918699651,51.00677506775063,0.7997611644397619,-3.7007434154171886e-16,,,,,,
6,1.2,980.0975609756098,728.0731707317074,978,723,5,11,184.09756097560978,,50.926829268292636,,50.926829268292636,,0.8936774804641251,0.08501974836108954,True,13,4,4,4,"fly (4,4)",0.19999999999999996,0.0,0.0,0.0,0.0,0.0,50.781006746237644,0.5821957945969726,-0.5820071498587256,,,,,,
10,2.0,980.1063829787234,728.5106382978723,978,723,5,12,184.10638297872345,,50.48936170212767,,50.48936170212767,,0.8937203057219585,0.08428941853443683,True,13,4,4,4,"fly (4,4)",0.8,0.008822003113664323,0.43746756616496896,0.4375565097050197,0.5469456371312745,-0.5468344577062112,81.71448789923102,52.00210114766304,51.61656130584519,,,,,,
13,2.6,977.4545454545455,635.2727272727273,977,633,2,6,181.4545454545455,,143.72727272727275,,143.72727272727275,,0.8808473080317742,0.23994536348459558,True,13,4,4,4,"fly (4,4)",0.6000000000000001,-2.6518375241779495,-93.23791102514508,93.27561468351472,155.45935780585785,155.39651837524178,121.48246788672323,96.2055886231696,95.78905547833948,,,,,,
14,2.8,976.4615384615385,608.7692307692307,976,606,2,7,180.46153846153845,,170.23076923076928,,170.23076923076928,,0.8760268857356236,0.284191601386927,True,13,4,4,4,"fly (4,4)",0.19999999999999973,-0.9930069930070431,-26.503496503496535,26.522092485303904,132.6104624265197,132.51748251748285,154.72960372960378,129.39824740162712,62.638000297574905,,,,,,
15,3.0,977.4615384615385,628.7692307692307,977,626,2,7,181.46153846153845,,150.23076923076928,,150.23076923076928,,0.8808812546676624,0.25080261975086693,True,13,4,4,4,"fly (4,4)",0.20000000000000018,1.0,20.0,20.024984394500787,100.12492197250384,-99.99999999999991,157.83384615384617,78.75141578247835,12.00967365967376,,,,,,
19,3.8,977.28,625.96,976,621,3,12,181.27999999999997,,153.03999999999996,,153.03999999999996,,0.8799999999999999,0.25549248747913184,True,13,4,4,4,"fly (4,4)",0.7999999999999998,-0.18153846153848008,-2.8092307692306804,2.8150903587292113,3.518862948411515,3.5115384615383514,152.33663322185063,35.759092504987905,-30.99760312151609,,,,,,
20,4.0,977.4782608695652,625.2608695652174,977,620,2,12,181.47826086956525,,153.73913043478262,,153.73913043478262,,0.8809624314056566,0.2566596501415403,True,13,4,4,4,"fly (4,4)",0.20000000000000018,0.19826086956527433,-0.6991304347826599,0.726698518809671,3.6334925940483513,3.4956521739132964,150.16880105401845,10.727356676828558,-6.007484544441007,,,,,,
22,4.4,977.4545454545455,635.2727272727273,977,633,2,6,181.4545454545455,,143.72727272727275,,143.72727272727275,,0.8808473080317742,0.23994536348459558,True,13,4,4,4,"fly (4,4)",0.40000000000000036,-0.023715415019751163,10.011857707509876,10.011885795210334,25.029714488025814,-25.029644268774668,148.99604743083003,19.2214808904418,2.4794466403162523,,,,,,
23,4.6,977.195652173913,629.4782608695652,976,621,3,19,181.195652173913,,149.52173913043475,,149.52173913043475,,0.8795905445335582,0.24961893010089276,True,13,4,4,4,"fly (4,4)",0.1999999999999993,-0.25889328063249195,-5.794466403162005,5.800247117850228,29.001235589251245,28.972332015810128,151.1614353251182,35.87212031401733,19.170154227699,,,,,,
24,4.8,977.4705882352941,618.7647058823529,977,615,2,9,181.47058823529414,,160.23529411764707,,160.23529411764707,,0.880925185608224,0.26750466463714034,True,13,4,4,4,"fly (4,4)",0.20000000000000018,0.27493606138114046,-10.71355498721232,10.717082172954994,53.58541086477492,53.56777493606155,157.33280418614223,30.872419000682086,30.856844305120237,,,,,,
25,5.0,977.4827586206897,616.7586206896551,977,610,2,15,181.48275862068965,,162.24137931034488,,162.24137931034488,,0.8809842651489789,0.2708537217201083,True,13,4,4,4,"fly (4,4)",0.20000000000000018,0.012170385395506855,-2.0060851926978103,2.0061221096040205,10.030610548020093,10.030425963489042,162.12185410562697,23.972361009221896,23.94524959742358,,,,,,
26,5.2,977.2777777777778,615.1111111111111,976,607,3,18,181.27777777777783,,163.8888888888889,,163.8888888888889,,0.8799892125134846,0.2736041550732703,True,13,4,4,4,"fly (4,4)",0.20000000000000018,-0.20498084291182295,-1.6475095785440317,1.6602123229741352,8.301061614870669,8.237547892720151,163.88342273307794,8.862815470402198,8.807843137254842,,,,,,
27,5.4,977.02,613.48,976,602,3,23,181.01999999999998,,165.51999999999998,,165.51999999999998,,0.8787378640776699,0.27632721202003335,True,13,4,4,4,"fly (4,4)",0.20000000000000018,-0.2577777777778465,-1.6311111111110677,1.6513548496631687,8.256774248315836,8.155555555555331,163.9601956673655,10.60019474268259,0.38386467143783004,,,,,,
28,5.6,976.9811320754717,616.5283018867924,976,607,3,20,180.9811320754717,,162.4716981132076,,162.4716981132076,,0.8785491848323869,0.27123822723406943,True,13,4,4,4,"fly (4,4)",0.1999999999999993,-0.03886792452829013,3.0483018867923874,3.0485496729722423,15.242748364861265,-15.24150943396199,164.10834381551362,10.935904607747405,0.7407407407405492,,,,,,
29,5.8,976.9777777777778,614.6666666666667,976,606,3,18,180.97777777777776,,164.33333333333326,,164.33333333333326,,0.8785329018338727,0.27434613244296036,True,13,4,4,4,"fly (4,4)",0.20000000000000018,-0.003354297693931585,-1.8616352201256632,1.8616382420130249,9.308191210065116,9.308176100628307,163.80755950178812,8.791159651748734,-1.5039215686274308,,,,,,
30,6.0,977.2058823529412,614.3823529411765,976,608,3,15,181.20588235294122,,164.61764705882354,,164.61764705882354,,0.879640205596802,0.2748207797309241,True,13,4,4,4,"fly (4,4)",0.20000000000000018,0.2281045751634565,-0.28431372549027856,0.3645078760639644,1.8225393803198204,1.4215686274513915,165.93237807943686,10.761031536792155,10.624092888243686,,,,,,
31,6.2,977.0769230769231,610.1538461538462,976,608,3,6,181.0769230769231,,168.8461538461538,,168.8461538461538,,0.8790141896938014,0.2818800565044304,True,13,4,4,4,"fly (4,4)",0.20000000000000018,-0.12895927601812218,-4.228506787330275,4.2304728039983095,21.152364019991527,21.142533936651358,167.4366515837104,7.6583011334371145,7.521367521367583,,,,,,
32,6.4,977.0769230769231,610.1538461538462,976,608,3,6,181.0769230769231,,168.8461538461538,,168.8461538461538,,0.8790141896938014,0.2818800565044304,True,13,4,4,4,"fly (4,4)",0.20000000000000018,0.0,0.0,0.0,0.0,0.0,168.8461538461538,10.576182009995764,10.571266968325679,,,,,,
0,0.0,978.6363636363636,697.7840909090909,977,687,5,23,182.63636363636363,,81.21590909090912,,81.21590909090912,,0.8865842894969108,0.13558582485961457,True,14,5,4,4,"fly (4,5)",,,,,,,74.61564685314687,33.04527241644794,-33.00131118881126,,,,,,
1,0.2,979.3179487179488,710.9846153846154,977,689,6,46,183.31794871794875,,68.01538461538462,,68.01538461538462,,0.8898929549414988,0.11354822139463208,True,14,5,4,4,"fly (4,5)",0.2,0.6815850815851263,13.200524475524503,13.218108966579178,66.09054483289589,-66.00262237762252,70.66376456876458,30.8714399285122,-30.75984848484855,,,,,,
2,0.4,980.04,716.24,979,712,3,10,184.03999999999996,,62.75999999999999,,62.75999999999999,,0.893398058252427,0.10477462437395658,True,14,5,4,4,"fly (4,5)",0.2,0.7220512820512113,5.255384615384628,5.304754990528142,26.52377495264071,-26.27692307692314,65.3876923076923,46.3071598927683,-46.13977272727283,,,,,,
0,0.0,977.752688172043,667.8387096774193,977,647,3,39,181.752688172043,,111.16129032258073,,111.16129032258073,,0.8822946027769079,0.18557811406106967,True,15,6,4,4,"fly (4,6)",,,,,,,112.88392384981495,8.613819677731028,8.613167636171113,,,,,,
1,0.2,977.7950819672132,664.3934426229508,976,643,4,43,181.79508196721315,,114.60655737704917,,114.60655737704917,,0.882500397899093,0.19132981198171814,True,15,6,4,4,"fly (4,6)",0.2,0.04239379517014186,-3.445267054468445,3.4455278710924113,17.227639355462056,17.226335272342226,116.24819729522547,19.692933861118103,19.692423105776317,,,,,,
2,0.4,977.7674418604652,656.0232558139535,977,648,3,18,181.76744186046517,,122.97674418604652,,122.97674418604652,,0.8823662226236173,0.2053034126645184,True,15,6,4,4,"fly (4,6)",0.2,-0.027640106747981008,-8.370186808997346,8.37023244557845,41.851162227892246,41.85093404498673,118.79165078154784,29.539400791677153,29.538634658664478,,,,,,
0,0.0,977.4666666666667,620.2666666666667,977,617,2,8,181.4666666666667,,158.73333333333335,,158.73333333333335,,0.8809061488673141,0.26499721758486366,True,16,7,4,4,"fly (4,7)",,,,,,,160.48735632183912,8.770207212422022,8.770114942528835,,,,,,
1,0.2,977.4827586206897,616.7586206896551,977,610,2,15,181.48275862068965,,162.24137931034488,,162.24137931034488,,0.8809842651489789,0.2708537217201083,True,16,7,4,4,"fly (4,7)",0.2,0.01609195402295427,-3.508045977011534,3.5080828849688093,17.540414424844045,17.54022988505767,157.04712643678167,25.98233352327087,-14.277777777777677,,,,,,
2,0.4,977.0833333333334,628.8333333333333,976,627,3,5,181.08333333333337,,150.16666666666674,,150.16666666666674,,0.8790453074433658,0.25069560378408473,True,16,7,4,4,"fly (4,7)",0.2,-0.39942528735628,12.07471264367814,12.081317228993715,60.40658614496857,-60.3735632183907,154.06458675424196,26.624957917743373,-14.912698412698546,,,,,,
3,0.6,977.1428571428571,629.2142857142858,976,627,3,6,181.1428571428571,,149.78571428571422,,149.78571428571422,,0.8793342579750345,0.25005962318149283,True,16,7,4,4,"fly (4,7)",0.19999999999999996,0.059523809523739146,0.3809523809525217,0.3855746366835008,1.9278731834175042,-1.904761904762609,149.96190476190478,21.055022372041794,-20.513409961685813,,,,,,
4,0.8,977.0666666666666,629.0666666666666,976,627,3,6,181.0666666666666,,149.9333333333334,,149.9333333333334,,0.878964401294498,0.2503060656649973,True,16,7,4,4,"fly (4,7)",0.20000000000000007,-0.07619047619050434,-0.14761904761917322,0.16612155754786173,0.8306077877393084,0.7380952380958659,142.07301587301586,20.459886112228762,-19.916666666666746,,,,,,
6,1.2,977.9090909090909,652.5,977,649,3,8,181.90909090909088,,126.5,,126.5,,0.8830538393645189,0.21118530884808012,True,16,7,4,4,"fly (4,7)",0.3999999999999999,0.842424242424272,23.433333333333394,23.44847094621178,58.62117736552947,-58.5833333333335,143.05748792270535,63.55504034398427,24.450138026225172,,,,,,
7,1.4,977.4782608695652,626.2608695652174,977,621,2,12,181.47826086956525,,152.73913043478262,,152.73913043478262,,0.8809624314056566,0.25499020105973724,True,16,7,4,4,"fly (4,7)",0.19999999999999996,-0.43083003952563104,-26.239130434782624,26.242667175736795,131.213335878684,131.19565217391315,144.51180891035963,64.68867881795906,25.501744498121283,,,,,,
9,1.8,976.8148148148148,624.7037037037037,976,619,3,12,180.81481481481478,,154.2962962962963,,154.2962962962963,,0.8777418194893921,0.25758981017745625,True,16,7,4,4,"fly (4,7)",0.40000000000000013,-0.6634460547504659,-1.5571658615136812,1.692609283865477,4.231523209663691,3.8929146537842017,153.92847557702632,46.30972641825175,45.785695115405275,,,,,,
10,2.0,977.34375,624.25,976,617,3,15,181.34375,,154.75,,154.75,,0.8803094660194175,0.25834724540901505,True,16,7,4,4,"fly (4,7)",0.19999999999999996,0.5289351851852189,-0.4537037037036953,0.6968640332815091,3.4843201664075463,2.268518518518477,154.9513295346629,4.345665747981435,3.816631570254854,,,,,,
11,2.2,977.4615384615385,623.1923076923076,977,617,2,14,181.46153846153845,,155.80769230769238,,155.80769230769238,,0.8808812546676624,0.26011300886092215,True,16,7,4,4,"fly (4,7)",0.20000000000000018,0.1177884615384528,-1.0576923076923777,1.0642307735746148,5.321153867873069,5.288461538461884,160.26282051282055,14.983243034718656,14.538224121557542,,,,,,
13,2.6,976.4615384615385,608.7692307692307,976,606,2,7,180.46153846153845,,170.23076923076928,,170.23076923076928,,0.8760268857356236,0.284191601386927,True,16,7,4,4,"fly (4,7)",0.3999999999999999,-1.0,-14.423076923076906,14.45770202795014,36.144255069875356,36.05769230769227,165.59059829059834,14.24062820107856,14.200854700854775,,,,,,
15,3.0,976.4666666666667,608.2666666666667,976,605,2,8,180.4666666666667,,170.73333333333335,,170.73333333333335,,0.8760517799352753,0.28503060656649976,True,16,7,4,4,"fly (4,7)",0.3999999999999999,0.00512820512824419,-0.5025641025640653,0.5025902661949012,1.2564756654872533,1.2564102564101634,163.89914529914532,45.84188423595548,-20.89529914529916,,,,,,
16,3.2,977.4666666666667,628.2666666666667,977,625,2,8,181.4666666666667,,150.73333333333335,,150.73333333333335,,0.8809061488673141,0.2516416249304396,True,16,7,4,4,"fly (4,7)",0.20000000000000018,1.0,20.0,20.024984394500787,100.12492197250384,-99.99999999999991,158.6888888888889,40.249306957753454,-26.47008547008545,,,,,,
17,3.4,977.24,624.4,976,620,3,11,181.24,,154.60000000000002,,154.60000000000002,,0.8798058252427184,0.2580968280467446,True,16,7,4,4,"fly (4,7)",0.19999999999999973,-0.2266666666666879,-3.8666666666666742,3.873304647053851,19.36652323526928,19.333333333333396,158.30555555555554,52.32573052432184,-14.402777777777809,,,,,,
19,3.8,976.6666666666666,609.4166666666667,976,607,3,6,180.66666666666663,,169.58333333333326,,169.58333333333326,,0.8770226537216826,0.28311074012242615,True,16,7,4,4,"fly (4,7)",0.3999999999999999,-0.5733333333333803,-14.983333333333235,14.99429854607697,37.48574636519243,37.458333333333094,162.09166666666664,28.42613480023084,28.395833333333243,,,,,,
1,0.2,154.9090909090909,725.3636363636364,154,724,3,4,16.909090909090907,,63.636363636363626,,63.636363636363626,,0.0841248303934871,0.1041511679809552,True,17,6,1,1,"fly (1,6)",,,,,,,38.45707070707073,62.94896170695888,-62.948232323232254,,,,,,
3,0.6,154.66666666666666,775.7222222222222,154,772,3,8,16.666666666666657,,13.277777777777828,,13.277777777777828,,0.0829187396351575,0.021731223858883517,True,17,6,1,1,"fly (1,6)",0.39999999999999997,-0.24242424242424931,50.3585858585858,50.359169365567105,125.89792341391777,-125.89646464646451,29.314517726282435,45.79692275271569,-43.839126559714806,,,,,,
5,1.0,158.6764705882353,777.9705882352941,155,775,7,8,20.676470588235304,,11.029411764705856,,11.029411764705856,,0.10286801287679256,0.018051410416867194,True,17,6,1,1,"fly (1,6)",0.4,4.009803921568647,2.2483660130719727,4.597137937691717,11.492844844229293,-5.620915032679932,51.68017429193901,145.68432638958177,55.914141414141454,,,,,,
7,1.4,152.46666666666667,658.2666666666667,152,655,2,8,14.466666666666669,,130.73333333333335,,130.73333333333335,,0.07197346600331676,0.21396617566830337,True,17,6,1,1,"fly (1,6)",0.3999999999999999,-6.209803921568636,-119.70392156862749,119.86488436423926,299.6622109105982,299.2598039215688,114.64640522875818,222.81533587968943,216.95152505446617,,,,,,
8,1.6,151.0,586.8235294117646,150,584,3,7,13.0,,202.17647058823536,,202.17647058823536,,0.06467661691542288,0.3308943872147878,True,17,6,1,1,"fly (1,6)",0.20000000000000018,-1.4666666666666686,-71.44313725490201,71.4581903768482,357.29095188424066,357.2156862745097,250.060843731432,308.6347513700185,308.44860368389783,,,,,,
12,2.4,145.72727272727272,371.72727272727275,145,370,3,5,7.7272727272727195,,417.27272727272725,,417.27272727272725,,0.038444142921754826,0.6829340871894063,True,17,6,1,1,"fly (1,6)",0.7999999999999998,-5.2727272727272805,-215.0962566844919,215.1608730521732,268.95109131521656,268.8703208556149,309.7245989304813,313.1210215997287,313.04300356506235,,,,,,
1,0.2,154.1086956521739,695.4782608695652,153,688,4,16,16.108695652173907,,93.52173913043475,,93.52173913043475,,0.08014276443867616,0.15306340283213543,True,18,7,1,1,"fly (1,7)",,,,,,,94.65372670807454,1.5956822461891822,1.4149844720497384,,,,,,
5,1.0,152.92857142857142,693.2142857142857,152,691,3,6,14.928571428571416,,95.78571428571433,,95.78571428571433,,0.0742714996446339,0.15676876315174196,True,18,7,1,1,"fly (1,7)",0.8,-1.1801242236024905,-2.2639751552795815,2.5530915939026917,3.1913644923783644,2.829968944099477,95.15010351966873,2.1534334195027376,1.5385610766044522,,,,,,
6,1.2,153.47619047619048,692.8571428571429,152,690,4,7,15.476190476190482,,96.14285714285711,,96.14285714285711,,0.0769959725183606,0.15735328501285942,True,18,7,1,1,"fly (1,7)",0.19999999999999996,0.5476190476190652,-0.35714285714277594,0.6537871532259695,3.268935766129848,1.7857142857138801,96.02380952380952,2.1534334195027376,1.5385610766044522,,,,,,
7,1.4,153.47619047619048,692.8571428571429,152,690,4,7,15.476190476190482,,96.14285714285711,,96.14285714285711,,0.0769959725183606,0.15735328501285942,True,18,7,1,1,"fly (1,7)",0.19999999999999996,0.0,0.0,0.0,0.0,0.0,96.14285714285711,1.089645255376616,0.59523809523796,,,,,,
8,1.6,153.47619047619048,692.8571428571429,152,690,4,7,15.476190476190482,,96.14285714285711,,96.14285714285711,,0.0769959725183606,0.15735328501285942,True,18,7,1,1,"fly (1,7)",0.20000000000000018,0.0,0.0,0.0,0.0,0.0,95.88888888888887,1.2919698885792432,-1.269841269841171,,,,,,
9,1.8,153.33333333333334,693.6190476190476,152,690,4,8,15.333333333333343,,95.38095238095241,,95.38095238095241,,0.07628524046434498,0.1561063050424753,True,18,7,1,1,"fly (1,7)",0.19999999999999996,-0.1428571428571388,0.7619047619047024,0.7751819331475458,3.87590966573773,-3.8095238095235127,92.43386243386244,9.299434876628775,-9.272486772486651,,,,,,
11,2.2,153.66666666666666,703.2222222222222,152,695,5,17,15.666666666666657,,85.77777777777783,,85.77777777777783,,0.07794361525704804,0.1403891616657575,True,18,7,1,1,"fly (1,7)",0.40000000000000013,0.3333333333333144,9.60317460317458,9.60895798565944,24.022394964148592,-24.007936507936442,90.23472823472825,15.704578047497415,-2.9930254930255167,,,,,,
12,2.4,152.9090909090909,699.4545454545455,152,696,3,8,14.909090909090907,,89.5454545454545,,89.5454545454545,,0.07417458163726819,0.1465555720874869,True,18,7,1,1,"fly (1,7)",0.19999999999999973,-0.7575757575757507,-3.767676767676676,3.8430859025211803,19.215429512605926,18.838383838383404,88.04892057833236,15.665018686044277,-2.9263927793339306,,,,,,
13,2.6,153.11764705882354,700.1764705882352,152,697,3,7,15.117647058823536,,88.82352941176475,,88.82352941176475,,0.07521217442200764,0.14537402522383758,True,18,7,1,1,"fly (1,7)",0.20000000000000018,0.2085561497326296,0.7219251336897514,0.7514463162756634,3.7572315813783135,-3.609625668448754,88.26024955436719,11.7529651831332,1.0566448801741561,,,,,,
14,2.8,152.64705882352942,702.5882352941177,152,699,3,9,14.64705882352942,,86.41176470588232,,86.41176470588232,,0.07287093942054437,0.14142678347934914,True,18,7,1,1,"fly (1,7)",0.19999999999999973,-0.470588235294116,2.411764705882433,2.457246891083069,12.286234455415363,-12.058823529412182,106.30065359477128,29.205338613228577,18.633392751039853,,,,,,
18,3.6,152.04761904761904,645.3333333333333,151,642,3,8,14.047619047619037,,143.66666666666674,,143.66666666666674,,0.06988865197820417,0.23513366066557567,True,18,7,1,1,"fly (1,7)",0.8000000000000003,-0.5994397759103833,-57.25490196078442,57.258039842313664,71.57254980289206,71.5686274509805,133.51856803327394,72.63742533383656,64.52094474153284,,,,,,
19,3.8,151.97727272727272,618.5227272727273,151,611,4,17,13.97727272727272,,170.47727272727275,,170.47727272727275,,0.0695386702849389,0.27901353965183756,True,18,7,1,1,"fly (1,7)",0.19999999999999973,-0.07034632034631727,-26.810606060606005,26.81069834864041,134.05349174320224,134.0530303030302,187.26010101010104,132.86435037617852,132.83979500891257,,,,,,
21,4.2,149.9090909090909,541.3636363636364,149,540,3,4,11.909090909090907,,247.63636363636363,,247.63636363636363,,0.05924920850293983,0.4052968308287457,True,18,7,1,1,"fly (1,7)",0.40000000000000036,-2.068181818181813,-77.15909090909088,77.18680383297658,192.96700958244128,192.89772727272702,228.95092226613966,126.59613728519638,126.56922485726825,,,,,,
23,4.6,149.47826086956522,520.2608695652174,149,515,2,12,11.478260869565219,,268.7391304347826,,268.7391304347826,,0.05710577547047373,0.43983491069522523,True,18,7,1,1,"fly (1,7)",0.39999999999999947,-0.4308300395256879,-21.102766798418997,21.10716421197819,52.767910529945546,52.756916996047565,253.0001646903821,125.46849175052996,38.36133069828719,,,,,,
24,4.8,150.5,546.375,149,544,4,6,12.5,,242.625,,242.625,,0.06218905472636816,0.3970949263502455,True,18,7,1,1,"fly (1,7)",0.20000000000000018,1.0217391304347814,26.114130434782624,26.13411102784064,130.6705551392031,-130.570652173913,244.64518633540374,94.58594324848328,-59.3605307735742,,,,,,
25,5.0,151.14285714285714,566.4285714285714,150,564,3,6,13.142857142857139,,222.57142857142856,,222.57142857142856,,0.0653873489694385,0.3642740238484919,True,18,7,1,1,"fly (1,7)",0.20000000000000018,0.6428571428571388,20.053571428571445,20.063872815260254,100.31936407630118,-100.26785714285714,230.23214285714286,81.91092775991102,-72.06521739130432,,,,,,
26,5.2,150.8,563.5,150,562,3,4,12.800000000000011,,225.5,,225.5,,0.06368159203980105,0.3690671031096563,True,18,7,1,1,"fly (1,7)",0.20000000000000018,-0.34285714285712743,-2.928571428571445,2.948572812845758,14.742864064228776,14.642857142857212,228.30796252927396,57.274904990729226,-9.620901639344389,,,,,,
27,5.4,150.77049180327867,552.1475409836066,149,541,4,23,12.770491803278674,,236.85245901639337,,236.85245901639337,,0.06353478509093867,0.38764723243272237,True,18,7,1,1,"fly (1,7)",0.20000000000000018,-0.029508196721337754,-11.352459016393368,11.352497366331551,56.762486831657704,56.76229508196679,215.15915300546445,113.38913596077437,-65.74404761904795,,,,,,
28,5.6,151.5,605.875,150,603,4,6,13.5,,183.125,,183.125,,0.06716417910447761,0.2997135842880524,True,18,7,1,1,"fly (1,7)",0.1999999999999993,0.7295081967213264,53.72745901639337,53.73241139728714,268.66205698643665,-268.6372950819678,167.8924863387978,191.33320526360941,-153.47916666666688,,,,,,
30,6.0,152.5,705.3,151,704,4,4,14.5,,83.70000000000005,,83.70000000000005,,0.07213930348258707,0.13698854337152216,True,18,7,1,1,"fly (1,7)",0.40000000000000036,1.0,99.42499999999995,99.43002878909364,248.57507197273387,-248.56249999999966,92.6797619047619,232.83696060035825,-232.80469359875107,,,,,,
32,6.4,154.35714285714286,777.7857142857143,153,776,4,5,16.35714285714286,,11.214285714285666,,11.214285714285666,,0.08137882018479035,0.018353986439092744,True,18,7,1,1,"fly (1,7)",0.40000000000000036,1.8571428571428612,72.48571428571438,72.50950113676176,181.27375284190424,-181.21428571428578,32.88540706605223,149.84430747775156,-149.48588709677406,,,,,,
34,6.8,156.83870967741936,785.258064516129,154,783,7,7,18.83870967741936,,3.741935483870975,,3.741935483870975,,0.09372492376825552,0.006124280660999959,True,18,7,1,1,"fly (1,7)",0.39999999999999947,2.481566820276498,7.4723502304146905,7.873639047446593,19.68409761861651,-18.68087557603675,6.017153097798238,69.20130861822048,-67.70954941116236,,,,,,
35,7.0,158.0,785.9047619047619,156,784,5,6,20.0,,3.0952380952380736,,3.0952380952380736,,0.09950248756218906,0.0050658561296858815,True,18,7,1,1,"fly (1,7)",0.20000000000000018,1.1612903225806406,0.6466973886329015,1.3292150788281265,6.6460753941406265,-3.233486943164505,28.445724526369684,134.45132751218884,118.36981566820266,,,,,,
36,7.2,158.0,710.5,157,709,3,4,20.0,,78.5,,78.5,,0.09950248756218906,0.12847790507364976,True,18,7,1,1,"fly (1,7)",0.20000000000000018,0.0,-75.40476190476193,75.40476190476193,377.0238095238093,377.0238095238093,81.6226551226551,269.53128573782357,265.8846529814269,,,,,,
37,7.4,152.0,625.7272727272727,151,624,3,5,14.0,,163.27272727272725,,163.27272727272725,,0.06965174129353234,0.2672221395625651,True,18,7,1,1,"fly (1,7)",0.20000000000000018,-6.0,-84.77272727272725,84.98479445910424,424.9239722955208,423.86363636363586,154.75757575757575,366.0458543428521,365.6746031746033,,,,,,
38,7.6,150.875,566.5,150,564,3,6,12.875,,222.5,,222.5,,0.0640547263681592,0.3641571194762684,True,18,7,1,1,"fly (1,7)",0.1999999999999993,-1.125,-59.22727272727275,59.237956241845026,296.18978120922617,296.1363636363648,205.79090909090908,247.98203595950994,247.58333333333357,,,,,,
40,8.0,150.1,557.4,149,555,3,6,12.099999999999994,,231.60000000000002,,231.60000000000002,,0.06019900497512435,0.37905073649754506,True,18,7,1,1,"fly (1,7)",0.40000000000000036,-0.7750000000000057,-9.100000000000023,9.132941749513156,22.83235437378287,22.750000000000036,225.96315789473684,119.3731458899553,93.27791068580571,,,,,,
41,8.2,150.4736842105263,565.2105263157895,149,562,4,8,12.4736842105263,,223.78947368421052,,223.78947368421052,,0.06205813040062836,0.36626755103798775,True,18,7,1,1,"fly (1,7)",0.1999999999999993,0.3736842105263065,7.810526315789502,7.81946041737133,39.097302086856786,-39.052631578947654,205.02456140350878,127.50606357940707,-112.27631578947313,,,,,,
42,8.4,151.73684210526315,629.3157894736842,151,626,3,8,13.73684210526315,,159.68421052631584,,159.68421052631584,,0.06834249803613508,0.2613489533982256,True,18,7,1,1,"fly (1,7)",0.20000000000000107,1.2631578947368496,64.10526315789468,64.11770685551664,320.5885342775815,-320.5263157894717,160.7578947368421,221.43904295837538,-221.33333333333334,,,,,,
43,8.6,154.0,690.2,153,689,3,4,16.0,,98.79999999999995,,98.79999999999995,,0.07960199004975124,0.1617021276595744,True,18,7,1,1,"fly (1,7)",0.1999999999999993,2.2631578947368496,60.88421052631588,60.92625850213735,304.63129251068784,-304.4210526315805,106.22390350877193,240.90117645082236,-240.4928728070174,,,,,,
45,9.0,159.4375,728.8125,159,725,2,9,21.4375,,60.1875,,60.1875,,0.10665422885572139,0.09850654664484451,True,18,7,1,1,"fly (1,7)",0.40000000000000036,5.4375,38.612499999999955,38.9934810256791,97.48370256419767,-96.5312499999998,74.32916666666665,145.1064995742448,-127.29660087719343,,,,,,
46,9.2,154.0,725.0,153,723,3,5,16.0,,64.0,,64.0,,0.07960199004975124,0.10474631751227496,True,18,7,1,1,"fly (1,7)",0.1999999999999993,-5.4375,-3.8125,6.640900729569747,33.20450364784885,19.062500000000068,95.03472222222224,205.12782854293405,135.70486111111046,,,,,,
47,9.4,151.91666666666666,628.0833333333333,151,626,3,5,13.916666666666657,,160.91666666666674,,160.91666666666674,,0.0692371475953565,0.26336606655755607,True,18,7,1,1,"fly (1,7)",0.20000000000000107,-2.083333333333343,-96.91666666666674,96.93905588335163,484.69527941675557,484.58333333333115,141.715811965812,238.16115588962998,233.4054487179482,,,,,,
48,9.6,151.46153846153845,588.7692307692307,151,586,2,7,13.461538461538453,,200.23076923076928,,200.23076923076928,,0.06697282816685797,0.3277099332745815,True,18,7,1,1,"fly (1,7)",0.1999999999999993,-0.4551282051282044,-39.31410256410254,39.31673692085696,196.5836846042855,196.57051282051341,187.23664529914535,227.70935049463003,227.60416666666603,,,,,,
49,9.8,151.625,588.4375,151,585,3,8,13.625,,200.5625,,200.5625,,0.06778606965174129,0.32825286415711946,True,18,7,1,1,"fly (1,7)",0.20000000000000107,0.1634615384615472,-0.33173076923071676,0.36981749256980656,1.849087462849023,1.658653846153575,200.39663461538464,99.21638603356729,99.11458333333346,,,,,,
1,0.2,153.0,652.2,152,651,3,4,15.0,,136.79999999999995,,136.79999999999995,,0.07462686567164178,0.22389525368248764,True,19,8,1,1,"fly (1,8)",,,,,,,135.10370370370367,8.50621091571682,-8.48148148148141,,,,,,
2,0.4,152.74074074074073,655.5925925925926,152,651,3,12,14.740740740740733,,133.4074074074074,,133.4074074074074,,0.07333701861065041,0.21834272898102683,True,19,8,1,1,"fly (1,8)",0.2,-0.25925925925926663,3.392592592592564,3.4024843662867283,17.01242183143364,-16.96296296296282,114.61459034792365,38.883285946787005,-38.86045641601192,,,,,,
5,1.0,153.9090909090909,715.3636363636364,153,714,3,4,15.909090909090907,,73.63636363636363,,73.63636363636363,,0.07914970601537764,0.12051778009224816,True,19,8,1,1,"fly (1,8)",0.6,1.1683501683501731,59.771043771043765,59.78246160535642,99.63743600892737,-99.61840628507295,106.6232860000976,71.54336211480971,-6.202353649213478,,,,,,
7,1.4,153.47826086956522,676.1739130434783,152,673,4,9,15.478260869565219,,112.82608695652175,,112.82608695652175,,0.07700627298291153,0.18465808012524018,True,19,8,1,1,"fly (1,8)",0.3999999999999999,-0.4308300395256879,-39.18972332015812,39.19209140162723,97.9802285040681,97.97430830039534,125.38081686429514,129.94273142420414,63.496894874672705,,,,,,
9,1.8,151.32,599.3199999999999,150,595,4,11,13.319999999999993,,189.68000000000006,,189.68000000000006,,0.06626865671641788,0.310441898527005,True,19,8,1,1,"fly (1,8)",0.40000000000000013,-2.1582608695652254,-76.85391304347831,76.88421190384683,192.210529759617,192.13478260869573,183.9122853957637,195.99184698624254,195.95431235431238,,,,,,
10,2.0,150.46153846153845,539.7692307692307,150,537,2,7,12.461538461538453,,249.23076923076928,,249.23076923076928,,0.06199770378874852,0.407906332619917,True,19,8,1,1,"fly (1,8)",0.19999999999999996,-0.8584615384615404,-59.55076923076922,59.5569565390085,297.78478269504257,297.75384615384615,229.54803418803422,164.169421261878,164.13381642512073,,,,,,
11,2.2,150.46666666666667,539.2666666666667,150,536,2,8,12.466666666666669,,249.73333333333335,,249.73333333333335,,0.062023217247097855,0.4087288597926896,True,19,8,1,1,"fly (1,8)",0.20000000000000018,0.005128205128215768,-0.5025641025640653,0.5025902661949009,2.512951330974502,2.512820512820324,217.56379176379178,180.10853049750904,20.08383838383831,,,,,,
13,2.6,151.45454545454547,635.2727272727273,151,633,2,6,13.454545454545467,,153.72727272727275,,153.72727272727275,,0.06693803708729089,0.25159946436542185,True,19,8,1,1,"fly (1,8)",0.3999999999999999,0.9878787878787989,96.0060606060606,96.01114298660401,240.02785746651008,-240.01515151515156,201.73030303030305,121.27040439874227,-118.75116550116562,,,,,,
1,0.2,151.92857142857142,643.8571428571429,151,642,3,5,13.928571428571416,,145.1428571428571,,145.1428571428571,,0.06929637526652446,0.23754968435819496,True,20,9,1,1,"fly (1,9)",,,,,,,145.1428571428571,0.0,0.0,,,,,,
2,0.4,151.92857142857142,643.8571428571429,151,642,3,5,13.928571428571416,,145.1428571428571,,145.1428571428571,,0.06929637526652446,0.23754968435819496,True,20,9,1,1,"fly (1,9)",0.2,0.0,0.0,0.0,0.0,0.0,147.76190476190473,2.6204693787066637,2.61904761904763,,,,,,
7,1.4,152.1875,636.0,151,633,3,7,14.1875,,153.0,,153.0,,0.07058457711442787,0.25040916530278234,True,20,9,1,1,"fly (1,9)",0.9999999999999999,0.2589285714285836,-7.85714285714289,7.86140813611999,7.861408136119991,7.8571428571428905,150.38095238095238,2.6204693787066637,2.61904761904763,,,,,,
8,1.6,152.1875,636.0,151,633,3,7,14.1875,,153.0,,153.0,,0.07058457711442787,0.25040916530278234,True,20,9,1,1,"fly (1,9)",0.20000000000000018,0.0,0.0,0.0,0.0,0.0,154.984126984127,7.582275330968598,7.5793650793651,,,,,,
10,2.0,152.33333333333334,630.047619047619,151,627,4,8,14.333333333333343,,158.95238095238096,,158.95238095238096,,0.07131011608623554,0.2601511963214091,True,20,9,1,1,"fly (1,9)",0.3999999999999999,0.1458333333333428,-5.952380952380963,5.95416714271432,14.885417856785804,14.880952380952412,173.1962481962482,86.1364913271669,86.1002886002885,,,,,,
11,2.2,150.9090909090909,581.3636363636364,150,580,3,4,12.909090909090907,,207.63636363636363,,207.63636363636363,,0.06422433288104928,0.3398303823835739,True,20,9,1,1,"fly (1,9)",0.20000000000000018,-1.4242424242424363,-48.68398268398266,48.70481122494302,243.5240561247149,243.4199134199131,210.774025974026,118.42253193940917,118.3763828763828,,,,,,
14,2.8,149.46666666666667,523.2666666666667,149,520,2,8,11.466666666666669,,265.73333333333335,,265.73333333333335,,0.057048092868988404,0.43491543917075837,True,20,9,1,1,"fly (1,9)",0.5999999999999996,-1.442424242424238,-58.09696969696972,58.114873102036036,96.85812183672678,96.82828282828292,213.7232323232323,154.28103050343506,72.61050986050977,,,,,,
18,3.6,152.1,621.2,151,618,3,8,14.099999999999994,,167.79999999999995,,167.79999999999995,,0.07014925373134326,0.27463175122749584,True,20,9,1,1,"fly (1,9)",0.8000000000000003,2.6333333333333258,97.9333333333334,97.96873083909087,122.46091354886354,-122.4166666666667,175.8111111111111,196.28428777880973,-131.69612794612806,,,,,,
19,3.8,153.1,695.1,152,693,3,5,15.099999999999994,,93.89999999999998,,93.89999999999998,,0.0751243781094527,0.15368248772504087,True,20,9,1,1,"fly (1,9)",0.19999999999999973,1.0,73.89999999999998,73.9067655901677,369.53382795083894,-369.5000000000004,145.89999999999998,232.43264409605914,-95.55555555555573,,,,,,
21,4.2,151.23076923076923,613.0,150,611,4,5,13.230769230769226,,176.0,,176.0,,0.06582472254114043,0.28805237315875615,True,20,9,1,1,"fly (1,9)",0.40000000000000036,-1.869230769230768,-82.10000000000002,82.12127631539005,205.30319078847495,205.2499999999999,173.25454545454545,253.17054724881908,6.803030303030226,,,,,,
23,4.6,150.27272727272728,539.1363636363636,149,536,4,8,12.27272727272728,,249.86363636363637,,249.86363636363637,,0.061058344640434234,0.4089421217080792,True,20,9,1,1,"fly (1,9)",0.39999999999999947,-0.9580419580419459,-73.86363636363637,73.86984920285728,184.67462300714345,184.6590909090912,269.8831168831169,353.26270571406127,353.17316017316006,,,,,,
24,4.8,147.0,405.2142857142857,146,403,3,6,9.0,,383.7857142857143,,383.7857142857143,,0.04477611940298507,0.6281271919569792,True,20,9,1,1,"fly (1,9)",0.20000000000000018,-3.2727272727272805,-133.9220779220779,133.96206066931322,669.8103033465655,669.6103896103889,316.82467532467535,427.24246317685447,427.13474025974006,,,,,,
1,0.2,150.53125,564.59375,149,560,4,11,12.53125,,224.40625,,224.40625,,0.06234452736318408,0.3672770049099836,True,21,10,1,1,"fly (1,10)",,,,,,,224.3420138888889,0.3268779580513063,-0.32118055555542924,,,,,,
2,0.4,150.55555555555554,564.7222222222222,150,561,3,9,12.555555555555543,,224.27777777777783,,224.27777777777783,,0.062465450525151955,0.367066739407165,True,21,10,1,1,"fly (1,10)",0.2,0.024305555555542924,0.1284722222221717,0.13075118322052254,0.6537559161026126,-0.6423611111108585,214.4988425925926,49.33230116068854,-49.32291666666668,,,,,,
3,0.6,151.0,594.1875,150,592,3,6,13.0,,194.8125,,194.8125,,0.06467661691542288,0.318842062193126,True,21,10,1,1,"fly (1,10)",0.19999999999999996,0.4444444444444571,29.46527777777783,29.468629513192592,147.343147565963,-147.32638888888917,183.23009259259263,102.85543450461176,-102.83333333333333,,,,,,
5,1.0,152.4,658.4,152,656,2,6,14.400000000000006,,130.60000000000002,,130.60000000000002,,0.07164179104477615,0.21374795417348613,True,21,10,1,1,"fly (1,10)",0.4,1.4000000000000057,64.21249999999998,64.22776001270788,160.56940003176967,-160.53124999999994,132.57339743589742,199.82795229664384,-199.77305911680932,,,,,,
6,1.2,154.0,716.6923076923077,153,715,3,5,16.0,,72.30769230769226,,72.30769230769226,,0.07960199004975124,0.11834319526627211,True,21,10,1,1,"fly (1,10)",0.19999999999999996,1.5999999999999943,58.29230769230776,58.31426185843976,291.57130929219886,-291.46153846153885,69.1622132253711,188.42654380892932,-188.29134334233026,,,,,,
9,1.8,158.57894736842104,784.421052631579,156,783,6,4,20.57894736842104,,4.578947368421041,,4.578947368421041,,0.10238282272846289,0.007494185545697284,True,21,10,1,1,"fly (1,10)",0.6000000000000001,4.578947368421041,67.72874493927122,67.8833532616917,113.13892210281948,-112.88124156545202,27.095546558704427,135.7692630867772,-135.0791722896987,,,,,,
10,2.0,159.06666666666666,784.6,157,783,5,4,21.066666666666663,,4.399999999999977,,4.399999999999977,,0.10480928689883912,0.007201309328968866,True,21,10,1,1,"fly (1,10)",0.19999999999999996,0.4877192982456222,0.1789473684210634,0.519511573062647,2.5975578653132354,-0.8947368421053172,38.77869674185464,124.47168169056597,47.87229291176667,,,,,,
12,2.4,154.21428571428572,681.6428571428571,153,679,3,7,16.214285714285722,,107.35714285714289,,107.35714285714289,,0.08066808813077474,0.17570727145195236,True,21,10,1,1,"fly (1,10)",0.3999999999999999,-4.8523809523809405,-102.95714285714291,103.07142604142607,257.67856510356523,257.39285714285734,104.52774327122154,244.27941167507902,242.94761359921532,,,,,,
13,2.6,151.34782608695653,587.1739130434783,150,584,4,8,13.34782608695653,,201.82608695652175,,201.82608695652175,,0.06640709495998273,0.3303209279157475,True,21,10,1,1,"fly (1,10)",0.20000000000000018,-2.866459627329192,-94.46894409937886,94.51242241127181,472.56211205635867,472.3447204968939,201.63683418031246,399.947343130475,399.74783549783564,,,,,,
14,2.8,149.45454545454547,493.27272727272725,149,491,2,6,11.454545454545467,,295.72727272727275,,295.72727272727275,,0.05698778833107198,0.4840053563457819,True,21,10,1,1,"fly (1,10)",0.19999999999999973,-1.893280632411063,-93.901185770751,93.9202704463001,469.6013522315011,469.5059288537556,248.77667984189725,471.0817321439299,470.92532467532476,,,,,,
13,2.6,974.9230769230769,518.3076923076924,974,516,3,6,178.9230769230769,,260.6923076923076,,260.6923076923076,,0.8685586258401792,0.43521253371002944,True,22,8,4,4,"fly (4,8)",,,,,,,260.6923076923076,0.0,0.0,,,,,,
14,2.8,978.6485355648535,682.4016736401674,976,649,6,62,182.64853556485355,,96.59832635983264,,96.59832635983264,,0.8866433765284153,0.1612659872451296,True,23,9,4,4,"fly (4,9)",,,,,,,97.05506869172734,2.3221116503408585,2.2837116594735085,,,,,,
15,3.0,978.4803149606299,681.488188976378,976,647,6,64,182.48031496062993,,97.51181102362204,,97.51181102362204,,0.8858267716535433,0.16279100337833396,True,23,9,4,4,"fly (4,9)",0.20000000000000018,-0.16822060422362028,-0.9134846637894043,0.9288446601363443,4.644223300681717,4.567423318947017,97.35671246115157,2.295309891565297,2.2694560669456583,,,,,,
16,3.2,978.492,681.04,976,647,6,63,182.49199999999996,,97.96000000000004,,97.96000000000004,,0.8858834951456309,0.16353923205342244,True,23,9,4,4,"fly (4,9)",0.20000000000000018,0.011685039370036066,-0.4481889763779918,0.44834127480283525,2.2417063740141745,2.2409448818899573,90.19000247213587,40.41233519748109,-35.83354994507853,,,,,,
17,3.4,979.1122244488978,703.9018036072144,976,643,9,122,183.1122244488978,,75.09819639278555,,75.09819639278555,,0.8888942934412514,0.1253726150129976,True,23,9,4,4,"fly (4,9)",0.19999999999999973,0.6202244488978295,22.861803607214483,22.870215183549448,114.3510759177474,-114.30901803607257,90.92254345168324,79.89908809021985,3.6627048977367402,,,,,,
18,3.6,978.422641509434,679.2905660377359,976,643,6,67,182.42264150943402,,99.70943396226414,,99.70943396226414,,0.8855468034438544,0.16645982297539924,True,23,9,4,4,"fly (4,9)",0.20000000000000018,-0.6895829394637758,-24.61123756947859,24.62089639577962,123.104481978898,123.05618784739283,91.52328937242915,79.24855044645705,3.0037296037294516,,,,,,
19,3.8,978.3986013986014,679.2377622377622,976,643,6,68,182.3986013986014,,99.76223776223776,,99.76223776223776,,0.8854301038767057,0.1665479762307809,True,23,9,4,4,"fly (4,9)",0.19999999999999973,-0.02404011083262958,-0.05280379997361706,0.05801868854514789,0.29009344272573984,0.26401899986808564,99.37944613038955,42.960487429307,39.280783789801944,,,,,,
20,4.0,978.4615384615385,680.3333333333333,976,644,6,67,182.46153846153845,,98.66666666666674,,98.66666666666674,,0.8857356235997013,0.16471897607122996,True,23,9,4,4,"fly (4,9)",0.20000000000000018,0.06293706293706691,1.0955710955710174,1.097377373259456,5.486886866297276,-5.4778554778550825,99.36986872776349,3.618483684419123,-0.047887013130316326,,,,,,
21,4.2,978.4035087719299,679.319298245614,976,643,7,68,182.40350877192986,,99.68070175438595,,99.68070175438595,,0.8854539260773294,0.16641185601733882,True,23,9,4,4,"fly (4,9)",0.20000000000000018,-0.05802968960858834,-1.0140350877192077,1.0156941488468714,5.078470744234353,5.070175438596034,99.20928540864357,4.202080392275604,-0.8029165955995595,,,,,,
22,4.4,978.4837398373984,679.719512195122,976,644,6,67,182.4837398373984,,99.28048780487802,,99.28048780487802,,0.8858433972689242,0.16574371920680805,True,23,9,4,4,"fly (4,9)",0.20000000000000018,0.08023106546852432,0.4002139495079291,0.4081767132590367,2.040883566295182,-2.0010697475396437,94.872479853088,25.084862852264024,-21.68402777777798,,,,,,
23,4.6,978.7604166666666,693.34375,976,644,7,98,182.76041666666663,,85.65625,,85.65625,,0.887186488673139,0.14299874791318865,True,23,9,4,4,"fly (4,9)",0.1999999999999993,0.27667682926824,13.624237804878021,13.62704684925246,68.13523424626254,-68.12118902439035,95.40562654961657,49.44955017465227,2.665733482642826,,,,,,
24,4.8,978.1843971631206,677.7198581560283,975,643,7,67,182.1843971631206,,101.2801418439717,,101.2801418439717,,0.8843902774908766,0.16908203980629666,True,23,9,4,4,"fly (4,9)",0.20000000000000018,-0.5760195035460356,-15.623891843971705,15.634506542279835,78.1725327113991,78.11945921985846,95.94572849825515,49.45598472963639,2.7005097431927507,,,,,,
25,5.0,978.3452380952381,678.0992063492063,976,643,6,66,182.34523809523807,,100.90079365079373,,100.90079365079373,,0.8851710587147479,0.16844873731351206,True,23,9,4,4,"fly (4,9)",0.20000000000000018,0.1608409321174804,0.3793481931779752,0.4120374462495057,2.060187231247527,-1.8967409658898742,101.47666403284636,28.99898516293851,27.654677672956023,,,,,,
26,5.2,978.2339622641509,676.7509433962264,976,642,6,67,182.23396226415093,,102.24905660377362,,102.24905660377362,,0.8846308847774317,0.17069959366239337,True,23,9,4,4,"fly (4,9)",0.20000000000000018,-0.11127583108714134,-1.3482629529798942,1.3528471092337813,6.7642355461689005,6.741314764899465,101.66189038336324,3.630988111758626,0.9261317525844518,,,,,,
27,5.4,978.2537313432836,677.1641791044776,975,642,7,68,182.25373134328356,,101.83582089552237,,101.83582089552237,,0.8847268511809881,0.17000971768868509,True,23,9,4,4,"fly (4,9)",0.20000000000000018,0.019769079132629486,0.4132357082512499,0.4137083115718903,2.0685415578594495,-2.0661785412562477,101.4501458884237,5.566996942929822,-1.0587224746977189,,,,,,
28,5.6,978.356846473029,678.7344398340249,976,644,6,65,182.356846473029,,100.2655601659751,,100.2655601659751,,0.8852274100632476,0.16738824735555108,True,23,9,4,4,"fly (4,9)",0.1999999999999993,0.10311512974544712,1.5702607295472717,1.5736427449522177,7.868213724761116,-7.851303647736386,101.14260911416306,5.083555637409719,-1.537683871303184,,,,,,
29,5.8,978.2933884297521,677.6735537190083,975,644,7,65,182.2933884297521,,101.32644628099172,,101.32644628099172,,0.8849193613094762,0.16915934270616315,True,23,9,4,4,"fly (4,9)",0.20000000000000018,-0.06345804327690985,-1.060886115016615,1.0627823259217197,5.313911629608594,5.30443057508307,100.81241484740163,5.19615740842223,-1.650971333807174,,,,,,
30,6.0,978.2857142857142,678.1547619047619,976,644,6,65,182.28571428571422,,100.84523809523807,,100.84523809523807,,0.8848821081830788,0.16835599014230063,True,23,9,4,4,"fly (4,9)",0.20000000000000018,-0.00767414403787825,0.4812081857536441,0.48126937417939625,2.406346870896979,-2.4060409287682183,101.19214876033057,3.5074589710744966,1.8986695646447085,,,,,,
31,6.2,978.3174603174604,677.5952380952381,976,644,6,66,182.31746031746036,,101.40476190476193,,101.40476190476193,,0.8850362151333027,0.16929008665235715,True,23,9,4,4,"fly (4,9)",0.20000000000000018,0.031746031746138215,-0.5595238095238528,0.5604236825435838,2.8021184127179164,2.7976190476192615,101.28061224489795,2.0529238135416628,0.442317422836902,,,,,,
32,6.4,978.3510204081633,677.4081632653061,976,644,6,66,182.35102040816332,,101.59183673469386,,101.59183673469386,,0.8851991281949676,0.16960239855541545,True,23,9,4,4,"fly (4,9)",0.20000000000000018,0.03356009070296295,-0.18707482993193025,0.19006123140201878,0.950306157010093,0.9353741496596505,100.82710493222032,4.763373141574761,-2.2675365633881577,,,,,,
33,6.6,978.3930131004367,679.5152838427948,976,648,6,62,182.39301310043675,,99.48471615720518,,99.48471615720518,,0.8854029762157124,0.16608466804207878,True,23,9,4,4,"fly (4,9)",0.1999999999999993,0.041992692273424836,2.107120577488672,2.107538970999247,10.537694854996273,-10.535602887443398,100.12449870778,4.149069953587123,-3.5130311222015664,,,,,,
34,6.8,978.353711790393,679.703056768559,976,646,6,64,182.35371179039305,,99.29694323144099,,99.29694323144099,,0.8852121931572479,0.16577119070357427,True,23,9,4,4,"fly (4,9)",0.20000000000000018,-0.03930131004369741,0.18777292576419313,0.1918417697510008,0.9592088487550032,-0.9388646288209648,90.11905057666763,50.05990423073798,-50.02724065556186,,,,,,
35,7.0,979.2691466083152,707.4245076586433,976,647,9,118,183.26914660831517,,71.57549234135672,,71.57549234135672,,0.8896560514966756,0.11949163996887599,True,23,9,4,4,"fly (4,9)",0.20000000000000018,0.9154348179221188,27.72145089008427,27.736561797692556,138.68280898846265,-138.60725445042124,90.40575438633489,94.53303290708845,1.4335190483363174,,,,,,
36,7.2,978.1417624521073,678.655172413793,976,643,6,68,182.1417624521073,,100.34482758620697,,100.34482758620697,,0.8841833128743072,0.16752058027747407,True,23,9,4,4,"fly (4,9)",0.20000000000000018,-1.1273841562078815,-28.769335244850254,28.791416176809566,143.9570808840477,143.84667622425115,90.72960080594537,94.34247139849458,1.6192320980523343,,,,,,
37,7.4,978.1284046692607,678.7315175097276,976,645,6,66,182.1284046692607,,100.26848249027239,,100.26848249027239,,0.8841184692682559,0.16739312602716594,True,23,9,4,4,"fly (4,9)",0.20000000000000018,-0.013357782846583177,0.0763450959345846,0.07750486459466527,0.387524322973326,-0.3817254796729227,99.8106142983374,50.53445922529799,45.40506746196016,,,,,,
38,7.6,978.2007722007722,680.1814671814672,976,646,6,65,182.20077220077224,,98.81853281853284,,98.81853281853284,,0.8844697679649137,0.16497250887901976,True,23,9,4,4,"fly (4,9)",0.1999999999999993,0.07236753151153152,1.449949671739546,1.4517544937745808,7.258772468872929,-7.249748358697755,97.00546461329289,14.040517567624873,-14.02574842522256,,,,,,
39,7.8,978.4858757062148,687.0706214689266,976,642,7,92,182.48587570621476,,91.92937853107344,,91.92937853107344,,0.8858537655641493,0.15347141657942143,True,23,9,4,4,"fly (4,9)",0.20000000000000018,0.28510350544252105,6.889154287459405,6.895051182205679,34.47525591102836,-34.445771437297,94.27824589897052,14.198324334964406,-13.63609357161181,,,,,,
40,8.0,978.4161676646706,686.9131736526947,976,643,7,91,182.41616766467064,,92.0868263473053,,92.0868263473053,,0.8855153770129642,0.1537342676916616,True,23,9,4,4,"fly (4,9)",0.20000000000000018,-0.0697080415441178,-0.15744781623186554,0.17218892499838587,0.8609446249919286,0.7872390811593271,91.8411504183968,12.750227933977861,-12.185477402868699,,,,,,
41,8.2,978.4782608695652,687.4927536231884,976,643,7,91,182.47826086956525,,91.50724637681162,,91.50724637681162,,0.8858168003376954,0.15276668844208952,True,23,9,4,4,"fly (4,9)",0.1999999999999993,0.06209320489460879,0.5795799704936826,0.5828966531826563,2.9144832659132915,-2.897899852468423,90.56718819359817,6.928135659764737,-6.369811123993043,,,,,,
42,8.4,978.5960912052117,690.8925081433224,976,648,7,86,182.59609120521168,,88.1074918566776,,88.1074918566776,,0.8863887922583091,0.14709097138009616,True,23,9,4,4,"fly (4,9)",0.20000000000000107,0.1178303356464312,3.3997545201340245,3.401795817677816,17.00897908838899,-16.998772600670033,84.83758088935967,28.687169092431077,-28.648036521192598,,,,,,
43,8.6,979.2882483370288,704.1019955654102,976,641,9,124,183.2882483370288,,74.89800443458978,,74.89800443458978,,0.8897487783350913,0.12503840473220332,True,23,9,4,4,"fly (4,9)",0.1999999999999993,0.6921571318171118,13.209487422087818,13.227608984598143,66.13804492299096,-66.04743711043933,85.9546098748669,61.01458958246594,5.585144927535988,,,,,,
44,8.8,978.4166666666666,684.1416666666667,976,648,6,69,182.41666666666663,,94.85833333333335,,94.85833333333335,,0.8855177993527507,0.15836115748469673,True,23,9,4,4,"fly (4,9)",0.20000000000000107,-0.8715816703621613,-19.96032889874357,19.979348947203682,99.89674473601788,99.80164449371732,89.18339913901532,60.23747374598546,16.14394632074185,,,,,,
45,9.0,978.4166666666666,681.2061403508771,976,647,6,63,182.41666666666663,,97.79385964912285,,97.79385964912285,,0.8855177993527507,0.1632618691972001,True,23,9,4,4,"fly (4,9)",0.1999999999999993,0.0,-2.9355263157895024,2.9355263157895024,14.677631578947564,14.677631578947564,97.63189041444191,42.27643678804019,42.24245637713281,,,,,,
46,9.2,978.3347826086956,678.7565217391304,976,642,6,68,182.3347826086956,,100.24347826086955,,100.24347826086955,,0.8851203039257068,0.16735138273934816,True,23,9,4,4,"fly (4,9)",0.1999999999999993,-0.08188405797102405,-2.4496186117467005,2.4509868098310186,12.254934049155137,12.248093058733545,99.49780161853305,9.332925528441583,9.329556020455653,,,,,,
47,9.4,978.3514644351465,678.5439330543933,976,643,6,67,182.35146443514645,,100.45606694560672,,100.45606694560672,,0.8852012836657595,0.16770628872388435,True,23,9,4,4,"fly (4,9)",0.20000000000000107,0.016681826450849258,-0.2125886847371703,0.21324219144441428,1.0662109572220657,1.0629434236858457,98.40296950078546,14.354268284450244,-5.474160588737905,,,,,,
48,9.6,978.4906367041199,684.4906367041199,976,650,6,70,182.49063670411988,,94.50936329588012,,94.50936329588012,,0.8858768772044654,0.1577785697760937,True,23,9,4,4,"fly (4,9)",0.1999999999999993,0.13917226897342516,5.946703649726601,5.948331969394689,29.741659846973548,-29.73351824863311,98.32181008049561,19.42091465309343,-0.4057971014493364,,,,,,
49,9.8,978.429718875502,679.0,976,646,6,64,182.42971887550198,,100.0,,100.0,,0.8855811595898154,0.1669449081803005,True,23,9,4,4,"fly (4,9)",0.20000000000000107,-0.06091782861790307,-5.490636704119879,5.490974631016968,27.454873155084695,27.45318352059925,97.25468164794006,28.598266501029112,-1.1401673640169274,,,,,,
16,3.2,602.3552631578947,737.171052631579,601,725,4,27,16.355263157894683,,35.82894736842104,,35.82894736842104,,0.09086257309941491,0.0599146277063897,True,24,3,3,3,"fly (3,3)",,,,,,,35.64232178547633,0.9663178478535844,-0.9331279147235717,,,,,,
17,3.4,602.4556962025316,737.5443037974684,601,725,4,28,16.455696202531612,,35.45569620253161,,35.45569620253161,,0.09142053445850896,0.059290461877143166,True,24,3,3,3,"fly (3,3)",0.19999999999999973,0.10043304463692948,0.3732511658894282,0.3865271391414333,1.9326356957071689,-1.8662558294471434,38.3703913943992,9.382159734111587,2.865762394231503,,,,,,
21,4.2,621.6836734693877,729.1734693877551,616,719,12,22,35.68367346938771,,43.82653061224494,,43.82653061224494,,0.19824263038548728,0.07328851272950658,True,24,3,3,3,"fly (3,3)",0.8000000000000003,19.2279772668561,-8.370834409713325,20.97107480530208,26.213843506627594,10.463543012141653,47.91380349608198,43.8062684779434,37.253517496272245,,,,,,
22,4.4,620.7346938775511,708.5408163265306,616,698,11,22,34.73469387755108,,64.4591836734694,,64.4591836734694,,0.19297052154195043,0.10779127704593544,True,24,3,3,3,"fly (3,3)",0.20000000000000018,-0.9489795918366326,-20.63265306122446,20.654465246299104,103.27232623149543,103.16326530612221,60.51824993956976,57.974927718220556,52.55868920529728,,,,,,
23,4.6,621.9086294416244,699.730964467005,617,690,11,21,35.908629441624385,,73.26903553299496,,73.26903553299496,,0.19949238578680215,0.12252347079096147,True,24,3,3,3,"fly (3,3)",0.1999999999999993,1.1739355640733038,-8.809851859525565,8.887722683307697,44.438613416538644,44.049259297627984,74.85413002024525,71.84610957822578,71.67940040337744,,,,,,
24,4.8,622.0050251256281,686.1658291457286,617,675,11,23,36.005025125628094,,86.8341708542714,,86.8341708542714,,0.20002791736460052,0.14520764356901572,True,24,3,3,3,"fly (3,3)",0.20000000000000018,0.0963956840037099,-13.565135321276443,13.565477817328674,67.82738908664331,67.82567660638216,86.39803849272512,58.20638704844,57.71954236239937,,,,,,
25,5.0,624.3048128342245,673.909090909091,619,664,11,21,38.30481283422455,,99.09090909090901,,99.09090909090901,,0.21280451574569195,0.16570386135603513,True,24,3,3,3,"fly (3,3)",0.20000000000000018,2.2997877085964546,-12.256738236637602,12.470631728427616,62.35315864213803,61.283691183187955,100.21586434472856,70.30254982638502,69.08912926001707,,,,,,
26,5.2,628.3455497382199,658.2774869109948,623,648,12,22,42.345549738219916,,114.72251308900525,,114.72251308900525,,0.23525305410122174,0.19184366737291847,True,24,3,3,3,"fly (3,3)",0.20000000000000018,4.0407369039953664,-15.631603998096239,16.145420350074765,80.72710175037375,78.15801999048112,114.55280739330476,74.47842990639327,71.68471524288098,,,,,,
27,5.4,633.785,643.155,628,633,13,22,47.78499999999997,,129.84500000000003,,129.84500000000003,,0.26547222222222205,0.21713210702341143,True,24,3,3,3,"fly (3,3)",0.20000000000000018,5.439450261780053,-15.12248691099478,16.071005865333618,80.35502932666802,75.61243455497383,129.80611393942903,81.58564160906634,76.26653273062142,,,,,,
28,5.6,641.1933701657458,628.1491712707182,636,619,12,20,55.19337016574582,,144.85082872928183,,144.85082872928183,,0.3066298342541434,0.24222546610247797,True,24,3,3,3,"fly (3,3)",0.1999999999999993,7.4083701657458505,-15.005828729281802,16.734958750031392,83.67479375015726,75.02914364640928,143.4482549664982,81.8639619971842,68.21070513534593,,,,,,
29,5.8,653.4202127659574,617.3510638297872,646,609,16,18,67.42021276595744,,155.64893617021278,,155.64893617021278,,0.3745567375886525,0.2602825019568776,True,24,3,3,3,"fly (3,3)",0.20000000000000018,12.226842600211626,-10.798107440930949,16.312412582945484,81.56206291472735,53.99053720465469,154.42505532300444,74.65120339408124,54.88400178253118,,,,,,
30,6.0,662.7540106951872,610.2245989304813,655,603,17,16,76.75401069518716,,162.7754010695187,,162.7754010695187,,0.42641117052881755,0.27219966734033224,True,24,3,3,3,"fly (3,3)",0.20000000000000018,9.333797929229718,-7.126464899305915,11.743350703471826,58.71675351735908,35.63232449652955,162.99090811216854,80.21020419265757,42.82926394582049,,,,,,
31,6.2,681.258064516129,602.4516129032259,673,596,18,14,95.25806451612902,,170.54838709677415,,170.54838709677415,,0.5292114695340502,0.285197971733736,True,24,3,3,3,"fly (3,3)",0.20000000000000018,18.504053820941863,-7.772986027255456,20.07035922917728,100.35179614588631,38.864930136277245,168.83941087024576,86.1285381439119,29.24251379038611,,,,,,
32,6.4,700.9444444444445,599.8055555555555,692,594,19,13,114.94444444444446,,173.19444444444446,,173.19444444444446,,0.6385802469135803,0.28962281679672985,True,24,3,3,3,"fly (3,3)",0.20000000000000018,19.686379928315432,-2.6460573476703075,19.86341295369808,99.31706476849031,13.230286738351525,172.0253882915173,99.21230810841739,15.929887106357585,,,,,,
33,6.6,720.5191256830601,600.6666666666667,711,595,20,12,134.5191256830601,,172.33333333333326,,172.33333333333326,,0.7473284760170006,0.28818283166109243,True,24,3,3,3,"fly (3,3)",0.1999999999999993,19.574681238615653,0.8611111111111995,19.593612682175046,97.96806341087557,-4.305555555556013,171.75382447665058,87.11603065922759,-1.3578190743336016,,,,,,
34,6.8,733.0652173913044,603.266304347826,724,598,20,12,147.06521739130437,,169.733695652174,,169.733695652174,,0.8170289855072466,0.28383561145848496,True,24,3,3,3,"fly (3,3)",0.20000000000000018,12.546091708244262,2.5996376811592654,12.812592759663383,64.06296379831686,-12.998188405796316,172.1103579764425,65.12022140049923,1.7826674989595308,,,,,,
35,7.0,737.9550561797753,598.7359550561798,730,592,17,15,151.95505617977528,,174.26404494382018,,174.26404494382018,,0.8441947565543071,0.29141144639434813,True,24,3,3,3,"fly (3,3)",0.20000000000000018,4.889838788470911,-4.530349291646189,6.665927398461057,33.329636992305254,22.651746458230924,175.04980866308424,45.8148943645395,14.69725343320873,,,,,,
36,7.2,742.0449438202247,591.8483146067415,734,585,18,15,156.04494382022472,,181.1516853932585,,181.1516853932585,,0.8669163545568039,0.3029292397880577,True,24,3,3,3,"fly (3,3)",0.20000000000000018,4.089887640449433,-6.887640449438322,8.010416460599284,40.05208230299638,34.43820224719158,179.75559805562196,29.45851529247061,23.528946962688693,,,,,,
37,7.4,743.3510638297872,589.1489361702128,735,582,18,15,157.35106382978722,,183.85106382978722,,183.85106382978722,,0.8741725768321512,0.30744325055148364,True,24,3,3,3,"fly (3,3)",0.20000000000000018,1.3061200095625054,-2.6993784365287183,2.9987653164220416,14.993826582110195,13.49689218264358,186.96613379898625,38.438556055285765,36.052678716821504,,,,,,
38,7.6,743.8260869565217,577.104347826087,736,568,17,20,157.82608695652175,,195.89565217391305,,195.89565217391305,,0.8768115942028986,0.3275847026319616,True,24,3,3,3,"fly (3,3)",0.1999999999999993,0.47502312673452707,-12.044588344125827,12.053951856150098,60.269759280750705,60.22294172062935,194.28359613396344,37.24710755270928,36.587311674885974,,,,,,
39,7.8,744.9502262443439,569.89592760181,738,561,15,19,158.95022624434387,,203.10407239819006,,203.10407239819006,,0.883056812468577,0.33963891705382954,True,24,3,3,3,"fly (3,3)",0.20000000000000018,1.1241392878221177,-7.208420224277006,7.295547359053396,36.47773679526695,36.042101121384995,205.17903591655772,55.85009366345644,54.47719891297144,,,,,,
40,8.0,749.4299065420561,556.4626168224299,743,547,14,21,163.42990654205607,,216.53738317757006,,216.53738317757006,,0.9079439252336449,0.36210264745413057,True,24,3,3,3,"fly (3,3)",0.20000000000000018,4.479680297712207,-13.433310779380008,14.160556982870343,70.80278491435165,67.16655389689998,216.490241289481,58.30834634742671,56.5560268646164,,,,,,
41,8.2,751.9512195121952,543.1707317073171,746,534,13,20,165.95121951219517,,229.82926829268285,,229.82926829268285,,0.9219512195121954,0.38432988008809843,True,24,3,3,3,"fly (3,3)",0.1999999999999993,2.5213129701390926,-13.291885115112791,13.52890346653226,67.64451733266154,66.4594255755642,228.47150793689283,61.74674769477958,59.90633323705915,,,,,,
42,8.4,753.563829787234,533.9521276595744,748,525,13,20,167.563829787234,,239.04787234042556,,239.04787234042556,,0.9309101654846333,0.39974560592044406,True,24,3,3,3,"fly (3,3)",0.20000000000000107,1.6126102750388327,-9.218604047742701,9.358588167465161,46.79294083732555,46.09302023871326,237.80095163960755,47.484635916680894,46.64721851357364,,,,,,
43,8.6,754.7428571428571,528.4742857142858,749,520,13,19,168.74285714285713,,244.52571428571423,,244.52571428571423,,0.9374603174603174,0.4089058767319636,True,24,3,3,3,"fly (3,3)",0.1999999999999993,1.179027355623134,-5.477841945288674,5.6032899160111,28.0164495800556,27.389209726443465,245.16883781846937,37.30800875353172,36.83943089430905,,,,,,
44,8.8,755.2256097560976,521.0670731707316,750,514,12,16,169.22560975609758,,251.93292682926835,,251.93292682926835,,0.9401422764227644,0.4212925197813852,True,24,3,3,3,"fly (3,3)",0.20000000000000107,0.48275261324045005,-7.407212543554124,7.422927168642842,37.11463584321402,37.03606271777042,250.94059966990645,33.52792758218874,28.858809257185374,,,,,,
45,9.0,749.6894736842105,516.6368421052632,743,509,14,17,163.6894736842105,,256.3631578947368,,256.3631578947368,,0.9093859649122805,0.42870093293434247,True,24,3,3,3,"fly (3,3)",0.1999999999999993,-5.536136071887086,-4.430231065468433,7.0905394646592965,35.45269732329661,22.151155327342245,254.66267595065574,34.92275599693239,18.610381403746366,,,,,,
46,9.2,743.2843601895735,517.3080568720379,735,510,17,16,157.28436018957348,,255.69194312796208,,255.69194312796208,,0.873802001053186,0.4275785002139834,True,24,3,3,3,"fly (3,3)",0.1999999999999993,-6.405113494637021,0.6712147667747104,6.440186964857286,32.20093482428655,-3.356073833873564,256.8995551263782,37.88673783985734,11.18439587861227,,,,,,
47,9.4,734.5693069306931,514.3564356435643,726,508,18,14,148.56930693069307,,258.6435643564357,,258.6435643564357,,0.8253850385038504,0.43251432166628045,True,24,3,3,3,"fly (3,3)",0.20000000000000107,-8.715053258880403,-2.951621228473641,9.20131627439782,46.00658137198886,14.758106142368128,258.77992699622376,50.21927695754425,9.401859349227843,,,,,,
48,9.6,720.474358974359,510.9957264957265,710,505,22,14,134.474358974359,,262.0042735042735,,262.0042735042735,,0.7470797720797723,0.4381342366292199,True,24,3,3,3,"fly (3,3)",0.1999999999999993,-14.094947956334067,-3.360709147837781,14.490062935271416,72.45031467635734,16.803545739188966,261.8092535468773,62.389211356272654,15.14663275326784,,,,,,
49,9.8,707.015444015444,508.2200772200772,696,502,24,14,121.01544401544402,,264.7799227799228,,264.7799227799228,,0.6723080223080223,0.4427757906018776,True,24,3,3,3,"fly (3,3)",0.20000000000000107,-13.458914958914988,-2.7756492756493003,13.742147604094423,68.71073802047175,13.878246378246427,263.3920981420981,70.58052634841455,15.340896058717696,,,,,,
16,3.2,601.4857142857143,705.2571428571429,601,697,2,18,15.485714285714266,,67.74285714285713,,67.74285714285713,,0.08603174603174592,0.11328236980410891,True,25,4,3,3,"fly (3,4)",,,,,,,67.69087301587302,0.40570424075296835,-0.25992063492054773,,,,,,
17,3.4,601.3611111111111,705.3611111111111,600,698,3,17,15.361111111111086,,67.63888888888891,,67.63888888888891,,0.08533950617283936,0.11310850984764033,True,25,4,3,3,"fly (3,4)",0.19999999999999973,-0.12460317460318038,0.10396825396821896,0.16228169630118713,0.8114084815059367,-0.5198412698410955,67.69087301587302,0.40570424075296835,-0.25992063492054773,,,,,,
16,3.2,600.4545454545455,663.2727272727273,600,661,2,6,14.454545454545496,,109.72727272727275,,109.72727272727275,,0.08030303030303053,0.18349042262085744,True,26,5,3,3,"fly (3,5)",,,,,,,110.22727272727275,2.5000000000000036,2.5000000000000036,,,,,,
17,3.4,600.4545454545455,662.2727272727273,600,660,2,6,14.454545454545496,,110.72727272727275,,110.72727272727275,,0.08030303030303053,0.18516266342353302,True,26,5,3,3,"fly (3,5)",0.19999999999999973,0.0,-1.0,1.0,5.000000000000007,5.000000000000007,110.22727272727275,2.5000000000000036,2.5000000000000036,,,,,,
16,3.2,599.4864864864865,633.7567567567568,599,625,2,19,13.486486486486456,,139.24324324324323,,139.24324324324323,,0.07492492492492475,0.23284823284823283,True,27,6,3,3,"fly (3,6)",,,,,,,139.491991991992,1.243806682355142,1.2437437437438363,,,,,,
17,3.4,599.4814814814815,633.2592592592592,599,627,2,14,13.481481481481524,,139.74074074074076,,139.74074074074076,,0.07489711934156403,0.2336801684627772,True,27,6,3,3,"fly (3,6)",0.19999999999999973,-0.005005005004932173,-0.4974974974975339,0.4975226729420561,2.487613364710284,2.4874874874876727,139.491991991992,1.243806682355142,1.2437437437438363,,,,,,
16,3.2,599.4736842105264,612.2631578947369,599,608,2,10,13.473684210526358,,160.73684210526312,,160.73684210526312,,0.07485380116959088,0.268790705861644,True,28,7,3,3,"fly (3,7)",,,,,,,160.73684210526312,0.0,0.0,,,,,,
16,3.2,598.4705882352941,575.7647058823529,598,572,2,9,12.470588235294144,,197.23529411764707,,197.23529411764707,,0.06928104575163413,0.3298249065512493,True,29,8,3,3,"fly (3,8)",,,,,,,197.23529411764707,0.0,0.0,,,,,,
31,6.2,977.2916666666666,620.4166666666667,976,616,3,11,181.29166666666663,,158.58333333333326,,158.58333333333326,,0.8800566343042069,0.26474680022259306,True,30,10,4,4,"fly (4,10)",,,,,,,157.70416666666665,4.3970673623321,-4.395833333333027,,,,,,
32,6.4,977.25,622.175,976,615,4,17,181.25,,156.82500000000005,,156.82500000000005,,0.8798543689320388,0.26181135225375635,True,30,10,4,4,"fly (4,10)",0.20000000000000018,-0.04166666666662877,1.758333333333212,1.7588269449328415,8.7941347246642,-8.791666666666053,158.3910130718954,7.832039084985535,1.9689542483661366,,,,,,
33,6.6,977.313725490196,619.2352941176471,976,610,4,21,181.31372549019602,,159.76470588235293,,159.76470588235293,,0.8801637159718253,0.26671904153982123,True,30,10,4,4,"fly (4,10)",0.1999999999999993,0.06372549019602047,-2.9397058823528823,2.9403965060584705,14.701982530292405,14.698529411764463,158.92612837587868,8.540512226336455,2.6755765199163952,,,,,,
34,6.8,977.2830188679245,618.8113207547169,976,609,4,22,181.2830188679245,,160.18867924528308,,160.18867924528308,,0.8800146546986627,0.26742684348127393,True,30,10,4,4,"fly (4,10)",0.20000000000000018,-0.030706622271509332,-0.4239733629301554,0.42508388481055176,2.125419424052757,2.1198668146507753,161.32680405155438,12.008291416782411,12.003378378378414,,,,,,
35,7.0,977.1891891891892,614.9729729729729,976,608,3,16,181.18918918918916,,164.0270270270271,,164.0270270270271,,0.8795591708213066,0.27383476966114706,True,30,10,4,4,"fly (4,10)",0.20000000000000018,-0.09382967873534653,-3.8383477817440053,3.8394944592004174,19.19747229600207,19.19173890872001,159.43775574930666,23.656743613021167,-9.44524151123857,,,,,,
36,7.2,977.1951219512196,624.9024390243902,976,617,3,17,181.19512195121956,,154.09756097560978,,154.09756097560978,,0.8795879706369881,0.25725803167881434,True,30,10,4,4,"fly (4,10)",0.20000000000000018,0.005932762030397498,9.929466051417307,9.929467823801744,49.64733911900868,-49.647330257086494,158.09558338826636,26.390724569491212,-6.710861805201485,,,,,,
37,7.4,977.1351351351351,622.8378378378378,976,608,4,31,181.1351351351351,,156.1621621621622,,156.1621621621622,,0.8792967725006559,0.26070477823399363,True,30,10,4,4,"fly (4,10)",0.20000000000000018,-0.05998681608446077,-2.0646011865524088,2.0654724586925783,10.327362293462883,10.323005932762035,153.30879660147957,30.81799438022192,-23.93393393393394,,,,,,
38,7.6,977.0666666666666,629.3333333333333,976,627,3,6,181.0666666666666,,149.66666666666674,,149.66666666666674,,0.878964401294498,0.2498608792431832,True,30,10,4,4,"fly (4,10)",0.1999999999999993,-0.0684684684684953,6.495495495495447,6.495856345638816,32.479281728194195,-32.47747747747735,153.1898565231899,21.094110455882884,-0.594700391448414,,,,,,
39,7.8,977.4814814814815,625.2592592592592,977,619,2,14,181.48148148148152,,153.74074074074076,,153.74074074074076,,0.8809780654440851,0.25666233846534353,True,30,10,4,4,"fly (4,10)",0.20000000000000018,0.41481481481491755,-4.074074074074019,4.095137469198319,20.475687345991574,20.37037037037008,153.85907290938738,25.06158682362462,3.3460819309873995,,,,,,
40,8.0,977.0943396226415,620.8301886792453,976,610,4,23,181.09433962264154,,158.16981132075466,,158.16981132075466,,0.8790987360322405,0.2640564462783884,True,30,10,4,4,"fly (4,10)",0.20000000000000018,-0.387141858839982,-4.429070580013899,4.445958279337621,22.229791396688082,22.145352900069476,156.87296179827624,15.136979343501084,15.06944444444418,,,,,,
41,8.2,977.0416666666666,620.2916666666667,976,610,3,22,181.04166666666663,,158.70833333333326,,158.70833333333326,,0.8788430420711972,0.26495548135781843,True,30,10,4,4,"fly (4,10)",0.1999999999999993,-0.05267295597491284,-0.5385220125785963,0.5410918575647179,2.705459287823599,2.6926100628929914,158.3691037735849,9.117126165999695,7.4807098765433,,,,,,
42,8.4,977.1041666666666,620.7708333333333,976,610,3,23,181.10416666666663,,158.22916666666674,,158.22916666666674,,0.8791464401294496,0.26415553700612143,True,30,10,4,4,"fly (4,10)",0.20000000000000107,0.0625,0.4791666666665151,0.4832255626974831,2.4161278134874027,-2.3958333333325625,158.2397727272727,2.4573492617324155,-0.6466552315608435,,,,,,
43,8.6,977.0545454545454,621.2181818181818,976,610,3,24,181.0545454545454,,157.78181818181815,,157.78181818181815,,0.8789055604589583,0.263408711488845,True,30,10,4,4,"fly (4,10)",0.1999999999999993,-0.049621212121223834,0.4473484848485896,0.4500921367772473,2.2504606838862444,-2.236742424242956,158.0998154623155,2.3999513814328792,-0.6997863247861877,,,,,,
44,8.8,977.0576923076924,620.7115384615385,976,610,3,23,181.05769230769238,,158.28846153846155,,158.28846153846155,,0.8789208364451087,0.2642545267753949,True,30,10,4,4,"fly (4,10)",0.20000000000000107,0.003146853146972717,-0.5066433566433943,0.5066531293850007,2.53326564692499,2.5332167832169583,157.60120435120436,4.27458568440286,-2.493055555555674,,,,,,
45,9.0,977.4666666666667,622.2666666666667,977,619,2,8,181.4666666666667,,156.73333333333335,,156.73333333333335,,0.8809061488673141,0.26165831942125767,True,30,10,4,4,"fly (4,10)",0.1999999999999993,0.40897435897431933,1.5551282051281987,1.6080061444794633,8.040030722397345,-7.775641025641021,156.5869751021925,6.848159793680968,-5.071146245059242,,,,,,
46,9.2,977.4782608695652,624.2608695652174,977,619,2,12,181.47826086956525,,154.73913043478262,,154.73913043478262,,0.8809624314056566,0.2583290992233433,True,30,10,4,4,"fly (4,10)",0.1999999999999993,0.011594202898550066,1.994202898550725,1.9942366023441065,9.971183011720568,-9.97101449275366,155.23748792270533,6.835627019068269,-6.747435897435914,,,,,,
47,9.4,977.48,624.76,977,619,2,13,181.48000000000002,,154.24,,154.24,,0.8809708737864078,0.2574958263772955,True,30,10,4,4,"fly (4,10)",0.20000000000000107,0.0017391304347711412,0.49913043478261443,0.4991334646173815,2.495667323086894,-2.495652173913059,152.1220757363254,15.57817166270167,-15.577060931899732,,,,,,
48,9.6,977.3870967741935,631.6129032258065,976,625,3,15,181.38709677419354,,147.38709677419354,,147.38709677419354,,0.8805198872533667,0.24605525337928805,True,30,10,4,4,"fly (4,10)",0.1999999999999993,-0.0929032258064808,6.852903225806472,6.853532930659486,34.26766465329755,-34.26451612903248,152.17244689221084,24.76822913303627,0.25185577942720744,,,,,,
49,9.8,977.109756097561,624.109756097561,976,608,3,36,181.109756097561,,154.890243902439,,154.890243902439,,0.879173573289131,0.2585813754631703,True,30,10,4,4,"fly (4,10)",0.20000000000000107,-0.2773406766325479,-7.503147128245473,7.5082710845449165,37.54135542272438,37.51573564122717,151.13867033831627,35.90451003801096,1.6256097560973406,,,,,,
38,7.6,604.6744186046511,769.0232558139535,603,763,6,11,18.674418604651123,,3.976744186046517,,3.976744186046517,,0.10374677002583957,0.006650073889709895,True,31,9,3,3,"fly (3,9)",,,,,,,7.486847702779357,23.644597424142326,17.55051758366419,,,,,,
39,7.8,611.0121951219512,762.0030487804878,602,749,19,25,25.01219512195121,,10.996951219512198,,10.996951219512198,,0.1389566395663956,0.018389550534301333,True,31,9,3,3,"fly (3,9)",0.20000000000000018,6.337776517300085,-7.020207033465681,9.457838969656938,47.28919484828465,35.10103516732838,10.656430039738362,26.380395725768413,21.698084212683074,,,,,,
40,8.0,608.8678414096917,756.0044052863436,601,721,20,53,22.867841409691664,,16.995594713656374,,16.995594713656374,,0.1270435633871759,0.028420726945913667,True,31,9,3,3,"fly (3,9)",0.20000000000000018,-2.1443537122595444,-5.998643494144176,6.370398465804123,31.851992329020586,29.993217470720854,13.170810765601649,35.95202441529407,12.57190362931638,,,,,,
41,8.2,610.5994318181819,761.4801136363636,602,749,19,25,24.59943181818187,,11.519886363636374,,11.519886363636374,,0.13666351010101038,0.019264024019458818,True,31,9,3,3,"fly (3,9)",0.1999999999999993,1.7315904084902058,5.47570835002,5.742977213715376,28.71488606857698,-27.378541750100094,13.365582764974533,20.369524566756372,0.9738599968643834,,,,,,
42,8.4,610.6887052341598,761.4187327823691,602,749,19,25,24.688705234159784,,11.581267217630852,,11.581267217630852,,0.13715947352310992,0.01936666758801146,True,31,9,3,3,"fly (3,9)",0.20000000000000107,0.08927341597791383,-0.06138085399447846,0.10833906053431108,0.5416953026715525,0.3069042699723907,11.492165349006882,10.11334834441168,-9.36708707983829,,,,,,
43,8.6,610.7561643835617,761.6246575342466,602,749,19,25,24.756164383561668,,11.37534246575342,,11.37534246575342,,0.1375342465753426,0.01902231181564117,True,31,9,3,3,"fly (3,9)",0.1999999999999993,0.06745914940188413,0.20592475187743275,0.21669273239730025,1.083463661986505,-1.0296237593871673,11.892316222145041,2.8287880389468207,2.0007543656907827,,,,,,
44,8.8,611.0282485875706,760.2796610169491,603,747,18,27,25.0282485875706,,12.720338983050851,,12.720338983050851,,0.13904582548650335,0.021271469871322495,True,31,9,3,3,"fly (3,9)",0.20000000000000107,0.27208420400893374,-1.3449965172974316,1.3722410304364883,6.8612051521824045,6.724982586487123,12.267028951403214,2.6864869260439725,1.8735636462908538,,,,,,
45,9.0,611.0108108108108,760.2945945945946,602,747,19,27,25.010810810810767,,12.705405405405372,,12.705405405405372,,0.13894894894894871,0.0212464973334538,True,31,9,3,3,"fly (3,9)",0.1999999999999993,-0.017437776759834378,0.01493357764547909,0.02295839279260142,0.1147919639630075,-0.07466788822739572,12.888866015664272,3.9469172216978023,3.1091853213052816,,,,,,
46,9.2,611.8231707317074,759.7591463414634,603,746,18,28,25.823170731707364,,13.240853658536594,,13.240853658536594,,0.14346205962059647,0.022141895750061192,True,31,9,3,3,"fly (3,9)",0.1999999999999993,0.812359920896597,-0.5354482531312215,0.9729509097895958,4.864754548947996,2.6772412656561166,14.049136163076431,7.618277140800864,5.801350737060769,,,,,,
47,9.4,613.8275862068965,756.7988505747127,608,748,12,20,27.827586206896513,,16.201149425287326,,16.201149425287326,,0.15459770114942506,0.027092223119209575,True,31,9,3,3,"fly (3,9)",0.20000000000000107,2.0044154751891483,-2.9602957667507326,3.5750569818983373,17.87528490949159,14.801478833753585,14.337077951018236,12.331356740957489,1.4397089397089833,,,,,,
48,9.6,614.9230769230769,759.4307692307692,609,750,13,20,28.923076923076906,,13.569230769230785,,13.569230769230785,,0.16068376068376058,0.022691021353228737,True,31,9,3,3,"fly (3,9)",0.1999999999999993,1.095490716180393,2.6319186560565413,2.850806152886566,14.254030764432882,-13.159593280282753,15.067604208983502,13.837244708097304,3.652631289826274,,,,,,
49,9.8,615.145945945946,757.5675675675676,609,749,13,19,29.145945945945982,,15.432432432432392,,15.432432432432392,,0.16192192192192212,0.025806743198047478,True,31,9,3,3,"fly (3,9)",0.20000000000000107,0.22286902286907662,-1.8632016632016075,1.8764836900734985,9.382418450367442,9.316008316007988,14.500831600831589,11.818224607400163,-1.9217924821373815,,,,,,
38,7.6,602.171875,732.359375,601,722,4,23,16.171875,,40.640625,,40.640625,,0.08984375,0.06796091137123746,True,32,10,3,3,"fly (3,10)",,,,,,,40.460312499999986,0.9023205639758762,-0.9015625000000674,,,,,,
39,7.8,602.1866666666667,732.72,601,721,4,25,16.186666666666724,,40.27999999999997,,40.27999999999997,,0.08992592592592624,0.06735785953177253,True,32,10,3,3,"fly (3,10)",0.20000000000000018,0.014791666666724268,0.3606250000000273,0.3609282255903508,1.8046411279517525,-1.8031250000001349,49.22085349462365,44.72032458146484,43.50218413978492,,,,,,
40,8.0,601.483870967742,706.258064516129,601,699,2,16,15.48387096774195,,66.74193548387098,,66.74193548387098,,0.08602150537634416,0.11160858776567052,True,32,10,3,3,"fly (3,10)",0.20000000000000018,-0.7027956989247741,-26.461935483871002,26.471266523288577,132.35633261644276,132.3096774193549,57.92129032258064,44.72032458146484,43.50218413978492,,,,,,
41,8.2,601.483870967742,706.258064516129,601,699,2,16,15.48387096774195,,66.74193548387098,,66.74193548387098,,0.08602150537634416,0.11160858776567052,True,32,10,3,3,"fly (3,10)",0.1999999999999993,0.0,0.0,0.0,0.0,0.0,66.57508342602894,44.95303988792381,43.268965517241476,,,,,,
42,8.4,601.4827586206897,706.7586206896551,601,700,2,15,15.482758620689651,,66.24137931034488,,66.24137931034488,,0.08601532567049806,0.11077153730826904,True,32,10,3,3,"fly (3,10)",0.20000000000000107,-0.001112347052298901,0.5005561735260926,0.500557409465736,2.502787047328667,-2.5027808676304497,66.57508342602894,1.6685246982191186,7.401486830834377e-15,,,,,,
43,8.6,601.483870967742,706.258064516129,601,699,2,16,15.48387096774195,,66.74193548387098,,66.74193548387098,,0.08602150537634416,0.11160858776567052,True,32,10,3,3,"fly (3,10)",0.1999999999999993,0.001112347052298901,-0.5005561735260926,0.500557409465736,2.502787047328689,2.502780867630472,66.40857967888003,2.501045028086571,-0.8325187357445311,,,,,,
44,8.8,601.4848484848485,706.7575757575758,601,699,2,17,15.484848484848499,,66.24242424242425,,66.24242424242425,,0.0860269360269361,0.11077328468632817,True,32,10,3,3,"fly (3,10)",0.20000000000000107,0.0009775171065484756,0.49951124144672576,0.49951219792047397,2.4975609896023565,-2.4975562072336155,66.69748927813446,3.1266438214960766,1.444547996272086,,,,,,
45,9.0,601.3513513513514,705.8918918918919,600,698,3,18,15.351351351351354,,67.10810810810813,,67.10810810810813,,0.0852852852852853,0.11222091656874268,True,32,10,3,3,"fly (3,10)",0.1999999999999993,-0.1334971334971442,-0.8656838656838772,0.8759166855114335,4.379583427557184,4.328419328419401,67.86043386043389,7.500055747016346,5.814722911497209,,,,,,
46,9.2,601.4615384615385,702.7692307692307,601,700,2,7,15.461538461538453,,70.23076923076928,,70.23076923076928,,0.08589743589743584,0.11744275791098542,True,32,10,3,3,"fly (3,10)",0.1999999999999993,0.11018711018709837,-3.1226611226611567,3.1246045647778886,15.623022823889498,15.613305613305839,68.6694386694387,10.001303125723341,9.97086247086262,,,,,,
