physical_vial_index,assay_tube_index,bbox_x,bbox_y,bbox_w,bbox_h,center_x_px,center_y_px,area_px,frame_index,time_s,x_from_left_px,x_from_left_mm,y_from_base_px,y_from_base_mm,distance_from_base_px,distance_from_base_mm,relative_x,relative_height,threshold_used
1,1,149,273,3,8,149.85714285714286,276.6190476190476,21,0,0.0,19.85714285714286,1.91856452726018,489.3809523809524,65.35972652834089,489.3809523809524,65.35972652834089,0.09592822636300899,0.8169965816042611,8.64
1,1,147,282,5,15,149.19565217391303,289.3913043478261,46,0,0.0,19.195652173913032,1.85465238395295,476.6086956521739,63.65391594686797,476.6086956521739,63.65391594686797,0.0927326191976475,0.7956739493358496,8.64
1,1,139,307,27,46,150.88388969521046,322.8461538461538,689,0,0.0,20.883889695210456,2.017767120310189,443.1538461538462,59.18582252472069,443.1538461538462,59.18582252472069,0.10088835601550945,0.7398227815590087,8.64
1,1,139,357,30,43,153.00265957446808,373.07978723404256,752,0,0.0,23.002659574468083,2.2224791859389454,392.92021276595744,52.476823073917515,392.92021276595744,52.476823073917515,0.11112395929694727,0.655960288423969,8.64
1,1,151,404,3,6,151.78571428571428,406.2142857142857,14,0,0.0,21.785714285714278,2.1048999309868868,359.7857142857143,48.05151442880992,359.7857142857143,48.05151442880992,0.10524499654934434,0.600643930360124,8.64
1,1,151,411,3,5,151.72727272727272,412.72727272727275,11,0,0.0,21.72727272727272,2.099253403601229,353.27272727272725,47.18166641371983,353.27272727272725,47.18166641371983,0.10496267018006145,0.5897708301714979,8.64
1,1,153,441,4,9,154.24,445.32,25,0,0.0,24.24000000000001,2.3420289855072474,320.68,42.828714524207015,320.68,42.828714524207015,0.11710144927536237,0.5353589315525876,8.64
1,1,152,455,6,37,154.53623188405797,471.9710144927536,138,0,0.0,24.53623188405797,2.37065042358048,294.0289855072464,39.269313590283325,294.0289855072464,39.269313590283325,0.118532521179024,0.4908664198785415,8.64
1,1,157,730,4,9,158.54166666666666,733.9583333333334,24,0,0.0,28.541666666666657,2.757648953301126,32.04166666666663,4.279354479688364,32.04166666666663,4.279354479688364,0.1378824476650563,0.05349193099610455,8.64
1,1,152,763,9,19,156.1081081081081,773.0900900900901,111,0,0.0,26.108108108108098,2.5225225225225216,-7.090090090090143,-0.946923551264126,-7.090090090090143,-0.946923551264126,0.1261261261261261,-0.011836544390801574,8.64
2,2,380,197,9,12,383.42045454545456,202.20454545454544,88,0,0.0,20.42045454545456,2.1608946608946624,560.7954545454545,76.68997668997669,560.7954545454545,76.68997668997669,0.10804473304473312,0.9586247086247085,23.0
3,3,600,626,4,135,601.0975609756098,699.7731707317073,410,0,0.0,18.09756097560978,1.8950325628910765,60.226829268292704,8.278601961277348,60.226829268292704,8.278601961277348,0.09475162814455383,0.10348252451596684,12.0
4,4,927,182,25,14,938.6855895196506,187.9170305676856,229,0,0.0,132.68558951965065,14.501157324551983,569.0829694323144,77.55815597033245,569.0829694323144,77.55815597033245,0.7250578662275992,0.9694769496291556,23.0
4,4,829,212,9,21,833.1133333333333,222.26,150,0,0.0,27.113333333333344,2.9632058287796004,534.74,72.87768313458263,534.74,72.87768313458263,0.14816029143898002,0.9109710391822828,23.0
4,4,956,374,11,19,960.5,382.9025974025974,154,0,0.0,154.5,16.885245901639344,374.0974025974026,50.98431381225249,374.0974025974026,50.98431381225249,0.8442622950819673,0.637303922653156,23.0
1,1,146,210,2,14,146.48148148148147,216.25925925925927,27,1,0.2,16.481481481481467,1.5924136697083542,549.7407407407408,73.42113398874669,549.7407407407408,73.42113398874669,0.07962068348541772,0.9177641748593335,8.64
1,1,148,272,12,87,151.59942363112393,318.69164265129683,347,1,0.2,21.599423631123926,2.086900833925017,447.30835734870317,59.740682116688234,447.30835734870317,59.740682116688234,0.10434504169625085,0.746758526458603,8.64
1,1,150,348,9,67,153.2829131652661,384.3137254901961,357,1,0.2,23.28291316526611,2.249556827561943,381.6862745098039,50.976464041376154,381.6862745098039,50.976464041376154,0.11247784137809715,0.6372058005172019,8.64
1,1,152,416,5,80,154.2394366197183,453.9577464788732,213,1,0.2,24.239436619718305,2.3419745526297877,312.0422535211268,41.675092289966855,312.0422535211268,41.675092289966855,0.11709872763148939,0.5209386536245856,8.64
1,1,165,329,6,6,167.33333333333334,330.85185185185185,27,1,0.2,37.33333333333334,3.607085346215782,435.14814814814815,58.116614109936314,435.14814814814815,58.116614109936314,0.1803542673107891,0.7264576763742039,8.64
1,1,156,730,5,10,158.23529411764707,735.0882352941177,34,1,0.2,28.235294117647072,2.728047740835466,30.91176470588232,4.128449376411662,30.91176470588232,4.128449376411662,0.1364023870417733,0.051605617205145775,8.64
1,1,152,761,9,21,156.28571428571428,771.9071428571428,140,1,0.2,26.285714285714278,2.539682539682539,-5.907142857142844,-0.788933937514904,-5.907142857142844,-0.788933937514904,0.12698412698412695,-0.0098616742189363,8.64
1,1,187,775,5,7,189.19230769230768,777.6923076923077,26,1,0.2,59.19230769230768,5.7190635451505,-11.692307692307736,-1.561576987286509,-11.692307692307736,-1.561576987286509,0.285953177257525,-0.019519712341081363,8.64
2,2,380,198,9,11,383.3625,202.5875,80,1,0.2,20.36250000000001,2.154761904761906,560.4125,76.63760683760684,560.4125,76.63760683760684,0.1077380952380953,0.9579700854700856,24.0
3,3,600,634,4,127,601.1407035175879,702.8668341708543,398,1,0.2,18.140703517587895,1.8995501065537062,57.133165829145696,7.853356127717621,57.133165829145696,7.853356127717621,0.09497750532768531,0.09816695159647026,12.0
4,4,927,182,25,13,938.9115044247787,187.83185840707964,226,1,0.2,132.91150442477874,14.525847478117894,569.1681415929204,77.5697637605343,569.1681415929204,77.5697637605343,0.7262923739058947,0.9696220470066786,24.0
4,4,829,213,9,20,833.0791366906475,222.64028776978418,139,1,0.2,27.079136690647488,2.959468490781146,534.3597122302158,72.82585515914354,534.3597122302158,72.82585515914354,0.14797342453905732,0.9103231894892944,24.0
4,4,955,379,13,16,960.6978417266187,386.705035971223,139,1,0.2,154.69784172661866,16.906867948264335,370.294964028777,50.46609390511441,370.294964028777,50.46609390511441,0.8453433974132167,0.6308261738139301,24.0
1,1,147,242,5,6,149.0,244.2173913043478,23,2,0.4,19.0,1.8357487922705313,521.7826086956522,69.68715975901866,521.7826086956522,69.68715975901866,0.09178743961352658,0.8710894969877333,8.64
1,1,148,249,6,6,150.17391304347825,251.30434782608694,23,2,0.4,20.17391304347825,1.9491703423650484,514.695652173913,68.74065471437903,514.695652173913,68.74065471437903,0.09745851711825242,0.8592581839297379,8.64
1,1,146,270,8,29,149.3719512195122,282.4512195121951,164,2,0.4,19.371951219512198,1.8716861081654297,483.5487804878049,64.5808054073863,483.5487804878049,64.5808054073863,0.09358430540827149,0.8072600675923287,8.64
1,1,147,302,5,25,149.26136363636363,314.77272727272725,88,2,0.4,19.261363636363626,1.8610013175230558,451.22727272727275,60.26407649112158,451.22727272727275,60.26407649112158,0.09305006587615278,0.7533009561390196,8.64
1,1,155,326,5,6,156.77777777777777,328.55555555555554,27,2,0.4,26.77777777777777,2.5872249060654853,437.44444444444446,58.42329808940827,437.44444444444446,58.42329808940827,0.12936124530327425,0.7302912261176034,8.64
1,1,149,329,7,17,151.30188679245282,339.7358490566038,53,2,0.4,21.30188679245282,2.0581533132804655,426.2641509433962,56.93010363183922,426.2641509433962,56.93010363183922,0.10290766566402328,0.7116262953979903,8.64
1,1,149,347,3,5,150.0,349.0,15,2,0.4,20.0,1.932367149758454,417.0,55.692821368948245,417.0,55.692821368948245,0.0966183574879227,0.6961602671118531,8.64
1,1,150,353,7,18,151.6060606060606,362.3484848484849,66,2,0.4,21.606060606060595,2.0875420875420865,403.6515151515151,53.91005210704709,403.6515151515151,53.91005210704709,0.10437710437710432,0.6738756513380887,8.64
1,1,151,371,3,9,151.58823529411765,375.7058823529412,17,2,0.4,21.588235294117652,2.0858198351804496,390.2941176470588,52.1260925071197,390.2941176470588,52.1260925071197,0.10429099175902247,0.6515761563389963,8.64
1,1,165,329,6,7,167.38709677419354,331.19354838709677,31,2,0.4,37.38709677419354,3.612279881564593,434.80645161290323,58.07097851257472,434.80645161290323,58.07097851257472,0.18061399407822964,0.725887231407184,8.64
1,1,155,353,5,3,157.0,353.8461538461538,13,2,0.4,27.0,2.608695652173913,412.1538461538462,55.04558880184924,412.1538461538462,55.04558880184924,0.13043478260869565,0.6880698600231155,8.64
1,1,152,418,4,13,153.57894736842104,424.36842105263156,38,2,0.4,23.57894736842104,2.2781591660310183,341.63157894736844,45.626922063087605,341.63157894736844,45.626922063087605,0.11390795830155093,0.5703365257885951,8.64
1,1,152,431,5,31,154.15,445.4375,80,2,0.4,24.150000000000006,2.333333333333334,320.5625,42.813021702838064,320.5625,42.813021702838064,0.1166666666666667,0.5351627712854758,8.64
1,1,153,462,3,17,154.2,469.3,40,2,0.4,24.19999999999999,2.3381642512077283,296.7,39.62604340567613,296.7,39.62604340567613,0.11690821256038642,0.49532554257095157,8.64
1,1,154,479,3,22,154.8780487804878,488.8780487804878,41,2,0.4,24.878048780487802,2.40367621067515,277.1219512195122,37.01127896086974,277.1219512195122,37.01127896086974,0.1201838105337575,0.4626409870108718,8.64
1,1,156,731,4,9,157.64285714285714,734.6785714285714,28,2,0.4,27.64285714285714,2.6708074534161486,31.321428571428555,4.183162413546385,31.321428571428555,4.183162413546385,0.13354037267080743,0.05228953016932981,8.64
1,1,152,762,9,20,156.1825396825397,772.8492063492064,126,2,0.4,26.182539682539698,2.5297139789893426,-6.8492063492063835,-0.9147521000609528,-6.8492063492063835,-0.9147521000609528,0.12648569894946715,-0.01143440125076191,8.64
2,2,380,198,8,11,382.8857142857143,202.6,70,2,0.4,19.8857142857143,2.1043083900226773,560.4,76.63589743589743,560.4,76.63589743589743,0.10521541950113386,0.9579487179487179,24.0
3,3,600,635,4,126,601.125,702.9158163265306,392,2,0.4,18.125,1.8979057591623036,57.0841836734694,7.846623185356618,57.0841836734694,7.846623185356618,0.09489528795811518,0.09808278981695773,12.0
4,4,927,182,24,13,938.6336206896551,187.82327586206895,232,2,0.4,132.63362068965512,14.49547767100056,569.176724137931,77.5709334429889,569.176724137931,77.5709334429889,0.7247738835500279,0.9696366680373613,23.0
4,4,829,213,10,21,833.5034013605442,222.85714285714286,147,2,0.4,27.503401360544217,3.0058362142671275,534.1428571428571,72.7963008031151,534.1428571428571,72.7963008031151,0.15029181071335637,0.9099537600389389,23.0
4,4,957,378,10,19,961.343949044586,386.64331210191085,157,2,0.4,155.343949044586,16.977480769900108,370.35668789808915,50.47450601677535,370.35668789808915,50.47450601677535,0.8488740384950054,0.6309313252096919,23.0
1,1,155,773,4,9,156.45714285714286,777.1142857142858,35,3,0.6,26.457142857142856,2.556245686680469,-11.114285714285757,-1.484378726448849,-11.114285714285757,-1.484378726448849,0.12781228433402345,-0.018554734080610612,12.0
2,2,380,198,7,12,382.44615384615383,202.83076923076922,65,3,0.6,19.446153846153834,2.0577940577940566,560.1692307692308,76.60433925049311,560.1692307692308,76.60433925049311,0.10288970288970282,0.9575542406311638,23.0
3,3,600,630,4,131,601.1446078431372,701.9093137254902,408,3,0.6,18.144607843137237,1.899958936454161,58.090686274509835,7.984974058351868,58.090686274509835,7.984974058351868,0.09499794682270805,0.09981217572939834,12.0
4,4,927,182,25,13,938.6580086580086,187.96103896103895,231,3,0.6,132.6580086580086,14.498143022733181,569.038961038961,77.55215823358924,569.038961038961,77.55215823358924,0.724907151136659,0.9694019779198655,24.0
4,4,829,214,10,20,833.4825174825174,223.0909090909091,143,3,0.6,27.482517482517437,3.0035538232259493,533.9090909090909,72.76444169118786,533.9090909090909,72.76444169118786,0.15017769116129748,0.9095555211398482,24.0
4,4,955,383,10,19,959.7483443708609,391.74834437086093,151,3,0.6,153.74834437086088,16.803097745449275,365.25165562913907,49.77876056274468,365.25165562913907,49.77876056274468,0.8401548872724638,0.6222345070343085,24.0
1,1,232,199,4,3,233.5,199.8,10,4,0.8,103.5,10.0,566.2,75.61936560934892,566.2,75.61936560934892,0.5,0.9452420701168616,8.64
1,1,147,270,5,9,149.33333333333334,273.4666666666667,30,4,0.8,19.333333333333343,1.8679549114331733,492.5333333333333,65.78074568725654,492.5333333333333,65.78074568725654,0.09339774557165866,0.8222593210907067,8.64
1,1,147,282,5,13,149.1320754716981,288.07547169811323,53,4,0.8,19.1320754716981,1.8485097074104446,477.92452830188677,63.82965319557753,477.92452830188677,63.82965319557753,0.09242548537052223,0.7978706649447191,8.64
1,1,149,303,3,18,149.86666666666667,311.37777777777774,45,4,0.8,19.866666666666674,1.9194847020933985,454.62222222222226,60.717492116490455,454.62222222222226,60.717492116490455,0.09597423510466993,0.7589686514561307,8.64
1,1,149,321,3,9,149.9,324.85,20,4,0.8,19.900000000000006,1.9227053140096624,441.15,58.91819699499165,441.15,58.91819699499165,0.09613526570048311,0.7364774624373956,8.64
1,1,150,339,3,15,150.56,344.96000000000004,25,4,0.8,20.560000000000002,1.986473429951691,421.03999999999996,56.23238731218697,421.03999999999996,56.23238731218697,0.09932367149758455,0.7029048414023372,8.64
1,1,150,355,8,18,152.46478873239437,365.91549295774644,71,4,0.8,22.464788732394368,2.170510988637137,400.08450704225356,53.433657034023845,400.08450704225356,53.433657034023845,0.10852554943185685,0.6679207129252981,8.64
1,1,166,330,7,6,168.75,332.15625,32,4,0.8,38.75,3.743961352657005,433.84375,57.9424040066778,433.84375,57.9424040066778,0.18719806763285024,0.7242800500834724,8.64
1,1,155,351,9,5,158.77142857142857,353.0,35,4,0.8,28.771428571428572,2.779848171152519,413.0,55.158597662771285,413.0,55.158597662771285,0.13899240855762596,0.6894824707846411,8.64
1,1,152,441,5,10,154.26470588235293,446.1470588235294,34,4,0.8,24.264705882352928,2.344416027280476,319.8529411764706,42.718255916723955,319.8529411764706,42.718255916723955,0.11722080136402381,0.5339781989590494,8.64
1,1,154,472,2,6,154.4,474.2,10,4,0.8,24.400000000000006,2.3574879227053147,291.8,38.97161936560935,291.8,38.97161936560935,0.11787439613526572,0.4871452420701169,8.64
1,1,153,479,5,14,154.65217391304347,485.4782608695652,46,4,0.8,24.65217391304347,2.3818525519848763,280.5217391304348,37.46534078536692,280.5217391304348,37.46534078536692,0.11909262759924381,0.4683167598170865,8.64
1,1,154,498,3,9,154.55555555555554,501.6666666666667,18,4,0.8,24.555555555555543,2.372517444981212,264.3333333333333,35.303283249860876,264.3333333333333,35.303283249860876,0.1186258722490606,0.44129104062326097,8.64
1,1,153,759,8,23,156.4927536231884,771.4492753623189,138,4,0.8,26.492753623188406,2.559686340404677,-5.449275362318872,-0.7277830200091983,-5.449275362318872,-0.7277830200091983,0.12798431702023386,-0.009097287750114978,8.64
2,2,380,196,5,13,381.6470588235294,201.078431372549,51,4,0.8,18.64705882352939,1.973233737939618,561.921568627451,76.84397519691639,561.921568627451,76.84397519691639,0.0986616868969809,0.9605496899614548,24.0
3,3,600,629,4,132,601.1545893719807,701.4661835748792,414,4,0.8,18.154589371980705,1.9010041227204928,58.53381642512079,8.045885419260589,58.53381642512079,8.045885419260589,0.09505020613602463,0.10057356774075737,12.0
4,4,927,182,25,13,938.5644444444445,187.88888888888889,225,4,0.8,132.56444444444446,14.487917425622346,569.1111111111111,77.56199129282605,569.1111111111111,77.56199129282605,0.7243958712811173,0.9695248911603255,24.0
4,4,829,214,10,20,833.443661971831,223.27464788732394,142,4,0.8,27.443661971831034,2.999307319325796,533.7253521126761,72.73940062864409,533.7253521126761,72.73940062864409,0.14996536596628982,0.9092425078580513,24.0
4,4,952,396,10,19,956.0193548387097,405.01290322580644,155,4,0.8,150.01935483870966,16.395557905869907,351.98709677419356,47.97098422816948,351.98709677419356,47.97098422816948,0.8197778952934954,0.5996373028521185,24.0
1,1,146,221,6,6,147.75,223.25,24,5,1.0,17.75,1.714975845410628,542.75,72.48747913188647,542.75,72.48747913188647,0.08574879227053141,0.906093489148581,8.64
1,1,147,270,6,25,149.3760683760684,281.9230769230769,117,5,1.0,19.37606837606839,1.8720839010694095,484.0769230769231,64.65134198022345,484.0769230769231,64.65134198022345,0.09360419505347048,0.8081417747527931,8.64
1,1,148,303,9,34,150.6220472440945,322.25984251968504,127,5,1.0,20.62204724409449,1.9924683327627526,443.74015748031496,59.264127877170615,443.74015748031496,59.264127877170615,0.09962341663813763,0.7408015984646327,8.64
1,1,150,339,3,15,150.54166666666666,344.625,24,5,1.0,20.541666666666657,1.9847020933977446,421.375,56.2771285475793,421.375,56.2771285475793,0.09923510466988723,0.7034641068447413,8.64
1,1,150,354,7,18,152.16,364.86,50,5,1.0,22.159999999999997,2.141062801932367,401.14,53.57462437395659,401.14,53.57462437395659,0.10705314009661834,0.6696828046744574,8.64
1,1,151,372,7,33,153.06206896551726,387.5793103448276,145,5,1.0,23.062068965517255,2.228219223721474,378.4206896551724,50.54032583040699,378.4206896551724,50.54032583040699,0.1114109611860737,0.6317540728800874,8.64
1,1,164,330,10,10,168.4848484848485,334.4090909090909,66,5,1.0,38.4848484848485,3.718342848777633,431.5909090909091,57.64152375170739,431.5909090909091,57.64152375170739,0.18591714243888163,0.7205190468963424,8.64
1,1,155,350,10,7,159.58695652173913,352.97826086956525,46,5,1.0,29.586956521739125,2.858643142197017,413.02173913043475,55.16150105247877,413.02173913043475,55.16150105247877,0.14293215710985085,0.6895187631559846,8.64
1,1,152,417,4,9,153.64285714285714,420.82142857142856,28,5,1.0,23.64285714285714,2.284334023464458,345.17857142857144,46.10064393036013,345.17857142857144,46.10064393036013,0.1142167011732229,0.5762580491295016,8.64
1,1,152,441,7,27,154.86315789473684,452.61052631578946,95,5,1.0,24.863157894736844,2.402237477752352,313.38947368421054,41.85502152710659,313.38947368421054,41.85502152710659,0.1201118738876176,0.5231877690888322,8.64
1,1,154,472,2,6,154.4,474.2,10,5,1.0,24.400000000000006,2.3574879227053147,291.8,38.97161936560935,291.8,38.97161936560935,0.11787439613526572,0.4871452420701169,8.64
1,1,153,480,4,12,154.72727272727272,485.8787878787879,33,5,1.0,24.72727272727272,2.389108476064997,280.1212121212121,37.41184802954419,280.1212121212121,37.41184802954419,0.11945542380324985,0.4676481003693024,8.64
1,1,154,499,3,10,154.73913043478262,502.7826086956522,23,5,1.0,24.739130434782624,2.390254148288176,263.2173913043478,35.15424257821006,263.2173913043478,35.15424257821006,0.11951270741440881,0.4394280322276257,8.64
1,1,152,759,9,23,156.36363636363637,771.5314685314685,143,5,1.0,26.363636363636374,2.5472112428634177,-5.531468531468477,-0.7387604048705811,-5.531468531468477,-0.7387604048705811,0.1273605621431709,-0.009234505060882265,8.64
1,1,183,775,7,6,185.53333333333333,777.2666666666667,30,5,1.0,55.53333333333333,5.365539452495973,-11.266666666666652,-1.5047301057317732,-11.266666666666652,-1.5047301057317732,0.2682769726247987,-0.018809126321647166,8.64
2,2,380,201,2,12,380.4782608695652,206.26086956521738,23,5,1.0,17.47826086956519,1.8495514147688032,556.7391304347826,76.13526570048309,556.7391304347826,76.13526570048309,0.09247757073844017,0.9516908212560387,24.0
3,3,600,628,4,133,601.1514423076923,701.1129807692307,416,5,1.0,18.151442307692264,1.9006745871929072,58.88701923076928,8.094435633095435,58.88701923076928,8.094435633095435,0.09503372935964537,0.10118044541369292,12.0
4,4,927,182,24,13,938.1855203619909,187.8552036199095,221,5,1.0,132.18552036199094,14.446504957594637,569.1447963800905,77.56658213016566,569.1447963800905,77.56658213016566,0.722325247879732,0.9695822766270706,24.0
4,4,829,214,10,20,833.4577464788732,223.33098591549296,142,5,1.0,27.45774647887322,3.0008466097129203,533.669014084507,72.73172253281186,533.669014084507,72.73172253281186,0.150042330485646,0.9091465316601482,24.0
4,4,949,410,11,20,953.7818181818182,419.5939393939394,165,5,1.0,147.78181818181815,16.151018380526573,337.4060606060606,45.98379020184812,337.4060606060606,45.98379020184812,0.8075509190263287,0.5747973775231014,24.0
1,1,147,270,6,25,149.3760683760684,281.9230769230769,117,6,1.2,19.37606837606839,1.8720839010694095,484.0769230769231,64.65134198022345,484.0769230769231,64.65134198022345,0.09360419505347048,0.8081417747527931,8.64
1,1,150,339,8,39,151.9322033898305,359.7966101694915,118,6,1.2,21.932203389830505,2.119053467616474,406.2033898305085,54.250870094224844,406.2033898305085,54.250870094224844,0.10595267338082369,0.6781358761778106,8.64
1,1,151,378,5,11,152.65853658536585,383.0975609756098,41,6,1.2,22.65853658536585,2.189230587958053,382.9024390243902,51.13889001995195,382.9024390243902,51.13889001995195,0.10946152939790267,0.6392361252493993,8.64
1,1,151,389,6,27,152.98275862068965,400.8275862068965,116,6,1.2,22.98275862068965,2.22055638847243,365.1724137931035,48.77094007253469,365.1724137931035,48.77094007253469,0.1110278194236215,0.6096367509066836,8.64
1,1,164,329,9,10,167.52727272727273,334.2,55,6,1.2,37.52727272727273,3.6258234519104087,431.8,57.669449081803,431.8,57.669449081803,0.18129117259552044,0.7208681135225375,8.64
1,1,156,350,7,5,159.0,352.4230769230769,26,6,1.2,29.0,2.8019323671497585,413.5769230769231,55.2356491588545,413.5769230769231,55.2356491588545,0.14009661835748793,0.6904456144856813,8.64
1,1,162,370,4,3,163.36363636363637,370.9090909090909,11,6,1.2,33.363636363636374,3.2235397452788765,395.0909090909091,52.766732432842616,395.0909090909091,52.766732432842616,0.16117698726394383,0.6595841554105327,8.64
1,1,153,446,6,32,154.69724770642202,458.92660550458714,109,6,1.2,24.69724770642202,2.3862075078668616,307.07339449541286,41.011471718919914,307.07339449541286,41.011471718919914,0.11931037539334309,0.5126433964864989,8.64
1,1,153,480,4,12,154.72727272727272,485.8787878787879,33,6,1.2,24.72727272727272,2.389108476064997,280.1212121212121,37.41184802954419,280.1212121212121,37.41184802954419,0.11945542380324985,0.4676481003693024,8.64
1,1,154,496,4,13,155.16216216216216,501.8378378378378,37,6,1.2,25.16216216216216,2.4311267789528657,264.1621621621622,35.280422325497454,264.1621621621622,35.280422325497454,0.1215563389476433,0.44100527906871817,8.64
1,1,152,759,8,23,156.14705882352942,770.8529411764706,136,6,1.2,26.14705882352942,2.526285876669509,-4.852941176470608,-0.6481390552882281,-4.852941176470608,-0.6481390552882281,0.12631429383347545,-0.008101738191102851,8.64
1,1,183,775,7,6,185.53333333333333,777.2666666666667,30,6,1.2,55.53333333333333,5.365539452495973,-11.266666666666652,-1.5047301057317732,-11.266666666666652,-1.5047301057317732,0.2682769726247987,-0.018809126321647166,8.64
2,2,380,204,2,11,380.4761904761905,208.76190476190476,21,6,1.2,17.47619047619048,1.8493323255228022,554.2380952380952,75.79324379324379,554.2380952380952,75.79324379324379,0.09246661627614011,0.9474155474155473,24.0
3,3,600,662,4,98,601.2823529411764,712.8382352941177,340,6,1.2,18.28235294117644,1.9143825069294702,47.16176470588232,6.482716798059426,47.16176470588232,6.482716798059426,0.09571912534647352,0.08103395997574282,12.0
4,4,926,182,24,13,937.64,187.82222222222222,225,6,1.2,131.64,14.386885245901638,569.1777777777778,77.57107703956086,569.1777777777778,77.57107703956086,0.7193442622950819,0.9696384629945107,23.0
4,4,829,213,10,21,833.5194805194806,223.4805194805195,154,6,1.2,27.519480519480567,3.0075934993967834,533.5194805194806,72.71134317130911,533.5194805194806,72.71134317130911,0.15037967496983917,0.9088917896413639,23.0
4,4,949,423,10,20,953.3414634146342,432.8353658536585,164,6,1.2,147.34146341463418,16.102892176462753,324.1646341463415,44.17916649353887,324.1646341463415,44.17916649353887,0.8051446088231375,0.5522395811692359,23.0
1,1,146,231,3,5,146.83333333333334,232.58333333333331,12,7,1.4,16.833333333333343,1.6264090177133665,533.4166666666667,71.24095715080692,533.4166666666667,71.24095715080692,0.08132045088566832,0.8905119643850864,8.64
1,1,147,270,7,25,149.5958904109589,281.3493150684932,146,7,1.4,19.5958904109589,1.8933227450201837,484.6506849315068,64.72797127632812,484.6506849315068,64.72797127632812,0.09466613725100918,0.8090996409541016,8.64
1,1,149,301,4,34,149.9784946236559,318.80645161290323,93,7,1.4,19.978494623655905,1.9302893356189281,447.19354838709677,59.72534869944531,447.19354838709677,59.72534869944531,0.0965144667809464,0.7465668587430664,8.64
1,1,150,339,3,7,150.8125,342.1875,16,7,1.4,20.8125,2.010869565217391,423.8125,56.602671118530886,423.8125,56.602671118530886,0.10054347826086957,0.7075333889816361,8.64
1,1,150,347,3,16,150.8181818181818,355.9090909090909,33,7,1.4,20.818181818181813,2.0114185331576633,410.0909090909091,54.77007133100622,410.0909090909091,54.77007133100622,0.10057092665788316,0.6846258916375778,8.64
1,1,150,363,7,13,152.1346153846154,368.53846153846155,52,7,1.4,22.134615384615387,2.1386101820884433,397.46153846153845,53.083344034930015,397.46153846153845,53.083344034930015,0.10693050910442216,0.6635418004366251,8.64
1,1,164,330,10,14,168.4142857142857,336.07142857142856,70,7,1.4,38.41428571428571,3.711525189786059,429.92857142857144,57.4195087049845,429.92857142857144,57.4195087049845,0.18557625948930295,0.7177438588123063,8.64
1,1,157,349,6,8,159.44444444444446,352.3703703703704,27,7,1.4,29.444444444444457,2.844873859366614,413.6296296296296,55.242688431336184,413.6296296296296,55.242688431336184,0.1422436929683307,0.6905336053917022,8.64
1,1,162,370,4,3,163.36363636363637,370.9090909090909,11,7,1.4,33.363636363636374,3.2235397452788765,395.0909090909091,52.766732432842616,395.0909090909091,52.766732432842616,0.16117698726394383,0.6595841554105327,8.64
1,1,153,442,6,68,154.7556561085973,473.28506787330315,221,7,1.4,24.755656108597293,2.3918508317485307,292.71493212669685,39.09381397351544,292.71493212669685,39.09381397351544,0.11959254158742653,0.488672674668943,8.64
1,1,181,630,5,5,182.8421052631579,631.8421052631579,19,7,1.4,52.84210526315789,5.1055174167302315,134.15789473684208,17.917581934803618,134.15789473684208,17.917581934803618,0.25527587083651154,0.2239697741850452,8.64
1,1,156,731,5,7,157.96428571428572,733.8928571428571,28,7,1.4,27.964285714285722,2.701863354037268,32.10714285714289,4.288099212974009,32.10714285714289,4.288099212974009,0.1350931677018634,0.05360124016217511,8.64
1,1,152,764,8,18,155.79591836734693,773.9285714285714,98,7,1.4,25.79591836734693,2.492359262545597,-7.928571428571445,-1.0589077033150511,-7.928571428571445,-1.0589077033150511,0.12461796312727985,-0.013236346291438139,8.64
1,1,184,776,5,4,185.88235294117646,777.5882352941177,17,7,1.4,55.882352941176464,5.399261153736856,-11.58823529411768,-1.547677501718555,-11.58823529411768,-1.547677501718555,0.2699630576868428,-0.01934596877148194,8.64
2,2,380,207,3,14,380.8918918918919,213.32432432432432,37,7,1.4,17.891891891891873,1.8933218933218914,549.6756756756756,75.16932316932316,549.6756756756756,75.16932316932316,0.09466609466609457,0.9396165396165396,24.0
3,3,600,645,3,8,601.0,648.5,20,7,1.4,18.0,1.8848167539267016,111.5,15.326460481099657,111.5,15.326460481099657,0.09424083769633508,0.19158075601374572,12.0
3,3,600,655,4,105,601.2659279778393,709.6869806094182,361,7,1.4,18.265927977839283,1.9126626154805533,50.31301939058176,6.915878954031856,50.31301939058176,6.915878954031856,0.09563313077402766,0.08644848692539821,12.0
4,4,927,182,24,13,938.2801724137931,187.92241379310346,232,7,1.4,132.28017241379314,14.456849444130398,569.0775862068965,77.55742231099102,569.0775862068965,77.55742231099102,0.7228424722065199,0.9694677788873876,23.0
4,4,829,214,10,20,833.625850340136,223.5578231292517,147,7,1.4,27.625850340136026,3.019218616408309,533.4421768707483,72.70080775069825,533.4421768707483,72.70080775069825,0.15096093082041545,0.9087600968837279,23.0
4,4,949,431,11,20,953.6190476190476,440.69642857142856,168,7,1.4,147.6190476190476,16.133229247983344,316.30357142857144,43.10781211973717,316.30357142857144,43.10781211973717,0.8066614623991671,0.5388476514967145,23.0
1,1,146,231,3,5,146.83333333333334,232.58333333333331,12,8,1.6,16.833333333333343,1.6264090177133665,533.4166666666667,71.24095715080692,533.4166666666667,71.24095715080692,0.08132045088566832,0.8905119643850864,8.64
1,1,147,271,6,24,149.0854700854701,282.56410256410254,117,8,1.6,19.085470085470092,1.8440067715430042,483.43589743589746,64.56572920679766,483.43589743589746,64.56572920679766,0.09220033857715021,0.8070716150849707,8.64
1,1,147,300,10,39,150.06451612903226,319.4462365591398,186,8,1.6,20.064516129032256,1.9386005921770295,446.5537634408602,59.63990162816164,446.5537634408602,59.63990162816164,0.09693002960885148,0.7454987703520204,8.64
1,1,164,336,9,3,168.0,337.0,25,8,1.6,38.0,3.6714975845410627,429.0,57.29549248747913,429.0,57.29549248747913,0.18357487922705315,0.7161936560934892,8.64
1,1,150,341,3,12,150.82758620689654,346.48275862068965,29,8,1.6,20.82758620689654,2.012327169748458,419.51724137931035,56.02901387369754,419.51724137931035,56.02901387369754,0.1006163584874229,0.7003626734212193,8.64
1,1,150,357,8,45,152.42564102564103,380.8153846153846,195,8,1.6,22.425641025641028,2.1667286015112106,385.1846153846154,51.44368819827919,385.1846153846154,51.44368819827919,0.10833643007556051,0.6430461024784898,8.64
1,1,155,360,5,5,157.35294117647058,361.5882352941177,17,8,1.6,27.35294117647058,2.6427962489343555,404.4117647058823,54.01158794068545,404.4117647058823,54.01158794068545,0.13213981244671777,0.6751448492585681,8.64
1,1,151,402,3,9,152.0,406.52631578947364,19,8,1.6,22.0,2.1256038647342996,359.47368421052636,48.00984096300853,359.47368421052636,48.00984096300853,0.10628019323671498,0.6001230120376067,8.64
1,1,162,370,4,3,163.36363636363637,370.9090909090909,11,8,1.6,33.363636363636374,3.2235397452788765,395.0909090909091,52.766732432842616,395.0909090909091,52.766732432842616,0.16117698726394383,0.6595841554105327,8.64
1,1,150,414,6,14,152.81034482758622,420.08620689655174,58,8,1.6,22.81034482758622,2.203898050974514,345.91379310344826,46.19883714236371,345.91379310344826,46.19883714236371,0.1101949025487257,0.5774854642795464,8.64
1,1,153,442,5,12,154.65217391304347,447.8478260869565,46,8,1.6,24.65217391304347,2.3818525519848763,318.1521739130435,42.491108369020836,318.1521739130435,42.491108369020836,0.11909262759924381,0.5311388546127604,8.64
1,1,153,457,4,51,154.61184210526315,481.7631578947368,152,8,1.6,24.61184210526315,2.377955758962623,284.2368421052632,37.961514805377384,284.2368421052632,37.961514805377384,0.11889778794813116,0.4745189350672173,8.64
1,1,152,759,8,23,156.11194029850748,770.9179104477612,134,8,1.6,26.111940298507477,2.5228927824644907,-4.917910447761187,-0.6568160865123456,-4.917910447761187,-0.6568160865123456,0.12614463912322452,-0.00821020108140432,8.64
1,1,184,776,5,4,185.88235294117646,777.5882352941177,17,8,1.6,55.882352941176464,5.399261153736856,-11.58823529411768,-1.547677501718555,-11.58823529411768,-1.547677501718555,0.2699630576868428,-0.01934596877148194,8.64
2,2,380,206,4,16,381.0652173913044,213.30434782608694,46,8,1.6,18.065217391304373,1.9116632160110447,549.695652173913,75.17205499814195,549.695652173913,75.17205499814195,0.09558316080055224,0.9396506874767744,24.0
3,3,600,628,4,133,601.1213592233009,699.4466019417475,412,8,1.6,18.121359223300942,1.8975245260000986,60.55339805825247,8.32349114202783,60.55339805825247,8.32349114202783,0.09487622630000493,0.10404363927534789,12.0
4,4,927,182,23,14,937.8214285714286,187.95535714285714,224,8,1.6,131.82142857142856,14.406713505074158,569.0446428571429,77.55293258700415,569.0446428571429,77.55293258700415,0.7203356752537079,0.9694116573375517,23.0
4,4,829,214,10,20,833.56,223.58666666666667,150,8,1.6,27.559999999999945,3.012021857923491,533.4133333333333,72.69687677455991,533.4133333333333,72.69687677455991,0.15060109289617457,0.9087109596819988,23.0
4,4,950,438,11,21,955.0971428571429,448.1257142857143,175,8,1.6,149.0971428571429,16.29476971116316,308.8742857142857,42.09530299342905,308.8742857142857,42.09530299342905,0.8147384855581579,0.5261912874178631,23.0
1,1,146,231,3,5,146.83333333333334,232.58333333333331,12,9,1.8,16.833333333333343,1.6264090177133665,533.4166666666667,71.24095715080692,533.4166666666667,71.24095715080692,0.08132045088566832,0.8905119643850864,8.64
1,1,147,263,6,32,149.02189781021897,278.7445255474453,137,9,1.8,19.021897810218974,1.837864522726471,487.2554744525547,65.0758563542644,487.2554744525547,65.0758563542644,0.09189322613632354,0.813448204428305,8.64
1,1,148,301,3,10,149.11764705882354,306.2352941176471,17,9,1.8,19.117647058823536,1.8471156578573464,459.7647058823529,61.40430128645782,459.7647058823529,61.40430128645782,0.09235578289286732,0.7675537660807228,8.64
1,1,148,315,12,32,151.91558441558442,332.3636363636364,154,9,1.8,21.91558441558442,2.117447769621683,433.6363636363636,57.9147063287297,433.6363636363636,57.9147063287297,0.10587238848108416,0.7239338291091213,8.64
1,1,150,348,4,9,151.44444444444446,351.4074074074074,27,9,1.8,21.444444444444457,2.0719269994632326,414.5925925925926,55.371297842082484,414.5925925925926,55.371297842082484,0.10359634997316162,0.6921412230260311,8.64
1,1,163,336,11,8,167.64583333333334,338.85416666666663,48,9,1.8,37.64583333333334,3.6372785829307577,427.14583333333337,57.04785754034503,427.14583333333337,57.04785754034503,0.1818639291465379,0.7130982192543128,8.64
1,1,158,358,5,4,159.66666666666666,359.4666666666667,15,9,1.8,29.666666666666657,2.866344605475039,406.5333333333333,54.29493600445186,406.5333333333333,54.29493600445186,0.14331723027375196,0.6786867000556482,8.64
1,1,152,443,6,9,154.25714285714287,447.1142857142857,35,9,1.8,24.257142857142867,2.3436853002070404,318.8857142857143,42.589077033150495,318.8857142857143,42.589077033150495,0.11718426501035202,0.5323634629143811,8.64
1,1,152,455,5,29,154.29787234042553,468.8404255319149,94,9,1.8,24.297872340425528,2.347620515983143,297.1595744680851,39.687422299577314,297.1595744680851,39.687422299577314,0.11738102579915714,0.49609277874471636,8.64
1,1,152,486,5,22,154.5921052631579,495.39473684210526,76,9,1.8,24.59210526315789,2.3760488176964145,270.60526315789474,36.14093664880063,270.60526315789474,36.14093664880063,0.11880244088482073,0.45176170811000793,8.64
1,1,152,759,8,23,156.1044776119403,770.8955223880597,134,9,1.8,26.104477611940297,2.5221717499459224,-4.895522388059703,-0.6538260284553861,-4.895522388059703,-0.6538260284553861,0.12610858749729612,-0.008172825355692326,8.64
1,1,184,776,5,4,186.0,777.5,16,9,1.8,56.0,5.4106280193236715,-11.5,-1.5358931552587647,-11.5,-1.5358931552587647,0.27053140096618356,-0.019198664440734557,8.64
2,2,380,207,4,16,381.18367346938777,214.67346938775512,49,9,1.8,18.18367346938777,1.9241982507288646,548.3265306122448,74.9848246991104,548.3265306122448,74.9848246991104,0.09620991253644323,0.93731030873888,24.0
3,3,600,627,4,134,601.1803278688525,700.6580796252928,427,9,1.8,18.180327868852487,1.9036992532829828,59.34192037470723,8.156964999959756,59.34192037470723,8.156964999959756,0.09518496266414915,0.10196206249949695,12.0
4,4,927,182,23,14,937.9203539823009,187.99557522123894,226,9,1.8,131.92035398230087,14.417525025388073,569.0044247787611,77.54745141788906,569.0044247787611,77.54745141788906,0.7208762512694037,0.9693431427236134,23.0
4,4,829,214,10,20,833.5472972972973,223.52027027027026,148,9,1.8,27.54729729729729,3.0106335844040757,533.4797297297298,72.70592568718635,533.4797297297298,72.70592568718635,0.15053167922020377,0.9088240710898293,23.0
4,4,951,443,11,20,955.7485714285715,452.90285714285716,175,9,1.8,149.7485714285715,16.36596409055426,304.09714285714284,41.44424434168897,304.09714285714284,41.44424434168897,0.8182982045277131,0.5180530542711121,23.0
1,1,146,231,3,5,146.83333333333334,232.58333333333331,12,10,2.0,16.833333333333343,1.6264090177133665,533.4166666666667,71.24095715080692,533.4166666666667,71.24095715080692,0.08132045088566832,0.8905119643850864,8.64
1,1,147,264,6,32,149.25827814569536,279.52317880794703,151,10,2.0,19.258278145695357,1.860703202482643,486.47682119205297,64.9718625966014,486.47682119205297,64.9718625966014,0.09303516012413215,0.8121482824575175,8.64
1,1,148,305,4,42,150.02777777777777,324.5925925925926,108,10,2.0,20.02777777777777,1.935050993022007,441.4074074074074,58.9525752797873,441.4074074074074,58.9525752797873,0.09675254965110035,0.7369071909973413,8.64
1,1,150,348,4,5,151.375,349.75,16,10,2.0,21.375,2.0652173913043477,416.25,55.59265442404007,416.25,55.59265442404007,0.10326086956521739,0.6949081803005008,8.64
1,1,150,353,3,8,151.0952380952381,356.95238095238096,21,10,2.0,21.095238095238102,2.0381872555785607,409.04761904761904,54.63073376262024,409.04761904761904,54.63073376262024,0.10190936277892802,0.682884172032753,8.64
1,1,150,362,8,38,152.43448275862067,380.44827586206895,145,10,2.0,22.434482758620675,2.167582875229051,385.55172413793105,51.49271774797076,385.55172413793105,51.49271774797076,0.10837914376145254,0.6436589718496345,8.64
1,1,163,336,9,4,167.0,337.43333333333334,30,10,2.0,37.0,3.57487922705314,428.56666666666666,57.2376182526433,428.56666666666666,57.2376182526433,0.178743961352657,0.7154702281580412,8.64
1,1,155,340,6,7,157.24137931034483,342.58620689655174,29,10,2.0,27.241379310344826,2.6320173246709975,423.41379310344826,56.54942144954234,423.41379310344826,56.54942144954234,0.13160086623354988,0.7068677681192792,8.64
1,1,152,416,4,10,153.45945945945945,420.3783783783784,37,10,2.0,23.459459459459453,2.2666144405274835,345.6216216216216,46.159815909398546,345.6216216216216,46.159815909398546,0.11333072202637416,0.5769976988674819,8.64
1,1,152,442,6,10,154.02702702702703,446.97297297297297,37,10,2.0,24.02702702702703,2.3214518866692786,319.02702702702703,42.607950187249024,319.02702702702703,42.607950187249024,0.11607259433346392,0.5325993773406127,8.64
1,1,152,455,6,26,154.4795918367347,468.1326530612245,98,10,2.0,24.4795918367347,2.3651779552400676,297.8673469387755,39.78194950768287,297.8673469387755,39.78194950768287,0.11825889776200338,0.4972743688460359,8.64
1,1,153,482,4,26,154.6867469879518,493.95180722891564,83,10,2.0,24.686746987951807,2.385192945695827,272.04819277108436,36.333648450228296,272.04819277108436,36.333648450228296,0.11925964728479134,0.45417060562785366,8.64
1,1,153,759,7,23,156.35555555555555,771.0962962962963,135,10,2.0,26.355555555555554,2.5464304884594737,-5.096296296296259,-0.6806405737958277,-5.096296296296259,-0.6806405737958277,0.1273215244229737,-0.008508007172447846,8.64
2,2,380,209,4,15,381.24,216.14,50,10,2.0,18.24000000000001,1.930158730158731,546.86,74.78427350427351,546.86,74.78427350427351,0.09650793650793656,0.9348034188034188,24.0
3,3,600,625,4,136,601.1588785046729,699.4766355140187,428,10,2.0,18.158878504672884,1.9014532465626057,60.52336448598135,8.319362815942453,60.52336448598135,8.319362815942453,0.09507266232813029,0.10399203519928066,12.0
4,4,927,182,23,14,937.5740740740741,187.91666666666666,216,10,2.0,131.57407407407413,14.379680226674768,569.0833333333334,77.55820556501989,569.0833333333334,77.55820556501989,0.7189840113337385,0.9694775695627486,24.0
4,4,829,214,10,20,833.6137931034483,223.55862068965519,145,10,2.0,27.6137931034483,3.0179008856227654,533.4413793103448,72.70069905422076,533.4413793103448,72.70069905422076,0.15089504428113826,0.9087587381777594,24.0
4,4,950,445,11,20,954.6845238095239,455.04761904761904,168,10,2.0,148.68452380952385,16.249674733281296,301.95238095238096,41.15194288959196,301.95238095238096,41.15194288959196,0.8124837366640648,0.5143992861198994,24.0
1,1,155,772,4,10,156.2,776.5666666666667,30,11,2.2,26.19999999999999,2.5314009661835737,-10.56666666666672,-1.411240957150814,-10.56666666666672,-1.411240957150814,0.1265700483091787,-0.017640511964385173,12.0
2,2,380,213,5,14,381.6842105263158,219.56140350877195,57,11,2.2,18.68421052631578,1.977165135059871,543.438596491228,74.31638926375769,543.438596491228,74.31638926375769,0.09885825675299355,0.9289548657969711,25.0
3,3,600,625,4,136,601.1485849056604,699.7240566037735,424,11,2.2,18.148584905660414,1.9003753827916663,60.27594339622647,8.28535304415484,60.27594339622647,8.28535304415484,0.09501876913958332,0.10356691305193551,12.0
4,4,927,182,23,14,937.8280542986425,187.97285067873304,221,11,2.2,131.82805429864254,14.407437628266944,569.027149321267,77.55054845945716,569.027149321267,77.55054845945716,0.7203718814133472,0.9693818557432146,24.0
4,4,829,214,10,20,833.6413793103449,223.7448275862069,145,11,2.2,27.64137931034486,3.020915771622389,533.2551724137932,72.6753216236856,533.2551724137932,72.6753216236856,0.15104578858111944,0.9084415202960702,24.0
4,4,949,448,12,18,954.3607594936709,456.8101265822785,158,11,2.2,148.3607594936709,16.214290655046,300.1898734177215,40.91173743342031,300.1898734177215,40.91173743342031,0.8107145327523001,0.5113967179177539,24.0
1,1,146,231,6,18,147.88,239.88,75,12,2.4,17.879999999999995,1.7275362318840575,526.12,70.26644407345576,526.12,70.26644407345576,0.08637681159420288,0.878330550918197,8.64
1,1,148,271,5,18,149.55384615384617,280.61538461538464,65,12,2.4,19.553846153846166,1.8892604979561514,485.38461538461536,64.82599203801206,485.38461538461536,64.82599203801206,0.09446302489780757,0.8103249004751508,8.64
1,1,149,340,9,60,152.75882352941176,373.59117647058827,340,12,2.4,22.758823529411757,2.1989201477692517,392.40882352941173,52.4085240106059,392.40882352941173,52.4085240106059,0.1099460073884626,0.6551065501325738,8.64
1,1,165,328,11,6,169.45,330.225,40,12,2.4,39.44999999999999,3.8115942028985494,435.775,58.20033388981636,435.775,58.20033388981636,0.19057971014492747,0.7275041736227045,8.64
1,1,161,347,8,5,164.875,349.28125,32,12,2.4,34.875,3.369565217391304,416.71875,55.65525876460768,416.71875,55.65525876460768,0.16847826086956522,0.695690734557596,8.64
1,1,161,368,11,9,165.86075949367088,371.8987341772152,79,12,2.4,35.860759493670884,3.4648076805479113,394.1012658227848,52.63455970922001,394.1012658227848,52.63455970922001,0.17324038402739558,0.6579319963652501,8.64
1,1,150,403,4,7,151.1578947368421,405.8421052631579,19,12,2.4,21.15789473684211,2.0442410373760493,360.1578947368421,48.101221333801945,360.1578947368421,48.101221333801945,0.10221205186880246,0.6012652666725243,8.64
1,1,151,416,7,38,153.35057471264366,432.28735632183907,174,12,2.4,23.350574712643663,2.2560941751346535,333.71264367816093,44.56930132596473,333.71264367816093,44.56930132596473,0.11280470875673267,0.5571162665745591,8.64
1,1,152,455,5,23,154.0,464.3058823529412,85,12,2.4,24.0,2.318840579710145,301.6941176470588,40.29303741530001,301.6941176470588,40.29303741530001,0.11594202898550725,0.5036629676912501,8.64
1,1,153,480,6,10,155.125,484.0625,48,12,2.4,25.125,2.427536231884058,281.9375,37.65442404006678,281.9375,37.65442404006678,0.1213768115942029,0.4706803005008347,8.64
1,1,154,499,3,6,154.94117647058823,501.3529411764706,17,12,2.4,24.941176470588232,2.40977550440466,264.6470588235294,35.34518314838456,264.6470588235294,35.34518314838456,0.120488775220233,0.441814789354807,8.64
1,1,157,725,3,4,157.9090909090909,726.3636363636364,11,12,2.4,27.909090909090907,2.6965305226174787,39.636363636363626,5.293671270298982,39.636363636363626,5.293671270298982,0.13482652613087395,0.06617089087873727,8.64
1,1,152,760,8,22,156.0300751879699,771.9398496240601,133,12,2.4,26.030075187969913,2.514983109948784,-5.939849624060116,-0.7933021200748068,-5.939849624060116,-0.7933021200748068,0.1257491554974392,-0.009916276500935085,8.64
1,1,181,778,3,4,182.0,779.5,12,12,2.4,52.0,5.024154589371981,-13.5,-1.8030050083472453,-13.5,-1.8030050083472453,0.25120772946859904,-0.022537562604340568,8.64
2,2,380,214,7,14,382.6144578313253,220.89156626506025,83,12,2.4,19.614457831325296,2.0756040033148464,542.1084337349398,74.13448666460715,542.1084337349398,74.13448666460715,0.10378020016574231,0.9266810833075895,25.0
3,3,600,626,4,135,601.1556603773585,700.186320754717,424,12,2.4,18.15566037735846,1.901116269880467,59.81367924528297,8.221811580107625,59.81367924528297,8.221811580107625,0.09505581349402334,0.1027726447513453,12.0
4,4,926,182,24,14,937.5900900900901,188.0,222,12,2.4,131.59009009009014,14.381430610938814,569.0,77.54684838160136,569.0,77.54684838160136,0.7190715305469407,0.969335604770017,24.0
4,4,829,214,10,20,833.6598639455782,223.55102040816325,147,12,2.4,27.659863945578195,3.022935950336415,533.4489795918367,72.70173486771199,533.4489795918367,72.70173486771199,0.15114679751682072,0.9087716858463999,24.0
4,4,948,451,14,17,954.1381578947369,459.3421052631579,152,12,2.4,148.13815789473688,16.189962611446653,297.6578947368421,40.56666367793419,297.6578947368421,40.56666367793419,0.8094981305723327,0.5070832959741773,24.0
1,1,146,225,9,33,148.41059602649005,241.4701986754967,151,13,2.6,18.410596026490055,1.7788015484531454,524.5298013245033,70.05406361596037,524.5298013245033,70.05406361596037,0.08894007742265726,0.8756757951995047,8.64
1,1,148,282,9,54,150.06417112299465,311.05882352941177,187,13,2.6,20.06417112299465,1.9385672582603528,454.94117647058823,60.760090346656185,454.94117647058823,60.760090346656185,0.09692836291301764,0.7595011293332024,8.64
1,1,149,336,9,64,152.58073654390935,372.77620396600565,353,13,2.6,22.580736543909353,2.181713675740034,393.22379603399435,52.51736841856352,393.22379603399435,52.51736841856352,0.1090856837870017,0.656467105232044,8.64
1,1,163,323,5,10,165.40540540540542,327.2972972972973,37,13,2.6,35.40540540540542,3.4208121164642917,438.7027027027027,58.59134593692189,438.7027027027027,58.59134593692189,0.1710406058232146,0.7323918242115237,8.64
1,1,170,329,5,3,172.08333333333334,330.08333333333337,12,13,2.6,42.08333333333334,4.066022544283415,435.91666666666663,58.21925431274345,435.91666666666663,58.21925431274345,0.20330112721417073,0.7277406789092932,8.64
1,1,160,347,9,5,164.58823529411765,349.3529411764706,34,13,2.6,34.58823529411765,3.3418584825234445,416.6470588235294,55.645683983109095,416.6470588235294,55.645683983109095,0.16709292412617224,0.6955710497888637,8.64
1,1,161,368,9,8,164.91935483870967,371.7096774193549,62,13,2.6,34.919354838709666,3.373850709054074,394.2903225806451,52.65980935968549,394.2903225806451,52.65980935968549,0.16869253545270368,0.6582476169960687,8.64
1,1,150,403,4,6,151.11764705882354,405.1764705882353,17,13,2.6,21.117647058823536,2.040352372833192,360.8235294117647,48.19012078955121,360.8235294117647,48.19012078955121,0.10201761864165959,0.6023765098693902,8.64
1,1,151,416,7,38,153.33714285714285,432.33142857142855,175,13,2.6,23.33714285714285,2.25479641131815,333.66857142857145,44.56341521583592,333.66857142857145,44.56341521583592,0.11273982056590749,0.557042690197949,8.64
1,1,152,455,7,42,154.3020134228188,473.2751677852349,149,13,2.6,24.30201342281879,2.3480206205622016,292.7248322147651,39.09513618895027,292.7248322147651,39.09513618895027,0.11740103102811009,0.48868920236187835,8.64
1,1,154,499,3,8,154.95652173913044,502.3478260869565,23,13,2.6,24.956521739130437,2.411258139046419,263.6521739130435,35.21231037235973,263.6521739130435,35.21231037235973,0.12056290695232096,0.44015387965449665,8.64
1,1,157,725,3,5,158.0,726.6923076923077,13,13,2.6,28.0,2.7053140096618358,39.307692307692264,5.249775266469752,39.307692307692264,5.249775266469752,0.13526570048309178,0.0656221908308719,8.64
1,1,152,761,8,21,156.12,772.28,125,13,2.6,26.120000000000005,2.5236714975845413,-6.279999999999973,-0.8387312186978261,-6.279999999999973,-0.8387312186978261,0.12618357487922707,-0.010484140233722825,8.64
1,1,181,772,16,10,187.3068181818182,777.8636363636364,88,13,2.6,57.30681818181819,5.536890645586298,-11.863636363636374,-1.5844589467293988,-11.863636363636374,-1.5844589467293988,0.27684453227931494,-0.019805736834117484,8.64
2,2,380,215,9,15,383.4684684684685,222.44144144144144,111,13,2.6,20.468468468468473,2.165975499308833,540.5585585585586,73.92253792253793,540.5585585585586,73.92253792253793,0.10829877496544166,0.9240317240317242,25.0
3,3,600,654,4,104,601.2696629213483,708.185393258427,356,13,2.6,18.2696629213483,1.9130537090417068,51.814606741573016,7.122282713618284,51.814606741573016,7.122282713618284,0.09565268545208534,0.08902853392022855,12.0
4,4,927,182,23,13,937.7853881278538,188.06849315068493,219,13,2.6,131.78538812785382,14.402774658781839,568.931506849315,77.53751371029847,568.931506849315,77.53751371029847,0.7201387329390919,0.9692189213787309,24.0
4,4,829,214,10,21,833.6466666666666,223.88,150,13,2.6,27.646666666666647,3.021493624772311,533.12,72.65689948892674,533.12,72.65689948892674,0.15107468123861556,0.9082112436115843,24.0
4,4,949,452,13,17,955.0127388535032,459.79617834394907,157,13,2.6,149.01273885350315,16.285545229891056,297.20382165605093,40.50477978276673,297.20382165605093,40.50477978276673,0.8142772614945527,0.5063097472845842,24.0
1,1,146,223,4,18,147.52238805970148,231.61194029850748,67,14,2.8,17.522388059701484,1.6929843535943463,534.3880597014925,71.37069244761167,534.3880597014925,71.37069244761167,0.08464921767971731,0.892133655595146,8.64
1,1,148,297,9,39,150.34586466165413,318.9172932330827,133,14,2.8,20.345864661654133,1.9657840252805925,447.0827067669173,59.71054514416257,447.0827067669173,59.71054514416257,0.09828920126402962,0.7463818143020322,8.64
1,1,149,336,9,65,152.5730659025788,372.43839541547277,349,14,2.8,22.573065902578804,2.1809725509737974,393.56160458452723,52.562484752524504,393.56160458452723,52.562484752524504,0.10904862754868988,0.6570310594065563,8.64
1,1,163,323,5,10,165.40540540540542,327.2972972972973,37,14,2.8,35.40540540540542,3.4208121164642917,438.7027027027027,58.59134593692189,438.7027027027027,58.59134593692189,0.1710406058232146,0.7323918242115237,8.64
1,1,170,329,5,3,172.08333333333334,330.08333333333337,12,14,2.8,42.08333333333334,4.066022544283415,435.91666666666663,58.21925431274345,435.91666666666663,58.21925431274345,0.20330112721417073,0.7277406789092932,8.64
1,1,160,347,9,5,164.58823529411765,349.3529411764706,34,14,2.8,34.58823529411765,3.3418584825234445,416.6470588235294,55.645683983109095,416.6470588235294,55.645683983109095,0.16709292412617224,0.6955710497888637,8.64
1,1,161,369,7,6,163.6,371.48571428571427,35,14,2.8,33.599999999999994,3.246376811594202,394.51428571428573,52.68972096351062,394.51428571428573,52.68972096351062,0.1623188405797101,0.6586215120438826,8.64
1,1,151,416,7,16,153.4516129032258,423.51612903225805,93,14,2.8,23.451612903225794,2.2658563191522507,342.48387096774195,45.74075071355485,342.48387096774195,45.74075071355485,0.11329281595761254,0.5717593839194356,8.64
1,1,152,446,5,8,153.4,449.04,25,14,2.8,23.400000000000006,2.260869565217392,316.96,42.33188647746243,316.96,42.33188647746243,0.11304347826086959,0.5291485809682804,8.64
1,1,152,455,5,19,154.0,463.04,75,14,2.8,24.0,2.318840579710145,302.96,40.46210350584307,302.96,40.46210350584307,0.11594202898550725,0.5057762938230383,8.64
1,1,153,477,6,11,155.03846153846155,481.78846153846155,52,14,2.8,25.038461538461547,2.419175027870681,284.21153846153845,37.95813535379479,284.21153846153845,37.95813535379479,0.12095875139353404,0.4744766919224348,8.64
1,1,154,499,3,8,154.95652173913044,502.3478260869565,23,14,2.8,24.956521739130437,2.411258139046419,263.6521739130435,35.21231037235973,263.6521739130435,35.21231037235973,0.12056290695232096,0.44015387965449665,8.64
1,1,157,727,3,4,158.0,728.2,10,14,2.8,28.0,2.7053140096618358,37.799999999999955,5.048414023372281,37.799999999999955,5.048414023372281,0.13526570048309178,0.06310517529215351,8.64
1,1,152,762,8,20,156.0873015873016,772.6111111111111,126,14,2.8,26.087301587301596,2.5205122306571592,-6.611111111111086,-0.8829530699313637,-6.611111111111086,-0.8829530699313637,0.12602561153285796,-0.011036913374142046,8.64
1,1,183,778,4,4,184.5,779.7142857142857,14,14,2.8,54.5,5.265700483091788,-13.714285714285666,-1.8316241354638618,-13.714285714285666,-1.8316241354638618,0.2632850241545894,-0.022895301693298273,8.64
2,2,380,217,13,14,385.6736111111111,223.36111111111111,144,14,2.8,22.673611111111086,2.3993239271017024,539.6388888888889,73.79677113010446,539.6388888888889,73.79677113010446,0.11996619635508511,0.9224596391263058,26.0
3,3,600,653,4,105,601.2722222222222,707.85,360,14,2.8,18.27222222222224,1.9133216986620147,52.14999999999998,7.168384879725083,52.14999999999998,7.168384879725083,0.09566608493310073,0.08960481099656353,12.0
4,4,926,182,25,14,937.8504273504274,188.23076923076923,234,14,2.8,131.85042735042737,14.40988277053851,568.7692307692307,77.515397719827,568.7692307692307,77.515397719827,0.7204941385269255,0.9689424714978376,23.0
4,4,829,214,10,21,833.8767123287671,223.73287671232876,146,14,2.8,27.8767123287671,3.046635227187661,533.2671232876712,72.67695036288534,533.2671232876712,72.67695036288534,0.15233176135938306,0.9084618795360668,23.0
4,4,951,454,10,20,955.2453987730062,463.85276073619633,163,14,2.8,149.24539877300617,16.310972543497943,293.14723926380367,39.95192357939403,293.14723926380367,39.95192357939403,0.8155486271748971,0.49939904474242536,23.0
1,1,146,223,6,18,147.74285714285713,231.77142857142857,70,15,3.0,17.742857142857133,1.7142857142857133,534.2285714285714,71.34939184354876,534.2285714285714,71.34939184354876,0.08571428571428567,0.8918673980443595,8.64
1,1,147,257,5,17,148.42105263157896,265.0701754385965,57,15,3.0,18.42105263157896,1.7798118484617351,500.9298245614035,66.90214685294204,500.9298245614035,66.90214685294204,0.08899059242308675,0.8362768356617755,8.64
1,1,148,298,9,40,150.4360902255639,320.37593984962405,133,15,3.0,20.436090225563902,1.974501471068976,445.62406015037595,59.51573424378978,445.62406015037595,59.51573424378978,0.0987250735534488,0.7439466780473722,8.64
1,1,149,338,10,69,152.46041055718476,373.15835777126097,341,15,3.0,22.46041055718476,2.17008797653959,392.84164222873903,52.46632951302024,392.84164222873903,52.46632951302024,0.10850439882697951,0.655829118912753,8.64
1,1,163,323,5,10,165.40540540540542,327.2972972972973,37,15,3.0,35.40540540540542,3.4208121164642917,438.7027027027027,58.59134593692189,438.7027027027027,58.59134593692189,0.1710406058232146,0.7323918242115237,8.64
1,1,160,347,10,7,164.8653846153846,350.36538461538464,52,15,3.0,34.86538461538461,3.368636194723151,415.63461538461536,55.5104661615513,415.63461538461536,55.5104661615513,0.16843180973615754,0.6938808270193912,8.64
1,1,163,370,7,8,165.66,373.34000000000003,50,15,3.0,35.66,3.4454106280193235,392.65999999999997,52.44207011686143,392.65999999999997,52.44207011686143,0.17227053140096615,0.6555258764607679,8.64
1,1,151,412,7,21,153.4,421.8086956521739,115,15,3.0,23.400000000000006,2.260869565217392,344.1913043478261,45.968788560644555,344.1913043478261,45.968788560644555,0.11304347826086959,0.5746098570080569,8.64
1,1,152,435,2,6,152.45454545454547,437.27272727272725,11,15,3.0,22.454545454545467,2.169521299956084,328.72727272727275,43.90347548945212,328.72727272727275,43.90347548945212,0.1084760649978042,0.5487934436181515,8.64
1,1,152,446,4,7,153.25,448.6,20,15,3.0,23.25,2.246376811594203,317.4,42.390651085141904,317.4,42.390651085141904,0.11231884057971014,0.5298831385642737,8.64
1,1,152,457,7,31,154.41803278688525,471.9754098360656,122,15,3.0,24.41803278688525,2.3592302209550966,294.0245901639344,39.26872656613481,294.0245901639344,39.26872656613481,0.11796151104775482,0.49085908207668516,8.64
1,1,153,490,3,7,154.0,492.6842105263158,19,15,3.0,24.0,2.318840579710145,273.3157894736842,36.50294350232844,273.3157894736842,36.50294350232844,0.11594202898550725,0.4562867937791055,8.64
1,1,153,498,4,9,154.71428571428572,501.67857142857144,28,15,3.0,24.714285714285722,2.387853692201519,264.32142857142856,35.301693298354394,264.32142857142856,35.301693298354394,0.11939268461007595,0.44127116622942997,8.64
1,1,152,762,8,20,156.015625,772.2421875,128,15,3.0,26.015625,2.5135869565217392,-6.2421875,-0.8336811352253757,-6.2421875,-0.8336811352253757,0.12567934782608695,-0.010421014190317195,8.64
1,1,181,777,5,5,182.8095238095238,779.047619047619,21,15,3.0,52.809523809523796,5.1023694501955354,-13.047619047619037,-1.74258685110104,-13.047619047619037,-1.74258685110104,0.2551184725097768,-0.021782335638763,8.64
1,1,188,778,4,3,189.5,778.8,10,15,3.0,59.5,5.748792270531401,-12.799999999999955,-1.709515859766271,-12.799999999999955,-1.709515859766271,0.28743961352657005,-0.021368948247078388,8.64
2,2,381,218,13,13,386.54744525547443,224.0729927007299,137,15,3.0,23.54744525547443,2.491793148727453,538.9270072992701,73.6994198016096,538.9270072992701,73.6994198016096,0.12458965743637264,0.9212427475201199,27.0
3,3,600,624,4,137,601.1658878504672,699.3014018691589,428,15,3.0,18.165887850467243,1.9021872094730097,60.698598130841106,8.343449914892249,60.698598130841106,8.343449914892249,0.09510936047365048,0.1042931239361531,12.0
4,4,927,182,23,14,938.0177777777778,188.2711111111111,225,15,3.0,132.01777777777784,14.428172434729818,568.7288888888888,77.50989967821313,568.7288888888888,77.50989967821313,0.7214086217364909,0.9688737459776641,24.0
4,4,829,214,10,20,833.7847222222222,223.57638888888889,144,15,3.0,27.78472222222217,3.0365816636308383,533.4236111111111,72.6982774938482,533.4236111111111,72.6982774938482,0.15182908318154192,0.9087284686731023,24.0
4,4,950,463,10,21,954.69375,473.34375,160,15,3.0,148.69375000000002,16.250683060109292,283.65625,38.658432708688245,283.65625,38.658432708688245,0.8125341530054646,0.4832304088586031,24.0
1,1,146,224,6,31,148.15748031496062,239.28346456692913,127,16,3.2,18.157480314960623,1.7543459241507848,526.7165354330709,70.34611491593601,526.7165354330709,70.34611491593601,0.08771729620753924,0.8793264364492002,8.64
1,1,147,270,3,5,148.0,271.6923076923077,13,16,3.2,18.0,1.7391304347826086,494.3076923076923,66.01772184409914,494.3076923076923,66.01772184409914,0.08695652173913043,0.8252215230512393,8.64
1,1,148,283,9,55,150.16363636363636,314.3272727272727,165,16,3.2,20.163636363636357,1.9481774264382954,451.6727272727273,60.32356958567309,451.6727272727273,60.32356958567309,0.09740887132191477,0.7540446198209136,8.64
1,1,149,349,9,60,152.48172757475083,375.69102990033224,301,16,3.2,22.481727574750835,2.1721475917633657,390.30897009966776,52.12807614018935,390.30897009966776,52.12807614018935,0.10860737958816828,0.6516009517523669,8.64
1,1,163,324,4,6,164.35714285714286,326.07142857142856,14,16,3.2,34.35714285714286,3.319530710835059,439.92857142857144,58.75506797042691,439.92857142857144,58.75506797042691,0.16597653554175296,0.7344383496303363,8.64
1,1,165,341,4,4,166.5,342.5,12,16,3.2,36.5,3.526570048309179,423.5,56.56093489148581,423.5,56.56093489148581,0.17632850241545894,0.7070116861435726,8.64
1,1,161,347,9,7,165.17948717948718,349.71794871794873,39,16,3.2,35.17948717948718,3.398984268549486,416.28205128205127,55.59693506271135,416.28205128205127,55.59693506271135,0.16994921342747432,0.6949616882838919,8.64
1,1,163,371,7,7,165.6046511627907,373.8604651162791,43,16,3.2,35.6046511627907,3.440062914279295,392.1395348837209,52.372558916022825,392.1395348837209,52.372558916022825,0.17200314571396474,0.6546569864502854,8.64
1,1,151,417,6,17,153.28395061728395,424.0740740740741,81,16,3.2,23.28395061728395,2.249657064471879,341.9259259259259,45.66623384653435,341.9259259259259,45.66623384653435,0.11248285322359396,0.5708279230816793,8.64
1,1,152,435,2,6,152.45454545454547,437.27272727272725,11,16,3.2,22.454545454545467,2.169521299956084,328.72727272727275,43.90347548945212,328.72727272727275,43.90347548945212,0.1084760649978042,0.5487934436181515,8.64
1,1,152,447,5,8,153.6969696969697,450.09090909090907,33,16,3.2,23.69696969696969,2.289562289562289,315.90909090909093,42.19153134011231,315.90909090909093,42.19153134011231,0.11447811447811444,0.5273941417514039,8.64
1,1,152,458,5,16,154.0,464.66129032258067,62,16,3.2,24.0,2.318840579710145,301.33870967741933,40.2455705746136,301.33870967741933,40.2455705746136,0.11594202898550725,0.50306963218267,8.64
1,1,153,479,6,19,154.7945205479452,487.06849315068496,73,16,3.2,24.79452054794521,2.3956058500430157,278.93150684931504,37.25295583964141,278.93150684931504,37.25295583964141,0.11978029250215078,0.4656619479955176,8.64
1,1,154,499,3,5,155.0,500.6923076923077,13,16,3.2,25.0,2.4154589371980677,265.3076923076923,35.43341466546809,265.3076923076923,35.43341466546809,0.12077294685990338,0.44291768331835113,8.64
1,1,152,762,8,20,156.08396946564886,772.2595419847328,131,16,3.2,26.083969465648863,2.520190286536122,-6.259541984732778,-0.8359989295135596,-6.259541984732778,-0.8359989295135596,0.1260095143268061,-0.010449986618919495,8.64
1,1,179,777,4,4,180.4,778.4,15,16,3.2,50.400000000000006,4.869565217391305,-12.399999999999977,-1.656093489148578,-12.399999999999977,-1.656093489148578,0.24347826086956526,-0.020701168614357224,8.64
2,2,381,218,14,14,386.7739726027397,224.5068493150685,146,16,3.2,23.77397260273972,2.5157642965862137,538.4931506849315,73.64008898255474,538.4931506849315,73.64008898255474,0.12578821482931068,0.9205011122819342,27.0
3,3,600,626,4,135,601.1986143187067,700.3302540415705,433,16,3.2,18.198614318706746,1.9056140647860467,59.66974595842953,8.202026935866602,59.66974595842953,8.202026935866602,0.09528070323930234,0.10252533669833253,12.0
4,4,927,182,23,14,938.0900900900901,188.2882882882883,222,16,3.2,132.09009009009014,14.436075419681982,568.7117117117117,77.50755866599138,568.7117117117117,77.50755866599138,0.7218037709840991,0.9688444833248921,24.0
4,4,829,214,10,20,833.7655172413793,223.71724137931034,145,16,3.2,27.765517241379257,3.0344827586206837,533.2827586206897,72.67908124302414,533.2827586206897,72.67908124302414,0.1517241379310342,0.9084885155378019,24.0
4,4,950,478,10,20,954.4573170731708,487.5,164,16,3.2,148.45731707317077,16.224843395974947,269.5,36.72913117546848,269.5,36.72913117546848,0.8112421697987474,0.45911413969335607,24.0
1,1,146,221,6,34,148.15714285714284,237.87857142857143,140,17,3.4,18.157142857142844,1.7543133195307097,528.1214285714286,70.53374672072502,528.1214285714286,70.53374672072502,0.08771566597653548,0.8816718340090628,8.64
1,1,147,270,3,5,148.0,271.6923076923077,13,17,3.4,18.0,1.7391304347826086,494.3076923076923,66.01772184409914,494.3076923076923,66.01772184409914,0.08695652173913043,0.8252215230512393,8.64
1,1,148,283,9,55,150.11627906976744,313.8546511627907,172,17,3.4,20.116279069767444,1.9436018424896082,452.1453488372093,60.386690996622285,452.1453488372093,60.386690996622285,0.09718009212448041,0.7548336374577785,8.64
1,1,149,341,9,47,152.4,366.02978723404254,235,17,3.4,22.400000000000006,2.1642512077294693,399.97021276595746,53.41839235605442,399.97021276595746,53.41839235605442,0.10821256038647346,0.6677299044506803,8.64
1,1,150,388,9,23,153.02564102564102,397.7606837606837,117,17,3.4,23.025641025641022,2.2246996160039636,368.2393162393163,49.18054307035944,368.2393162393163,49.18054307035944,0.11123498080019817,0.614756788379493,8.64
1,1,163,324,4,6,164.35714285714286,326.07142857142856,14,17,3.4,34.35714285714286,3.319530710835059,439.92857142857144,58.75506797042691,439.92857142857144,58.75506797042691,0.16597653554175296,0.7344383496303363,8.64
1,1,165,341,4,4,166.5,342.5,12,17,3.4,36.5,3.526570048309179,423.5,56.56093489148581,423.5,56.56093489148581,0.17632850241545894,0.7070116861435726,8.64
1,1,161,347,12,8,165.96969696969697,351.1212121212121,66,17,3.4,35.96969696969697,3.475333040550432,414.8787878787879,55.40952091870289,414.8787878787879,55.40952091870289,0.1737666520275216,0.6926190114837861,8.64
1,1,163,374,8,8,166.48979591836735,377.36734693877554,49,17,3.4,36.48979591836735,3.525584146702159,388.63265306122446,51.90419406493816,388.63265306122446,51.90419406493816,0.17627920733510796,0.648802425811727,8.64
1,1,151,422,6,29,153.38053097345133,436.17699115044246,113,17,3.4,23.38053097345133,2.25898849985037,329.82300884955754,44.04981754251185,329.82300884955754,44.04981754251185,0.11294942499251849,0.5506227192813983,8.64
1,1,152,456,5,14,153.64150943396226,462.39622641509436,53,17,3.4,23.641509433962256,2.284203810044662,303.60377358490564,40.54808328345985,303.60377358490564,40.54808328345985,0.11421019050223312,0.5068510410432482,8.64
1,1,153,476,7,22,154.97826086956522,484.69565217391306,92,17,3.4,24.97826086956522,2.4133585381222433,281.30434782608694,37.56986281483632,281.30434782608694,37.56986281483632,0.12066792690611217,0.469623285185454,8.64
1,1,183,632,6,4,185.1578947368421,633.3157894736842,19,17,3.4,55.15789473684211,5.329265191965421,132.68421052631584,17.720762674633168,132.68421052631584,17.720762674633168,0.26646325959827105,0.22150953343291457,8.64
1,1,157,725,3,5,158.0,726.6923076923077,13,17,3.4,28.0,2.7053140096618358,39.307692307692264,5.249775266469752,39.307692307692264,5.249775266469752,0.13526570048309178,0.0656221908308719,8.64
1,1,152,762,9,20,156.08396946564886,772.4045801526718,131,17,3.4,26.083969465648863,2.520190286536122,-6.40458015267177,-0.8553696364169309,-6.40458015267177,-0.8553696364169309,0.1260095143268061,-0.010692120455211635,8.64
1,1,179,777,4,4,180.4,778.4,15,17,3.4,50.400000000000006,4.869565217391305,-12.399999999999977,-1.656093489148578,-12.399999999999977,-1.656093489148578,0.24347826086956526,-0.020701168614357224,8.64
2,2,380,218,14,14,386.43835616438355,224.45205479452056,146,17,3.4,23.43835616438355,2.480249329564397,538.5479452054794,73.64758225032197,538.5479452054794,73.64758225032197,0.12401246647821984,0.9205947781290247,28.0
3,3,600,654,4,106,601.3146666666667,708.7866666666666,375,17,3.4,18.314666666666653,1.9177661431064559,51.21333333333337,7.039633447880875,51.21333333333337,7.039633447880875,0.09588830715532279,0.08799541809851094,12.0
4,4,927,182,24,14,938.1022222222223,188.28444444444443,225,17,3.4,132.10222222222228,14.437401335761997,568.7155555555555,77.50808252886617,568.7155555555555,77.50808252886617,0.7218700667880998,0.9688510316108271,24.0
4,4,829,214,10,20,833.7986111111111,223.73611111111111,144,17,3.4,27.798611111111086,3.0380995749848183,533.2638888888889,72.6765095589627,533.2638888888889,72.6765095589627,0.15190497874924092,0.9084563694870339,24.0
4,4,950,487,10,19,954.50625,495.7375,160,17,3.4,148.50625000000002,16.230191256830604,261.2625,35.606473594548554,261.2625,35.606473594548554,0.8115095628415302,0.4450809199318569,24.0
1,1,146,241,6,13,148.3469387755102,246.3877551020408,49,18,3.6,18.34693877551021,1.7726510894212764,519.6122448979592,69.39729481107969,519.6122448979592,69.39729481107969,0.08863255447106382,0.867466185138496,8.64
1,1,147,270,4,6,148.22222222222223,272.22222222222223,18,18,3.6,18.22222222222223,1.7606011808910367,493.77777777777777,65.94694861806714,493.77777777777777,65.94694861806714,0.08803005904455183,0.8243368577258393,8.64
1,1,149,341,9,47,152.4,366.02978723404254,235,18,3.6,22.400000000000006,2.1642512077294693,399.97021276595746,53.41839235605442,399.97021276595746,53.41839235605442,0.10821256038647346,0.6677299044506803,8.64
1,1,150,388,9,27,153.00694444444446,400.50694444444446,144,18,3.6,23.006944444444457,2.222893183038112,365.49305555555554,48.81376368020776,365.49305555555554,48.81376368020776,0.11114465915190559,0.6101720460025969,8.64
1,1,163,324,4,6,164.35714285714286,326.07142857142856,14,18,3.6,34.35714285714286,3.319530710835059,439.92857142857144,58.75506797042691,439.92857142857144,58.75506797042691,0.16597653554175296,0.7344383496303363,8.64
1,1,165,341,4,4,166.5,342.5,12,18,3.6,36.5,3.526570048309179,423.5,56.56093489148581,423.5,56.56093489148581,0.17632850241545894,0.7070116861435726,8.64
1,1,161,347,12,8,165.96969696969697,351.1212121212121,66,18,3.6,35.96969696969697,3.475333040550432,414.8787878787879,55.40952091870289,414.8787878787879,55.40952091870289,0.1737666520275216,0.6926190114837861,8.64
1,1,163,374,8,8,166.48979591836735,377.36734693877554,49,18,3.6,36.48979591836735,3.525584146702159,388.63265306122446,51.90419406493816,388.63265306122446,51.90419406493816,0.17627920733510796,0.648802425811727,8.64
1,1,150,422,7,30,153.08130081300814,435.2520325203252,123,18,3.6,23.08130081300814,2.2300773732375014,330.7479674796748,44.17335124937226,330.7479674796748,44.17335124937226,0.11150386866187507,0.5521668906171533,8.64
1,1,152,455,5,15,153.95238095238096,461.73015873015873,63,18,3.6,23.952380952380963,2.3142397055440544,304.26984126984127,40.637040570262606,304.26984126984127,40.637040570262606,0.11571198527720272,0.5079630071282826,8.64
1,1,153,476,6,11,154.8936170212766,480.1914893617021,47,18,3.6,24.89361702127661,2.4051803885291414,285.8085106382979,38.17142045252726,285.8085106382979,38.17142045252726,0.12025901942645706,0.4771427556565908,8.64
1,1,157,725,3,5,158.0,726.6923076923077,13,18,3.6,28.0,2.7053140096618358,39.307692307692264,5.249775266469752,39.307692307692264,5.249775266469752,0.13526570048309178,0.0656221908308719,8.64
1,1,152,762,8,20,156.0530303030303,772.310606060606,132,18,3.6,26.05303030303031,2.5172009954618657,-6.3106060606060055,-0.842818839479934,-6.3106060606060055,-0.842818839479934,0.12586004977309329,-0.010535235493499174,8.64
1,1,179,777,4,4,180.4,778.4,15,18,3.6,50.400000000000006,4.869565217391305,-12.399999999999977,-1.656093489148578,-12.399999999999977,-1.656093489148578,0.24347826086956526,-0.020701168614357224,8.64
2,2,380,219,15,13,386.52287581699346,225.0392156862745,153,18,3.6,23.522875816993462,2.4891932081474564,537.9607843137255,73.56728674375734,537.9607843137255,73.56728674375734,0.12445966040737282,0.9195910842969667,28.0
3,3,600,623,4,138,601.1724137931035,698.783908045977,435,18,3.6,18.172413793103487,1.9028705542516742,61.216091954023,8.414583086463642,61.216091954023,8.414583086463642,0.0951435277125837,0.10518228858079554,12.0
4,4,927,182,24,14,938.1718061674009,188.3876651982379,227,18,3.6,132.17180616740086,14.445006138513754,568.6123348017621,77.49401496446502,568.6123348017621,77.49401496446502,0.7222503069256877,0.9686751870558128,24.0
4,4,829,214,10,20,833.7986111111111,223.73611111111111,144,18,3.6,27.798611111111086,3.0380995749848183,533.2638888888889,72.6765095589627,533.2638888888889,72.6765095589627,0.15190497874924092,0.9084563694870339,24.0
4,4,950,487,10,19,954.525,496.0375,160,18,3.6,148.52499999999998,16.232240437158467,260.9625,35.56558773424191,260.9625,35.56558773424191,0.8116120218579234,0.4445698466780238,24.0
1,1,146,220,7,32,148.2170542635659,236.10077519379846,129,19,3.8,18.2170542635659,1.7601018612140966,529.8992248062016,70.77118194406698,529.8992248062016,70.77118194406698,0.08800509306070482,0.8846397743008374,8.64
1,1,147,270,4,6,148.22222222222223,272.22222222222223,18,19,3.8,18.22222222222223,1.7606011808910367,493.77777777777777,65.94694861806714,493.77777777777777,65.94694861806714,0.08803005904455183,0.8243368577258393,8.64
1,1,149,341,9,47,152.37768240343348,366.18884120171674,233,19,3.8,22.377682403433482,2.1620949182061335,399.81115879828326,53.397149756031155,399.81115879828326,53.397149756031155,0.10810474591030668,0.6674643719503894,8.64
1,1,150,388,9,22,152.83809523809524,397.34285714285716,105,19,3.8,22.838095238095235,2.2065792500575108,368.65714285714284,49.23634629143811,368.65714285714284,49.23634629143811,0.11032896250287554,0.6154543286429763,8.64
1,1,163,323,5,10,165.40540540540542,327.2972972972973,37,19,3.8,35.40540540540542,3.4208121164642917,438.7027027027027,58.59134593692189,438.7027027027027,58.59134593692189,0.1710406058232146,0.7323918242115237,8.64
1,1,170,328,5,4,172.1875,329.625,16,19,3.8,42.1875,4.076086956521739,436.375,58.28046744574291,436.375,58.28046744574291,0.20380434782608695,0.7285058430717863,8.64
1,1,161,347,10,7,165.0,349.75,40,19,3.8,35.0,3.3816425120772946,416.25,55.59265442404007,416.25,55.59265442404007,0.16908212560386474,0.6949081803005008,8.64
1,1,166,374,5,6,168.11111111111111,375.77777777777777,18,19,3.8,38.111111111111114,3.682232957595277,390.22222222222223,52.116490447041365,390.22222222222223,52.116490447041365,0.18411164787976383,0.6514561305880171,8.64
1,1,150,422,7,29,153.08196721311475,435.12295081967216,122,19,3.8,23.08196721311475,2.230141759721232,330.87704918032784,44.190590875502885,330.87704918032784,44.190590875502885,0.1115070879860616,0.5523823859437861,8.64
1,1,152,456,6,31,154.1769911504425,471.3185840707965,113,19,3.8,24.17699115044249,2.335941173955796,294.6814159292035,39.35644953979346,294.6814159292035,39.35644953979346,0.11679705869778981,0.49195561924741826,8.64
1,1,157,725,3,5,158.0,726.6923076923077,13,19,3.8,28.0,2.7053140096618358,39.307692307692264,5.249775266469752,39.307692307692264,5.249775266469752,0.13526570048309178,0.0656221908308719,8.64
1,1,152,762,9,20,156.0735294117647,772.3676470588235,136,19,3.8,26.073529411764696,2.519181585677748,-6.367647058823536,-0.8504370028478846,-6.367647058823536,-0.8504370028478846,0.12595907928388742,-0.010630462535598557,8.64
1,1,178,777,4,4,179.1818181818182,778.4545454545455,11,19,3.8,49.18181818181819,4.751866490996926,-12.454545454545496,-1.6633783578691814,-12.454545454545496,-1.6633783578691814,0.2375933245498463,-0.020792229473364766,8.64
2,2,381,219,14,13,386.84137931034485,225.1448275862069,145,19,3.8,23.84137931034485,2.5228972815179733,537.8551724137931,73.55284409077512,537.8551724137931,73.55284409077512,0.12614486407589867,0.9194105511346891,28.0
3,3,600,625,4,136,601.1572769953052,700.0234741784037,426,19,3.8,18.15727699530521,1.901285549246619,59.97652582159628,8.244195989222856,59.97652582159628,8.244195989222856,0.09506427746233094,0.10305244986528571,12.0
4,4,926,182,25,14,937.9115044247787,188.3362831858407,226,19,3.8,131.91150442477874,14.416557860631556,568.6637168141593,77.5010176237355,568.6637168141593,77.5010176237355,0.7208278930315778,0.968762720296694,24.0
4,4,829,214,10,20,833.7777777777778,223.75694444444446,144,19,3.8,27.77777777777783,3.035822707953861,533.2430555555555,72.67367026310808,533.2430555555555,72.67367026310808,0.15179113539769304,0.908420878288851,24.0
4,4,949,488,11,19,953.85,497.1875,160,19,3.8,147.85000000000002,16.158469945355193,259.8125,35.40885860306644,259.8125,35.40885860306644,0.8079234972677597,0.4426107325383305,24.0
1,1,146,220,4,19,147.35,229.78333333333333,60,20,4.0,17.349999999999994,1.6763285024154584,536.2166666666667,71.61491374513078,536.2166666666667,71.61491374513078,0.08381642512077292,0.8951864218141348,8.64
1,1,147,271,6,47,149.2279792746114,291.92746113989637,193,20,4.0,19.227979274611414,1.8577757753247743,474.07253886010363,63.31519717664156,474.07253886010363,63.31519717664156,0.09288878876623871,0.7914399647080195,8.64
1,1,149,346,9,42,152.42543859649123,367.10087719298247,228,20,4.0,22.425438596491233,2.1667090431392495,398.89912280701753,53.27534194417597,398.89912280701753,53.27534194417597,0.10833545215696248,0.6659417743021996,8.64
1,1,150,388,8,26,152.67521367521368,398.3162393162393,117,20,4.0,22.675213675213683,2.1908419009868294,367.6837606837607,49.10634533339041,367.6837606837607,49.10634533339041,0.10954209504934147,0.61382931666738,8.64
1,1,163,323,5,10,165.40540540540542,327.2972972972973,37,20,4.0,35.40540540540542,3.4208121164642917,438.7027027027027,58.59134593692189,438.7027027027027,58.59134593692189,0.1710406058232146,0.7323918242115237,8.64
1,1,163,347,10,8,166.75,351.08333333333337,60,20,4.0,36.75,3.550724637681159,414.91666666666663,55.41457985531441,414.91666666666663,55.41457985531441,0.17753623188405798,0.6926822481914301,8.64
1,1,150,422,7,29,153.08196721311475,435.12295081967216,122,20,4.0,23.08196721311475,2.230141759721232,330.87704918032784,44.190590875502885,330.87704918032784,44.190590875502885,0.1115070879860616,0.5523823859437861,8.64
1,1,152,456,5,31,154.16513761467888,471.2201834862385,109,20,4.0,24.165137614678883,2.334795904799892,294.7798165137615,39.36959152103659,294.7798165137615,39.36959152103659,0.1167397952399946,0.4921198940129574,8.64
1,1,153,489,4,9,154.19230769230768,492.96153846153845,26,20,4.0,24.19230769230768,2.337421033073206,273.03846153846155,36.465904712983175,273.03846153846155,36.465904712983175,0.11687105165366028,0.45582380891228974,8.64
1,1,157,725,3,5,158.0,726.6923076923077,13,20,4.0,28.0,2.7053140096618358,39.307692307692264,5.249775266469752,39.307692307692264,5.249775266469752,0.13526570048309178,0.0656221908308719,8.64
1,1,152,762,9,20,155.944,772.304,125,20,4.0,25.94399999999999,2.5066666666666655,-6.303999999999974,-0.841936560934888,-6.303999999999974,-0.841936560934888,0.12533333333333327,-0.010524207011686099,8.64
2,2,381,219,14,13,386.93617021276594,225.1063829787234,141,20,4.0,23.936170212765944,2.532928064842957,537.8936170212767,73.55810147299509,537.8936170212767,73.55810147299509,0.12664640324214785,0.9194762684124388,29.0
3,3,600,627,4,134,601.1925754060325,700.0649651972158,431,20,4.0,18.19257540603246,1.9049817179091582,59.93503480278423,8.238492756396457,59.93503480278423,8.238492756396457,0.09524908589545791,0.10298115945495573,12.0
4,4,927,182,23,14,938.0769230769231,188.30769230769232,221,20,4.0,132.0769230769231,14.434636401849518,568.6923076923076,77.50491416590224,568.6923076923076,77.50491416590224,0.7217318200924759,0.9688114270737779,24.0
4,4,830,214,9,21,833.9078014184397,224.12056737588654,141,20,4.0,27.907801418439703,3.0500329419059784,532.8794326241134,72.6241134751773,532.8794326241134,72.6241134751773,0.15250164709529893,0.9078014184397162,24.0
4,4,948,488,12,19,953.3454545454546,497.3818181818182,165,20,4.0,147.34545454545457,16.10332836562345,259.6181818181818,35.382375716276904,259.6181818181818,35.382375716276904,0.8051664182811725,0.4422796964534614,24.0
1,1,146,220,4,17,147.42307692307693,228.65384615384616,52,21,4.2,17.423076923076934,1.6833890746934235,537.3461538461538,71.76576345190702,537.3461538461538,71.76576345190702,0.08416945373467118,0.8970720431488377,8.64
1,1,147,241,5,13,148.59615384615384,246.25,52,21,4.2,18.59615384615384,1.7967298402081004,519.75,69.41569282136895,519.75,69.41569282136895,0.08983649201040503,0.8676961602671118,8.64
1,1,148,274,5,10,149.775,278.925,40,21,4.2,19.775000000000006,1.910628019323672,487.075,65.0517529215359,487.075,65.0517529215359,0.09553140096618361,0.8131469115191986,8.64
1,1,148,285,4,15,149.15217391304347,291.6086956521739,46,21,4.2,19.15217391304347,1.8504515858013013,474.3913043478261,63.35777019670466,474.3913043478261,63.35777019670466,0.09252257929006508,0.7919721274588082,8.64
1,1,148,300,5,23,149.51063829787233,309.2340425531915,47,21,4.2,19.510638297872333,1.885085825881385,456.7659574468085,61.003800660675594,456.7659574468085,61.003800660675594,0.09425429129406925,0.7625475082584449,8.64
1,1,164,324,4,9,165.5483870967742,327.9032258064516,31,21,4.2,35.548387096774206,3.434626772635189,438.0967741935484,58.51042059346222,438.0967741935484,58.51042059346222,0.17173133863175946,0.7313802574182778,8.64
1,1,149,328,7,20,150.89655172413794,334.9655172413793,58,21,4.2,20.896551724137936,2.018990504747627,431.0344827586207,57.567209717344994,431.0344827586207,57.567209717344994,0.10094952523738134,0.7195901214668126,8.64
1,1,149,348,10,66,152.6763925729443,378.0663129973475,377,21,4.2,22.67639257294431,2.1909558041492088,387.9336870026525,51.81084300536261,387.9336870026525,51.81084300536261,0.10954779020746043,0.6476355375670325,8.64
1,1,161,347,11,8,165.453125,351.046875,64,21,4.2,35.453125,3.4254227053140096,414.953125,55.419449081803,414.953125,55.419449081803,0.17127113526570048,0.6927431135225376,8.64
1,1,150,420,7,33,152.9923076923077,434.96923076923076,130,21,4.2,22.99230769230769,2.2214790040876995,331.03076923076924,44.21112109926801,331.03076923076924,44.21112109926801,0.11107395020438497,0.5526390137408501,8.64
1,1,152,455,5,32,154.11194029850748,469.35820895522386,134,21,4.2,24.111940298507477,2.3296560674886453,296.64179104477614,39.618269254728034,296.64179104477614,39.618269254728034,0.11648280337443226,0.4952283656841004,8.64
1,1,153,489,4,9,154.19230769230768,492.96153846153845,26,21,4.2,24.19230769230768,2.337421033073206,273.03846153846155,36.465904712983175,273.03846153846155,36.465904712983175,0.11687105165366028,0.45582380891228974,8.64
1,1,157,725,3,5,158.0,726.6923076923077,13,21,4.2,28.0,2.7053140096618358,39.307692307692264,5.249775266469752,39.307692307692264,5.249775266469752,0.13526570048309178,0.0656221908308719,8.64
1,1,152,762,9,20,156.21830985915494,772.2253521126761,142,21,4.2,26.218309859154942,2.5331700347009605,-6.225352112676092,-0.8314326694725999,-6.225352112676092,-0.8314326694725999,0.12665850173504803,-0.010392908368407498,8.64
1,1,180,777,8,5,183.36363636363637,778.8484848484849,33,21,4.2,53.363636363636374,5.155906895037331,-12.848484848484873,-1.7159912986290313,-12.848484848484873,-1.7159912986290313,0.25779534475186655,-0.02144989123286289,8.64
2,2,380,219,15,14,386.82876712328766,225.1917808219178,146,21,4.2,23.828767123287662,2.521562658548959,537.8082191780823,73.54642313546424,537.8082191780823,73.54642313546424,0.12607813292744793,0.919330289193303,28.0
3,3,600,626,4,135,601.2114942528735,700.4344827586207,435,21,4.2,18.211494252873536,1.9069627489919931,59.565517241379325,8.187699964450767,59.565517241379325,8.187699964450767,0.09534813744959966,0.10234624955563458,12.0
4,4,926,182,25,14,938.0,188.41991341991343,231,21,4.2,132.0,14.426229508196721,568.5800865800866,77.48961997684314,568.5800865800866,77.48961997684314,0.7213114754098361,0.9686202497105393,24.0
4,4,830,214,9,21,833.9142857142857,224.05,140,21,4.2,27.91428571428571,3.050741608118657,532.95,72.63373083475298,532.95,72.63373083475298,0.15253708040593283,0.9079216354344123,24.0
4,4,947,488,13,19,953.1445783132531,497.30120481927713,166,21,4.2,147.14457831325308,16.081374679044053,259.69879518072287,35.39336220520924,259.69879518072287,35.39336220520924,0.8040687339522026,0.44241702756511564,24.0
1,1,146,225,4,11,147.61764705882354,230.1764705882353,34,22,4.4,17.617647058823536,1.7021881216254624,535.8235294117646,71.56240793479328,535.8235294117646,71.56240793479328,0.08510940608127313,0.8945300991849159,8.64
1,1,147,240,5,13,148.59183673469389,245.16326530612247,49,22,4.4,18.591836734693885,1.7963127279897473,520.8367346938776,69.56083268031755,520.8367346938776,69.56083268031755,0.08981563639948736,0.8695104085039692,8.64
1,1,147,270,4,7,148.375,272.9583333333333,24,22,4.4,18.375,1.7753623188405796,493.0416666666667,65.84863661658319,493.0416666666667,65.84863661658319,0.08876811594202899,0.82310795770729,8.64
1,1,147,281,5,14,148.82456140350877,287.1578947368421,57,22,4.4,18.824561403508767,1.818798203237562,478.8421052631579,63.95220103681575,478.8421052631579,63.95220103681575,0.09093991016187811,0.7994025129601968,8.64
1,1,148,298,4,27,149.2469135802469,310.30864197530866,81,22,4.4,19.24691358024691,1.8596051768354505,455.69135802469134,60.86028153919084,455.69135802469134,60.86028153919084,0.09298025884177252,0.7607535192398853,8.64
1,1,163,322,7,7,166.28571428571428,324.9428571428572,35,22,4.4,36.28571428571428,3.505866114561766,441.0571428571428,58.90579537324111,441.0571428571428,58.90579537324111,0.1752933057280883,0.7363224421655139,8.64
1,1,149,347,9,47,152.6195652173913,369.9963768115942,276,22,4.4,22.61956521739131,2.1854652383952957,396.0036231884058,52.88863080980378,396.0036231884058,52.88863080980378,0.10927326191976479,0.6611078851225473,8.64
1,1,150,393,7,21,152.6172839506173,402.1111111111111,81,22,4.4,22.617283950617292,2.185244826146598,363.8888888888889,48.599517714709705,363.8888888888889,48.599517714709705,0.10926224130732991,0.6074939714338713,8.64
1,1,161,347,11,8,165.453125,351.046875,64,22,4.4,35.453125,3.4254227053140096,414.953125,55.419449081803,414.953125,55.419449081803,0.17127113526570048,0.6927431135225376,8.64
1,1,150,422,7,29,152.91304347826087,435.1478260869565,115,22,4.4,22.913043478260875,2.2138206259189253,330.8521739130435,44.187268636132686,330.8521739130435,44.187268636132686,0.11069103129594625,0.5523408579516585,8.64
1,1,152,455,5,32,154.15555555555557,469.35555555555555,135,22,4.4,24.155555555555566,2.333870101986045,296.64444444444445,39.618623631979226,296.64444444444445,39.618623631979226,0.11669350509930225,0.4952327953997403,8.64
1,1,153,489,4,9,154.19230769230768,492.96153846153845,26,22,4.4,24.19230769230768,2.337421033073206,273.03846153846155,36.465904712983175,273.03846153846155,36.465904712983175,0.11687105165366028,0.45582380891228974,8.64
1,1,152,761,9,21,156.13432835820896,771.7014925373135,134,22,4.4,26.13432835820896,2.5250558800201897,-5.70149253731347,-0.7614681185059726,-5.70149253731347,-0.7614681185059726,0.12625279400100947,-0.009518351481324658,8.64
2,2,380,219,15,14,387.12582781456956,225.0,151,22,4.4,24.12582781456956,2.5529976523354034,538.0,73.57264957264957,538.0,73.57264957264957,0.12764988261677016,0.9196581196581196,28.0
3,3,600,627,4,134,601.1860465116279,699.8511627906977,430,22,4.4,18.186046511627865,1.9042980640448026,60.148837209302314,8.267881403340525,60.148837209302314,8.267881403340525,0.09521490320224013,0.10334851754175656,12.0
4,4,926,183,25,13,938.0796460176991,188.53982300884957,226,22,4.4,132.07964601769913,14.43493399100537,568.4601769911504,77.47327795450092,568.4601769911504,77.47327795450092,0.7217466995502685,0.9684159744312614,24.0
4,4,829,214,10,21,833.7762237762238,224.05594405594405,143,22,4.4,27.776223776223787,3.0356528717184466,532.9440559440559,72.63292074194969,532.9440559440559,72.63292074194969,0.15178264358592233,0.9079115092743711,24.0
4,4,947,488,13,19,952.9272727272728,497.1818181818182,165,22,4.4,146.9272727272728,16.057625434674623,259.8181818181818,35.40963295648134,259.8181818181818,35.40963295648134,0.8028812717337311,0.4426204119560167,24.0
1,1,146,223,4,13,147.5581395348837,228.86046511627907,43,23,4.6,17.558139534883708,1.696438602404223,537.1395348837209,71.73816826493768,537.1395348837209,71.73816826493768,0.08482193012021115,0.896727103311721,8.64
1,1,147,240,5,13,148.59183673469389,245.16326530612247,49,23,4.6,18.591836734693885,1.7963127279897473,520.8367346938776,69.56083268031755,520.8367346938776,69.56083268031755,0.08981563639948736,0.8695104085039692,8.64
1,1,147,269,5,10,148.6153846153846,273.8461538461538,39,23,4.6,18.615384615384613,1.798587885544407,492.1538461538462,65.73006292538847,492.1538461538462,65.73006292538847,0.08992939427722035,0.8216257865673559,8.64
1,1,147,281,6,14,148.98245614035088,287.1578947368421,57,23,4.6,18.982456140350877,1.8340537333672344,478.8421052631579,63.95220103681575,478.8421052631579,63.95220103681575,0.09170268666836172,0.7994025129601968,8.64
1,1,148,298,4,27,149.3095238095238,310.6904761904762,84,23,4.6,19.309523809523796,1.8656544743501253,455.3095238095238,60.80928531679783,455.3095238095238,60.80928531679783,0.09328272371750626,0.760116066459973,8.64
1,1,163,322,7,11,166.07999999999998,326.44,50,23,4.6,36.079999999999984,3.4859903381642496,439.56,58.70584307178632,439.56,58.70584307178632,0.1742995169082125,0.7338230383973289,8.64
1,1,149,328,7,19,150.89473684210526,334.7543859649123,57,23,4.6,20.89473684210526,2.018815153826595,431.2456140350877,57.59540755059602,431.2456140350877,57.59540755059602,0.10094075769132976,0.7199425943824503,8.64
1,1,149,347,9,48,152.6578947368421,369.9769736842105,304,23,4.6,22.65789473684211,2.189168573607933,396.0230263157895,52.89122221245937,396.0230263157895,52.89122221245937,0.10945842868039667,0.661140277655742,8.64
1,1,150,394,8,20,152.97802197802199,402.34065934065933,91,23,4.6,22.978021978021985,2.220098741837873,363.65934065934067,48.5688601882258,363.65934065934067,48.5688601882258,0.11100493709189364,0.6071107523528225,8.64
1,1,161,347,10,7,165.0392156862745,350.6078431372549,51,23,4.6,35.0392156862745,3.3854314672728987,415.3921568627451,55.47808438901437,415.3921568627451,55.47808438901437,0.16927157336364493,0.6934760548626796,8.64
1,1,166,371,8,11,169.48717948717947,376.025641025641,39,23,4.6,39.487179487179475,3.815186423882075,389.974358974359,52.083386841316724,389.974358974359,52.083386841316724,0.19075932119410374,0.6510423355164591,8.64
1,1,150,419,8,35,153.29559748427673,435.35849056603774,159,23,4.6,23.295597484276726,2.2507823656306014,330.64150943396226,44.15913314643903,330.64150943396226,44.15913314643903,0.11253911828153008,0.551989164330488,8.64
1,1,152,456,5,31,154.2204724409449,470.2992125984252,127,23,4.6,24.22047244094489,2.340142264825593,295.7007874015748,39.492592641278776,295.7007874015748,39.492592641278776,0.11700711324127966,0.4936574080159847,8.64
1,1,153,489,4,8,154.2,492.8,25,23,4.6,24.19999999999999,2.3381642512077283,273.2,36.48747913188648,273.2,36.48747913188648,0.11690821256038642,0.45609348914858094,8.64
1,1,152,762,9,20,156.11940298507463,772.2014925373135,134,23,4.6,26.11940298507463,2.523613814983056,-6.20149253731347,-0.8282460817780929,-6.20149253731347,-0.8282460817780929,0.1261806907491528,-0.010353076022226161,8.64
1,1,179,776,10,6,183.05555555555554,778.5,36,23,4.6,53.05555555555554,5.126140633387009,-12.5,-1.669449081803005,-12.5,-1.669449081803005,0.2563070316693504,-0.020868113522537562,8.64
2,2,381,219,15,13,387.82394366197184,224.88732394366195,142,23,4.6,24.82394366197184,2.626872345182205,538.112676056338,73.58805826411461,538.112676056338,73.58805826411461,0.13134361725911026,0.9198507283014326,28.0
3,3,600,628,4,133,601.1869158878504,700.1191588785047,428,23,4.6,18.186915887850432,1.9043890982042337,59.88084112149534,8.231043453126507,59.88084112149534,8.231043453126507,0.09521945491021169,0.10288804316408133,12.0
4,4,928,183,23,14,939.0486725663717,189.07522123893804,226,23,4.6,133.0486725663717,14.540838531843901,567.9247787610619,77.40031056368817,567.9247787610619,77.40031056368817,0.727041926592195,0.967503882046102,24.0
4,4,829,214,10,21,833.7847222222222,223.99305555555554,144,23,4.6,27.78472222222217,3.0365816636308383,533.0069444444445,72.64149157675563,533.0069444444445,72.64149157675563,0.15182908318154192,0.9080186447094454,24.0
4,4,947,488,13,19,952.9101796407185,497.1616766467066,167,23,4.6,146.91017964071852,16.055757337783444,259.8383233532934,35.41237796978445,259.8383233532934,35.41237796978445,0.8027878668891723,0.4426547246223056,24.0
1,1,146,242,4,6,147.38888888888889,244.05555555555554,18,24,4.8,17.388888888888886,1.6800858829844334,521.9444444444445,69.70877388239659,521.9444444444445,69.70877388239659,0.08400429414922167,0.8713596735299574,8.64
1,1,147,270,5,11,148.65853658536585,274.9024390243902,41,24,4.8,18.65853658536585,1.8027571580063624,491.0975609756098,65.58898977971415,491.0975609756098,65.58898977971415,0.09013785790031813,0.819862372246427,8.64
1,1,148,287,9,95,151.28787878787878,339.43333333333334,330,24,4.8,21.287878787878782,2.056799882886839,426.56666666666666,56.970506399554814,426.56666666666666,56.970506399554814,0.10283999414434195,0.7121313299944352,8.64
1,1,150,382,7,21,152.8918918918919,391.93693693693695,111,24,4.8,22.891891891891902,2.211776994385691,374.06306306306305,49.958338973364015,374.06306306306305,49.958338973364015,0.11058884971928455,0.6244792371670502,8.64
1,1,151,403,6,9,153.1764705882353,406.6764705882353,34,24,4.8,23.176470588235304,2.239272520602445,359.3235294117647,47.98978689973485,359.3235294117647,47.98978689973485,0.11196362603012225,0.5998723362466857,8.64
1,1,151,412,7,82,153.8913043478261,446.37391304347824,230,24,4.8,23.891304347826093,2.3083385843310236,319.62608695652176,42.687958191188216,319.62608695652176,42.687958191188216,0.11541692921655118,0.5335994773898527,8.64
1,1,161,322,7,3,164.0,322.89473684210526,19,24,4.8,34.0,3.285024154589372,443.10526315789474,59.179333977682106,443.10526315789474,59.179333977682106,0.1642512077294686,0.7397416747210263,8.64
1,1,163,327,5,6,165.25,329.04166666666663,24,24,4.8,35.25,3.4057971014492754,436.95833333333337,58.35837506956039,436.95833333333337,58.35837506956039,0.17028985507246377,0.7294796883695048,8.64
1,1,155,340,6,4,157.5,341.5,20,24,4.8,27.5,2.657004830917874,424.5,56.69449081803005,424.5,56.69449081803005,0.13285024154589373,0.7086811352253757,8.64
1,1,163,362,5,6,165.15384615384616,364.46153846153845,26,24,4.8,35.15384615384616,3.396506874767745,401.53846153846155,53.627841273918065,401.53846153846155,53.627841273918065,0.16982534373838726,0.6703480159239759,8.64
1,1,153,503,4,9,154.37037037037038,506.74074074074076,27,24,4.8,24.37037037037038,2.3546251565575247,259.25925925925924,34.625610585543804,259.25925925925924,34.625610585543804,0.11773125782787623,0.43282013231929756,8.64
1,1,156,720,5,8,157.64285714285714,723.3571428571429,28,24,4.8,27.64285714285714,2.6708074534161486,42.64285714285711,5.695206296207961,42.64285714285711,5.695206296207961,0.13354037267080743,0.07119007870259951,8.64
1,1,156,730,3,5,157.0,732.0,13,24,4.8,27.0,2.608695652173913,34.0,4.540901502504173,34.0,4.540901502504173,0.13043478260869565,0.05676126878130217,8.64
1,1,151,759,9,23,155.8095238095238,771.5850340136054,147,24,4.8,25.809523809523796,2.493673798021623,-5.585034013605423,-0.74591439246817,-5.585034013605423,-0.74591439246817,0.12468368990108114,-0.009323929905852124,8.64
2,2,382,219,14,13,388.3169014084507,224.79577464788733,142,24,4.8,25.31690140845069,2.679037186079438,538.2042253521126,73.60057782592993,538.2042253521126,73.60057782592993,0.1339518593039719,0.9200072228241242,29.0
3,3,600,625,4,136,601.1689814814815,699.2546296296297,432,24,4.8,18.168981481481524,1.9025111498933533,60.745370370370324,8.349879088710697,60.745370370370324,8.349879088710697,0.09512555749466767,0.10437348860888372,12.0
4,4,929,184,23,13,940.0590909090909,189.81363636363636,220,24,4.8,134.05909090909086,14.651266766020859,567.1863636363637,77.29967477156575,567.1863636363637,77.29967477156575,0.7325633383010429,0.9662459346445719,24.0
4,4,830,214,9,21,833.903448275862,224.33793103448275,145,24,4.8,27.903448275862047,3.049557188618803,532.6620689655173,72.59448980790695,532.6620689655173,72.59448980790695,0.15247785943094014,0.907431122598837,24.0
4,4,948,488,12,20,953.1075949367089,497.7151898734177,158,24,4.8,147.1075949367089,16.077332779968184,259.2848101265823,35.33694175490048,259.2848101265823,35.33694175490048,0.8038666389984093,0.441711771936256,24.0
1,1,146,240,6,14,147.80357142857142,245.51785714285714,56,25,5.0,17.803571428571416,1.7201518288474797,520.4821428571429,69.51347483901742,520.4821428571429,69.51347483901742,0.08600759144237399,0.8689184354877176,8.64
1,1,146,261,8,44,149.39669421487602,282.4710743801653,242,25,5.0,19.39669421487602,1.8740767357368135,483.5289256198347,64.57815367209813,483.5289256198347,64.57815367209813,0.09370383678684067,0.8072269209012265,8.64
1,1,149,320,11,28,151.73267326732673,335.23762376237624,101,25,5.0,21.73267326732673,2.0997751949107952,430.76237623762376,57.53086827881452,430.76237623762376,57.53086827881452,0.10498875974553977,0.7191358534851816,8.64
1,1,150,347,8,27,152.84415584415584,359.5909090909091,154,25,5.0,22.844155844155836,2.2071648158604673,406.4090909090909,54.27834269236607,406.4090909090909,54.27834269236607,0.11035824079302337,0.6784792836545758,8.64
1,1,150,374,8,42,153.5040322580645,393.56451612903226,248,25,5.0,23.504032258064512,2.270920991117344,372.43548387096774,49.7409661263396,372.43548387096774,49.7409661263396,0.11354604955586721,0.621762076579245,8.64
1,1,152,416,6,78,154.1283185840708,448.8185840707965,226,25,5.0,24.128318584070797,2.3312385105382414,317.1814159292035,42.36145788703887,317.1814159292035,42.36145788703887,0.11656192552691207,0.5295182235879858,8.64
1,1,161,323,7,10,164.40816326530611,326.6938775510204,49,25,5.0,34.408163265306115,3.324460218870156,439.3061224489796,58.671936220231,439.3061224489796,58.671936220231,0.1662230109435078,0.7333992027528874,8.64
1,1,164,364,10,13,168.5810810810811,369.28378378378375,74,25,5.0,38.581081081081095,3.7276406841624246,396.71621621621625,52.98380183188197,396.71621621621625,52.98380183188197,0.18638203420812124,0.6622975228985246,8.64
1,1,153,507,4,5,154.35714285714286,508.7857142857143,14,25,5.0,24.35714285714286,2.353347135955832,257.2142857142857,34.35249224898641,257.2142857142857,34.35249224898641,0.1176673567977916,0.4294061531123301,8.64
1,1,156,724,4,5,157.35714285714286,725.7857142857143,14,25,5.0,27.35714285714286,2.6432022084196003,40.214285714285666,5.370856188886233,40.214285714285666,5.370856188886233,0.13216011042098,0.06713570236107791,8.64
1,1,156,730,3,5,157.0,732.0,13,25,5.0,27.0,2.608695652173913,34.0,4.540901502504173,34.0,4.540901502504173,0.13043478260869565,0.05676126878130217,8.64
1,1,151,759,10,23,156.17105263157896,772.0,152,25,5.0,26.17105263157896,2.5286041189931363,-6.0,-0.8013355592654424,-6.0,-0.8013355592654424,0.12643020594965682,-0.01001669449081803,8.64
1,1,185,775,5,4,187.1875,776.1875,16,25,5.0,57.1875,5.52536231884058,-10.1875,-1.360601001669449,-10.1875,-1.360601001669449,0.276268115942029,-0.017007512520868115,8.64
2,2,382,219,15,13,388.9530201342282,224.8993288590604,149,25,5.0,25.95302013422821,2.7463513369553665,538.1006711409395,73.58641656628232,538.1006711409395,73.58641656628232,0.1373175668477683,0.9198302070785291,28.0
3,3,600,626,4,135,601.1931034482759,699.1563218390804,435,25,5.0,18.193103448275906,1.9050370102906709,60.84367816091958,8.363392187067983,60.84367816091958,8.363392187067983,0.09525185051453354,0.1045424023383498,12.0
4,4,931,184,23,13,941.559633027523,189.6834862385321,218,25,5.0,135.55963302752298,14.815260440166446,567.3165137614678,77.31741243767875,567.3165137614678,77.31741243767875,0.7407630220083223,0.9664676554709843,24.0
4,4,830,214,9,21,834.0206896551724,224.08965517241379,145,25,5.0,28.02068965517242,3.0623704541172043,532.9103448275862,72.62832638195383,532.9103448275862,72.62832638195383,0.1531185227058602,0.9078540797744228,24.0
4,4,948,489,12,19,953.2732919254659,497.93167701863354,161,25,5.0,147.27329192546586,16.09544174048807,259.06832298136646,35.30743754430889,259.06832298136646,35.30743754430889,0.8047720870244036,0.4413429693038611,24.0
1,1,146,243,4,6,147.375,244.9375,16,26,5.2,17.375,1.678743961352657,521.0625,69.59098497495826,521.0625,69.59098497495826,0.08393719806763285,0.8698873121869783,8.64
1,1,149,274,3,4,149.8,275.5,10,26,5.2,19.80000000000001,1.9130434782608707,490.5,65.50918196994992,490.5,65.50918196994992,0.09565217391304354,0.8188647746243739,8.64
1,1,147,279,6,19,149.3116883116883,288.0,77,26,5.2,19.3116883116883,1.8658636049940387,478.0,63.83973288814691,478.0,63.83973288814691,0.09329318024970193,0.7979966611018364,8.64
1,1,149,316,11,32,151.55045871559633,333.9357798165138,109,26,5.2,21.550458715596335,2.0821699242122063,432.0642201834862,57.704737253220195,432.0642201834862,57.704737253220195,0.10410849621061032,0.7213092156652524,8.64
1,1,150,347,8,26,152.86666666666667,359.24666666666667,150,26,5.2,22.866666666666674,2.209339774557167,406.75333333333333,54.324318308291595,406.75333333333333,54.324318308291595,0.11046698872785833,0.6790539788536449,8.64
1,1,150,373,8,37,153.21354166666666,390.453125,192,26,5.2,23.213541666666657,2.242854267310788,375.546875,50.15651085141903,375.546875,50.15651085141903,0.11214271336553941,0.6269563856427379,8.64
1,1,151,409,6,17,153.69642857142858,416.0357142857143,56,26,5.2,23.696428571428584,2.2895100069013123,349.9642857142857,46.73980443596471,349.9642857142857,46.73980443596471,0.11447550034506562,0.5842475554495588,8.64
1,1,161,322,7,11,164.46296296296296,326.16666666666663,54,26,5.2,34.46296296296296,3.3297548756485953,439.83333333333337,58.742348358375075,439.83333333333337,58.742348358375075,0.16648774378242978,0.7342793544796884,8.64
1,1,166,337,5,7,168.17857142857142,340.32142857142856,28,26,5.2,38.178571428571416,3.688750862663905,425.67857142857144,56.851896017171484,425.67857142857144,56.851896017171484,0.18443754313319524,0.7106487002146434,8.64
1,1,164,364,7,11,167.45833333333334,367.58333333333337,48,26,5.2,37.45833333333334,3.6191626409017723,398.41666666666663,53.21090706733444,398.41666666666663,53.21090706733444,0.18095813204508862,0.6651363383416805,8.64
1,1,152,433,5,20,153.72131147540983,441.9344262295082,61,26,5.2,23.721311475409834,2.2919141522135105,324.0655737704918,43.28087796600893,324.0655737704918,43.28087796600893,0.11459570761067553,0.5410109745751116,8.64
1,1,153,453,4,19,154.40740740740742,461.31481481481484,54,26,5.2,24.40740740740742,2.358203614242263,304.68518518518516,40.69251221171088,304.68518518518516,40.69251221171088,0.11791018071211314,0.5086564026463859,8.64
1,1,153,472,3,11,154.4090909090909,477.04545454545456,22,26,5.2,24.409090909090907,2.3583662714097495,288.95454545454544,38.59159204735165,288.95454545454544,38.59159204735165,0.11791831357048747,0.48239490059189555,8.64
1,1,153,507,4,4,154.3,508.3,10,26,5.2,24.30000000000001,2.347826086956523,257.7,34.41736227045075,257.7,34.41736227045075,0.11739130434782614,0.43021702838063436,8.64
1,1,154,560,2,6,154.45454545454544,562.2727272727273,11,26,5.2,24.45454545454544,2.3627580149319263,203.72727272727275,27.20898467142207,203.72727272727275,27.20898467142207,0.11813790074659633,0.3401123083927759,8.64
1,1,156,724,4,5,157.23076923076923,725.8461538461538,13,26,5.2,27.230769230769226,2.6309921962095872,40.15384615384619,5.362784127391811,40.15384615384619,5.362784127391811,0.13154960981047936,0.06703480159239765,8.64
1,1,156,730,3,5,157.0,732.0,13,26,5.2,27.0,2.608695652173913,34.0,4.540901502504173,34.0,4.540901502504173,0.13043478260869565,0.05676126878130217,8.64
1,1,152,758,9,24,156.2420382165605,771.4267515923567,157,26,5.2,26.242038216560502,2.535462629619372,-5.426751592356709,-0.7247748370426322,-5.426751592356709,-0.7247748370426322,0.1267731314809686,-0.009059685463032903,8.64
1,1,185,775,5,4,187.1875,776.1875,16,26,5.2,57.1875,5.52536231884058,-10.1875,-1.360601001669449,-10.1875,-1.360601001669449,0.276268115942029,-0.017007512520868115,8.64
2,2,383,219,14,13,389.4135338345865,224.62406015037595,133,26,5.2,26.413533834586474,2.795082945458886,538.375939849624,73.62406015037594,538.375939849624,73.62406015037594,0.1397541472729443,0.9203007518796992,28.0
3,3,600,656,4,104,601.3106267029973,709.3814713896458,367,26,5.2,18.310626702997297,1.917343110261497,50.61852861035425,6.957873348502302,50.61852861035425,6.957873348502302,0.09586715551307486,0.08697341685627877,12.0
4,4,931,184,23,13,941.7557603686636,190.14285714285714,217,26,5.2,135.75576036866357,14.836695122258314,566.8571428571429,77.2548065222682,566.8571428571429,77.2548065222682,0.7418347561129157,0.9656850815283524,24.0
4,4,830,215,9,20,833.9710144927536,224.55072463768116,138,26,5.2,27.971014492753625,3.0569414746178825,532.4492753623189,72.56548897612524,532.4492753623189,72.56548897612524,0.15284707373089412,0.9070686122015653,24.0
4,4,947,488,13,20,953.0306748466257,497.71165644171776,163,26,5.2,147.03067484662574,16.068926212745982,259.28834355828224,35.33742331288344,259.28834355828224,35.33742331288344,0.8034463106372991,0.441717791411043,24.0
1,1,146,241,6,13,147.89090909090908,246.36363636363637,55,27,5.4,17.890909090909076,1.7285902503293793,519.6363636363636,69.40051601153436,519.6363636363636,69.40051601153436,0.08642951251646896,0.8675064501441797,8.64
1,1,147,263,4,5,148.375,264.5625,16,27,5.4,18.375,1.7753623188405796,501.4375,66.96994991652754,501.4375,66.96994991652754,0.08876811594202899,0.8371243739565943,8.64
1,1,148,271,5,26,149.73076923076923,283.8942307692308,104,27,5.4,19.730769230769226,1.9063545150501668,482.1057692307692,64.38808270193913,482.1057692307692,64.38808270193913,0.09531772575250834,0.804851033774239,8.64
1,1,149,297,11,76,151.886925795053,344.0494699646643,283,27,5.4,21.886925795053003,2.114678820778068,421.9505300353357,56.35399399470259,421.9505300353357,56.35399399470259,0.10573394103890339,0.7044249249337825,8.64
1,1,151,373,6,10,152.8421052631579,377.2631578947369,38,27,5.4,22.84210526315789,2.20696669209255,388.7368421052631,51.9181091292505,388.7368421052631,51.9181091292505,0.1103483346046275,0.6489763641156313,8.64
1,1,150,383,7,44,153.38536585365853,402.0048780487805,205,27,5.4,23.385365853658527,2.2594556380346402,363.9951219512195,48.6137057697789,363.9951219512195,48.6137057697789,0.11297278190173202,0.6076713221222363,8.64
1,1,165,327,8,16,168.36263736263737,334.010989010989,91,27,5.4,38.36263736263737,3.706535010882838,431.989010989011,57.694692619567405,431.989010989011,57.694692619567405,0.18532675054414188,0.7211836577445926,8.64
1,1,155,340,6,5,157.2173913043478,341.8695652173913,23,27,5.4,27.217391304347814,2.629699642932156,424.1304347826087,56.645133193002835,424.1304347826087,56.645133193002835,0.1314849821466078,0.7080641649125353,8.64
1,1,163,364,12,13,168.14117647058822,368.94117647058823,85,27,5.4,38.14117647058822,3.6851378232452388,397.05882352941177,53.02955906903663,397.05882352941177,53.02955906903663,0.18425689116226193,0.6628694883629579,8.64
1,1,152,433,5,20,153.66666666666666,443.6904761904762,42,27,5.4,23.666666666666657,2.286634460547503,322.3095238095238,43.04634708641387,322.3095238095238,43.04634708641387,0.11433172302737515,0.5380793385801733,8.64
1,1,153,453,4,19,154.35185185185185,461.462962962963,54,27,5.4,24.351851851851848,2.3528359277151543,304.537037037037,40.67272614851913,304.537037037037,40.67272614851913,0.11764179638575772,0.5084090768564892,8.64
1,1,153,472,3,22,154.4,481.925,40,27,5.4,24.400000000000006,2.3574879227053147,284.075,37.939899833055094,284.075,37.939899833055094,0.11787439613526572,0.4742487479131886,8.64
1,1,153,504,3,5,154.1818181818182,505.90909090909093,11,27,5.4,24.181818181818187,2.3364075537988587,260.09090909090907,34.736682349370156,260.09090909090907,34.736682349370156,0.11682037768994294,0.434208529367127,8.64
1,1,156,725,4,10,157.20689655172413,729.0,29,27,5.4,27.206896551724128,2.6286856571714132,37.0,4.941569282136895,37.0,4.941569282136895,0.13143428285857067,0.06176961602671119,8.64
1,1,152,758,9,24,156.24358974358975,771.25,156,27,5.4,26.24358974358975,2.5356125356125365,-5.25,-0.7011686143572621,-5.25,-0.7011686143572621,0.12678062678062682,-0.008764607679465776,8.64
1,1,185,775,6,4,187.35294117647058,776.1764705882352,17,27,5.4,57.35294117647058,5.541346973572037,-10.176470588235247,-1.3591279583619695,-10.176470588235247,-1.3591279583619695,0.27706734867860183,-0.01698909947952462,8.64
2,2,384,219,13,13,389.6466165413534,224.86466165413535,133,27,5.4,26.64661654135341,2.8197477821538,538.1353383458646,73.59115738063106,538.1353383458646,73.59115738063106,0.14098738910769,0.9198894672578882,25.0
3,3,600,619,4,142,601.1796008869179,697.3259423503326,451,27,5.4,18.17960088691791,1.9036231295202,62.67405764966736,8.614990742222318,62.67405764966736,8.614990742222318,0.09518115647601,0.10768738427777898,12.0
4,4,931,185,23,13,941.8036529680365,190.5296803652968,219,27,5.4,135.80365296803654,14.841929286124213,566.4703196347032,77.20208785481475,566.4703196347032,77.20208785481475,0.7420964643062107,0.9650260981851843,24.0
4,4,830,214,9,21,833.986301369863,224.21917808219177,146,27,5.4,27.986301369862986,3.058612171569725,532.7808219178082,72.61067419663485,532.7808219178082,72.61067419663485,0.15293060857848625,0.9076334274579356,24.0
4,4,947,489,13,19,953.0496894409938,497.8074534161491,161,27,5.4,147.0496894409938,16.071004310491126,259.1925465838509,35.32436750716877,259.1925465838509,35.32436750716877,0.8035502155245563,0.4415545938396097,24.0
1,1,146,224,4,16,147.47272727272727,232.0181818181818,55,28,5.6,17.47272727272727,1.68818620992534,533.9818181818182,71.31643648505084,533.9818181818182,71.31643648505084,0.084409310496267,0.8914554560631356,8.64
1,1,146,242,4,7,147.4736842105263,244.5263157894737,19,28,5.6,17.4736842105263,1.6882786676837005,521.4736842105262,69.64590106317546,521.4736842105262,69.64590106317546,0.08441393338418503,0.8705737632896933,8.64
1,1,147,279,6,26,149.21818181818182,291.07272727272726,110,28,5.6,19.21818181818182,1.8568291611769874,474.92727272727274,63.42935195022006,474.92727272727274,63.42935195022006,0.09284145805884937,0.7928668993777508,8.64
1,1,149,321,11,48,152.22222222222223,349.38425925925924,216,28,5.6,22.22222222222223,2.1470746108427274,416.61574074074076,55.641501267544676,416.61574074074076,55.641501267544676,0.10735373054213637,0.6955187658443085,8.64
1,1,150,369,8,15,152.45454545454547,373.8181818181818,44,28,5.6,22.454545454545467,2.169521299956084,392.1818181818182,52.37820610107756,392.1818181818182,52.37820610107756,0.1084760649978042,0.6547275762634694,8.64
1,1,150,383,7,21,153.18018018018017,392.9549549549549,111,28,5.6,23.180180180180173,2.2396309352831083,373.0450450450451,49.822376633728894,373.0450450450451,49.822376633728894,0.11198154676415542,0.6227797079216112,8.64
1,1,151,404,6,23,153.6144578313253,413.49397590361446,83,28,5.6,23.614457831325296,2.2815901286304636,352.50602409638554,47.07926866061911,352.50602409638554,47.07926866061911,0.11407950643152318,0.5884908582577388,8.64
1,1,165,328,7,16,167.7710843373494,335.4457831325301,83,28,5.6,37.77108433734941,3.649380129212503,430.5542168674699,57.50306736126477,430.5542168674699,57.50306736126477,0.18246900646062517,0.7187883420158095,8.64
1,1,155,340,6,5,157.33333333333334,341.875,24,28,5.6,27.333333333333343,2.640901771336555,424.125,56.64440734557596,424.125,56.64440734557596,0.13204508856682776,0.7080550918196995,8.64
1,1,165,366,7,7,168.42857142857142,368.2857142857143,28,28,5.6,38.428571428571416,3.7129054520358857,397.7142857142857,53.117099928452184,397.7142857142857,53.117099928452184,0.18564527260179428,0.6639637491056523,8.64
1,1,151,441,8,56,154.23673469387757,466.7469387755102,245,28,5.6,24.236734693877565,2.3417134969930014,299.2530612244898,39.96701986303703,299.2530612244898,39.96701986303703,0.11708567484965007,0.49958774828796293,8.64
1,1,153,502,4,5,154.46153846153845,503.84615384615387,13,28,5.6,24.461538461538453,2.363433667781493,262.15384615384613,35.012199820213176,262.15384615384613,35.012199820213176,0.11817168338907465,0.4376524977526647,8.64
1,1,157,659,3,5,158.08333333333334,660.8333333333333,12,28,5.6,28.083333333333343,2.713365539452497,105.16666666666674,14.04563160823596,105.16666666666674,14.04563160823596,0.13566827697262485,0.1755703951029495,8.64
1,1,152,758,9,24,156.14583333333334,771.3541666666666,144,28,5.6,26.145833333333343,2.5261674718196465,-5.354166666666629,-0.7150806900389487,-5.354166666666629,-0.7150806900389487,0.12630837359098232,-0.00893850862548686,8.64
1,1,185,775,6,4,187.35294117647058,776.1764705882352,17,28,5.6,57.35294117647058,5.541346973572037,-10.176470588235247,-1.3591279583619695,-10.176470588235247,-1.3591279583619695,0.27706734867860183,-0.01698909947952462,8.64
2,2,384,220,14,12,389.85714285714283,225.47142857142856,140,28,5.6,26.857142857142833,2.8420256991685537,537.5285714285715,73.50818070818072,537.5285714285715,73.50818070818072,0.1421012849584277,0.918852258852259,23.0
3,3,600,653,4,107,601.289544235925,708.6407506702412,373,28,5.6,18.28954423592495,1.9151355220863822,51.35924932975877,7.059690629520105,51.35924932975877,7.059690629520105,0.09575677610431911,0.08824613286900132,12.0
4,4,930,185,23,13,941.0514018691589,190.35046728971963,214,28,5.6,135.0514018691589,14.759716051274197,566.6495327102804,77.22651212405864,566.6495327102804,77.22651212405864,0.7379858025637098,0.9653314015507332,24.0
4,4,830,214,9,21,834.027972027972,224.32167832167832,143,28,5.6,28.027972027972055,3.0631663418548696,532.6783216783217,72.59670482839137,532.6783216783217,72.59670482839137,0.15315831709274347,0.9074588103548922,24.0
4,4,947,489,13,19,953.0375,498.0125,160,28,5.6,147.03750000000002,16.069672131147545,258.9875,35.29642248722317,258.9875,35.29642248722317,0.8034836065573772,0.4412052810902896,24.0
1,1,146,224,4,16,147.47272727272727,232.0181818181818,55,29,5.8,17.47272727272727,1.68818620992534,533.9818181818182,71.31643648505084,533.9818181818182,71.31643648505084,0.084409310496267,0.8914554560631356,8.64
1,1,146,242,4,7,147.4736842105263,244.5263157894737,19,29,5.8,17.4736842105263,1.6882786676837005,521.4736842105262,69.64590106317546,521.4736842105262,69.64590106317546,0.08441393338418503,0.8705737632896933,8.64
1,1,149,310,11,59,152.02941176470588,346.3571428571429,238,29,5.8,22.029411764705884,2.1284455811310035,419.6428571428571,56.045790603386585,419.6428571428571,56.045790603386585,0.10642227905655016,0.7005723825423325,8.64
1,1,150,369,8,13,152.75,373.39583333333337,48,29,5.8,22.75,2.1980676328502415,392.60416666666663,52.43461324429604,392.60416666666663,52.43461324429604,0.10990338164251208,0.6554326655537005,8.64
1,1,150,382,7,28,153.1578947368421,395.36842105263156,152,29,5.8,23.15789473684211,2.2374777523518947,370.63157894736844,49.500043932870575,370.63157894736844,49.500043932870575,0.11187388761759473,0.6187505491608822,8.64
1,1,151,410,6,17,153.3859649122807,416.96491228070175,57,29,5.8,23.385964912280713,2.2595135180947548,349.03508771929825,46.6157045368011,349.03508771929825,46.6157045368011,0.11297567590473774,0.5826963067100138,8.64
1,1,169,328,3,5,169.84615384615384,330.0,13,29,5.8,39.84615384615384,3.8498699368264577,436.0,58.230383973288816,436.0,58.230383973288816,0.1924934968413229,0.7278797996661102,8.64
1,1,161,329,9,15,165.08474576271186,337.2372881355932,59,29,5.8,35.08474576271186,3.389830508474576,428.7627118644068,57.26380125067203,428.7627118644068,57.26380125067203,0.1694915254237288,0.7157975156334003,8.64
1,1,155,340,5,5,157.0909090909091,341.9090909090909,22,29,5.8,27.090909090909093,2.6174791392182697,424.0909090909091,56.63985430262559,424.0909090909091,56.63985430262559,0.1308739569609135,0.7079981787828199,8.64
1,1,165,364,10,10,169.36206896551724,368.0344827586207,58,29,5.8,39.36206896551724,3.8030984507746126,397.9655172413793,53.15065338783029,397.9655172413793,53.15065338783029,0.19015492253873062,0.6643831673478786,8.64
1,1,151,437,7,60,154.0,464.71666666666664,240,29,5.8,24.0,2.318840579710145,301.28333333333336,40.23817473567056,301.28333333333336,40.23817473567056,0.11594202898550725,0.5029771841958821,8.64
1,1,153,501,4,6,154.47058823529412,503.3529411764706,17,29,5.8,24.470588235294116,2.3643080420574023,262.6470588235294,35.07807129529608,262.6470588235294,35.07807129529608,0.11821540210287013,0.438475891191201,8.64
1,1,152,758,9,24,156.18493150684932,771.2602739726027,146,29,5.8,26.184931506849324,2.5299450731255386,-5.260273972602704,-0.7025407642875063,-5.260273972602704,-0.7025407642875063,0.12649725365627693,-0.008781759553593829,8.64
1,1,173,776,5,3,175.0,777.0,13,29,5.8,45.0,4.3478260869565215,-11.0,-1.4691151919866443,-11.0,-1.4691151919866443,0.21739130434782608,-0.018363939899833055,8.64
2,2,383,220,14,12,389.30075187969925,225.35338345864662,133,29,5.8,26.30075187969925,2.7831483470581215,537.6466165413534,73.52432362958679,537.6466165413534,73.52432362958679,0.13915741735290607,0.9190540453698349,24.0
3,3,600,648,3,5,601.0,650.0,11,29,5.8,18.0,1.8848167539267016,110.0,15.120274914089347,110.0,15.120274914089347,0.09424083769633508,0.18900343642611683,12.0
3,3,600,654,4,106,601.2918918918919,709.1513513513513,370,29,5.8,18.29189189189185,1.9153813499363195,50.84864864864869,6.989504968886418,50.84864864864869,6.989504968886418,0.09576906749681598,0.08736881211108022,12.0
4,4,930,185,23,13,940.8136363636363,190.61818181818182,220,29,5.8,134.8136363636363,14.733730750124186,566.3818181818182,77.1900263280161,566.3818181818182,77.1900263280161,0.7366865375062093,0.9648753291002014,24.0
4,4,830,214,9,21,833.9862068965517,224.37241379310345,145,29,5.8,27.98620689655172,3.0586018466176745,532.6275862068966,72.58979028373378,532.6275862068966,72.58979028373378,0.15293009233088373,0.9073723785466722,24.0
4,4,948,489,12,19,953.1375,498.00625,160,29,5.8,147.13750000000005,16.08060109289618,258.99375,35.297274275979554,258.99375,35.297274275979554,0.804030054644809,0.44121592844974444,24.0
1,1,146,224,4,16,147.47272727272727,232.0181818181818,55,30,6.0,17.47272727272727,1.68818620992534,533.9818181818182,71.31643648505084,533.9818181818182,71.31643648505084,0.084409310496267,0.8914554560631356,8.64
1,1,146,242,4,7,147.4736842105263,244.5263157894737,19,30,6.0,17.4736842105263,1.6882786676837005,521.4736842105262,69.64590106317546,521.4736842105262,69.64590106317546,0.08441393338418503,0.8705737632896933,8.64
1,1,147,279,5,17,148.98591549295776,287.19718309859155,71,30,6.0,18.98591549295776,1.8343879703340829,478.80281690140845,63.94695384325989,478.80281690140845,63.94695384325989,0.09171939851670415,0.7993369230407487,8.64
1,1,149,316,10,53,151.98598130841123,348.5981308411215,214,30,6.0,21.985981308411226,2.1242494017788625,417.4018691588785,55.74649337681182,417.4018691588785,55.74649337681182,0.10621247008894312,0.6968311672101478,8.64
1,1,150,369,8,15,152.45454545454547,373.8181818181818,44,30,6.0,22.454545454545467,2.169521299956084,392.1818181818182,52.37820610107756,392.1818181818182,52.37820610107756,0.1084760649978042,0.6547275762634694,8.64
1,1,150,383,7,27,153.14285714285714,395.73571428571427,140,30,6.0,23.14285714285714,2.2360248447204967,370.26428571428573,49.45098974481279,370.26428571428573,49.45098974481279,0.11180124223602482,0.6181373718101598,8.64
1,1,151,411,5,9,153.36363636363637,414.5151515151515,33,30,6.0,23.363636363636374,2.2573561703996496,351.4848484848485,46.94288460565589,351.4848484848485,46.94288460565589,0.11286780851998249,0.5867860575706987,8.64
1,1,169,328,3,5,169.84615384615384,330.0,13,30,6.0,39.84615384615384,3.8498699368264577,436.0,58.230383973288816,436.0,58.230383973288816,0.1924934968413229,0.7278797996661102,8.64
1,1,161,329,3,7,162.0,332.0,19,30,6.0,32.0,3.0917874396135265,434.0,57.96327212020034,434.0,57.96327212020034,0.15458937198067632,0.7245409015025042,8.64
1,1,166,337,5,7,167.8846153846154,339.88461538461536,26,30,6.0,37.88461538461539,3.6603493125232256,426.11538461538464,56.91023500706306,426.11538461538464,56.91023500706306,0.18301746562616128,0.7113779375882883,8.64
1,1,155,340,5,5,157.0909090909091,341.9090909090909,22,30,6.0,27.090909090909093,2.6174791392182697,424.0909090909091,56.63985430262559,424.0909090909091,56.63985430262559,0.1308739569609135,0.7079981787828199,8.64
1,1,165,367,7,7,168.47058823529412,369.7058823529412,34,30,6.0,38.470588235294116,3.7169650468883204,396.2941176470588,52.92742806638515,396.2941176470588,52.92742806638515,0.18584825234441602,0.6615928508298143,8.64
1,1,151,422,6,8,152.79166666666666,424.6666666666667,24,30,6.0,22.791666666666657,2.202093397745571,341.3333333333333,45.58708959376739,341.3333333333333,45.58708959376739,0.11010466988727853,0.5698386199220924,8.64
1,1,152,430,3,5,152.8,431.7,10,30,6.0,22.80000000000001,2.2028985507246386,334.3,44.64774624373957,334.3,44.64774624373957,0.11014492753623194,0.5580968280467445,8.64
1,1,151,437,7,60,154.01754385964912,465.3377192982456,228,30,6.0,24.017543859649123,2.3205356386134417,300.6622807017544,40.155229476027294,300.6622807017544,40.155229476027294,0.11602678193067209,0.5019403684503413,8.64
1,1,152,758,9,24,156.06369426751593,771.1847133757962,157,30,6.0,26.063694267515928,2.5182313301947756,-5.18471337579615,-0.6924491987707713,-5.18471337579615,-0.6924491987707713,0.12591156650973878,-0.008655614984634642,8.64
1,1,182,774,6,4,184.57894736842104,775.421052631579,19,30,6.0,54.57894736842104,5.273328248156623,-9.42105263157896,-1.2582374132325822,-9.42105263157896,-1.2582374132325822,0.2636664124078311,-0.015727967665407277,8.64
2,2,384,220,13,12,389.5196850393701,225.11023622047244,127,30,6.0,26.519685039370074,2.8063158771820182,537.8897637795276,73.55757453395249,537.8897637795276,73.55757453395249,0.14031579385910092,0.9194696816744061,24.0
3,3,600,624,4,137,601.2,699.1727272727272,440,30,6.0,18.200000000000045,1.9057591623036696,60.82727272727277,8.361137144642305,60.82727272727277,8.361137144642305,0.09528795811518348,0.10451421430802882,12.0
4,4,930,185,23,13,940.8493150684932,190.65753424657535,219,30,6.0,134.84931506849318,14.737630062130403,566.3424657534247,77.18466313504936,566.3424657534247,77.18466313504936,0.7368815031065201,0.964808289188117,24.0
4,4,829,214,10,21,833.9383561643835,224.31506849315068,146,30,6.0,27.93835616438355,3.0533722584025735,532.6849315068494,72.59760565681081,532.6849315068494,72.59760565681081,0.15266861292012868,0.9074700707101352,24.0
4,4,949,490,11,19,953.6037735849056,499.3522012578616,159,30,6.0,147.60377358490564,16.131559954634497,257.6477987421384,35.113839692284614,257.6477987421384,35.113839692284614,0.8065779977317248,0.43892299615355773,24.0
1,1,146,230,6,24,147.83516483516485,241.05494505494505,91,31,6.2,17.835164835164846,1.7232043318999852,524.945054945055,70.109523198004,524.945054945055,70.109523198004,0.08616021659499926,0.87636903997505,8.64
1,1,147,256,6,52,148.95287958115182,283.1570680628272,191,31,6.2,18.95287958115182,1.8311960947972772,482.8429319371728,64.4865351502067,482.8429319371728,64.4865351502067,0.09155980473986386,0.806081689377584,8.64
1,1,149,315,10,55,152.01851851851853,348.9861111111111,216,31,6.2,22.018518518518533,2.12739309357667,417.0138888888889,55.69467631237247,417.0138888888889,55.69467631237247,0.1063696546788335,0.696183453904656,8.64
1,1,151,370,7,15,152.84313725490196,374.9607843137255,51,31,6.2,22.84313725490196,2.207066401439803,391.0392156862745,52.22560476611345,391.0392156862745,52.22560476611345,0.11035332007199015,0.6528200595764182,8.64
1,1,150,384,8,58,153.26254826254825,407.94980694980694,259,31,6.2,23.26254826254825,2.247589204110942,358.05019305019306,47.81972528216268,358.05019305019306,47.81972528216268,0.11237946020554711,0.5977465660270335,8.64
1,1,152,443,6,37,154.39814814814815,458.44444444444446,108,31,6.2,24.398148148148152,2.3573089998210777,307.55555555555554,41.07586718605083,307.55555555555554,41.07586718605083,0.11786544999105387,0.5134483398256353,8.64
1,1,169,328,3,5,169.84615384615384,330.0,13,31,6.2,39.84615384615384,3.8498699368264577,436.0,58.230383973288816,436.0,58.230383973288816,0.1924934968413229,0.7278797996661102,8.64
1,1,161,329,3,7,162.0,332.0,19,31,6.2,32.0,3.0917874396135265,434.0,57.96327212020034,434.0,57.96327212020034,0.15458937198067632,0.7245409015025042,8.64
1,1,166,337,5,7,167.9655172413793,339.7931034482759,29,31,6.2,37.9655172413793,3.6681659170414784,426.2068965517241,56.92245696851073,426.2068965517241,56.92245696851073,0.18340829585207394,0.7115307121063842,8.64
1,1,155,340,5,5,157.0909090909091,341.9090909090909,22,31,6.2,27.090909090909093,2.6174791392182697,424.0909090909091,56.63985430262559,424.0909090909091,56.63985430262559,0.1308739569609135,0.7079981787828199,8.64
1,1,163,368,8,6,166.69444444444446,370.16666666666663,36,31,6.2,36.69444444444446,3.5453569511540537,395.83333333333337,52.8658875904285,395.83333333333337,52.8658875904285,0.1772678475577027,0.6608235948803562,8.64
1,1,152,759,8,23,155.8985507246377,771.3913043478261,138,31,6.2,25.898550724637687,2.5022754323321434,-5.391304347826122,-0.7200406474559093,-5.391304347826122,-0.7200406474559093,0.1251137716166072,-0.009000508093198868,8.64
1,1,182,774,6,4,184.57894736842104,775.421052631579,19,31,6.2,54.57894736842104,5.273328248156623,-9.42105263157896,-1.2582374132325822,-9.42105263157896,-1.2582374132325822,0.2636664124078311,-0.015727967665407277,8.64
1,1,174,776,5,3,175.58333333333334,776.8333333333334,12,31,6.2,45.58333333333334,4.404186795491144,-10.833333333333371,-1.4468558708959427,-10.833333333333371,-1.4468558708959427,0.2202093397745572,-0.018085698386199285,8.64
2,2,385,220,13,12,390.5238095238095,225.42857142857144,126,31,6.2,27.52380952380952,2.91257243638196,537.5714285714286,73.51404151404151,537.5714285714286,73.51404151404151,0.14562862181909797,0.9189255189255189,24.0
3,3,600,652,4,108,601.3141361256545,708.1256544502618,382,31,6.2,18.3141361256545,1.9177105890737696,51.87434554973822,7.130494233640992,51.87434554973822,7.130494233640992,0.09588552945368849,0.08913117792051241,12.0
4,4,929,185,24,13,940.6035242290749,190.5770925110132,227,31,6.2,134.60352422907488,14.71076767530873,566.4229074889868,77.19562623359275,566.4229074889868,77.19562623359275,0.7355383837654365,0.9649453279199093,23.0
4,4,829,214,10,21,833.8590604026846,224.30872483221475,149,31,6.2,27.859060402684577,3.0447060549382052,532.6912751677853,72.59847021026036,532.6912751677853,72.59847021026036,0.15223530274691024,0.9074808776282544,23.0
4,4,948,491,12,20,953.6685714285715,500.74857142857144,175,31,6.2,147.66857142857145,16.138641686182673,256.25142857142856,34.92353370649793,256.25142857142856,34.92353370649793,0.8069320843091337,0.43654417133122414,23.0
1,1,146,242,4,6,147.47058823529412,244.1764705882353,17,32,6.4,17.470588235294116,1.6879795396419435,521.8235294117646,69.69262496317391,521.8235294117646,69.69262496317391,0.08439897698209718,0.8711578120396739,8.64
1,1,147,270,6,36,149.19444444444446,288.00694444444446,144,32,6.4,19.194444444444457,1.8545356951154064,477.99305555555554,63.8388054164348,477.99305555555554,63.8388054164348,0.09272678475577033,0.797985067705435,8.64
1,1,149,321,10,49,152.09615384615384,350.0576923076923,208,32,6.4,22.09615384615384,2.13489409141583,415.9423076923077,55.551560292795685,415.9423076923077,55.551560292795685,0.1067447045707915,0.694394503659946,8.64
1,1,151,370,7,15,152.84313725490196,374.9607843137255,51,32,6.4,22.84313725490196,2.207066401439803,391.0392156862745,52.22560476611345,391.0392156862745,52.22560476611345,0.11035332007199015,0.6528200595764182,8.64
1,1,151,385,6,31,152.83846153846153,398.7846153846154,130,32,6.4,22.83846153846153,2.206614641397249,367.2153846153846,49.0437909336073,367.2153846153846,49.0437909336073,0.11033073206986246,0.6130473866700912,8.64
1,1,163,321,8,12,167.07692307692307,326.1730769230769,52,32,6.4,37.076923076923066,3.582311408398364,439.8269230769231,58.74149223064081,439.8269230769231,58.74149223064081,0.17911557041991819,0.7342686528830101,8.64
1,1,160,329,3,7,161.05555555555554,331.55555555555554,18,32,6.4,31.055555555555543,3.0005367686527094,434.44444444444446,58.02263030977555,434.44444444444446,58.02263030977555,0.15002683843263548,0.7252828788721944,8.64
1,1,166,337,5,7,168.14814814814815,340.03703703703707,27,32,6.4,38.14814814814815,3.6858114152800145,425.96296296296293,56.88987819204848,425.96296296296293,56.88987819204848,0.18429057076400074,0.7111234774006059,8.64
1,1,155,340,5,4,157.0,341.5,16,32,6.4,27.0,2.608695652173913,424.5,56.69449081803005,424.5,56.69449081803005,0.13043478260869565,0.7086811352253757,8.64
1,1,169,363,5,4,171.0,364.5,16,32,6.4,41.0,3.9613526570048307,401.5,53.62270450751252,401.5,53.62270450751252,0.19806763285024154,0.6702838063439065,8.64
1,1,152,421,3,9,153.25,425.1,20,32,6.4,23.25,2.246376811594203,340.9,45.52921535893155,340.9,45.52921535893155,0.11231884057971014,0.5691151919866444,8.64
1,1,152,433,5,16,153.6551724137931,441.7241379310345,29,32,6.4,23.65517241379311,2.28552390471431,324.2758620689655,43.308963214552996,324.2758620689655,43.308963214552996,0.11427619523571551,0.5413620401819124,8.64
1,1,153,450,3,9,154.15,454.3,20,32,6.4,24.150000000000006,2.333333333333334,311.7,41.62938230383973,311.7,41.62938230383973,0.1166666666666667,0.5203672787979966,8.64
1,1,153,462,4,11,154.33333333333334,466.8666666666667,30,32,6.4,24.333333333333343,2.351046698872787,299.1333333333333,39.951029493600444,299.1333333333333,39.951029493600444,0.11755233494363934,0.49938786867000556,8.64
1,1,152,759,8,23,155.83898305084745,771.2203389830509,118,32,6.4,25.838983050847446,2.496520101531154,-5.220338983050851,-0.6972072097563742,-5.220338983050851,-0.6972072097563742,0.12482600507655771,-0.008715090121954677,8.64
1,1,182,774,6,4,184.57894736842104,775.421052631579,19,32,6.4,54.57894736842104,5.273328248156623,-9.42105263157896,-1.2582374132325822,-9.42105263157896,-1.2582374132325822,0.2636664124078311,-0.015727967665407277,8.64
2,2,386,220,13,13,391.4580152671756,225.82442748091603,131,32,6.4,28.458015267175597,3.0114301870027087,537.175572519084,73.45990735303712,537.175572519084,73.45990735303712,0.15057150935013544,0.9182488419129641,22.0
3,3,600,625,4,136,601.1565420560747,699.268691588785,428,32,6.4,18.156542056074727,1.9012085922591337,60.73130841121497,8.347946173362882,60.73130841121497,8.347946173362882,0.09506042961295669,0.10434932716703603,12.0
4,4,929,185,24,13,940.563063063063,190.67567567567568,222,32,6.4,134.56306306306305,14.706345689952247,566.3243243243244,77.18219070859617,566.3243243243244,77.18219070859617,0.7353172844976124,0.964777383857452,24.0
4,4,830,215,9,20,834.0425531914893,224.74468085106383,141,32,6.4,28.042553191489333,3.0647599116381783,532.2553191489362,72.53905542063866,532.2553191489362,72.53905542063866,0.15323799558190893,0.9067381927579834,24.0
4,4,949,493,10,19,953.30625,502.40625,160,32,6.4,147.30624999999998,16.099043715846992,254.59375,34.69761499148211,254.59375,34.69761499148211,0.8049521857923496,0.4337201873935264,24.0
1,1,154,774,5,8,155.88,778.12,25,33,6.6,25.879999999999995,2.500483091787439,-12.120000000000005,-1.6186978297161942,-12.120000000000005,-1.6186978297161942,0.12502415458937197,-0.020233722871452427,12.0
2,2,386,220,13,13,391.67910447761193,225.96268656716418,134,33,6.6,28.67910447761193,3.034825870646765,537.0373134328358,73.44100012756729,537.0373134328358,73.44100012756729,0.15174129353233826,0.9180125015945911,22.0
3,3,600,654,4,106,601.3010752688172,708.9758064516129,372,33,6.6,18.301075268817158,1.9163429600855664,51.024193548387075,7.013634852011969,51.024193548387075,7.013634852011969,0.09581714800427832,0.08767043565014962,12.0
4,4,929,185,24,13,940.542600896861,190.8251121076233,223,33,6.6,134.54260089686102,14.704109387635084,566.1748878923767,77.1618245849917,566.1748878923767,77.1618245849917,0.7352054693817542,0.9645228073123964,24.0
4,4,830,215,9,20,834.0142857142857,224.7,140,33,6.6,28.014285714285734,3.0616705698672932,532.3,72.54514480408858,532.3,72.54514480408858,0.15308352849336468,0.9068143100511072,24.0
4,4,948,494,11,19,953.0864197530864,503.1975308641975,162,33,6.6,147.08641975308637,16.075018552249876,253.80246913580248,34.589774328559116,253.80246913580248,34.589774328559116,0.8037509276124939,0.4323721791069889,24.0
1,1,146,232,4,9,147.43333333333334,235.53333333333333,30,34,6.8,17.433333333333337,1.6843800322061195,530.4666666666667,70.84696716750139,530.4666666666667,70.84696716750139,0.08421900161030597,0.8855870895937674,8.64
1,1,146,242,4,7,147.4736842105263,244.5263157894737,19,34,6.8,17.4736842105263,1.6882786676837005,521.4736842105262,69.64590106317546,521.4736842105262,69.64590106317546,0.08441393338418503,0.8705737632896933,8.64
1,1,147,270,6,27,149.26241134751774,282.40425531914894,141,34,6.8,19.26241134751774,1.861102545653888,483.59574468085106,64.58707775370297,483.59574468085106,64.58707775370297,0.0930551272826944,0.8073384719212873,8.64
1,1,148,299,4,10,149.28571428571428,303.92857142857144,28,34,6.8,19.285714285714278,1.86335403726708,462.07142857142856,61.712377772477936,462.07142857142856,61.712377772477936,0.093167701863354,0.7714047221559742,8.64
1,1,165,301,4,4,166.5,302.5,12,34,6.8,36.5,3.526570048309179,463.5,61.90317195325542,463.5,61.90317195325542,0.17632850241545894,0.7737896494156928,8.64
1,1,149,320,9,53,152.04072398190044,351.1628959276018,221,34,6.8,22.04072398190044,2.129538548975888,414.8371040723982,55.403953799318614,414.8371040723982,55.403953799318614,0.1064769274487944,0.6925494224914828,8.64
1,1,151,373,7,14,152.725,377.625,40,34,6.8,22.724999999999994,2.195652173913043,388.375,51.869782971619365,388.375,51.869782971619365,0.10978260869565215,0.6483722871452421,8.64
1,1,150,387,7,29,152.72164948453607,399.41237113402065,97,34,6.8,22.721649484536073,2.195328452612181,366.58762886597935,48.959950432852,366.58762886597935,48.959950432852,0.10976642263060905,0.61199938041065,8.64
1,1,163,321,8,12,167.0,326.41379310344826,58,34,6.8,37.0,3.57487922705314,439.58620689655174,58.70934315813712,439.58620689655174,58.70934315813712,0.178743961352657,0.7338667894767141,8.64
1,1,160,329,3,8,161.1,331.95,20,34,6.8,31.099999999999994,3.0048309178743957,434.05,57.96994991652755,434.05,57.96994991652755,0.15024154589371977,0.7246243739565943,8.64
1,1,165,336,5,8,167.13333333333333,339.56666666666666,30,34,6.8,37.133333333333326,3.5877616747181955,426.43333333333334,56.95269894268225,426.43333333333334,56.95269894268225,0.17938808373590978,0.7119087367835281,8.64
1,1,167,363,7,10,169.7906976744186,366.5813953488372,43,34,6.8,39.790697674418595,3.8445118526008306,399.4186046511628,53.344721823193694,399.4186046511628,53.344721823193694,0.19222559263004152,0.6668090227899213,8.64
1,1,152,432,5,48,153.98275862068965,457.0431034482759,116,34,6.8,23.98275862068965,2.3171747459603527,308.9568965517241,41.26302458119855,308.9568965517241,41.26302458119855,0.11585873729801764,0.5157878072649819,8.64
1,1,154,482,3,14,154.79310344827587,489.2758620689655,29,34,6.8,24.793103448275872,2.395468932200567,276.7241379310345,36.95814863853549,276.7241379310345,36.95814863853549,0.11977344661002837,0.46197685798169363,8.64
1,1,152,758,9,24,155.94244604316546,770.8489208633093,139,34,6.8,25.94244604316546,2.5065165259097064,-4.848920863309331,-0.6476021186389758,-4.848920863309331,-0.6476021186389758,0.12532582629548533,-0.008095026482987197,8.64
1,1,182,774,10,5,186.16129032258064,775.9354838709677,31,34,6.8,56.16129032258064,5.42621162537011,-9.935483870967687,-1.3269427540524457,-9.935483870967687,-1.3269427540524457,0.2713105812685055,-0.01658678442565557,8.64
2,2,386,221,13,12,391.8292682926829,226.1951219512195,123,34,6.8,28.82926829268291,3.050716221447927,536.8048780487804,73.40921409214091,536.8048780487804,73.40921409214091,0.15253581107239636,0.9176151761517615,23.0
3,3,600,629,4,132,601.1714285714286,701.2238095238096,420,34,6.8,18.171428571428578,1.9027673896783852,58.776190476190436,8.079201440026177,58.776190476190436,8.079201440026177,0.09513836948391925,0.10099001800032721,12.0
4,4,930,185,23,13,940.6175115207374,190.84331797235023,217,34,6.8,134.61751152073737,14.712296341064192,566.1566820276498,77.15934337685177,566.1566820276498,77.15934337685177,0.7356148170532096,0.9644917922106471,24.0
4,4,830,215,9,20,834.056338028169,224.6830985915493,142,34,6.8,28.056338028168966,3.0662664511660074,532.3169014084507,72.54744823283825,532.3169014084507,72.54744823283825,0.15331332255830035,0.9068431029104782,24.0
4,4,948,496,11,19,953.1096774193549,504.8258064516129,155,34,6.8,147.10967741935485,16.077560373699985,252.1741935483871,34.36786283453317,252.1741935483871,34.36786283453317,0.8038780186849992,0.42959828543166456,24.0
1,1,146,233,4,8,147.24,236.28,25,35,7.0,17.24000000000001,1.6657004830917883,529.72,70.74724540901504,529.72,70.74724540901504,0.08328502415458941,0.8843405676126879,8.64
1,1,146,242,4,7,147.4736842105263,244.5263157894737,19,35,7.0,17.4736842105263,1.6882786676837005,521.4736842105262,69.64590106317546,521.4736842105262,69.64590106317546,0.08441393338418503,0.8705737632896933,8.64
1,1,147,280,6,17,148.8169014084507,288.07042253521126,71,35,7.0,18.81690140845069,1.818058107096685,477.92957746478874,63.83032754120718,477.92957746478874,63.83032754120718,0.09090290535483425,0.7978790942650897,8.64
1,1,149,310,9,63,151.87295081967213,347.88524590163934,244,35,7.0,21.872950819672127,2.1133285816108334,418.11475409836066,55.84170338542379,418.11475409836066,55.84170338542379,0.10566642908054168,0.6980212923177974,8.64
1,1,151,373,7,14,152.725,377.625,40,35,7.0,22.724999999999994,2.195652173913043,388.375,51.869782971619365,388.375,51.869782971619365,0.10978260869565215,0.6483722871452421,8.64
1,1,150,387,8,25,153.11764705882354,399.4453781512605,119,35,7.0,23.117647058823536,2.233589087809037,366.5546218487395,48.95554215008207,366.5546218487395,48.95554215008207,0.11167945439045186,0.6119442768760258,8.64
1,1,152,410,5,9,153.75,414.0357142857143,28,35,7.0,23.75,2.2946859903381642,351.9642857142857,47.00691628905319,351.9642857142857,47.00691628905319,0.11473429951690821,0.5875864536131649,8.64
1,1,169,309,4,8,170.8095238095238,312.42857142857144,21,35,7.0,40.809523809523796,3.942949160340463,453.57142857142856,60.57715239685189,453.57142857142856,60.57715239685189,0.19714745801702316,0.7572144049606486,8.64
1,1,160,321,12,16,165.84466019417476,328.0776699029126,103,35,7.0,35.844660194174764,3.4632521926738904,437.9223300970874,58.48712255052921,437.9223300970874,58.48712255052921,0.1731626096336945,0.731089031881615,8.64
1,1,165,336,5,8,167.19354838709677,339.4516129032258,31,35,7.0,37.19354838709677,3.5935795543088664,426.5483870967742,56.968065054661004,426.5483870967742,56.968065054661004,0.17967897771544333,0.7121008131832625,8.64
1,1,167,363,7,10,169.7906976744186,366.5813953488372,43,35,7.0,39.790697674418595,3.8445118526008306,399.4186046511628,53.344721823193694,399.4186046511628,53.344721823193694,0.19222559263004152,0.6668090227899213,8.64
1,1,152,428,7,31,153.66666666666666,446.7037037037037,54,35,7.0,23.666666666666657,2.286634460547503,319.2962962962963,42.64391269399617,319.2962962962963,42.64391269399617,0.11433172302737515,0.5330489086749521,8.64
1,1,153,459,4,21,154.31372549019608,468.078431372549,51,35,7.0,24.313725490196077,2.3491522212749834,297.921568627451,39.78919113555272,297.921568627451,39.78919113555272,0.11745761106374916,0.497364889194409,8.64
1,1,154,482,3,15,154.75862068965517,489.3448275862069,29,35,7.0,24.758620689655174,2.392137264700983,276.6551724137931,36.94893788498071,276.6551724137931,36.94893788498071,0.11960686323504915,0.4618617235622589,8.64
1,1,156,627,4,5,157.23076923076923,628.8461538461538,13,35,7.0,27.230769230769226,2.6309921962095872,137.1538461538462,18.31770900218313,137.1538461538462,18.31770900218313,0.13154960981047936,0.22897136252728914,8.64
1,1,152,758,9,24,155.99290780141843,770.8581560283687,141,35,7.0,25.992907801418426,2.5113920581080604,-4.8581560283687395,-0.648835529665274,-4.8581560283687395,-0.648835529665274,0.12556960290540303,-0.008110444120815926,8.64
1,1,181,774,8,5,184.29411764705884,775.9705882352941,34,35,7.0,54.29411764705884,5.245808468314864,-9.970588235294144,-1.3316311499558122,-9.970588235294144,-1.3316311499558122,0.2622904234157432,-0.016645389374447653,8.64
2,2,386,221,13,12,391.8606557377049,226.15573770491804,122,35,7.0,28.860655737704917,3.0540376442015784,536.844262295082,73.41459997197703,536.844262295082,73.41459997197703,0.15270188221007894,0.9176824996497128,23.0
3,3,600,629,4,132,601.2134570765661,700.8839907192576,431,35,7.0,18.2134570765661,1.9071682802687018,59.116009280742446,8.125911928624392,59.116009280742446,8.125911928624392,0.09535841401343509,0.10157389910780489,12.0
4,4,929,185,24,13,940.4863636363636,190.98636363636365,220,35,7.0,134.48636363636365,14.697963238946846,566.0136363636364,77.13984822673068,566.0136363636364,77.13984822673068,0.7348981619473424,0.9642481028341334,24.0
4,4,830,215,9,20,834.056338028169,224.6830985915493,142,35,7.0,28.056338028168966,3.0662664511660074,532.3169014084507,72.54744823283825,532.3169014084507,72.54744823283825,0.15331332255830035,0.9068431029104782,24.0
4,4,948,497,12,19,953.1572327044025,505.8867924528302,159,35,7.0,147.15723270440253,16.0827576726123,251.1132075471698,34.22326508308958,251.1132075471698,34.22326508308958,0.8041378836306149,0.42779081353861975,24.0
1,1,146,265,8,43,149.22935779816513,283.89908256880733,218,36,7.2,19.229357798165125,1.8579089660062924,482.10091743119267,64.38743471535128,482.10091743119267,64.38743471535128,0.09289544830031461,0.8048429339418909,8.64
1,1,148,310,9,26,150.80434782608697,323.27173913043475,92,36,7.2,20.804347826086968,2.0100819155639584,442.72826086956525,59.12898308775495,442.72826086956525,59.12898308775495,0.10050409577819791,0.739112288596937,8.64
1,1,149,336,9,9,152.11627906976744,341.34883720930236,43,36,7.2,22.116279069767444,2.1368385574654534,424.65116279069764,56.71467950460068,424.65116279069764,56.71467950460068,0.10684192787327268,0.7089334938075086,8.64
1,1,155,344,7,8,158.02941176470588,348.1764705882353,34,36,7.2,28.029411764705884,2.7081557260585396,417.8235294117647,55.80280860257291,417.8235294117647,55.80280860257291,0.13540778630292696,0.6975351075321614,8.64
1,1,161,348,7,11,164.8421052631579,351.7894736842105,38,36,7.2,34.84210526315789,3.366386981947622,414.2105263157895,55.32027062648274,414.2105263157895,55.32027062648274,0.1683193490973811,0.6915033828310342,8.64
1,1,168,328,3,5,168.6,329.8,10,36,7.2,38.599999999999994,3.7294685990338157,436.2,58.257095158597664,436.2,58.257095158597664,0.1864734299516908,0.7282136894824708,8.64
1,1,168,361,5,8,169.58620689655172,364.7241379310345,29,36,7.2,39.586206896551715,3.8247542895219047,401.2758620689655,53.5927695584595,401.2758620689655,53.5927695584595,0.19123771447609525,0.6699096194807438,8.64
1,1,152,433,5,54,153.94193548387096,459.6645161290323,155,36,7.2,23.941935483870964,2.3132304815334264,306.3354838709677,40.912919381765306,306.3354838709677,40.912919381765306,0.11566152407667132,0.5114114922720663,8.64
1,1,154,487,3,18,154.69230769230768,496.20512820512823,39,36,7.2,24.69230769230768,2.385730211817167,269.79487179487177,36.03270407944865,269.79487179487177,36.03270407944865,0.11928651059085835,0.45040880099310815,8.64
1,1,157,723,4,9,158.37037037037038,726.6666666666666,27,36,7.2,28.37037037037038,2.7410985865092155,39.33333333333337,5.2531997774067944,39.33333333333337,5.2531997774067944,0.1370549293254608,0.06566499721758493,8.64
1,1,152,763,9,19,155.93525179856115,772.9496402877697,139,36,7.2,25.935251798561154,2.5058214298126718,-6.949640287769739,-0.928165647782269,-6.949640287769739,-0.928165647782269,0.1252910714906336,-0.011602070597278363,8.64
2,2,387,221,13,15,392.7911392405063,227.7721518987342,158,36,7.2,29.79113924050631,3.152501506931885,535.2278481012659,73.19355187709618,535.2278481012659,73.19355187709618,0.15762507534659423,0.9149193984637023,27.0
3,3,600,634,4,127,601.1975903614458,702.1614457831325,415,36,7.2,18.197590361445805,1.9055068441304508,57.838554216867465,7.950316730840888,57.838554216867465,7.950316730840888,0.09527534220652253,0.0993789591355111,12.0
4,4,929,185,24,13,940.4511627906977,190.9581395348837,215,36,7.2,134.4511627906977,14.69411615198882,566.0418604651163,77.14369478229865,566.0418604651163,77.14369478229865,0.734705807599441,0.964296184778733,24.0
4,4,829,215,10,21,833.8918918918919,224.86486486486487,148,36,7.2,27.891891891891873,3.0482941958351772,532.1351351351351,72.52267599797412,532.1351351351351,72.52267599797412,0.15241470979175886,0.9065334499746764,24.0
4,4,947,499,13,18,952.8765432098766,507.358024691358,162,36,7.2,146.87654320987656,16.05208122512312,249.64197530864197,34.02275643047932,249.64197530864197,34.02275643047932,0.802604061256156,0.42528445538099147,24.0
1,1,147,217,5,3,148.58333333333334,218.08333333333334,12,37,7.4,18.583333333333343,1.7954911433172311,547.9166666666666,73.17751808569838,547.9166666666666,73.17751808569838,0.08977455716586157,0.9147189760712298,8.64
1,1,146,266,8,43,149.15686274509804,283.7549019607843,204,37,7.4,19.15686274509804,1.8509046130529505,482.2450980392157,64.40669089004551,482.2450980392157,64.40669089004551,0.09254523065264753,0.8050836361255688,8.64
1,1,149,312,20,51,155.0,343.0265957446809,376,37,7.4,25.0,2.4154589371980677,422.9734042553191,56.4906049088907,422.9734042553191,56.4906049088907,0.12077294685990338,0.7061325613611338,8.64
1,1,150,363,10,62,153.66666666666666,391.07246376811594,414,37,7.4,23.666666666666657,2.286634460547503,374.92753623188406,50.07379448839854,374.92753623188406,50.07379448839854,0.11433172302737515,0.6259224311049817,8.64
1,1,168,323,5,11,170.16666666666666,327.83333333333337,42,37,7.4,40.16666666666666,3.8808373590982277,438.16666666666663,58.519755147468,438.16666666666663,58.519755147468,0.19404186795491138,0.7314969393433499,8.64
1,1,165,341,4,4,166.6153846153846,342.38461538461536,13,37,7.4,36.61538461538461,3.537718320327016,423.61538461538464,56.57634519070246,423.61538461538464,56.57634519070246,0.17688591601635079,0.7072043148837807,8.64
1,1,168,361,6,8,170.1578947368421,364.6578947368421,38,37,7.4,40.15789473684211,3.8799898296465805,401.3421052631579,53.601616729637115,401.3421052631579,53.601616729637115,0.19399949148232903,0.670020209120464,8.64
1,1,152,433,5,56,153.90740740740742,460.8333333333333,162,37,7.4,23.90740740740742,2.3098944354983013,305.1666666666667,40.75681691708403,305.1666666666667,40.75681691708403,0.11549472177491507,0.5094602114635504,8.64
1,1,154,489,3,16,154.71428571428572,497.14285714285717,35,37,7.4,24.714285714285722,2.387853692201519,268.85714285714283,35.907464822322915,268.85714285714283,35.907464822322915,0.11939268461007595,0.44884331027903646,8.64
1,1,157,725,3,6,158.14285714285714,727.2142857142857,14,37,7.4,28.14285714285714,2.71911663216011,38.785714285714334,5.180062008108759,38.785714285714334,5.180062008108759,0.1359558316080055,0.06475077510135949,8.64
1,1,152,762,9,20,155.97945205479454,772.2808219178082,146,37,7.4,25.979452054794535,2.5100919859704867,-6.280821917808225,-0.8388409906922505,-6.280821917808225,-0.8388409906922505,0.12550459929852434,-0.01048551238365313,8.64
1,1,188,774,9,8,190.875,778.25,40,37,7.4,60.875,5.881642512077295,-12.25,-1.6360601001669448,-12.25,-1.6360601001669448,0.2940821256038647,-0.020450751252086813,8.64
2,2,385,221,15,18,391.6740331491713,228.9281767955801,181,37,7.4,28.674033149171294,3.0342892221345283,534.0718232044198,73.03546300231383,534.0718232044198,73.03546300231383,0.15171446110672643,0.9129432875289228,30.0
3,3,600,633,4,128,601.2071428571429,701.8642857142858,420,37,7.4,18.207142857142912,1.906507105459991,58.13571428571424,7.991163475699552,58.13571428571424,7.991163475699552,0.09532535527299954,0.0998895434462444,12.0
4,4,929,185,24,13,940.5,191.08796296296296,216,37,7.4,134.5,14.699453551912569,565.9120370370371,77.12600164048204,565.9120370370371,77.12600164048204,0.7349726775956285,0.9640750205060257,24.0
4,4,829,215,10,20,834.0138888888889,224.77083333333334,144,37,7.4,28.013888888888914,3.0616272009714662,532.2291666666666,72.53549119818284,532.2291666666666,72.53549119818284,0.1530813600485733,0.9066936399772856,24.0
4,4,947,501,13,17,952.8066666666666,508.82,150,37,7.4,146.80666666666662,16.044444444444437,248.18,33.82350936967632,248.18,33.82350936967632,0.802222222222222,0.422793867120954,24.0
1,1,146,240,6,8,147.76666666666668,242.76666666666665,30,38,7.6,17.76666666666668,1.7165861513687612,523.2333333333333,69.88091263216472,523.2333333333333,69.88091263216472,0.08582930756843807,0.8735114079020591,8.64
1,1,148,267,5,8,149.86666666666667,270.4666666666667,30,38,7.6,19.866666666666674,1.9194847020933985,495.5333333333333,66.18141346688925,495.5333333333333,66.18141346688925,0.09597423510466993,0.8272676683361156,8.64
1,1,147,275,6,23,149.09459459459458,283.56756756756755,74,38,7.6,19.094594594594582,1.8448883666274958,482.43243243243245,64.43171050850516,482.43243243243245,64.43171050850516,0.0922444183313748,0.8053963813563146,8.64
1,1,149,311,11,39,152.36309523809524,331.3154761904762,168,38,7.6,22.36309523809524,2.1606855302507477,434.6845238095238,58.05469433182287,434.6845238095238,58.05469433182287,0.1080342765125374,0.725683679147786,8.64
1,1,150,347,18,63,154.46610169491527,374.7372881355932,472,38,7.6,24.466101694915267,2.3638745598951947,391.2627118644068,52.25545400526301,391.2627118644068,52.25545400526301,0.11819372799475975,0.6531931750657877,8.64
1,1,169,324,4,9,170.60714285714286,328.25,28,38,7.6,40.60714285714286,3.923395445134576,437.75,58.46410684474124,437.75,58.46410684474124,0.1961697722567288,0.7308013355592654,8.64
1,1,167,363,4,6,168.57894736842104,365.57894736842104,19,38,7.6,38.57894736842104,3.727434528349859,400.42105263157896,53.47860469203058,400.42105263157896,53.47860469203058,0.18637172641749294,0.6684825586503822,8.64
1,1,151,432,7,66,154.006600660066,463.6237623762376,303,38,7.6,24.006600660066,2.319478324644058,302.3762376237624,40.38413858080299,302.3762376237624,40.38413858080299,0.11597391623220289,0.5048017322600373,8.64
1,1,152,763,9,19,156.17605633802816,772.9295774647887,142,38,7.6,26.17605633802816,2.52908756889161,-6.929577464788736,-0.925486138869948,-6.929577464788736,-0.925486138869948,0.1264543784445805,-0.01156857673587435,8.64
1,1,183,778,14,4,189.81578947368422,779.8421052631579,38,38,7.6,59.81578947368422,5.7793033307907455,-13.842105263157919,-1.8486951937439624,-13.842105263157919,-1.8486951937439624,0.2889651665395373,-0.02310868992179953,8.64
2,2,385,221,15,18,391.7055555555556,228.9,180,38,7.6,28.705555555555577,3.0376249265138178,534.1,73.03931623931624,534.1,73.03931623931624,0.1518812463256909,0.912991452991453,30.0
3,3,600,656,4,102,601.2937853107345,709.042372881356,354,38,7.6,18.293785310734506,1.9155796136894772,50.95762711864404,7.004484827305022,50.95762711864404,7.004484827305022,0.09577898068447385,0.08755606034131279,12.0
4,4,930,185,23,13,940.4930232558139,191.24651162790698,215,38,7.6,134.4930232558139,14.69869106620917,565.753488372093,77.10439364525969,565.753488372093,77.10439364525969,0.7349345533104585,0.9638049205657462,24.0
4,4,829,215,10,21,834.0758620689655,224.87586206896552,145,38,7.6,28.075862068965534,3.068400226116452,532.1241379310345,72.52117723080538,532.1241379310345,72.52117723080538,0.15342001130582258,0.9065147153850673,24.0
4,4,947,502,14,17,953.204081632653,510.13605442176873,147,38,7.6,147.20408163265301,16.087877774060438,246.86394557823127,33.64414931219506,246.86394557823127,33.64414931219506,0.804393888703022,0.4205518664024383,24.0
1,1,147,244,3,5,147.72727272727272,245.54545454545456,11,39,7.8,17.72727272727272,1.7127799736495382,520.4545454545455,69.5097890423433,520.4545454545455,69.5097890423433,0.0856389986824769,0.8688723630292913,8.64
1,1,148,263,5,6,149.8,265.32,25,39,7.8,19.80000000000001,1.9130434782608707,500.68,66.86878130217029,500.68,66.86878130217029,0.09565217391304354,0.8358597662771285,8.64
1,1,149,311,11,39,152.46285714285713,331.2742857142857,175,39,7.8,22.462857142857132,2.1703243616287082,434.7257142857143,58.0601955640353,434.7257142857143,58.0601955640353,0.10851621808143543,0.7257524445504412,8.64
1,1,150,347,12,55,153.55913978494624,372.5295698924731,372,39,7.8,23.55913978494624,2.276245389849878,393.4704301075269,52.55030786077154,393.4704301075269,52.55030786077154,0.11381226949249391,0.6568788482596443,8.64
1,1,161,348,7,11,164.8421052631579,351.7894736842105,38,39,7.8,34.84210526315789,3.366386981947622,414.2105263157895,55.32027062648274,414.2105263157895,55.32027062648274,0.1683193490973811,0.6915033828310342,8.64
1,1,151,400,6,13,153.51785714285714,406.3571428571429,56,39,7.8,23.51785714285714,2.2722567287784674,359.6428571428571,48.032435010732165,359.6428571428571,48.032435010732165,0.11361283643892338,0.6004054376341521,8.64
1,1,169,305,5,5,170.68421052631578,306.8421052631579,19,39,7.8,40.68421052631578,3.930841596745486,459.1578947368421,61.32325806168175,459.1578947368421,61.32325806168175,0.1965420798372743,0.7665407257710218,8.64
1,1,168,313,7,5,170.41176470588235,314.88235294117646,17,39,7.8,40.41176470588235,3.904518329070758,451.11764705882354,60.2494353333988,451.11764705882354,60.2494353333988,0.1952259164535379,0.753117941667485,8.64
1,1,165,328,7,6,167.66666666666666,330.1212121212121,33,39,7.8,37.66666666666666,3.639291465378421,435.8787878787879,58.21419537613194,435.8787878787879,58.21419537613194,0.18196457326892104,0.7276774422016492,8.64
1,1,168,362,5,7,169.73913043478262,365.1304347826087,23,39,7.8,39.73913043478262,3.839529510607017,400.8695652173913,53.538506205995496,400.8695652173913,53.538506205995496,0.19197647553035083,0.6692313275749437,8.64
1,1,153,503,4,9,154.7037037037037,506.3703703703704,27,39,7.8,24.703703703703695,2.386831275720164,259.6296296296296,34.67507574352315,259.6296296296296,34.67507574352315,0.11934156378600819,0.4334384467940394,8.64
1,1,152,764,9,18,155.9923076923077,773.3384615384615,130,39,7.8,25.99230769230769,2.5113340765514676,-7.338461538461502,-0.9800950301784978,-7.338461538461502,-0.9800950301784978,0.12556670382757337,-0.012251187877231222,8.64
1,1,177,778,16,4,185.9090909090909,780.0909090909091,33,39,7.8,55.90909090909091,5.4018445322793145,-14.090909090909122,-1.881924419487028,-14.090909090909122,-1.881924419487028,0.27009222661396576,-0.02352405524358785,8.64
2,2,385,219,15,18,391.6629213483146,226.90449438202248,178,39,7.8,28.662921348314626,3.033113370192024,536.0955056179776,73.31220589647556,536.0955056179776,73.31220589647556,0.1516556685096012,0.9164025737059446,30.0
3,3,600,634,4,127,601.2173913043479,703.243961352657,414,39,7.8,18.21739130434787,1.9075802412929708,56.75603864734296,7.801517339840957,56.75603864734296,7.801517339840957,0.09537901206464854,0.09751896674801196,12.0
4,4,930,185,23,13,940.5117370892019,191.28638497652582,213,39,7.8,134.51173708920192,14.70073629390185,565.7136150234742,77.09895945805441,565.7136150234742,77.09895945805441,0.7350368146950924,0.9637369932256801,24.0
4,4,830,215,9,21,834.2112676056338,224.76760563380282,142,39,7.8,28.211267605633793,3.083198645424458,532.2323943661972,72.53593108908991,532.2323943661972,72.53593108908991,0.1541599322712229,0.906699138613624,24.0
4,4,947,503,14,17,953.3355704697987,510.93959731543623,149,39,7.8,147.33557046979865,16.10224813877581,246.06040268456377,33.534637503858775,246.06040268456377,33.534637503858775,0.8051124069387905,0.4191829687982347,24.0
1,1,147,244,3,5,147.72727272727272,245.54545454545456,11,40,8.0,17.72727272727272,1.7127799736495382,520.4545454545455,69.5097890423433,520.4545454545455,69.5097890423433,0.0856389986824769,0.8688723630292913,8.64
1,1,149,311,11,28,151.89090909090908,324.44545454545454,110,40,8.0,21.890909090909076,2.1150636802810703,441.55454545454546,58.972226438002735,441.55454545454546,58.972226438002735,0.10575318401405351,0.7371528304750342,8.64
1,1,150,339,7,9,152.33333333333334,342.51282051282055,39,40,8.0,22.333333333333343,2.157809983896941,423.48717948717945,56.559222636017296,423.48717948717945,56.559222636017296,0.10789049919484707,0.7069902829502162,8.64
1,1,150,345,17,17,156.19379844961242,351.8449612403101,129,40,8.0,26.193798449612416,2.530801782571248,414.1550387596899,55.312859934516176,414.1550387596899,55.312859934516176,0.1265400891285624,0.6914107491814522,8.64
1,1,150,363,10,48,153.35664335664336,385.42657342657344,286,40,8.0,23.35664335664336,2.256680517550083,380.57342657342656,50.827836604130425,380.57342657342656,50.827836604130425,0.11283402587750416,0.6353479575516303,8.64
1,1,162,321,9,12,166.28985507246378,326.95652173913044,69,40,8.0,36.28985507246378,3.5062661905762105,439.04347826086956,58.636858532336504,439.04347826086956,58.636858532336504,0.17531330952881052,0.7329607316542063,8.64
1,1,167,363,5,11,168.89583333333334,368.4375,48,40,8.0,38.89583333333334,3.758051529790661,397.5625,53.09682804674458,397.5625,53.09682804674458,0.18790257648953307,0.6637103505843072,8.64
1,1,151,439,7,34,153.91975308641975,455.0246913580247,162,40,8.0,23.919753086419746,2.3110872547265453,310.9753086419753,41.53259547806014,310.9753086419753,41.53259547806014,0.11555436273632727,0.5191574434757518,8.64
1,1,153,482,5,15,154.66,488.6,50,40,8.0,24.659999999999997,2.3826086956521735,277.4,37.04841402337229,277.4,37.04841402337229,0.11913043478260868,0.46310517529215356,8.64
1,1,153,502,4,10,154.73333333333335,505.8333333333333,30,40,8.0,24.73333333333335,2.389694041867956,260.1666666666667,34.746800222593215,260.1666666666667,34.746800222593215,0.11948470209339782,0.43433500278241516,8.64
1,1,152,763,9,19,155.93939393939394,772.9848484848485,132,40,8.0,25.939393939393938,2.506221636656419,-6.984848484848499,-0.932867911165075,-6.984848484848499,-0.932867911165075,0.12531108183282094,-0.011660848889563437,8.64
2,2,385,219,15,17,391.7303370786517,226.78089887640448,178,40,8.0,28.7303370786517,3.040247309910233,536.2191011235955,73.32910784596177,536.2191011235955,73.32910784596177,0.15201236549551164,0.9166138480745222,30.0
3,3,600,657,4,103,601.1994134897361,710.4545454545455,341,40,8.0,18.199413489736116,1.9056977476163472,49.545454545454504,6.810371758825362,49.545454545454504,6.810371758825362,0.09528488738081736,0.08512964698531701,12.0
4,4,930,185,23,13,940.5586854460093,191.26291079812205,213,40,8.0,134.55868544600935,14.705867261858945,565.737089201878,77.10215866465117,565.737089201878,77.10215866465117,0.7352933630929472,0.9637769833081397,24.0
4,4,830,215,9,20,834.1459854014598,224.85401459854015,137,40,8.0,28.145985401459825,3.07606397830162,532.1459854014598,72.52415473955159,532.1459854014598,72.52415473955159,0.153803198915081,0.906551934244395,24.0
4,4,947,505,15,15,953.7588652482269,512.1843971631206,141,40,8.0,147.75886524822693,16.1485098631942,244.8156028368794,33.36498846158493,244.8156028368794,33.36498846158493,0.80742549315971,0.4170623557698116,24.0
1,1,146,241,7,15,148.5977011494253,247.48275862068965,87,41,8.2,18.59770114942529,1.7968793381087238,518.5172413793103,69.25105060157733,518.5172413793103,69.25105060157733,0.08984396690543618,0.8656381325197168,8.64
1,1,146,275,9,33,149.1509433962264,289.8805031446541,159,41,8.2,19.15094339622641,1.8503326952875758,476.1194968553459,63.58858054829328,476.1194968553459,63.58858054829328,0.0925166347643788,0.7948572568536659,8.64
1,1,149,311,11,26,152.20388349514562,324.20388349514565,103,41,8.2,22.203883495145618,2.145302753154166,441.79611650485435,59.00448968345301,441.79611650485435,59.00448968345301,0.1072651376577083,0.7375561210431625,8.64
1,1,150,337,7,13,152.52307692307693,342.5846153846154,65,41,8.2,22.52307692307693,2.176142697881829,423.4153846153846,56.5496340053936,423.4153846153846,56.5496340053936,0.10880713489409144,0.70687042506742,8.64
1,1,150,347,17,15,156.30555555555554,352.72222222222223,108,41,8.2,26.305555555555543,2.5415995705850767,413.27777777777777,55.19569653125579,413.27777777777777,55.19569653125579,0.12707997852925382,0.6899462066406975,8.64
1,1,150,363,10,59,153.27070063694268,387.9490445859873,314,41,8.2,23.270700636942678,2.2483768731345584,378.0509554140127,50.49094563125378,378.0509554140127,50.49094563125378,0.11241884365672791,0.6311368203906723,8.64
1,1,163,322,8,11,166.34848484848484,327.1818181818182,66,41,8.2,36.348484848484844,3.5119309032352506,438.8181818181818,58.60676885718622,438.8181818181818,58.60676885718622,0.17559654516176254,0.7325846107148277,8.64
1,1,166,337,6,7,168.45,339.6,20,41,8.2,38.44999999999999,3.7149758454106268,426.4,56.94824707846411,426.4,56.94824707846411,0.18574879227053134,0.7118530884808013,8.64
1,1,167,363,5,11,168.89583333333334,368.4375,48,41,8.2,38.89583333333334,3.758051529790661,397.5625,53.09682804674458,397.5625,53.09682804674458,0.18790257648953307,0.6637103505843072,8.64
1,1,151,438,7,35,154.01818181818183,454.72121212121215,165,41,8.2,24.01818181818183,2.3205972771190173,311.27878787878785,41.57312692871958,311.27878787878785,41.57312692871958,0.11602986385595088,0.5196640866089948,8.64
1,1,153,484,5,18,154.6153846153846,492.26153846153846,65,41,8.2,24.615384615384613,2.378298030471943,273.73846153846154,36.559393861564146,273.73846153846154,36.559393861564146,0.11891490152359717,0.4569924232695518,8.64
1,1,153,505,4,10,154.78125,509.21875,32,41,8.2,24.78125,2.3943236714975846,256.78125,34.29465776293823,256.78125,34.29465776293823,0.11971618357487923,0.4286832220367279,8.64
1,1,152,764,9,18,155.8512396694215,773.8181818181819,121,41,8.2,25.85123966942149,2.4977043158861343,-7.81818181818187,-1.0441645166186138,-7.81818181818187,-1.0441645166186138,0.12488521579430671,-0.01305205645773267,8.64
1,1,183,779,5,3,184.91666666666666,780.25,12,41,8.2,54.91666666666666,5.305958132045087,-14.25,-1.9031719532554257,-14.25,-1.9031719532554257,0.2652979066022544,-0.02378964941569282,8.64
2,2,385,219,15,17,391.97206703910615,226.7094972067039,179,41,8.2,28.97206703910615,3.0658271999054127,536.2905027932961,73.338872176861,536.2905027932961,73.338872176861,0.15329135999527063,0.9167359022107626,30.0
3,3,600,629,4,132,601.1484184914842,701.8905109489051,411,41,8.2,18.14841849148422,1.9003579572234788,58.1094890510949,7.987558632452907,58.1094890510949,7.987558632452907,0.09501789786117394,0.09984448290566134,12.0
4,4,930,185,23,14,940.6388888888889,191.42592592592592,216,41,8.2,134.6388888888889,14.71463266545234,565.5740740740741,77.07994195217364,565.5740740740741,77.07994195217364,0.735731633272617,0.9634992744021705,24.0
4,4,830,215,9,21,834.1095890410959,224.82876712328766,146,41,8.2,28.109589041095887,3.0720862339995505,532.1712328767123,72.52759562203917,532.1712328767123,72.52759562203917,0.1536043116999775,0.9065949452754894,24.0
4,4,947,506,15,15,953.9148936170213,512.8581560283687,141,41,8.2,147.91489361702133,16.165562143936757,244.14184397163126,33.27316442543527,244.14184397163126,33.27316442543527,0.8082781071968379,0.4159145553179408,24.0
1,1,146,242,6,12,147.9245283018868,247.0,53,42,8.4,17.924528301886795,1.7318384832740865,519.0,69.31552587646077,519.0,69.31552587646077,0.08659192416370433,0.8664440734557596,8.64
1,1,146,272,7,34,149.0251572327044,287.7672955974843,159,42,8.4,19.0251572327044,1.8381794427733722,478.2327044025157,63.870811940235825,478.2327044025157,63.870811940235825,0.09190897213866861,0.7983851492529478,8.64
1,1,149,319,11,31,152.49180327868854,335.327868852459,122,42,8.4,22.491803278688536,2.173121089728361,430.672131147541,57.51881551219246,430.672131147541,57.51881551219246,0.10865605448641805,0.7189851939024057,8.64
1,1,150,347,17,15,156.7982456140351,353.0,114,42,8.4,26.798245614035096,2.5892024747859996,413.0,55.158597662771285,413.0,55.158597662771285,0.1294601237393,0.6894824707846411,8.64
1,1,150,363,10,42,153.43984962406014,382.5601503759399,266,42,8.4,23.439849624060145,2.2647197704405935,383.4398496240601,51.21066439052556,383.4398496240601,51.21066439052556,0.11323598852202968,0.6401333048815695,8.64
1,1,151,406,5,16,152.6590909090909,411.8863636363636,44,42,8.4,22.659090909090907,2.1892841458058845,354.1136363636364,47.293974806495676,354.1136363636364,47.293974806495676,0.10946420729029424,0.591174685081196,8.64
1,1,162,321,9,12,166.28571428571428,326.87142857142857,70,42,8.4,36.28571428571428,3.505866114561766,439.12857142857143,58.648223229191515,439.12857142857143,58.648223229191515,0.1752933057280883,0.7331027903648939,8.64
1,1,164,335,7,8,166.94117647058823,338.3235294117647,34,42,8.4,36.94117647058823,3.5691957942597328,427.6764705882353,57.11872729058235,427.6764705882353,57.11872729058235,0.17845978971298662,0.7139840911322793,8.64
1,1,168,362,5,11,169.93617021276594,367.51063829787233,47,42,8.4,39.936170212765944,3.85856717031555,398.48936170212767,53.22061592015061,398.48936170212767,53.22061592015061,0.1929283585157775,0.6652576990018826,8.64
1,1,151,432,6,19,153.76623376623377,441.35064935064935,77,42,8.4,23.766233766233768,2.2962544701675136,324.64935064935065,43.35884482796002,324.64935064935065,43.35884482796002,0.1148127235083757,0.5419855603495003,8.64
1,1,152,456,5,18,154.14285714285714,464.64285714285717,70,42,8.4,24.14285714285714,2.3326432022084194,301.35714285714283,40.24803243501073,301.35714285714283,40.24803243501073,0.11663216011042096,0.5031004054376341,8.64
1,1,153,484,5,14,154.62,490.42,50,42,8.4,24.620000000000005,2.3787439613526575,275.58,36.805342237061765,275.58,36.805342237061765,0.11893719806763287,0.4600667779632721,8.64
1,1,153,503,4,10,154.72727272727272,507.1212121212121,33,42,8.4,24.72727272727272,2.389108476064997,258.8787878787879,34.57479637780139,258.8787878787879,34.57479637780139,0.11945542380324985,0.43218495472251733,8.64
1,1,152,764,8,18,155.7982456140351,773.4649122807018,114,42,8.4,25.798245614035096,2.492584117298077,-7.46491228070181,-0.996983276220609,-7.46491228070181,-0.996983276220609,0.12462920586490385,-0.012462290952757613,8.64
1,1,183,779,5,3,184.91666666666666,780.25,12,42,8.4,54.91666666666666,5.305958132045087,-14.25,-1.9031719532554257,-14.25,-1.9031719532554257,0.2652979066022544,-0.02378964941569282,8.64
2,2,387,219,13,17,392.94642857142856,226.75,168,42,8.4,29.946428571428555,3.1689342403628102,536.25,73.33333333333333,536.25,73.33333333333333,0.1584467120181405,0.9166666666666666,29.0
3,3,600,626,4,135,601.1428571428571,700.3928571428571,420,42,8.4,18.14285714285711,1.8997756170531006,59.60714285714289,8.193421698576342,59.60714285714289,8.193421698576342,0.09498878085265502,0.10241777123220427,12.0
4,4,929,186,24,13,940.3116279069767,191.54418604651164,215,42,8.4,134.3116279069767,14.67886643792095,565.4558139534884,77.0638247296066,565.4558139534884,77.0638247296066,0.7339433218960475,0.9632978091200823,24.0
4,4,830,215,9,20,834.1608391608391,224.6993006993007,143,42,8.4,28.160839160839146,3.0776873399824205,532.3006993006993,72.54524010912426,532.3006993006993,72.54524010912426,0.153884366999121,0.9068155013640533,24.0
4,4,947,505,14,15,953.6111111111111,512.0347222222222,144,42,8.4,147.6111111111111,16.132361870066784,244.96527777777783,33.38538709066819,244.96527777777783,33.38538709066819,0.8066180935033392,0.41731733863335235,24.0
1,1,146,232,4,9,147.38709677419354,235.64516129032256,31,43,8.6,17.387096774193537,1.6799127318061389,530.3548387096774,70.83203188109215,530.3548387096774,70.83203188109215,0.08399563659030694,0.8854003985136518,8.64
1,1,146,242,7,13,148.265625,248.0,64,43,8.6,18.265625,1.764794685990338,518.0,69.18196994991652,518.0,69.18196994991652,0.08823973429951691,0.8647746243739566,8.64
1,1,146,272,7,36,149.04166666666666,288.7261904761905,168,43,8.6,19.041666666666657,1.8397745571658606,477.2738095238095,63.742745846251694,477.2738095238095,63.742745846251694,0.09198872785829303,0.7967843230781461,8.64
1,1,155,322,14,10,163.3030303030303,326.8181818181818,66,43,8.6,33.30303030303031,3.2176840872493053,439.1818181818182,58.655334648656854,439.1818181818182,58.655334648656854,0.16088420436246528,0.7331916831082107,8.64
1,1,149,316,18,39,154.45348837209303,340.0232558139535,172,43,8.6,24.453488372093034,2.3626558813616456,425.9767441860465,56.89171875606632,425.9767441860465,56.89171875606632,0.11813279406808229,0.711146484450829,8.64
1,1,150,350,10,51,153.1578947368421,375.9876160990712,323,43,8.6,23.15789473684211,2.2374777523518947,390.0123839009288,52.08846529561654,390.0123839009288,52.08846529561654,0.11187388761759473,0.6511058161952067,8.64
1,1,168,362,5,11,169.93617021276594,367.51063829787233,47,43,8.6,39.936170212765944,3.85856717031555,398.48936170212767,53.22061592015061,398.48936170212767,53.22061592015061,0.1929283585157775,0.6652576990018826,8.64
1,1,152,436,5,32,154.0952380952381,451.54761904761904,126,43,8.6,24.095238095238102,2.328042328042329,314.45238095238096,41.99697909213769,314.45238095238096,41.99697909213769,0.11640211640211644,0.5249622386517211,8.64
1,1,154,477,6,3,156.1875,478.0,16,43,8.6,26.1875,2.5301932367149758,288.0,38.46410684474124,288.0,38.46410684474124,0.1265096618357488,0.48080133555926546,8.64
1,1,153,484,5,14,154.62,490.42,50,43,8.6,24.620000000000005,2.3787439613526575,275.58,36.805342237061765,275.58,36.805342237061765,0.11893719806763287,0.4600667779632721,8.64
1,1,153,502,4,11,154.7027027027027,506.5945945945946,37,43,8.6,24.70270270270271,2.386734560647605,259.4054054054054,34.64512926950323,259.4054054054054,34.64512926950323,0.11933672803238024,0.43306411586879034,8.64
1,1,152,763,9,19,156.1451612903226,773.0887096774194,124,43,8.6,26.14516129032259,2.5261025401277863,-7.088709677419388,-0.9467391889708698,-7.088709677419388,-0.9467391889708698,0.12630512700638932,-0.011834239862135873,8.64
1,1,183,779,8,3,186.8,780.15,20,43,8.6,56.80000000000001,5.487922705314011,-14.149999999999977,-1.8898163606009986,-14.149999999999977,-1.8898163606009986,0.27439613526570056,-0.02362270450751248,8.64
2,2,387,219,14,17,393.0169491525424,226.8870056497175,177,43,8.6,30.016949152542395,3.176396735718772,536.1129943502825,73.31459751798735,536.1129943502825,73.31459751798735,0.1588198367859386,0.9164324689748419,29.0
3,3,600,626,4,135,601.1864801864801,700.8065268065268,429,43,8.6,18.18648018648014,1.9043434750240984,59.19347319347321,8.13655988913721,59.19347319347321,8.13655988913721,0.09521717375120492,0.10170699861421514,12.0
4,4,929,186,23,13,940.3860465116279,191.53488372093022,215,43,8.6,134.3860465116279,14.686999618757149,565.4651162790698,77.06509250822074,565.4651162790698,77.06509250822074,0.7343499809378574,0.9633136563527595,24.0
4,4,830,215,9,21,834.1888111888112,224.8041958041958,143,43,8.6,28.1888111888112,3.0807443922198035,532.1958041958042,72.53094435377228,532.1958041958042,72.53094435377228,0.15403721961099018,0.9066368044221536,24.0
4,4,948,503,12,19,953.2546583850932,511.8447204968944,161,43,8.6,147.2546583850932,16.09340528798833,245.1552795031056,33.411281704000764,245.1552795031056,33.411281704000764,0.8046702643994164,0.4176410213000095,24.0
1,1,147,247,3,5,147.6,249.2,10,44,8.8,17.599999999999994,1.7004830917874392,516.8,69.02170283806343,516.8,69.02170283806343,0.08502415458937196,0.862771285475793,8.64
1,1,148,314,12,19,151.7816091954023,324.2988505747127,87,44,8.8,21.781609195402297,2.1045033039036034,441.7011494252873,58.99180626715023,441.7011494252873,58.99180626715023,0.10522516519518017,0.7373975783393778,8.64
1,1,150,333,9,15,152.56666666666666,341.68333333333334,60,44,8.8,22.566666666666663,2.1803542673107885,424.31666666666666,56.67000556483028,424.31666666666666,56.67000556483028,0.10901771336553943,0.7083750695603784,8.64
1,1,150,348,17,52,154.05494505494505,371.9532967032967,364,44,8.8,24.05494505494505,2.3241492806710196,394.0467032967033,52.627272560494596,394.0467032967033,52.627272560494596,0.11620746403355098,0.6578409070061825,8.64
1,1,163,322,5,7,165.34782608695653,324.9130434782609,23,44,8.8,35.34782608695653,3.415248897290486,441.0869565217391,58.909777164839944,441.0869565217391,58.909777164839944,0.1707624448645243,0.7363722145604994,8.64
1,1,164,337,7,6,167.25925925925927,339.03703703703707,27,44,8.8,37.25925925925927,3.599928430846306,426.96296296296293,57.02343411859272,426.96296296296293,57.02343411859272,0.1799964215423153,0.7127929264824089,8.64
1,1,168,368,4,4,169.3846153846154,369.61538461538464,13,44,8.8,39.38461538461539,3.80527684875511,396.38461538461536,52.93951457557467,396.38461538461536,52.93951457557467,0.1902638424377555,0.6617439321946834,8.64
1,1,150,403,6,6,152.12,405.15999999999997,25,44,8.8,22.120000000000005,2.1371980676328506,360.84000000000003,48.19232053422371,360.84000000000003,48.19232053422371,0.10685990338164253,0.6024040066777964,8.64
1,1,150,412,5,14,152.20833333333334,419.10416666666663,48,44,8.8,22.208333333333343,2.145732689210951,346.89583333333337,46.32999443516974,346.89583333333337,46.32999443516974,0.10728663446054755,0.5791249304396217,8.64
1,1,151,432,6,36,153.88805970149252,448.9179104477612,134,44,8.8,23.888059701492523,2.3080250919316447,317.0820895522388,42.348192260733065,317.0820895522388,42.348192260733065,0.11540125459658224,0.5293524032591633,8.64
1,1,153,471,5,6,154.89473684210526,473.05263157894734,19,44,8.8,24.89473684210526,2.405288583778286,292.94736842105266,39.12485721817064,292.94736842105266,39.12485721817064,0.1202644291889143,0.48906071522713296,8.64
1,1,154,478,5,3,155.7,479.1,10,44,8.8,25.69999999999999,2.4830917874396126,286.9,38.31719532554257,286.9,38.31719532554257,0.12415458937198062,0.4789649415692821,8.64
1,1,153,483,7,12,154.92857142857142,487.54761904761904,42,44,8.8,24.928571428571416,2.408557625948929,278.45238095238096,37.188965736545036,278.45238095238096,37.188965736545036,0.12042788129744646,0.464862071706813,8.64
1,1,154,503,3,9,154.875,506.7916666666667,24,44,8.8,24.875,2.4033816425120773,259.2083333333333,34.61880912632164,259.2083333333333,34.61880912632164,0.12016908212560387,0.43273511407902054,8.64
1,1,152,763,9,19,156.23076923076923,773.2478632478633,117,44,8.8,26.230769230769226,2.5343738387216646,-7.247863247863279,-0.9679950915343277,-7.247863247863279,-0.9679950915343277,0.12671869193608323,-0.012099938644179097,8.64
1,1,183,779,8,3,186.8,780.15,20,44,8.8,56.80000000000001,5.487922705314011,-14.149999999999977,-1.8898163606009986,-14.149999999999977,-1.8898163606009986,0.27439613526570056,-0.02362270450751248,8.64
2,2,387,219,14,17,393.04022988505744,226.8793103448276,174,44,8.8,30.040229885057443,3.178860305297084,536.1206896551724,73.315649867374,536.1206896551724,73.315649867374,0.1589430152648542,0.9164456233421752,29.0
3,3,600,629,4,132,601.1857142857143,701.7261904761905,420,44,8.8,18.18571428571431,1.9042632759910274,58.27380952380952,8.010145639011618,58.27380952380952,8.010145639011618,0.09521316379955137,0.10012682048764522,12.0
4,4,929,186,23,12,940.3427230046948,191.49295774647888,213,44,8.8,134.3427230046948,14.682264809256262,565.5070422535211,77.07080644000288,565.5070422535211,77.07080644000288,0.734113240462813,0.963385080500036,24.0
4,4,830,215,9,20,834.1870503597122,224.92805755395682,139,44,8.8,28.187050359712202,3.080551951881115,532.0719424460432,72.5140637064454,532.0719424460432,72.5140637064454,0.15402759759405574,0.9064257963305676,24.0
4,4,948,504,11,19,952.9308176100628,513.2893081761006,159,44,8.8,146.93081761006283,16.05801285355878,243.71069182389942,33.214404337158356,243.71069182389942,33.214404337158356,0.8029006426779389,0.41518005421447945,24.0
1,1,146,231,4,9,147.53333333333333,234.33333333333331,30,45,9.0,17.53333333333333,1.6940418679549112,531.6666666666667,71.00723427935449,531.6666666666667,71.00723427935449,0.08470209339774556,0.8875904284919311,8.64
1,1,147,245,4,5,148.41176470588235,246.88235294117646,17,45,9.0,18.411764705882348,1.7789144643364587,519.1176470588235,69.33123833840715,519.1176470588235,69.33123833840715,0.08894572321682294,0.8666404792300894,8.64
1,1,148,263,5,6,149.8,265.32,25,45,9.0,19.80000000000001,1.9130434782608707,500.68,66.86878130217029,500.68,66.86878130217029,0.09565217391304354,0.8358597662771285,8.64
1,1,146,277,9,34,149.30994152046785,292.0877192982456,171,45,9.0,19.309941520467845,1.865694832895444,473.9122807017544,63.29379374981695,473.9122807017544,63.29379374981695,0.0932847416447722,0.7911724218727119,8.64
1,1,149,315,11,33,152.27659574468086,332.0,141,45,9.0,22.27659574468086,2.152328091273513,434.0,57.96327212020034,434.0,57.96327212020034,0.10761640456367566,0.7245409015025042,8.64
1,1,150,348,16,54,153.2514619883041,374.0643274853801,342,45,9.0,23.2514619883041,2.2465180665028117,391.9356725146199,52.34533188843004,391.9356725146199,52.34533188843004,0.11232590332514059,0.6543166486053755,8.64
1,1,151,402,5,23,152.57894736842104,411.40350877192986,57,45,9.0,22.57894736842104,2.1815408085430956,354.59649122807014,47.35846293530152,354.59649122807014,47.35846293530152,0.10907704042715478,0.591980786691269,8.64
1,1,163,321,8,13,166.68571428571428,326.6857142857143,70,45,9.0,36.68571428571428,3.5445134575569357,439.3142857142857,58.67302647269258,439.3142857142857,58.67302647269258,0.17722567287784677,0.7334128309086573,8.64
1,1,164,337,7,6,167.32142857142858,338.9642857142857,28,45,9.0,37.321428571428584,3.6059351276742593,427.0357142857143,57.03315048891009,427.0357142857143,57.03315048891009,0.18029675638371295,0.7129143811113761,8.64
1,1,163,362,9,10,166.64444444444445,366.4,45,45,9.0,36.644444444444446,3.5405260332796566,399.6,53.368948247078464,399.6,53.368948247078464,0.17702630166398284,0.6671118530884809,8.64
1,1,151,432,6,36,153.83098591549296,448.4507042253521,142,45,9.0,23.83098591549296,2.30251071647275,317.5492957746479,42.41059042065414,317.5492957746479,42.41059042065414,0.11512553582363749,0.5301323802581768,8.64
1,1,153,471,4,11,154.45,475.525,40,45,9.0,24.44999999999999,2.362318840579709,290.475,38.79465776293823,290.475,38.79465776293823,0.11811594202898545,0.4849332220367279,8.64
1,1,153,483,8,12,155.13636363636363,487.45454545454544,44,45,9.0,25.136363636363626,2.4286341677646015,278.54545454545456,37.20139626650478,278.54545454545456,37.20139626650478,0.12143170838823007,0.4650174533313098,8.64
1,1,154,503,3,9,154.875,506.7916666666667,24,45,9.0,24.875,2.4033816425120773,259.2083333333333,34.61880912632164,259.2083333333333,34.61880912632164,0.12016908212560387,0.43273511407902054,8.64
1,1,152,762,9,20,156.1824817518248,772.8175182481751,137,45,9.0,26.18248175182481,2.529708381818822,-6.8175182481751335,-0.9105199663672966,-6.8175182481751335,-0.9105199663672966,0.1264854190909411,-0.011381499579591208,8.64
1,1,184,780,5,2,186.0,780.5,10,45,9.0,56.0,5.4106280193236715,-14.5,-1.9365609348914858,-14.5,-1.9365609348914858,0.27053140096618356,-0.024207011686143573,8.64
2,2,387,219,14,17,393.1761363636364,226.89204545454544,176,45,9.0,30.176136363636374,3.1932419432419445,536.1079545454545,73.31390831390831,536.1079545454545,73.31390831390831,0.15966209716209723,0.9164238539238538,29.0
3,3,600,629,4,132,601.2060889929743,701.1896955503513,427,45,9.0,18.206088992974287,1.9063967531910249,58.8103044496487,8.083890645999821,58.8103044496487,8.083890645999821,0.09531983765955124,0.10104863307499776,12.0
4,4,929,186,23,13,940.2824074074074,191.63425925925927,216,45,9.0,134.2824074074074,14.675672940700261,565.3657407407408,77.05154899362736,565.3657407407408,77.05154899362736,0.7337836470350131,0.963144362420342,24.0
4,4,830,215,9,20,834.2167832167833,224.78321678321677,143,45,9.0,28.216783216783256,3.0838014444571864,532.2167832167833,72.5338035048427,532.2167832167833,72.5338035048427,0.15419007222285933,0.9066725438105336,24.0
4,4,946,509,11,19,950.95,517.95,160,45,9.0,144.95000000000005,15.841530054644814,239.04999999999995,32.57921635434412,239.04999999999995,32.57921635434412,0.7920765027322407,0.4072402044293015,24.0
1,1,146,231,4,9,147.53333333333333,234.33333333333331,30,46,9.2,17.53333333333333,1.6940418679549112,531.6666666666667,71.00723427935449,531.6666666666667,71.00723427935449,0.08470209339774556,0.8875904284919311,8.64
1,1,146,276,8,33,149.22929936305732,291.140127388535,157,46,9.2,19.229299363057322,1.8579033201021566,474.859872611465,63.42035026530417,474.859872611465,63.42035026530417,0.09289516600510783,0.7927543783163021,8.64
1,1,149,311,11,37,152.1069182389937,329.9308176100629,159,46,9.2,22.1069182389937,2.135934129371372,436.0691823899371,58.23962369147741,436.0691823899371,58.23962369147741,0.10679670646856859,0.7279952961434676,8.64
1,1,150,347,16,53,153.38483965014578,373.16034985422743,343,46,9.2,23.38483965014578,2.259404797115534,392.83965014577257,52.466063458533895,392.83965014577257,52.466063458533895,0.11297023985577671,0.6558257932316738,8.64
1,1,163,321,8,17,166.7625,327.5125,80,46,9.2,36.76249999999999,3.5519323671497576,438.4875,58.56260434056761,438.4875,58.56260434056761,0.17759661835748786,0.7320325542570951,8.64
1,1,165,338,6,6,167.6818181818182,340.5,22,46,9.2,37.68181818181819,3.640755379885815,425.5,56.82804674457429,425.5,56.82804674457429,0.18203776899429075,0.7103505843071787,8.64
1,1,164,362,8,10,167.2826086956522,366.0869565217391,46,46,9.2,37.282608695652186,3.6021844150388587,399.9130434782609,53.41075705886623,399.9130434782609,53.41075705886623,0.18010922075194294,0.6676344632358279,8.64
1,1,150,403,5,23,152.19540229885058,414.37931034482756,87,46,9.2,22.19540229885058,2.144483313898607,351.62068965517244,46.961026999021364,351.62068965517244,46.961026999021364,0.10722416569493035,0.587012837487767,8.64
1,1,151,433,6,35,153.9083969465649,449.4580152671756,131,46,9.2,23.908396946564892,2.3099900431463665,316.5419847328244,42.276058061145164,316.5419847328244,42.276058061145164,0.11549950215731832,0.5284507257643145,8.64
1,1,153,471,5,25,154.5204081632653,482.9387755102041,98,46,9.2,24.5204081632653,2.369121561668145,283.0612244897959,37.804504105481925,283.0612244897959,37.804504105481925,0.11845607808340726,0.47255630131852405,8.64
1,1,154,502,3,9,154.875,505.7916666666667,24,46,9.2,24.875,2.4033816425120773,260.2083333333333,34.75236505286588,260.2083333333333,34.75236505286588,0.12016908212560387,0.43440456316082354,8.64
1,1,152,761,9,21,156.1631205673759,772.5106382978723,141,46,9.2,26.1631205673759,2.5278377359783475,-6.510638297872333,-0.8695343302667556,-6.510638297872333,-0.8695343302667556,0.12639188679891739,-0.010869179128334447,8.64
1,1,184,780,5,2,186.0,780.5,10,46,9.2,56.0,5.4106280193236715,-14.5,-1.9365609348914858,-14.5,-1.9365609348914858,0.27053140096618356,-0.024207011686143573,8.64
2,2,387,219,14,17,393.1761363636364,226.89204545454544,176,46,9.2,30.176136363636374,3.1932419432419445,536.1079545454545,73.31390831390831,536.1079545454545,73.31390831390831,0.15966209716209723,0.9164238539238538,29.0
3,3,600,625,4,136,601.1862068965518,699.6068965517242,435,46,9.2,18.186206896551766,1.9043148582776719,60.39310344827584,8.301457518663346,60.39310344827584,8.301457518663346,0.0952157429138836,0.10376821898329182,12.0
4,4,930,186,22,13,940.2028301886793,191.56132075471697,212,46,9.2,134.2028301886793,14.66697597690484,565.4386792452831,77.06148950531967,565.4386792452831,77.06148950531967,0.733348798845242,0.9632686188164958,24.0
4,4,830,215,9,20,834.112676056338,225.1056338028169,142,46,9.2,28.112676056338046,3.0724236127145406,531.8943661971831,72.4898625140965,531.8943661971831,72.4898625140965,0.15362118063572702,0.9061232814262064,24.0
4,4,946,511,10,18,950.4166666666666,519.5897435897436,156,46,9.2,144.41666666666663,15.783242258652091,237.41025641025635,32.35574192984755,237.41025641025635,32.35574192984755,0.7891621129326045,0.4044467741230943,24.0
1,1,146,241,4,5,147.46666666666667,242.66666666666669,15,47,9.4,17.46666666666667,1.6876006441223834,523.3333333333333,69.89426822481913,523.3333333333333,69.89426822481913,0.08438003220611917,0.8736783528102392,8.64
1,1,147,250,4,3,148.5,250.8,10,47,9.4,18.5,1.78743961352657,515.2,68.80801335559265,515.2,68.80801335559265,0.0893719806763285,0.8601001669449082,8.64
1,1,148,263,5,4,149.8,264.26666666666665,15,47,9.4,19.80000000000001,1.9130434782608707,501.73333333333335,67.00946021146356,501.73333333333335,67.00946021146356,0.09565217391304354,0.8376182526432944,8.64
1,1,146,279,9,27,149.32608695652175,290.5072463768116,138,47,9.4,19.32608695652175,1.8672547784078986,475.4927536231884,63.504875275217145,475.4927536231884,63.504875275217145,0.09336273892039493,0.7938109409402143,8.64
1,1,149,310,11,38,152.09493670886076,329.8481012658228,158,47,9.4,22.094936708860757,2.134776493609735,436.1518987341772,58.25067094947275,436.1518987341772,58.25067094947275,0.10673882468048675,0.7281333868684093,8.64
1,1,150,347,16,62,153.44611528822054,377.43609022556393,399,47,9.4,23.44611528822054,2.265325148620342,388.56390977443607,51.89501299157744,388.56390977443607,51.89501299157744,0.1132662574310171,0.648687662394718,8.64
1,1,151,409,7,16,153.16981132075472,414.566037735849,53,47,9.4,23.169811320754718,2.238629113116398,351.433962264151,46.936088449302304,351.433962264151,46.936088449302304,0.1119314556558199,0.5867011056162788,8.64
1,1,163,321,8,17,166.7625,327.5125,80,47,9.4,36.76249999999999,3.5519323671497576,438.4875,58.56260434056761,438.4875,58.56260434056761,0.17759661835748786,0.7320325542570951,8.64
1,1,165,338,6,6,167.6818181818182,340.5,22,47,9.4,37.68181818181819,3.640755379885815,425.5,56.82804674457429,425.5,56.82804674457429,0.18203776899429075,0.7103505843071787,8.64
1,1,164,362,6,6,166.14285714285714,364.25,28,47,9.4,36.14285714285714,3.4920634920634916,401.75,53.65609348914858,401.75,53.65609348914858,0.1746031746031746,0.6707011686143572,8.64
1,1,151,432,6,36,153.8,448.4689655172414,145,47,9.4,23.80000000000001,2.2995169082125613,317.5310344827586,42.40815151689598,317.5310344827586,42.40815151689598,0.11497584541062808,0.5301018939611997,8.64
1,1,153,471,5,29,154.54128440366972,484.11009174311926,109,47,9.4,24.54128440366972,2.371138589726543,281.88990825688074,37.64806788071863,281.88990825688074,37.64806788071863,0.11855692948632715,0.47060084850898287,8.64
1,1,154,504,3,8,154.95652173913044,507.3478260869565,23,47,9.4,24.956521739130437,2.411258139046419,258.6521739130435,34.54453073963853,258.6521739130435,34.54453073963853,0.12056290695232096,0.43180663424548166,8.64
1,1,156,724,5,15,158.11475409836066,731.4262295081967,61,47,9.4,28.114754098360663,2.7164013621604504,34.573770491803316,4.61753195216071,34.573770491803316,4.61753195216071,0.13582006810802252,0.057719149402008875,8.64
1,1,152,761,9,21,155.81944444444446,772.5972222222222,144,47,9.4,25.819444444444457,2.4946323134728945,-6.597222222222172,-0.8810981265071348,-6.597222222222172,-0.8810981265071348,0.12473161567364471,-0.011013726581339185,8.64
1,1,175,771,13,11,179.63513513513513,776.9324324324324,74,47,9.4,49.63513513513513,4.795665230447838,-10.932432432432392,-1.460091142895812,-10.932432432432392,-1.460091142895812,0.23978326152239193,-0.018251139286197652,8.64
2,2,387,219,14,17,393.1,226.8111111111111,180,47,9.4,30.100000000000023,3.185185185185188,536.1888888888889,73.32497625830959,536.1888888888889,73.32497625830959,0.15925925925925938,0.9165622032288698,29.0
3,3,600,624,4,137,601.2094594594595,699.2027027027027,444,47,9.4,18.20945945945948,1.9067496816187939,60.79729729729729,8.357016810625057,60.79729729729729,8.357016810625057,0.09533748408093969,0.10446271013281322,12.0
4,4,930,186,22,13,940.339534883721,191.75813953488372,215,47,9.4,134.33953488372094,14.68191638073453,565.2418604651162,77.03466582148091,565.2418604651162,77.03466582148091,0.7340958190367265,0.9629333227685115,24.0
4,4,830,215,9,20,834.1678321678322,224.98601398601397,143,47,9.4,28.167832167832216,3.0784516030417723,532.013986013986,72.50616504449555,532.013986013986,72.50616504449555,0.15392258015208862,0.9063270630561943,24.0
4,4,945,511,11,19,949.6993865030674,520.0490797546013,163,47,9.4,143.69938650306744,15.704850983941798,236.95092024539872,32.29314074894702,236.95092024539872,32.29314074894702,0.7852425491970899,0.4036642593618377,24.0
1,1,146,241,6,8,148.19444444444446,244.11111111111111,36,48,9.6,18.194444444444457,1.7579173376274837,521.8888888888889,69.70135410869968,521.8888888888889,69.70135410869968,0.08789586688137419,0.8712669263587461,8.64
1,1,147,265,6,9,149.30769230769232,269.2307692307692,39,48,9.6,19.30769230769232,1.865477517651432,496.7692307692308,66.3464748940542,496.7692307692308,66.3464748940542,0.09327387588257159,0.8293309361756774,8.64
1,1,146,276,9,21,149.10569105691056,286.0731707317073,123,48,9.6,19.10569105691056,1.8459604885903922,479.9268292682927,64.0970723563663,479.9268292682927,64.0970723563663,0.0922980244295196,0.8012134044545788,8.64
1,1,147,304,7,43,149.87845303867402,323.49723756906076,181,48,9.6,19.878453038674024,1.9206234819974903,442.50276243093924,59.09886643484998,442.50276243093924,59.09886643484998,0.09603117409987451,0.7387358304356247,8.64
1,1,157,312,4,4,158.3,313.3,10,48,9.6,28.30000000000001,2.7342995169082136,452.7,60.46076794657763,452.7,60.46076794657763,0.13671497584541067,0.7557595993322204,8.64
1,1,155,319,6,10,157.7948717948718,323.61538461538464,39,48,9.6,27.794871794871796,2.685494859407903,442.38461538461536,59.083087196609725,442.38461538461536,59.083087196609725,0.13427474297039516,0.7385385899576217,8.64
1,1,163,322,5,7,165.44,325.12,25,48,9.6,35.44,3.4241545893719803,440.88,58.88213689482471,440.88,58.88213689482471,0.17120772946859902,0.7360267111853088,8.64
1,1,170,329,6,4,172.625,330.1875,16,48,9.6,42.625,4.118357487922705,435.8125,58.20534223706177,435.8125,58.20534223706177,0.20591787439613526,0.7275667779632721,8.64
1,1,150,349,8,42,152.7991266375546,368.6331877729258,229,48,9.6,22.799126637554593,2.2028141678796707,397.3668122270742,53.070692784918094,397.3668122270742,53.070692784918094,0.11014070839398354,0.6633836598114762,8.64
1,1,151,391,7,26,153.5,400.73958333333337,96,48,9.6,23.5,2.2705314009661834,365.26041666666663,48.78269337785197,365.26041666666663,48.78269337785197,0.11352657004830918,0.6097836672231496,8.64
1,1,161,347,10,14,165.8068181818182,353.22727272727275,88,48,9.6,35.80681818181819,3.4595959595959602,412.77272727272725,55.12824404310213,412.77272727272725,55.12824404310213,0.172979797979798,0.6891030505387767,8.64
1,1,165,362,3,7,166.0,364.6842105263158,19,48,9.6,36.0,3.4782608695652173,401.3157894736842,53.598102099991216,401.3157894736842,53.598102099991216,0.17391304347826086,0.6699762762498902,8.64
1,1,167,369,5,13,168.86111111111111,373.97222222222223,36,48,9.6,38.861111111111114,3.7546967257112187,392.02777777777777,52.35763309219069,392.02777777777777,52.35763309219069,0.18773483628556095,0.6544704136523836,8.64
1,1,152,441,6,41,154.3631284916201,461.2849162011173,179,48,9.6,24.363128491620103,2.353925458127546,304.7150837988827,40.69650534876563,304.7150837988827,40.69650534876563,0.11769627290637731,0.5087063168595705,8.64
1,1,153,496,5,16,154.61016949152543,503.06779661016947,59,48,9.6,24.610169491525426,2.3777941537705725,262.93220338983053,35.116154042047484,262.93220338983053,35.116154042047484,0.11888970768852862,0.43895192552559353,8.64
1,1,151,760,14,22,156.50920245398774,772.2269938650306,163,48,9.6,26.50920245398774,2.561275599419105,-6.226993865030636,-0.8316519352294672,-6.226993865030636,-0.8316519352294672,0.12806377997095528,-0.01039564919036834,8.64
1,1,174,779,11,3,179.58333333333334,780.3333333333334,24,48,9.6,49.58333333333334,4.790660225442835,-14.333333333333371,-1.9143016138007842,-14.333333333333371,-1.9143016138007842,0.23953301127214174,-0.0239287701725098,8.64
2,2,386,219,15,17,392.97826086956525,226.84782608695653,184,48,9.6,29.978260869565247,3.172302737520132,536.1521739130435,73.31995540691193,536.1521739130435,73.31995540691193,0.1586151368760066,0.9164994425863991,29.0
3,3,600,625,4,136,601.208988764045,698.8988764044943,445,48,9.6,18.20898876404499,1.9067003941408365,61.10112359550567,8.398779875670883,61.10112359550567,8.398779875670883,0.09533501970704182,0.10498474844588603,12.0
4,4,929,186,23,13,940.1454545454545,191.9,220,48,9.6,134.14545454545453,14.660705414803774,565.1,77.015332197615,565.1,77.015332197615,0.7330352707401887,0.9626916524701874,24.0
4,4,830,215,9,21,834.1862068965518,225.22758620689655,145,48,9.6,28.186206896551766,3.080459770114947,531.7724137931034,72.47324208423898,531.7724137931034,72.47324208423898,0.15402298850574736,0.9059155260529871,24.0
4,4,938,516,13,17,944.0679012345679,524.0185185185185,162,48,9.6,138.0679012345679,15.08938811306753,232.98148148148152,31.752161019622694,232.98148148148152,31.752161019622694,0.7544694056533765,0.3969020127452837,24.0
1,1,146,223,6,18,147.67123287671234,231.97260273972603,73,49,9.8,17.671232876712338,1.7073654953345254,534.027397260274,71.32252384110505,534.027397260274,71.32252384110505,0.08536827476672627,0.8915315480138131,8.64
1,1,146,242,4,4,147.3846153846154,243.3846153846154,13,49,9.8,17.384615384615387,1.6796729840208102,522.6153846153846,69.79838191858227,522.6153846153846,69.79838191858227,0.08398364920104051,0.8724797739822782,8.64
1,1,146,275,10,29,149.59887005649716,287.6101694915254,177,49,9.8,19.598870056497162,1.8936106334779867,478.3898305084746,63.89179706290144,478.3898305084746,63.89179706290144,0.09468053167389934,0.7986474632862681,8.64
1,1,161,304,7,4,163.54166666666666,305.375,24,49,9.8,33.54166666666666,3.24074074074074,460.625,61.51919866444074,460.625,61.51919866444074,0.16203703703703698,0.7689899833055092,8.64
1,1,147,306,11,32,150.59649122807016,322.0877192982456,171,49,9.8,20.596491228070164,1.9899991524705472,443.9122807017544,59.28711595348973,443.9122807017544,59.28711595348973,0.09949995762352737,0.7410889494186217,8.64
1,1,157,312,4,4,158.3,313.3,10,49,9.8,28.30000000000001,2.7342995169082136,452.7,60.46076794657763,452.7,60.46076794657763,0.13671497584541067,0.7557595993322204,8.64
1,1,163,322,6,9,165.875,326.225,40,49,9.8,35.875,3.466183574879227,439.775,58.73455759599332,439.775,58.73455759599332,0.17330917874396135,0.7341819699499165,8.64
1,1,161,348,5,4,163.0625,349.6875,16,49,9.8,33.0625,3.1944444444444446,416.3125,55.60100166944908,416.3125,55.60100166944908,0.1597222222222222,0.6950125208681135,8.64
1,1,150,350,9,43,153.24137931034483,369.72758620689655,290,49,9.8,23.241379310344826,2.2455438947193067,396.27241379310345,52.92452938806056,396.27241379310345,52.92452938806056,0.11227719473596534,0.661556617350757,8.64
1,1,151,392,6,26,153.20353982300884,402.88495575221236,113,49,9.8,23.20353982300884,2.241887905604719,363.11504424778764,48.49616617666613,363.11504424778764,48.49616617666613,0.11209439528023593,0.6062020772083266,8.64
1,1,165,369,7,15,168.06349206349205,375.3015873015873,63,49,9.8,38.06349206349205,3.6776320834291836,390.6984126984127,52.18008850730053,390.6984126984127,52.18008850730053,0.18388160417145918,0.6522511063412566,8.64
1,1,151,438,8,55,154.37391304347827,464.5,230,49,9.8,24.373913043478268,2.3549674438143255,301.5,40.26711185308848,301.5,40.26711185308848,0.11774837219071627,0.503338898163606,8.64
1,1,153,497,4,8,154.36,500.36,25,49,9.8,24.360000000000014,2.3536231884057983,265.64,35.47779632721201,265.64,35.47779632721201,0.11768115942028992,0.44347245409015024,8.64
1,1,156,729,5,8,157.91176470588235,732.3235294117648,34,49,9.8,27.911764705882348,2.6967888604717243,33.67647058823525,4.497692232151619,33.67647058823525,4.497692232151619,0.13483944302358622,0.056221152901895236,8.64
1,1,152,762,10,20,156.40151515151516,772.9015151515151,132,49,9.8,26.401515151515156,2.550871029131899,-6.901515151515127,-0.9217382506197165,-6.901515151515127,-0.9217382506197165,0.12754355145659496,-0.011521728132746456,8.64
1,1,173,778,11,4,178.84,780.16,25,49,9.8,48.84,4.718840579710145,-14.159999999999968,-1.8911519198664397,-14.159999999999968,-1.8911519198664397,0.23594202898550726,-0.023639398998330497,8.64
2,2,387,219,14,17,393.21022727272725,226.7840909090909,176,49,9.8,30.210227272727252,3.196849446849445,536.2159090909091,73.32867132867133,536.2159090909091,73.32867132867133,0.15984247234247223,0.9166083916083917,29.0
3,3,600,625,4,136,601.2009029345372,698.5733634311513,443,49,9.8,18.200902934537226,1.9058537104227462,61.42663656884872,8.443523926989515,61.42663656884872,8.443523926989515,0.0952926855211373,0.10554404908736893,12.0
4,4,929,186,23,13,940.1735159817351,191.95890410958904,219,49,9.8,134.17351598173514,14.663772238440998,565.0410958904109,77.0073043802945,565.0410958904109,77.0073043802945,0.7331886119220499,0.9625913047536813,24.0
4,4,830,215,9,21,834.1597222222222,225.26388888888889,144,49,9.8,28.15972222222217,3.0775652701882157,531.7361111111111,72.46829452962332,531.7361111111111,72.46829452962332,0.15387826350941078,0.9058536816202915,24.0
4,4,935,520,13,17,940.6012658227849,527.9303797468355,158,49,9.8,134.60126582278485,14.710520854949165,229.06962025316454,31.21902831388954,229.06962025316454,31.21902831388954,0.7355260427474583,0.3902378539236193,24.0
