frame_index,time_s,x_px,y_px,bbox_x,bbox_y,bbox_w,bbox_h,x_from_left_px,x_from_left_mm,y_from_base_px,y_from_base_mm,distance_from_base_px,distance_from_base_mm,relative_x,relative_height,detected,internal_track_id,display_id,physical_vial_index,assay_tube_index,label,dt_s,dx_px,dy_px,displacement_px,speed_px_s_raw,vertical_velocity_px_s_raw,height_px_smoothed,speed_px_s_smoothed,vertical_velocity_px_s_smoothed,height_mm_smoothed,vertical_velocity_mm_s_raw,vertical_velocity_mm_s_smoothed,displacement_mm,speed_mm_s_raw,speed_mm_s_smoothed
0,0.0,156.1081081081081,773.0900900900901,152,763,9,19,26.108108108108098,2.5225225225225216,-7.090090090090143,-0.946923551264126,-7.090090090090143,-0.946923551264126,0.1261261261261261,-0.011836544390801574,True,1,1,1,1,"fly (1,1)",,,,,,,-6.498616473616494,2.9905142850577864,2.957368082368248,-0.867928744389515,,0.39497403437305484,,,0.3972969940859768
1,0.2,156.28571428571428,771.9071428571428,152,761,9,21,26.285714285714278,2.539682539682539,-5.907142857142844,-0.788933937514904,-5.907142857142844,-0.788933937514904,0.12698412698412695,-0.0098616742189363,True,1,1,1,1,"fly (1,1)",0.2,0.17760617760617947,-1.1829472329472992,1.1962057140231146,5.981028570115573,5.914736164736496,-6.61547976547979,3.5731703265504344,0.4014729014729331,-0.8835365296133276,0.7899480687461097,0.05361908533862203,0.15891879763439073,0.7945939881719536,0.4752187440352998
2,0.4,156.1825396825397,772.8492063492064,152,762,9,20,26.182539682539698,2.5297139789893426,-6.8492063492063835,-0.9147521000609528,-6.8492063492063835,-0.9147521000609528,0.12648569894946715,-0.01143440125076191,True,1,1,1,1,"fly (1,1)",0.2,-0.10317460317457972,0.9420634920635393,0.9476964819071464,4.738482409535732,-4.710317460317697,-7.956878306878328,10.696354089979385,-6.70699270699269,-1.062688254674902,-0.6290908127302436,-0.895758625307872,0.12621244878678917,0.6310622439339458,1.4256257109638295
3,0.6,156.45714285714286,777.1142857142858,155,773,4,9,26.457142857142856,2.556245686680469,-11.114285714285757,-1.484378726448849,-11.114285714285757,-1.484378726448849,0.12781228433402345,-0.018554734080610612,True,1,1,1,1,"fly (1,1)",0.19999999999999996,0.27460317460315764,4.265079365079373,4.273910258057368,21.369551290286847,-21.32539682539687,-7.804255808603671,18.144548361782373,0.7631124913732824,-1.0423046155063334,-2.8481331319394823,0.10191819584284234,0.5702441801571178,2.8512209007855893,2.4217669310142145
4,0.8,156.4927536231884,771.4492753623189,153,759,8,23,26.492753623188406,2.559686340404677,-5.449275362318872,-0.7277830200091983,-5.449275362318872,-0.7277830200091983,0.12798431702023386,-0.009097287750114978,True,1,1,1,1,"fly (1,1)",0.20000000000000007,0.03561076604555069,-5.665010351966885,5.66512227710491,28.32561138552454,28.325051759834412,-7.365009869357702,16.820152157277207,2.19622969622984,-0.9836407171095428,3.7829785321982525,0.293319491983952,0.7566035296646217,3.7830176483231073,2.2391081680526996
5,1.0,156.36363636363637,771.5314685314685,152,759,9,23,26.363636363636374,2.5472112428634177,-5.531468531468477,-0.7387604048705811,-5.531468531468477,-0.7387604048705811,0.1273605621431709,-0.009234505060882265,True,1,1,1,1,"fly (1,1)",0.19999999999999996,-0.12911725955203224,0.08219316914960473,0.15305875920404685,0.7652937960202344,-0.41096584574802375,-5.277895023419319,10.884057740807615,10.43557422969191,-0.7048941600560026,-0.054886924306914456,1.3937327852677013,0.016617191009880464,0.08308595504940235,1.4437110569978835
6,1.2,156.14705882352942,770.8529411764706,152,759,8,23,26.14705882352942,2.526285876669509,-4.852941176470608,-0.6481390552882281,-4.852941176470608,-0.6481390552882281,0.12631429383347545,-0.008101738191102851,True,1,1,1,1,"fly (1,1)",0.19999999999999996,-0.21657754010695385,-0.6785273549978683,0.7122536081756149,3.5612680408780752,3.3926367749893425,-6.10432704550351,6.6015372239166155,-4.132160110420956,-0.8152690544912868,0.4531067479117652,-0.5518744721764216,0.09300591352422816,0.4650295676211409,0.8696507028494443
7,1.4,155.79591836734693,773.9285714285714,152,764,8,18,25.79591836734693,2.492359262545597,-7.928571428571445,-1.0589077033150511,-7.928571428571445,-1.0589077033150511,0.12461796312727985,-0.013236346291438139,True,1,1,1,1,"fly (1,1)",0.19999999999999996,-0.3511404561824918,3.0756302521008365,3.0956099669703065,15.478049834851536,-15.378151260504186,-5.8998076842677465,11.391775257583681,1.0225968061788098,-0.7879542817052082,-2.0538432401341153,0.13657386393039186,0.41216731717555777,2.0608365858777895,1.514037481298777
8,1.6,156.11194029850748,770.9179104477612,152,759,8,23,26.111940298507477,2.5228927824644907,-4.917910447761187,-0.6568160865123456,-4.917910447761187,-0.6568160865123456,0.12614463912322452,-0.00821020108140432,True,1,1,1,1,"fly (1,1)",0.20000000000000018,0.3160219311605488,-3.0106609808102576,3.0272015794042892,15.136007897021432,15.053304904051274,-5.9140014214641115,10.244017722317954,-0.07096868598183102,-0.7898499394275943,2.0104580840135258,-0.00947828861193071,0.4032492580794803,2.0162462903973997,1.364153901709729
9,1.8,156.1044776119403,770.8955223880597,152,759,8,23,26.104477611940297,2.5221717499459224,-4.895522388059703,-0.6538260284553861,-4.895522388059703,-0.6538260284553861,0.12610858749729612,-0.008172825355692326,True,1,1,1,1,"fly (1,1)",0.19999999999999996,-0.007462686567180299,-0.022388059701484053,0.023599087016178983,0.11799543508089494,0.1119402985074203,-4.969909710705717,5.620470124835049,4.720458553791971,-0.6637608962545197,0.014950290284797555,0.6304452158653717,0.003075765770799422,0.015378828853997113,0.7374741325737322
10,2.0,156.35555555555555,771.0962962962963,153,759,7,23,26.355555555555554,2.5464304884594737,-5.096296296296259,-0.6806405737958277,-5.096296296296259,-0.6806405737958277,0.1273215244229737,-0.008508007172447846,True,1,1,1,1,"fly (1,1)",0.19999999999999996,0.2510779436152575,0.20077390823655605,0.32148140848056433,1.607407042402822,-1.0038695411827805,-6.852828450340894,9.69610351552341,-9.41459369817588,-0.9152358531340092,-0.13407272670220796,-1.2573747843974463,0.03615945569395999,0.18079727846979998,1.2833169635585258
11,2.2,156.2,776.5666666666667,155,772,4,10,26.19999999999999,2.5314009661835737,-10.56666666666672,-1.411240957150814,-10.56666666666672,-1.411240957150814,0.1265700483091787,-0.017640511964385173,True,1,1,1,1,"fly (1,1)",0.20000000000000018,-0.15555555555556566,5.4703703703704605,5.472581613817308,27.362908069086515,-27.351851851852278,-7.200937529007699,17.373332248006186,-1.7405453933340027,-0.9617278836738161,-3.6530019167749286,-0.23246015269903234,0.7307549566703566,3.6537747833517797,2.3084521864010843
12,2.4,156.0300751879699,771.9398496240601,152,760,8,22,26.030075187969913,2.514983109948784,-5.939849624060116,-0.7933021200748068,-5.939849624060116,-0.7933021200748068,0.1257491554974392,-0.009916276500935085,True,1,1,1,1,"fly (1,1)",0.19999999999999973,-0.16992481203007515,-4.6268170426066035,4.629936326505838,23.149681632529223,23.13408521303305,-7.5955054302422695,17.423923658251947,-1.9728395061728363,-1.0144247653078156,3.08969418538004,-0.26348440816999497,0.6181568994763339,3.090784497381674,2.325273878718411
13,2.6,156.12,772.28,152,761,8,21,26.120000000000005,2.5236714975845413,-6.279999999999973,-0.8387312186978261,-6.279999999999973,-0.8387312186978261,0.12618357487922707,-0.010484140233722825,True,1,1,1,1,"fly (1,1)",0.20000000000000018,0.08992481203009106,0.34015037593985653,0.35183625462802004,1.7591812731400986,-1.700751879699281,-6.276986911723725,8.857490529777126,6.592592592592734,-0.8383288029013322,-0.22714549311509605,0.8804798120324184,0.04625247108435606,0.23126235542178009,1.1812398820807732
14,2.8,156.0873015873016,772.6111111111111,152,762,8,20,26.087301587301596,2.5205122306571592,-6.611111111111086,-0.8829530699313637,-6.611111111111086,-0.8829530699313637,0.12602561153285796,-0.011036913374142046,True,1,1,1,1,"fly (1,1)",0.19999999999999973,-0.032698412698408674,0.33111111111111313,0.3327217367324103,1.6636086836620536,-1.6555555555555679,-6.377766203703686,1.7672999596984873,-0.5038964598998077,-0.8517884746181886,-0.22110925616768837,-0.06729835858428168,0.04433455868777293,0.22167279343886495,0.23390544212675368
15,3.0,156.015625,772.2421875,152,762,8,20,26.015625,2.5135869565217392,-6.2421875,-0.8336811352253757,-6.2421875,-0.8336811352253757,0.12567934782608695,-0.010421014190317195,True,1,1,1,1,"fly (1,1)",0.20000000000000018,-0.07167658730159587,-0.36892361111108585,0.37582198445866233,1.8791099222933099,1.8446180555554277,-6.3709468652812875,1.2984285890388325,0.034096692111990096,-0.8508777115567664,0.24635967352993982,0.004553815307110496,0.04975623550392315,0.24878117751961554,0.16848181588322134
16,3.2,156.08396946564886,772.2595419847328,152,762,8,20,26.083969465648863,2.520190286536122,-6.259541984732778,-0.8359989295135596,-6.259541984732778,-0.8359989295135596,0.1260095143268061,-0.010449986618919495,True,1,1,1,1,"fly (1,1)",0.20000000000000018,0.0683444656488632,0.017354484732777564,0.07051343223222688,0.35256716116113407,-0.08677242366388774,-6.302103212468182,0.9856226410498016,0.3442182640655256,-0.841683233718622,-0.011588971440919516,0.04597238919072111,0.006998295338236617,0.034991476691183056,0.12687539624255187
17,3.4,156.08396946564886,772.4045801526718,152,762,9,20,26.083969465648863,2.520190286536122,-6.40458015267177,-0.8553696364169309,-6.40458015267177,-0.8553696364169309,0.1260095143268061,-0.010692120455211635,True,1,1,1,1,"fly (1,1)",0.19999999999999973,0.0,0.14503816793899205,0.14503816793899205,0.7251908396949612,-0.7251908396949612,-6.324909399336851,0.5241462501699655,-0.11403093434334355,-0.8447291351368081,-0.09685353451685653,-0.015229507090930688,0.019370706903371282,0.09685353451685653,0.06545146118864348
18,3.6,156.0530303030303,772.310606060606,152,762,8,20,26.05303030303031,2.5172009954618657,-6.3106060606060055,-0.842818839479934,-6.3106060606060055,-0.842818839479934,0.12586004977309329,-0.010535235493499174,True,1,1,1,1,"fly (1,1)",0.20000000000000018,-0.030939162618551563,-0.09397409206576413,0.09893614993076034,0.49468074965380127,0.4698704603288202,-6.360944424033771,0.5076448859084935,-0.18017512348459883,-0.8495418262482498,0.06275398468498444,-0.02406345555720858,0.012901874471578086,0.06450937235789038,0.06690665814778887
19,3.8,156.0735294117647,772.3676470588235,152,762,9,20,26.073529411764696,2.519181585677748,-6.367647058823536,-0.8504370028478846,-6.367647058823536,-0.8504370028478846,0.12595907928388742,-0.010630462535598557,True,1,1,1,1,"fly (1,1)",0.19999999999999973,0.020499108734384208,0.057040998217530614,0.0606126136753435,0.3030630683767179,-0.28520499108765346,-6.327417706476505,0.5064511394388646,0.16763358778632564,-0.8450641344209022,-0.038090816839753176,0.022388459136737912,0.007871413513723837,0.03935706756861924,0.05983681998099905
20,4.0,155.944,772.304,152,762,9,20,25.94399999999999,2.5066666666666655,-6.303999999999974,-0.841936560934888,-6.303999999999974,-0.841936560934888,0.12533333333333327,-0.010524207011686099,True,1,1,1,1,"fly (1,1)",0.20000000000000018,-0.12952941176470745,-0.06364705882356247,0.144321920057215,0.7216096002860743,0.3182352941178121,-6.298999723833201,0.8171606499933436,0.14208991321652223,-0.8412687444184576,0.04250220956498293,0.018976950012223315,0.015128804003297434,0.07564402001648711,0.08584861319805093
21,4.2,156.21830985915494,772.2253521126761,152,762,9,20,26.218309859154942,2.5331700347009605,-6.225352112676092,-0.8314326694725999,-6.225352112676092,-0.8314326694725999,0.12665850173504803,-0.010392908368407498,True,1,1,1,1,"fly (1,1)",0.20000000000000018,0.274309859154954,-0.07864788732388206,0.28536185626344795,1.4268092813172386,0.39323943661940997,-6.076948216663179,1.6003871842929538,1.1102575358501083,-0.8116124496378202,0.05251945731144065,0.14828147390318633,0.02850895040180923,0.142544752009046,0.19011875705664935
22,4.4,156.13432835820896,771.7014925373135,152,761,9,21,26.13432835820896,2.5250558800201897,-5.70149253731347,-0.7614681185059726,-5.70149253731347,-0.7614681185059726,0.12625279400100947,-0.009518351481324658,True,1,1,1,1,"fly (1,1)",0.20000000000000018,-0.08398150094598122,-0.5238595753626214,0.5305485342551102,2.6527426712755484,2.6192978768131048,-6.042779062434344,2.193555179464708,0.17084577114416785,-0.8070489565855552,0.34982275483313585,0.022817465261324516,0.07043349982888296,0.3521674991444145,0.2762266372171998
23,4.6,156.11940298507463,772.2014925373135,152,762,9,20,26.11940298507463,2.523613814983056,-6.20149253731347,-0.8282460817780929,-6.20149253731347,-0.8282460817780929,0.1261806907491528,-0.010353076022226161,True,1,1,1,1,"fly (1,1)",0.1999999999999993,-0.014925373134332176,0.5,0.5002227171602656,2.501113585801337,-2.500000000000009,-5.829339696077454,2.8678871259981578,1.0671968317844425,-0.7785428642507451,-0.3338898163606025,0.14253046167404892,0.06679353209962748,0.3339676604981386,0.3747226753324175
24,4.8,155.8095238095238,771.5850340136054,151,759,9,23,25.809523809523796,2.493673798021623,-5.585034013605423,-0.74591439246817,-5.585034013605423,-0.74591439246817,0.12468368990108114,-0.009323929905852124,True,1,1,1,1,"fly (1,1)",0.20000000000000018,-0.309879175550833,-0.6164585237080473,0.689961024183518,3.449805120917587,3.082292618540234,-5.928842183639631,2.9009118825276015,-0.49751243781088705,-0.7918320111705685,0.41165844654961387,-0.06644573459911694,0.08760657327093989,0.43803286635469907,0.36651777028552607
25,5.0,156.17105263157896,772.0,151,759,10,23,26.17105263157896,2.5286041189931363,-6.0,-0.8013355592654424,-6.0,-0.8013355592654424,0.12643020594965682,-0.01001669449081803,True,1,1,1,1,"fly (1,1)",0.20000000000000018,0.36152882205516335,0.41496598639457716,0.5503633881727765,2.75181694086388,-2.074829931972884,-5.6705952019873775,3.0299186440701154,1.2912349082612669,-0.7573415962587483,-0.2771058339863617,0.17245207455910075,0.06551055680074809,0.32755278400374016,0.38330740021328197
26,5.2,156.2420382165605,771.4267515923567,152,758,9,24,26.242038216560502,2.535462629619372,-5.426751592356709,-0.7247748370426322,-5.426751592356709,-0.7247748370426322,0.1267731314809686,-0.009059685463032903,True,1,1,1,1,"fly (1,1)",0.20000000000000018,0.07098558498154262,-0.5732484076432911,0.5776267740857765,2.8881338704288795,2.866242038216453,-5.558917197452236,2.1745809402383833,0.5583900226757034,-0.7424263368884456,0.3828036111140506,0.07457629685151303,0.07686731005628133,0.38433655028140634,0.27664094251616916
27,5.4,156.24358974358975,771.25,152,758,9,24,26.24358974358975,2.5356125356125365,-5.25,-0.7011686143572621,-5.25,-0.7011686143572621,0.12678062678062682,-0.008764607679465776,True,1,1,1,1,"fly (1,1)",0.20000000000000018,0.0015515270292496552,-0.1767515923567089,0.17675840188447814,0.8837920094223899,0.8837579617835437,-5.343639419674446,1.4953971383485232,1.0763888888889495,-0.7136747138129477,0.11803111342685069,0.14375811537748917,0.023606698652672113,0.11803349326336046,0.1954822191298773
28,5.6,156.14583333333334,771.3541666666666,152,758,9,24,26.145833333333343,2.5261674718196465,-5.354166666666629,-0.7150806900389487,-5.354166666666629,-0.7150806900389487,0.12630837359098232,-0.00893850862548686,True,1,1,1,1,"fly (1,1)",0.1999999999999993,-0.0977564102564088,0.10416666666662877,0.14285310703885953,0.7142655351943002,-0.5208333333331457,-5.288146879756444,0.7021990824551145,0.2774626995900065,-0.7062633562279057,-0.06956037840843335,0.03705678792520953,0.016815322768972886,0.08407661384486473,0.08919764369748384
29,5.8,156.18493150684932,771.2602739726027,152,758,9,24,26.184931506849324,2.5299450731255386,-5.260273972602704,-0.7025407642875063,-5.260273972602704,-0.7025407642875063,0.12649725365627693,-0.008781759553593829,True,1,1,1,1,"fly (1,1)",0.20000000000000018,0.039098173515981216,-0.09389269406392486,0.10170794054973076,0.5085397027486533,0.4694634703196239,-5.266384671688495,0.645695284969725,0.1088110403397482,-0.7033568843657422,0.06269962875721175,0.014532359310817733,0.013096564796845202,0.06548282398422596,0.0756219615081533
30,6.0,156.06369426751593,771.1847133757962,152,758,9,24,26.063694267515928,2.5182313301947756,-5.18471337579615,-0.6924491987707713,-5.18471337579615,-0.6924491987707713,0.12591156650973878,-0.008655614984634642,True,1,1,1,1,"fly (1,1)",0.20000000000000018,-0.12123723933339647,-0.0755605968065538,0.14285612339324433,0.714280616966221,0.3778029840327687,-5.2787638987416585,0.848414804896145,-0.061896135265822015,-0.7050102035047289,0.0504578275836753,-0.008266595694934575,0.015461289339073774,0.0773064466953688,0.10071784414901462
31,6.2,155.8985507246377,771.3913043478261,152,759,8,23,25.898550724637687,2.5022754323321434,-5.391304347826122,-0.7200406474559093,-5.391304347826122,-0.7200406474559093,0.1251137716166072,-0.009000508093198868,True,1,1,1,1,"fly (1,1)",0.20000000000000018,-0.16514354287824062,0.20659097202997145,0.2644848189947123,1.3224240949735604,-1.0329548601498564,-5.265452235557707,0.9806440275785578,0.06655831591975352,-0.7032323519943516,-0.13795724342569027,0.008889257551886751,0.031872852353489765,0.1593642617674487,0.11813624479093991
32,6.4,155.83898305084745,771.2203389830509,152,759,8,23,25.838983050847446,2.496520101531154,-5.220338983050851,-0.6972072097563742,-5.220338983050851,-0.6972072097563742,0.12482600507655771,-0.008715090121954677,True,1,1,1,1,"fly (1,1)",0.20000000000000018,-0.05956767379024086,-0.17096536477527025,0.1810454741591785,0.9052273707958917,0.8548268238763505,-7.577214443625659,12.242188712238173,-11.558811040339798,-1.011981895642826,0.11416718849767572,-1.5437477182423773,0.02354760518200039,0.11773802591000185,1.628199331889024
33,6.6,155.88,778.12,154,774,5,8,25.879999999999995,2.500483091787439,-12.120000000000005,-1.6186978297161942,-12.120000000000005,-1.6186978297161942,0.12502415458937197,-0.020233722871452427,True,1,1,1,1,"fly (1,1)",0.1999999999999993,0.04101694915254939,6.899661016949153,6.8997829341889885,34.49891467094506,-34.49830508474589,-7.396419948786729,23.92029282009796,0.9039724741945984,-0.9878357193705147,-4.607453099799117,0.12073088136154879,0.9214991415979209,4.607495707989621,3.1936020009842205
34,6.8,155.94244604316546,770.8489208633093,152,758,9,24,25.94244604316546,2.5065165259097064,-4.848920863309331,-0.6476021186389758,-4.848920863309331,-0.6476021186389758,0.12532582629548533,-0.008095026482987197,True,1,1,1,1,"fly (1,1)",0.20000000000000018,0.062446043165465426,-7.271079136690673,7.271347283710592,36.35673641855293,36.35539568345333,-7.275692297226025,23.70405015718224,0.6036382578034676,-0.9717118260068146,4.855478555386088,0.08061946681849308,0.9711144538106085,4.855572269053038,3.1627378704480513
35,7.0,155.99290780141843,770.8581560283687,152,758,9,24,25.992907801418426,2.5113920581080604,-4.8581560283687395,-0.648835529665274,-4.8581560283687395,-0.648835529665274,0.12556960290540303,-0.008110444120815926,True,1,1,1,1,"fly (1,1)",0.20000000000000018,0.05046175825296473,0.009235165059408246,0.05129987640974556,0.2564993820487276,-0.04617582529704119,-5.552239059815936,15.691543284813429,8.617266187050433,-0.7415344320288396,-0.0061670551314912895,1.1508869698898743,0.005029126860298999,0.02514563430149497,2.0925487337750983
36,7.2,155.93525179856115,772.9496402877697,152,763,9,19,25.935251798561154,2.5058214298126718,-6.949640287769739,-0.928165647782269,-6.949640287769739,-0.928165647782269,0.1252910714906336,-0.011602070597278363,True,1,1,1,1,"fly (1,1)",0.20000000000000018,-0.05765600285727146,2.0914842594009997,2.0922788107677297,10.461394053838639,-10.45742129700499,-6.029539411315568,4.689759998215272,-2.3865017574981553,-0.8052807227132645,-1.3966505905849733,-0.3187314534221244,0.2793856595941526,1.3969282979707618,0.6230691193149321
37,7.4,155.97945205479454,772.2808219178082,152,762,9,20,25.979452054794535,2.5100919859704867,-6.280821917808225,-0.8388409906922505,-6.280821917808225,-0.8388409906922505,0.12550459929852434,-0.01048551238365313,True,1,1,1,1,"fly (1,1)",0.20000000000000018,0.0442002562333812,-0.6688183699615138,0.6702773117516905,3.3513865587584495,3.344091849807566,-6.720013223455567,5.734079516109606,-3.4523690606999953,-0.8974975924481559,0.44662328545009194,-0.4610843486744571,0.08942668513450801,0.44713342567253966,0.7625254962363072
38,7.6,156.17605633802816,772.9295774647887,152,763,9,19,26.17605633802816,2.52908756889161,-6.929577464788736,-0.925486138869948,-6.929577464788736,-0.925486138869948,0.1264543784445805,-0.01156857673587435,True,1,1,1,1,"fly (1,1)",0.1999999999999993,0.19660428323362567,0.6487555469805102,0.6778915871463436,3.38945793573173,-3.2437777349025625,-6.849620307019488,2.9940718168511196,-0.6480354178196085,-0.9148073865802321,-0.4332257408884892,-0.08654897066038209,0.0887029530131237,0.44351476506562004,0.3925865195043174
39,7.8,155.9923076923077,773.3384615384615,152,764,9,18,25.99230769230769,2.5113340765514676,-7.338461538461502,-0.9800950301784978,-7.338461538461502,-0.9800950301784978,0.12556670382757337,-0.012251187877231222,True,1,1,1,1,"fly (1,1)",0.20000000000000018,-0.18374864572047045,0.40888407367276614,0.44827419121263606,2.2413709560631783,-2.044420368363829,-7.084295829366245,2.472859757463833,-1.1733776117337926,-0.9461496934045069,-0.27304445654274845,-0.1567115341213748,0.05742227355495854,0.28711136777479246,0.3227137601189198
40,8.0,155.93939393939394,772.9848484848485,152,763,9,19,25.939393939393938,2.506221636656419,-6.984848484848499,-0.932867911165075,-6.984848484848499,-0.932867911165075,0.12531108183282094,-0.011660848889563437,True,1,1,1,1,"fly (1,1)",0.20000000000000018,-0.05291375291375289,-0.3536130536130031,0.35755007611931827,1.7877503805965897,1.768065268065014,-7.38049728049729,2.7396788897379665,-1.4810072556552287,-0.9857091526540621,0.2361355950671138,-0.1977972962477771,0.04750302950326941,0.23751514751634684,0.3609122333897316
41,8.2,155.8512396694215,773.8181818181819,152,764,9,18,25.85123966942149,2.4977043158861343,-7.81818181818187,-1.0441645166186138,-7.81818181818187,-1.0441645166186138,0.12488521579430671,-0.01305205645773267,True,1,1,1,1,"fly (1,1)",0.1999999999999993,-0.08815426997244913,0.8333333333333712,0.8379830665108233,4.189915332554132,-4.166666666666871,-7.422647527910726,2.587925654669594,-0.21075123706718957,-0.9913385680014325,-0.556483027267696,-0.028147076736853432,0.11162203697561074,0.5581101848780556,0.3443055342429149
42,8.4,155.7982456140351,773.4649122807018,152,764,8,18,25.798245614035096,2.492584117298077,-7.46491228070181,-0.996983276220609,-7.46491228070181,-0.996983276220609,0.12462920586490385,-0.012462290952757613,True,1,1,1,1,"fly (1,1)",0.20000000000000107,-0.05299405538639235,-0.3532695374800596,0.35722225017161413,1.7861112508580612,1.7663476874002888,-7.457267925434356,2.8449105833163286,-0.17310198761815476,-0.9959623272700308,0.23590620199002252,-0.023118796342992447,0.0474582540668687,0.23729127033434225,0.36579762869129323
43,8.6,156.1451612903226,773.0887096774194,152,763,9,19,26.14516129032259,2.5261025401277863,-7.088709677419388,-0.9467391889708698,-7.088709677419388,-0.9467391889708698,0.12630512700638932,-0.011834239862135873,True,1,1,1,1,"fly (1,1)",0.1999999999999993,0.34691567628749453,-0.3762026032824224,0.511741033307357,2.558705166536794,1.8810130164121186,-7.267161735328159,1.7494668825773065,0.9505309505309851,-0.9705725189086022,0.2512204362486967,0.12694904180714328,0.0603982861722962,0.30199143086148206,0.2177750707907242
44,8.8,156.23076923076923,773.2478632478633,152,763,9,19,26.230769230769226,2.5343738387216646,-7.247863247863279,-0.9679950915343277,-7.247863247863279,-0.9679950915343277,0.12671869193608323,-0.012099938644179097,True,1,1,1,1,"fly (1,1)",0.20000000000000107,0.08560794044663567,0.1591535704438911,0.18071684606741378,0.9035842303370641,-0.7957678522194513,-7.051363724485934,1.8758391471088913,1.078990054211134,-0.9417514156241648,-0.10627951281728885,0.14410551642218797,0.02280850223526979,0.11404251117634835,0.23478493066900605
45,9.0,156.1824817518248,772.8175182481751,152,762,9,20,26.18248175182481,2.529708381818822,-6.8175182481751335,-0.9105199663672966,-6.8175182481751335,-0.9105199663672966,0.1264854190909411,-0.011381499579591208,True,1,1,1,1,"fly (1,1)",0.1999999999999993,-0.04828747894441676,-0.43034499968814544,0.43304560889056176,2.1652280444528165,2.1517249984407347,-6.8586732646369155,1.535420918867718,0.9634522992450968,-0.9160164627227934,0.28737562583515663,0.12867476450685758,0.057664169993837375,0.2883208499691879,0.20250162610018393
46,9.2,156.1631205673759,772.5106382978723,152,761,9,21,26.1631205673759,2.5278377359783475,-6.510638297872333,-0.8695343302667556,-6.510638297872333,-0.8695343302667556,0.12639188679891739,-0.010869179128334447,True,1,1,1,1,"fly (1,1)",0.1999999999999993,-0.019361184448911217,-0.30687995030280035,0.30749009636265356,1.5374504818132733,1.5343997515140073,-6.641792922756546,1.824917985997196,1.0844017094018505,-0.887050807713729,0.2049281805027055,0.144828275045322,0.041028303431002985,0.20514151715501566,0.22308972783065326
47,9.4,155.81944444444446,772.5972222222222,152,761,9,21,25.819444444444457,2.4946323134728945,-6.597222222222172,-0.8810981265071348,-6.597222222222172,-0.8810981265071348,0.12473161567364471,-0.011013726581339185,True,1,1,1,1,"fly (1,1)",0.20000000000000107,-0.34367612293144134,0.08658392434983853,0.3544150863451015,1.772075431725498,-0.4329196217491903,-6.4449514617083805,2.40790510646625,0.9842073052408344,-0.8607614640011193,-0.057818981201895575,0.13144671856304938,0.03516136327355144,0.17580681636775625,0.265288532055355
48,9.6,156.50920245398774,772.2269938650306,151,760,14,22,26.50920245398774,2.561275599419105,-6.226993865030636,-0.8316519352294672,-6.226993865030636,-0.8316519352294672,0.12806377997095528,-0.01039564919036834,True,1,1,1,1,"fly (1,1)",0.1999999999999993,0.6897580095432829,-0.3702283571915359,0.7828378811719928,3.914189405859978,1.8511417859576862,-6.575243746255978,3.03386050591924,-0.6514614227379815,-0.8781627707854396,0.2472309563883388,-0.08700653392160039,0.08298345252865837,0.4149172626432933,0.34804996940390814
49,9.8,156.40151515151516,772.9015151515151,152,762,10,20,26.401515151515156,2.550871029131899,-6.901515151515127,-0.9217382506197165,-6.901515151515127,-0.9217382506197165,0.12754355145659496,-0.011521728132746456,True,1,1,1,1,"fly (1,1)",0.20000000000000107,-0.10768730247258418,0.6745212864844916,0.6830633360344526,3.4153166801722445,-3.3726064324224403,-6.564254508272882,3.6647530430161113,-0.760732323232377,-0.8766950929245919,-0.45043157695124386,-0.10160031028145279,0.09068516584013547,0.4534258292006749,0.4341715459219841
0,0.0,158.54166666666666,733.9583333333334,157,730,4,9,28.541666666666657,2.757648953301126,32.04166666666663,4.279354479688364,32.04166666666663,4.279354479688364,0.1378824476650563,0.05349193099610455,True,2,2,1,1,"fly (1,2)",,,,,,,31.476715686274474,2.9267543668039777,-2.824754901960773,4.203901928050013,,-0.3772627581917565,,,0.38445238631062484
1,0.2,158.23529411764707,735.0882352941177,156,730,5,10,28.235294117647072,2.728047740835466,30.91176470588232,4.128449376411662,30.91176470588232,4.128449376411662,0.1364023870417733,0.051605617205145775,True,2,2,1,1,"fly (1,2)",0.2,-0.306372549019585,1.1299019607843093,1.1707017467215912,5.853508733607955,-5.649509803921546,31.424953314659167,3.151639453275209,-1.2003968253967894,4.196988756548804,-0.754525516383513,-0.16032011023663215,0.15378095452424995,0.7689047726212497,0.38827346220699693
2,0.4,157.64285714285714,734.6785714285714,156,731,4,9,27.64285714285714,2.6708074534161486,31.321428571428555,4.183162413546385,31.321428571428555,4.183162413546385,0.13354037267080743,0.05228953016932981,True,2,2,1,1,"fly (1,2)",0.2,-0.5924369747899334,-0.4096638655462357,0.7202819252435344,3.601409626217672,2.0483193277311784,114.25164413591523,210.83351919447378,206.46652864044174,15.25898419177499,0.27356518567361654,27.574828532947148,0.07918312279994821,0.39591561399974107,28.124467376536543
4,0.8,154.65217391304347,485.4782608695652,153,479,5,14,24.65217391304347,2.3818525519848763,280.5217391304348,37.46534078536692,280.5217391304348,37.46534078536692,0.11909262759924381,0.4683167598170865,True,2,2,1,1,"fly (1,2)",0.4,-2.990683229813669,-249.20031055900625,249.2182556894383,623.0456392235957,623.0007763975156,237.6610559006211,409.95569020275957,409.3801333576909,31.741042524289966,83.20544592955133,54.6751430193911,33.28343269719546,83.20858174298864,54.71997088954811
5,1.0,152.16,364.86,150,354,7,18,22.159999999999997,2.141062801932367,401.14,53.57462437395659,401.14,53.57462437395659,0.10705314009661834,0.6696828046744574,True,2,2,1,1,"fly (1,2)",0.19999999999999996,-2.492173913043473,-120.61826086956518,120.64400435169306,603.2200217584655,603.091304347826,388.5795540691193,547.061276721961,546.9255653766523,51.89710237984898,80.54641794294837,73.04515063461135,16.111083062331183,80.55541531165593,73.05463729873544
6,1.2,149.3760683760684,281.9230769230769,147,270,6,25,19.37606837606839,1.8720839010694095,484.0769230769231,64.65134198022345,484.0769230769231,64.65134198022345,0.09360419505347048,0.8081417747527931,True,2,2,1,1,"fly (1,2)",0.19999999999999996,-2.7839316239316076,-82.93692307692311,82.98363383676438,414.918169183822,414.68461538461565,456.62253600280997,340.40344720847855,340.21490966845346,60.984645876836055,55.38358803133432,45.43771748493535,11.079982968312349,55.39991484156175,45.45097364839054
7,1.4,149.5958904109589,281.3493150684932,147,270,7,25,19.5958904109589,1.8933227450201837,484.6506849315068,64.72797127632812,484.6506849315068,64.72797127632812,0.09466613725100918,0.8090996409541016,True,2,2,1,1,"fly (1,2)",0.19999999999999996,0.21982203489051244,-0.5737618545837222,0.6144301366296725,3.0721506831483634,2.8688092729186114,484.05450181477573,141.5262127522225,137.15982905982915,64.64834748778308,0.383146480523351,18.318508054735116,0.0795181583907887,0.3975907919539436,18.88178800973449
8,1.6,149.0854700854701,282.56410256410254,147,271,6,24,19.085470085470092,1.8440067715430042,483.43589743589746,64.56572920679766,483.43589743589746,64.56572920679766,0.09220033857715021,0.8070716150849707,True,2,2,1,1,"fly (1,2)",0.20000000000000018,-0.5104203254888091,1.2147874956093574,1.3176636779394644,6.588318389697316,-6.073937478046782,485.11401893998635,9.58699972784126,5.297585626052715,64.78985227913006,-0.8112103476523196,0.7075239567349224,0.16957167913755472,0.8478583956877729,1.2654232698450703
9,1.8,149.02189781021897,278.7445255474453,147,263,6,32,19.021897810218974,1.837864522726471,487.2554744525547,65.0758563542644,487.2554744525547,65.0758563542644,0.09189322613632354,0.813448204428305,True,2,2,1,1,"fly (1,2)",0.19999999999999996,-0.06357227525111853,-3.819577016657263,3.820106022135642,19.100530110678214,19.097885083286318,485.7227310268351,9.91918669984962,3.043560434243586,64.87114938588782,2.5506357373337356,0.4064855337887967,0.5101641243786988,2.550820621893495,1.3103464968398029
10,2.0,149.25827814569536,279.52317880794703,147,264,6,32,19.258278145695357,1.860703202482643,486.47682119205297,64.9718625966014,486.47682119205297,64.9718625966014,0.09303516012413215,0.8121482824575175,True,2,2,1,1,"fly (1,2)",0.19999999999999996,0.23638033547638315,0.7786532605017555,0.8137423198346896,4.068711599173449,-3.8932663025087786,486.3723036764077,8.665990506309866,4.158034754061172,64.95790366295928,-0.5199687883150262,0.5553301841817889,0.1064720945876282,0.5323604729381411,1.1515933882097895
12,2.4,149.55384615384617,280.61538461538464,148,271,5,18,19.553846153846166,1.8892604979561514,485.38461538461536,64.82599203801206,485.38461538461536,64.82599203801206,0.09446302489780757,0.8103249004751508,True,2,2,1,1,"fly (1,2)",0.3999999999999999,0.2955680081508092,1.0922058074376082,1.1314919236312182,2.828729809078046,-2.730514518594021,475.60087101575215,53.045340329001014,-52.94699179707943,63.51931499375655,-0.36467639647334243,-7.071384547189243,0.1486396279190931,0.37159906979773283,7.078320929748261
13,2.6,150.06417112299465,311.05882352941177,148,282,9,54,20.06417112299465,1.9385672582603528,454.94117647058823,60.760090346656185,454.94117647058823,60.760090346656185,0.09692836291301764,0.7595011293332024,True,2,2,1,1,"fly (1,2)",0.20000000000000018,0.5103249691484848,30.443438914027126,30.447715915750358,152.23857957875165,-152.2171945701355,462.4694995407069,64.7949645547394,-64.7466858690281,61.76554250961028,-20.32950845677936,-8.647303621906923,4.066200649301786,20.33100324650891,8.650697497568554
14,2.8,150.34586466165413,318.9172932330827,148,297,9,39,20.345864661654133,1.9657840252805925,447.0827067669173,59.71054514416257,447.0827067669173,59.71054514416257,0.09828920126402962,0.7463818143020322,True,2,2,1,1,"fly (1,2)",0.19999999999999973,0.2816935386594821,7.8584697036709485,7.8635168552777115,39.31758427638861,-39.29234851835479,449.2159811292938,66.28777867473276,-66.26759205706564,59.995456578202855,-5.247726012468064,-8.85042965703713,1.0498980352798026,5.2494901763990205,8.851840887682696
15,3.0,150.4360902255639,320.37593984962405,148,298,9,40,20.436090225563902,1.974501471068976,445.62406015037595,59.51573424378978,445.62406015037595,59.51573424378978,0.0987250735534488,0.7439466780473722,True,2,2,1,1,"fly (1,2)",0.20000000000000018,0.09022556390976888,1.4586466165413299,1.4614344338116252,7.307172169058119,-7.293233082706643,448.1264980633402,25.632919093701023,-5.447415329768266,59.84994965787515,-0.974054501863967,-0.7275346016384919,0.19500584802803203,0.9750292401401592,3.4219466796464175
16,3.2,150.16363636363636,314.3272727272727,148,283,9,55,20.163636363636357,1.9481774264382954,451.6727272727273,60.32356958567309,451.6727272727273,60.32356958567309,0.09740887132191477,0.7540446198209136,True,2,2,1,1,"fly (1,2)",0.20000000000000018,-0.27245386192754495,-6.048667122351333,6.054800167131297,30.27400083565646,30.243335611756635,449.81404542010415,13.318704784656475,8.437736783820066,60.07533160869505,4.039176709416555,1.1269097540995188,0.8082641244800151,4.041320622400072,1.7775950084261758
17,3.4,150.11627906976744,313.8546511627907,148,283,9,55,20.116279069767444,1.9436018424896082,452.1453488372093,60.386690996622285,452.1453488372093,60.386690996622285,0.09718009212448041,0.7548336374577785,True,2,2,1,1,"fly (1,2)",0.19999999999999973,-0.047357293868913075,-0.47262156448203996,0.4749882698509908,2.374941349254957,2.363107822410203,465.86528462923815,80.3421332096405,80.25619604566963,62.21906973345418,0.3156070547459682,10.71869062379559,0.06328703254765904,0.3164351627382956,10.724699077250252
18,3.6,148.22222222222223,272.22222222222223,147,270,4,6,18.22222222222223,1.7606011808910367,493.77777777777777,65.94694861806714,493.77777777777777,65.94694861806714,0.08803005904455183,0.8243368577258393,True,2,2,1,1,"fly (1,2)",0.20000000000000018,-1.8940568475452153,-41.632428940568445,41.67549148880207,208.3774574440102,208.16214470284203,491.94078380706287,130.4532119279521,130.37749588912382,65.70160718625215,27.80128810722425,17.41268726398982,5.563268289322483,27.81634144661239,17.417981122850623
19,3.8,148.2170542635659,236.10077519379846,146,220,7,32,18.2170542635659,1.7601018612140966,529.8992248062016,70.77118194406698,529.8992248062016,70.77118194406698,0.08800509306070482,0.8846397743008374,True,2,2,1,1,"fly (1,2)",0.19999999999999973,-0.005167958656329574,-36.12144702842377,36.12144739811822,180.60723699059133,180.60723514211924,519.9645564168819,140.28933958075746,140.1188630490956,69.44434810242164,24.12116662999924,18.71370458084749,4.824233351840232,24.12116675920119,18.725636887677314
20,4.0,147.35,229.78333333333333,146,220,4,19,17.349999999999994,1.6763285024154584,536.2166666666667,71.61491374513078,536.2166666666667,71.61491374513078,0.08381642512077292,0.8951864218141348,True,2,2,1,1,"fly (1,2)",0.20000000000000018,-0.8670542635659046,-6.317441860465124,6.3766648615341905,31.883324307670925,31.58720930232559,534.487348439674,72.71660163300926,72.61396011396013,71.38395304703494,4.21865900531898,9.698024723066476,0.8478804914436725,4.239402457218358,9.705214493192663
21,4.2,147.42307692307693,228.65384615384616,146,220,4,17,17.423076923076934,1.6833890746934235,537.3461538461538,71.76576345190702,537.3461538461538,71.76576345190702,0.08416945373467118,0.8970720431488377,True,2,2,1,1,"fly (1,2)",0.20000000000000018,0.07307692307693969,-1.129487179487171,1.1318487201531298,5.6592436007656435,5.647435897435566,536.4621166415283,15.07253224846364,9.873841009271766,71.6476950439437,0.7542485338812093,1.318709984543838,0.15101485263168837,0.7550742631584412,2.0051965740929947
22,4.4,147.61764705882354,230.1764705882353,146,225,4,11,17.617647058823536,1.7021881216254624,535.8235294117646,71.56240793479328,535.8235294117646,71.56240793479328,0.08510940608127313,0.8945300991849159,True,2,2,1,1,"fly (1,2)",0.20000000000000018,0.1945701357466021,1.5226244343891437,1.5350057673908952,7.6750288369544695,-7.613122171945854,536.7697393805464,6.640341144758,1.5381136950903442,71.68877988387935,-1.0167775855686747,0.20542419967817804,0.20422260038043688,1.0211130019021835,0.885152996536963
23,4.6,147.5581395348837,228.86046511627907,146,223,4,13,17.558139534883708,1.696438602404223,537.1395348837209,71.73816826493768,537.1395348837209,71.73816826493768,0.08482193012021115,0.896727103311721,True,2,2,1,1,"fly (1,2)",0.1999999999999993,-0.05950752393982839,-1.316005471956231,1.3173501993107952,6.586750996554,6.580027359781321,531.6358362466433,30.080648294390404,-25.669515669515558,71.00311669404253,0.8788016507219996,-3.428315949184054,0.17585434491005228,0.8792717245502645,4.015895352170933
24,4.8,147.38888888888889,244.05555555555554,146,242,4,6,17.388888888888886,1.6800858829844334,521.9444444444445,69.70877388239659,521.9444444444445,69.70877388239659,0.08400429414922167,0.8713596735299574,True,2,2,1,1,"fly (1,2)",0.20000000000000018,-0.16925064599482198,15.19509043927647,15.196033009932586,75.98016504966286,-75.97545219638214,526.5220407284361,30.05557702613683,-25.56897759103622,70.32013899545058,-10.146971912705487,-3.414888492959772,2.029460266012072,10.147301330060351,4.00780183080649
25,5.0,147.80357142857142,245.51785714285714,146,240,6,14,17.803571428571416,1.7201518288474797,520.4821428571429,69.51347483901742,520.4821428571429,69.51347483901742,0.08600759144237399,0.8689184354877176,True,2,2,1,1,"fly (1,2)",0.20000000000000018,0.41468253968253066,1.4623015873015959,1.519963006438749,7.599815032193739,-7.311507936507831,521.1630291005291,29.06240746317927,-26.795058139534806,69.6044112321241,-0.9764952168958265,-3.57863881663237,0.19936648756177083,0.9968324378088533,3.8611735440873254
26,5.2,147.375,244.9375,146,243,4,6,17.375,1.678743961352657,521.0625,69.59098497495826,521.0625,69.59098497495826,0.08393719806763285,0.8698873121869783,True,2,2,1,1,"fly (1,2)",0.20000000000000018,-0.4285714285714164,-0.5803571428571388,0.7214484615362667,3.6072423076813305,2.901785714285549,520.3936688311687,6.263325828704165,-3.8468013468013815,69.50165860850336,0.38755067970420465,-0.5137631181037009,0.08787737287855422,0.43938686439277075,0.8068787900745548
27,5.4,147.89090909090908,246.36363636363637,146,241,6,13,17.890909090909076,1.7285902503293793,519.6363636363636,69.40051601153436,519.6363636363636,69.40051601153436,0.08642951251646896,0.8675064501441797,True,2,2,1,1,"fly (1,2)",0.20000000000000018,0.5159090909090764,1.426136363636374,1.516584029247509,7.582920146237538,-7.130681818181864,520.72418261563,6.870216697104332,1.6525689223056028,69.54580068322271,-0.9523448171194806,0.22071037359673248,0.19688341360440817,0.98441706802204,0.8890582756808726
28,5.6,147.4736842105263,244.5263157894737,146,242,4,7,17.4736842105263,1.6882786676837005,521.4736842105262,69.64590106317546,521.4736842105262,69.64590106317546,0.08441393338418503,0.8705737632896933,True,2,2,1,1,"fly (1,2)",0.1999999999999993,-0.4172248803827756,-1.8373205741626748,1.8840975274788412,9.42048763739424,9.186602870813122,520.8612440191387,5.667802594543889,0.685307017543753,69.56410604596176,1.2269252582054735,0.09152681369533093,0.24867417892556049,1.2433708946278068,0.742595987549949
29,5.8,147.4736842105263,244.5263157894737,146,242,4,7,17.4736842105263,1.6882786676837005,521.4736842105262,69.64590106317546,521.4736842105262,69.64590106317546,0.08441393338418503,0.8705737632896933,True,2,2,1,1,"fly (1,2)",0.20000000000000018,0.0,0.0,0.0,0.0,0.0,521.4736842105262,3.1401625457980415,3.062200956937707,69.64590106317546,0.0,0.40897508606849114,0.0,0.0,0.4144569648759356
30,6.0,147.4736842105263,244.5263157894737,146,242,4,7,17.4736842105263,1.6882786676837005,521.4736842105262,69.64590106317546,521.4736842105262,69.64590106317546,0.08441393338418503,0.8705737632896933,True,2,2,1,1,"fly (1,2)",0.20000000000000018,0.0,0.0,0.0,0.0,0.0,522.6308077887024,5.81690138459827,5.78561789088117,69.80044177478499,0.0,0.7727035580475664,0.0,0.0,0.7748929781372705
31,6.2,147.83516483516485,241.05494505494505,146,230,6,24,17.835164835164846,1.7232043318999852,524.945054945055,70.109523198004,524.945054945055,70.109523198004,0.08616021659499926,0.87636903997505,True,2,2,1,1,"fly (1,2)",0.20000000000000018,0.3614806246385456,-3.471370734528648,3.4901408307589876,17.450704153794923,17.35685367264351,522.7474228557819,11.054807495121475,0.583075335397325,69.81601640811779,2.3181106741426993,0.07787316666409068,0.4649357868823628,2.324678934411812,1.4721991523097533
32,6.4,147.47058823529412,244.1764705882353,146,242,4,6,17.470588235294116,1.6879795396419435,521.8235294117646,69.69262496317391,521.8235294117646,69.69262496317391,0.08439897698209718,0.8711578120396739,True,2,2,1,1,"fly (1,2)",0.20000000000000018,-0.36457659987073043,3.121525533290253,3.1427436663139265,15.713718331569618,-15.607627666451535,522.7474228557819,11.346356578434516,0.29153766769866213,69.81601640811779,-2.0844911741504273,0.038936583332045215,0.41838370450348994,2.0919185225174477,1.511136533562033
34,6.8,147.4736842105263,244.5263157894737,146,242,4,7,17.4736842105263,1.6882786676837005,521.4736842105262,69.64590106317546,521.4736842105262,69.64590106317546,0.08441393338418503,0.8705737632896933,True,2,2,1,1,"fly (1,2)",0.39999999999999947,0.0030959752321848555,0.349845201238395,0.34985889997564934,0.8746472499391245,-0.8746130030959887,521.5902992776056,5.52945519383621,-5.494080223182507,69.66147569650828,-0.1168097499961364,-0.7337669747155212,0.046724857502735535,0.11681214375683899,0.7362435554247622
35,7.0,147.4736842105263,244.5263157894737,146,242,4,7,17.4736842105263,1.6882786676837005,521.4736842105262,69.64590106317546,521.4736842105262,69.64590106317546,0.08441393338418503,0.8705737632896933,True,2,2,1,1,"fly (1,2)",0.20000000000000018,0.0,0.0,0.0,0.0,0.0,508.349428617415,65.97803411313157,-65.91281563325457,67.89307894723407,0.0,-8.803047163039007,0.0,0.0,8.807606792746748
36,7.2,149.22935779816513,283.89908256880733,146,265,8,43,19.229357798165125,1.8579089660062924,482.10091743119267,64.38743471535128,482.10091743119267,64.38743471535128,0.09289544830031461,0.8048429339418909,True,2,2,1,1,"fly (1,2)",0.20000000000000018,1.7556735876388245,39.37276677933363,39.41189101789117,197.0594550894557,-196.8638338966677,475.5160019656793,164.700557062601,-164.1671332586784,63.50798022913915,-26.292331739120886,-21.925493590474574,5.261201646896686,26.306008234483407,21.96281615273503
37,7.4,155.0,343.0265957446809,149,312,20,51,25.0,2.4154589371980677,422.9734042553191,56.4906049088907,422.9734042553191,56.4906049088907,0.12077294685990338,0.7061325613611338,True,2,2,1,1,"fly (1,2)",0.20000000000000018,5.770642201834875,59.12751317587356,59.408443219669536,297.0422160983474,-295.6375658793675,432.1123445169728,217.559201349648,-217.01828724353243,57.71116454316834,-39.48414903230283,-28.98407842985408,7.916488044744342,39.582440223721676,29.021924556555565
38,7.6,154.46610169491527,374.7372881355932,150,347,18,63,24.466101694915267,2.3638745598951947,391.2627118644068,52.25545400526301,391.2627118644068,52.25545400526301,0.11819372799475975,0.6531931750657877,True,2,2,1,1,"fly (1,2)",0.1999999999999993,-0.5338983050847332,31.7106923909123,31.71518657222807,158.57593286114093,-158.55346195456207,391.2929910875276,204.5961662033283,-204.09676714722596,52.25949797496197,-21.17575451813853,-27.25833284103186,4.235465042292307,21.17732521146161,27.293276304898853
39,7.8,153.51785714285714,406.3571428571429,151,400,6,13,23.51785714285714,2.2722567287784674,359.6428571428571,48.032435010732165,359.6428571428571,48.032435010732165,0.11361283643892338,0.6004054376341521,True,2,2,1,1,"fly (1,2)",0.20000000000000018,-0.948244552058128,31.6198547215497,31.634069930099365,158.1703496504967,-158.09927360774836,353.9602925497464,186.69744066749308,-186.66349268890644,47.273494831351776,-21.115094972654216,-24.93001571805095,4.22401269590266,21.12006347951328,24.932388763434318
40,8.0,153.91975308641975,455.0246913580247,151,439,7,34,23.919753086419746,2.3110872547265453,310.9753086419753,41.53259547806014,310.9753086419753,41.53259547806014,0.11555436273632727,0.5191574434757518,True,2,2,1,1,"fly (1,2)",0.20000000000000018,0.40189594356260727,48.66754850088182,48.66920789816839,243.34603949084172,-243.33774250440888,309.1331385949441,224.17363906497644,-224.13576977401155,41.286562750576856,-32.49919766336011,-29.93466040387466,6.499955519865618,32.49977759932806,29.937307542047677
41,8.2,154.78125,509.21875,153,505,4,10,24.78125,2.3943236714975846,256.78125,34.29465776293823,256.78125,34.29465776293823,0.11971618357487923,0.4286832220367279,True,2,2,1,1,"fly (1,2)",0.1999999999999993,0.8614969135802539,54.19405864197529,54.200905610718024,271.00452805359106,-270.9702932098774,275.54511550692104,174.94724298071776,-167.94011544011565,36.8006832062666,-36.18968857560967,-22.42939772155132,7.238416309460312,36.19208154730168,23.36426497379883
42,8.4,154.72727272727272,507.1212121212121,153,503,4,10,24.72727272727272,2.389108476064997,258.8787878787879,34.57479637780139,258.8787878787879,34.57479637780139,0.11945542380324985,0.43218495472251733,True,2,2,1,1,"fly (1,2)",0.20000000000000107,-0.05397727272728048,-2.0975378787878753,2.0982322795441437,10.491161397720663,10.487689393939322,258.35514776139775,94.7105471308301,-85.9498387276168,34.50486113674763,1.4006930743158033,-11.47911034759489,0.28018715495334756,1.4009357747667304,12.648294012629329
43,8.6,154.7027027027027,506.5945945945946,153,502,4,11,24.70270270270271,2.386734560647605,259.4054054054054,34.64512926950323,259.4054054054054,34.64512926950323,0.11933672803238024,0.43306411586879034,True,2,2,1,1,"fly (1,2)",0.1999999999999993,-0.024570024570010673,-0.5266175266175424,0.5271903882357387,2.635951941178703,2.633087633087721,259.16417553917546,4.811988503380885,4.045138888888863,34.612911591208764,0.3516644585091923,0.5402522723056914,0.07037294316391374,0.35186471581956996,0.6361715311092132
44,8.8,154.875,506.7916666666667,154,503,3,9,24.875,2.4033816425120773,259.2083333333333,34.61880912632164,259.2083333333333,34.61880912632164,0.12016908212560387,0.43273511407902054,True,2,2,1,1,"fly (1,2)",0.20000000000000107,0.17229729729729115,0.1970720720721033,0.26177043424868174,1.3088521712434018,-0.9853603603605113,259.27402402402396,1.3149347041406638,0.5492424242424222,34.627582507382186,-0.1316007159079284,0.07335458086709033,0.03114282054826801,0.1557141027413392,0.16919293952030304
45,9.0,154.875,506.7916666666667,154,503,3,9,24.875,2.4033816425120773,259.2083333333333,34.61880912632164,259.2083333333333,34.61880912632164,0.12016908212560387,0.43273511407902054,True,2,2,1,1,"fly (1,2)",0.1999999999999993,0.0,0.0,0.0,0.0,0.0,259.5416666666666,2.1029507237477687,1.3382132132131879,34.66332776850307,0.0,0.1787263056044268,0.0,0.0,0.274497911820847
46,9.2,154.875,505.7916666666667,154,502,3,9,24.875,2.4033816425120773,260.2083333333333,34.75236505286588,260.2083333333333,34.75236505286588,0.12016908212560387,0.43440456316082354,True,2,2,1,1,"fly (1,2)",0.1999999999999993,0.0,-1.0,1.0,5.000000000000018,5.000000000000018,259.35628019323667,4.2638221273515455,-0.9269323671496551,34.63856830627537,0.6677796327212017,-0.1237973111385147,0.13355592654423987,0.6677796327212017,0.5692323963255813
47,9.4,154.95652173913044,507.3478260869565,154,504,3,8,24.956521739130437,2.411258139046419,258.6521739130435,34.54453073963853,258.6521739130435,34.54453073963853,0.12056290695232096,0.43180663424548166,True,2,2,1,1,"fly (1,2)",0.20000000000000107,0.08152173913043725,1.5561594202898164,1.5582932764109547,7.7914663820547325,-7.78079710144904,260.59757021206906,11.420522989245297,6.206450094162096,34.804349944850635,-1.0391715661367529,0.8289081928764085,0.2079835112511096,1.0399175562555425,1.523569045183864
48,9.6,154.61016949152543,503.06779661016947,153,496,5,16,24.610169491525426,2.3777941537705725,262.93220338983053,35.116154042047484,262.93220338983053,35.116154042047484,0.11888970768852862,0.43895192552559353,True,2,2,1,1,"fly (1,2)",0.1999999999999993,-0.3463522476050116,-4.2800294767870355,4.294020517136236,21.470102585681254,21.400147383935252,262.40812576762465,14.28607041742086,9.05277777777782,35.04616036963268,2.8581165120447696,1.2090521239102185,0.5726019893149674,2.8630099465748473,1.905057731745283
49,9.8,154.36,500.36,153,497,4,8,24.360000000000014,2.3536231884057983,265.64,35.47779632721201,265.64,35.47779632721201,0.11768115942028992,0.44347245409015024,True,2,2,1,1,"fly (1,2)",0.20000000000000107,-0.250169491525412,-2.707796610169453,2.7193284569053557,13.596642284526705,13.538983050847191,264.28610169491526,17.53337243510392,17.46956521739125,35.29697518462976,1.8082114258226316,2.333163968933704,0.3624491384810937,1.812245692405459,2.3376278194901534
0,0.0,154.53623188405797,471.9710144927536,152,455,6,37,24.53623188405797,2.37065042358048,294.0289855072464,39.269313590283325,294.0289855072464,39.269313590283325,0.118532521179024,0.4908664198785415,True,3,3,1,1,"fly (1,3)",,,,,,,303.0356195141866,45.03928229673663,45.033170034701016,40.47220294012509,,6.014446749208826,,,6.014873989445746
1,0.2,154.2394366197183,453.9577464788732,152,416,5,80,24.239436619718305,2.3419745526297877,312.0422535211268,41.675092289966855,312.0422535211268,41.675092289966855,0.11709872763148939,0.5209386536245856,True,3,3,1,1,"fly (1,3)",0.2,-0.2967952643396643,-18.013268013880406,18.015712918694653,90.07856459347326,90.06634006940203,300.92374634279105,55.596695208044785,4.4516908212560224,40.19014976197544,12.028893498417652,0.5945496923213393,2.405949595778299,12.029747978891493,7.425003371303432
2,0.4,154.2,469.3,153,462,3,17,24.19999999999999,2.3381642512077283,296.7,39.62604340567613,296.7,39.62604340567613,0.11690821256038642,0.49532554257095157,True,3,3,1,1,"fly (1,3)",0.2,-0.039436619718316024,15.342253521126793,15.342304206132216,76.71152103066107,-76.71126760563396,291.02519561815336,82.57054482392529,-22.520531400966206,38.868139648501284,-10.245244421453634,-3.0077504375247046,2.0490524270037604,10.245262135018802,11.02741725209094
4,0.8,154.55555555555554,501.6666666666667,154,498,3,9,24.555555555555543,2.372517444981212,264.3333333333333,35.303283249860876,264.3333333333333,35.303283249860876,0.1186258722490606,0.44129104062326097,True,3,3,1,1,"fly (1,3)",0.4,0.3555555555555543,32.366666666666674,32.36861953905662,80.92154884764153,-80.91666666666669,280.3848484848485,78.85904429751234,-26.229513444302196,37.4470582283604,-10.806900389538132,-3.5031069708584,4.3228966569450105,10.807241642362525,10.531884677639509
5,1.0,154.72727272727272,485.8787878787879,153,480,4,12,24.72727272727272,2.389108476064997,280.1212121212121,37.41184802954419,280.1212121212121,37.41184802954419,0.11945542380324985,0.4676481003693024,True,3,3,1,1,"fly (1,3)",0.19999999999999996,0.1717171717171766,-15.78787878787881,15.788812602846873,78.94406301423439,78.93939393939407,274.85858585858585,53.28853728729198,-0.6590909090908733,36.70899310298308,10.542823898416566,-0.08802549704052194,2.108630051107439,10.543150255537197,7.116797299299908
6,1.2,154.72727272727272,485.8787878787879,153,480,4,12,24.72727272727272,2.389108476064997,280.1212121212121,37.41184802954419,280.1212121212121,37.41184802954419,0.11945542380324985,0.4676481003693024,True,3,3,1,1,"fly (1,3)",0.19999999999999996,0.0,0.0,0.0,0.0,0.0,292.7981993851559,58.0072176211273,58.00559947299083,39.10493480936974,0.0,7.746991582369394,0.0,0.0,7.747104686979998
8,1.6,154.65217391304347,447.8478260869565,153,442,5,12,24.65217391304347,2.3818525519848763,318.1521739130435,42.491108369020836,318.1521739130435,42.491108369020836,0.11909262759924381,0.5311388546127604,True,3,3,1,1,"fly (1,3)",0.40000000000000013,-0.07509881422924991,-38.03096179183137,38.03103593965903,95.07758984914754,95.0774044795784,305.7197001066566,33.08110537225024,32.91503544764414,40.83067781057184,12.698150848691615,4.395998056446637,5.079265522161121,12.698163805402798,4.4079560178406645
9,1.8,154.25714285714287,447.1142857142857,152,443,6,9,24.257142857142867,2.3436853002070404,318.8857142857143,42.589077033150495,318.8857142857143,42.589077033150495,0.11718426501035202,0.5323634629143811,True,3,3,1,1,"fly (1,3)",0.19999999999999996,-0.3950310559006027,-0.7335403726708023,0.833145253520636,4.165726267603181,3.6677018633540124,318.6883050752616,33.5311750771208,33.150556683165355,42.562711863140116,0.48984332064829783,4.4274533132775185,0.10514084962383918,0.525704248119196,4.4565621623758735
10,2.0,154.02702702702703,446.97297297297297,152,442,6,10,24.02702702702703,2.3214518866692786,319.02702702702703,42.607950187249024,319.02702702702703,42.607950187249024,0.11607259433346392,0.5325993773406127,True,3,3,1,1,"fly (1,3)",0.19999999999999996,-0.23011583011583525,-0.1413127413127313,0.2700418229223371,1.3502091146116857,0.7065637065636566,313.20228631993336,16.282753836936465,-12.986002626667625,41.83002154523317,0.09436577049264375,-1.734357612910529,0.0291636867211253,0.14581843360562652,2.152936097886448
12,2.4,154.0,464.3058823529412,152,455,5,23,24.0,2.318840579710145,301.6941176470588,40.29303741530001,301.6941176470588,40.29303741530001,0.11594202898550725,0.5036629676912501,True,3,3,1,1,"fly (1,3)",0.3999999999999999,-0.027027027027031636,17.332909379968214,17.332930451437807,43.33232612859453,-43.33227344992054,304.48199229628364,29.851459554138234,-29.157378968275122,40.66537459716644,-5.787281929872528,-3.894140763709531,2.314914244773808,5.787285611934521,3.9747956425053803
13,2.6,154.3020134228188,473.2751677852349,152,455,7,42,24.30201342281879,2.3480206205622016,292.7248322147651,39.09513618895027,292.7248322147651,39.09513618895027,0.11740103102811009,0.48868920236187835,True,3,3,1,1,"fly (1,3)",0.20000000000000018,0.3020134228187885,8.969285432293702,8.974368683841709,44.8718434192085,-44.84642716146847,292.87682944112083,43.64320293177641,-43.581723125840796,39.115436319348355,-5.989506131748707,-5.82059741246622,1.1982565763951996,5.991282881975993,5.824898012858713
14,2.8,155.03846153846155,481.78846153846155,153,477,6,11,25.038461538461547,2.419175027870681,284.21153846153845,37.95813535379479,284.21153846153845,37.95813535379479,0.12095875139353404,0.4744766919224348,True,3,3,1,1,"fly (1,3)",0.19999999999999973,0.7364481156427587,8.513293753226662,8.54508784950523,42.725439247526204,-42.56646876613337,283.4173867166626,47.44096824064845,-47.29721362229099,37.852071681691164,-5.685004175777423,-6.316823188285951,1.1392251089331233,5.696125544665624,6.32688071684974
15,3.0,154.0,492.6842105263158,153,490,3,7,24.0,2.318840579710145,273.3157894736842,36.50294350232844,273.3157894736842,36.50294350232844,0.11594202898550725,0.4562867937791055,True,3,3,1,1,"fly (1,3)",0.20000000000000018,-1.0384615384615472,10.895748987854233,10.945124411042137,54.725622055210636,-54.47874493927112,278.8196115948459,41.9364269365468,-22.988875609083465,37.23801156525488,-7.2759592573317216,-3.0703005821814373,1.4586467447815217,7.293233723907602,5.5863374927520795
16,3.2,154.7945205479452,487.06849315068496,153,479,6,19,24.79452054794521,2.3956058500430157,278.93150684931504,37.25295583964141,278.93150684931504,37.25295583964141,0.11978029250215078,0.4656619479955176,True,3,3,1,1,"fly (1,3)",0.20000000000000018,0.7945205479452113,-5.6157173756308225,5.671643901380718,28.358219506903566,28.078586878154088,277.8505480496954,31.6611876648689,-4.845317725752509,37.10858738560206,3.7500616865648304,-0.6471208982641113,0.7539306419366029,3.769653209683011,4.216635354797447
17,3.4,154.97826086956522,484.69565217391306,153,476,7,22,24.97826086956522,2.4133585381222433,281.30434782608694,37.56986281483632,281.30434782608694,37.56986281483632,0.12066792690611217,0.469623285185454,True,3,3,1,1,"fly (1,3)",0.19999999999999973,0.1837403216200073,-2.372840976771897,2.379944286498496,11.899721432492496,11.864204883859502,282.0147884379,20.92757709785253,20.821201941022775,37.66474636900167,1.584534875974557,2.780794916998025,0.3174038261603446,1.5870191308017252,2.788246156685492
18,3.6,154.8936170212766,480.1914893617021,153,476,6,11,24.89361702127661,2.4051803885291414,285.8085106382979,38.17142045252726,285.8085106382979,38.17142045252726,0.12025901942645706,0.4771427556565908,True,3,3,1,1,"fly (1,3)",0.20000000000000018,-0.08464384828860716,-4.50416281221095,4.504958070832309,22.524790354161524,22.52081406105473,287.2647581311961,26.311166635689716,26.249848466480824,38.36591093571901,3.007788188454687,3.505822833586753,0.6016132259143485,3.00806612957174,3.510111966873213
19,3.8,154.1769911504425,471.3185840707965,152,456,6,31,24.17699115044249,2.335941173955796,294.6814159292035,39.35644953979346,294.6814159292035,39.35644953979346,0.11679705869778981,0.49195561924741826,True,3,3,1,1,"fly (1,3)",0.19999999999999973,-0.7166258708341218,-8.872905290905635,8.901797624083013,44.508988120415125,44.36452645452823,291.75658102708763,22.50977943105059,22.459114479457597,38.96582050445244,5.925145436331015,2.999547843667118,1.187050128049233,5.935250640246172,3.003091905912999
20,4.0,154.16513761467888,471.2201834862385,152,456,5,31,24.165137614678883,2.334795904799892,294.7798165137615,39.36959152103659,294.7798165137615,39.36959152103659,0.1167397952399946,0.4921198940129574,True,3,3,1,1,"fly (1,3)",0.20000000000000018,-0.01185353576360626,-0.09840058455796452,0.09911196371502393,0.4955598185751192,0.49200292278982216,295.3676744959137,18.10607316252428,18.055467344130438,39.44810343851936,0.06570990621565181,2.4114146703346293,0.01319178958421698,0.06595894792108484,2.414954604077788
21,4.2,154.11194029850748,469.35820895522386,152,455,5,32,24.111940298507477,2.3296560674886453,296.64179104477614,39.618269254728034,296.64179104477614,39.618269254728034,0.11648280337443226,0.4952283656841004,True,3,3,1,1,"fly (1,3)",0.20000000000000018,-0.05319731617140633,-1.8619745310146527,1.862734309716519,9.313671548582587,9.309872655073255,296.02201733432736,3.342570279523844,3.2717141920681994,39.53549480258129,1.2433886684572204,0.43695682030961075,0.2487308448132217,1.2436542240661073,0.4435859053965992
22,4.4,154.15555555555557,469.35555555555555,152,455,5,32,24.155555555555566,2.333870101986045,296.64444444444445,39.618623631979226,296.64444444444445,39.618623631979226,0.11669350509930225,0.4952327953997403,True,3,3,1,1,"fly (1,3)",0.20000000000000018,0.04361525704808855,-0.002653399668304246,0.04369589428276523,0.21847947141382595,0.013266998341521218,296.32900763026515,4.753862535091007,1.5349514796888675,39.57649517599535,0.0017718862559590305,0.20500186707030976,0.004228908840521105,0.021144544202605507,0.6319112011091429
23,4.6,154.2204724409449,470.2992125984252,152,456,5,31,24.22047244094489,2.340142264825593,295.7007874015748,39.492592641278776,295.7007874015748,39.492592641278776,0.11700711324127966,0.4936574080159847,True,3,3,1,1,"fly (1,3)",0.1999999999999993,0.06491688538932294,0.9436570428696314,0.945887317055318,4.729436585276607,-4.718285214348174,317.2229204192613,107.70148381960894,104.46956394498083,42.36700105766428,-0.630154953502251,13.952529408344686,0.12618696701174278,0.6309348350587162,14.380348038200419
24,4.8,153.1764705882353,406.6764705882353,151,403,6,9,23.176470588235304,2.239272520602445,359.3235294117647,47.98978689973485,359.3235294117647,47.98978689973485,0.11196362603012225,0.5998723362466857,True,3,3,1,1,"fly (1,3)",0.20000000000000018,-1.0440018527095845,-63.62274201018988,63.631307080427334,318.1565354021364,318.1137100509491,361.92889768365444,226.71771581657114,223.52988632196534,48.337749273276046,42.48597129228035,29.853741078058803,8.497792947067994,42.488964735339934,30.276801688689684
25,5.0,151.73267326732673,335.23762376237624,149,320,11,28,21.73267326732673,2.0997751949107952,430.76237623762376,57.53086827881452,430.76237623762376,57.53086827881452,0.10498875974553977,0.7191358534851816,True,3,3,1,1,"fly (1,3)",0.20000000000000018,-1.4437973209085726,-71.43884682585906,71.45343509246015,357.26717546230043,357.19423412929495,426.86196854979613,324.75603559232854,324.66535433070834,57.009945716166435,47.70540689539831,43.36098221445187,9.542101099134088,47.7105054956704,43.36732109617095
26,5.2,149.8,275.5,149,274,3,4,19.80000000000001,1.9130434782608707,490.5,65.50918196994992,490.5,65.50918196994992,0.09565217391304354,0.8188647746243739,True,3,3,1,1,"fly (1,3)",0.20000000000000018,-1.9326732673267202,-59.737623762376245,59.76887918250984,298.8443959125489,298.68811881188094,474.23329207920796,237.08708704684082,236.85661764705864,63.336666721764004,39.89156845567695,31.633605027987784,7.98049861150051,39.90249305750251,31.649736189413943
27,5.4,148.375,264.5625,147,263,4,5,18.375,1.7753623188405796,501.4375,66.96994991652754,501.4375,66.96994991652754,0.08876811594202899,0.8371243739565943,True,3,3,1,1,"fly (1,3)",0.20000000000000018,-1.4250000000000114,-10.9375,11.029937953134642,55.14968976567316,54.68749999999995,508.6397727272727,172.2594006904027,172.03240324032413,67.93185612384276,7.303839732888087,22.975947010393877,1.4672420030137867,7.336210015068927,22.99183554497219
28,5.6,147.47272727272727,232.0181818181818,146,224,4,16,17.47272727272727,1.68818620992534,533.9818181818182,71.31643648505084,533.9818181818182,71.31643648505084,0.084409310496267,0.8914554560631356,True,3,3,1,1,"fly (1,3)",0.1999999999999993,-0.9022727272727309,-32.5443181818182,32.556823278597115,162.78411639298616,162.72159090909156,523.1337121212122,72.64460205288644,72.46969696969717,69.8676076288764,21.732432842616596,9.678757525168228,4.347360712469013,21.73680356234514,9.691004525804688
29,5.8,147.47272727272727,232.0181818181818,146,224,4,16,17.47272727272727,1.68818620992534,533.9818181818182,71.31643648505084,533.9818181818182,71.31643648505084,0.084409310496267,0.8914554560631356,True,3,3,1,1,"fly (1,3)",0.20000000000000018,0.0,0.0,0.0,0.0,0.0,533.9818181818182,54.26137213099539,54.24053030303052,71.31643648505084,0.0,7.244144280872199,0.0,0.0,7.245601187448379
30,6.0,147.47272727272727,232.0181818181818,146,224,4,16,17.47272727272727,1.68818620992534,533.9818181818182,71.31643648505084,533.9818181818182,71.31643648505084,0.084409310496267,0.8914554560631356,True,3,3,1,1,"fly (1,3)",0.20000000000000018,0.0,0.0,0.0,0.0,0.0,516.9355227669364,85.2671705940105,-85.23147707440891,69.03980270676946,0.0,-11.383168891406887,0.0,0.0,11.385663996505615
31,6.2,148.95287958115182,283.1570680628272,147,256,6,52,18.95287958115182,1.8311960947972772,482.8429319371728,64.4865351502067,482.8429319371728,64.4865351502067,0.09155980473986386,0.806081689377584,True,3,3,1,1,"fly (1,3)",0.20000000000000018,1.4801523084245503,51.13888624464539,51.16030235640634,255.80151178203147,-255.69443122322673,477.58901927043286,196.89121342252645,-196.73251748251735,63.78484397601775,-34.14950667422066,-26.274793653758575,6.831398397903376,34.15699198951685,26.285888470552706
32,6.4,152.09615384615384,350.0576923076923,149,321,10,49,22.09615384615384,2.13489409141583,415.9423076923077,55.551560292795685,415.9423076923077,55.551560292795685,0.1067447045707915,0.694394503659946,True,3,3,1,1,"fly (1,3)",0.20000000000000018,3.1432742650020202,66.90062424486513,66.97442569710964,334.8721284855479,-334.50312122432535,391.83645918683834,312.92812184931375,-312.7476589502452,52.33208136051263,-44.67487428705506,-41.76930336564209,8.940134684428262,44.70067342214127,41.78191968718895
34,6.8,154.79310344827587,489.2758620689655,154,482,3,14,24.793103448275872,2.395468932200567,276.7241379310345,36.95814863853549,276.7241379310345,36.95814863853549,0.11977344661002837,0.46197685798169363,True,3,3,1,1,"fly (1,3)",0.39999999999999947,2.6969496021220323,139.2181697612732,139.24429011214454,348.1107252803618,-348.04542440318346,276.60676392572947,460.31358073417874,-460.13333483781656,36.94247264450477,-46.48352913565055,-61.45353386815577,18.595237459963474,46.48809364990875,61.466134863122335
35,7.0,157.23076923076923,628.8461538461538,156,627,4,5,27.230769230769226,2.6309921962095872,137.1538461538462,18.31770900218313,137.1538461538462,18.31770900218313,0.13154960981047936,0.22897136252728914,True,3,3,1,1,"fly (1,3)",0.20000000000000018,2.4376657824933545,139.5702917771883,139.59157768732544,697.9578884366266,-697.8514588859408,151.07043913940467,511.73478911615643,-511.6664824638959,20.17635247270847,-93.20219818176173,-68.33609114709797,18.641927503463414,93.20963751731699,68.34086572143475
36,7.2,158.37037037037038,726.6666666666666,157,723,4,9,28.37037037037038,2.7410985865092155,39.33333333333337,5.2531997774067944,39.33333333333337,5.2531997774067944,0.1370549293254608,0.06566499721758493,True,3,3,1,1,"fly (1,3)",0.20000000000000018,1.1396011396011545,97.82051282051282,97.8271507262963,489.13575363148107,-489.10256410256363,88.24358974358978,593.5468210340538,-593.4770114942521,11.78545438979496,-65.32254612388161,-79.26237215282167,13.064973199415709,65.32486599707849,79.26725175719774
0,0.0,154.24,445.32,153,441,4,9,24.24000000000001,2.3420289855072474,320.68,42.828714524207015,320.68,42.828714524207015,0.11710144927536237,0.5353589315525876,True,4,4,1,1,"fly (1,4)",,,,,,,320.62125000000003,0.1850095014452054,-0.14687500000000853,42.820868113522536,,-0.019616026711188894,,,0.022426233565831104
2,0.4,154.15,445.4375,152,431,5,31,24.150000000000006,2.333333333333334,320.5625,42.813021702838064,320.5625,42.813021702838064,0.1166666666666667,0.5351627712854758,True,4,4,1,1,"fly (1,4)",0.4,-0.09000000000000341,0.11750000000000682,0.14800760115616432,0.3700190028904108,-0.29375000000001705,320.36514705882354,0.7223151607146346,-0.6892156862744988,42.78666404792301,-0.03923205342237779,-0.09204883956921724,0.017940986852664886,0.04485246713166221,0.09446051921313076
4,0.8,154.26470588235293,446.1470588235294,152,441,5,10,24.264705882352928,2.344416027280476,319.8529411764706,42.718255916723955,319.8529411764706,42.718255916723955,0.11722080136402381,0.5339781989590494,True,4,4,1,1,"fly (1,4)",0.4,0.11470588235292212,0.7095588235293917,0.7187705917013973,1.7969264792534934,-1.7738970588234793,317.93497162022703,11.540837964302339,-11.461661506707943,42.4620997155562,-0.23691446528527393,-1.530772822264831,0.09541163620309202,0.23852909050773005,1.5364084027226614
5,1.0,154.86315789473684,452.61052631578946,152,441,7,27,24.863157894736844,2.402237477752352,313.38947368421054,41.85502152710659,313.38947368421054,41.85502152710659,0.1201118738876176,0.5231877690888322,True,4,4,1,1,"fly (1,4)",0.19999999999999996,0.5984520123839161,6.463467492260065,6.491113682152622,32.455568410763114,-32.31733746130033,313.438603118698,21.947928079732907,-21.89054348803742,41.861583054250154,-4.316171948086841,-2.923611818101826,0.8651687301057184,4.325843650528593,2.927627752229087
6,1.2,154.69724770642202,458.92660550458714,153,446,6,32,24.69724770642202,2.3862075078668616,307.07339449541286,41.011471718919914,307.07339449541286,41.011471718919914,0.11931037539334309,0.5126433964864989,True,4,4,1,1,"fly (1,4)",0.19999999999999996,-0.1659101883148253,6.316079188797687,6.318257869836424,31.591289349182127,-31.580395943988442,304.39260010210677,45.279921198660475,-45.23001508295627,40.65343573984731,-4.217749040933364,-6.040736572014196,0.8437021031301877,4.218510515650939,6.044228137115009
7,1.4,154.7556561085973,473.28506787330315,153,442,6,68,24.755656108597293,2.3918508317485307,292.71493212669685,39.09381397351544,292.71493212669685,39.09381397351544,0.11959254158742653,0.488672674668943,True,4,4,1,1,"fly (1,4)",0.19999999999999996,0.05840840217527443,14.358462368716005,14.358581167207236,71.7929058360362,-71.79231184358004,294.67505624245763,48.59358121765189,-48.58771929824561,39.35560016593758,-9.588288727022382,-6.489177869548672,1.917666049033098,9.588330245165492,6.4895876236243
8,1.6,154.61184210526315,481.7631578947368,153,457,4,51,24.61184210526315,2.377955758962623,284.2368421052632,37.961514805377384,284.2368421052632,37.961514805377384,0.11889778794813116,0.4745189350672173,True,4,4,1,1,"fly (1,4)",0.20000000000000018,-0.14381400333414263,8.478090021433673,8.479309693547476,42.39654846773734,-42.39045010716833,282.5190124632849,60.782473493950135,-60.78021889586353,37.73208847589782,-5.661495840690266,-8.117558450198802,1.1323844220112953,5.661922110056471,8.117716043869116
9,1.8,154.5921052631579,495.39473684210526,152,486,5,22,24.59210526315789,2.3760488176964145,270.60526315789474,36.14093664880063,270.60526315789474,36.14093664880063,0.11880244088482073,0.45176170811000793,True,4,4,1,1,"fly (1,4)",0.19999999999999996,-0.019736842105260166,13.631578947368439,13.631593235615371,68.15796617807688,-68.15789473684221,275.6300993447474,39.261554976329556,-34.444565592687475,36.812033301468766,-9.102890782883756,-4.600275872145236,1.8205791552770765,9.102895776385385,5.2431536667744725
10,2.0,154.6867469879518,493.95180722891564,153,482,4,26,24.686746987951807,2.385192945695827,272.04819277108436,36.333648450228296,272.04819277108436,36.333648450228296,0.11925964728479134,0.45417060562785366,True,4,4,1,1,"fly (1,4)",0.19999999999999996,0.09464172479391664,-1.4429296131896194,1.4460300566348931,7.230150283174467,7.214648065948099,274.86365197632637,33.378549855634354,-12.073326199534998,36.7096697130319,0.9635590071383151,-1.6124642670497442,0.1929286227763124,0.9646431138815622,4.457058101679866
12,2.4,155.125,484.0625,153,480,6,10,25.125,2.427536231884058,281.9375,37.65442404006678,281.9375,37.65442404006678,0.1213768115942029,0.4706803005008347,True,4,4,1,1,"fly (1,4)",0.3999999999999999,0.4382530120481931,-9.88930722891564,9.899013242260688,24.747533105651726,24.72326807228911,272.54595556137593,41.136064858338564,-19.829571432181737,36.40012762088494,3.301938974596209,-2.648356785600235,1.3214541659090608,3.303635414772653,5.4930393737717695
13,2.6,154.95652173913044,502.3478260869565,154,499,3,8,24.956521739130437,2.411258139046419,263.6521739130435,35.21231037235973,263.6521739130435,35.21231037235973,0.12056290695232096,0.44015387965449665,True,4,4,1,1,"fly (1,4)",0.20000000000000018,-0.16847826086956275,18.285326086956502,18.28610223723792,91.43051118618952,-91.42663043478242,282.8498913043478,104.25845214167818,43.27858935742978,37.77627930608986,-12.210568338535229,5.780112101159233,2.442167918532221,12.210839592661094,13.922502555138543
14,2.8,154.0,463.04,152,455,5,19,24.0,2.318840579710145,302.96,40.46210350584307,302.96,40.46210350584307,0.11594202898550725,0.5057762938230383,True,4,4,1,1,"fly (1,4)",0.19999999999999973,-0.9565217391304373,-39.30782608695648,39.319462426638616,196.59731213319333,196.53913043478266,303.6011594202899,164.73539065931894,103.7563405797102,40.54773414628246,26.24896566741672,13.857274200962967,5.25060653159637,26.253032657981883,21.99960773030013
15,3.0,153.4,421.8086956521739,151,412,7,21,23.400000000000006,2.260869565217392,344.1913043478261,45.968788560644555,344.1913043478261,45.968788560644555,0.11304347826086959,0.5746098570080569,True,4,4,1,1,"fly (1,4)",0.20000000000000018,-0.5999999999999943,-41.2313043478261,41.235669731714836,206.178348658574,206.1565217391303,345.8200914824979,211.1365651669129,211.09466031104043,46.186322735558996,27.53342527400741,28.19294294638269,5.506990188051489,27.53495094025742,28.19587211265892
16,3.2,152.48172757475083,375.69102990033224,149,349,9,60,22.481727574750835,2.1721475917633657,390.30897009966776,52.12807614018935,390.30897009966776,52.12807614018935,0.10860737958816828,0.6516009517523669,True,4,4,1,1,"fly (1,4)",0.20000000000000018,-0.918272425249171,-46.117665751841685,46.12680694179432,230.6340347089714,230.58832875920822,378.1568290711504,161.7067750226693,161.68368794326236,50.505085685629446,30.796437897723948,21.593814750352237,6.159926547947497,30.799632739737458,21.595428522497212
17,3.4,152.4,366.02978723404254,149,341,9,47,22.400000000000006,2.1642512077294693,399.97021276595746,53.41839235605442,399.97021276595746,53.41839235605442,0.10821256038647346,0.6677299044506803,True,4,4,1,1,"fly (1,4)",0.19999999999999973,-0.08172757475082904,-9.661242666289695,9.661588340092486,48.30794170046249,48.30621333144854,396.7497985438609,92.98065880314464,92.96484736355227,52.98828695076606,6.4515810793253525,12.4160063256831,1.2903403774993487,6.451701887496752,12.417111542411405
18,3.6,152.4,366.02978723404254,149,341,9,47,22.400000000000006,2.1642512077294693,399.97021276595746,53.41839235605442,399.97021276595746,53.41839235605442,0.10821256038647346,0.6677299044506803,True,4,4,1,1,"fly (1,4)",0.20000000000000018,0.0,0.0,0.0,0.0,0.0,399.91719477673274,16.370334030932078,15.836981164359194,53.41131148937999,0.0,2.1151226930696776,0.0,0.0,2.1861535619196997
19,3.8,152.37768240343348,366.18884120171674,149,341,9,47,22.377682403433482,2.1620949182061335,399.81115879828326,53.397149756031155,399.81115879828326,53.397149756031155,0.10810474591030668,0.6674643719503894,True,4,4,1,1,"fly (1,4)",0.19999999999999973,-0.022317596566523434,0.15905396767419688,0.16061207846675343,0.8030603923337682,-0.7952698383709855,399.5601647904194,1.789829205130592,-1.7851499315665258,53.36362801875384,-0.10621300011631987,-0.2384173531307471,0.021351759652469424,0.10675879826234726,0.23874488759787804
20,4.0,152.42543859649123,367.10087719298247,149,346,9,42,22.425438596491233,2.1667090431392495,398.89912280701753,53.27534194417597,398.89912280701753,53.27534194417597,0.10833545215696248,0.6659417743021996,True,4,4,1,1,"fly (1,4)",0.20000000000000018,0.047756193057750806,0.912035991265725,0.9132854446116081,4.566427223058036,-4.5601799563286205,395.5479895359844,20.070341010963293,-20.06087627217489,52.8277782351899,-0.6090390592759215,-2.6792489178196846,0.12189517290625748,0.6094758645312869,2.679910960971727
21,4.2,152.6763925729443,378.0663129973475,149,348,10,66,22.67639257294431,2.1909558041492088,387.9336870026525,51.81084300536261,387.9336870026525,51.81084300536261,0.10954779020746043,0.6476355375670325,True,4,4,1,1,"fly (1,4)",0.20000000000000018,0.2509539764530757,10.965435804365029,10.96830708349963,54.8415354174981,-54.827179021825096,383.5738995661863,59.877438823769616,-59.87044984899051,51.228567554749425,-7.322494694066813,-7.996053402202409,1.4646996440243107,7.3234982201215475,7.996541976238248
22,4.4,152.6172839506173,402.1111111111111,150,393,7,21,22.617283950617292,2.185244826146598,363.8888888888889,48.599517714709705,363.8888888888889,48.599517714709705,0.10926224130732991,0.6074939714338713,True,4,4,1,1,"fly (1,4)",0.20000000000000018,-0.05910862232701675,24.04479811376359,24.044870766150574,120.22435383075276,-120.22399056881784,360.8213617751679,113.77912677686476,-113.76268895509226,48.18983128883712,-16.056626453264492,-15.193681329561583,3.211330368812385,16.05665184406191,15.194830338486033
23,4.6,153.29559748427673,435.35849056603774,150,419,8,35,23.295597484276726,2.2507823656306014,330.64150943396226,44.15913314643903,330.64150943396226,44.15913314643903,0.11253911828153008,0.551989164330488,True,4,4,1,1,"fly (1,4)",0.1999999999999993,0.6783135336594341,33.24737945492666,33.25429821646857,166.27149108234343,-166.2368972746339,338.052161759791,113.88447903254082,-113.8460000768847,45.14886968411232,-22.201922841353444,-15.204808023624004,4.440868190254913,22.204340951274645,15.207498264788525
24,4.8,153.8913043478261,446.37391304347824,151,412,7,82,23.891304347826093,2.3083385843310236,319.62608695652176,42.687958191188216,319.62608695652176,42.687958191188216,0.11541692921655118,0.5335994773898527,True,4,4,1,1,"fly (1,4)",0.20000000000000018,0.595706863549367,11.015422477440495,11.03151843690528,55.15759218452635,-55.077112387202426,322.4830041065625,77.90325039478832,-77.84578826614249,43.069516408222036,-7.355874776254077,-10.396766379451421,1.472300399805805,7.361501999029019,10.400784968627027
25,5.0,154.1283185840708,448.8185840707965,152,416,6,78,24.128318584070797,2.3312385105382414,317.1814159292035,42.36145788703887,317.1814159292035,42.36145788703887,0.11656192552691207,0.5295182235879858,True,4,4,1,1,"fly (1,4)",0.20000000000000018,0.23701423624470408,2.444671027318236,2.456133583499045,12.280667917495213,-12.22335513659117,320.29102555207237,33.97305160040464,-10.9598927724507,42.776764681412004,-1.6325015207467415,-1.4637586340501691,0.32730239111548387,1.636511955577418,4.533105755544607
26,5.2,153.72131147540983,441.9344262295082,152,433,5,20,23.721311475409834,2.2919141522135105,324.0655737704918,43.28087796600893,324.0655737704918,43.28087796600893,0.11459570761067553,0.5410109745751116,True,4,4,1,1,"fly (1,4)",0.20000000000000018,-0.407007108660963,-6.8841578412882996,6.896178939838476,34.48089469919235,34.42078920644147,321.18550450307305,18.51535416312906,4.472394755003397,42.896227646487226,4.597100394850311,0.5973148253760854,0.9202606624054778,4.601303312027385,2.470255588397475
27,5.4,153.66666666666666,443.6904761904762,152,433,5,20,23.666666666666657,2.286634460547503,322.3095238095238,43.04634708641387,322.3095238095238,43.04634708641387,0.11433172302737515,0.5380793385801733,True,4,4,1,1,"fly (1,4)",0.20000000000000018,-0.05464480874317701,1.7560499609680278,1.7568999745399254,8.78449987269962,-8.780249804840132,315.20938626816843,52.860979752429074,-29.880591174523037,42.09808163848661,-1.1726543979753135,-3.9907300400030796,0.2345902995175248,1.172951497587623,7.057784562188936
28,5.6,154.23673469387757,466.7469387755102,151,441,8,56,24.236734693877565,2.3417134969930014,299.2530612244898,39.96701986303703,299.2530612244898,39.96701986303703,0.11708567484965007,0.49958774828796293,True,4,4,1,1,"fly (1,4)",0.1999999999999993,0.5700680272109082,23.056462585034012,23.063508937078968,115.31754468539525,-115.28231292517047,307.615306122449,44.77406057614937,-37.970400728597575,41.08384722837382,-15.396636116884237,-5.071172050563965,3.0798197753903493,15.399098876951802,5.977546575228042
29,5.8,154.0,464.71666666666664,151,437,7,60,24.0,2.318840579710145,301.28333333333336,40.23817473567056,301.28333333333336,40.23817473567056,0.11594202898550725,0.5029771841958821,True,4,4,1,1,"fly (1,4)",0.20000000000000018,-0.2367346938775654,-2.030272108843576,2.04402743407065,10.22013717035324,10.151360544217871,300.3995584198592,42.881394579903684,-36.0787385129491,40.12014135824496,1.3557743631676533,-4.818529350644306,0.27211787022894096,1.3605893511447036,5.724833705766674
30,6.0,154.01754385964912,465.3377192982456,151,437,7,60,24.017543859649123,2.3205356386134417,300.6622807017544,40.155229476027294,300.6622807017544,40.155229476027294,0.11602678193067209,0.5019403684503413,True,4,4,1,1,"fly (1,4)",0.20000000000000018,0.017543859649123306,0.621052631578948,0.6213003767925178,3.1065018839625864,-3.105263157894737,303.16705653021444,15.948503306763184,13.837490551776257,40.489757132582895,-0.4147262982163365,1.8480788716896612,0.08296257784070288,0.414812889203514,2.12742048524149
31,6.2,154.39814814814815,458.44444444444446,152,443,6,37,24.398148148148152,2.3573089998210777,307.55555555555554,41.07586718605083,307.55555555555554,41.07586718605083,0.11786544999105387,0.5134483398256353,True,4,4,1,1,"fly (1,4)",0.20000000000000018,0.38060428849902905,-6.893274853801131,6.90377417319475,34.518870865973724,34.46637426900563,306.63927875243667,19.4615687824836,17.36111111111104,40.95349298863928,4.603188550117667,2.3186792802819505,0.9213718430752508,4.60685921537625,2.5972809196966815
32,6.4,154.15,454.3,153,450,3,9,24.150000000000006,2.333333333333334,311.7,41.62938230383973,311.7,41.62938230383973,0.1166666666666667,0.5203672787979966,True,4,4,1,1,"fly (1,4)",0.20000000000000018,-0.24814814814814667,-4.144444444444446,4.151866719502902,20.75933359751449,20.72222222222221,309.40415070242653,20.716232238697696,16.110279290179395,41.322758023696366,2.7675755889445215,2.15162327748641,0.5540341309020562,2.7701706545102787,2.7646048692409355
34,6.8,153.98275862068965,457.0431034482759,152,432,5,48,23.98275862068965,2.3171747459603527,308.9568965517241,41.26302458119855,308.9568965517241,41.26302458119855,0.11585873729801764,0.5157878072649819,True,4,4,1,1,"fly (1,4)",0.39999999999999947,-0.16724137931035443,2.7431034482758605,2.7481969010419443,6.87049225260487,-6.85775862068966,306.19282172639174,27.61042514606189,-13.77072533994435,40.89386600686367,-0.9158943066029591,-1.8391619819625278,0.3667138951345099,0.916784737836276,3.6859523130075917
35,7.0,154.31372549019608,468.078431372549,153,459,4,21,24.313725490196077,2.3491522212749834,297.921568627451,39.78919113555272,297.921568627451,39.78919113555272,0.11745761106374916,0.497364889194409,True,4,4,1,1,"fly (1,4)",0.20000000000000018,0.33096686950642606,11.035327924273133,11.040289917613272,55.20144958806631,-55.17663962136562,292.2244456580156,67.57272153738921,-67.55596080165043,39.02830659873331,-7.369167228229146,-9.022498938450815,1.474180309335245,7.370901546676219,9.023670656619133
36,7.2,154.69230769230768,496.20512820512823,154,487,3,18,24.69230769230768,2.385730211817167,269.79487179487177,36.03270407944865,269.79487179487177,36.03270407944865,0.11928651059085835,0.45040880099310815,True,4,4,1,1,"fly (1,4)",0.20000000000000018,0.3785822021116019,28.126696832579228,28.12924455429932,140.64622277149647,-140.63348416289602,278.8578610931552,66.84586821537745,-66.8329228243021,37.24312001244143,-18.782435280520335,-8.925932931459384,3.756665137068984,18.783325685344902,8.926837840758
37,7.4,154.71428571428572,497.14285714285717,154,489,3,16,24.714285714285722,2.387853692201519,268.85714285714283,35.907464822322915,268.85714285714283,35.907464822322915,0.11939268461007595,0.44884331027903646,True,4,4,1,1,"fly (1,4)",0.20000000000000018,0.021978021978043216,0.9377289377289344,0.937986457313912,4.689932286569555,-4.6886446886446675,280.34275075859233,104.3229926420674,7.4244483271859,37.44143582752485,-0.6261962856286724,0.9915790754171496,0.125257258050576,0.6262862902528794,13.931863825902097
38,7.6,154.006600660066,463.6237623762376,151,432,7,66,24.006600660066,2.319478324644058,302.3762376237624,40.38413858080299,302.3762376237624,40.38413858080299,0.11597391623220289,0.5048017322600373,True,4,4,1,1,"fly (1,4)",0.1999999999999993,-0.7076850542197235,-33.51909476661956,33.52656457362712,167.6328228681362,167.5954738330984,321.5679368628107,209.2664041453621,206.12593052109196,42.94730375463248,22.383368792400454,27.52933963553816,4.477195900421685,22.385979502108505,27.94783208853129
39,7.8,153.55913978494624,372.5295698924731,150,347,12,55,23.55913978494624,2.276245389849878,393.4704301075269,52.55030786077154,393.4704301075269,52.55030786077154,0.11381226949249391,0.6568788482596443,True,4,4,1,1,"fly (1,4)",0.20000000000000018,-0.4474608751197593,-91.09419248376452,91.09529145627617,455.4764572813805,455.4709624188222,373.11128240615625,257.7727072771656,257.7167277167277,49.83122302586395,60.83084639984269,34.4195963561573,12.166246094646507,60.83123047323248,34.42350976315462
40,8.0,152.33333333333334,342.51282051282055,150,339,7,9,22.333333333333343,2.157809983896941,423.48717948717945,56.559222636017296,423.48717948717945,56.559222636017296,0.10789049919484707,0.7069902829502162,True,4,4,1,1,"fly (1,4)",0.20000000000000018,-1.2258064516128968,-30.016749379652538,30.041768336396025,150.20884168198,150.08374689826255,413.45766473669704,202.23322000393816,201.7319116527035,55.21972150072747,20.044573876228764,26.942492374317656,4.010663862824578,20.053319314122874,26.995998081932246
41,8.2,152.52307692307693,342.5846153846154,150,337,7,13,22.52307692307693,2.176142697881829,423.4153846153846,56.5496340053936,423.4153846153846,56.5496340053936,0.10880713489409144,0.70687042506742,True,4,4,1,1,"fly (1,4)",0.1999999999999993,0.18974358974358552,0.07179487179485022,0.2028722096907831,1.0143610484539192,-0.3589743589742524,425.85823175003503,62.502424110522554,62.00283506669003,56.87589071786778,-0.04794315311848169,8.280846085701521,0.02068889168828003,0.10344445844140052,8.334231619200098
42,8.4,152.49180327868854,335.327868852459,149,319,11,31,22.491803278688536,2.173121089728361,430.672131147541,57.51881551219246,430.672131147541,57.51881551219246,0.10865605448641805,0.7189851939024057,True,4,4,1,1,"fly (1,4)",0.20000000000000107,-0.031273644388392086,-7.256746532156399,7.256813920226786,36.28406960113374,36.2837326607818,426.6880866496574,20.91397679048359,4.149274498111693,56.98672275788413,4.845907533994281,0.5541602000816913,0.9691862170072089,4.845931085036018,2.741647784068983
43,8.6,154.45348837209303,340.0232558139535,149,316,18,39,24.453488372093034,2.3626558813616456,425.9767441860465,56.89171875606632,425.9767441860465,56.89171875606632,0.11813279406808229,0.711146484450829,True,4,4,1,1,"fly (1,4)",0.1999999999999993,1.9616850934044976,4.695386961494478,5.088699944372605,25.443499721863116,-23.47693480747247,426.9885140000847,24.76444991959531,1.5021367521367022,57.02684661102969,-3.1354837806307256,0.20061926572778477,0.6551135617459035,3.2755678087295292,3.185562396166391
44,8.8,152.56666666666666,341.68333333333334,150,333,9,15,22.566666666666663,2.1803542673107885,424.31666666666666,56.67000556483028,424.31666666666666,56.67000556483028,0.10901771336553943,0.7083750695603784,True,4,4,1,1,"fly (1,4)",0.20000000000000107,-1.886821705426371,1.660077519379854,2.513156087157829,12.565780435789078,-8.300387596899226,428.09780361757106,28.815888379681848,5.54644808743172,57.17499881369898,-1.1085659561802015,0.7407610133464656,0.2870376589467263,1.4351882947336239,3.7262023597387586
45,9.0,152.27659574468086,332.0,149,315,11,33,22.27659574468086,2.152328091273513,434.0,57.96327212020034,434.0,57.96327212020034,0.10761640456367566,0.7245409015025042,True,4,4,1,1,"fly (1,4)",0.1999999999999993,-0.29007092198580153,-9.683333333333337,9.687676996278634,48.43838498139334,48.416666666666856,431.4619496855346,23.794934635871698,16.82073033981774,57.62430045883601,6.466332776850324,2.2465082256851687,1.29357019515062,6.467850975753123,3.09574211091871
46,9.2,152.1069182389937,329.9308176100629,149,311,11,37,22.1069182389937,2.135934129371372,436.0691823899371,58.23962369147741,436.0691823899371,58.23962369147741,0.10679670646856859,0.7279952961434676,True,4,4,1,1,"fly (1,4)",0.1999999999999993,-0.16967750568716156,-2.0691823899371116,2.07612769808653,10.380638490432688,10.345911949685595,435.40702704137146,19.745640501901455,19.725386779184337,58.151188920383504,1.381757856385382,2.6344423077374635,0.2768374124538758,1.3841870622693837,2.635858923317236
47,9.4,152.09493670886076,329.8481012658228,149,310,11,38,22.094936708860757,2.134776493609735,436.1518987341772,58.25067094947275,436.1518987341772,58.25067094947275,0.10673882468048675,0.7281333868684093,True,4,4,1,1,"fly (1,4)",0.20000000000000107,-0.011981530132942453,-0.08271634424011154,0.08357960677566773,0.4178980338783364,0.4135817212005555,438.24128118501784,14.810403401491508,14.17127071823212,58.52972035860005,0.0552362899766831,1.8926571910827474,0.011107746385840446,0.05553873192920194,1.9379296063328777
48,9.6,149.87845303867402,323.49723756906076,147,304,7,43,19.878453038674024,1.9206234819974903,442.50276243093924,59.09886643484998,442.50276243093924,59.09886643484998,0.09603117409987451,0.7387358304356247,True,4,4,1,1,"fly (1,4)",0.1999999999999993,-2.216483670186733,-6.350863696762019,6.726534736032677,33.6326736801635,31.75431848381021,440.85564728895696,13.986644733239432,13.071830519695526,58.87888444593748,4.240977426886176,1.7458204366872028,0.8748126049600067,4.374063024800049,1.8109108889836287
49,9.8,150.59649122807016,322.0877192982456,147,306,11,32,20.596491228070164,1.9899991524705472,443.9122807017544,59.28711595348973,443.9122807017544,59.28711595348973,0.09949995762352737,0.7410889494186217,True,4,4,1,1,"fly (1,4)",0.20000000000000107,0.7180381893961396,-1.4095182708151697,1.5818724971353009,7.909362485676462,7.047591354075811,443.2075215663468,20.77101808291998,19.40095491894301,59.19299119416985,0.941247593198748,2.5911125100424623,0.20062618204432833,1.0031309102216364,2.688596967510842
0,0.0,151.72727272727272,412.72727272727275,151,411,3,5,21.72727272727272,2.099253403601229,353.27272727272725,47.18166641371983,353.27272727272725,47.18166641371983,0.10496267018006145,0.5897708301714979,True,5,5,1,1,"fly (1,5)",,,,,,,347.45215311004785,14.734368481423587,-14.551435406698516,46.40429423840372,,-1.9434304382902834,,,1.9562548992164726
2,0.4,153.57894736842104,424.36842105263156,152,418,4,13,23.57894736842104,2.2781591660310183,341.63157894736844,45.626922063087605,341.63157894736844,45.626922063087605,0.11390795830155093,0.5703365257885951,True,5,5,1,1,"fly (1,5)",0.4,1.8516746411483211,11.641148325358813,11.78749478513887,29.468736962847174,-29.102870813397033,328.90143540669857,51.354864443277876,-51.2272727272727,43.92673594747226,-3.886860876580567,-6.8417058734254015,1.5650039193731782,3.912509798432945,6.850649487365836
4,0.8,154.4,474.2,154,472,2,6,24.400000000000006,2.3574879227053147,291.8,38.97161936560935,291.8,38.97161936560935,0.11787439613526572,0.4871452420701169,True,5,5,1,1,"fly (1,5)",0.4,0.821052631578965,49.83157894736843,49.838342546794586,124.59585636698645,-124.57894736842107,298.88299008390544,98.99589861494572,-98.86495388669304,39.91759466896901,-16.63825674369564,-13.204000519090888,6.655775465465826,16.639438663664563,13.213178501164315
5,1.0,154.73913043478262,502.7826086956522,154,499,3,10,24.739130434782624,2.390254148288176,263.2173913043478,35.15424257821006,263.2173913043478,35.15424257821006,0.11951270741440881,0.4394280322276257,True,5,5,1,1,"fly (1,5)",0.19999999999999996,0.33913043478261784,28.582608695652198,28.584620503000707,142.92310251500356,-142.91304347826102,273.05985115550334,90.89824619079889,-87.58937885253674,36.468761423105626,-19.086883936996454,-11.698080648085037,3.817517408279086,19.087587041395434,12.13006600535258
6,1.2,155.16216216216216,501.8378378378378,154,496,4,13,25.16216216216216,2.4311267789528657,264.1621621621622,35.280422325497454,264.1621621621622,35.280422325497454,0.1215563389476433,0.44100527906871817,True,5,5,1,1,"fly (1,5)",0.19999999999999996,0.42303172737953787,-0.9447708578143761,1.0351559380813249,5.1757796904066256,4.723854289071881,291.0977821899861,117.52083764375323,22.063296054675323,38.877834015357074,0.6308987364369757,2.946683947202048,0.13263446219954683,0.6631723109977343,15.684235657187676
8,1.6,152.81034482758622,420.08620689655174,150,414,6,14,22.81034482758622,2.203898050974514,345.91379310344826,46.19883714236371,345.91379310344826,46.19883714236371,0.1101949025487257,0.5774854642795464,True,5,5,1,1,"fly (1,5)",0.40000000000000013,-2.3518173345759408,-81.75163094128607,81.78545229033983,204.46363072584953,204.3790773532151,347.904106300658,216.09169287594946,215.90526143562133,46.46465526553029,27.296037042165622,28.835427236810858,10.920779047667946,27.301947619169855,28.848686870414273
9,1.8,151.91558441558442,332.3636363636364,148,315,12,32,21.91558441558442,2.117447769621683,433.6363636363636,57.9147063287297,433.6363636363636,57.9147063287297,0.10587238848108416,0.7239338291091213,True,5,5,1,1,"fly (1,5)",0.19999999999999996,-0.8947604120018013,-87.72257053291537,87.72713364231842,438.6356682115922,438.61285266457696,389.7750783699059,321.5496494687209,321.495965008896,52.056771735546704,58.57934593182998,42.9376914869978,11.716188136215044,58.580940681075234,42.94144415012254
0,0.0,151.78571428571428,406.2142857142857,151,404,3,6,21.785714285714278,2.1048999309868868,359.7857142857143,48.05151442880992,359.7857142857143,48.05151442880992,0.10524499654934434,0.600643930360124,True,6,6,1,1,"fly (1,6)",,,,,,,375.0399159663865,38.13630311155752,38.13550420168063,50.08880346796481,,5.09322259788723,,,5.093278439261064
2,0.4,151.58823529411765,375.7058823529412,151,371,3,9,21.588235294117652,2.0858198351804496,390.2941176470588,52.1260925071197,390.2941176470588,52.1260925071197,0.10429099175902247,0.6515761563389963,True,6,6,1,1,"fly (1,6)",0.4,-0.19747899159662552,-30.508403361344506,30.509042489246017,76.27260622311503,76.27100840336126,401.5673513849984,79.05014959754806,79.03042328042332,53.631699684140024,10.18644519577446,10.554981406400449,4.074622751408851,10.186556878522127,10.556360323810788
4,0.8,149.86666666666667,311.37777777777774,149,303,3,18,19.866666666666674,1.9194847020933985,454.62222222222226,60.717492116490455,454.62222222222226,60.717492116490455,0.09597423510466993,0.7589686514561307,True,6,6,1,1,"fly (1,6)",0.4,-1.7215686274509778,-64.32810457516348,64.35113702781166,160.87784256952915,160.8202614379087,419.4977543154014,114.09114106651744,44.826007326007336,56.026411260821554,21.478499023426885,5.986778941703818,8.593009637164096,21.48252409291024,15.183373106084451
6,1.2,159.0,352.4230769230769,156,350,7,5,29.0,2.8019323671497585,413.5769230769231,55.2356491588545,413.5769230769231,55.2356491588545,0.14009661835748793,0.6904456144856813,True,6,6,1,1,"fly (1,6)",0.3999999999999999,9.133333333333326,41.04529914529917,42.049189762763255,105.12297440690816,-102.61324786324795,421.0966847966849,120.32369337960074,-11.407685451803042,56.239957902729195,-13.70460739408989,-1.5235640002408093,5.552415338728393,13.881038346820985,15.962281113663613
7,1.4,163.36363636363637,370.9090909090909,162,370,4,3,33.363636363636374,3.2235397452788765,395.0909090909091,52.766732432842616,395.0909090909091,52.766732432842616,0.16117698726394383,0.6595841554105327,True,6,6,1,1,"fly (1,6)",0.19999999999999996,4.363636363636374,18.486013986013972,18.994052632472982,94.97026316236493,-92.43006993006988,401.2529137529138,66.69774585642436,-65.01443926443928,53.58970467484658,-12.344583630059422,-8.683063674716438,2.504656180251922,12.523280901259612,8.801439749360199
8,1.6,163.36363636363637,370.9090909090909,162,370,4,3,33.363636363636374,3.2235397452788765,395.0909090909091,52.766732432842616,395.0909090909091,52.766732432842616,0.16117698726394383,0.6595841554105327,True,6,6,1,1,"fly (1,6)",0.20000000000000018,0.0,0.0,0.0,0.0,0.0,398.9050505050505,51.69814610309695,-11.739316239316324,53.27613362337903,0.0,-1.567855257337729,0.0,0.0,6.790082039157788
9,1.8,159.66666666666666,359.4666666666667,158,358,5,4,29.666666666666657,2.866344605475039,406.5333333333333,54.29493600445186,406.5333333333333,54.29493600445186,0.14331723027375196,0.6786867000556482,True,6,6,1,1,"fly (1,6)",0.19999999999999996,-3.696969696969717,-11.442424242424181,12.024835029385184,60.12417514692593,57.21212121212092,408.34601184256354,48.464384208575304,47.204806687565224,54.53702996227894,7.641017858046235,6.304481694499547,1.56939304324275,7.846965216213752,6.393372598955352
10,2.0,157.24137931034483,342.58620689655174,155,340,6,7,27.241379310344826,2.6320173246709975,423.41379310344826,56.54942144954234,423.41379310344826,56.54942144954234,0.13160086623354988,0.7068677681192792,True,6,6,1,1,"fly (1,6)",0.19999999999999996,-2.4252873563218316,-16.880459770114953,17.053795495759996,85.2689774788,84.40229885057478,415.5552921455939,56.92572468348438,41.62560410135835,55.4998720728673,11.272427225452406,5.559346123720661,2.2666305161304607,11.333152580652307,7.359286027179345
12,2.4,164.875,349.28125,161,347,8,5,34.875,3.369565217391304,416.71875,55.65525876460768,416.71875,55.65525876460768,0.16847826086956522,0.695690734557596,True,6,6,1,1,"fly (1,6)",0.3999999999999999,7.633620689655174,6.695043103448256,10.153608569890883,25.384021424727212,-16.737607758620644,418.9265339756592,37.37698345619746,22.435411736533695,55.95012139908638,-2.2354067123366588,2.996382201874273,1.15909611386879,2.897740284671976,4.792488446225502
13,2.6,164.58823529411765,349.3529411764706,160,347,9,5,34.58823529411765,3.3418584825234445,416.6470588235294,55.645683983109095,416.6470588235294,55.645683983109095,0.16709292412617224,0.6955710497888637,True,6,6,1,1,"fly (1,6)",0.20000000000000018,-0.2867647058823479,0.0716911764706083,0.2955902930130308,1.4779514650651526,-0.35845588235304116,416.6709558823529,8.953990963264127,-5.698687880324567,55.648875576941954,-0.04787390749292793,-0.7610935399431956,0.029314494670444665,0.1465724733522232,1.0147709193413996
14,2.8,164.58823529411765,349.3529411764706,160,347,9,5,34.58823529411765,3.3418584825234445,416.6470588235294,55.645683983109095,416.6470588235294,55.645683983109095,0.16709292412617224,0.6955710497888637,True,6,6,1,1,"fly (1,6)",0.19999999999999973,0.0,0.0,0.0,0.0,0.0,416.3095776772247,2.2421372887234834,-1.8068910256410726,55.600611375923165,0.0,-0.24132100509396756,0.0,0.0,0.2785971090516512
15,3.0,164.8653846153846,350.36538461538464,160,347,10,7,34.86538461538461,3.368636194723151,415.63461538461536,55.5104661615513,415.63461538461536,55.5104661615513,0.16843180973615754,0.6938808270193912,True,6,6,1,1,"fly (1,6)",0.20000000000000018,0.2771493212669611,1.0124434389140333,1.0496920802210574,5.248460401105283,-5.062217194570162,416.187908496732,2.9488311375243317,-0.6083459024635397,55.58436173579057,-0.6760891077889747,-0.08124820066290296,0.13784377076054619,0.6892188538027303,0.3824728317127117
16,3.2,165.17948717948718,349.71794871794873,161,347,9,7,35.17948717948718,3.398984268549486,416.28205128205127,55.59693506271135,416.28205128205127,55.59693506271135,0.16994921342747432,0.6949616882838919,True,6,6,1,1,"fly (1,6)",0.20000000000000018,0.3141025641025692,-0.647435897435912,0.7196066022935402,3.598033011467698,3.2371794871795574,415.5984848484848,5.632930247448144,-2.9471182412358683,55.50564071432185,0.4323445058002658,-0.3936051073436771,0.09163992826708102,0.4581996413354047,0.7197544333145559
17,3.4,165.96969696969697,351.1212121212121,161,347,12,8,35.96969696969697,3.475333040550432,414.8787878787879,55.40952091870289,414.8787878787879,55.40952091870289,0.1737666520275216,0.6926190114837861,True,6,6,1,1,"fly (1,6)",0.19999999999999973,0.7902097902097864,1.403263403263395,1.6104594659542848,8.052297329771434,-7.016317016316985,415.3465423465423,3.8834434470797152,-1.2597125097124806,55.47199230003904,-0.9370707200423224,-0.1682420714140189,0.2023689609611063,1.0118448048055328,0.49001481538031255
18,3.6,165.96969696969697,351.1212121212121,161,347,12,8,35.96969696969697,3.475333040550432,414.8787878787879,55.40952091870289,414.8787878787879,55.40952091870289,0.1737666520275216,0.6926190114837861,True,6,6,1,1,"fly (1,6)",0.20000000000000018,0.0,0.0,0.0,0.0,0.0,415.3358585858586,5.483173805445012,-0.05341880341878902,55.470565420481954,0.0,-0.007134397785471018,0.0,0.0,0.6801283275704426
19,3.8,165.0,349.75,161,347,10,7,35.0,3.3816425120772946,416.25,55.59265442404007,416.25,55.59265442404007,0.16908212560386474,0.6949081803005008,True,6,6,1,1,"fly (1,6)",0.19999999999999973,-0.9696969696969688,-1.3712121212121247,1.679444817312715,8.397224086563586,6.856060606060632,415.3484848484848,6.465846579533481,0.06313131313125601,55.472251732685784,0.9156675266859094,0.008431561019199027,0.20570803558115877,1.0285401779057952,0.752112047495246
20,4.0,166.75,351.08333333333337,163,347,10,8,36.75,3.550724637681159,414.91666666666663,55.41457985531441,414.91666666666663,55.41457985531441,0.17753623188405798,0.6926822481914301,True,6,6,1,1,"fly (1,6)",0.20000000000000018,1.75,1.3333333333333712,2.200063130407371,11.000315652036845,-6.66666666666685,415.3732638888889,8.628158855068405,0.123895202020208,55.47556112038583,-0.8903728436283124,0.016546938500189578,0.24555919291598877,1.2277959645799428,0.9611062235274644
21,4.2,165.453125,351.046875,161,347,11,8,35.453125,3.4254227053140096,414.953125,55.419449081803,414.953125,55.419449081803,0.17127113526570048,0.6927431135225376,True,6,6,1,1,"fly (1,6)",0.20000000000000018,-1.296875,-0.03645833333337123,1.2973873653209542,6.486936826604765,0.18229166666685598,414.94097222222223,5.829084159547207,-2.161458333333336,55.417826006306804,0.02434613244297166,-0.28867557039511355,0.1253965056193312,0.6269825280966553,0.6182594975588661
22,4.4,165.453125,351.046875,161,347,11,8,35.453125,3.4254227053140096,414.953125,55.419449081803,414.953125,55.419449081803,0.17127113526570048,0.6927431135225376,True,6,6,1,1,"fly (1,6)",0.20000000000000018,0.0,0.0,0.0,0.0,0.0,415.0994689542483,3.167949023093037,0.792483660130754,55.43899418420679,0.0,0.10584088949993777,0.0,0.0,0.3272852291811776
23,4.6,165.0392156862745,350.6078431372549,161,347,10,7,35.0392156862745,3.3854314672728987,415.3921568627451,55.47808438901437,415.3921568627451,55.47808438901437,0.16927157336364493,0.6934760548626796,True,6,6,1,1,"fly (1,6)",0.1999999999999993,-0.41390931372549744,-0.43903186274508244,0.6033820485348641,3.016910242674331,2.19515931372542,410.6279144670689,24.095919352667305,-22.357772435897402,54.84179158157847,0.29317653605684163,-2.9860130131415574,0.07097463188937521,0.3548731594468773,3.2020848249017404
24,4.8,165.15384615384616,364.46153846153845,163,362,5,6,35.15384615384616,3.396506874767745,401.53846153846155,53.627841273918065,401.53846153846155,53.627841273918065,0.16982534373838726,0.6703480159239759,True,6,6,1,1,"fly (1,6)",0.20000000000000018,0.11463046757165785,13.853695324283535,13.854169563065525,69.27084781532757,-69.26847662141762,404.5489448724743,33.95605080242998,-30.394847972972883,54.02990916493814,-9.251215575481515,-4.059412083201717,1.8502762630516705,9.251381315258344,4.409051181128049
25,5.0,168.5810810810811,369.28378378378375,164,364,10,13,38.581081081081095,3.7276406841624246,396.71621621621625,52.98380183188197,396.71621621621625,52.98380183188197,0.18638203420812124,0.6622975228985246,True,6,6,1,1,"fly (1,6)",0.20000000000000018,3.4272349272349345,4.822245322245294,5.916078869857607,29.58039434928801,-24.11122661122645,398.89044814044814,36.34652876285048,-28.29248366013074,53.27418339104482,-3.220197210180477,-3.778628869466548,0.7241798137357861,3.6208990686789275,4.710231600454943
26,5.2,167.45833333333334,367.58333333333337,164,364,7,11,37.45833333333334,3.6191626409017723,398.41666666666663,53.21090706733444,398.41666666666663,53.21090706733444,0.18095813204508862,0.6651363383416805,True,6,6,1,1,"fly (1,6)",0.20000000000000018,-1.122747747747752,-1.7004504504503757,2.0376688247871724,10.188344123935853,8.502252252251871,397.3972354707648,15.789367166105722,-7.466063348416296,53.074755989417675,1.1355261772623482,-0.9971370081357253,0.2516828834855118,1.258414417427558,1.9480648606812156
27,5.4,168.14117647058822,368.94117647058823,163,364,12,13,38.14117647058822,3.6851378232452388,397.05882352941177,53.02955906903663,397.05882352941177,53.02955906903663,0.18425689116226193,0.6628694883629579,True,6,6,1,1,"fly (1,6)",0.20000000000000018,0.6828431372548778,1.3578431372548607,1.5198726050186597,7.599363025093292,-6.789215686274297,397.72992530345465,7.122069105186031,1.6634491634491144,53.11918868827441,-0.9067399914890465,0.22216349428369184,0.1929762191874324,0.9648810959371612,0.8941638797023358
28,5.6,168.42857142857142,368.2857142857143,165,366,7,7,38.428571428571416,3.7129054520358857,397.7142857142857,53.117099928452184,397.7142857142857,53.117099928452184,0.18564527260179428,0.6639637491056523,True,6,6,1,1,"fly (1,6)",0.1999999999999993,0.2873949579831958,-0.6554621848739544,0.7157000333057844,3.5785001665289347,3.2773109243697833,397.57954216169225,5.337143512676074,-0.7519157088122096,53.099104128439706,0.4377042970777738,-0.10042279917358288,0.09183922514845733,0.45919612574228824,0.635079193687994
29,5.8,169.36206896551724,368.0344827586207,165,364,10,10,39.36206896551724,3.8030984507746126,397.9655172413793,53.15065338783029,397.9655172413793,53.15065338783029,0.19015492253873062,0.6643831673478786,True,6,6,1,1,"fly (1,6)",0.20000000000000018,0.933497536945822,-0.2512315270935801,0.9667134692811974,4.8335673464059825,1.2561576354678994,397.32464020090794,5.961163658484523,-1.2745098039216398,53.06506046088921,0.16776729689052403,-0.17021833775247017,0.0962320718769066,0.4811603593845326,0.7122298336826786
30,6.0,168.47058823529412,369.7058823529412,165,367,7,7,38.470588235294116,3.7169650468883204,396.2941176470588,52.92742806638515,396.2941176470588,52.92742806638515,0.18584825234441602,0.6615928508298143,True,6,6,1,1,"fly (1,6)",0.20000000000000018,-0.8914807302231225,1.671399594320519,1.894284692503729,9.471423462518636,-8.356997971602588,396.6976560739238,7.826565485846577,-3.134920634920587,52.98132301488132,-1.1161266072257083,-0.41868723003947356,0.2392666031842431,1.1963330159212144,0.8630127790681298
31,6.2,166.69444444444446,370.16666666666663,163,368,8,6,36.69444444444446,3.5453569511540537,395.83333333333337,52.8658875904285,395.83333333333337,52.8658875904285,0.1772678475577027,0.6608235948803562,True,6,6,1,1,"fly (1,6)",0.20000000000000018,-1.776143790849659,0.4607843137254122,1.834941129723021,9.174705648615097,-2.3039215686270587,397.875816993464,18.076718780011472,5.890804597701153,53.13867338810872,-0.3077023797832365,0.7867518661370565,0.18230899237972858,0.9115449618986421,2.141977962216217
32,6.4,171.0,364.5,169,363,5,4,41.0,3.9613526570048307,401.5,53.62270450751252,401.5,53.62270450751252,0.19806763285024154,0.6702838063439065,True,6,6,1,1,"fly (1,6)",0.20000000000000018,4.305555555555543,-5.666666666666629,7.116805445780141,35.58402722890067,28.33333333333312,398.9173126614987,16.925578815466874,6.941974464204354,53.27777130704491,3.784084585420114,0.9271418316132682,0.8636111817657597,4.318055908828795,1.994483312332882
34,6.8,169.7906976744186,366.5813953488372,167,363,7,10,39.790697674418595,3.8445118526008306,399.4186046511628,53.344721823193694,399.4186046511628,53.344721823193694,0.19222559263004152,0.6668090227899213,True,6,6,1,1,"fly (1,6)",0.39999999999999947,-1.2093023255814046,2.081395348837191,2.4072014275539315,6.018003568884837,-5.203488372092984,400.1124031007752,13.867343599261842,7.709948320413374,53.437382717966635,-0.6949567107970731,1.0297092915410138,0.3015396265084831,0.7538490662712087,1.6906349917000014
35,7.0,169.7906976744186,366.5813953488372,167,363,7,10,39.790697674418595,3.8445118526008306,399.4186046511628,53.344721823193694,399.4186046511628,53.344721823193694,0.19222559263004152,0.6668090227899213,True,6,6,1,1,"fly (1,6)",0.20000000000000018,0.0,0.0,0.0,0.0,0.0,400.0376904570971,5.120136344323814,1.3609329056401875,53.42740440161563,0.0,0.18176065517732032,0.0,0.0,0.6660052861462996
36,7.2,169.58620689655172,364.7241379310345,168,361,5,8,39.586206896551715,3.8247542895219047,401.2758620689655,53.5927695584595,401.2758620689655,53.5927695584595,0.19123771447609525,0.6699096194807438,True,6,6,1,1,"fly (1,6)",0.20000000000000018,-0.20449077786688008,-1.857257417802714,1.8684810928173199,9.34240546408659,9.28628708901356,400.67885732776205,4.073323392959634,3.2058343533251747,53.513036037096775,1.240238676329034,0.42815817740570083,0.24883335843353807,1.2441667921676893,0.5079549081170877
37,7.4,170.1578947368421,364.6578947368421,168,361,6,8,40.15789473684211,3.8799898296465805,401.3421052631579,53.601616729637115,401.3421052631579,53.601616729637115,0.19399949148232903,0.670020209120464,True,6,6,1,1,"fly (1,6)",0.20000000000000018,0.5716878402903944,-0.06624319419239555,0.5755129429584595,2.8775647147922947,0.33121597096197747,401.0130066545675,7.119911987137267,1.670746634026904,53.5576636600424,0.0442358558880684,0.22313811472814046,0.05593958643671464,0.279697932183573,0.8345751486524051
38,7.6,168.57894736842104,365.57894736842104,167,363,4,6,38.57894736842104,3.727434528349859,400.42105263157896,53.47860469203058,400.42105263157896,53.47860469203058,0.18637172641749294,0.6684825586503822,True,6,6,1,1,"fly (1,6)",0.1999999999999993,-1.578947368421069,0.9210526315789593,1.8279531565065736,9.139765782532901,-4.605263157894813,400.8775743707094,6.0788772260445745,-0.6771614192903629,53.53957587588773,-0.6150601880326811,-0.09043892077334294,0.1959721443211897,0.979860721605952,0.6316800968246304
39,7.8,169.73913043478262,365.1304347826087,168,362,5,7,39.73913043478262,3.839529510607017,400.8695652173913,53.538506205995496,400.8695652173913,53.538506205995496,0.19197647553035083,0.6692313275749437,True,6,6,1,1,"fly (1,6)",0.20000000000000018,1.1601830663615829,-0.4485125858123524,1.243860236161703,6.21930118080851,2.2425629290617604,399.61770594965674,10.807841966997744,-6.299342105263204,53.37131298159022,0.2995075698245839,-0.8413144714875646,0.12709632733687326,0.6354816366843657,1.2869983819986273
40,8.0,168.89583333333334,368.4375,167,363,5,11,38.89583333333334,3.758051529790661,397.5625,53.09682804674458,397.5625,53.09682804674458,0.18790257648953307,0.6637103505843072,True,6,6,1,1,"fly (1,6)",0.20000000000000018,-0.8432971014492807,3.3070652173913118,3.4128917875303637,17.064458937651803,-16.535326086956545,398.66485507246375,7.76125337282011,-4.764254385964933,53.24405409982822,-2.208390796254596,-0.6362944088100041,0.44913055754111314,2.2456527877055636,0.96037814146331
41,8.2,168.89583333333334,368.4375,167,363,5,11,38.89583333333334,3.758051529790661,397.5625,53.09682804674458,397.5625,53.09682804674458,0.18790257648953307,0.6637103505843072,True,6,6,1,1,"fly (1,6)",0.1999999999999993,0.0,0.0,0.0,0.0,0.0,397.87145390070924,8.010372605625102,-3.9670058587727497,53.138090671213256,0.0,-0.5298171430748161,0.0,0.0,1.0143141466995098
42,8.4,169.93617021276594,367.51063829787233,168,362,5,11,39.936170212765944,3.85856717031555,398.48936170212767,53.22061592015061,398.48936170212767,53.22061592015061,0.1929283585157775,0.6652576990018826,True,6,6,1,1,"fly (1,6)",0.20000000000000107,1.0403368794326013,-0.9268617021276668,1.3933317758447048,6.966658879223487,4.634308510638309,398.1804078014184,2.3222196264078336,1.5447695035460984,53.17935329568193,0.618939367030148,0.20631312234338264,0.15945793047859377,0.7972896523929646,0.2657632174643218
43,8.6,169.93617021276594,367.51063829787233,168,362,5,11,39.936170212765944,3.85856717031555,398.48936170212767,53.22061592015061,398.48936170212767,53.22061592015061,0.1929283585157775,0.6652576990018826,True,6,6,1,1,"fly (1,6)",0.1999999999999993,0.0,0.0,0.0,0.0,0.0,397.78777959629025,5.9485775289879,-1.9631410256410635,53.126915471958625,0.0,-0.2621891186165101,0.0,0.0,0.7426099908226629
44,8.8,169.3846153846154,369.61538461538464,168,368,4,4,39.38461538461539,3.80527684875511,396.38461538461536,52.93951457557467,396.38461538461536,52.93951457557467,0.1902638424377555,0.6617439321946834,True,6,6,1,1,"fly (1,6)",0.20000000000000107,-0.5515548281505573,2.1047463175123085,2.1758147415480513,10.879073707740199,-10.523731587561485,398.1579923622476,10.667355899670204,1.851063829787293,53.17635958093458,-1.4055067228796783,0.24722054487976694,0.28610806401500616,1.430540320075023,1.3176570183603937
45,9.0,166.64444444444445,366.4,163,362,9,10,36.644444444444446,3.5405260332796566,399.6,53.368948247078464,399.6,53.368948247078464,0.17702630166398284,0.6671118530884809,True,6,6,1,1,"fly (1,6)",0.1999999999999993,-2.740170940170941,-3.2153846153846644,4.224598798254065,21.1229939912704,16.07692307692338,398.6325529542921,11.852038030971903,2.3728029602220477,53.239739960506455,2.147168357518979,0.31690189785937933,0.5044861470012296,2.522430735006157,1.4418178994814046
46,9.2,167.2826086956522,366.0869565217391,164,362,8,10,37.282608695652186,3.6021844150388587,399.9130434782609,53.41075705886623,399.9130434782609,53.41075705886623,0.18010922075194294,0.6676344632358279,True,6,6,1,1,"fly (1,6)",0.1999999999999993,0.6381642512077406,-0.31304347826085177,0.7108092787810163,3.554046393905094,1.5652173913042644,400.4210144927536,11.828704654497406,8.942307692307736,53.47859959836442,0.20904405893883723,1.1942981892898537,0.07449652867260625,0.3724826433630326,1.4131668351753344
47,9.4,166.14285714285714,364.25,164,362,6,6,36.14285714285714,3.4920634920634916,401.75,53.65609348914858,401.75,53.65609348914858,0.1746031746031746,0.6707011686143572,True,6,6,1,1,"fly (1,6)",0.20000000000000107,-1.1397515527950475,-1.8369565217391255,2.161814715663354,10.809073578316713,9.184782608695578,400.99294431731505,5.549551903483342,2.859649122806973,53.554984216002005,1.2266821514117445,0.38192308818791804,0.26891742543136393,1.3445871271568124,0.6717088479375802
48,9.6,166.0,364.6842105263158,165,362,3,7,36.0,3.4782608695652173,401.3157894736842,53.598102099991216,401.3157894736842,53.598102099991216,0.17391304347826086,0.6699762762498902,True,6,6,1,1,"fly (1,6)",0.1999999999999993,-0.1428571428571388,0.4342105263157805,0.4571071476456391,2.2855357382282038,-2.17105263157891,397.9214007240323,22.39160062482935,-15.357717966413537,53.1447613654801,-0.2899569457868278,-2.0511142526094885,0.059611354658578766,0.29805677329289487,2.934149123955869
49,9.8,168.06349206349205,375.3015873015873,165,369,7,15,38.06349206349205,3.6776320834291836,390.6984126984127,52.18008850730053,390.6984126984127,52.18008850730053,0.18388160417145918,0.6522511063412566,True,6,6,1,1,"fly (1,6)",0.20000000000000107,2.063492063492049,10.61737677527151,10.816038511588681,54.08019255794312,-53.08688387635726,396.00710108604846,28.18286414808567,-27.628968253968093,52.88909530364587,-7.090067963453383,-3.6900124546201054,1.4319606942835872,7.159803471417898,3.728930122355397
0,0.0,153.00265957446808,373.07978723404256,139,357,30,43,23.002659574468083,2.2224791859389454,392.92021276595744,52.476823073917515,392.92021276595744,52.476823073917515,0.11112395929694727,0.655960288423969,True,7,7,1,1,"fly (1,7)",,,,,,,387.30324363788066,28.09358365559483,-28.084845640383804,51.72664355764684,,-3.750897581353403,,,3.751508384307165
1,0.2,153.2829131652661,384.3137254901961,150,348,9,67,23.28291316526611,2.249556827561943,381.6862745098039,50.976464041376154,381.6862745098039,50.976464041376154,0.11247784137809715,0.6372058005172019,True,7,7,1,1,"fly (1,7)",0.2,0.2802535907980257,11.233938256153522,11.237433462237933,56.18716731118966,-56.16969128076761,392.75266747575887,55.444312626126305,17.88550397592947,52.454446407446916,-7.501795162706806,2.3887150552159633,1.500603353722866,7.50301676861433,7.397769746450152
2,0.4,151.6060606060606,362.3484848484849,150,353,7,18,21.606060606060595,2.0875420875420865,403.6515151515151,53.91005210704709,403.6515151515151,53.91005210704709,0.10437710437710432,0.6738756513380887,True,7,7,1,1,"fly (1,7)",0.2,-1.6768525592055141,-21.965240641711205,22.02915411343785,110.14577056718925,109.82620320855602,408.8292632204397,86.72537506283338,49.134241349666844,54.601571047804974,14.667940328354696,6.562169128503097,2.9380584941472256,14.690292470736127,11.573483788895286
4,0.8,149.9,324.85,149,321,3,9,19.900000000000006,1.9227053140096624,441.15,58.91819699499165,441.15,58.91819699499165,0.09613526570048311,0.7364774624373956,True,7,7,1,1,"fly (1,7)",0.4,-1.7060606060605892,-37.49848484848485,37.537274924048496,93.84318731012124,93.74621212121212,442.9594794094794,139.54651979682686,139.40234357146127,59.1598636940874,12.5203622198614,18.61800915812503,5.010856850934161,12.527142127335402,18.62809230677193
5,1.0,149.3760683760684,281.9230769230769,147,270,6,25,19.37606837606839,1.8720839010694095,484.0769230769231,64.65134198022345,484.0769230769231,64.65134198022345,0.09360419505347048,0.8081417747527931,True,7,7,1,1,"fly (1,7)",0.19999999999999996,-0.5239316239316167,-42.92692307692312,42.93012030263402,214.65060151317016,214.63461538461564,486.21452991453,144.00227990927374,143.91006216006232,64.93683204200734,28.665724926158987,19.220041690826356,5.73336846444885,28.666842322244253,19.226489167916785
7,1.4,146.83333333333334,232.58333333333331,146,231,3,5,16.833333333333343,1.6264090177133665,533.4166666666667,71.24095715080692,533.4166666666667,71.24095715080692,0.08132045088566832,0.8905119643850864,True,7,7,1,1,"fly (1,7)",0.3999999999999999,-2.542735042735046,-49.33974358974359,49.405220361811935,123.51305090452986,123.34935897435915,516.9700854700856,112.72121747256666,112.66132478632494,69.04441876061243,16.47403792645868,15.046587617539222,6.5941932216682755,16.485483054170693,15.05077512547165
8,1.6,146.83333333333334,232.58333333333331,146,231,3,5,16.833333333333343,1.6264090177133665,533.4166666666667,71.24095715080692,533.4166666666667,71.24095715080692,0.08132045088566832,0.8905119643850864,True,7,7,1,1,"fly (1,7)",0.20000000000000018,0.0,0.0,0.0,0.0,0.0,533.4166666666667,41.17101696817661,41.11645299145305,71.24095715080692,0.0,5.491345975486227,0.0,0.0,5.495161018056898
9,1.8,146.83333333333334,232.58333333333331,146,231,3,5,16.833333333333343,1.6264090177133665,533.4166666666667,71.24095715080692,533.4166666666667,71.24095715080692,0.08132045088566832,0.8905119643850864,True,7,7,1,1,"fly (1,7)",0.19999999999999996,0.0,0.0,0.0,0.0,0.0,533.4166666666667,0.0,0.0,71.24095715080692,0.0,0.0,0.0,0.0,0.0
10,2.0,146.83333333333334,232.58333333333331,146,231,3,5,16.833333333333343,1.6264090177133665,533.4166666666667,71.24095715080692,533.4166666666667,71.24095715080692,0.08132045088566832,0.8905119643850864,True,7,7,1,1,"fly (1,7)",0.19999999999999996,0.0,0.0,0.0,0.0,0.0,530.9844444444444,6.142794760460081,-6.080555555555616,70.91611945835653,0.0,-0.8120942311259683,0.0,0.0,0.8164550964783829
12,2.4,147.88,239.88,146,231,6,18,17.879999999999995,1.7275362318840575,526.12,70.26644407345576,526.12,70.26644407345576,0.08637681159420288,0.878330550918197,True,7,7,1,1,"fly (1,7)",0.3999999999999999,1.0466666666666526,7.296666666666681,7.371353712552107,18.42838428138027,-18.24166666666685,528.0221559970568,8.936768419605043,-8.730886681383462,70.52048828007435,-2.436282693377905,-1.1660616602849434,0.9797461157740592,2.4493652894351485,1.1805887387982117
13,2.6,148.41059602649005,241.4701986754967,146,225,9,33,18.410596026490055,1.7788015484531454,524.5298013245033,70.05406361596037,524.5298013245033,70.05406361596037,0.08894007742265726,0.8756757951995047,True,7,7,1,1,"fly (1,7)",0.20000000000000018,0.5305960264900591,1.5901986754967083,1.6763841954869787,8.381920977434886,-7.950993377483535,528.345953675332,25.43375228701288,7.699543946931843,70.56373337900926,-1.0619022874769248,1.0283197258005603,0.21848018539189748,1.0924009269594865,3.379626452125532
14,2.8,147.52238805970148,231.61194029850748,146,223,4,18,17.522388059701484,1.6929843535943463,534.3880597014925,71.37069244761167,534.3880597014925,71.37069244761167,0.08464921767971731,0.892133655595146,True,7,7,1,1,"fly (1,7)",0.19999999999999973,-0.8882079667885705,-9.858258376989227,9.898190320444689,49.49095160222351,49.29129188494591,531.048810818189,19.74447196901192,13.514285714285682,70.92471596904026,6.583144158256511,1.8049129501550032,1.3194226279963905,6.597113139981961,2.61337825260444
15,3.0,147.74285714285713,231.77142857142857,146,223,6,18,17.742857142857133,1.7142857142857133,534.2285714285714,71.34939184354876,534.2285714285714,71.34939184354876,0.08571428571428567,0.8918673980443595,True,7,7,1,1,"fly (1,7)",0.20000000000000018,0.22046908315564906,0.15948827292109513,0.2721086654754792,1.3605433273773948,-0.7974413646053329,531.7777221877117,29.4896145702097,3.644556847612757,71.02206640236548,-0.1065030203145766,0.4867521666260706,0.030124138174374402,0.15062069087187188,3.9227052743431936
16,3.2,148.15748031496062,239.28346456692913,146,224,6,31,18.157480314960623,1.7543459241507848,526.7165354330709,70.34611491593601,526.7165354330709,70.34611491593601,0.08771729620753924,0.8793264364492002,True,7,7,1,1,"fly (1,7)",0.20000000000000018,0.4146231721034894,7.512035995500554,7.523469756205654,37.617348781028234,-37.56017997750231,529.688845144357,15.334119334279661,-10.444385216773055,70.74308449340326,-5.016384638063722,-1.3949095448110882,1.0040763984351506,5.020381992175748,2.036387240385616
17,3.4,148.15714285714284,237.87857142857143,146,221,6,34,18.157142857142844,1.7543133195307097,528.1214285714286,70.53374672072502,528.1214285714286,70.53374672072502,0.08771566597653548,0.8816718340090628,True,7,7,1,1,"fly (1,7)",0.19999999999999973,-0.000337457817778386,-1.4048931383576928,1.4048931788866748,7.0244658944333835,7.024465691788474,524.8167363008196,29.066105047443703,-24.36054421768704,70.09238548258024,0.9381590239450345,-3.253495054115112,0.18763180762184525,0.9381590381092275,3.8805134250907787
18,3.6,148.3469387755102,246.3877551020408,146,241,6,13,18.34693877551021,1.7726510894212764,519.6122448979592,69.39729481107969,519.6122448979592,69.39729481107969,0.08863255447106382,0.867466185138496,True,7,7,1,1,"fly (1,7)",0.20000000000000018,0.1897959183673663,8.50918367346938,8.511300093373912,42.55650046686952,-42.54591836734729,513.8371504157218,59.584935711449326,-54.897929425488634,68.62599671662394,-5.682259548226648,-7.331943829781461,1.136599848997473,5.68299924498736,7.957664818295659
19,3.8,148.22222222222223,272.22222222222223,147,270,4,6,18.22222222222223,1.7606011808910367,493.77777777777777,65.94694861806714,493.77777777777777,65.94694861806714,0.08803005904455183,0.8243368577258393,True,7,7,1,1,"fly (1,7)",0.19999999999999973,-0.12471655328798192,25.834467120181415,25.834768154608987,129.1738407730451,-129.1723356009071,495.82085384528017,90.1282623891622,-90.08148285220834,66.2198135352628,-17.25173096506277,-12.030915906805765,3.450367234358074,17.25183617179039,12.034186579099378
20,4.0,149.2279792746114,291.92746113989637,147,271,6,47,19.227979274611414,1.8577757753247743,474.07253886010363,63.31519717664156,474.07253886010363,63.31519717664156,0.09288878876623871,0.7914399647080195,True,7,7,1,1,"fly (1,7)",0.20000000000000018,1.0057570523891854,19.705238917674137,19.73088918551442,98.65444592757201,-98.5261945883706,474.87209136156326,104.79091142982595,-104.74381241858443,63.421982151794765,-13.158757207127879,-13.989156917340159,2.6335448641040786,13.167724320520382,13.992449913737454
21,4.2,149.51063829787233,309.2340425531915,148,300,5,23,19.510638297872333,1.885085825881385,456.7659574468085,61.003800660675594,456.7659574468085,61.003800660675594,0.09425429129406925,0.7625475082584449,True,7,7,1,1,"fly (1,7)",0.20000000000000018,0.2826590232609192,17.306581413295135,17.308889517772176,86.5444475888608,-86.5329070664756,462.1766181105345,63.57711038177337,-63.477366255144,61.726426458835995,-11.556982579829825,-8.47777846479383,2.31155784978032,11.557789248901589,8.484777044724185
22,4.4,149.2469135802469,310.30864197530866,148,298,4,27,19.24691358024691,1.8596051768354505,455.69135802469134,60.86028153919084,455.69135802469134,60.86028153919084,0.09298025884177252,0.7607535192398853,True,7,7,1,1,"fly (1,7)",0.20000000000000018,-0.26372471762542204,1.07459942211716,1.106487525777468,5.532437628887335,-5.372997110585795,455.92227976034127,31.33718397059951,-31.271691750966372,60.891122505554755,-0.7175956074237881,-4.1765197664062095,0.14576351295011636,0.7288175647505811,4.181125205080384
23,4.6,149.3095238095238,310.6904761904762,148,298,4,27,19.309523809523796,1.8656544743501253,455.3095238095238,60.80928531679783,455.3095238095238,60.80928531679783,0.09328272371750626,0.760116066459973,True,7,7,1,1,"fly (1,7)",0.1999999999999993,0.06261022927688487,0.3818342151675438,0.3869333388100826,1.93466669405042,-1.9091710758377258,445.85584950029397,50.50713683416871,-50.332151300236355,59.54669108518116,-0.2549811119650167,-6.7221571018679604,0.05135376031779649,0.25676880158898335,6.7344202053401965
24,4.8,151.28787878787878,339.43333333333334,148,287,9,95,21.287878787878782,2.056799882886839,426.56666666666666,56.970506399554814,426.56666666666666,56.970506399554814,0.10283999414434195,0.7121313299944352,True,7,7,1,1,"fly (1,7)",0.20000000000000018,1.9783549783549859,28.742857142857133,28.81086123591371,144.0543061795684,-143.71428571428555,429.4284271284271,82.3589294989189,-82.13711185933404,57.35271146957291,-19.193894586215077,-10.969898078041274,3.8435348499362085,19.217674249681025,10.985413667333368
25,5.0,152.84415584415584,359.5909090909091,150,347,8,27,22.844155844155836,2.2071648158604673,406.4090909090909,54.27834269236607,406.4090909090909,54.27834269236607,0.11035824079302337,0.6784792836545758,True,7,7,1,1,"fly (1,7)",0.20000000000000018,1.5562770562770538,20.157575757575785,20.217563124627592,101.08781562313787,-100.78787878787884,402.84087752525255,133.1547512595821,-132.93774801587287,53.80178664777998,-13.460818535943725,-17.75462410896466,2.696359590146022,13.481797950730098,17.7698013152679
26,5.2,153.21354166666666,390.453125,150,373,8,37,23.213541666666657,2.242854267310788,375.546875,50.15651085141903,375.546875,50.15651085141903,0.11214271336553941,0.6269563856427379,True,7,7,1,1,"fly (1,7)",0.20000000000000018,0.3693858225108215,30.862215909090878,30.86442639520803,154.32213197604003,-154.31107954545425,381.98369595343684,104.39170063299667,-104.28590785907848,51.016186437854664,-20.609159204735175,-13.928001049626504,4.121986349078521,20.60993174539259,13.935400563156072
27,5.4,153.38536585365853,402.0048780487805,150,383,7,44,23.385365853658527,2.2594556380346402,363.9951219512195,48.6137057697789,363.9951219512195,48.6137057697789,0.11297278190173202,0.6076713221222363,True,7,7,1,1,"fly (1,7)",0.20000000000000018,0.17182418699186996,11.551753048780483,11.553030859962446,57.76515429981218,-57.75876524390237,364.01600701586835,89.84806487285982,-89.83844468784223,48.616495093939015,-7.714025408200619,-11.998456719578266,1.5428943986691068,7.714471993345527,11.9991291588563
28,5.6,153.6144578313253,413.49397590361446,151,404,6,23,23.614457831325296,2.2815901286304636,352.50602409638554,47.07926866061911,352.50602409638554,47.07926866061911,0.11407950643152318,0.5884908582577388,True,7,7,1,1,"fly (1,7)",0.1999999999999993,0.22909197766676925,11.489097854833972,11.491381668545426,57.45690834272733,-57.445489274170065,355.17874458896773,44.2047694303299,-44.18631213450297,47.436226322399705,-7.672185545799009,-5.901343857696559,1.534596747566151,7.672983737830783,5.902634427654675
29,5.8,153.3859649122807,416.96491228070175,151,410,6,17,23.385964912280713,2.2595135180947548,349.03508771929825,46.6157045368011,349.03508771929825,46.6157045368011,0.11297567590473774,0.5826963067100138,True,7,7,1,1,"fly (1,7)",0.20000000000000018,-0.2284929190445837,3.4709363770872983,3.4784491296900426,17.3922456484502,-17.354681885436477,347.62481504967235,37.82413395214772,-37.76964769647706,46.4273542637292,-2.3178206190900474,-5.044360293352533,0.46408951035754364,2.320447551787716,5.0481710483491335
30,6.0,152.79166666666666,424.6666666666667,151,422,6,8,22.791666666666657,2.202093397745571,341.3333333333333,45.58708959376739,341.3333333333333,45.58708959376739,0.11010466988727853,0.5698386199220924,True,7,7,1,1,"fly (1,7)",0.20000000000000018,-0.5942982456140555,7.701754385964932,7.724649573053137,38.62324786526565,-38.508771929824626,349.47287136760815,46.54431502731009,9.240281589679185,46.67417313757705,-5.143074715168541,1.2340943692392854,1.0302163710857808,5.1510818554289,6.212341783169381
31,6.2,153.26254826254825,407.94980694980694,150,384,8,58,23.26254826254825,2.247589204110942,358.05019305019306,47.81972528216268,358.05019305019306,47.81972528216268,0.11237946020554711,0.5977465660270335,True,7,7,1,1,"fly (1,7)",0.20000000000000018,0.4708815958815933,-16.716859716859744,16.723490313642905,83.61745156821445,83.58429858429865,355.5329703329703,56.03856293343071,30.300494826810578,47.48353526984579,11.163178441976445,4.046810661343664,2.2330991884583073,11.165495942291527,7.480111355676519
32,6.4,152.83846153846153,398.7846153846154,151,385,6,31,22.83846153846153,2.206614641397249,367.2153846153846,49.0437909336073,367.2153846153846,49.0437909336073,0.11033073206986246,0.6130473866700912,True,7,7,1,1,"fly (1,7)",0.20000000000000018,-0.4240867240867203,-9.165191565191549,9.174997873362418,45.87498936681205,45.8259578259577,371.2135258885259,60.797413297243715,60.769764957264975,49.57776639579644,6.120328257223088,8.116162264743238,1.2247512538618268,6.123756269309129,8.118095154283266
34,6.8,152.725,377.625,151,373,7,14,22.724999999999994,2.195652173913043,388.375,51.869782971619365,388.375,51.869782971619365,0.10978260869565215,0.6483722871452421,True,7,7,1,1,"fly (1,7)",0.39999999999999947,-0.11346153846153584,-21.159615384615392,21.15991958268184,52.89979895670467,52.89903846153855,391.2350462379151,82.51152489791549,82.47458892643314,52.25175909688349,7.064980095030179,11.014970140425127,2.826013300499653,7.065033251249141,11.017552269946242
35,7.0,151.87295081967213,347.88524590163934,149,310,9,63,21.872950819672127,2.1133285816108334,418.11475409836066,55.84170338542379,418.11475409836066,55.84170338542379,0.10566642908054168,0.6980212923177974,True,7,7,1,1,"fly (1,7)",0.20000000000000018,-0.8520491803278674,-29.739754098360663,29.751957274045978,148.75978637022976,148.69877049180317,416.40600498930866,108.28101630066841,108.22178093645483,55.6134898149327,19.859602069022113,14.45366022523603,3.9727734578560936,19.86386728928045,14.457801321745585
36,7.2,150.80434782608697,323.27173913043475,148,310,9,26,20.804347826086968,2.0100819155639584,442.72826086956525,59.12898308775495,442.72826086956525,59.12898308775495,0.10050409577819791,0.739112288596937,True,7,7,1,1,"fly (1,7)",0.20000000000000018,-1.0686029935851593,-24.613506771204584,24.63669271501419,123.18346357507083,123.0675338560228,447.6960376690472,156.5663577699734,156.4501633986927,59.79245912107475,16.436398511655796,20.894846530710222,3.288900684941436,16.444503424707165,20.902969696392233
37,7.4,149.15686274509804,283.7549019607843,146,266,8,43,19.15686274509804,1.8509046130529505,482.2450980392157,64.40669089004551,482.2450980392157,64.40669089004551,0.09254523065264753,0.8050836361255688,True,7,7,1,1,"fly (1,7)",0.20000000000000018,-1.647485080988929,-39.516837169650444,39.55116467292396,197.75582336461963,197.58418584825205,482.73556408070476,175.3327691897558,175.19763205828795,64.47219553665506,26.38853901145276,23.398682077901572,5.280107675037821,26.400538375189083,23.408129515531908
38,7.6,147.76666666666668,242.76666666666665,146,240,6,8,17.76666666666668,1.7165861513687612,523.2333333333333,69.88091263216472,523.2333333333333,69.88091263216472,0.08582930756843807,0.8735114079020591,True,7,7,1,1,"fly (1,7)",0.1999999999999993,-1.3901960784313587,-40.98823529411766,41.01180412591524,205.05902062957693,204.94117647058903,508.6443256090315,138.90339316816775,129.54380764163395,67.93246418818451,27.371108710596157,17.30134325764727,5.475869349339876,27.379346746699476,18.54520021904628
39,7.8,147.72727272727272,245.54545454545456,147,244,3,5,17.72727272727272,1.7127799736495382,520.4545454545455,69.5097890423433,520.4545454545455,69.5097890423433,0.0856389986824769,0.8688723630292913,True,7,7,1,1,"fly (1,7)",0.20000000000000018,-0.03939393939396041,2.7787878787879094,2.7790671020613344,13.89533551030666,-13.89393939393925,521.3808080808082,72.9847853799612,63.682412358883255,69.63349690561711,-1.8556179491071119,8.505163587163015,0.37114310705005676,1.855715535250282,9.74502076064992
40,8.0,147.72727272727272,245.54545454545456,147,244,3,5,17.72727272727272,1.7127799736495382,520.4545454545455,69.5097890423433,520.4545454545455,69.5097890423433,0.0856389986824769,0.8688723630292913,True,7,7,1,1,"fly (1,7)",0.20000000000000018,0.0,0.0,0.0,0.0,0.0,519.8087774294671,8.171549650312116,-7.860153256705007,69.4235428954213,0.0,-1.0497700509789838,0.0,0.0,1.0720102025026128
41,8.2,148.5977011494253,247.48275862068965,146,241,7,15,18.59770114942529,1.7968793381087238,518.5172413793103,69.25105060157733,518.5172413793103,69.25105060157733,0.08984396690543618,0.8656381325197168,True,7,7,1,1,"fly (1,7)",0.1999999999999993,0.8704284221525711,1.9373040752350903,2.1238626881259304,10.61931344062969,-9.68652037617577,519.3239289446186,4.920408649096757,-2.4242424242425087,69.3587885067938,-1.2936922038298395,-0.3237719431375555,0.2720630144515104,1.3603150722575568,0.6060760354249305
42,8.4,147.9245283018868,247.0,146,242,6,12,17.924528301886795,1.7318384832740865,519.0,69.31552587646077,519.0,69.31552587646077,0.08659192416370433,0.8664440734557596,True,7,7,1,1,"fly (1,7)",0.20000000000000107,-0.6731728475384955,-0.48275862068965125,0.8283825013321208,4.1419125066605815,2.4137931034482434,518.5057471264367,6.681364006490182,-4.090909090909181,69.24951547598486,0.3223763744171731,-0.5463651540446345,0.09158260680344746,0.4579130340172349,0.8353459928293884
43,8.6,148.265625,248.0,146,242,7,13,18.265625,1.764794685990338,518.0,69.18196994991652,518.0,69.18196994991652,0.08823973429951691,0.8647746243739566,True,7,7,1,1,"fly (1,7)",0.1999999999999993,0.34109669811320487,1.0,1.0565732144360516,5.282866072180276,-5.000000000000018,517.9333333333334,5.428668042161164,-2.8620689655173233,69.17306622148025,-0.6677796327212372,-0.38224627252316634,0.13756197444267423,0.6878098722133736,0.669722816707392
44,8.8,147.6,249.2,147,247,3,5,17.599999999999994,1.7004830917874392,516.8,69.02170283806343,516.8,69.02170283806343,0.08502415458937196,0.862771285475793,True,7,7,1,1,"fly (1,7)",0.20000000000000107,-0.6656250000000057,1.1999999999999886,1.3722451095285346,6.861225547642636,-6.000000000000195,517.9725490196079,8.140859576123118,0.19607843137257852,69.1783037087957,-0.801335559265435,0.02618743657730027,0.1726891087783144,0.8634455438915674,1.0492810773812862
45,9.0,148.41176470588235,246.88235294117646,147,245,4,5,18.411764705882348,1.7789144643364587,519.1176470588235,69.33123833840715,519.1176470588235,69.33123833840715,0.08894572321682294,0.8666404792300894,True,7,7,1,1,"fly (1,7)",0.1999999999999993,0.8117647058823536,-2.3176470588235247,2.455697421709279,12.278487108546438,11.588235294117949,522.5281045751634,27.346116110612048,22.777777777778002,69.7867251519417,1.5476775017185729,3.0421072157299647,0.31931756320778243,1.5965878160389178,3.616917025362149
46,9.2,147.53333333333333,234.33333333333331,146,231,4,9,17.53333333333333,1.6940418679549112,531.6666666666667,71.00723427935449,531.6666666666667,71.00723427935449,0.08470209339774556,0.8875904284919311,True,7,7,1,1,"fly (1,7)",0.1999999999999993,-0.8784313725490165,-12.54901960784315,12.57972713512937,62.89863567564707,62.74509803921625,524.7058823529412,38.94837425428694,10.888888888889,70.07758028086026,8.379979704736757,1.4542756445928484,1.6781435432311869,8.390717716155963,5.184076333192072
47,9.4,147.46666666666667,242.66666666666669,146,241,4,5,17.46666666666667,1.6876006441223834,523.3333333333333,69.89426822481913,523.3333333333333,69.89426822481913,0.08438003220611917,0.8736783528102392,True,7,7,1,1,"fly (1,7)",0.20000000000000107,-0.06666666666666288,8.333333333333371,8.333599995733508,41.66799997866732,-41.666666666667204,525.6296296296297,37.551262112505974,4.618736383442435,70.2009522042911,-5.564830272676786,0.6168596171542333,1.112984693476273,5.564923467381336,4.994096593166477
48,9.6,148.19444444444446,244.11111111111111,146,241,6,8,18.194444444444457,1.7579173376274837,521.8888888888889,69.70135410869968,521.8888888888889,69.70135410869968,0.08789586688137419,0.8712669263587461,True,7,7,1,1,"fly (1,7)",0.1999999999999993,0.7277777777777885,1.4444444444444287,1.617430136640699,8.087150683203523,-7.222222222221743,522.6125356125357,18.398287922421897,-15.085470085470108,69.79800141736702,-0.9645705805972716,-2.01475393462037,0.20532971919242538,1.0266485959621305,2.4049336831299626
49,9.8,147.3846153846154,243.3846153846154,146,242,4,4,17.384615384615387,1.6796729840208102,522.6153846153846,69.79838191858227,522.6153846153846,69.79838191858227,0.08398364920104051,0.8724797739822782,True,7,7,1,1,"fly (1,7)",0.20000000000000107,-0.8098290598290703,-0.7264957264957275,1.0879426210789753,5.439713105394848,3.632478632478618,522.2521367521368,6.763431894299185,-1.7948717948715647,69.74986801364096,0.4851390494129478,-0.23971576559216157,0.12464579720928501,0.6232289860464217,0.8249387910042763
0,0.0,150.88388969521046,322.8461538461538,139,307,27,46,20.883889695210456,2.017767120310189,443.1538461538462,59.18582252472069,443.1538461538462,59.18582252472069,0.10088835601550945,0.7398227815590087,True,8,8,1,1,"fly (1,8)",,,,,,,445.23110175127465,10.539198285933503,10.38627798714245,59.46325232070446,,1.3871489799188552,,,1.397874809211657
1,0.2,151.59942363112393,318.69164265129683,148,272,12,87,21.599423631123926,2.086900833925017,447.30835734870317,59.740682116688234,447.30835734870317,59.740682116688234,0.10434504169625085,0.746758526458603,True,8,8,1,1,"fly (1,8)",0.2,0.71553393591347,-4.15451119485698,4.215679314373402,21.078396571867007,20.7725559742849,447.2298254099407,14.631762832070317,13.455710955710932,59.7301937108435,2.7742979598377104,1.7970899440014776,0.5591499236846629,2.795749618423314,1.8820221808216282
2,0.4,149.26136363636363,314.77272727272725,147,302,5,25,19.261363636363626,1.8610013175230558,451.22727272727275,60.26407649112158,451.22727272727275,60.26407649112158,0.09305006587615278,0.7533009561390196,True,8,8,1,1,"fly (1,8)",0.2,-2.3380599947603002,-3.9189153785695794,4.563378384868789,22.816891924343945,19.594576892847897,463.6896544697697,49.05353225230815,47.87742812742806,61.92850143168878,2.6169718721667223,6.394314274113946,0.5700633848083141,2.85031692404157,6.479250162930086
4,0.8,149.33333333333334,273.4666666666667,147,270,5,9,19.333333333333343,1.8679549114331733,492.5333333333333,65.78074568725654,492.5333333333333,65.78074568725654,0.09339774557165866,0.8222593210907067,True,8,8,1,1,"fly (1,8)",0.4,0.07196969696971678,-41.306060606060555,41.3061233042854,103.2653082607135,103.26515151515139,495.50353535353537,125.76343630315182,124.64768724711094,66.1774337700882,13.791672990337407,16.6474373618846,5.516673578530149,13.791683946325373,16.72813016782369
5,1.0,147.75,223.25,146,221,6,6,17.75,1.714975845410628,542.75,72.48747913188647,542.75,72.48747913188647,0.08574879227053141,0.906093489148581,True,8,8,1,1,"fly (1,8)",0.19999999999999996,-1.5833333333333428,-50.2166666666667,50.241621744879595,251.20810872439802,251.08333333333354,494.1589605734767,197.80983374992775,38.485785272075596,65.99785783952943,33.53366722314967,5.140004710794724,6.708477926620823,33.54238963310412,26.414646701828275
7,1.4,149.9784946236559,318.80645161290323,149,301,4,34,19.978494623655905,1.9302893356189281,447.19354838709677,59.72534869944531,447.19354838709677,59.72534869944531,0.0965144667809464,0.7465668587430664,True,8,8,1,1,"fly (1,8)",0.3999999999999999,2.228494623655905,95.55645161290323,95.58243370586867,238.95608426467172,-238.89112903225814,464.78510436432634,235.74258267333173,-67.23890470166555,62.07480525733907,-31.90532608110291,-8.980154217250838,12.763946610422128,31.909866526055325,31.41410913735082
8,1.6,157.35294117647058,361.5882352941177,155,360,5,5,27.35294117647058,2.6427962489343555,404.4117647058823,54.01158794068545,404.4117647058823,54.01158794068545,0.13213981244671777,0.6751448492585681,True,8,8,1,1,"fly (1,8)",0.20000000000000018,7.374446552814675,42.78178368121445,43.41271100618513,217.06355503092544,-213.90891840607205,382.9216291870214,330.8327015875676,-329.6869995424388,51.14145297990269,-28.56880379379928,-44.031652693480964,5.758014250578609,28.790071252893018,44.111990321777334
9,1.8,154.29787234042553,468.8404255319149,152,455,5,29,24.297872340425528,2.347620515983143,297.1595744680851,39.687422299577314,297.1595744680851,39.687422299577314,0.11738102579915714,0.49609277874471636,True,8,8,1,1,"fly (1,8)",0.19999999999999996,-3.055068836045052,107.25219023779721,107.29569309342112,536.4784654671057,-536.2609511889862,247.06923427011034,394.26318985481663,-393.12507366042024,32.99756050352058,-71.6208282055407,-52.504183460490175,14.327206637276724,71.63603318638364,52.58399078848857
12,2.4,157.9090909090909,726.3636363636364,157,725,3,4,27.909090909090907,2.6965305226174787,39.636363636363626,5.293671270298982,39.636363636363626,5.293671270298982,0.13482652613087395,0.06617089087873727,True,8,8,1,1,"fly (1,8)",0.5999999999999999,3.611218568665379,257.5232108317215,257.5485294398513,429.2475490664189,-429.20535138620255,125.367876804047,322.4770251400904,-322.3698864061819,16.743622945448678,-57.32291838213057,-43.05440886893914,34.395520755713434,57.32586792618907,43.0619106322317
13,2.6,158.0,726.6923076923077,157,725,3,5,28.0,2.7053140096618358,39.307692307692264,5.249775266469752,39.307692307692264,5.249775266469752,0.13526570048309178,0.0656221908308719,True,8,8,1,1,"fly (1,8)",0.20000000000000018,0.09090909090909349,0.32867132867136206,0.34101217734930866,1.7050608867465418,-1.6433566433568088,38.91468531468528,146.163690497209,-146.12905652267366,5.197286853380334,-0.21948001914615192,-19.516401538921357,0.044766156824482935,0.22383078412241447,19.51883497526628
14,2.8,158.0,728.2,157,727,3,4,28.0,2.7053140096618358,37.799999999999955,5.048414023372281,37.799999999999955,5.048414023372281,0.13526570048309178,0.06310517529215351,True,8,8,1,1,"fly (1,8)",0.19999999999999973,0.0,1.5076923076923094,1.5076923076923094,7.538461538461557,-7.538461538461557,21.353357753357727,97.37670299866876,-87.80663780663774,2.851867479580326,-1.0068062154873538,-11.727096869000027,0.2013612430974705,1.0068062154873538,12.412939761918217
15,3.0,182.8095238095238,779.047619047619,181,777,5,5,52.809523809523796,5.1023694501955354,-13.047619047619037,-1.74258685110104,-13.047619047619037,-1.74258685110104,0.2551184725097768,-0.021782335638763,True,8,8,1,1,"fly (1,8)",0.20000000000000018,24.809523809523796,50.84761904761899,56.57731731415969,282.8865865707982,-254.23809523809473,4.1174603174603135,100.96674630296798,-86.17948717948703,0.5499112277075496,-33.955004372366574,-11.509781259363871,7.201636457228982,36.00818228614488,12.752250160122854
16,3.2,180.4,778.4,179,777,4,4,50.400000000000006,4.869565217391305,-12.399999999999977,-1.656093489148578,-12.399999999999977,-1.656093489148578,0.24347826086956526,-0.020701168614357224,True,8,8,1,1,"fly (1,8)",0.20000000000000018,-2.4095238095237903,-0.6476190476190595,2.495038159928833,12.475190799644153,3.238095238095295,-12.615873015872998,98.45392579014747,-83.66666666666652,-1.6849246097994033,0.4324668097623104,-11.174179187534754,0.24835239574726498,1.2417619787363239,12.416648088293734
17,3.4,180.4,778.4,179,777,4,4,50.400000000000006,4.869565217391305,-12.399999999999977,-1.656093489148578,-12.399999999999977,-1.656093489148578,0.24347826086956526,-0.020701168614357224,True,8,8,1,1,"fly (1,8)",0.19999999999999973,0.0,0.0,0.0,0.0,0.0,-12.399999999999977,4.158396933214718,1.0793650793650604,-1.656093489148578,0.0,0.14415560325410345,0.0,0.0,0.4139206595787746
18,3.6,180.4,778.4,179,777,4,4,50.400000000000006,4.869565217391305,-12.399999999999977,-1.656093489148578,-12.399999999999977,-1.656093489148578,0.24347826086956526,-0.020701168614357224,True,8,8,1,1,"fly (1,8)",0.20000000000000018,0.0,0.0,0.0,0.0,0.0,-12.418181818181816,2.0323372893463376,-0.09090909090923573,-1.6585217787221171,0.0,-0.012141447867672552,0.0,0.0,0.19653992743301682
19,3.8,179.1818181818182,778.4545454545455,178,777,4,4,49.18181818181819,4.751866490996926,-12.454545454545496,-1.6633783578691814,-12.454545454545496,-1.6633783578691814,0.2375933245498463,-0.020792229473364766,True,8,8,1,1,"fly (1,8)",0.19999999999999973,-1.2181818181818187,0.054545454545518623,1.2194023736078008,6.097011868039012,-0.2727272727275935,4.817715617715597,95.24652731011444,86.17948717948696,0.6434344731506595,-0.036424343603017655,11.509781259363871,0.11792395645980992,0.5896197822990504,12.212740807514464
20,4.0,158.0,726.6923076923077,157,725,3,5,28.0,2.7053140096618358,39.307692307692264,5.249775266469752,39.307692307692264,5.249775266469752,0.13526570048309178,0.0656221908308719,True,8,8,1,1,"fly (1,8)",0.20000000000000018,-21.181818181818187,-51.76223776223776,55.92851401246091,279.6425700623043,258.8111888111886,22.05361305361301,95.24652731011444,86.17948717948696,2.945390725023436,34.56576812169463,11.509781259363871,7.209720528048875,36.04860264024434,12.212740807514464
21,4.2,158.0,726.6923076923077,157,725,3,5,28.0,2.7053140096618358,39.307692307692264,5.249775266469752,39.307692307692264,5.249775266469752,0.13526570048309178,0.0656221908308719,True,8,8,1,1,"fly (1,8)",0.20000000000000018,0.0,0.0,0.0,0.0,0.0,22.038461538461508,141.1711864287629,43.09731934731921,2.943367150378828,0.0,5.75590241700424,0.0,0.0,18.124941607961734
23,4.6,183.05555555555554,778.5,179,776,10,6,53.05555555555554,5.126140633387009,-12.5,-1.669449081803005,-12.5,-1.669449081803005,0.2563070316693504,-0.020868113522537562,True,8,8,1,1,"fly (1,8)",0.39999999999999947,25.055555555555543,51.807692307692264,57.5483956895937,143.87098922398442,-129.51923076923083,5.540064102564088,51.9028646005525,-41.24599358974365,0.7399083943324278,-17.298060870681912,-5.508646890116007,7.330488873456338,18.32622218364087,6.529359559962006
25,5.0,187.1875,776.1875,185,775,5,4,57.1875,5.52536231884058,-10.1875,-1.360601001669449,-10.1875,-1.360601001669449,0.276268115942029,-0.017007512520868115,True,8,8,1,1,"fly (1,8)",0.40000000000000036,4.131944444444457,-2.3125,4.735041831069227,11.837604577673057,5.781249999999995,-10.958333333333334,51.9028646005525,-41.24599358974365,-1.4635503617139722,0.7721202003338894,-5.508646890116007,0.5047425984980597,1.2618564962451482,6.529359559962006
26,5.2,187.1875,776.1875,185,775,5,4,57.1875,5.52536231884058,-10.1875,-1.360601001669449,-10.1875,-1.360601001669449,0.276268115942029,-0.017007512520868115,True,8,8,1,1,"fly (1,8)",0.20000000000000018,0.0,0.0,0.0,0.0,0.0,-10.183823529411749,4.222215552454237,1.945465686274548,-1.360109987233627,0.0,0.2598284722904289,0.0,0.0,0.4473728060061426
27,5.4,187.35294117647058,776.1764705882352,185,775,6,4,57.35294117647058,5.541346973572037,-10.176470588235247,-1.3591279583619695,-10.176470588235247,-1.3591279583619695,0.27706734867860183,-0.01698909947952462,True,8,8,1,1,"fly (1,8)",0.20000000000000018,0.16544117647057988,-0.011029411764752695,0.16580841593793125,0.8290420796896555,0.055147058823763424,-10.180147058823499,0.27634735989655185,0.018382352941216578,-1.3596189727978008,0.007365216537397183,0.0024550721791323942,0.016052384354655922,0.08026192177327954,0.02675397392442651
28,5.6,187.35294117647058,776.1764705882352,185,775,6,4,57.35294117647058,5.541346973572037,-10.176470588235247,-1.3591279583619695,-10.176470588235247,-1.3591279583619695,0.27706734867860183,-0.01698909947952462,True,8,8,1,1,"fly (1,8)",0.1999999999999993,0.0,0.0,0.0,0.0,0.0,-10.450980392156831,20.9102835655064,-1.3541666666667034,-1.3957903695701992,0.0,-0.1808569838619921,0.0,0.0,2.024384026948296
29,5.8,175.0,777.0,173,776,5,3,45.0,4.3478260869565215,-11.0,-1.4691151919866443,-11.0,-1.4691151919866443,0.21739130434782608,-0.018363939899833055,True,8,8,1,1,"fly (1,8)",0.20000000000000018,-12.35294117647058,0.8235294117647527,12.380361723365919,61.90180861682954,-4.11764705882376,-10.199174406604735,36.81428329356606,1.2590299277604409,-1.3621601878604033,-0.5499361681233734,0.16815090854897874,1.1985780318143227,5.992890159071608,3.579667845765229
30,6.0,184.57894736842104,775.421052631579,182,774,6,4,54.57894736842104,5.273328248156623,-9.42105263157896,-1.2582374132325822,-9.42105263157896,-1.2582374132325822,0.2636664124078311,-0.015727967665407277,True,8,8,1,1,"fly (1,8)",0.20000000000000018,9.57894736842104,-1.5789473684210407,9.708208252773739,48.54104126386865,7.894736842105196,-9.947368421052639,36.81428329356606,1.2590299277604409,-1.3285300061506076,1.0543888937703096,0.16815090854897874,0.9492226756448168,4.74611337822408,3.579667845765229
31,6.2,184.57894736842104,775.421052631579,182,774,6,4,54.57894736842104,5.273328248156623,-9.42105263157896,-1.2582374132325822,-9.42105263157896,-1.2582374132325822,0.2636664124078311,-0.015727967665407277,True,8,8,1,1,"fly (1,8)",0.20000000000000018,0.0,0.0,0.0,0.0,0.0,-9.42105263157896,16.180347087956218,2.631578947368361,-1.2582374132325822,0.0,0.35146296459010323,0.0,0.0,1.58203779274136
32,6.4,184.57894736842104,775.421052631579,182,774,6,4,54.57894736842104,5.273328248156623,-9.42105263157896,-1.2582374132325822,-9.42105263157896,-1.2582374132325822,0.2636664124078311,-0.015727967665407277,True,8,8,1,1,"fly (1,8)",0.20000000000000018,0.0,0.0,0.0,0.0,0.0,-9.592529711375201,1.3865546641059128,-0.4286926994906448,-1.2811391935058747,0.0,-0.057254450683219625,0.0,0.0,0.13967658796646962
34,6.8,186.16129032258064,775.9354838709677,182,774,10,5,56.16129032258064,5.42621162537011,-9.935483870967687,-1.3269427540524457,-9.935483870967687,-1.3269427540524457,0.2713105812685055,-0.01658678442565557,True,8,8,1,1,"fly (1,8)",0.39999999999999947,1.5823429541596,0.5144312393887276,1.6638655969270932,4.159663992317738,-1.2860780984718208,-9.77570824594693,4.499059066873882,-0.48719997336807386,-1.305603772413618,-0.17176335204965887,-0.06506844385549722,0.16761190555976332,0.4190297638994089,0.4404500359839955
35,7.0,184.29411764705884,775.9705882352941,181,774,8,5,54.29411764705884,5.245808468314864,-9.970588235294144,-1.3316311499558122,-9.970588235294144,-1.3316311499558122,0.2622904234157432,-0.016645389374447653,True,8,8,1,1,"fly (1,8)",0.20000000000000018,-1.8671726755218003,0.03510436432645747,1.867502641660783,9.337513208303907,-0.1755218216322872,-10.718690702087278,10.302777375491724,-2.3867097772896186,-1.4315446680584056,-0.02344197951683278,-0.3187592356981075,0.1804640688105157,0.9023203440525777,1.0279127516649431
37,7.4,190.875,778.25,188,774,9,8,60.875,5.881642512077295,-12.25,-1.6360601001669448,-12.25,-1.6360601001669448,0.2940821256038647,-0.020450751252086813,True,8,8,1,1,"fly (1,8)",0.40000000000000036,6.58088235294116,2.2794117647058556,6.964461970341416,17.411154925853523,-5.698529411764634,-12.020897832817354,12.103317394998896,-4.611525849728886,-1.6054621479555777,-0.7610723755278308,-0.6158966076432518,0.7049552588171375,1.7623881470428422,1.2815376844702762
38,7.6,189.81578947368422,779.8421052631579,183,778,14,4,59.81578947368422,5.7793033307907455,-13.842105263157919,-1.8486951937439624,-13.842105263157919,-1.8486951937439624,0.2889651665395373,-0.02310868992179953,True,8,8,1,1,"fly (1,8)",0.1999999999999993,-1.0592105263157805,1.5921052631579187,1.912256810167844,9.561284050839255,-7.960526315789622,-13.394338118022347,15.515168434916236,-4.9676916221034615,-1.7888932377993167,-1.0631754678850918,-0.6634646573760833,0.23598091246308076,1.179904562315408,1.6122952817377965
39,7.8,185.9090909090909,780.0909090909091,177,778,16,4,55.90909090909091,5.4018445322793145,-14.090909090909122,-1.881924419487028,-14.090909090909122,-1.881924419487028,0.27009222661396576,-0.02352405524358785,True,8,8,1,1,"fly (1,8)",0.20000000000000018,-3.906698564593313,0.24880382775120324,3.9146132656111896,19.57306632805593,-1.244019138756015,-14.061004784689013,10.549029224680348,-3.200757575757649,-1.8779305221621432,-0.1661461287153275,-0.42748014367380455,0.37891862717102825,1.8945931358551396,1.1066761645352108
41,8.2,184.91666666666666,780.25,183,779,5,3,54.91666666666666,5.305958132045087,-14.25,-1.9031719532554257,-14.25,-1.9031719532554257,0.2652979066022544,-0.02378964941569282,True,8,8,1,1,"fly (1,8)",0.39999999999999947,-0.9924242424242493,0.15909090909087809,1.005094918058343,2.512737295145861,-0.39772727272719577,-14.196969696969708,7.361934541067264,-0.5472488038277749,-1.8960894419992977,-0.05311883442099437,-0.07308832104544062,0.09821231817403361,0.24553079543508435,0.713374643763408
42,8.4,184.91666666666666,780.25,183,779,5,3,54.91666666666666,5.305958132045087,-14.25,-1.9031719532554257,-14.25,-1.9031719532554257,0.2652979066022544,-0.02378964941569282,True,8,8,1,1,"fly (1,8)",0.20000000000000107,0.0,0.0,0.0,0.0,0.0,-14.21666666666666,3.9808896516948464,0.03409090909093534,-1.898720089037288,0.0,0.004553042950380448,0.0,0.0,0.3859336700219235
43,8.6,186.8,780.15,183,779,8,3,56.80000000000001,5.487922705314011,-14.149999999999977,-1.8898163606009986,-14.149999999999977,-1.8898163606009986,0.27439613526570056,-0.02362270450751248,True,8,8,1,1,"fly (1,8)",0.1999999999999993,1.8833333333333542,-0.10000000000002274,1.8859863319877288,9.429931659938678,0.5000000000001155,-14.183333333333318,3.1433105533128924,0.16666666666666727,-1.8942682248191456,0.06677796327213571,0.022259321090711905,0.18245404292613657,0.912270214630686,0.3040900715435621
44,8.8,186.8,780.15,183,779,8,3,56.80000000000001,5.487922705314011,-14.149999999999977,-1.8898163606009986,-14.149999999999977,-1.8898163606009986,0.27439613526570056,-0.02362270450751248,True,8,8,1,1,"fly (1,8)",0.20000000000000107,0.0,0.0,0.0,0.0,0.0,-14.266666666666652,4.598664653027345,-0.41666666666670604,-1.905397885364499,0.0,-0.055648302726767185,0.0,0.0,0.4546402081531915
45,9.0,186.0,780.5,184,780,5,2,56.0,5.4106280193236715,-14.5,-1.9365609348914858,-14.5,-1.9365609348914858,0.27053140096618356,-0.024207011686143573,True,8,8,1,1,"fly (1,8)",0.1999999999999993,-0.8000000000000114,0.35000000000002274,0.8732124598286686,4.366062299143358,-1.75000000000012,-14.383333333333326,1.4553540997144527,-0.5833333333334112,-1.9209794101279947,-0.23372287145243725,-0.07790762381747908,0.09033008196577735,0.4516504098288884,0.15055013660962954
46,9.2,186.0,780.5,184,780,5,2,56.0,5.4106280193236715,-14.5,-1.9365609348914858,-14.5,-1.9365609348914858,0.27053140096618356,-0.024207011686143573,True,8,8,1,1,"fly (1,8)",0.1999999999999993,0.0,0.0,0.0,0.0,0.0,-13.310810810810798,13.616202377092945,5.362612612612569,-1.7777376708929327,0.0,0.7162086961753062,0.0,0.0,1.4471297120764046
47,9.4,179.63513513513513,776.9324324324324,175,771,13,11,49.63513513513513,4.795665230447838,-10.932432432432392,-1.460091142895812,-10.932432432432392,-1.460091142895812,0.23978326152239193,-0.018251139286197652,True,8,8,1,1,"fly (1,8)",0.20000000000000107,-6.36486486486487,-3.5675675675676075,7.296508966427134,36.482544832135474,17.83783783783794,-13.255255255255255,17.829673935802692,0.27777777777762463,-1.7703178971960323,2.382348959978356,0.03709886848449573,0.7779477452800692,3.889738726400325,2.053642984587867
48,9.6,179.58333333333334,780.3333333333334,174,779,11,3,49.58333333333334,4.790660225442835,-14.333333333333371,-1.9143016138007842,-14.333333333333371,-1.9143016138007842,0.23953301127214174,-0.0239287701725098,True,8,8,1,1,"fly (1,8)",0.1999999999999993,-0.05180180180178695,3.4009009009009787,3.401295395054508,17.0064769752726,-17.004504504504954,-13.141921921921911,19.101799114052017,0.5666666666666279,-1.75518155885435,-2.2710523545248686,0.07568169170840311,0.4542380454726538,2.271190227363277,2.1794069814057924
49,9.8,178.84,780.16,173,778,11,4,48.84,4.718840579710145,-14.159999999999968,-1.8911519198664397,-14.159999999999968,-1.8911519198664397,0.23594202898550726,-0.023639398998330497,True,8,8,1,1,"fly (1,8)",0.20000000000000107,-0.7433333333333394,-0.17333333333340306,0.7632751069495992,3.8163755347479755,0.8666666666670106,-14.24666666666667,10.411426255010287,-8.06891891891903,-1.9027267668336192,0.11574846967172198,-1.0776519424265731,0.0754583980907555,0.3772919904537755,1.324241108908526
0,0.0,149.19565217391303,289.3913043478261,147,282,5,15,19.195652173913032,1.85465238395295,476.6086956521739,63.65391594686797,476.6086956521739,63.65391594686797,0.0927326191976475,0.7956739493358496,True,9,9,1,1,"fly (1,9)",,,,,,,455.878421900161,113.13577233722222,-103.65136876006432,60.885265028402145,,-13.843254592329135,,,14.519971788994622
1,0.2,167.33333333333334,330.85185185185185,165,329,6,6,37.33333333333334,3.607085346215782,435.14814814814815,58.116614109936314,435.14814814814815,58.116614109936314,0.1803542673107891,0.7264576763742039,True,9,9,1,1,"fly (1,9)",0.2,18.13768115942031,41.460547504025726,45.25430893488889,226.27154467444444,-207.30273752012863,448.8544318044084,76.00034875428241,-69.67040673211774,59.94716952312634,-27.68650918465827,-9.304895723822083,5.807988715597849,29.039943577989245,9.756531665193007
2,0.4,167.38709677419354,331.19354838709677,165,329,6,7,37.38709677419354,3.612279881564593,434.80645161290323,58.07097851257472,434.80645161290323,58.07097851257472,0.18061399407822964,0.725887231407184,True,9,9,1,1,"fly (1,9)",0.2,0.05376344086019458,0.34169653524492105,0.3459003176805584,1.729501588402792,-1.7084826762246053,434.5994499203505,77.39086714243048,-70.47265807620377,58.04333220972961,-0.22817798680797807,-9.412041145402851,0.0459302835179549,0.22965141758977448,9.909899898077539
4,0.8,168.75,332.15625,166,330,7,6,38.75,3.743961352657005,433.84375,57.9424040066778,433.84375,57.9424040066778,0.18719806763285024,0.7242800500834724,True,9,9,1,1,"fly (1,9)",0.4,1.3629032258064626,0.9627016129032313,1.6686220657776716,4.171555164444179,-2.4067540322580783,433.4137035679375,5.747670495665749,-5.1264804179790255,57.88496875698664,-0.321436264742303,-0.6846718421341081,0.18404187946143996,0.4601046986535999,0.7332002578615383
5,1.0,168.4848484848485,334.4090909090909,164,330,10,10,38.4848484848485,3.718342848777633,431.5909090909091,57.64152375170739,431.5909090909091,57.64152375170739,0.18591714243888163,0.7205190468963424,True,9,9,1,1,"fly (1,9)",0.19999999999999996,-0.26515151515150137,2.252840909090878,2.2683909468300545,11.341954734150274,-11.264204545454392,432.4115530303031,6.804733164106042,-4.208501344086008,57.75112561339606,-1.5044012748520434,-0.5620702963720942,0.30196893146824805,1.5098446573412405,0.8177196705921553
6,1.2,167.52727272727273,334.2,164,329,9,10,37.52727272727273,3.6258234519104087,431.8,57.669449081803,431.8,57.669449081803,0.18129117259552044,0.7208681135225375,True,9,9,1,1,"fly (1,9)",0.19999999999999996,-0.9575757575757677,-0.20909090909088945,0.9801379187447347,4.9006895937236745,1.0454545454544475,431.10649350649356,8.865879807781537,-6.525297619047593,57.57682717949829,0.13962665047806413,-0.8714921694888274,0.09664193115632508,0.4832096557816255,1.1047268452328403
7,1.4,168.4142857142857,336.07142857142856,164,330,10,14,38.41428571428571,3.711525189786059,429.92857142857144,57.4195087049845,429.92857142857144,57.4195087049845,0.18557625948930295,0.7177438588123063,True,9,9,1,1,"fly (1,9)",0.19999999999999996,0.8870129870129801,1.8714285714285666,2.0709990190941316,10.354995095470661,-9.357142857142835,430.2428571428571,6.779891053471871,-4.318181818181869,57.46148342475555,-1.2497018840925025,-0.5767187737137646,0.2642252445151308,1.3211262225756544,0.8186384440614848
8,1.6,168.0,337.0,164,336,9,3,38.0,3.6714975845410627,429.0,57.29549248747913,429.0,57.29549248747913,0.18357487922705315,0.7161936560934892,True,9,9,1,1,"fly (1,9)",0.20000000000000018,-0.41428571428571104,0.9285714285714448,1.016797694244256,5.083988471221276,-4.64285714285722,428.69146825396825,8.292475436140109,-7.7569444444444,57.254286244269544,-0.6200810875268553,-1.0359859024299567,0.13031589076543496,0.6515794538271742,1.0742152486997767
9,1.8,167.64583333333334,338.85416666666663,163,336,11,8,37.64583333333334,3.6372785829307577,427.14583333333337,57.04785754034503,427.14583333333337,57.04785754034503,0.1818639291465379,0.7130982192543128,True,9,9,1,1,"fly (1,9)",0.19999999999999996,-0.3541666666666572,1.8541666666666288,1.8876885483456767,9.438442741728386,-9.270833333333146,428.2375,7.442021690298662,-2.269841269841302,57.19365609348915,-1.2381747356705122,-0.30315075390200014,0.24998801393930017,1.249940069696501,0.9667679596504778
10,2.0,167.0,337.43333333333334,163,336,9,4,37.0,3.57487922705314,428.56666666666666,57.2376182526433,428.56666666666666,57.2376182526433,0.178743961352657,0.7154702281580412,True,9,9,1,1,"fly (1,9)",0.19999999999999996,-0.6458333333333428,-1.4208333333332916,1.5607267715892648,7.803633857946325,7.10416666666646,430.49583333333334,12.091788260634551,5.284722222222201,57.49526989426823,0.9488035614913672,0.7058059729178369,0.19975687108555157,0.998784355427758,1.575733665277113
12,2.4,169.45,330.225,165,328,11,6,39.44999999999999,3.8115942028985494,435.775,58.20033388981636,435.775,58.20033388981636,0.19057971014492747,0.7275041736227045,True,9,9,1,1,"fly (1,9)",0.3999999999999999,2.4499999999999886,-7.208333333333314,7.613315272891575,19.033288182228944,18.02083333333329,433.4194444444444,13.340876070319418,8.611111111111002,57.885735485067705,2.4067890929326556,1.1500649230198219,0.9913906282828316,2.4784765707070795,1.5843051001343778
13,2.6,172.08333333333334,330.08333333333337,170,329,5,3,42.08333333333334,4.066022544283415,435.91666666666663,58.21925431274345,435.91666666666663,58.21925431274345,0.20330112721417073,0.7277406789092932,True,9,9,1,1,"fly (1,9)",0.20000000000000018,2.633333333333354,-0.1416666666666515,2.6371412341565996,13.185706170782986,0.7083333333332569,435.86944444444447,10.73966478433731,6.243055555555515,58.21294750510109,0.09460211463544246,0.833797069189366,0.2551308748536594,1.2756543742682958,1.2513769816584583
14,2.8,172.08333333333334,330.08333333333337,170,329,5,3,42.08333333333334,4.066022544283415,435.91666666666663,58.21925431274345,435.91666666666663,58.21925431274345,0.20330112721417073,0.7277406789092932,True,9,9,1,1,"fly (1,9)",0.19999999999999973,0.0,0.0,0.0,0.0,0.0,436.8453453453453,16.45489244783791,4.879504504504548,58.343284854136265,0.0,0.651686745175877,0.0,0.0,1.6665756622822574
15,3.0,165.40540540540542,327.2972972972973,163,323,5,10,35.40540540540542,3.4208121164642917,438.7027027027027,58.59134593692189,438.7027027027027,58.59134593692189,0.1710406058232146,0.7323918242115237,True,9,9,1,1,"fly (1,9)",0.20000000000000018,-6.677927927927925,-2.78603603603608,7.235794234546156,36.17897117273075,13.930180180180388,438.18264693264695,14.747907471235573,6.686507936508021,58.52188940669742,1.8604581208921884,0.8930227628057582,0.7448145225156959,3.7240726125784764,1.5622193431080216
16,3.2,164.35714285714286,326.07142857142856,163,324,4,6,34.35714285714286,3.319530710835059,439.92857142857144,58.75506797042691,439.92857142857144,58.75506797042691,0.16597653554175296,0.7344383496303363,True,9,9,1,1,"fly (1,9)",0.20000000000000018,-1.0482625482625565,-1.225868725868736,1.6129502481951967,8.064751240975976,6.1293436293436745,439.5199485199485,14.747907471235573,6.686507936508021,58.70049395925857,0.818610167525086,0.8930227628057582,0.19251708334911782,0.9625854167455883,1.5622193431080216
17,3.4,164.35714285714286,326.07142857142856,163,324,4,6,34.35714285714286,3.319530710835059,439.92857142857144,58.75506797042691,439.92857142857144,58.75506797042691,0.16597653554175296,0.7344383496303363,True,9,9,1,1,"fly (1,9)",0.19999999999999973,0.0,0.0,0.0,0.0,0.0,439.92857142857144,2.688250413658659,2.0431145431145583,58.75506797042691,0.0,0.2728700558416953,0.0,0.0,0.3208618055818628
18,3.6,164.35714285714286,326.07142857142856,163,324,4,6,34.35714285714286,3.319530710835059,439.92857142857144,58.75506797042691,439.92857142857144,58.75506797042691,0.16597653554175296,0.7344383496303363,True,9,9,1,1,"fly (1,9)",0.20000000000000018,0.0,0.0,0.0,0.0,0.0,439.5199485199485,2.6882504136586647,-2.0431145431145628,58.70049395925857,0.0,-0.27287005584169594,0.0,0.0,0.32086180558186345
19,3.8,165.40540540540542,327.2972972972973,163,323,5,10,35.40540540540542,3.4208121164642917,438.7027027027027,58.59134593692189,438.7027027027027,58.59134593692189,0.1710406058232146,0.7323918242115237,True,9,9,1,1,"fly (1,9)",0.19999999999999973,1.0482625482625565,1.225868725868736,1.6129502481951967,8.064751240975994,-6.129343629343688,439.1113256113256,2.6882504136586647,-2.0431145431145628,58.64591994809023,-0.8186101675250879,-0.27287005584169594,0.19251708334911782,0.9625854167455904,0.32086180558186345
20,4.0,165.40540540540542,327.2972972972973,163,323,5,10,35.40540540540542,3.4208121164642917,438.7027027027027,58.59134593692189,438.7027027027027,58.59134593692189,0.1710406058232146,0.7323918242115237,True,9,9,1,1,"fly (1,9)",0.20000000000000018,0.0,0.0,0.0,0.0,0.0,438.50072653298463,3.7258667020179055,-3.052995391705055,58.564370822435336,0.0,-0.4077456282744765,0.0,0.0,0.4576884998908139
21,4.2,165.5483870967742,327.9032258064516,164,324,4,9,35.548387096774206,3.434626772635189,438.0967741935484,58.51042059346222,438.0967741935484,58.51042059346222,0.17173133863175946,0.7313802574182778,True,9,9,1,1,"fly (1,9)",0.20000000000000018,0.1429816913687887,0.6059285091542961,0.6225697730155452,3.1128488650777233,-3.0296425457714777,439.28553991779796,6.122297532586299,3.924066924066851,58.66918730120841,-0.40462671729834165,0.5240823938653699,0.08209601658537034,0.41048008292685134,0.8063959180211854
22,4.4,166.28571428571428,324.9428571428572,163,322,7,7,36.28571428571428,3.505866114561766,441.0571428571428,58.90579537324111,441.0571428571428,58.90579537324111,0.1752933057280883,0.7363224421655139,True,9,9,1,1,"fly (1,9)",0.20000000000000018,0.7373271889400712,-2.9603686635944086,3.050808746536238,15.254043732681177,14.80184331797203,439.5713056835637,8.640980555980738,1.4288288288288105,58.707353012829884,1.9768738988944516,0.19082855810738,0.4017415342273413,2.0087076711367047,1.141292126422107
23,4.6,166.07999999999998,326.44,163,322,7,11,36.079999999999984,3.4859903381642496,439.56,58.70584307178632,439.56,58.70584307178632,0.1742995169082125,0.7338230383973289,True,9,9,1,1,"fly (1,9)",0.1999999999999993,-0.2057142857142935,1.4971428571428191,1.5112098140366566,7.55604907018331,-7.485714285714122,439.1918253968254,12.154789393778325,-1.8974014336917444,58.656671171529275,-0.9997615072739698,-0.2534092065030567,0.20093772504055227,1.004688625202765,1.5988020552712392
24,4.8,165.25,329.04166666666663,163,327,5,6,35.25,3.4057971014492754,436.95833333333337,58.35837506956039,436.95833333333337,58.35837506956039,0.17028985507246377,0.7294796883695048,True,9,9,1,1,"fly (1,9)",0.20000000000000018,-0.8299999999999841,2.601666666666631,2.730855075694101,13.654275378470492,-13.008333333333143,438.60815192743763,11.227031029728535,-2.9183673469387457,58.5787181205259,-1.7373400111296518,-0.3897652550168604,0.35660197389484993,1.783009869474248,1.469130670860224
25,5.0,164.40816326530611,326.6938775510204,161,323,7,10,34.408163265306115,3.324460218870156,439.3061224489796,58.671936220231,439.3061224489796,58.671936220231,0.1662230109435078,0.7333992027528874,True,9,9,1,1,"fly (1,9)",0.20000000000000018,-0.8418367346938851,-2.347789115646208,2.494153728106362,12.4707686405318,11.738945578231029,438.69926303854874,9.591766749758987,0.4555555555556154,58.59088654938881,1.5678057533530407,0.060842144314593706,0.3239387035807322,1.6196935179036596,1.2519193357960405
26,5.2,164.46296296296296,326.16666666666663,161,322,7,11,34.46296296296296,3.3297548756485953,439.83333333333337,58.742348358375075,439.83333333333337,58.742348358375075,0.16648774378242978,0.7342793544796884,True,9,9,1,1,"fly (1,9)",0.20000000000000018,0.054799697656847,-0.5272108843537922,0.5300512460549353,2.6502562302746737,2.6360544217689585,437.04282225710796,19.64065112042746,-8.28220390720398,58.36965906605783,0.35206069072039237,-1.1061374166549707,0.07061092400204287,0.35305462001021404,2.513164245745703
27,5.4,168.36263736263737,334.010989010989,165,327,8,16,38.36263736263737,3.706535010882838,431.989010989011,57.694692619567405,431.989010989011,57.694692619567405,0.18532675054414188,0.7211836577445926,True,9,9,1,1,"fly (1,9)",0.20000000000000018,3.89967439967441,7.844322344322393,8.76018569809519,43.80092849047591,-39.22161172161193,434.12552039660477,18.07032250090786,-14.586509302516122,57.98003611306908,-5.238278694038345,-1.948114764943713,1.1133489198646482,5.566744599323236,2.30654523581472
28,5.6,167.7710843373494,335.4457831325301,165,328,7,16,37.77108433734941,3.649380129212503,430.5542168674699,57.50306736126477,430.5542168674699,57.50306736126477,0.18246900646062517,0.7187883420158095,True,9,9,1,1,"fly (1,9)",0.1999999999999993,-0.5915530252879648,1.4347941215410742,1.5519565563945938,7.759782781972997,-7.173970607705397,430.4353132402959,22.568432121966264,-18.451035781544263,57.48718707716807,-0.9581262915131851,-2.464245179505072,0.19996729762214133,0.9998364881107101,2.7772061539026853
29,5.8,165.08474576271186,337.2372881355932,161,329,9,15,35.08474576271186,3.389830508474576,428.7627118644068,57.26380125067203,428.7627118644068,57.26380125067203,0.1694915254237288,0.7157975156334003,True,9,9,1,1,"fly (1,9)",0.20000000000000018,-2.6863385746375457,1.7915050030630937,3.228917018689978,16.144585093449876,-8.957525015315461,431.1056429106256,18.098500954671774,3.3516483516483553,57.576713577379046,-1.1963305529636858,0.447632501054884,0.35300747485482203,1.7650373742741086,2.1888275426038724
30,6.0,162.0,332.0,161,329,3,7,32.0,3.0917874396135265,434.0,57.96327212020034,434.0,57.96327212020034,0.15458937198067632,0.7245409015025042,True,9,9,1,1,"fly (1,9)",0.20000000000000018,-3.0847457627118615,-5.2372881355931895,6.0782269977184935,30.39113498859244,26.186440677965923,432.2542372881356,15.511906694014106,5.742971887550154,57.730115163690904,3.4973543476415228,0.767007931559279,0.7603217530853604,3.8016087654267987,1.8555487132336357
31,6.2,162.0,332.0,161,329,3,7,32.0,3.0917874396135265,434.0,57.96327212020034,434.0,57.96327212020034,0.15458937198067632,0.7245409015025042,True,9,9,1,1,"fly (1,9)",0.20000000000000018,0.0,0.0,0.0,0.0,0.0,434.1481481481481,11.870035202498983,9.469554300062734,57.983058183392075,0.0,1.2647150985058637,0.0,0.0,1.4486330401315894
32,6.4,161.05555555555554,331.55555555555554,160,329,3,7,31.055555555555543,3.0005367686527094,434.44444444444446,58.02263030977555,434.44444444444446,58.02263030977555,0.15002683843263548,0.7252828788721944,True,9,9,1,1,"fly (1,9)",0.20000000000000018,-0.9444444444444571,-0.4444444444444571,1.043794123780902,5.218970618904506,2.2222222222222836,434.16481481481486,2.070440589225509,0.412037037037056,57.985284115501145,0.2967909478760686,0.055029988252019844,0.10885807099359394,0.5442903549679693,0.22547605039537402
34,6.8,161.1,331.95,160,329,3,8,31.099999999999994,3.0048309178743957,434.05,57.96994991652755,434.05,57.96994991652755,0.15024154589371977,0.7246243739565943,True,9,9,1,1,"fly (1,9)",0.39999999999999947,0.04444444444445139,0.3944444444444457,0.39694045950880763,0.9923511487720204,-0.9861111111111156,431.6809438470729,18.178196493321096,-12.09065113500594,57.65354842698804,-0.13170098312000905,-1.6147781148588838,0.05285511848726108,0.13213779621815286,2.1622533230120298
35,7.0,167.19354838709677,339.4516129032258,165,336,5,8,37.19354838709677,3.5935795543088664,426.5483870967742,56.968065054661004,426.5483870967742,56.968065054661004,0.17967897771544333,0.7121008131832625,True,9,9,1,1,"fly (1,9)",0.20000000000000018,6.093548387096774,7.501612903225805,9.66465354245736,48.32326771228676,-37.50806451612899,424.93630447085457,37.37177299432341,-33.39449317738789,56.75276186589043,-5.009424309332711,-4.460032477781347,1.1620663635699944,5.810331817849967,4.753128173519187
36,7.2,164.8421052631579,351.7894736842105,161,348,7,11,34.84210526315789,3.366386981947622,414.2105263157895,55.32027062648274,414.2105263157895,55.32027062648274,0.1683193490973811,0.6915033828310342,True,9,9,1,1,"fly (1,9)",0.20000000000000018,-2.3514431239388784,12.337860780984727,12.559940024382302,62.79970012191145,-61.68930390492358,426.3085266930768,77.94221225117866,6.861111111111029,56.936030276203915,-8.23897214089132,0.9163420515674154,1.6633829812978898,8.31691490648944,10.110049333493414
37,7.4,170.16666666666666,327.83333333333337,168,323,5,11,40.16666666666666,3.8808373590982277,438.16666666666663,58.519755147468,438.16666666666663,58.519755147468,0.19404186795491138,0.7314969393433499,True,9,9,1,1,"fly (1,9)",0.20000000000000018,5.324561403508767,-23.95614035087715,24.54073378386758,122.70366891933779,119.78070175438565,430.0423976608187,62.84499853583281,18.66935483870964,57.43471087289732,15.997422604926278,2.493402983467054,3.2405802552281697,16.202901276140835,8.29003302614158
38,7.6,170.60714285714286,328.25,169,324,4,9,40.60714285714286,3.923395445134576,437.75,58.46410684474124,437.75,58.46410684474124,0.1961697722567288,0.7308013355592654,True,9,9,1,1,"fly (1,9)",0.1999999999999993,0.440476190476204,0.41666666666662877,0.6063253132498335,3.0316265662491784,-2.0833333333331514,437.2651515151515,47.72072257198158,36.11376927166396,58.399352456113725,-0.27824151363379557,4.823207916081998,0.07005657915889293,0.3502828957944659,6.1483600451174345
39,7.8,167.66666666666666,330.1212121212121,165,328,7,6,37.66666666666666,3.639291465378421,435.8787878787879,58.21419537613194,435.8787878787879,58.21419537613194,0.18196457326892104,0.7276774422016492,True,9,9,1,1,"fly (1,9)",0.20000000000000018,-2.940476190476204,1.8712121212121247,3.4853744460715594,17.42687223035778,-9.356060606060614,437.5574220465525,12.571522281845574,1.4613526570048883,58.43838691773656,-1.249557343046489,0.19517230811417807,0.37837919268340037,1.891895963417,1.4858971984299234
40,8.0,166.28985507246378,326.95652173913044,162,321,9,12,36.28985507246378,3.5062661905762105,439.04347826086956,58.636858532336504,439.04347826086956,58.636858532336504,0.17531330952881052,0.7329607316542063,True,9,9,1,1,"fly (1,9)",0.20000000000000018,-1.3768115942028771,-3.1646903820816874,3.451213609785955,17.25606804892976,15.823451910408423,437.9134826526131,11.948980442909674,1.7803030303030212,58.48594092188489,2.113315781022818,0.2377700207416328,0.4431025472156613,2.2155127360783045,1.4201666576456462
41,8.2,166.34848484848484,327.1818181818182,163,322,8,11,36.348484848484844,3.5119309032352506,438.8181818181818,58.60676885718622,438.8181818181818,58.60676885718622,0.17559654516176254,0.7325846107148277,True,9,9,1,1,"fly (1,9)",0.1999999999999993,0.05862977602106412,0.22529644268774973,0.23280020988829594,1.1640010494414839,-1.1264822134387527,438.99674383587427,6.667811536802813,5.416305916305924,58.63061687290474,-0.1504483757514313,0.7233797550992914,0.03061825468832666,0.15309127344163384,0.8593607756713709
42,8.4,166.28571428571428,326.87142857142857,162,321,9,12,36.28571428571428,3.505866114561766,439.12857142857143,58.648223229191515,439.12857142857143,58.648223229191515,0.1752933057280883,0.7331027903648939,True,9,9,1,1,"fly (1,9)",0.20000000000000107,-0.06277056277056658,-0.31038961038962043,0.3166731024074416,1.5833655120371997,1.551948051948094,439.04285714285714,5.887720894260496,0.23056653491437232,58.63677557834486,0.20727186002648668,0.030793527200583756,0.04189566349883511,0.20947831749417445,0.6013061263291932
43,8.6,163.3030303030303,326.8181818181818,155,322,14,10,33.30303030303031,3.2176840872493053,439.1818181818182,58.655334648656854,439.1818181818182,58.655334648656854,0.16088420436246528,0.7331916831082107,True,9,9,1,1,"fly (1,9)",0.1999999999999993,-2.982683982683966,-0.05324675324675354,2.98315922426055,14.915796121302803,0.26623376623376865,439.79911537737627,10.157671301604639,3.7812911725955036,58.73777834756277,0.03555709732669511,0.505013846089542,0.2882697576103533,1.4413487880517715,1.0871722577040697
44,8.8,165.34782608695653,324.9130434782609,163,322,5,7,35.34782608695653,3.415248897290486,441.0869565217391,58.909777164839944,441.0869565217391,58.909777164839944,0.1707624448645243,0.7363722145604994,True,9,9,1,1,"fly (1,9)",0.20000000000000107,2.0447957839262187,-1.9051383399209385,2.7947704542947975,13.973852271473913,9.525691699604641,439.86102013928104,13.331348957542659,0.3095238095237332,58.74604609539646,1.2722125809154436,0.04133873916843234,0.3221379335132543,1.610689667566263,1.466914515148736
45,9.0,166.68571428571428,326.6857142857143,163,321,8,13,36.68571428571428,3.5445134575569357,439.3142857142857,58.67302647269258,439.3142857142857,58.67302647269258,0.17722567287784677,0.7334128309086573,True,9,9,1,1,"fly (1,9)",0.1999999999999993,1.3378881987577529,1.7726708074534372,2.2208796959702446,11.104398479851262,-8.863354037267218,439.6295807453416,9.743323086921906,-1.15719696969699,58.71513599270005,-1.1837534607368425,-0.15455051348207796,0.2697410179656336,1.3487050898281727,1.1709167156241167
46,9.2,166.7625,327.5125,163,321,8,17,36.76249999999999,3.5519323671497576,438.4875,58.56260434056761,438.4875,58.56260434056761,0.17759661835748786,0.7320325542570951,True,9,9,1,1,"fly (1,9)",0.1999999999999993,0.07678571428570535,0.8267857142856769,0.8303437018881055,4.151718509440542,-4.1339285714284,438.7630952380952,5.085372329763935,-4.33242753623187,58.599411717942594,-0.5521106606248358,-0.5786213737872258,0.11067107789558246,0.5533553894779143,0.6340201597686956
47,9.4,166.7625,327.5125,163,321,8,17,36.76249999999999,3.5519323671497576,438.4875,58.56260434056761,438.4875,58.56260434056761,0.17759661835748786,0.7320325542570951,True,9,9,1,1,"fly (1,9)",0.20000000000000107,0.0,0.0,0.0,0.0,0.0,439.285,5.940056622162987,2.6095238095238567,58.66911519198664,0.0,0.3485173702202256,0.0,0.0,0.7580084722834037
48,9.6,165.44,325.12,163,322,5,7,35.44,3.4241545893719803,440.88,58.88213689482471,440.88,58.88213689482471,0.17120772946859902,0.7360267111853088,True,9,9,1,1,"fly (1,9)",0.1999999999999993,-1.322499999999991,-2.392499999999984,2.7336902714096745,13.66845135704842,11.962499999999963,439.71416666666664,6.535382907396426,2.145833333333303,58.72643294379521,1.597662771285512,0.28658875904285813,0.34413400547445816,1.720670027372297,0.829302236555607
49,9.8,165.875,326.225,163,322,6,9,35.875,3.466183574879227,439.775,58.73455759599332,439.775,58.73455759599332,0.17330917874396135,0.7341819699499165,True,9,9,1,1,"fly (1,9)",0.20000000000000107,0.4350000000000023,1.1050000000000182,1.1875394730281779,5.937697365140858,-5.525000000000062,440.32749999999993,9.80307436109464,3.218749999999954,58.80834724540901,-0.7378964941569383,0.4298831385642872,0.15344733645890565,0.7672366822945241,1.2439533548334105
0,0.0,149.85714285714286,276.6190476190476,149,273,3,8,19.85714285714286,1.91856452726018,489.3809523809524,65.35972652834089,489.3809523809524,65.35972652834089,0.09592822636300899,0.8169965816042611,True,10,10,1,1,"fly (1,10)",,,,,,,519.5608465608466,151.13526930703438,150.89947089947088,69.39043025854379,,20.153518651014508,,,20.17000629408803
1,0.2,146.48148148148147,216.25925925925927,146,210,2,14,16.481481481481467,1.5924136697083542,549.7407407407408,73.42113398874669,549.7407407407408,73.42113398874669,0.07962068348541772,0.9177641748593335,True,10,10,1,1,"fly (1,10)",0.2,-3.3756613756613945,-60.359788359788325,60.45410772281376,302.27053861406876,301.79894179894177,520.3014339391151,147.54241149341252,54.00276052449973,69.48934009203542,40.307037302029016,7.212388717796283,8.068002517635213,40.34001258817606,19.683161936804638
2,0.4,149.0,244.2173913043478,147,242,5,6,19.0,1.8357487922705313,521.7826086956522,69.68715975901866,521.7826086956522,69.68715975901866,0.09178743961352658,0.8710894969877333,True,10,10,1,1,"fly (1,10)",0.2,2.5185185185185333,27.958132045088547,28.071339173233753,140.35669586616876,-139.7906602254426,516.4826259127599,184.0909775444392,17.45436019636183,68.97931564778095,-18.66987114864017,2.3311332482620095,3.741894644447571,18.709473222237854,24.56442898982017
4,0.8,149.1320754716981,288.07547169811323,147,282,5,13,19.1320754716981,1.8485097074104446,477.92452830188677,63.82965319557753,477.92452830188677,63.82965319557753,0.09242548537052223,0.7978706649447191,True,10,10,1,1,"fly (1,10)",0.4,0.1320754716981014,43.85808039376542,43.85827926123203,109.64569815308006,-109.64520098441369,481.1490981592847,140.36217571630732,-140.11923843923844,64.26031361058894,-14.643766408602819,-18.71375471642585,5.857520463618637,14.64380115904659,18.73074876423529
5,1.0,150.6220472440945,322.25984251968504,148,303,9,34,20.62204724409449,1.9924683327627526,443.74015748031496,59.264127877170615,443.74015748031496,59.264127877170615,0.09962341663813763,0.7408015984646327,True,10,10,1,1,"fly (1,10)",0.19999999999999996,1.4899717723963875,34.184370821571804,34.216826625934615,171.08413312967312,-170.92185410785905,442.62269187090345,156.17598552922593,-156.08363111376835,59.11488372232433,-22.827626592034566,-20.84589397178875,4.567794382284284,22.838971911421428,20.852350474104373
6,1.2,151.9322033898305,359.7966101694915,150,339,8,39,21.932203389830505,2.119053467616474,406.2033898305085,54.250870094224844,406.2033898305085,54.250870094224844,0.10595267338082369,0.6781358761778106,True,10,10,1,1,"fly (1,10)",0.19999999999999996,1.3101561457360162,37.53676764980645,37.559625060984914,187.7981253049246,-187.68383824903228,415.80169525745396,134.20107683705479,-134.10498306724722,55.53278066877516,-25.066288914728865,-17.91051526774586,5.014855670369018,25.074278351845095,17.91723315568837
7,1.4,152.1346153846154,368.53846153846155,150,363,7,13,22.134615384615387,2.1386101820884433,397.46153846153845,53.083344034930015,397.46153846153845,53.083344034930015,0.10693050910442216,0.6635418004366251,True,10,10,1,1,"fly (1,10)",0.19999999999999996,0.2024119947848817,8.74185136897006,8.744194415313313,43.720972076566575,-43.70925684485031,396.2831812255541,97.64031910694415,-97.59257015949923,52.92596744247802,-5.837630296474146,-13.034066131485707,1.167689840759716,5.838449203798581,13.037404051855034
8,1.6,152.42564102564103,380.8153846153846,150,357,8,45,22.425641025641028,2.1667286015112106,385.1846153846154,51.44368819827919,385.1846153846154,51.44368819827919,0.10833643007556051,0.6430461024784898,True,10,10,1,1,"fly (1,10)",0.20000000000000018,0.2910256410256409,12.276923076923026,12.280371987868264,61.401859939341264,-61.384615384615074,399.0795821462488,84.08151310080471,13.982004603473522,53.29944335843057,-8.198279183254115,1.8673795797627382,1.6398969199842868,8.199484599921426,11.227233936341188
9,1.8,151.44444444444446,351.4074074074074,150,348,4,9,21.444444444444457,2.0719269994632326,414.5925925925926,55.371297842082484,414.5925925925926,55.371297842082484,0.10359634997316162,0.6921412230260311,True,10,10,1,1,"fly (1,10)",0.19999999999999996,-0.9811965811965706,-29.407977207977183,29.424341457301253,147.1217072865063,147.03988603988594,413.72820512820516,114.261540816702,73.2431149097816,55.25585377338299,19.638048219016472,9.782052074762143,3.9287536010607105,19.643768005303556,15.25423782788721
10,2.0,150.02777777777777,324.5925925925926,148,305,4,42,20.02777777777777,1.935050993022007,441.4074074074074,58.9525752797873,441.4074074074074,58.9525752797873,0.09675254965110035,0.7369071909973413,True,10,10,1,1,"fly (1,10)",0.19999999999999996,-1.4166666666666856,-26.81481481481478,26.852211044851682,134.26105522425843,134.07407407407393,416.13627450980397,134.68978361339902,52.8725001396569,55.57746571082523,17.906387188524068,7.061435744862352,3.583892175687328,17.91946087843664,17.978883772080486
12,2.4,152.75882352941176,373.59117647058827,149,340,9,60,22.758823529411757,2.1989201477692517,392.40882352941173,52.4085240106059,392.40882352941173,52.4085240106059,0.1099460073884626,0.6551065501325738,True,10,10,1,1,"fly (1,10)",0.3999999999999999,2.731045751633985,48.99858387799566,49.07463533177291,122.6865883294323,-122.49645969498917,389.16160078846355,183.55437937591273,-94.04121537503879,51.97483816874304,-16.36012817295349,-12.55976165275977,6.549368973000503,16.37342243250126,24.506474069853436
13,2.6,153.33714285714285,432.33142857142855,151,416,7,38,23.33714285714285,2.25479641131815,333.66857142857145,44.56341521583592,333.66857142857145,44.56341521583592,0.11273982056590749,0.557042690197949,True,10,10,1,1,"fly (1,10)",0.20000000000000018,0.5783193277310943,58.74025210084028,58.74309891480954,293.71549457404745,-293.7012605042011,329.90985629034225,255.52589758048444,-255.4265692589435,44.061416532933855,-39.22554397384989,-34.11373212139478,7.845307779724486,39.226538898622394,34.12067661482795
14,2.8,154.95652173913044,502.3478260869565,154,499,3,8,24.956521739130437,2.411258139046419,263.6521739130435,35.21231037235973,263.6521739130435,35.21231037235973,0.12056290695232096,0.44015387965449665,True,10,10,1,1,"fly (1,10)",0.19999999999999973,1.6193788819875863,70.01639751552796,70.03512196759463,350.17560983797364,-350.08198757764023,287.2140579710145,215.81660880233426,-213.47899159663868,38.359139628850016,-46.755524217380994,-28.511384520419185,9.352413702672028,46.7620685133602,28.81686296468834
15,3.0,154.71428571428572,501.67857142857144,153,498,4,9,24.714285714285722,2.387853692201519,264.32142857142856,35.301693298354394,264.32142857142856,35.301693298354394,0.11939268461007595,0.44127116622942997,True,10,10,1,1,"fly (1,10)",0.20000000000000018,-0.24223602484471485,-0.6692546583850572,0.7117443989963453,3.5587219949817235,3.3462732919252827,264.4270982640548,119.62280208799183,-113.9347985347987,35.315806112060734,0.4469146299733136,-15.216667583946395,0.09239629641648583,0.4619814820824288,15.965654900750712
16,3.2,155.0,500.6923076923077,154,499,3,5,25.0,2.4154589371980677,265.3076923076923,35.43341466546809,265.3076923076923,35.43341466546809,0.12077294685990338,0.44291768331835113,True,10,10,1,1,"fly (1,10)",0.20000000000000018,0.2857142857142776,-0.9862637362637656,1.0268148862040238,5.134074431020115,4.931318681318824,277.7442981546755,66.76454682929291,66.58599945310365,37.09439708242745,0.658606835568491,8.89295485183355,0.13458294136190202,0.6729147068095095,8.905552908678795
17,3.4,153.64150943396226,462.39622641509436,152,456,5,14,23.641509433962256,2.284203810044662,303.60377358490564,40.54808328345985,303.60377358490564,40.54808328345985,0.11421019050223312,0.5068510410432482,True,10,10,1,1,"fly (1,10)",0.19999999999999973,-1.3584905660377444,-38.29608127721332,38.32016881237532,191.60084406187687,191.48040638606685,299.8864777907576,110.82826306715795,110.71089818041044,40.0516163994334,25.57334308995884,14.786096585029787,5.116352507428882,25.581762537144446,14.794345758154742
18,3.6,153.08130081300814,435.2520325203252,150,422,7,30,23.08130081300814,2.2300773732375014,330.7479674796748,44.17335124937226,330.7479674796748,44.17335124937226,0.11150386866187507,0.5521668906171533,True,10,10,1,1,"fly (1,10)",0.20000000000000018,-0.5602086209541142,-27.14419389476916,27.149974141715397,135.74987070857688,135.72096947384568,334.3362946405744,172.30016410640295,172.24908424908435,44.65259360809008,18.126339829562017,23.00488604328338,3.6256720061020578,18.128360030510272,23.008456807448397
19,3.8,152.83809523809524,397.34285714285716,150,388,9,22,22.838095238095235,2.2065792500575108,368.65714285714284,49.23634629143811,368.65714285714284,49.23634629143811,0.11032896250287554,0.6154543286429763,True,10,10,1,1,"fly (1,10)",0.19999999999999973,-0.24320557491290629,-37.909175377468046,37.90995550975097,189.54977754875512,189.54587688734048,355.6962903401928,110.07807614313522,106.79997849809178,47.50534762473359,25.314975210329283,14.263770083217599,5.063049570938088,25.315247854690476,14.6994526968048
20,4.0,152.67521367521368,398.3162393162393,150,388,8,26,22.675213675213683,2.1908419009868294,367.6837606837607,49.10634533339041,367.6837606837607,49.10634533339041,0.10954209504934147,0.61382931666738,True,10,10,1,1,"fly (1,10)",0.20000000000000018,-0.16288156288155164,0.9733821733821628,0.9869160344147417,4.934580172073704,-4.86691086691081,355.7905575905576,125.91872433423892,0.4713362518242074,47.51793757469884,-0.6500047902385114,0.06294974982627484,0.13095004104273109,0.6547502052136549,16.815532862317053
21,4.2,152.9923076923077,434.96923076923076,150,420,7,33,22.99230769230769,2.2214790040876995,331.03076923076924,44.21112109926801,331.03076923076924,44.21112109926801,0.11107395020438497,0.5526390137408501,True,10,10,1,1,"fly (1,10)",0.20000000000000018,0.3170940170940071,36.652991452991444,36.65436305637762,183.27181528188794,-183.26495726495705,323.9176638176638,159.41000149016907,-159.36446886446868,43.26112371521386,-24.476121170611954,-21.28406929742487,4.89532010540941,24.47660052704703,21.287257135534272
22,4.4,154.19230769230768,492.96153846153845,153,489,4,9,24.19230769230768,2.337421033073206,273.03846153846155,36.465904712983175,273.03846153846155,36.465904712983175,0.11687105165366028,0.45582380891228974,True,10,10,1,1,"fly (1,10)",0.20000000000000018,1.1999999999999886,57.99230769230769,58.00472180330917,290.02360901654555,-289.96153846153817,292.4230769230769,158.03467727949868,-157.47293447293433,39.05483498137922,-38.726081931424154,-21.03144366917319,7.746084134868433,38.73042067434213,21.10498576160494
23,4.6,154.2,492.8,153,489,4,8,24.19999999999999,2.3381642512077283,273.2,36.48747913188648,273.2,36.48747913188648,0.11690821256038642,0.45609348914858094,True,10,10,1,1,"fly (1,10)",0.1999999999999993,0.007692307692309441,-0.16153846153844142,0.16172150801250798,0.8086075400625428,0.80769230769221,268.4992402659069,120.1803751081211,-119.61918328584989,35.85966481013782,0.10787209451653051,-15.975850856206998,0.021587216685131302,0.10793608342565689,16.049354437435625
24,4.8,154.37037037037038,506.74074074074076,153,503,4,9,24.37037037037038,2.3546251565575247,259.25925925925924,34.625610585543804,259.25925925925924,34.625610585543804,0.11773125782787623,0.43282013231929756,True,10,10,1,1,"fly (1,10)",0.20000000000000018,0.17037037037039227,13.94074074074075,13.941781753551053,69.7089087677552,-69.7037037037037,263.22451499118165,26.914199309810982,-26.37362637362635,35.155193988805564,-9.309342731713377,-3.522354106661272,1.8619413109078193,9.309706554539089,3.5944164238281995
25,5.0,154.35714285714286,508.7857142857143,153,507,4,5,24.35714285714286,2.353347135955832,257.2142857142857,34.35249224898641,257.2142857142857,34.35249224898641,0.1176673567977916,0.4294061531123301,True,10,10,1,1,"fly (1,10)",0.20000000000000018,-0.013227513227519694,2.044973544973516,2.0450163243230435,10.225081621615209,-10.22486772486757,258.05784832451496,27.459770261629327,-25.833333333333314,34.46515503499365,-1.3655916827869763,-3.4501947690595425,0.2731213267039707,1.3656066335198525,3.666945302908895
26,5.2,154.3,508.3,153,507,4,4,24.30000000000001,2.347826086956523,257.7,34.41736227045075,257.7,34.41736227045075,0.11739130434782614,0.43021702838063436,True,10,10,1,1,"fly (1,10)",0.20000000000000018,-0.057142857142849834,-0.4857142857142662,0.4890640791035138,2.445320395517567,2.428571428571329,258.33506493506496,8.213180926348914,1.3860830527497103,34.502178956269105,0.32435010732172004,0.18511960637725608,0.065104544133549,0.32552272066774474,1.0962500693310275
27,5.4,154.1818181818182,505.90909090909093,153,504,3,5,24.181818181818187,2.3364075537988587,260.09090909090907,34.736682349370156,260.09090909090907,34.736682349370156,0.11682037768994294,0.434208529367127,True,10,10,1,1,"fly (1,10)",0.20000000000000018,-0.11818181818182438,-2.3909090909090764,2.3938281523827953,11.969140761913966,11.954545454545372,259.981585081585,8.27451167872526,8.232600732600691,34.72208148001136,1.5966003945970173,1.0995126187112838,0.31952417076109735,1.5976208538054852,1.1024475630917188
28,5.6,154.46153846153845,503.84615384615387,153,502,4,5,24.461538461538453,2.363433667781493,262.15384615384613,35.012199820213176,262.15384615384613,35.012199820213176,0.11817168338907465,0.4376524977526647,True,10,10,1,1,"fly (1,10)",0.1999999999999993,0.2797202797202658,-2.062937062937067,2.0818147757488408,10.409073878744241,10.314685314685372,261.6306046894282,8.281564360458818,8.24509803921568,34.94231782162647,1.3775873542151067,1.1011817080755446,0.2768398229603843,1.3841991148019264,1.1037354529106571
29,5.8,154.47058823529412,503.3529411764706,153,501,4,6,24.470588235294116,2.3643080420574023,262.6470588235294,35.07807129529608,262.6470588235294,35.07807129529608,0.11821540210287013,0.438475891191201,True,10,10,1,1,"fly (1,10)",0.20000000000000018,0.009049773755663182,-0.4932126696832597,0.49329568814364977,2.4664784407182467,2.4660633484162964,286.3669683257918,123.74587312637141,123.68181818181814,38.246005786416276,0.32935737541450266,16.518439823949013,0.06587727802491208,0.3293863901245601,16.522921968143162
30,6.0,152.8,431.7,152,430,3,5,22.80000000000001,2.2028985507246386,334.3,44.64774624373957,334.3,44.64774624373957,0.11014492753623194,0.5580968280467445,True,10,10,1,1,"fly (1,10)",0.20000000000000018,-1.6705882352941046,-71.65294117647062,71.6724134119304,358.36206705965174,358.26470588235276,329.32875816993464,214.8415686406273,214.80894922071374,43.9838074350497,47.848374742217416,28.6890082431671,9.57103607990061,47.855180399503006,28.691288377443488
31,6.2,152.84313725490196,374.9607843137255,151,370,7,15,22.84313725490196,2.207066401439803,391.0392156862745,52.22560476611345,391.0392156862745,52.22560476611345,0.11035332007199015,0.6528200595764182,True,10,10,1,1,"fly (1,10)",0.20000000000000018,0.04313725490194997,-56.73921568627446,56.73923208430243,283.6961604215119,283.6960784313721,383.2797385620915,270.216077576151,269.75490196078414,51.18928060929435,37.889292611869365,36.02736587122325,7.577859668540586,37.889298342702894,36.05965530719331
32,6.4,157.0,341.5,155,340,5,4,27.0,2.608695652173913,424.5,56.69449081803005,424.5,56.69449081803005,0.13043478260869565,0.7086811352253757,True,10,10,1,1,"fly (1,10)",0.20000000000000018,4.156862745098039,-33.460784313725526,33.718001049457904,168.59000524728935,167.3039215686275,426.34640522875816,184.21237078364427,182.83333333333323,56.94108917913297,22.34443025958297,24.41847523650527,4.486897435874812,22.434487179374038,24.515375848660142
34,6.8,166.5,302.5,165,301,4,4,36.5,3.526570048309179,463.5,61.90317195325542,463.5,61.90317195325542,0.17632850241545894,0.7737896494156928,True,10,10,1,1,"fly (1,10)",0.39999999999999947,9.5,-39.0,40.1403786728526,100.35094668213164,97.50000000000013,447.1904761904762,107.6861794251732,71.72035480859014,59.72493838937911,13.021702838063458,9.578678438542932,5.288936809561387,13.222342023903487,14.202036238104737
35,7.0,170.8095238095238,312.42857142857144,169,309,4,8,40.809523809523796,3.942949160340463,453.57142857142856,60.57715239685189,453.57142857142856,60.57715239685189,0.19714745801702316,0.7572144049606486,True,10,10,1,1,"fly (1,10)",0.20000000000000018,4.309523809523796,9.928571428571445,10.82351726921973,54.1175863460986,-49.64285714285718,451.09047619047624,80.67514893845437,-12.999999999999938,60.245806502901665,-6.630097782017644,-1.736227045075104,1.3898559022073387,6.949279511036687,10.606970954687874
36,7.2,168.6,329.8,168,328,3,5,38.599999999999994,3.7294685990338157,436.2,58.257095158597664,436.2,58.257095158597664,0.1864734299516908,0.7282136894824708,True,10,10,1,1,"fly (1,10)",0.20000000000000018,-2.2095238095238017,17.371428571428567,17.511382757426592,87.55691378713288,-86.85714285714276,437.7956043956044,68.45840497527864,-66.47435897435888,58.47019758205067,-11.600286191271135,-8.878044604254926,2.3298582658246922,11.64929132912345,9.018944665050736
37,7.4,166.6153846153846,342.38461538461536,165,341,4,4,36.61538461538461,3.537718320327016,423.61538461538464,56.57634519070246,423.61538461538464,56.57634519070246,0.17688591601635079,0.7072043148837807,True,10,10,1,1,"fly (1,10)",0.20000000000000018,-1.9846153846153811,12.584615384615347,12.740142958520888,63.70071479260439,-62.92307692307668,431.4999694749695,80.49566742018129,-31.478174603174494,57.629378227041,-8.403749839476006,-4.204096775048351,1.6916526309984152,8.45826315499207,10.069735726858843
38,7.6,152.36309523809524,331.3154761904762,149,311,11,39,22.36309523809524,2.1606855302507477,434.6845238095238,58.05469433182287,434.6845238095238,58.05469433182287,0.1080342765125374,0.725683679147786,True,10,10,1,1,"fly (1,10)",0.1999999999999993,-14.252289377289372,-11.069139194139154,18.045874736161256,90.2293736808066,55.34569597069597,431.0085409035409,51.48991443098682,-2.4571428571427703,57.56374502885354,7.391745705602082,-0.32816599093726556,2.0203305392921944,10.101652696461008,6.205135660922919
39,7.8,152.46285714285713,331.2742857142857,149,311,11,39,22.462857142857132,2.1703243616287082,434.7257142857143,58.0601955640353,434.7257142857143,58.0601955640353,0.10851621808143543,0.7257524445504412,True,10,10,1,1,"fly (1,10)",0.20000000000000018,0.09976190476189117,-0.04119047619047933,0.10793096390989515,0.5396548195494753,0.20595238095239646,436.98826118326116,41.67757789345799,29.898601398601425,58.362372111286966,0.027506161062120758,3.9931354121671325,0.011098226263136344,0.05549113131568167,4.908553750443704
40,8.0,151.89090909090908,324.44545454545454,149,311,11,28,21.890909090909076,2.1150636802810703,441.55454545454546,58.972226438002735,441.55454545454546,58.972226438002735,0.10575318401405351,0.7371528304750342,True,10,10,1,1,"fly (1,10)",0.20000000000000018,-0.5719480519480555,-6.8288311688311865,6.852741036003585,34.263705180017894,34.144155844155904,439.3587920817047,12.260053376302908,11.852654492217589,58.67897056183035,4.560154369837188,1.5829922527168954,0.9137034847108852,4.568517423554423,1.615034491420152
41,8.2,152.20388349514562,324.20388349514565,149,311,11,26,22.203883495145618,2.145302753154166,441.79611650485435,59.00448968345301,441.79611650485435,59.00448968345301,0.1072651376577083,0.7375561210431625,True,10,10,1,1,"fly (1,10)",0.1999999999999993,0.31297440423654166,-0.2415710503088917,0.3953600258682702,1.976800129341358,1.2078552515444627,432.1168873197999,60.680708243715365,-36.209523809523546,57.71177126140901,0.16131622725136965,-4.83599650210665,0.04421898387807005,0.22109491939035103,8.048912634268389
42,8.4,156.7982456140351,353.0,150,347,17,15,26.798245614035096,2.5892024747859996,413.0,55.158597662771285,413.0,55.158597662771285,0.1294601237393,0.6894824707846411,True,10,10,1,1,"fly (1,10)",0.20000000000000107,4.594362118889478,28.796116504854353,29.160323884357524,145.80161942178685,-143.980582524271,414.93616680192775,88.0496010954518,-85.903602589361,55.417184213946946,-19.229460103408517,-11.472935237310312,3.871425111972098,19.35712555986039,11.676430285530811
43,8.6,153.1578947368421,375.9876160990712,150,350,10,51,23.15789473684211,2.2374777523518947,390.0123839009288,52.08846529561654,390.0123839009288,52.08846529561654,0.11187388761759473,0.6511058161952067,True,10,10,1,1,"fly (1,10)",0.1999999999999993,-3.6403508771929864,22.987616099071204,23.274076747045356,116.3703837352272,-114.93808049535643,387.95079463364294,136.0420696614611,-134.9268608414235,51.81312783087051,-15.350661835773797,-18.02028191538211,3.090214075468327,15.45107037734169,18.09845707264834
44,8.8,152.12,405.15999999999997,150,403,6,6,22.120000000000005,2.1371980676328506,360.84000000000003,48.19232053422371,360.84000000000003,48.19232053422371,0.10685990338164253,0.6024040066777964,True,10,10,1,1,"fly (1,10)",0.20000000000000107,-1.0378947368421052,29.172383900928764,29.190841165474016,145.9542058273693,-145.86191950464305,368.482958376333,97.87545348927632,-97.3391812865497,49.21308292171392,-19.480723806964026,-13.000224545782933,3.8974350561486086,19.48717528074294,13.037808206058804
45,9.0,152.57894736842104,411.40350877192986,151,402,5,23,22.57894736842104,2.1815408085430956,354.59649122807014,47.35846293530152,354.59649122807014,47.35846293530152,0.10907704042715478,0.591980786691269,True,10,10,1,1,"fly (1,10)",0.1999999999999993,0.4589473684210361,6.243508771929896,6.260354181046481,31.30177090523252,-31.21754385964959,355.6857269610809,64.086020479704,-63.98615707626038,47.50393682284886,-4.1692879946109835,-8.54573049432526,0.8350357920183535,4.175178960091783,8.55271782089225
46,9.2,152.19540229885058,414.37931034482756,150,403,5,23,22.19540229885058,2.144483313898607,351.62068965517244,46.961026999021364,351.62068965517244,46.961026999021364,0.10722416569493035,0.587012837487767,True,10,10,1,1,"fly (1,10)",0.1999999999999993,-0.3835450695704594,2.9758015728976943,3.000416941302025,15.00208470651018,-14.879007864488525,352.5503810491312,17.088183760002668,-15.676729559748475,47.08519279454172,-1.9871796814007752,-2.093720141535684,0.3991598443684042,1.995799221842028,2.219314105827665
47,9.4,153.16981132075472,414.566037735849,151,409,7,16,23.169811320754718,2.238629113116398,351.433962264151,46.936088449302304,351.433962264151,46.936088449302304,0.1119314556558199,0.5867011056162788,True,10,10,1,1,"fly (1,10)",0.20000000000000107,0.9744090219041368,0.18672739102146352,0.9921391336530674,4.96069566826531,-0.9336369551073126,356.1050228619967,29.704920871585596,17.773209064327556,47.559936275391884,-0.12469274859530022,2.373717404250766,0.09739282710983746,0.4869641355491847,3.905721923962409
48,9.6,153.5,400.73958333333337,151,391,7,26,23.5,2.2705314009661834,365.26041666666663,48.78269337785197,365.26041666666663,48.78269337785197,0.11352657004830918,0.6097836672231496,True,10,10,1,1,"fly (1,10)",0.1999999999999993,0.33018867924528195,-13.826454402515651,13.83039644799621,69.1519822399813,69.1322720125785,359.9364743928684,28.313824074248245,19.157257654358762,48.0716493346068,9.233024642748365,2.5585652960746246,1.8468804828991967,9.234402414496016,3.720381109427088
49,9.8,153.20353982300884,402.88495575221236,151,392,6,26,23.20353982300884,2.241887905604719,363.11504424778764,48.49616617666613,363.11504424778764,48.49616617666613,0.11209439528023593,0.6062020772083266,True,10,10,1,1,"fly (1,10)",0.20000000000000107,-0.296460176991161,2.145372418878992,2.165758862899637,10.828794314498127,-10.726862094394903,364.1877304572271,39.99038827723971,29.2027049590918,48.63942977725905,-1.4326360059291967,3.9001943184095875,0.2879553556472141,1.4397767782360626,5.33708959636604
0,0.0,383.42045454545456,202.20454545454544,380,197,9,12,20.42045454545456,2.1608946608946624,560.7954545454545,76.68997668997669,560.7954545454545,76.68997668997669,0.10804473304473312,0.9586247086247085,True,11,1,2,2,"fly (2,1)",,,,,,,560.6039772727272,0.9682875129034415,-0.9573863636362034,76.66379176379176,,-0.1309246309246248,,,0.13181929238126852
1,0.2,383.3625,202.5875,380,198,9,11,20.36250000000001,2.154761904761906,560.4125,76.63760683760684,560.4125,76.63760683760684,0.1077380952380953,0.9579700854700856,True,11,1,2,2,"fly (2,1)",0.2,-0.05795454545454959,0.38295454545456664,0.3873150051613766,1.936575025806883,-1.9147727272724069,560.5359848484849,1.440440914963421,-0.6590909090908781,76.65449365449365,-0.2618492618492496,-0.09013209013209196,0.05272771695250741,0.26363858476253704,0.17201696878628434
2,0.4,382.8857142857143,202.6,380,198,8,11,19.8857142857143,2.1043083900226773,560.4,76.63589743589743,560.4,76.63589743589743,0.10521541950113386,0.9579487179487179,True,11,1,2,2,"fly (2,1)",0.2,-0.47678571428571104,0.012499999999988631,0.47694954381667604,2.38474771908338,-0.06250000000022737,560.3272435897436,2.2678663360679643,-1.0437062937061607,76.62594784133246,-0.00854700854702628,-0.14272906580596137,0.05048246431926318,0.2524123215963159,0.26569938396129117
3,0.6,382.44615384615383,202.83076923076922,380,198,7,12,19.446153846153834,2.0577940577940566,560.1692307692308,76.60433925049311,560.1692307692308,76.60433925049311,0.10288970288970282,0.9575542406311638,True,11,1,2,2,"fly (2,1)",0.19999999999999996,-0.4395604395604664,0.2307692307692264,0.49645525266272583,2.4822762633136297,-1.153846153845848,560.8302664655606,4.832239571151808,2.515114379085047,76.69473729443564,-0.15779092702160827,0.34394726551591726,0.05620944910500413,0.2810472455250207,0.6013494510001315
4,0.8,381.6470588235294,201.078431372549,380,196,5,13,18.64705882352939,1.973233737939618,561.921568627451,76.84397519691639,561.921568627451,76.84397519691639,0.0986616868969809,0.9605496899614548,True,11,1,2,2,"fly (2,1)",0.20000000000000007,-0.7990950226244422,-1.7523378582202156,1.9259389462116836,9.629694731058414,8.761689291101217,559.6099766104882,12.891662569471308,-6.10144927536226,76.52786004929753,1.1981797321163863,-0.8343862256905751,0.2541177571758117,1.270588785879058,1.7162468855512145
5,1.0,380.4782608695652,206.26086956521738,380,201,2,12,17.47826086956519,1.8495514147688032,556.7391304347826,76.13526570048309,556.7391304347826,76.13526570048309,0.09247757073844017,0.9516908212560387,True,11,1,2,2,"fly (2,1)",0.19999999999999996,-1.1687979539642015,5.182438192668371,5.312603342808375,26.56301671404188,-25.912190963342148,557.632931433443,16.23263057109699,-9.885225885226044,76.25749489688108,-3.5435474821665034,-1.3518257620822052,0.7194209250499128,3.597104625249565,2.192601099393506
6,1.2,380.4761904761905,208.76190476190476,380,204,2,11,17.47619047619048,1.8493323255228022,554.2380952380952,75.79324379324379,554.2380952380952,75.79324379324379,0.09246661627614011,0.9474155474155473,True,11,1,2,2,"fly (2,1)",0.19999999999999996,-0.002070393374708601,2.5010351966873827,2.5010360536381357,12.505180268190681,-12.505175983437201,553.5509671161844,20.658263293915933,-20.40982158629239,75.69927755435002,-1.7101095361964984,-2.791086712655377,0.34202197741037893,1.710109887051895,2.81152057963348
7,1.4,380.8918918918919,213.32432432432432,380,207,3,14,17.891891891891873,1.8933218933218914,549.6756756756756,75.16932316932316,549.6756756756756,75.16932316932316,0.09466609466609457,0.9396165396165396,True,11,1,2,2,"fly (2,1)",0.19999999999999996,0.41570141570139185,4.562419562419564,4.581318579903046,22.906592899515235,-22.81209781209782,551.2031410292279,12.094712538678715,-11.739130434782702,75.3782073202363,-3.119603119603128,-1.605351170568573,0.6254694453197959,3.12734722659898,1.643391790191705
8,1.6,381.0652173913044,213.30434782608694,380,206,4,16,18.065217391304373,1.9116632160110447,549.695652173913,75.17205499814195,549.695652173913,75.17205499814195,0.09558316080055224,0.9396506874767744,True,11,1,2,2,"fly (2,1)",0.20000000000000018,0.17332549941249908,-0.019976498237383566,0.1744728896660464,0.8723644483302313,0.09988249118691775,549.2326194872777,10.216713121997095,-9.852607709750602,75.1087342888585,0.013659144093907104,-1.3473651568889744,0.018543651384848016,0.09271825692424,1.3861042262357015
9,1.8,381.18367346938777,214.67346938775512,380,207,4,16,18.18367346938777,1.9241982507288646,548.3265306122448,74.9848246991104,548.3265306122448,74.9848246991104,0.09620991253644323,0.93731030873888,True,11,1,2,2,"fly (2,1)",0.19999999999999996,0.11845607808339764,1.3691215616681802,1.3742364036291632,6.871182018145817,-6.845607808340903,548.2940609287193,5.027202003407149,-4.692792792792679,74.98038440050863,-0.9361514951577024,-0.6417494417494161,0.18764943903677678,0.9382471951838841,0.6780547331450406
10,2.0,381.24,216.14,380,209,4,15,18.24000000000001,1.930158730158731,546.86,74.78427350427351,546.86,74.78427350427351,0.09650793650793656,0.9348034188034188,True,11,1,2,2,"fly (2,1)",0.19999999999999996,0.05632653061223891,1.466530612244867,1.4676119087490793,7.338059543745398,-7.332653061224052,546.2083757011577,10.486613116580351,-10.428426137808247,74.6951624890472,-1.002755974184453,-1.4261095573070997,0.20063974946539953,1.0031987473269979,1.430881284427732
11,2.2,381.6842105263158,219.56140350877195,380,213,5,14,18.68421052631578,1.977165135059871,543.438596491228,74.31638926375769,543.438596491228,74.31638926375769,0.09885825675299355,0.9289548657969711,True,11,1,2,2,"fly (2,1)",0.20000000000000018,0.4442105263157714,3.4214035087719594,3.4501195575699706,17.250597787849838,-17.107017543859783,544.135676742056,10.901508685653239,-10.363494795508357,74.41171647754612,-2.339421202579144,-1.4172300575054206,0.47023958215446326,2.3511979107723144,1.4628493592919771
12,2.4,382.6144578313253,220.89156626506025,380,214,7,14,19.614457831325296,2.0756040033148464,542.1084337349398,74.13448666460715,542.1084337349398,74.13448666460715,0.10378020016574231,0.9266810833075895,True,11,1,2,2,"fly (2,1)",0.19999999999999973,0.9302473050095159,1.3301627562883027,1.6231737450728931,8.115868725364477,-6.650813781441238,542.0351962615755,11.40480478042169,-10.502402402402325,74.12447128363425,-0.909512995752665,-1.4362259695593114,0.20683028395532366,1.0341514197766197,1.5124682824545104
13,2.6,383.4684684684685,222.44144144144144,380,215,9,15,20.468468468468473,2.165975499308833,540.5585585585586,73.92253792253793,540.5585585585586,73.92253792253793,0.10829877496544166,0.9240317240317242,True,11,1,2,2,"fly (2,1)",0.20000000000000018,0.8540106371431762,1.5498751763811924,1.769589565610152,8.847947828050751,-7.749375881905955,540.7686270607958,9.636664719786715,-6.332846003898569,73.95126523908318,-1.0597437103461251,-0.8660302227553752,0.23041110336291973,1.1520555168145976,1.1705399474573228
14,2.8,385.6736111111111,223.36111111111111,380,217,13,14,22.673611111111086,2.3993239271017024,539.6388888888889,73.79677113010446,539.6388888888889,73.79677113010446,0.11996619635508511,0.9224596391263058,True,11,1,2,2,"fly (2,1)",0.19999999999999973,2.2051426426426133,0.9196696696696733,2.3892355211889793,11.946177605944913,-4.598348348348515,539.7081515822392,8.809880393743596,-5.302377392782772,73.80624295141733,-0.6288339621673353,-0.7251114383292644,0.26508258115614985,1.325412905780751,1.0496024493162572
15,3.0,386.54744525547443,224.0729927007299,381,218,13,13,23.54744525547443,2.491793148727453,538.9270072992701,73.6994198016096,538.9270072992701,73.6994198016096,0.12458965743637264,0.9212427475201199,True,11,1,2,2,"fly (2,1)",0.20000000000000018,0.8738341443633431,0.7118815896187982,1.127103149447025,5.63551574723512,-3.559407948093846,539.0196822910302,6.6762887387407295,-3.4423464560452057,73.71209330475627,-0.4867566424743326,-0.47074823330530563,0.1342677850706848,0.6713389253534233,0.7722344896206299
16,3.2,386.7739726027397,224.5068493150685,381,218,14,14,23.77397260273972,2.5157642965862137,538.4931506849315,73.64008898255474,538.4931506849315,73.64008898255474,0.12578821482931068,0.9205011122819342,True,11,1,2,2,"fly (2,1)",0.20000000000000018,0.22652734726528934,0.4338566143385947,0.48943457260843054,2.4471728630421503,-2.169283071693256,538.6560343965604,3.2609962759055104,-1.8182394723491277,73.6623636781621,-0.29665409527424885,-0.24864813297080912,0.06399032754554318,0.3199516377277156,0.3909249520308062
17,3.4,386.43835616438355,224.45205479452056,380,218,14,14,23.43835616438355,2.480249329564397,538.5479452054794,73.64758225032197,538.5479452054794,73.64758225032197,0.12401246647821984,0.9205947781290247,True,11,1,2,2,"fly (2,1)",0.19999999999999973,-0.33561643835616906,-0.05479452054794365,0.3400600434878512,1.700300217439258,0.27397260273971863,538.3339600680455,2.371179108864503,-1.6103716425743624,73.61831932554469,0.03746633883615407,-0.22022176308709596,0.03629685860225594,0.18148429301127994,0.301798788752587
18,3.6,386.52287581699346,225.0392156862745,380,219,15,13,23.522875816993462,2.4891932081474564,537.9607843137255,73.56728674375734,537.9607843137255,73.56728674375734,0.12445966040737282,0.9195910842969667,True,11,1,2,2,"fly (2,1)",0.20000000000000018,0.08451965260991301,0.587160891753939,0.5932128492224198,2.9660642461120963,-2.9358044587695504,538.1213006443327,2.114716111449714,-1.0632971185640363,73.58923769495148,-0.4014775328231931,-0.1454081529660318,0.08079208710375321,0.4039604355187657,0.25626186168676374
19,3.8,386.84137931034485,225.1448275862069,381,219,14,13,23.84137931034485,2.5228972815179733,537.8551724137931,73.55284409077512,537.8551724137931,73.55284409077512,0.12614486407589867,0.9194105511346891,True,11,1,2,2,"fly (2,1)",0.19999999999999973,0.31850349335138617,0.1056118999323985,0.33555677415955626,1.6777838707977835,-0.5280594996622774,537.9031912495984,1.7184331856956432,-1.0905469736712796,73.55941076917584,-0.07221326491105638,-0.14913462887813952,0.036668171306049144,0.18334085653024595,0.2146421751213707
20,4.0,386.93617021276594,225.1063829787234,381,219,14,13,23.936170212765944,2.532928064842957,537.8936170212767,73.55810147299509,537.8936170212767,73.55810147299509,0.12664640324214785,0.9194762684124388,True,11,1,2,2,"fly (2,1)",0.20000000000000018,0.09479090242109578,-0.03844460748351253,0.10229028803540954,0.5114514401770472,0.1922230374179888,537.852336204384,0.9584383434391982,-0.2542752260721198,73.55245623307815,0.02628691109983092,-0.03477268048849664,0.011325046663020167,0.05662523331510078,0.1071485131191684
21,4.2,386.82876712328766,225.1917808219178,380,219,15,14,23.828767123287662,2.521562658548959,537.8082191780823,73.54642313546424,537.8082191780823,73.54642313546424,0.12607813292744793,0.919330289193303,True,11,1,2,2,"fly (2,1)",0.20000000000000018,-0.10740308947828225,0.08539784319441424,0.13721594386855218,0.6860797193427604,-0.4269892159720708,537.9006120664529,0.9884914805669149,0.24137931034488225,73.55905806036962,-0.05839168765426445,0.033009136457404005,0.01629588990243179,0.08147944951215888,0.11426621735699034
22,4.4,387.12582781456956,225.0,380,219,15,14,24.12582781456956,2.5529976523354034,538.0,73.57264957264957,538.0,73.57264957264957,0.12764988261677016,0.9196581196581196,True,11,1,2,2,"fly (2,1)",0.20000000000000018,0.2970606912818994,-0.19178082191780277,0.35358865643618703,1.7679432821809336,0.9589041095887287,537.9736317448068,1.9965915986435725,0.36509839176896297,73.56904365740947,0.13113218592664555,0.04992798519919487,0.0409387938487424,0.2046939692437118,0.22116538637375616
23,4.6,387.82394366197184,224.88732394366195,381,219,15,13,24.82394366197184,2.626872345182205,538.112676056338,73.58805826411461,538.112676056338,73.58805826411461,0.13134361725911026,0.9198507283014326,True,11,1,2,2,"fly (2,1)",0.1999999999999993,0.6981158474022777,-0.11267605633804578,0.7071503588814014,3.5357517944070196,0.5633802816902309,538.1056338028169,2.603542842962494,0.6600102900506502,73.58709522089804,0.07704345732520351,0.09025781744282335,0.0754645480730794,0.3773227403653983,0.28341582987444136
24,4.8,388.3169014084507,224.79577464788733,382,219,14,13,25.31690140845069,2.679037186079438,538.2042253521126,73.60057782592993,538.2042253521126,73.60057782592993,0.1339518593039719,0.9200072228241242,True,11,1,2,2,"fly (2,1)",0.20000000000000018,0.4929577464788508,-0.09154929577462667,0.5013866904599055,2.506933452299525,0.45774647887299086,538.1391908497967,3.088382485751644,0.1677852348992329,73.59168421877563,0.06259780907662099,0.022944989387928275,0.05364615600284295,0.2682307800142145,0.3298305342835503
25,5.0,388.9530201342282,224.8993288590604,382,219,15,13,25.95302013422821,2.7463513369553665,538.1006711409395,73.58641656628232,538.1006711409395,73.58641656628232,0.1373175668477683,0.9198302070785291,True,11,1,2,2,"fly (2,1)",0.20000000000000018,0.6361187257775214,0.10355421117307628,0.6444924421096772,3.222462210548383,-0.5177710558655231,538.2269454475587,2.8039861591919824,0.4387729888100007,73.6036848475294,-0.07080629823803967,0.06000314376888596,0.06878761649420778,0.3439380824710386,0.3066857327331373
26,5.2,389.4135338345865,224.62406015037595,383,219,14,13,26.413533834586474,2.795082945458886,538.375939849624,73.62406015037594,538.375939849624,73.62406015037594,0.1397541472729443,0.9203007518796992,True,11,1,2,2,"fly (2,1)",0.20000000000000018,0.46051370035826267,-0.2752687086844503,0.5365125629456076,2.6825628147280356,1.3763435434225344,538.2039831121427,2.526654191632142,-0.11481167708003182,73.60054469909645,0.18821792046807656,-0.01570074216478663,0.0615776671428319,0.30788833571415924,0.2858106710264536
27,5.4,389.6466165413534,224.86466165413535,384,219,13,13,26.64661654135341,2.8197477821538,538.1353383458646,73.59115738063106,538.1353383458646,73.59115738063106,0.14098738910769,0.9198894672578882,True,11,1,2,2,"fly (2,1)",0.20000000000000018,0.2330827067669361,0.24060150375939315,0.33498750992400117,1.6749375496200043,-1.2030075187971068,538.01328320802,2.5229198490450506,-0.9534995206134566,73.57446607972923,-0.16451384872439676,-0.13039309683601208,0.04112111897883272,0.2056055948941634,0.3143567615439686
28,5.6,389.85714285714283,225.47142857142856,384,220,14,12,26.857142857142833,2.8420256991685537,537.5285714285715,73.50818070818072,537.5285714285715,73.50818070818072,0.1421012849584277,0.918852258852259,True,11,1,2,2,"fly (2,1)",0.1999999999999993,0.21052631578942282,0.6067669172932142,0.6422518365574192,3.2112591827871078,-3.0338345864657974,537.7701754385965,2.576691409384235,-1.2155388471177306,73.54122057279952,-0.414883362251716,-0.16622753464858467,0.08591527080471638,0.4295763540235834,0.31347778044706837
29,5.8,389.30075187969925,225.35338345864662,383,220,14,12,26.30075187969925,2.7831483470581215,537.6466165413534,73.52432362958679,537.6466165413534,73.52432362958679,0.13915741735290607,0.9190540453698349,True,11,1,2,2,"fly (2,1)",0.20000000000000018,-0.5563909774435842,-0.11804511278194241,0.5687754991491182,2.8438774957455886,0.5902255639097115,537.6883172498175,2.5636930424537847,-0.409290943895072,73.53002629057333,0.08071460703035875,-0.055971411130950444,0.061050278484691835,0.3052513924234589,0.31248592406076275
30,6.0,389.5196850393701,225.11023622047244,384,220,13,12,26.519685039370074,2.8063158771820182,537.8897637795276,73.55757453395249,537.8897637795276,73.55757453395249,0.14031579385910092,0.9194696816744061,True,11,1,2,2,"fly (2,1)",0.20000000000000018,0.21893315967082572,-0.24314723817417416,0.32718848976573095,1.6359424488286534,1.2157361908708697,537.7026029641032,3.2489017912528926,0.0714285714284794,73.53197989252693,0.16625452182850595,0.009768009767986021,0.04052600514704935,0.20263002573524658,0.3606746087850213
31,6.2,390.5238095238095,225.42857142857144,385,220,13,12,27.52380952380952,2.91257243638196,537.5714285714286,73.51404151404151,537.5714285714286,73.51404151404151,0.14562862181909797,0.9189255189255189,True,11,1,2,2,"fly (2,1)",0.20000000000000018,1.0041244844394441,0.3183352080990005,1.0533770858368874,5.266885429184432,-1.5916760404951433,537.5455882900134,3.991966629641741,-0.7850733704490639,73.5105078003437,-0.21766509955490657,-0.10736046091610747,0.11482848163927185,0.5741424081963588,0.44677280007810904
32,6.4,391.4580152671756,225.82442748091603,386,220,13,13,28.458015267175597,3.0114301870027087,537.175572519084,73.45990735303712,537.175572519084,73.45990735303712,0.15057150935013544,0.9182488419129641,True,11,1,2,2,"fly (2,1)",0.20000000000000018,0.9342057433660784,0.395856052344584,1.0146144021824277,5.073072010912134,-1.9792802617229182,537.2614381744494,3.881253235200834,-1.4207505778195655,73.47164966488197,-0.27067080502192176,-0.19429067730866242,0.11270919326054456,0.5635459663027222,0.42936375525760145
33,6.6,391.67910447761193,225.96268656716418,386,220,13,13,28.67910447761193,3.034825870646765,537.0373134328358,73.44100012756729,537.0373134328358,73.44100012756729,0.15174129353233826,0.9180125015945911,True,11,1,2,2,"fly (2,1)",0.1999999999999993,0.22108921043633245,0.13825908624815497,0.2607604531011857,1.303802265505933,-0.6912954312406352,537.0059213335668,2.5868290372313485,-1.2775842044135286,73.43670719091512,-0.09453612734915884,-0.17471236983432448,0.030080578254744646,0.15040289127372378,0.29721074481721543
34,6.8,391.8292682926829,226.1951219512195,386,221,13,12,28.82926829268291,3.050716221447927,536.8048780487804,73.40921409214091,536.8048780487804,73.40921409214091,0.15253581107239636,0.9176151761517615,True,11,1,2,2,"fly (2,1)",0.20000000000000018,0.1501638150709823,0.2324353840553215,0.27672256705519516,1.3836128352759745,-1.1621769202770327,536.8954845922327,0.979741030403444,-0.5521837066699699,73.42160473056175,-0.1589301771318928,-0.07551230176683067,0.03553667537504018,0.17768337687520075,0.11990822489392396
35,7.0,391.8606557377049,226.15573770491804,386,221,13,12,28.860655737704917,3.0540376442015784,536.844262295082,73.41459997197703,536.844262295082,73.41459997197703,0.15270188221007894,0.9176824996497128,True,11,1,2,2,"fly (2,1)",0.20000000000000018,0.03138744502200552,-0.03938424630146642,0.0503615980856842,0.2518079904284208,0.19692123150775825,536.2923294817095,3.6536386600197694,-3.015775552616633,73.3391219804047,0.026929399180559675,-0.4124137507851815,0.0063276813065695665,0.0316384065328478,0.47308450744400316
36,7.2,392.7911392405063,227.7721518987342,387,221,13,15,29.79113924050631,3.152501506931885,535.2278481012659,73.19355187709618,535.2278481012659,73.19355187709618,0.15762507534659423,0.9149193984637023,True,11,1,2,2,"fly (2,1)",0.20000000000000018,0.930483502801394,1.616414193816155,1.8650990308709834,9.32549515435491,-8.082070969080625,535.3813112002558,5.87173755666803,-4.555091407267653,73.21453828379568,-1.1052404744042112,-0.622918483045135,0.2419863477847925,1.2099317389239614,0.7428545056166547
37,7.4,391.6740331491713,228.9281767955801,385,221,15,18,28.674033149171294,3.0342892221345283,534.0718232044198,73.03546300231383,534.0718232044198,73.03546300231383,0.15171446110672643,0.9129432875289228,True,11,1,2,2,"fly (2,1)",0.20000000000000018,-1.1171060913350175,1.1560248968459064,1.607581905044153,8.037909525220758,-5.780124484230095,534.4665571018952,5.858268138095224,-4.573770491803273,73.08944370624208,-0.7904443739117533,-0.6254728877679834,0.1973986742786312,0.9869933713931551,0.7408025444332956
38,7.6,391.7055555555556,228.9,385,221,15,18,28.705555555555577,3.0376249265138178,534.1,73.03931623931624,534.1,73.03931623931624,0.1518812463256909,0.912991452991453,True,11,1,2,2,"fly (2,1)",0.1999999999999993,0.031522406384283386,-0.02817679558009445,0.04227994694200006,0.21139973471000106,0.14088397790089907,534.7557762741325,6.076371433957628,1.446095861186146,73.1289950460352,0.019266185012014672,0.1977566989656289,0.005096504596554163,0.025482522982770903,0.7923702120094119
39,7.8,391.6629213483146,226.90449438202248,385,219,15,18,28.662921348314626,3.033113370192024,536.0955056179776,73.31220589647556,536.0955056179776,73.31220589647556,0.1516556685096012,0.9164025737059446,True,11,1,2,2,"fly (2,1)",0.20000000000000018,-0.04263420724095113,-1.9955056179775283,1.9959610083884258,9.97980504194212,9.977528089887633,535.4715355805243,3.63171178109646,3.5787965319593673,73.22687666058452,1.3644482857966256,0.48940807274656545,0.2729269483304623,1.3646347416523104,0.49394878280015514
40,8.0,391.7303370786517,226.78089887640448,385,219,15,17,28.7303370786517,3.040247309910233,536.2191011235955,73.32910784596177,536.2191011235955,73.32910784596177,0.15201236549551164,0.9166138480745222,True,11,1,2,2,"fly (2,1)",0.20000000000000018,0.06741573033707482,-0.12359550561799892,0.14078611332745142,0.7039305666372565,0.6179775280895677,536.2017031782897,3.9813363709324068,3.6508379888268387,73.3267286397661,0.08450974743105626,0.49925989590794445,0.018345816753076935,0.09172908376538459,0.5310882014251733
41,8.2,391.97206703910615,226.7094972067039,385,219,15,17,28.97206703910615,3.0658271999054127,536.2905027932961,73.338872176861,536.2905027932961,73.338872176861,0.15329135999527063,0.9167359022107626,True,11,1,2,2,"fly (2,1)",0.1999999999999993,0.2417299604544496,-0.07140166970057749,0.2520547008435672,1.2602735042178403,0.35700834850331503,536.2532013056306,2.280073007147814,0.25749063670408273,73.3337711187187,0.048821654496151896,0.03521239476294607,0.027380155771564996,0.13690077885782548,0.2483027955875774
42,8.4,392.94642857142856,226.75,387,219,13,17,29.946428571428555,3.1689342403628102,536.25,73.33333333333333,536.25,73.33333333333333,0.1584467120181405,0.9166666666666666,True,11,1,2,2,"fly (2,1)",0.20000000000000107,0.9743615323224049,0.04050279329609907,0.9752029901176735,4.876014950588342,-0.20251396648063638,536.2178323811928,2.3022460018797264,-0.17684462218824082,73.32893434272722,-0.02769421763836973,-0.024183879957367635,0.10325570482790507,0.5162785241395226,0.25133858547589316
43,8.6,393.0169491525424,226.8870056497175,387,219,14,17,30.016949152542395,3.176396735718772,536.1129943502825,73.31459751798735,536.1129943502825,73.31459751798735,0.1588198367859386,0.9164324689748419,True,11,1,2,2,"fly (2,1)",0.1999999999999993,0.07052058111383985,0.1370056497175085,0.1540899101665982,0.7704495508329937,-0.6850282485874029,536.1612280018184,1.9230208147620054,-0.2830218968728104,73.32119357289822,-0.09367907672988485,-0.0387038491449944,0.020167290686066295,0.10083645343033183,0.2101698597910563
44,8.8,393.04022988505744,226.8793103448276,387,219,14,17,30.040229885057443,3.178860305297084,536.1206896551724,73.315649867374,536.1206896551724,73.315649867374,0.1589430152648542,0.9164456233421752,True,11,1,2,2,"fly (2,1)",0.20000000000000107,0.023280732515047475,-0.007695304889921317,0.024519588572935635,0.12259794286467753,0.03847652444960638,536.1138795169699,0.5251855744306287,-0.2367424242424935,73.31471856642322,0.0052617469332716105,-0.03237503237502439,0.002678920360663,0.013394601803314928,0.06222152080196695
45,9.0,393.1761363636364,226.89204545454544,387,219,14,17,30.176136363636374,3.1932419432419445,536.1079545454545,73.31390831390831,536.1079545454545,73.31390831390831,0.15966209716209723,0.9164238539238538,True,11,1,2,2,"fly (2,1)",0.1999999999999993,0.13590647857893146,0.012735109717851856,0.13650184591884199,0.6825092295942123,-0.06367554858968583,536.1121995820272,0.2683690574862975,-0.008399674713359223,73.31448883173022,-0.008707767328459712,-0.0011486734650627748,0.014486701434450855,0.07243350717225454,0.028609369658523006
46,9.2,393.1761363636364,226.89204545454544,387,219,14,17,30.176136363636374,3.1932419432419445,536.1079545454545,73.31390831390831,536.1079545454545,73.31390831390831,0.15966209716209723,0.9164238539238538,True,11,1,2,2,"fly (2,1)",0.1999999999999993,0.0,0.0,0.0,0.0,0.0,536.1349326599326,0.4126990224232094,0.11366538952737887,73.31759762870873,0.0,0.015543984892639936,0.0,0.0,0.046960843005347065
47,9.4,393.1,226.8111111111111,387,219,14,17,30.100000000000023,3.185185185185188,536.1888888888889,73.32497625830959,536.1888888888889,73.32497625830959,0.15925925925925938,0.9165622032288698,True,11,1,2,2,"fly (2,1)",0.20000000000000107,-0.07613636363635123,-0.08093434343433614,0.1111175675350832,0.5555878376754131,0.40467171717182066,536.149672449129,0.39712101998342436,0.07369894598165619,73.31961332637661,0.055339722006379745,0.01007848833935989,0.0136898043687575,0.06844902184378714,0.045860163997704546
48,9.6,392.97826086956525,226.84782608695653,386,219,15,17,29.978260869565247,3.172302737520132,536.1521739130435,73.31995540691193,536.1521739130435,73.31995540691193,0.1586151368760066,0.9164994425863991,True,11,1,2,2,"fly (2,1)",0.1999999999999993,-0.12173913043477569,0.03671497584542749,0.127155044454971,0.6357752222748573,-0.18357487922685387,536.1856572976138,0.7980594507426452,0.17992424242436209,73.32453433129761,-0.025104256988299857,0.024605024605032316,0.013826294029865342,0.06913147014932695,0.08927381491708125
49,9.8,393.21022727272725,226.7840909090909,387,219,14,17,30.210227272727252,3.196849446849445,536.2159090909091,73.32867132867133,536.2159090909091,73.32867132867133,0.15984247234247223,0.9166083916083917,True,11,1,2,2,"fly (2,1)",0.20000000000000107,0.231966403162005,-0.06373517786562388,0.24056305845553377,1.2028152922776625,0.3186758893281177,536.1840415019763,0.9192952572762612,0.06755050505063279,73.32431336779163,0.04357960879701727,0.0092376759043586,0.02604819055162616,0.1302409527581301,0.0996862114537283
0,0.0,601.0975609756098,699.7731707317073,600,626,4,135,18.09756097560978,1.8950325628910765,60.226829268292704,8.278601961277348,60.226829268292704,8.278601961277348,0.09475162814455383,0.10348252451596684,True,12,1,3,3,"fly (3,1)",,,,,,,58.6799975487192,7.734910614239195,-7.73415859786752,8.065979044497485,,-1.0631145838993161,,,1.0631745716269103
1,0.2,601.1407035175879,702.8668341708543,600,634,4,127,18.140703517587895,1.8995501065537062,57.133165829145696,7.853356127717621,57.133165829145696,7.853356127717621,0.09497750532768531,0.09816695159647026,True,12,1,3,3,"fly (3,1)",0.2,0.04314254197811351,3.093663439147008,3.093964245695678,15.46982122847839,-15.46831719573504,58.1480595903026,5.242336820111841,-5.237742658038845,7.992860424783863,-2.1262291677986322,-0.7199646265345491,0.4252698286507642,2.1263491432538206,0.7203344294844257
2,0.4,601.125,702.9158163265306,600,635,4,126,18.125,1.8979057591623036,57.0841836734694,7.846623185356618,57.0841836734694,7.846623185356618,0.09489528795811518,0.09808278981695773,True,12,1,3,3,"fly (3,1)",0.2,-0.015703517587894567,0.048982155676299044,0.051437846371426836,0.25718923185713416,-0.24491077838149522,57.43601192570831,6.920159444670944,-3.5602383229714483,7.894984457142036,-0.033664711805014846,-0.4893798382091334,0.006930829039891295,0.03465414519945647,0.950944607993645
3,0.6,601.1446078431372,701.9093137254902,600,630,4,131,18.144607843137237,1.899958936454161,58.090686274509835,7.984974058351868,58.090686274509835,7.984974058351868,0.09499794682270805,0.09981217572939834,True,12,1,3,3,"fly (3,1)",0.19999999999999996,0.01960784313723707,-1.006502601040438,1.0066935747354613,5.033467873677307,5.032513005202191,57.902895457700005,2.5022899578009916,2.33441765995849,7.959160887656359,0.6917543649762471,0.32088215257161323,0.13836610710553154,0.6918305355276578,0.3436954394005105
4,0.8,601.1545893719807,701.4661835748792,600,629,4,132,18.154589371980705,1.9010041227204928,58.53381642512079,8.045885419260589,58.53381642512079,8.045885419260589,0.09505020613602463,0.10057356774075737,True,12,1,3,3,"fly (3,1)",0.20000000000000007,0.009981528843468368,-0.44313015061095484,0.443242553573707,2.216212767868534,2.2156507530547733,58.50384064346664,3.005254923287317,3.004725928833144,8.041765036902632,0.30455680454360745,0.41302074623136065,0.06092032749488348,0.30460163747441726,0.4130629446446746
5,1.0,601.1514423076923,701.1129807692307,600,628,4,133,18.151442307692264,1.9006745871929072,58.88701923076928,8.094435633095435,58.88701923076928,8.094435633095435,0.09503372935964537,0.10118044541369292,True,12,1,3,3,"fly (3,1)",0.19999999999999996,-0.00314706428844147,-0.35320280564849327,0.3532168256632219,1.7660841283161097,1.7660140282424668,54.860866787257464,20.870741132880628,-18.214869281045864,7.54101261680515,0.24275106917422745,-2.503762100487404,0.048551332186389726,0.24275666093194867,2.8687479794322903
6,1.2,601.2823529411764,712.8382352941177,600,662,4,98,18.28235294117644,1.9143825069294702,47.16176470588232,6.482716798059426,47.16176470588232,6.482716798059426,0.09571912534647352,0.08103395997574282,True,12,1,3,3,"fly (3,1)",0.19999999999999996,0.1309106334841772,11.725254524886964,11.725985300491445,58.62992650245724,-58.62627262443483,52.12060110907779,25.384166026073075,-13.701328390898391,7.16434379506224,-8.058594175180048,-1.8833441087145555,1.6117771279781006,8.058885639890505,3.4891567176331155
7,1.4,601.2659279778393,709.6869806094182,600,655,4,105,18.265927977839283,1.9126626154805533,50.31301939058176,6.915878954031856,50.31301939058176,6.915878954031856,0.09563313077402766,0.08644848692539821,True,12,1,3,3,"fly (3,1)",0.19999999999999996,-0.01642496333715826,-3.1512546846994383,3.151297489489176,15.756487447445883,15.756273423497195,52.67606071823885,41.86446980496549,2.7772980458052907,7.240695631373037,2.1658107798621544,0.38175918155398963,0.43316557041537884,2.1658278520768945,5.754393808200018
8,1.6,601.1213592233009,699.4466019417475,600,628,4,133,18.121359223300942,1.8975245260000986,60.55339805825247,8.32349114202783,60.55339805825247,8.32349114202783,0.09487622630000493,0.10404363927534789,True,12,1,3,3,"fly (3,1)",0.20000000000000018,-0.14456875453834073,-10.240378667670711,10.241399092998678,51.20699546499335,51.201893338353514,56.736112607847154,24.34268094274174,20.3002594480415,7.798778365339814,7.038060939979863,2.790413669833882,1.407693586526532,7.0384679326326545,3.345832896635244
9,1.8,601.1803278688525,700.6580796252928,600,627,4,134,18.180327868852487,1.9036992532829828,59.34192037470723,8.156964999959756,59.34192037470723,8.156964999959756,0.09518496266414915,0.10196206249949695,True,12,1,3,3,"fly (3,1)",0.19999999999999996,0.058968645551544796,1.2114776835452403,1.2129119831571973,6.0645599157859875,-6.057388417726203,60.13956097298035,21.059916467045948,17.017241825665966,8.266606319310013,-0.8326307103403698,2.3391397698509926,0.16664058103923646,0.8332029051961825,2.8945791904216187
10,2.0,601.1588785046729,699.4766355140187,600,625,4,136,18.158878504672884,1.9014532465626057,60.52336448598135,8.319362815942453,60.52336448598135,8.319362815942453,0.09507266232813029,0.10399203519928066,True,12,1,3,3,"fly (3,1)",0.19999999999999996,-0.021449364179602526,-1.1814441112741179,1.1816388040717007,5.908194020358505,5.90722055637059,60.047076085638345,4.403643182681377,-0.46242443671000416,8.253893620019015,0.8119890799134846,-0.06356349645498281,0.1624133466872038,0.8120667334360192,0.6051346257831082
11,2.2,601.1485849056604,699.7240566037735,600,625,4,136,18.148584905660414,1.9003753827916663,60.27594339622647,8.28535304415484,60.27594339622647,8.28535304415484,0.09501876913958332,0.10356691305193551,True,12,1,3,3,"fly (3,1)",0.20000000000000018,-0.010293599012470622,0.24742108975488009,0.2476351223799281,1.2381756118996394,-1.2371054487743993,60.20432904249693,3.152653705403537,0.7862647842929008,8.275509146734974,-0.17004885893806318,0.10807763357978095,0.03402684774342458,0.17013423871712274,0.43330996277594697
12,2.4,601.1556603773585,700.186320754717,600,626,4,135,18.15566037735846,1.901116269880467,59.81367924528297,8.221811580107625,59.81367924528297,8.221811580107625,0.09505581349402334,0.1027726447513453,True,12,1,3,3,"fly (3,1)",0.19999999999999973,0.0070754716980445664,0.46226415094349704,0.46231829679049263,2.311591483952466,-2.3113207547174883,57.301409794360815,14.516397103448982,-14.51459624068054,7.876482445960249,-0.3177073202360785,-1.995133503873614,0.06354578323493972,0.317728916174699,1.9952771619259753
13,2.6,601.2696629213483,708.185393258427,600,654,4,104,18.2696629213483,1.9130537090417068,51.814606741573016,7.122282713618284,51.814606741573016,7.122282713618284,0.09565268545208534,0.08902853392022855,True,12,1,3,3,"fly (3,1)",0.20000000000000018,0.11400254398984089,7.999072503709954,7.999884842898976,39.999424214494844,-39.99536251854973,54.59276199561865,14.66267693777025,-13.543238993710803,7.504159724483664,-5.497644332446701,-1.8616136073829281,1.0995936661772217,5.497968330886104,2.0154039906960164
14,2.8,601.2722222222222,707.85,600,653,4,105,18.27222222222224,1.9133216986620147,52.14999999999998,7.168384879725083,52.14999999999998,7.168384879725083,0.09566608493310073,0.08960481099656353,True,12,1,3,3,"fly (3,1)",0.19999999999999973,0.0025593008739406287,-0.33539325842696144,0.3354030229726886,1.6770151148634451,1.6769662921348094,54.887734957471366,28.140912179260777,1.4748648092635601,7.544705836078538,0.23051083053399454,0.20273055797437292,0.046102945005449106,0.23051472502724585,3.8680239972534523
15,3.0,601.1658878504672,699.3014018691589,600,624,4,137,18.165887850467243,1.9021872094730097,60.698598130841106,8.343449914892249,60.698598130841106,8.343449914892249,0.09510936047365048,0.1042931239361531,True,12,1,3,3,"fly (3,1)",0.20000000000000018,-0.10633437175499694,-8.548598130841128,8.549259441684816,42.74629720842404,42.742990654205606,57.50611469642354,16.523391664952026,13.091898694760848,7.904620576827978,5.875325175835825,1.7995737037471955,1.1751177871694025,5.8755889358470075,2.2711420393312647
16,3.2,601.1986143187067,700.3302540415705,600,626,4,135,18.198614318706746,1.9056140647860467,59.66974595842953,8.202026935866602,59.66974595842953,8.202026935866602,0.09528070323930234,0.10252533669833253,True,12,1,3,3,"fly (3,1)",0.20000000000000018,0.03272646823950254,1.0288521724115753,1.0293725343137192,5.1468626715685915,-5.144260862057872,57.193892474201334,30.05973481846858,-1.561111111111046,7.861703432879909,-0.7071148951282329,-0.21458571974035046,0.1414644914239082,0.7073224571195404,4.131732143225957
17,3.4,601.3146666666667,708.7866666666666,600,654,4,106,18.314666666666653,1.9177661431064559,51.21333333333337,7.039633447880875,51.21333333333337,7.039633447880875,0.09588830715532279,0.08799541809851094,True,12,1,3,3,"fly (3,1)",0.19999999999999973,0.11605234795990782,8.456412625096164,8.457208915082612,42.286044575413115,-42.282063125480875,57.36639041526197,32.48391922318393,0.8624897053031262,7.8854144900703735,-5.811967439928644,0.11855528595231757,1.162457007342263,5.812285036711323,4.464919701753783
18,3.6,601.1724137931035,698.783908045977,600,623,4,138,18.172413793103487,1.9028705542516742,61.216091954023,8.414583086463642,61.216091954023,8.414583086463642,0.0951435277125837,0.10518228858079554,True,12,1,3,3,"fly (3,1)",0.20000000000000018,-0.14225287356316585,-10.002758620689633,10.003770084514025,50.01885042257008,50.01379310344812,57.46865036965088,32.83439591513315,0.5112997719445532,7.899470841189125,6.874748192913829,0.0702817555937516,1.3750303222860987,6.875151611430487,4.513136331444462
19,3.8,601.1572769953052,700.0234741784037,600,625,4,136,18.15727699530521,1.901285549246619,59.97652582159628,8.244195989222856,59.97652582159628,8.244195989222856,0.09506427746233094,0.10305244986528571,True,12,1,3,3,"fly (3,1)",0.19999999999999973,-0.015136797798277257,1.2395661324267166,1.2396585494832495,6.1982927474162555,-6.197830662133591,60.37588419280117,18.829838729398457,14.536169115751422,8.29909061069432,-0.8519354862039308,1.9980988475259684,0.17039446923831505,0.8519723461915764,2.5870350095409047
20,4.0,601.1925754060325,700.0649651972158,600,627,4,134,18.19257540603246,1.9049817179091582,59.93503480278423,8.238492756396457,59.93503480278423,8.238492756396457,0.09524908589545791,0.10298115945495573,True,12,1,3,3,"fly (3,1)",0.20000000000000018,0.035298410727250484,0.04149101881205297,0.05447460364180547,0.27237301820902715,-0.20745509406026466,59.82569262191995,2.7735578474381675,-2.750957854406126,8.223462903356692,-0.02851616413199307,-0.37813853668812575,0.006796214200129916,0.03398107100064955,0.3800368216629759
21,4.2,601.2114942528735,700.4344827586207,600,626,4,135,18.211494252873536,1.9069627489919931,59.565517241379325,8.187699964450767,59.565517241379325,8.187699964450767,0.09534813744959966,0.10234624955563458,True,12,1,3,3,"fly (3,1)",0.20000000000000018,0.01891884684107481,0.3695175614049049,0.37000155533784407,1.8500077766892187,-1.8475878070245229,59.88312975115529,1.6805849179841934,0.287185646176719,8.231358041395916,-0.25396395972845354,0.0394756901961143,0.05083140955934023,0.2541570477967009,0.229755547366887
22,4.4,601.1860465116279,699.8511627906977,600,627,4,134,18.186046511627865,1.9042980640448026,60.148837209302314,8.267881403340525,60.148837209302314,8.267881403340525,0.09521490320224013,0.10334851754175656,True,12,1,3,3,"fly (3,1)",0.20000000000000018,-0.02544774124567084,-0.5833199679229892,0.5838747918108674,2.9193739590543344,2.9165998396149435,59.86506519072566,2.036456408458678,-0.0903228021481574,8.228874940305934,0.4009071944487893,-0.012415505449918105,0.08022570466066202,0.4011285233033097,0.27982529485987334
23,4.6,601.1869158878504,700.1191588785047,600,628,4,133,18.186915887850432,1.9043890982042337,59.88084112149534,8.231043453126507,59.88084112149534,8.231043453126507,0.09521945491021169,0.10288804316408133,True,12,1,3,3,"fly (3,1)",0.1999999999999993,0.0008693762225675528,0.2679960878069778,0.2679974979264951,1.3399874896324802,-1.3399804390348937,60.258349567055994,2.860979234350411,1.9664218816516614,8.282934648392576,-0.18418975107009028,0.27029854043321694,0.03683806269592155,0.1841903134796084,0.3931904008904283
24,4.8,601.1689814814815,699.2546296296297,600,625,4,136,18.168981481481524,1.9025111498933533,60.745370370370324,8.349879088710697,60.745370370370324,8.349879088710697,0.09512555749466767,0.10437348860888372,True,12,1,3,3,"fly (3,1)",0.20000000000000018,-0.01793440636890864,-0.8645292488749874,0.8647152508728843,4.323576254364418,4.322646244374933,60.48996321759508,2.0565611886314943,1.158068252695441,8.31477157630173,0.5941781779209515,0.1591846395457645,0.1188504731776733,0.5942523658883659,0.2823927894722524
25,5.0,601.1931034482759,699.1563218390804,600,626,4,135,18.193103448275906,1.9050370102906709,60.84367816091958,8.363392187067983,60.84367816091958,8.363392187067983,0.09525185051453354,0.1045424023383498,True,12,1,3,3,"fly (3,1)",0.20000000000000018,0.024121966794382388,-0.09830779054925642,0.10122396437951715,0.5061198218975853,0.4915389527462817,57.40252571388138,18.65294020523758,-15.43718751856847,7.8903815414269936,0.06756549178643206,-2.121950174373673,0.0137471378097564,0.06873568904878194,2.5636172031651245
26,5.2,601.3106267029973,709.3814713896458,600,656,4,104,18.310626702997297,1.917343110261497,50.61852861035425,6.957873348502302,50.61852861035425,6.957873348502302,0.09586715551307486,0.08697341685627877,True,12,1,3,3,"fly (3,1)",0.20000000000000018,0.11752325472139091,10.225149550565334,10.225824907890157,51.12912453945074,-51.125747752826626,58.04542147364706,37.30548319870212,3.2144787988283903,7.978752092597534,-7.027594192828402,0.44185275585270184,1.4055727109116463,7.027863554558225,5.127490063750598
27,5.4,601.1796008869179,697.3259423503326,600,619,4,142,18.17960088691791,1.9036231295202,62.67405764966736,8.614990742222318,62.67405764966736,8.614990742222318,0.09518115647601,0.10768738427777898,True,12,1,3,3,"fly (3,1)",0.20000000000000018,-0.13102581607938646,-12.055529039313114,12.05624104695162,60.28120523475804,60.277645196565516,54.88394519659346,55.99568068176893,-15.807381385268092,7.544184906748242,8.285586968600073,-2.1728359292464727,1.6571741895289585,8.285870947644785,7.696816033583925
28,5.6,601.289544235925,708.6407506702412,600,653,4,107,18.28954423592495,1.9151355220863822,51.35924932975877,7.059690629520105,51.35924932975877,7.059690629520105,0.09575677610431911,0.08824613286900132,True,12,1,3,3,"fly (3,1)",0.1999999999999993,0.10994334900703961,11.314808319908593,11.315342454219563,56.57671227109802,-56.574041599543165,54.96065187602494,39.80364929886034,0.38353339715732276,7.554728780209614,-7.7765005635110915,0.05271936730684997,1.5553427197097474,7.776713598548764,5.471171667302676
29,5.8,601.2918918918919,709.1513513513513,600,654,4,106,18.29189189189185,1.9153813499363195,50.84864864864869,6.989504968886418,50.84864864864869,6.989504968886418,0.09576906749681598,0.08736881211108022,True,12,1,3,3,"fly (3,1)",0.20000000000000018,0.0023476559669006747,0.510600681110077,0.5106060781449957,2.553030390724976,-2.5530034055503825,54.34505690189341,36.34165952074341,-3.0779748706577315,7.4701109143496085,-0.3509283031684337,-0.4230893293000326,0.07018609114289567,0.35093045571447806,4.995324561125956
30,6.0,601.2,699.1727272727272,600,624,4,137,18.200000000000045,1.9057591623036696,60.82727272727277,8.361137144642305,60.82727272727277,8.361137144642305,0.09528795811518348,0.10451421430802882,True,12,1,3,3,"fly (3,1)",0.20000000000000018,-0.09189189189180524,-9.97862407862408,9.979047180081459,49.89523590040725,49.893120393120356,54.51675564188656,32.40551322783935,0.8584936999657581,7.4937121157232385,6.858160878779425,0.11800600686814604,1.371665925822926,6.858329629114624,4.454254933207662
31,6.2,601.3141361256545,708.1256544502618,600,652,4,108,18.3141361256545,1.9177105890737696,51.87434554973822,7.130494233640992,51.87434554973822,7.130494233640992,0.09588552945368849,0.08913117792051241,True,12,1,3,3,"fly (3,1)",0.20000000000000018,0.11413612565445419,8.952927177534548,8.953654678477172,44.768273392385815,-44.764635887672696,57.81097556274199,46.31844443944143,16.471099604277114,7.946525850548727,-6.153214555006556,2.264068674127438,1.2307009429587776,6.153504714793883,6.366551069711089
32,6.4,601.1565420560747,699.268691588785,600,625,4,136,18.156542056074727,1.9012085922591337,60.73130841121497,8.347946173362882,60.73130841121497,8.347946173362882,0.09506042961295669,0.10434932716703603,True,12,1,3,3,"fly (3,1)",0.20000000000000018,-0.15759406957977262,-8.856962861476745,8.858364805106248,44.2918240255312,44.284814307383684,54.543282503113424,45.86701715651759,-16.338465298142882,7.497358419671948,6.087259698609441,-2.2458371543838997,1.2175637730449527,6.087818865224758,6.304436441744953
33,6.6,601.3010752688172,708.9758064516129,600,654,4,106,18.301075268817158,1.9163429600855664,51.024193548387075,7.013634852011969,51.024193548387075,7.013634852011969,0.09581714800427832,0.08767043565014962,True,12,1,3,3,"fly (3,1)",0.1999999999999993,0.1445332127424308,9.707114862827893,9.708190810327114,48.540954051635744,-48.53557431413964,56.84389747859749,43.86606098727044,11.503074877420273,7.813594155133676,-6.671556606754587,1.58117867730863,1.334397149043239,6.671985745216218,6.029356640971325
34,6.8,601.1714285714286,701.2238095238096,600,629,4,132,18.171428571428578,1.9027673896783852,58.776190476190436,8.079201440026177,58.776190476190436,8.079201440026177,0.09513836948391925,0.10099001800032721,True,12,1,3,3,"fly (3,1)",0.20000000000000018,-0.12964669738857992,-7.751996927803361,7.753080976928883,38.76540488464438,38.75998463901677,56.30546443510665,29.67279958873813,-2.6921652174542725,7.739582740220847,5.327832940071033,-0.37005707456415826,1.0656530624946001,5.328265312472996,4.0782792666018794
35,7.0,601.2134570765661,700.8839907192576,600,629,4,132,18.2134570765661,1.9071682802687018,59.116009280742446,8.125911928624392,59.116009280742446,8.125911928624392,0.09535841401343509,0.10157389910780489,True,12,1,3,3,"fly (3,1)",0.20000000000000018,0.0420285051375231,-0.3398188045520101,0.3424079659868503,1.71203982993425,1.6990940227600488,58.57691799126678,15.62173756630502,11.35726778080064,8.05181003316382,0.23355244299107605,1.561136464714865,0.04691734842328511,0.23458674211642536,2.1469557809400204
36,7.2,601.1975903614458,702.1614457831325,600,634,4,127,18.197590361445805,1.9055068441304508,57.838554216867465,7.950316730840888,57.838554216867465,7.950316730840888,0.09527534220652253,0.0993789591355111,True,12,1,3,3,"fly (3,1)",0.20000000000000018,-0.01586671512029625,1.2774550638749815,1.2775535968672869,6.387767984336429,-6.387275319374902,58.36342592777472,3.1954585485482974,-1.0674603174603197,8.022464045054944,-0.8779759889175179,-0.1467299405443734,0.1756030576461278,0.8780152882306382,0.43896566061447806
37,7.4,601.2071428571429,701.8642857142858,600,633,4,128,18.207142857142912,1.906507105459991,58.13571428571424,7.991163475699552,58.13571428571424,7.991163475699552,0.09532535527299954,0.0998895434462444,True,12,1,3,3,"fly (3,1)",0.20000000000000018,0.009552495697107588,-0.2971600688467788,0.2973135662748432,1.4865678313742146,1.4858003442338927,55.64396520707525,14.589128693545836,-13.597303603497382,7.648655011281821,0.2042337242933188,-1.8690451688656207,0.040858990299273805,0.20429495149636884,2.005304010509974
38,7.6,601.2937853107345,709.042372881356,600,656,4,102,18.293785310734506,1.9155796136894772,50.95762711864404,7.004484827305022,50.95762711864404,7.004484827305022,0.09577898068447385,0.08755606034131279,True,12,1,3,3,"fly (3,1)",0.1999999999999993,0.08664245359159395,7.178087167070203,7.178610052985348,35.89305026492686,-35.89043583535114,55.28312668390041,22.124730618680385,-1.8041926158742225,7.599055214281844,-4.933393241972666,-0.24799898499989195,0.9867203583605791,4.933601791802913,3.0410866713543148
39,7.8,601.2173913043479,703.243961352657,600,634,4,127,18.21739130434787,1.9075802412929708,56.75603864734296,7.801517339840957,56.75603864734296,7.801517339840957,0.09537901206464854,0.09751896674801196,True,12,1,3,3,"fly (3,1)",0.20000000000000018,-0.07639400638663574,-5.798411528698921,5.798914751948019,28.99457375974007,28.99205764349458,52.4197067704805,33.646885530687186,-14.317099567099604,7.205457975323781,3.985162562679668,-1.967986194790322,0.797072654152733,3.9853632707636613,4.624900635412907
40,8.0,601.1994134897361,710.4545454545455,600,657,4,103,18.199413489736116,1.9056977476163472,49.545454545454504,6.810371758825362,49.545454545454504,6.810371758825362,0.09528488738081736,0.08512964698531701,True,12,1,3,3,"fly (3,1)",0.20000000000000018,-0.017977814611754184,7.2105841018884576,7.210606513478931,36.053032567394624,-36.05292050944225,54.80366074796412,35.956179326556914,11.919769887418148,7.533149243706409,-4.955727905077971,1.638456341913149,0.99114736873443,4.955736843672145,4.942365012095753
41,8.2,601.1484184914842,701.8905109489051,600,629,4,132,18.14841849148422,1.9003579572234788,58.1094890510949,7.987558632452907,58.1094890510949,7.987558632452907,0.09501789786117394,0.09984448290566134,True,12,1,3,3,"fly (3,1)",0.1999999999999993,-0.050994998251894685,-8.564034505640393,8.564186330507178,42.820931652536046,42.820172528202114,55.75402881789743,28.787428292803465,4.751840349666597,7.663784029951537,5.885934368137748,0.6531739312256504,1.1771989843702864,5.885994921851453,3.957017071468314
42,8.4,601.1428571428571,700.3928571428571,600,626,4,135,18.14285714285711,1.8997756170531006,59.60714285714289,8.193421698576342,59.60714285714289,8.193421698576342,0.09498878085265502,0.10241777123220427,True,12,1,3,3,"fly (3,1)",0.20000000000000107,-0.005561348627111329,-1.4976538060479925,1.497664131695952,7.48832065847972,7.488269030239922,58.97003503390366,17.463023124579138,16.080031080031212,8.105846740055487,1.029315330617172,2.2103135505197535,0.20586388977626946,1.0293194488813417,2.4001797708755697
43,8.6,601.1864801864801,700.8065268065268,600,626,4,135,18.18648018648014,1.9043434750240984,59.19347319347321,8.13655988913721,59.19347319347321,8.13655988913721,0.09521717375120492,0.10170699861421514,True,12,1,3,3,"fly (3,1)",0.1999999999999993,0.043623043623028934,0.4136696636696797,0.4159634125443278,2.0798170627216463,-2.068348318348406,59.02480852480854,4.72215255471168,0.27386745452436223,8.113375742241724,-0.2843090471956621,0.0376450109311857,0.05704498837878218,0.2852249418939119,0.6488719228672573
44,8.8,601.1857142857143,701.7261904761905,600,629,4,132,18.18571428571431,1.9042632759910274,58.27380952380952,8.010145639011618,58.27380952380952,8.010145639011618,0.09521316379955137,0.10012682048764522,True,12,1,3,3,"fly (3,1)",0.20000000000000107,-0.0007659007658276096,0.9196636696636915,0.9196639885867396,4.598319942933673,-4.598318348318433,58.75919572231047,3.120848462075324,-1.3280640124903107,8.076865391382883,-0.6320712506279558,-0.18255175429420015,0.12641427556530394,0.6320713778265163,0.42872520953191273
45,9.0,601.2060889929743,701.1896955503513,600,629,4,132,18.206088992974287,1.9063967531910249,58.8103044496487,8.083890645999821,58.8103044496487,8.083890645999821,0.09531983765955124,0.10104863307499776,True,12,1,3,3,"fly (3,1)",0.1999999999999993,0.020374707259975366,-0.5364949258391789,0.5368816761141283,2.684408380570651,2.682474629195904,59.15907247391135,5.065782552358344,1.9993837580044016,8.131831267891595,0.3687250349410145,0.2748293825435637,0.07377586177506139,0.36887930887530823,0.6962782843169646
46,9.2,601.1862068965518,699.6068965517242,600,625,4,136,18.186206896551766,1.9043148582776719,60.39310344827584,8.301457518663346,60.39310344827584,8.301457518663346,0.0952157429138836,0.10376821898329182,True,12,1,3,3,"fly (3,1)",0.1999999999999993,-0.01988209642252059,-1.5827989986271405,1.5829238667141363,7.91461933357071,7.913994993135731,60.000235065073944,4.20777946492388,4.205812955812965,8.247454991762742,1.0878343633176295,0.5781186193557326,0.21757683324981272,1.0878841662490675,0.5782755218156419
47,9.4,601.2094594594595,699.2027027027027,600,624,4,137,18.20945945945948,1.9067496816187939,60.79729729729729,8.357016810625057,60.79729729729729,8.357016810625057,0.09533748408093969,0.10446271013281322,True,12,1,3,3,"fly (3,1)",0.20000000000000107,0.02325256290771449,-0.4041938490214534,0.404862136126058,2.024310680630279,2.0209692451072563,60.763841447026266,3.819354442758334,3.8180319097616287,8.352418068319762,0.277796459808551,0.5248153827851049,0.055612618064509976,0.2780630903225484,0.5249209090731971
48,9.6,601.208988764045,698.8988764044943,600,625,4,136,18.20898876404499,1.9067003941408365,61.10112359550567,8.398779875670883,61.10112359550567,8.398779875670883,0.09533501970704182,0.10498474844588603,True,12,1,3,3,"fly (3,1)",0.1999999999999993,-0.00047069541449218377,-0.3038262982083779,0.3038266628148021,1.5191333140740158,1.519131491041895,61.108352487217225,1.7238369731382903,1.7225552009548022,8.399773537761819,0.20881532522913102,0.23677734721028218,0.04176309412959463,0.20881547064797387,0.23687962269731458
49,9.8,601.2009029345372,698.5733634311513,600,625,4,136,18.200902934537226,1.9058537104227462,61.42663656884872,8.443523926989515,61.42663656884872,8.443523926989515,0.0952926855211373,0.10554404908736893,True,12,1,3,3,"fly (3,1)",0.20000000000000107,-0.008085829507763265,-0.3255129733430522,0.32561338494211695,1.6280669247105761,1.6275648667152522,61.263880082177195,1.573600119392296,1.5733481788785753,8.421151901330198,0.22372025659316166,0.21626779091114776,0.04475206142428418,0.2237603071214197,0.2162878888846977
0,0.0,960.5,382.9025974025974,956,374,11,19,154.5,16.885245901639344,374.0974025974026,50.98431381225249,374.0974025974026,50.98431381225249,0.8442622950819673,0.637303922653156,True,13,1,4,4,"fly (4,1)",,,,,,,372.1961833130898,9.518954911439595,-9.50609642156408,50.72520385868345,,-1.2955497678451877,,,1.2966769669390688
1,0.2,960.6978417266187,386.705035971223,955,379,13,16,154.69784172661866,16.906867948264335,370.294964028777,50.46609390511441,370.294964028777,50.46609390511441,0.8453433974132167,0.6308261738139301,True,13,1,4,4,"fly (4,1)",0.2,0.1978417266186625,3.8024385686256323,3.807581964575838,19.03790982287919,-19.01219284312816,371.58301817475626,7.427718143297308,-6.234524498855762,50.64163791138075,-2.5910995356903754,-0.8496796591285616,0.5186707867756275,2.5933539338781375,0.9829715182191832
2,0.4,961.343949044586,386.64331210191085,957,378,10,19,155.343949044586,16.977480769900108,370.35668789808915,50.47450601677535,370.35668789808915,50.47450601677535,0.8488740384950054,0.6309313252096919,True,13,1,4,4,"fly (4,1)",0.2,0.6461073179673349,-0.061723869312174884,0.6490489214025467,3.245244607012733,0.3086193465608744,368.6344358520017,16.342018256323428,-14.74291161377257,50.239786828211486,0.04206055830469069,-2.0092554158463476,0.07111212415588236,0.3555606207794118,2.1784156198225313
3,0.6,959.7483443708609,391.74834437086093,955,383,10,19,153.74834437086088,16.803097745449275,365.25165562913907,49.77876056274468,365.25165562913907,49.77876056274468,0.8401548872724638,0.6222345070343085,True,13,1,4,4,"fly (4,1)",0.19999999999999996,-1.59560467372512,5.105032268950083,5.3485800678156705,26.742900339078357,-25.525161344750423,362.5318134338072,32.96062759563831,-30.513112090972346,49.408083602563174,-3.4787272701533576,-4.1585161282415575,0.7172664609620087,3.5863323048100444,4.402538231832776
4,0.8,956.0193548387097,405.01290322580644,952,396,10,19,150.01935483870966,16.395557905869907,351.98709677419356,47.97098422816948,351.98709677419356,47.97098422816948,0.8197778952934954,0.5996373028521185,True,13,1,4,4,"fly (4,1)",0.20000000000000007,-3.7289895321512176,13.264558854945506,13.778747568164771,68.89373784082383,-66.3227942747275,351.54827100313105,56.465076177231225,-54.917712153380954,47.91117833092076,-9.038881672876006,-7.4845263582120465,1.8531443539817747,9.26572176990887,7.620990903672005
5,1.0,953.7818181818182,419.5939393939394,949,410,11,20,147.78181818181815,16.151018380526573,337.4060606060606,45.98379020184812,337.4060606060606,45.98379020184812,0.8075509190263287,0.5747973775231014,True,13,1,4,4,"fly (4,1)",0.19999999999999996,-2.237536656891507,14.581036168132982,14.751718070358292,73.75859035179148,-72.90518084066493,337.85259717553186,69.63202043138561,-68.47836913799597,46.04464697451883,-9.935970131606775,-9.332656782009678,2.002183727259419,10.010918636297097,9.43432232825379
6,1.2,953.3414634146342,432.8353658536585,949,423,10,20,147.34146341463418,16.102892176462753,324.1646341463415,44.17916649353887,324.1646341463415,44.17916649353887,0.8051446088231375,0.5522395811692359,True,13,1,4,4,"fly (4,1)",0.19999999999999996,-0.44035476718397604,13.241426459719094,13.2487466203083,66.24373310154151,-66.20713229859548,325.9580887269912,59.7773780145972,-59.47254224270353,44.42358960504139,-9.023118541546255,-8.105286847387182,1.8052653157110796,9.0263265785554,8.132054752458393
7,1.4,953.6190476190476,440.69642857142856,949,431,11,20,147.6190476190476,16.133229247983344,316.30357142857144,43.10781211973717,316.30357142857144,43.10781211973717,0.8066614623991671,0.5388476514967145,True,13,1,4,4,"fly (4,1)",0.19999999999999996,0.27758420441341514,7.861062717770039,7.865962118091716,39.329810590458585,-39.305313588850204,316.44749709639956,47.8160081554837,-47.55295815295815,43.127427202235026,-5.3567718690085195,-6.480812014031787,1.0717838085045353,5.358919042522677,6.503939559157178
8,1.6,955.0971428571429,448.1257142857143,950,438,11,21,149.0971428571429,16.29476971116316,308.8742857142857,42.09530299342905,308.8742857142857,42.09530299342905,0.8147384855581579,0.5261912874178631,True,13,1,4,4,"fly (4,1)",0.20000000000000018,1.4780952380953067,7.429285714285754,7.574896154890205,37.874480774450994,-37.146428571428736,309.7583333333334,33.770353558061586,-33.44581881533106,42.21578648495173,-5.062545631540583,-4.5582035864165,1.0253146112786926,5.126573056393458,4.586730195855163
9,1.8,955.7485714285715,452.90285714285716,951,443,11,20,149.7485714285715,16.36596409055426,304.09714285714284,41.44424434168897,304.09714285714284,41.44424434168897,0.8182982045277131,0.5180530542711121,True,13,1,4,4,"fly (4,1)",0.19999999999999996,0.6514285714285961,4.777142857142849,4.821353861855033,24.10676930927517,-23.885714285714247,304.97460317460315,24.650752577026182,-23.918650793650794,41.56383007490333,-3.255293258700399,-3.259782050242018,0.6549396977298707,3.274698488649354,3.324731204964626
10,2.0,954.6845238095239,455.04761904761904,950,445,11,20,148.68452380952385,16.249674733281296,301.95238095238096,41.15194288959196,301.95238095238096,41.15194288959196,0.8124837366640648,0.5143992861198994,True,13,1,4,4,"fly (4,1)",0.19999999999999996,-1.064047619047642,2.1447619047618787,2.3942015294704744,11.971007647352375,-10.723809523809395,302.07979907574844,15.012588664646984,-14.474020494273626,41.169308221567086,-1.4615072604850712,-1.9726092666812296,0.3145844139702131,1.5729220698510658,2.020536253443101
11,2.2,954.3607594936709,456.8101265822785,949,448,12,18,148.3607594936709,16.214290655046,300.1898734177215,40.91173743342031,300.1898734177215,40.91173743342031,0.8107145327523001,0.5113967179177539,True,13,1,4,4,"fly (4,1)",0.20000000000000018,-0.32376431585294085,1.7625075346594485,1.7919978074626794,8.95998903731339,-8.812537673297236,299.93338303564815,11.213240518032327,-10.732080200501272,40.87678133364882,-1.201027280858219,-1.462634439591308,0.24279764036577692,1.2139882018288835,1.5055205374967404
12,2.4,954.1381578947369,459.3421052631579,948,451,14,17,148.13815789473688,16.189962611446653,297.6578947368421,40.56666367793419,297.6578947368421,40.56666367793419,0.8094981305723327,0.5070832959741773,True,13,1,4,4,"fly (4,1)",0.19999999999999973,-0.22260159893403397,2.5319786808794333,2.541744973886236,12.708724869431197,-12.659893404397183,298.3505299368715,8.86528960207225,-7.914265493883384,40.66106029804041,-1.7253687774306337,-1.078605178042042,0.345930268162054,1.7296513408102725,1.1709912195765733
13,2.6,955.0127388535032,459.79617834394907,949,452,13,17,149.01273885350315,16.285545229891056,297.20382165605093,40.50477978276673,297.20382165605093,40.50477978276673,0.8142772614945527,0.5063097472845842,True,13,1,4,4,"fly (4,1)",0.20000000000000018,0.8745809587662734,0.4540730807911473,0.9854309798944306,4.927154899472149,-2.270365403955734,296.00298521889886,12.650708032185051,-11.737723589863089,40.34112234669831,-0.3094194758372734,-1.5996897567104795,0.11386682321811283,0.5693341160905636,1.6887295340528183
14,2.8,955.2453987730062,463.85276073619633,951,454,10,20,149.24539877300617,16.310972543497943,293.14723926380367,39.95192357939403,293.14723926380367,39.95192357939403,0.8155486271748971,0.49939904474242536,True,13,1,4,4,"fly (4,1)",0.19999999999999973,0.23265991950302123,4.056582392247265,4.063248865530352,20.316244327651788,-20.28291196123635,291.33577030661814,24.259479081663045,-23.336074561403464,39.70504535694967,-2.7642810168635314,-3.1803849487432356,0.5534406290515229,2.7672031452576182,3.270337673611133
15,3.0,954.69375,473.34375,950,463,10,21,148.69375000000002,16.250683060109292,283.65625,38.658432708688245,283.65625,38.658432708688245,0.8125341530054646,0.4832304088586031,True,13,1,4,4,"fly (4,1)",0.20000000000000018,-0.5516487730061499,9.49098926380367,9.507007603573046,47.53503801786518,-47.454946319018305,282.10116308793454,46.21413457175106,-46.173036093418204,38.44649582118358,-6.467454353528902,-6.292747678830415,1.2948951518970448,6.474475759485219,6.2963505754341575
16,3.2,954.4573170731708,487.5,950,478,10,20,148.45731707317077,16.224843395974947,269.5,36.72913117546848,269.5,36.72913117546848,0.8112421697987474,0.45911413969335607,True,13,1,4,4,"fly (4,1)",0.20000000000000018,-0.2364329268292522,14.15625,14.158224273947248,70.79112136973617,-70.78124999999994,271.47291666666666,53.17146202249393,-53.14123210633945,36.99801249290176,-9.646507666098811,-7.242416641409119,1.9294745643119289,9.647372821559635,7.245066724197128
17,3.4,954.50625,495.7375,950,487,10,19,148.50625000000002,16.230191256830604,261.2625,35.606473594548554,261.2625,35.606473594548554,0.8115095628415302,0.4450809199318569,True,13,1,4,4,"fly (4,1)",0.19999999999999973,0.04893292682925221,8.237500000000011,8.237645335976067,41.18822667988039,-41.187500000000114,263.90833333333336,37.827424960556,-37.82291666666671,35.96706416808632,-5.613287904599645,-5.154741624077227,1.1226703183093045,5.61335159154653,5.155136771171332
18,3.6,954.525,496.0375,950,487,10,19,148.52499999999998,16.232240437158467,260.9625,35.56558773424191,260.9625,35.56558773424191,0.8116120218579234,0.4445698466780238,True,13,1,4,4,"fly (4,1)",0.20000000000000018,0.018749999999954525,0.30000000000001137,0.3005853664102847,1.5029268320514222,-1.5000000000000555,260.6791666666666,16.452823729492973,-16.145833333333353,35.52697331061896,-0.20442930153322417,-2.2004542873367354,0.04093718008156615,0.20468590040783058,2.2280503413535904
19,3.8,953.85,497.1875,949,488,11,19,147.85000000000002,16.158469945355193,259.8125,35.40885860306644,259.8125,35.40885860306644,0.8079234972677597,0.4426107325383305,True,13,1,4,4,"fly (4,1)",0.19999999999999973,-0.6749999999999545,1.1499999999999773,1.333463535309416,6.667317676547089,-5.749999999999894,260.1310606060606,3.6245340037529523,-2.740530303030276,35.45227401786175,-0.7836456558773374,-0.3734964637860829,0.17322270642128199,0.8661135321064111,0.45888543568317336
20,4.0,953.3454545454546,497.3818181818182,948,488,12,19,147.34545454545457,16.10332836562345,259.6181818181818,35.382375716276904,259.6181818181818,35.382375716276904,0.8051664182811725,0.4422796964534614,True,13,1,4,4,"fly (4,1)",0.20000000000000018,-0.5045454545454504,0.19431818181817562,0.5406715005320668,2.7033575026603316,-0.9715909090908772,259.7098256663016,3.4843052067289104,-2.106174698795184,35.394865508184196,-0.13241443394768726,-0.28704254838777654,0.06117137490705578,0.3058568745352786,0.4315722738015637
21,4.2,953.1445783132531,497.30120481927713,947,488,13,19,147.14457831325308,16.081374679044053,259.69879518072287,35.39336220520924,259.69879518072287,35.39336220520924,0.8040687339522026,0.44241702756511564,True,13,1,4,4,"fly (4,1)",0.20000000000000018,-0.20087623220149453,-0.0806133625410439,0.2164480881958594,1.082240440979296,0.40306681270521916,259.71171960569546,1.6751014766970178,0.009469696969688357,35.395123625989164,0.05493244466169495,0.0012905890248286294,0.02454928295260032,0.1227464147630015,0.19084819762681463
22,4.4,952.9272727272728,497.1818181818182,947,488,13,19,146.9272727272728,16.057625434674623,259.8181818181818,35.40963295648134,259.8181818181818,35.40963295648134,0.8028812717337311,0.4426204119560167,True,13,1,4,4,"fly (4,1)",0.20000000000000018,-0.21730558598028438,-0.11938663745894473,0.24794129729028255,1.2397064864514116,0.5969331872947231,259.7851001173994,0.8180105527493239,0.36690255851927595,35.405124377158344,0.08135375636047819,0.05000375584591171,0.02878826071643278,0.14394130358216378,0.09442986291454379
23,4.6,952.9101796407185,497.1616766467066,947,488,13,19,146.91017964071852,16.055757337783444,259.8383233532934,35.41237796978445,259.8383233532934,35.41237796978445,0.8027878668891723,0.4426547246223056,True,13,1,4,4,"fly (4,1)",0.1999999999999993,-0.017093086554268666,-0.020141535111577014,0.026416946163449893,0.13208473081724995,0.10070767555788543,259.6471050993525,1.4367047520532419,-0.6899750902343262,35.386317560388754,0.013725066515561983,-0.09403408384793947,0.0033203740796932065,0.01660187039846609,0.18428265775315034
24,4.8,953.1075949367089,497.7151898734177,948,488,12,20,147.1075949367089,16.077332779968184,259.2848101265823,35.33694175490048,259.2848101265823,35.33694175490048,0.8038666389984093,0.441711771936256,True,13,1,4,4,"fly (4,1)",0.20000000000000018,0.19741529599036767,0.553513226711118,0.5876646077782105,2.93832303889105,-2.7675661335555874,259.39715215374736,1.4778374874583877,-1.2497647280255806,35.35225242299794,-0.3771810744198586,-0.17032568695408165,0.07846095985576429,0.3923047992788211,0.19399953911133047
25,5.0,953.2732919254659,497.93167701863354,948,489,12,19,147.27329192546586,16.09544174048807,259.06832298136646,35.30743754430889,259.06832298136646,35.30743754430889,0.8047720870244036,0.4413429693038611,True,13,1,4,4,"fly (4,1)",0.20000000000000018,0.16569698875696304,0.21648714521580814,0.2726209385333701,1.3631046926668493,-1.0824357260790398,259.2138255554103,1.9796829095667494,-0.9166329916852561,35.32726753736427,-0.14752105295794835,-0.12492442816835579,0.03461838953134086,0.17309194765670413,0.255178473129463
26,5.2,953.0306748466257,497.71165644171776,947,488,13,20,147.03067484662574,16.068926212745982,259.28834355828224,35.33742331288344,259.28834355828224,35.33742331288344,0.8034463106372991,0.441717791411043,True,13,1,4,4,"fly (4,1)",0.20000000000000018,-0.2426170788401123,-0.22002057691577193,0.3275241994284672,1.6376209971423346,1.1001028845788587,259.18307104116656,1.163018286417585,-0.15377257121893217,35.3230761214537,0.14992884287273953,-0.02095707955284352,0.04002773449057278,0.2001386724528637,0.14644380182880476
27,5.4,953.0496894409938,497.8074534161491,947,489,13,19,147.0496894409938,16.071004310491126,259.1925465838509,35.32436750716877,259.1925465838509,35.32436750716877,0.8035502155245563,0.4415545938396097,True,13,1,4,4,"fly (4,1)",0.20000000000000018,0.01901459436805908,0.09579697443132318,0.09766583388871161,0.48832916944355764,-0.47898487215661545,259.1561300473777,1.0509976859533328,-0.13470496894408882,35.31940443575846,-0.06527902857332174,-0.01835842847620266,0.013220157075369299,0.06610078537684644,0.13537441157571745
28,5.6,953.0375,498.0125,947,489,13,19,147.03750000000002,16.069672131147545,258.9875,35.29642248722317,258.9875,35.29642248722317,0.8034836065573772,0.4412052810902896,True,13,1,4,4,"fly (4,1)",0.1999999999999993,-0.012189440993779499,0.20504658385090124,0.20540857825481756,1.0270428912740914,-1.0252329192545098,259.05793219461697,0.6721158904671864,-0.49098926380376523,35.30602142345717,-0.13972509972802577,-0.06691506150647338,0.027976755379488332,0.13988377689744216,0.08693169598293371
29,5.8,953.1375,498.00625,948,489,12,19,147.13750000000005,16.08060109289618,258.99375,35.297274275979554,258.99375,35.297274275979554,0.804030054644809,0.44121592844974444,True,13,1,4,4,"fly (4,1)",0.20000000000000018,0.10000000000002274,-0.006249999999965894,0.1001951221367793,0.5009756106838961,0.031249999999829442,258.54301624737946,2.8833865869824487,-2.574579736187558,35.23584548516245,0.004258943781927368,-0.35087969147359854,0.010962105134902513,0.054810525674512514,0.38220032309364704
30,6.0,953.6037735849056,499.3522012578616,949,490,11,19,147.60377358490564,16.131559954634497,257.6477987421384,35.113839692284614,257.6477987421384,35.113839692284614,0.8065779977317248,0.43892299615355773,True,13,1,4,4,"fly (4,1)",0.20000000000000018,0.46627358490559345,1.3459512578616,1.4244282517978701,7.122141258989345,-6.729756289307994,257.63099243785564,4.870826985895217,-4.560119047619078,35.1115492249207,-0.9171729184746972,-0.6214813012087337,0.19038133334179744,0.9519066667089864,0.6529685709834121
31,6.2,953.6685714285715,500.74857142857144,948,491,12,20,147.66857142857145,16.138641686182673,256.25142857142856,34.92353370649793,256.25142857142856,34.92353370649793,0.8069320843091337,0.43654417133122414,True,13,1,4,4,"fly (4,1)",0.20000000000000018,0.06479784366581498,1.3963701707098153,1.3978728176024806,6.989364088012397,-6.98185085354907,256.16432577118894,7.531857129458433,-7.333333333333289,34.91166279675488,-0.9515299289334314,-0.9994321408290684,0.19043770411334762,0.9521885205667373,1.0169696238193102
32,6.4,953.30625,502.40625,949,493,10,19,147.30624999999998,16.099043715846992,254.59375,34.69761499148211,254.59375,34.69761499148211,0.8049521857923496,0.4337201873935264,True,13,1,4,4,"fly (4,1)",0.20000000000000018,-0.36232142857147664,1.657678571428562,1.6968132082747098,8.484066041373541,-8.288392857142803,254.88254923574368,6.52655921208149,-6.408882677226491,34.736974342179714,-1.1295935750790764,-0.8734422728758299,0.2293627368364415,1.1468136841822065,0.8838081770295245
33,6.6,953.0864197530864,503.1975308641975,948,494,11,19,147.08641975308637,16.075018552249876,253.80246913580248,34.589774328559116,253.80246913580248,34.589774328559116,0.8037509276124939,0.4323721791069889,True,13,1,4,4,"fly (4,1)",0.1999999999999993,-0.21983024691360242,0.7912808641975175,0.8212495013716998,4.106247506858514,-3.956404320987602,253.52347089472985,6.910840650665421,-6.795391705069089,34.551750718191464,-0.5392033146149818,-0.9261181199412624,0.11048446526792553,0.5524223263396296,0.936288754891032
34,6.8,953.1096774193549,504.8258064516129,948,496,11,19,147.10967741935485,16.077560373699985,252.1741935483871,34.36786283453317,252.1741935483871,34.36786283453317,0.8038780186849992,0.42959828543166456,True,13,1,4,4,"fly (4,1)",0.20000000000000018,0.023257666268477806,1.6282755874153736,1.6284416807528406,8.142208403764196,-8.14137793707686,252.36329007711979,5.85290400825787,-5.800904088050346,34.39363408206062,-1.1095574701297286,-0.7905831806542215,0.22192605083025213,1.1096302541512597,0.795169401742528
35,7.0,953.1572327044025,505.8867924528302,948,497,12,19,147.15723270440253,16.0827576726123,251.1132075471698,34.22326508308958,251.1132075471698,34.22326508308958,0.8041378836306149,0.42779081353861975,True,13,1,4,4,"fly (4,1)",0.20000000000000018,0.04755528504767881,1.0609860012173158,1.0620512228301777,5.310256114150884,-5.3049300060865745,250.97645880139962,6.980435902106708,-6.93415637860084,34.20462811603402,-0.7229887572179543,-0.9450298301329942,0.144691124947339,0.7234556247366943,0.9490981630374756
36,7.2,952.8765432098766,507.358024691358,947,499,13,18,146.87654320987656,16.05208122512312,249.64197530864197,34.02275643047932,249.64197530864197,34.02275643047932,0.802604061256156,0.42528445538099147,True,13,1,4,4,"fly (4,1)",0.20000000000000018,-0.2806894945259728,1.4712322385278185,1.4977686376810078,7.488843188405032,-7.356161192639086,249.64506095193724,6.7057735424630485,-6.656989247311831,34.02317696108174,-1.0025432630513,-0.9072557747614113,0.20284172204489462,1.0142086102244723,0.9115436768395536
37,7.4,952.8066666666666,508.82,947,501,13,17,146.80666666666662,16.044444444444437,248.18,33.82350936967632,248.18,33.82350936967632,0.802222222222222,0.422793867120954,True,13,1,4,4,"fly (4,1)",0.20000000000000018,-0.06987654320994352,1.4619753086419678,1.4636442649666443,7.318221324833215,-7.309876543209833,248.2286402956244,7.226938373387127,-7.082103281564215,33.830138370783565,-0.9962353040149798,-0.9651929514908635,0.1993933591114989,0.9969667955574937,0.977965119027913
38,7.6,953.204081632653,510.13605442176873,947,502,14,17,147.20408163265301,16.087877774060438,246.86394557823127,33.64414931219506,246.86394557823127,33.64414931219506,0.804393888703022,0.4205518664024383,True,13,1,4,4,"fly (4,1)",0.1999999999999993,0.3974149659863997,1.3160544217687402,1.374750121384619,6.873750606923119,-6.580272108843724,247.03478275426502,6.087707314021667,-5.969287706797014,33.667432061910056,-0.8968002874063107,-0.8135315443675738,0.18454399026035384,0.9227199513017725,0.8239799798021049
39,7.8,953.3355704697987,510.93959731543623,947,503,14,17,147.33557046979865,16.10224813877581,246.06040268456377,33.534637503858775,246.06040268456377,33.534637503858775,0.8051124069387905,0.4191829687982347,True,13,1,4,4,"fly (4,1)",0.20000000000000018,0.13148883714563908,0.8035428936674975,0.8142300020617317,4.071150010308655,-4.017714468337484,245.91331703322484,5.839637399128402,-5.607328605201005,33.51459175921292,-0.5475590416814309,-0.7642015134856575,0.11045063850940975,0.5522531925470483,0.7847302534687465
40,8.0,953.7588652482269,512.1843971631206,947,505,15,15,147.75886524822693,16.1485098631942,244.8156028368794,33.36498846158493,244.8156028368794,33.36498846158493,0.80742549315971,0.4170623557698116,True,13,1,4,4,"fly (4,1)",0.20000000000000018,0.42329477842827146,1.2447998476843622,1.314802316030684,6.574011580153415,-6.223999238421806,245.00594983102482,4.70103615124543,-4.536836011000011,33.39093013029299,-0.848245211369231,-0.6183081445996547,0.17584352331148376,0.879217616557418,0.6328135553634544
41,8.2,953.9148936170213,512.8581560283687,947,506,15,15,147.91489361702133,16.165562143936757,244.14184397163126,33.27316442543527,244.14184397163126,33.27316442543527,0.8082781071968379,0.4159145553179408,True,13,1,4,4,"fly (4,1)",0.1999999999999993,0.1560283687944093,0.6737588652481463,0.6915893726548391,3.457946863274208,-3.3687943262407436,244.6409081954295,4.806790763761168,-1.825208177976578,33.34117999256279,-0.4591201807483019,-0.24875068865097813,0.09339397139717896,0.4669698569858965,0.6437803247603222
42,8.4,953.6111111111111,512.0347222222222,947,505,14,15,147.6111111111111,16.132361870066784,244.96527777777783,33.38538709066819,244.96527777777783,33.38538709066819,0.8066180935033392,0.41731733863335235,True,13,1,4,4,"fly (4,1)",0.20000000000000107,-0.3037825059102488,-0.8234338061465678,0.8776827695711782,4.388413847855867,4.117169030732817,244.75413375083824,3.2886697349205174,0.5661277770436272,33.35661107336808,0.5611133261645987,0.0771554040263908,0.11703070014753099,0.5851535007376518,0.4286704957775014
43,8.6,953.2546583850932,511.8447204968944,948,503,12,19,147.2546583850932,16.09340528798833,245.1552795031056,33.411281704000764,245.1552795031056,33.411281704000764,0.8046702643994164,0.4176410213000095,True,13,1,4,4,"fly (4,1)",0.1999999999999993,-0.356452726017892,-0.19000172532776105,0.4039296987262912,2.0196484936314634,0.9500086266388086,244.61041636826096,4.603422929003902,-0.718586912886388,33.337024377275775,0.12947306666287564,-0.09793348046151973,0.04677762592179094,0.23388812960895553,0.6064027137847565
44,8.8,952.9308176100628,513.2893081761006,948,504,11,19,146.93081761006283,16.05801285355878,243.71069182389942,33.214404337158356,243.71069182389942,33.214404337158356,0.8029006426779389,0.41518005421447945,True,13,1,4,4,"fly (4,1)",0.20000000000000107,-0.32384077503036224,1.4445876792061654,1.4804412891048806,7.402206445524364,-7.222938396030789,242.63865710900166,11.580880072042204,-9.85879629629647,33.06830079850108,-0.9843868342120335,-1.3436178938734518,0.20003330220153343,1.0001665110076619,1.529793637631152
45,9.0,950.95,517.95,946,509,11,19,144.95000000000005,15.841530054644814,239.04999999999995,32.57921635434412,239.04999999999995,32.57921635434412,0.7920765027322407,0.4072402044293015,True,13,1,4,4,"fly (4,1)",0.1999999999999993,-1.9808176100627861,4.6606918238994695,5.064157055394136,25.32078527697077,-23.30345911949743,240.05698274471857,13.781493855180372,-12.90837182141542,32.716454207116676,-3.1759399140711975,-1.7592329569220329,0.6710652544553652,3.355326272276838,1.83674897663599
46,9.2,950.4166666666666,519.5897435897436,946,511,10,18,144.41666666666663,15.783242258652091,237.41025641025635,32.35574192984755,237.41025641025635,32.35574192984755,0.7891621129326045,0.4044467741230943,True,13,1,4,4,"fly (4,1)",0.1999999999999993,-0.5333333333334167,1.6397435897436026,1.7242979686091873,8.621489843045968,-8.198717948718041,237.803725551885,12.733677469256008,-11.266285964167873,32.409366344379556,-1.1173721224828665,-1.5354393136855693,0.23095082932469307,1.1547541466234694,1.6705601180429026
47,9.4,949.6993865030674,520.0490797546013,945,511,11,19,143.69938650306744,15.704850983941798,236.95092024539872,32.29314074894702,236.95092024539872,32.29314074894702,0.7852425491970899,0.4036642593618377,True,13,1,4,4,"fly (4,1)",0.20000000000000107,-0.7172801635991846,0.45933616485763196,0.851751457550259,4.258757287751273,-2.2966808242881473,235.7808860457122,15.776503568045536,-10.11419753086408,32.133681232805756,-0.313005904502644,-1.3784255578690463,0.10031998704568035,0.5015999352283991,1.9178225798507695
48,9.6,944.0679012345679,524.0185185185185,938,516,13,17,138.0679012345679,15.08938811306753,232.98148148148152,31.752161019622694,232.98148148148152,31.752161019622694,0.7544694056533765,0.3969020127452837,True,13,1,4,4,"fly (4,1)",0.1999999999999993,-5.631485268499546,3.9694387639171964,6.889852714667845,34.44926357333935,-19.847193819586053,233.00067399334827,21.614131488506953,-13.901060261819666,31.754776694153083,-2.7048986466216283,-1.8945226932633397,0.8194227315400849,4.097113657700439,2.622974458902001
49,9.8,940.6012658227849,527.9303797468355,935,520,13,17,134.60126582278485,14.710520854949165,229.06962025316454,31.21902831388954,229.06962025316454,31.21902831388954,0.7355260427474583,0.3902378539236193,True,13,1,4,4,"fly (4,1)",0.20000000000000107,-3.466635411783045,3.9118612283169796,5.2268747208860695,26.13437360443021,-19.559306141584795,231.02555086732303,30.291818588884787,-19.703249980585426,31.485594666756118,-2.665663528665746,-2.6852810876436877,0.6540419567554362,3.2702097837771635,3.683661720738802
0,0.0,833.1133333333333,222.26,829,212,9,21,27.113333333333344,2.9632058287796004,534.74,72.87768313458263,534.74,72.87768313458263,0.14816029143898002,0.9109710391822828,True,14,2,4,4,"fly (4,2)",,,,,,,534.5498561151079,0.954555519006152,-0.9507194244605444,72.85176914686309,,-0.1295699385977045,,,0.12990637814953399
1,0.2,833.0791366906475,222.64028776978418,829,213,9,20,27.079136690647488,2.959468490781146,534.3597122302158,72.82585515914354,534.3597122302158,72.82585515914354,0.14797342453905732,0.9103231894892944,True,14,2,4,4,"fly (4,2)",0.2,-0.034196642685856204,0.3802877697841893,0.38182220760246083,1.909111038012304,-1.9014388489210887,534.4141897910243,1.4304922213340536,-0.9952380952381645,72.8332796989471,-0.259139877195409,-0.1356372191125388,0.0519625512598136,0.25981275629906797,0.17824706326116901
2,0.4,833.5034013605442,222.85714285714286,829,213,10,21,27.503401360544217,3.0058362142671275,534.1428571428571,72.7963008031151,534.1428571428571,72.7963008031151,0.15029181071335637,0.9099537600389389,True,14,2,4,4,"fly (4,2)",0.2,0.4242646698967292,0.21685508735868098,0.4764731251979714,2.382365625989857,-1.0842754367934049,534.1372200940546,1.821654266508735,-1.3848484848485516,72.79553255114884,-0.14777178014220738,-0.1887357389912836,0.05498568669688782,0.27492843348443907,0.2314816677559506
3,0.6,833.4825174825174,223.0909090909091,829,214,10,20,27.482517482517437,3.0035538232259493,533.9090909090909,72.76444169118786,533.9090909090909,72.76444169118786,0.15017769116129748,0.9095555211398482,True,14,2,4,4,"fly (4,2)",0.19999999999999996,-0.020883878026779712,0.2337662337662323,0.23469722710480875,1.173486135524044,-1.1688311688311617,533.9257667215414,1.4982877189315165,-1.0572668625661663,72.7667143743157,-0.15929555963623446,-0.14409088416575364,0.031940762696868956,0.15970381348434481,0.18720837388014241
4,0.8,833.443661971831,223.27464788732394,829,214,10,20,27.443661971831034,2.999307319325796,533.7253521126761,72.73940062864409,533.7253521126761,72.73940062864409,0.14996536596628982,0.9092425078580513,True,14,2,4,4,"fly (4,2)",0.20000000000000007,-0.03885551068640325,0.18373879641484336,0.1878022790561298,0.9390113952806487,-0.9186939820739323,533.7678190354246,0.8009523606348289,-0.7897384305834976,72.74518828421459,-0.12520531271881902,-0.10763045050540636,0.025398574934328674,0.12699287467164333,0.10861701756571253
5,1.0,833.4577464788732,223.33098591549296,829,214,10,20,27.45774647887322,3.0008466097129203,533.669014084507,72.73172253281186,533.669014084507,72.73172253281186,0.150042330485646,0.9091465316601482,True,14,2,4,4,"fly (4,2)",0.19999999999999996,0.014084507042184669,0.05633802816902289,0.058071910219958896,0.29035955109979456,-0.28169014084539873,533.6379489055545,0.6794164910319592,-0.6493506493505189,72.72748877758835,-0.038390479161165565,-0.08849753313124135,0.007830872908229885,0.039154364541149435,0.09116101063311038
6,1.2,833.5194805194806,223.4805194805195,829,213,10,21,27.519480519480567,3.0075934993967834,533.5194805194806,72.71134317130911,533.5194805194806,72.71134317130911,0.15037967496983917,0.9088917896413639,True,14,2,4,4,"fly (4,2)",0.19999999999999996,0.061734040607348106,0.14953356502653037,0.16177570534308694,0.8088785267154349,-0.7476678251322256,533.5435571582453,0.5855675899670506,-0.4719587365462985,72.71462448493973,-0.10189680751373945,-0.06432146324307554,0.02146715853730767,0.10733579268653838,0.07497805174737077
7,1.4,833.625850340136,223.5578231292517,829,214,10,20,27.625850340136026,3.019218616408309,533.4421768707483,72.70080775069825,533.4421768707483,72.70080775069825,0.15096093082041545,0.9087600968837279,True,14,2,4,4,"fly (4,2)",0.19999999999999996,0.10636982065545908,0.07730364873219742,0.13149293841718457,0.657464692085923,-0.3865182436612714,533.4583302411874,0.6085982594519601,-0.42613458528952225,72.7030092321891,-0.05267710305432162,-0.05807626375324542,0.015688799602884888,0.07844399801442446,0.07559386376610017
8,1.6,833.56,223.58666666666667,829,214,10,20,27.559999999999945,3.012021857923491,533.4133333333333,72.69687677455991,533.4133333333333,72.69687677455991,0.15060109289617457,0.9087109596819988,True,14,2,4,4,"fly (4,2)",0.20000000000000018,-0.06585034013608038,0.028843537414985576,0.0718903119109046,0.3594515595545227,-0.14421768707506985,533.4450799779371,0.4516397380965021,-0.06625131625128229,72.70120340414816,-0.019654880691675185,-0.009029140204598695,0.008200360119467533,0.04100180059733763,0.055073244361598134
9,1.8,833.5472972972973,223.52027027027026,829,214,10,20,27.54729729729729,3.0106335844040757,533.4797297297298,72.70592568718635,533.4797297297298,72.70592568718635,0.15053167922020377,0.9088240710898293,True,14,2,4,4,"fly (4,2)",0.19999999999999996,-0.012702702702654278,-0.06639639639641359,0.06760059252981222,0.3380029626490612,0.33198198198249435,533.4448141244693,0.360421966163307,-0.0013292673391636274,72.70116717198901,0.04524456313220072,-0.000181160795804651,0.009154786894606458,0.0457739344730323,0.04384459852078229
10,2.0,833.6137931034483,223.55862068965519,829,214,10,20,27.6137931034483,3.0179008856227654,533.4413793103448,72.70069905422076,533.4413793103448,72.70069905422076,0.15089504428113826,0.9087587381777594,True,14,2,4,4,"fly (4,2)",0.19999999999999996,0.06649580615101058,0.038350419384926226,0.0767622752572675,0.3838113762863376,-0.1917520969249154,533.3920938179559,0.5543368270923786,-0.2636015325668947,72.69398212169757,-0.026133164827939488,-0.03592525145717688,0.008951612098395387,0.04475806049197694,0.07277048180061256
11,2.2,833.6413793103449,223.7448275862069,829,214,10,20,27.64137931034486,3.020915771622389,533.2551724137932,72.6753216236856,533.2551724137932,72.6753216236856,0.15104578858111944,0.9084415202960702,True,14,2,4,4,"fly (4,2)",0.20000000000000018,0.027586206896557997,0.18620689655170963,0.18823922846834767,0.9411961423417375,-0.9310344827582632,533.3818437719916,0.7661469755792014,-0.05125022982175106,72.69258518187279,-0.12688715267579187,-0.006984699123932976,0.025555890087365713,0.12777945043682845,0.10166314797049858
12,2.4,833.6598639455782,223.55102040816325,829,214,10,20,27.659863945578195,3.022935950336415,533.4489795918367,72.70173486771199,533.4489795918367,72.70173486771199,0.15114679751682072,0.9087716858463999,True,14,2,4,4,"fly (4,2)",0.19999999999999973,0.01848463523333521,-0.19380717804364167,0.1946866816219057,0.9734334081095297,0.9690358902179255,533.27471733521,1.186950175339087,-0.535632183908015,72.67798532677477,0.13206622013193242,-0.07299927549003829,0.02649038659653804,0.13245193298269037,0.16150808136221675
13,2.6,833.6466666666666,223.88,829,214,10,21,27.646666666666647,3.021493624772311,533.12,72.65689948892674,533.12,72.65689948892674,0.15107468123861556,0.9082112436115843,True,14,2,4,4,"fly (4,2)",0.20000000000000018,-0.013197278911547983,0.32897959183674175,0.3292441951131992,1.6462209755659944,-1.6448979591837072,533.278700959836,1.3283318756590836,0.01991812313008401,72.67852823984136,-0.22417689392625542,0.0027145653328850736,0.04485857213342633,0.22429286066713147,0.1725116174355593
14,2.8,833.8767123287671,223.73287671232876,829,214,10,21,27.8767123287671,3.046635227187661,533.2671232876712,72.67695036288534,533.2671232876712,72.67695036288534,0.15233176135938306,0.9084618795360668,True,14,2,4,4,"fly (4,2)",0.19999999999999973,0.2300456621004514,-0.14712328767123495,0.273068248660345,1.365341243301727,0.7356164383560336,533.270244799594,1.3063924937808784,-0.042280801209433415,72.67737578188677,0.10025436979297822,-0.005762289772993197,0.03215801173137116,0.160790058656856,0.16765758927904215
15,3.0,833.7847222222222,223.57638888888889,829,214,10,20,27.78472222222217,3.0365816636308383,533.4236111111111,72.6982774938482,533.4236111111111,72.6982774938482,0.15182908318154192,0.9087284686731023,True,14,2,4,4,"fly (4,2)",0.20000000000000018,-0.09199010654492668,-0.15648782343987477,0.1815230524949831,0.9076152624749146,0.7824391171993732,533.3244976731575,0.9945784073899425,0.2712643678161919,72.68476969991923,0.10663565481429761,0.036969590162338334,0.023577969702627797,0.11788984851313888,0.12507772960865896
16,3.2,833.7655172413793,223.71724137931034,829,214,10,20,27.765517241379257,3.0344827586206837,533.2827586206897,72.67908124302414,533.2827586206897,72.67908124302414,0.1517241379310342,0.9084885155378019,True,14,2,4,4,"fly (4,2)",0.20000000000000018,-0.019204980842914665,0.14085249042145165,0.14215574327863736,0.7107787163931862,-0.7042624521068312,533.3234195402298,0.6029572443179164,-0.0053906646371615395,72.68462276527835,-0.09598125412026084,-0.0007346732043818973,0.01931065633119641,0.09655328165598197,0.07887753646332678
17,3.4,833.7986111111111,223.73611111111111,829,214,10,20,27.798611111111086,3.0380995749848183,533.2638888888889,72.6765095589627,533.2638888888889,72.6765095589627,0.15190497874924092,0.9084563694870339,True,14,2,4,4,"fly (4,2)",0.19999999999999973,0.03309386973182882,0.01886973180077689,0.038095550817129634,0.19047775408564843,-0.09434865900402668,533.2701787994893,0.3004188234929448,-0.2662037037036193,72.6773667869832,-0.012858420307182445,-0.03627989147581443,0.004437895844171889,0.022189479220859478,0.03958092029228048
18,3.6,833.7986111111111,223.73611111111111,829,214,10,20,27.798611111111086,3.0380995749848183,533.2638888888889,72.6765095589627,533.2638888888889,72.6765095589627,0.15190497874924092,0.9084563694870339,True,14,2,4,4,"fly (4,2)",0.20000000000000018,0.0,0.0,0.0,0.0,0.0,533.2569444444445,0.1125972222775371,-0.06617177522362762,72.67556312701117,0.0,-0.009018299860107028,0.0,0.0,0.013462272410460378
19,3.8,833.7777777777778,223.75694444444446,829,214,10,20,27.77777777777783,3.035822707953861,533.2430555555555,72.67367026310808,533.2430555555555,72.67367026310808,0.15179113539769304,0.908420878288851,True,14,2,4,4,"fly (4,2)",0.19999999999999973,-0.020833333333257542,0.020833333333342807,0.029462782549392587,0.14731391274696312,-0.10416666666685628,533.128792356186,0.6927224145135865,-0.6407604412925133,72.65809776574936,-0.014196479273138626,-0.08732680630901744,0.0036394676021043264,0.018197338010521657,0.09198896820972097
20,4.0,833.9078014184397,224.12056737588654,830,214,9,21,27.907801418439703,3.0500329419059784,532.8794326241134,72.6241134751773,532.8794326241134,72.6241134751773,0.15250164709529893,0.9078014184397162,True,14,2,4,4,"fly (4,2)",0.20000000000000018,0.1300236406618751,0.36362293144208024,0.38617066615875967,1.9308533307937967,-1.8181146572106839,533.0241627265563,0.8108301881796655,-0.5231481481481141,72.64383819101278,-0.24778393965391365,-0.07129787368287542,0.0515539133237283,0.25776956661864125,0.1080613576650205
21,4.2,833.9142857142857,224.05,830,214,9,21,27.91428571428571,3.050741608118657,532.95,72.63373083475298,532.95,72.63373083475298,0.15253708040593283,0.9079216354344123,True,14,2,4,4,"fly (4,2)",0.20000000000000018,0.006484295846007626,-0.07056737588652595,0.07086466419964746,0.354323320998237,0.35283687943319786,532.9244961893897,0.9920419425363004,-0.49833268583275436,72.63025501729332,0.04808679787842603,-0.06791586859731537,0.009643433673179718,0.04821716836589855,0.1271796901904558
22,4.4,833.7762237762238,224.05594405594405,829,214,10,21,27.776223776223787,3.0356528717184466,532.9440559440559,72.63292074194969,532.9440559440559,72.63292074194969,0.15178264358592233,0.9079115092743711,True,14,2,4,4,"fly (4,2)",0.20000000000000018,-0.13806193806192368,0.005944055944041793,0.13818983516337355,0.6909491758168671,-0.02972027972077737,532.9670001295002,0.45419103535879407,0.2125197005517524,72.63604771781944,-0.004050464016458474,0.02896350263055092,0.01511046711736552,0.07555233558682754,0.05562485617654564
23,4.6,833.7847222222222,223.99305555555554,829,214,10,21,27.78472222222217,3.0365816636308383,533.0069444444445,72.64149157675563,533.0069444444445,72.64149157675563,0.15182908318154192,0.9080186447094454,True,14,2,4,4,"fly (4,2)",0.1999999999999993,0.00849844599838434,-0.06288850038851024,0.06346012185225543,0.3173006092612783,0.3144425019428365,532.8710231180058,0.9439825858185866,-0.4798850574712778,72.62296737553743,0.04285417402968521,-0.06540171141004679,0.008621012915382134,0.04310506457691082,0.12081901244882604
24,4.8,833.903448275862,224.33793103448275,830,214,9,21,27.903448275862047,3.049557188618803,532.6620689655173,72.59448980790695,532.6620689655173,72.59448980790695,0.15247785943094014,0.907431122598837,True,14,2,4,4,"fly (4,2)",0.20000000000000018,0.11872605363987532,0.34487547892720727,0.36473959447552323,1.8236979723776146,-1.7243773946358927,532.8597860791826,1.1712760614059565,-0.05618519411617188,72.62143592220546,-0.2350088442433671,-0.007657266659772131,0.048759927436547994,0.24379963718273975,0.15593722954383313
25,5.0,834.0206896551724,224.08965517241379,830,214,9,21,28.02068965517242,3.0623704541172043,532.9103448275862,72.62832638195383,532.9103448275862,72.62832638195383,0.1531185227058602,0.9078540797744228,True,14,2,4,4,"fly (4,2)",0.20000000000000018,0.11724137931037149,-0.24827586206896513,0.2745659205157956,1.3728296025789768,1.2413793103445403,532.6738963851408,1.8384053927528095,-0.9294484702093078,72.59610172199534,0.16918287023436548,-0.12667100105064802,0.03618139737436978,0.18090698687184875,0.24668803180443807
26,5.2,833.9710144927536,224.55072463768116,830,215,9,20,27.971014492753625,3.0569414746178825,532.4492753623189,72.56548897612524,532.4492753623189,72.56548897612524,0.15284707373089412,0.9070686122015653,True,14,2,4,4,"fly (4,2)",0.20000000000000018,-0.04967516241879366,0.46106946526737147,0.4637377206603679,2.3186886033018372,-2.305347326336571,532.713480702571,1.7836707192927186,0.19792158715157862,72.60149651823797,-0.31418702914294244,0.026973981213155668,0.06307149427174522,0.31535747135872577,0.24078164687535056
27,5.4,833.986301369863,224.21917808219177,830,214,9,21,27.986301369862986,3.058612171569725,532.7808219178082,72.61067419663485,532.7808219178082,72.61067419663485,0.15293060857848625,0.9076334274579356,True,14,2,4,4,"fly (4,2)",0.20000000000000018,0.01528687710936083,-0.33154655548938194,0.3318987903994688,1.6594939519973424,1.657732777446766,532.6361396528163,1.5104723996848266,-0.3867052487741302,72.59095600038381,0.22592610254804393,-0.05270258927076559,0.04521609647909548,0.2260804823954772,0.20496762102769472
28,5.6,834.027972027972,224.32167832167832,830,214,9,21,28.027972027972055,3.0631663418548696,532.6783216783217,72.59670482839137,532.6783216783217,72.59670482839137,0.15315831709274347,0.9074588103548922,True,14,2,4,4,"fly (4,2)",0.1999999999999993,0.041670658109069336,0.1025002394865453,0.1106469287510597,0.5532346437553005,-0.5125011974325862,532.6955766010088,0.8471006030601081,0.2971847409628472,72.59905643625332,-0.06984684121739829,0.04050217934756486,0.01469298186577621,0.0734649093288813,0.11365723171381552
29,5.8,833.9862068965517,224.37241379310345,830,214,9,21,27.98620689655172,3.0586018466176745,532.6275862068966,72.58979028373378,532.6275862068966,72.58979028373378,0.15293009233088373,0.9073723785466722,True,14,2,4,4,"fly (4,2)",0.20000000000000018,-0.041765131420334,0.0507354714251278,0.06571464268553645,0.328573213427682,-0.25367735712563877,532.6636131306892,0.41841459844013923,-0.15981735159812208,72.59470025631198,-0.03457272328795111,-0.021780899706721923,0.008285260683417619,0.041426303417088056,0.053969822325262595
30,6.0,833.9383561643835,224.31506849315068,829,214,10,21,27.93835616438355,3.0533722584025735,532.6849315068494,72.59760565681081,532.6849315068494,72.59760565681081,0.15266861292012868,0.9074700707101352,True,14,2,4,4,"fly (4,2)",0.20000000000000018,-0.04785073216817182,-0.05734529995277171,0.07468718762748716,0.3734359381374355,0.2867264997638583,532.6679309605104,0.3665848895819024,0.021589149105996935,72.59528871693499,0.03907686538518359,0.0029423031149870423,0.009403650845963696,0.04701825422981844,0.04399688800118201
31,6.2,833.8590604026846,224.30872483221475,829,214,10,21,27.859060402684577,3.0447060549382052,532.6912751677853,72.59847021026036,532.6912751677853,72.59847021026036,0.15223530274691024,0.9074808776282544,True,14,2,4,4,"fly (4,2)",0.20000000000000018,-0.07929576169897246,-0.0063436609359257545,0.07954910343611811,0.3977455171805902,0.03171830467977085,532.5438419411903,1.0453907421720439,-0.6204450966005949,72.57837709590326,0.004322767247728617,-0.084558105158526,0.008709221271327915,0.04354610635663953,0.1347012027675004
32,6.4,834.0425531914893,224.74468085106383,830,215,9,20,28.042553191489333,3.0647599116381783,532.2553191489362,72.53905542063866,532.2553191489362,72.53905542063866,0.15323799558190893,0.9067381927579834,True,14,2,4,4,"fly (4,2)",0.20000000000000018,0.18349278880475595,0.4359560188490832,0.4729981542396217,2.3649907711981064,-2.179780094245414,532.4155314389071,1.0090317861828926,-0.6415525114156622,72.56089014499587,-0.29707394810849025,-0.0874347545370567,0.0627078495432087,0.3135392477160432,0.1304088222968232
33,6.6,834.0142857142857,224.7,830,215,9,20,28.014285714285734,3.0616705698672932,532.3,72.54514480408858,532.3,72.54514480408858,0.15308352849336468,0.9068143100511072,True,14,2,4,4,"fly (4,2)",0.1999999999999993,-0.0282674772035989,-0.044680851063844784,0.052871814033996066,0.2643590701699813,0.2234042553186563,532.2907401857956,0.9519860810541267,-0.6239562655576938,72.5438828191885,0.030446917249591473,-0.08503662903684968,0.006828222563557351,0.034141112817786874,0.1244614671726733
34,6.8,834.056338028169,224.6830985915493,830,215,9,20,28.056338028168966,3.0662664511660074,532.3169014084507,72.54744823283825,532.3169014084507,72.54744823283825,0.15331332255830035,0.9068431029104782,True,14,2,4,4,"fly (4,2)",0.20000000000000018,0.04205231388323227,-0.016901408450678446,0.04532168035885866,0.2266084017942931,0.08450704225367638,532.3112676056338,0.1636558239880913,0.10263709919077763,72.54668042325501,0.011517143748349657,0.013988020332647061,0.005140808196837954,0.025704040984189748,0.019948384600658894
35,7.0,834.056338028169,224.6830985915493,830,215,9,20,28.056338028168966,3.0662664511660074,532.3169014084507,72.54744823283825,532.3169014084507,72.54744823283825,0.15331332255830035,0.9068431029104782,True,14,2,4,4,"fly (4,2)",0.20000000000000018,0.0,0.0,0.0,0.0,0.0,532.2563126506789,0.4840616324266998,-0.27477477477475504,72.53919082121688,0.0,-0.037448010190767364,0.0,0.0,0.059576334928077825
36,7.2,833.8918918918919,224.86486486486487,829,215,10,21,27.891891891891873,3.0482941958351772,532.1351351351351,72.52267599797412,532.1351351351351,72.52267599797412,0.15241470979175886,0.9065334499746764,True,14,2,4,4,"fly (4,2)",0.20000000000000018,-0.1644461362770926,0.18176627331556006,0.2451152990971616,1.2255764954858068,-0.9088313665779416,532.2270677367509,0.6652419233174869,-0.14622456964010155,72.53520514299841,-0.1238611743206518,-0.019928391092349746,0.030604992760008765,0.15302496380004368,0.08183031838787062
37,7.4,834.0138888888889,224.77083333333334,829,215,10,20,28.013888888888914,3.0616272009714662,532.2291666666666,72.53549119818284,532.2291666666666,72.53549119818284,0.1530813600485733,0.9066936399772856,True,14,2,4,4,"fly (4,2)",0.20000000000000018,0.1219969969970407,-0.09403153153152743,0.154029854893331,0.7701492744666543,0.47015765765763673,532.1628132442787,0.8684912936684492,-0.3212724623602985,72.52644814232077,0.0640760010436025,-0.04378500338811861,0.018493198272713642,0.09246599136356813,0.10822284319749732
38,7.6,834.0758620689655,224.87586206896552,829,215,10,21,28.075862068965534,3.068400226116452,532.1241379310345,72.52117723080538,532.1241379310345,72.52117723080538,0.15342001130582258,0.9065147153850673,True,14,2,4,4,"fly (4,2)",0.1999999999999993,0.06197318007662034,0.10502873563217463,0.12194962221057694,0.6097481110528868,-0.5251436781605908,532.195232987966,0.7489011739276464,0.16209871843689813,72.53086650602604,-0.07156983688730659,0.02209181852632477,0.015835514885775965,0.07917757442888011,0.09204225466621192
39,7.8,834.2112676056338,224.76760563380282,830,215,9,21,28.211267605633793,3.083198645424458,532.2323943661972,72.53593108908991,532.2323943661972,72.53593108908991,0.1541599322712229,0.906699138613624,True,14,2,4,4,"fly (4,2)",0.20000000000000018,0.13540553666825872,-0.10825643516270134,0.17336122725267988,0.8668061362633986,0.5412821758136483,532.1675058995638,0.6726800196558785,-0.1386354420113403,72.52708768648229,0.07376929142267834,-0.018894097718747647,0.02089663964123751,0.10448319820618746,0.08416862249540052
40,8.0,834.1459854014598,224.85401459854015,830,215,9,20,28.145985401459825,3.07606397830162,532.1459854014598,72.52415473955159,532.1459854014598,72.52415473955159,0.153803198915081,0.906551934244395,True,14,2,4,4,"fly (4,2)",0.20000000000000018,-0.06528220417396824,0.08640896473733051,0.10829716233027023,0.5414858116513507,-0.43204482368707847,532.1832042147898,0.5432572113414154,0.07849157612971204,72.52922715022689,-0.05888174769161475,0.01069731872298977,0.013769018970226808,0.06884509485113398,0.06654189644287366
41,8.2,834.1095890410959,224.82876712328766,830,215,9,21,28.109589041095887,3.0720862339995505,532.1712328767123,72.52759562203917,532.1712328767123,72.52759562203917,0.1536043116999775,0.9065949452754894,True,14,2,4,4,"fly (4,2)",0.1999999999999993,-0.036396360363937674,-0.02524747525248472,0.04429593722189927,0.22147968610949714,0.12623737626256615,532.2059725262906,0.48639060659868544,0.11384155750344303,72.532330156905,0.017204412437905665,0.015515033390585032,0.005259479254259876,0.026297396271299473,0.06256777473003929
42,8.4,834.1608391608391,224.6993006993007,830,215,9,20,28.160839160839146,3.0776873399824205,532.3006993006993,72.54524010912426,532.3006993006993,72.54524010912426,0.153884366999121,0.9068155013640533,True,14,2,4,4,"fly (4,2)",0.20000000000000107,0.05125011974325844,-0.12946642398696895,0.13924126440704254,0.696206322035209,0.6473321199348413,532.222578791072,0.48682977306762104,0.08303132390721953,72.53459336164524,0.08822243542546412,0.011316023701155383,0.01851216661353697,0.09256083306768437,0.06398435439880247
43,8.6,834.1888111888112,224.8041958041958,830,215,9,21,28.1888111888112,3.0807443922198035,532.1958041958042,72.53094435377228,532.1958041958042,72.53094435377228,0.15403721961099018,0.9066368044221536,True,14,2,4,4,"fly (4,2)",0.1999999999999993,0.027972027972055002,0.104895104895121,0.10856066221163108,0.5428033110581573,-0.524475524475749,532.1894819808489,0.619460319658324,-0.16548405111526246,72.53008272311398,-0.07147877675990369,-0.022553192656289484,0.014618966771484658,0.07309483385742355,0.0833547959861139
44,8.8,834.1870503597122,224.92805755395682,830,215,9,20,28.187050359712202,3.080551951881115,532.0719424460432,72.5140637064454,532.0719424460432,72.5140637064454,0.15402759759405574,0.9064257963305676,True,14,2,4,4,"fly (4,2)",0.20000000000000107,-0.0017608290989983288,0.12386174976100506,0.1238742651763219,0.6193713258816061,-0.6193087488048798,532.1615099528768,0.633826637721664,-0.13986013986008416,72.5262705216868,-0.08440323663442895,-0.019061007135950367,0.016881744206646832,0.08440872103323371,0.0858436354986954
45,9.0,834.2167832167833,224.78321678321677,830,215,9,20,28.216783216783256,3.0838014444571864,532.2167832167833,72.5338035048427,532.2167832167833,72.5338035048427,0.15419007222285933,0.9066725438105336,True,14,2,4,4,"fly (4,2)",0.1999999999999993,0.02973285707105333,-0.1448407707400463,0.1478610552450453,0.7393052762252291,0.7242038537003762,532.0610306200032,1.0175726299516021,-0.5023966643684237,72.5125765751282,0.09869899198648148,-0.0684697327929721,0.02000547032108571,0.10002735160542892,0.13712894098784767
46,9.2,834.112676056338,225.1056338028169,830,215,9,20,28.112676056338046,3.0724236127145406,531.8943661971831,72.4898625140965,531.8943661971831,72.4898625140965,0.15362118063572702,0.9061232814262064,True,14,2,4,4,"fly (4,2)",0.1999999999999993,-0.10410716044520996,0.3224170196001239,0.33880825754959304,1.6940412877479711,-1.6120850980007675,532.0417118093175,1.0306547939887831,-0.09659405342859129,72.50994368781159,-0.21970495373096888,-0.013164436583087316,0.04539015006497591,0.22695075032488035,0.13796151360558728
47,9.4,834.1678321678322,224.98601398601397,830,215,9,20,28.167832167832216,3.0784516030417723,532.013986013986,72.50616504449555,532.013986013986,72.50616504449555,0.15392258015208862,0.9063270630561943,True,14,2,4,4,"fly (4,2)",0.20000000000000107,0.055156111494170545,-0.1196198168029241,0.13172356359863066,0.6586178179931498,0.5980990840146173,531.8935886680907,1.1880030891044981,-0.7406157061331031,72.48975654761034,0.08151265199522541,-0.10093570100619864,0.017381287777290602,0.08690643888645255,0.1595926437718823
48,9.6,834.1862068965518,225.22758620689655,830,215,9,21,28.186206896551766,3.080459770114947,531.7724137931034,72.47324208423898,531.7724137931034,72.47324208423898,0.15402298850574736,0.9059155260529871,True,14,2,4,4,"fly (4,2)",0.1999999999999993,0.01837472871955015,0.24157222088257413,0.24227003231447394,1.211350161572374,-1.207861104413159,531.8408369727335,0.6982174507692288,-0.263758476786698,72.48256721945262,-0.16461480128285247,-0.035946640788632835,0.032984148420862655,0.16492074210431387,0.09349581458967175
49,9.8,834.1597222222222,225.26388888888889,830,215,9,21,28.15972222222217,3.0775652701882157,531.7361111111111,72.46829452962332,531.7361111111111,72.46829452962332,0.15387826350941078,0.9058536816202915,True,14,2,4,4,"fly (4,2)",0.20000000000000107,-0.026484674329594782,0.0363026819923391,0.04493687454843292,0.2246843727421634,-0.18151340996155244,531.7542624521072,0.7180172671572684,-0.6946872571873557,72.47076830693115,-0.024737773078271498,-0.09467628718056195,0.005732052555649783,0.02866026277824876,0.09679050244128135
0,0.0,938.6855895196506,187.9170305676856,927,182,25,14,132.68558951965065,14.501157324551983,569.0829694323144,77.55815597033245,569.0829694323144,77.55815597033245,0.7250578662275992,0.9694769496291556,True,15,3,4,4,"fly (4,3)",,,,,,,569.1255555126174,0.6035925845578878,0.21293040151505238,77.56395986543338,,0.029019475504625802,,,0.06820669305860275
1,0.2,938.9115044247787,187.83185840707964,927,182,25,13,132.91150442477874,14.525847478117894,569.1681415929204,77.5697637605343,569.1681415929204,77.5697637605343,0.7262923739058947,0.9696220470066786,True,15,3,4,4,"fly (4,3)",0.2,0.22591490512809287,-0.08517216060596411,0.24143703382315512,1.2071851691157756,0.42586080303010476,569.1426117210552,0.8657554582344629,0.1562578426944583,77.56628439128521,0.058038951009251605,0.0212957877607541,0.0272826772234411,0.1364133861172055,0.09612500158028388
2,0.4,938.6336206896551,187.82327586206895,927,182,24,13,132.63362068965512,14.49547767100056,569.176724137931,77.5709334429889,569.176724137931,77.5709334429889,0.7247738835500279,0.9696366680373613,True,15,3,4,4,"fly (4,3)",0.2,-0.2778837351236234,-0.008582545010682452,0.27801624111752266,1.3900812055876133,0.04291272505327015,569.1279422566041,1.0989306691705296,-0.07334732225558586,77.56428514570415,0.005848412273010695,-0.009996227905351901,0.03039232372472923,0.15196161862364616,0.12773075825792304
3,0.6,938.6580086580086,187.96103896103895,927,182,25,13,132.6580086580086,14.498143022733181,569.038961038961,77.55215823358924,569.038961038961,77.55215823358924,0.724907151136659,0.9694019779198655,True,15,3,4,4,"fly (4,3)",0.19999999999999996,0.024387968353494216,0.13776309896999805,0.13990512656164003,0.6995256328082003,-0.6888154948501325,569.108932096001,0.8934556118615179,-0.09505080301551068,77.56169432313473,-0.093876046998318,-0.01295411284708338,0.018963454006583495,0.0948172700329175,0.10590350885340404
4,0.8,938.5644444444445,187.88888888888889,927,182,25,13,132.56444444444446,14.487917425622346,569.1111111111111,77.56199129282605,569.1111111111111,77.56199129282605,0.7243958712811173,0.9695248911603255,True,15,3,4,4,"fly (4,3)",0.20000000000000007,-0.09356421356415012,-0.07215007215006608,0.11815199943774812,0.5907599971887404,0.3607503607503303,569.0982895100542,1.064125873491286,-0.05321292973424843,77.56024388552699,0.04916529618405717,-0.007252188038743662,0.014186327580729692,0.07093163790364844,0.12469322410829174
5,1.0,938.1855203619909,187.8552036199095,927,182,24,13,132.18552036199094,14.446504957594637,569.1447963800905,77.56658213016566,569.1447963800905,77.56658213016566,0.722325247879732,0.9695822766270706,True,15,3,4,4,"fly (4,3)",0.19999999999999996,-0.3789240824535227,-0.033685268979382954,0.38041839809538325,1.9020919904769167,0.1684263448970569,569.1445617563264,1.7418114244785319,0.23136123136130962,77.5665501541842,0.022954186698029847,0.03153134328603831,0.041666152877661844,0.20833076438830928,0.19273565736832313
6,1.2,937.64,187.82222222222222,926,182,24,13,131.64,14.386885245901638,569.1777777777778,77.57107703956086,569.1777777777778,77.57107703956086,0.7193442622950819,0.9696384629945107,True,15,3,4,4,"fly (4,3)",0.19999999999999996,-0.5455203619909526,-0.03298139768727992,0.5465164571539877,2.732582285769939,0.16490698843654175,569.1333867882549,2.6248336438511455,-0.055874840357622246,77.56502716023918,0.022474546976027913,-0.007614969725059008,0.05978891396260233,0.2989445698130117,0.2878988187080538
7,1.4,938.2801724137931,187.92241379310346,927,182,24,13,132.28017241379314,14.456849444130398,569.0775862068965,77.55742231099102,569.0775862068965,77.55742231099102,0.7228424722065199,0.9694677788873876,True,15,3,4,4,"fly (4,3)",0.19999999999999996,0.6401724137931524,0.1001915708812362,0.647965331061316,3.239826655306581,-0.5009578544064653,569.1000022806057,2.757344957901157,-0.16692253824601266,77.56047731251867,-0.06827364284923478,-0.02274923860251003,0.07128422438456807,0.3564211219228404,0.30234950939509414
8,1.6,937.8214285714286,187.95535714285714,927,182,23,14,131.82142857142856,14.406713505074158,569.0446428571429,77.55293258700415,569.0446428571429,77.55293258700415,0.7203356752537079,0.9694116573375517,True,15,3,4,4,"fly (4,3)",0.20000000000000018,-0.45874384236458354,0.03294334975367974,0.4599251865253904,2.2996259326269497,-0.16471674876811435,569.0422179476001,2.024464615819935,-0.28892166502790434,77.55260210529474,-0.022448619934323212,-0.03937603611966267,0.0503365672898861,0.2516828364494303,0.22290391736286141
9,1.8,937.9203539823009,187.99557522123894,927,182,23,14,131.92035398230087,14.417525025388073,569.0044247787611,77.54745141788906,569.0044247787611,77.54745141788906,0.7208762512694037,0.9693431427236134,True,15,3,4,4,"fly (4,3)",0.19999999999999996,0.09892541087231166,0.04021807838179825,0.10678825190525475,0.5339412595262738,-0.20109039190913341,569.0441336564126,1.5364503557125817,0.009578544061431216,77.55286318997103,-0.027405845575430028,0.0013054233814576387,0.012121558743262711,0.06060779371631357,0.1696687302314217
10,2.0,937.5740740740741,187.91666666666666,927,182,23,14,131.57407407407413,14.379680226674768,569.0833333333334,77.55820556501989,569.0833333333334,77.55820556501989,0.7189840113337385,0.9694775695627486,True,15,3,4,4,"fly (4,3)",0.19999999999999996,-0.3462799082267338,-0.07890855457227985,0.35515677499690423,1.7757838749845216,0.3945427728615415,569.038302477787,1.2034422986799351,-0.029155893126547438,77.5520684807887,0.05377073565412617,-0.003973545911648548,0.03934311210570424,0.19671556052852124,0.13376474582572734
11,2.2,937.8280542986425,187.97285067873304,927,182,23,14,131.82805429864254,14.407437628266944,569.027149321267,77.55054845945716,569.027149321267,77.55054845945716,0.7203718814133472,0.9693818557432146,True,15,3,4,4,"fly (4,3)",0.20000000000000018,0.25398022456840863,0.05618401206638168,0.2601203523058021,1.3006017615290093,-0.2809200603320503,569.0368275515334,1.4246417679620127,-0.0073746312684382365,77.5518674686928,-0.03828552781364177,-0.0010050604794997718,0.028794176646469462,0.1439708832323472,0.15734366121974708
12,2.4,937.5900900900901,188.0,926,182,24,14,131.59009009009014,14.381430610938814,569.0,77.54684838160136,569.0,77.54684838160136,0.7190715305469407,0.969335604770017,True,15,3,4,4,"fly (4,3)",0.19999999999999973,-0.2379642085523983,0.027149321266961124,0.23950793347450097,1.1975396673725065,-0.1357466063348058,568.9862187235273,1.177647922686572,-0.2530441400305486,77.54497018378567,-0.0185003892789837,-0.03448642453570015,0.026268907979674527,0.1313445398983728,0.13059850480623944
13,2.6,937.7853881278538,188.06849315068493,927,182,23,13,131.78538812785382,14.402774658781839,568.931506849315,77.53751371029847,568.931506849315,77.53751371029847,0.7201387329390919,0.9692189213787309,True,15,3,4,4,"fly (4,3)",0.20000000000000018,0.1952980377636777,0.06849315068492956,0.20696046783164015,1.0348023391581997,-0.34246575342478963,568.9002458728486,1.0354882681824435,-0.42986425339374096,77.53325327057563,-0.046673356514474976,-0.058584566050257136,0.02329601825759969,0.11648009128799834,0.12132521381195643
14,2.8,937.8504273504274,188.23076923076923,926,182,25,14,131.85042735042737,14.40988277053851,568.7692307692307,77.515397719827,568.7692307692307,77.515397719827,0.7204941385269255,0.9689424714978376,True,15,3,4,4,"fly (4,3)",0.19999999999999973,0.06503922257354589,0.16227608008429684,0.1748245596033245,0.8741227980166236,-0.8113804004216274,568.8098755024781,0.9232154141560952,-0.4518518518519464,77.52093703611287,-0.1105799523573127,-0.061581172313722767,0.023230202049899604,0.11615101024949817,0.1093739917204866
15,3.0,938.0177777777778,188.2711111111111,927,182,23,14,132.01777777777784,14.428172434729818,568.7288888888888,77.50989967821313,568.7288888888888,77.50989967821313,0.7214086217364909,0.9688737459776641,True,15,3,4,4,"fly (4,3)",0.20000000000000018,0.16735042735047045,0.04034188034188446,0.17214422105869256,0.860721105293462,-0.20170940170942214,568.7366104566104,0.7021554075327997,-0.36632522933890294,77.51095202134384,-0.027490208069380604,-0.049925073845145156,0.019098174724792673,0.09549087362396327,0.08428466350734182
16,3.2,938.0900900900901,188.2882882882883,927,182,23,14,132.09009009009014,14.436075419681982,568.7117117117117,77.50755866599138,568.7117117117117,77.50755866599138,0.7218037709840991,0.9688444833248921,True,15,3,4,4,"fly (4,3)",0.20000000000000018,0.07231231231230595,0.017177177177188696,0.07432446385766268,0.3716223192883131,-0.0858858858856592,568.7187187187187,0.43199197245862736,-0.08945868945867606,77.5085136243569,-0.011705061108742133,-0.012191984934730718,0.008242421329712807,0.041212106648564,0.04794374800706421
17,3.4,938.1022222222223,188.28444444444443,927,182,24,14,132.10222222222228,14.437401335761997,568.7155555555555,77.50808252886617,568.7155555555555,77.50808252886617,0.7218700667880998,0.9688510316108271,True,15,3,4,4,"fly (4,3)",0.19999999999999973,0.012132132132137485,-0.0038438438438674893,0.012726498558821308,0.06363249279410663,0.019219219219053254,568.6798673563432,0.35255949698135525,-0.19425681187783525,77.50321871977418,0.002619314373930596,-0.026474522913512502,0.0014256527497330687,0.007128263748665353,0.04276602562844395
18,3.6,938.1718061674009,188.3876651982379,927,182,24,14,132.17180616740086,14.445006138513754,568.6123348017621,77.49401496446502,568.6123348017621,77.49401496446502,0.7222503069256877,0.9686751870558128,True,15,3,4,4,"fly (4,3)",0.20000000000000018,0.06958394517857869,0.10322075379346529,0.12448473577232923,0.6224236788616456,-0.5161037689668997,568.663869057159,0.6708929474314699,-0.0799914959206184,77.50103837235557,-0.07033782200572596,-0.010901737093125958,0.01599154129762051,0.07995770648810248,0.07785777349532218
19,3.8,937.9115044247787,188.3362831858407,926,182,25,14,131.91150442477874,14.416557860631556,568.6637168141593,77.5010176237355,568.6637168141593,77.5010176237355,0.7208278930315778,0.968762720296694,True,15,3,4,4,"fly (4,3)",0.19999999999999973,-0.2603017426221186,-0.051382012397198196,0.265324534127731,1.3266226706386568,0.2569100619859913,568.6561197694097,0.9294675937984826,-0.038746438746481066,77.4999822513676,0.035013296352417504,-0.005280604939888623,0.029297470049839697,0.14648735024919868,0.10630450781570894
20,4.0,938.0769230769231,188.30769230769232,927,182,23,14,132.0769230769231,14.434636401849518,568.6923076923076,77.50491416590224,568.6923076923076,77.50491416590224,0.7217318200924759,0.9688114270737779,True,15,3,4,4,"fly (4,3)",0.20000000000000018,0.16541865214435347,-0.02859087814837835,0.1678712863790292,0.8393564318951453,0.1429543907414653,568.6453703621845,0.9487499879574927,-0.053747036125931236,77.49851725549364,0.019482710833642596,-0.007324979369798229,0.018493693341965142,0.09246846670982563,0.10873935894109239
21,4.2,938.0,188.41991341991343,926,182,25,14,132.0,14.426229508196721,568.5800865800866,77.48961997684314,568.5800865800866,77.48961997684314,0.7213114754098361,0.9686202497105393,True,15,3,4,4,"fly (4,3)",0.20000000000000018,-0.07692307692309441,0.11222111222110698,0.13605417226773528,0.6802708613386758,-0.5611055611052502,568.5775237545149,0.7464602274986009,-0.33923303834815943,77.4892706990821,-0.07647094529545477,-0.0462327820576528,0.017452451972850593,0.08726225986425289,0.09076967777343643
22,4.4,938.0796460176991,188.53982300884957,926,183,25,13,132.07964601769913,14.43493399100537,568.4601769911504,77.47327795450092,568.4601769911504,77.47327795450092,0.7217466995502685,0.9684159744312614,True,15,3,4,4,"fly (4,3)",0.20000000000000018,0.07964601769913315,0.11990958893613879,0.1439506778523964,0.7197533892619814,-0.5995479446806934,568.321680777433,2.3118363787831497,-1.2792148854094902,77.45440283167741,-0.08171011171114621,-0.17433933702344992,0.018515661349246176,0.0925783067462308,0.27429348480457966
23,4.6,939.0486725663717,189.07522123893804,928,183,23,14,133.0486725663717,14.540838531843901,567.9247787610619,77.40031056368817,567.9247787610619,77.40031056368817,0.727041926592195,0.967503882046102,True,15,3,4,4,"fly (4,3)",0.1999999999999993,0.9690265486725593,0.5353982300884752,1.1070969771497543,5.535484885748791,-2.6769911504425274,567.8571064628587,4.17087938058057,-2.322871572871465,77.3910877632516,-0.3648369540637488,-0.3165753421289947,0.12860797756065057,0.6430398878032552,0.4942149756651036
24,4.8,940.0590909090909,189.81363636363636,929,184,23,13,134.05909090909086,14.651266766020859,567.1863636363637,77.29967477156575,567.1863636363637,77.29967477156575,0.7325633383010429,0.9662459346445719,True,15,3,4,4,"fly (4,3)",0.20000000000000018,1.0104183427191629,0.7384151246983208,1.2514799733461883,6.257399866730936,-3.6920756234911747,567.4758853862978,6.44125467475788,-1.9061053828043388,77.33913259097756,-0.5031789606120891,-0.25977586137026787,0.14940534648916515,0.7470267324458251,0.7382724465136862
25,5.0,941.559633027523,189.6834862385321,931,184,23,13,135.55963302752298,14.815260440166446,567.3165137614678,77.31741243767875,567.3165137614678,77.31741243767875,0.7407630220083223,0.9664676554709843,True,15,3,4,4,"fly (4,3)",0.20000000000000018,1.5005421184321222,-0.13015012510425095,1.506175854358784,7.530879271793913,0.6507506255206857,567.120006751658,5.428571877542905,-1.7793931731983985,77.29063124383757,0.08868833056503425,-0.24250673569994752,0.1649501438583958,0.8247507192919782,0.6342151619611142
26,5.2,941.7557603686636,190.14285714285714,931,184,23,13,135.75576036866357,14.836695122258314,566.8571428571429,77.2548065222682,566.8571428571429,77.2548065222682,0.7418347561129157,0.9656850815283524,True,15,3,4,4,"fly (4,3)",0.20000000000000018,0.1961273411405955,0.45937090432502714,0.4994872988207736,2.497436494103866,-2.296854521624707,566.8813254177712,3.99239982078635,-1.1934066694342,77.25810227158723,-0.3130295770527877,-0.16264486125166386,0.06617360682910794,0.33086803414553945,0.47350269579305954
27,5.4,941.8036529680365,190.5296803652968,931,185,23,13,135.80365296803654,14.841929286124213,566.4703196347032,77.20208785481475,566.4703196347032,77.20208785481475,0.7420964643062107,0.9650260981851843,True,15,3,4,4,"fly (4,3)",0.20000000000000018,0.047892599372971745,0.3868232224396593,0.3897767392922544,1.9488836964612704,-1.9341161121985788,566.6589984007088,2.770946693338342,-1.1116350853124357,77.2278021670472,-0.2635933372672381,-0.15150052270018424,0.05297786678833226,0.2648893339416611,0.3415267339728136
28,5.6,941.0514018691589,190.35046728971963,930,185,23,13,135.0514018691589,14.759716051274197,566.6495327102804,77.22651212405864,566.6495327102804,77.22651212405864,0.7379858025637098,0.9653314015507332,True,15,3,4,4,"fly (4,3)",0.1999999999999993,-0.7522510988776503,-0.1792130755771666,0.7733039778899754,3.866519889449891,0.8960653778859783,566.5005568422672,2.5352264777117246,-0.7922077922078546,77.20620876896317,0.122121346219473,-0.1079669904201568,0.08576456676624775,0.42882283383124026,0.3058930653221617
29,5.8,940.8136363636363,190.61818181818182,930,185,23,13,134.8136363636363,14.733730750124186,566.3818181818182,77.1900263280161,566.3818181818182,77.1900263280161,0.7366865375062093,0.9648753291002014,True,15,3,4,4,"fly (4,3)",0.20000000000000018,-0.23776550552258868,0.2677145284621929,0.3580551694448028,1.7902758472240126,-1.3385726423109634,566.4579388818411,1.9741295464916575,-0.21308980213082726,77.20040052904137,-0.18242898021270532,-0.029041199608978042,0.044793405638716824,0.2239670281935839,0.22864807519463656
30,6.0,940.8493150684932,190.65753424657535,930,185,23,13,134.84931506849318,14.737630062130403,566.3424657534247,77.18466313504936,566.3424657534247,77.18466313504936,0.7368815031065201,0.964808289188117,True,15,3,4,4,"fly (4,3)",0.20000000000000018,0.03567870485687763,0.039352428393527816,0.05311858056021374,0.26559290280106845,-0.1967621419674968,566.3823971414099,1.1163219666385524,-0.3777087021560037,77.19010523221941,-0.02681596483370183,-0.051476484109826914,0.006630872711817134,0.033154363559085645,0.1340627965577951
31,6.2,940.6035242290749,190.5770925110132,929,185,24,13,134.60352422907488,14.71076767530873,566.4229074889868,77.19562623359275,566.4229074889868,77.19562623359275,0.7355383837654365,0.9649453279199093,True,15,3,4,4,"fly (4,3)",0.20000000000000018,-0.24579083941830504,-0.08044173556214673,0.25861942997811543,1.2930971498905761,0.4022086778104491,566.3632325222452,0.6971689244295066,-0.09582309582299314,77.18749335907943,0.05481549271692638,-0.013059365699893022,0.029013399584143187,0.1450669979207158,0.08298131109011231
32,6.4,940.563063063063,190.67567567567568,929,185,24,13,134.56306306306305,14.706345689952247,566.3243243243244,77.18219070859617,566.3243243243244,77.18219070859617,0.7353172844976124,0.964777383857452,True,15,3,4,4,"fly (4,3)",0.20000000000000018,-0.04046116601182348,0.09858316466247175,0.10656334411937511,0.5328167205968751,-0.49291582331193196,566.3073732352292,0.860022718581816,-0.2792964350800283,77.1798805090602,-0.06717762498290364,-0.03806425009609419,0.014144514358107126,0.07072257179053557,0.10607741377627883
33,6.6,940.542600896861,190.8251121076233,929,185,24,13,134.54260089686102,14.704109387635084,566.1748878923767,77.1618245849917,566.1748878923767,77.1618245849917,0.7352054693817542,0.9645228073123964,True,15,3,4,4,"fly (4,3)",0.1999999999999993,-0.020462166202037224,0.14943643194763467,0.15083085705159882,0.7541542852579968,-0.7471821597386024,566.2186314147835,0.5574756898329759,-0.4437091022282409,77.16778622347988,-0.10183061802230534,-0.0604714279016369,0.020488534323516966,0.10244267161758519,0.07197955271051627
34,6.8,940.6175115207374,190.84331797235023,930,185,23,13,134.61751152073737,14.712296341064192,566.1566820276498,77.15934337685177,566.1566820276498,77.15934337685177,0.7356148170532096,0.9644917922106471,True,15,3,4,4,"fly (4,3)",0.20000000000000018,0.07491062387634884,0.018205864726922982,0.0770912127288112,0.38545606364405566,-0.0910293236341885,566.115068761221,0.7033143823597708,-0.5178132678133812,77.15367206285805,-0.012406040699701738,-0.07057080310914905,0.008554682944685638,0.04277341472342815,0.08873382926330357
35,7.0,940.4863636363636,190.98636363636365,929,185,24,13,134.48636363636365,14.697963238946846,566.0136363636364,77.13984822673068,566.0136363636364,77.13984822673068,0.7348981619473424,0.9642481028341334,True,15,3,4,4,"fly (4,3)",0.20000000000000018,-0.13114788437371772,0.1430456640134139,0.19406655963545222,0.9703327981772603,-0.715228320067353,566.0707262854675,0.5271274973492022,-0.22171237876724081,77.1476287952937,-0.09747575060544014,-0.030216337821755663,0.024197080289779505,0.12098540144889743,0.06365331674933543
36,7.2,940.4511627906977,190.9581395348837,929,185,24,13,134.4511627906977,14.69411615198882,566.0418604651163,77.14369478229865,566.0418604651163,77.14369478229865,0.734705807599441,0.964296184778733,True,15,3,4,4,"fly (4,3)",0.20000000000000018,-0.035200845665940506,-0.02822410147993537,0.04511872604525811,0.22559363022629034,0.14112050739981882,565.9891779552632,0.6298178545365287,-0.40774165102125864,77.13651488317045,0.019232777839874853,-0.05556956061620131,0.005440226815136162,0.027201134075680786,0.08019662587660155
37,7.4,940.5,191.08796296296296,929,185,24,13,134.5,14.699453551912569,565.9120370370371,77.12600164048204,565.9120370370371,77.12600164048204,0.7349726775956285,0.9640750205060257,True,15,3,4,4,"fly (4,3)",0.20000000000000018,0.04883720930229174,0.12982342807924852,0.13870542704120722,0.6935271352060355,-0.649117140396242,565.9024619580822,0.5708770757206258,-0.43357998590560554,77.12469668934679,-0.08846570908303866,-0.05909096911831104,0.018480668421045322,0.09240334210522654,0.07590389877830776
38,7.6,940.4930232558139,191.24651162790698,930,185,23,13,134.4930232558139,14.69869106620917,565.753488372093,77.10439364525969,565.753488372093,77.10439364525969,0.7349345533104585,0.9638049205657462,True,15,3,4,4,"fly (4,3)",0.1999999999999993,-0.0069767441860904,0.1585486649440213,0.1587020923459098,0.7935104617295518,-0.7927433247203935,565.7930468108681,0.5690899817573859,-0.5470757360702319,77.10978491459872,-0.10803997611176935,-0.07455887374040542,0.021621444030803134,0.10810722015401605,0.07651405336228231
39,7.8,940.5117370892019,191.28638497652582,930,185,23,13,134.51173708920192,14.70073629390185,565.7136150234742,77.09895945805441,565.7136150234742,77.09895945805441,0.7350368146950924,0.9637369932256801,True,15,3,4,4,"fly (4,3)",0.20000000000000018,0.018713833388005696,0.03987334861884051,0.04404646966731417,0.22023234833657063,-0.19936674309406027,565.7347308658151,0.4253973677331972,-0.29157972526510023,77.10183725598841,-0.027170936026408275,-0.03973829305145682,0.005806319565520892,0.029031597827604436,0.05579065884237431
40,8.0,940.5586854460093,191.26291079812205,930,185,23,13,134.55868544600935,14.705867261858945,565.737089201878,77.10215866465117,565.737089201878,77.10215866465117,0.7352933630929472,0.9637769833081397,True,15,3,4,4,"fly (4,3)",0.20000000000000018,0.04694835680743381,-0.02347417840377375,0.052489858626693926,0.2624492931334694,0.11737089201915285,565.6749260998087,0.46368884294007895,-0.2990238300314264,77.09368669162642,0.015996032983807126,-0.04075282181008326,0.00604663170910051,0.030233158545502525,0.059560509320519484
41,8.2,940.6388888888889,191.42592592592592,930,185,23,14,134.6388888888889,14.71463266545234,565.5740740740741,77.07994195217364,565.5740740740741,77.07994195217364,0.735731633272617,0.9634992744021705,True,15,3,4,4,"fly (4,3)",0.1999999999999993,0.08020344287956505,0.16301512780387384,0.18167697747003875,0.908384887350197,-0.8150756390193721,565.5889924098134,0.9702330545910968,-0.4296684499763613,77.08197511547714,-0.11108356238764866,-0.05855788074635861,0.02388335431769023,0.11941677158845158,0.11526653706263919
42,8.4,940.3116279069767,191.54418604651164,929,186,24,13,134.3116279069767,14.67886643792095,565.4558139534884,77.0638247296066,565.4558139534884,77.0638247296066,0.7339433218960475,0.9632978091200823,True,15,3,4,4,"fly (4,3)",0.20000000000000107,-0.3272609819122181,0.11826012058571678,0.34797299665792664,1.7398649832896238,-0.591300602928865,565.4983347688774,1.0077462010396971,-0.4532882046803856,77.06961973000033,-0.08058611283523433,-0.06177692738404513,0.039229936210792925,0.19614968105396358,0.1189078121989273
43,8.6,940.3860465116279,191.53488372093022,929,186,23,13,134.3860465116279,14.686999618757149,565.4651162790698,77.06509250822074,565.4651162790698,77.06509250822074,0.7343499809378574,0.9633136563527595,True,15,3,4,4,"fly (4,3)",0.1999999999999993,0.07441860465121408,-0.009302325581415971,0.07499774649585392,0.3749887324792709,0.04651162790708002,565.475990828693,0.8054322150461916,-0.11171970092163895,77.06657455927675,0.006338893070747554,-0.015225853617929759,0.008231396790873336,0.04115698395436682,0.09147012787648584
44,8.8,940.3427230046948,191.49295774647888,929,186,23,12,134.3427230046948,14.682264809256262,565.5070422535211,77.07080644000288,565.5070422535211,77.07080644000288,0.734113240462813,0.963385080500036,True,15,3,4,4,"fly (4,3)",0.20000000000000107,-0.04332350693312037,-0.04192597445134538,0.060288585873936325,0.30144292936968003,0.2096298722568679,565.445966424444,0.4815375910487702,-0.1501220212459971,77.06248264728366,0.028569658910697474,-0.02045955996538392,0.007420743724225485,0.03710371862112723,0.060010916113410556
45,9.0,940.2824074074074,191.63425925925927,929,186,23,13,134.2824074074074,14.675672940700261,565.3657407407408,77.05154899362736,565.3657407407408,77.05154899362736,0.7337836470350131,0.963144362420342,True,15,3,4,4,"fly (4,3)",0.1999999999999993,-0.060315597287399214,0.14130151278038738,0.1536362222594714,0.7681811112973598,-0.7065075639019395,565.4371540798484,0.5364530473405185,-0.04406172297782098,77.06128164631663,-0.09628723187759682,-0.00600500483512207,0.02035440915294747,0.10177204576473772,0.06830523510795274
46,9.2,940.2028301886793,191.56132075471697,930,186,22,13,134.2028301886793,14.66697597690484,565.4386792452831,77.06148950531967,565.4386792452831,77.06148950531967,0.733348798845242,0.9632686188164958,True,15,3,4,4,"fly (4,3)",0.1999999999999993,-0.07957721872810453,-0.072938504542293,0.10794702027090274,0.5397351013545156,0.3646925227116084,565.34876015038,0.8353667721812257,-0.4419696473415025,77.04923477347599,0.049702558461533104,-0.060234364203281904,0.013207988187598626,0.06603994093799337,0.1071103925964541
47,9.4,940.339534883721,191.75813953488372,930,186,22,13,134.33953488372094,14.68191638073453,565.2418604651162,77.03466582148091,565.2418604651162,77.03466582148091,0.7340958190367265,0.9629333227685115,True,15,3,4,4,"fly (4,3)",0.20000000000000107,0.13670469504165794,0.19681878016675114,0.23963682077836163,1.1981841038918017,-0.9840939008341768,565.2601799034665,0.9799710206585939,-0.4429012345678971,77.03716250813852,-0.13411841919378203,-0.06036132668728062,0.030703838217326418,0.15351919108663128,0.12101982935952733
48,9.6,940.1454545454545,191.9,929,186,23,13,134.14545454545453,14.660705414803774,565.1,77.015332197615,565.1,77.015332197615,0.7330352707401887,0.9626916524701874,True,15,3,4,4,"fly (4,3)",0.1999999999999993,-0.19408033826641713,0.14186046511628092,0.24039877134589197,1.2019938567294641,-0.7093023255811229,565.127652118509,0.9088039028640839,-0.6626389247869217,77.01910079979679,-0.09666811932959297,-0.09030854170861818,0.02870007121079139,0.14350035605395745,0.11332930817026067
49,9.8,940.1735159817351,191.95890410958904,929,186,23,13,134.17351598173514,14.663772238440998,565.0410958904109,77.0073043802945,565.0410958904109,77.0073043802945,0.7331886119220499,0.9625913047536813,True,15,3,4,4,"fly (4,3)",0.20000000000000107,0.028061436280609087,0.05890410958903658,0.06524674959419753,0.3262337479709859,-0.29452054794546556,565.0705479452055,0.764113802350225,-0.5019114367632941,77.01131828895474,-0.040139086602479564,-0.06840360296603626,0.008593675474038729,0.04296837737019341,0.09323436671207537
7,1.4,601.0,648.5,600,645,3,8,18.0,1.8848167539267016,111.5,15.326460481099657,111.5,15.326460481099657,0.09424083769633508,0.19158075601374572,True,16,2,3,3,"fly (3,2)",,,,,,,111.5,0.0,0.0,15.326460481099657,,0.0,,,0.0
29,5.8,601.0,650.0,600,648,3,5,18.0,1.8848167539267016,110.0,15.120274914089347,110.0,15.120274914089347,0.09424083769633508,0.18900343642611683,True,17,3,3,3,"fly (3,3)",,,,,,,110.0,0.0,0.0,15.120274914089347,,0.0,,,0.0
