frame_index,time_s,x_px,y_px,bbox_x,bbox_y,bbox_w,bbox_h,x_from_left_px,x_from_left_mm,y_from_base_px,y_from_base_mm,distance_from_base_px,distance_from_base_mm,relative_x,relative_height,detected,internal_track_id,display_id,physical_vial_index,assay_tube_index,label,dt_s,dx_px,dy_px,displacement_px,speed_px_s_raw,vertical_velocity_px_s_raw,height_px_smoothed,speed_px_s_smoothed,vertical_velocity_px_s_smoothed,height_mm_smoothed,vertical_velocity_mm_s_raw,vertical_velocity_mm_s_smoothed,displacement_mm,speed_mm_s_raw,speed_mm_s_smoothed
0,0.0,222.489406779661,176.15466101694915,208,168,31,20,95.48940677966101,,604.8453389830509,,604.8453389830509,,0.4847178009119848,0.9850901286368906,True,1,1,1,1,"fly (1,1)",,,,,,,604.8453389830509,0.0,0.0,,,,,,
1,0.2,222.489406779661,176.15466101694915,208,168,31,20,95.48940677966101,,604.8453389830509,,604.8453389830509,,0.4847178009119848,0.9850901286368906,True,1,1,1,1,"fly (1,1)",0.2,0.0,0.0,0.0,0.0,0.0,604.8453389830509,0.0,0.0,,,,,,
0,0.0,252.0163043478261,173.38315217391303,237,168,38,14,125.0163043478261,,607.616847826087,,607.616847826087,,0.6346005296843964,0.9896039866874381,True,2,2,1,1,"fly (1,2)",,,,,,,607.6586986383182,0.26245487222502767,0.2092540611562299,,,,,,
1,0.2,252.07967032967034,173.29945054945054,237,168,38,14,125.07967032967034,,607.7005494505495,,607.7005494505495,,0.6349221844145703,0.9897403085513835,True,2,2,1,1,"fly (1,2)",0.2,0.06336598184424247,-0.08370162446249196,0.10498194889001108,0.5249097444500553,0.4185081223124598,607.5412157588788,8.365410444081272,-0.5176630434783647,,,,,,
2,0.4,247.18125,173.69375,218,168,62,14,120.18125,,607.30625,,607.30625,,0.6100571065989848,0.9890981270358306,True,2,2,1,1,"fly (1,2)",0.2,-4.89842032967033,0.3942994505494539,4.914264317558752,24.571321587793758,-1.9714972527475538,607.3555113212747,11.950699964760288,-0.9285221880209823,,,,,,
3,0.6,245.04424778761063,173.94026548672565,216,168,57,14,118.04424778761063,,607.0597345132744,,607.0597345132744,,0.5992093796325413,0.9886966360151049,True,2,2,1,1,"fly (1,2)",0.19999999999999996,-2.137002212389376,0.24651548672565582,2.151173712407409,10.755868562037048,-1.232577433627853,607.1264491807425,11.980664220725496,-1.1453107026604432,,,,,,
4,0.8,245.15812917594656,173.98663697104678,217,168,56,14,118.15812917594656,,607.0133630289532,,607.0133630289532,,0.5997874577459216,0.9886211124250053,True,2,2,1,1,"fly (1,2)",0.20000000000000007,0.1138813883359262,0.04637148432112781,0.12296050246913694,0.6148025123456845,-0.23185742160592318,607.0400689166454,4.865380053046339,-0.43190132048531876,,,,,,
5,1.0,244.51391862955032,173.9528907922912,215,168,58,14,117.51391862955032,,607.0471092077088,,607.0471092077088,,0.596517353449494,0.9886760736281902,True,2,2,1,1,"fly (1,2)",0.19999999999999996,-0.6442105463962378,-0.03374617875556396,0.6450938169512569,3.225469084756285,0.16873089377781983,607.0417556843589,2.5801211874677237,0.008433838567043536,,,,,,
6,1.2,245.29373650107993,173.9352051835853,216,168,58,14,118.29373650107993,,607.0647948164146,,607.0647948164146,,0.6004758198024363,0.9887048775511639,True,2,2,1,1,"fly (1,2)",0.19999999999999996,0.779817871529616,-0.017685608705903633,0.78001839306024,3.900091965301201,0.08842804352923396,607.056348960422,2.8026670697553477,0.07296638031599895,,,,,,
7,1.4,245.03736263736263,173.94285714285715,216,168,57,14,118.03736263736263,,607.0571428571428,,607.0571428571428,,0.5991744296312824,0.9886924150767799,True,2,2,1,1,"fly (1,2)",0.19999999999999996,-0.2563738637173003,0.007651959271839814,0.25648803184171143,1.2824401592085575,-0.03825979635905697,607.0516108034666,2.0990040840663755,-0.023690784777841107,,,,,,
8,1.6,244.81578947368422,173.9671052631579,215,168,57,14,117.81578947368422,,607.0328947368421,,607.0328947368421,,0.5980496927598183,0.9886529230241727,True,2,2,1,1,"fly (1,2)",0.20000000000000018,-0.22157316367841418,0.024248120300740084,0.2228960255378738,1.114480127689368,-0.12124060150370031,607.4042524428817,19.676167592096736,1.7632081970756042,,,,,,
9,1.8,256.08955223880594,172.87728026533998,216,168,92,14,129.08955223880594,,608.12271973466,,608.12271973466,,0.6552769149177966,0.9904278823040065,True,2,2,1,1,"fly (1,2)",0.19999999999999996,11.273762765121717,-1.0898249978179138,11.326316497878453,56.63158248939228,5.44912498908957,607.6601439965834,37.56845028992086,1.2794577685089814,,,,,,
10,2.0,267.07737226277374,173.17518248175182,237,168,71,14,140.07737226277374,,607.8248175182482,,607.8248175182482,,0.7110526510800698,0.9899426995411209,True,2,2,1,1,"fly (1,2)",0.19999999999999996,10.9878200239678,0.2979022164118419,10.991857650536183,54.95928825268093,-1.4895110820589255,607.9394385067208,37.414761685157806,1.3964725506866673,,,,,,
11,2.2,267.19970631424377,173.12922173274598,237,168,71,14,140.19970631424377,,607.8707782672541,,607.8707782672541,,0.7116736361129126,0.9900175541811955,True,2,2,1,1,"fly (1,2)",0.20000000000000018,0.12233405147003396,-0.04596074900584313,0.1306828626800432,0.6534143134002154,0.22980374502935755,607.8394787318194,18.637209018784056,-0.4997988745064203,,,,,,
12,2.4,267.16398243045387,173.1771595900439,238,168,70,14,140.16398243045387,,607.8228404099561,,607.8228404099561,,0.7114922966012887,0.9899394794950426,True,2,2,1,1,"fly (1,2)",0.19999999999999973,-0.03572388378989899,0.047937857297938535,0.05978489805420535,0.29892449027102713,-0.239689286489693,608.0206799099473,16.96272339840915,0.9060058906389173,,,,,,
13,2.6,257.19172932330827,172.6315789473684,215,167,94,16,130.19172932330827,,608.3684210526316,,608.3684210526316,,0.6608717224533415,0.9908280473169895,True,2,2,1,1,"fly (1,2)",0.20000000000000018,-9.972253107145605,-0.5455806426755032,9.98716627831125,49.935831391556206,2.7279032133770875,608.0032797037846,33.492067649823326,-0.08700103081291122,,,,,,
14,2.8,267.2249637155297,173.18142235123366,237,168,71,14,140.22496371552973,,607.8185776487663,,607.8185776487663,,0.7118018462717245,0.9899325368872416,True,2,2,1,1,"fly (1,2)",0.19999999999999973,10.033234392221459,0.5498434038652533,10.048289413528536,50.241447067642746,-2.749217019326128,608.1596780332094,65.59352826331465,0.7819916471233505,,,,,,
15,3.0,286.53982300884957,172.7079646017699,269,168,39,14,159.53982300884957,,608.2920353982302,,608.2920353982302,,0.8098468173038049,0.9907036407137298,True,2,2,1,1,"fly (1,2)",0.20000000000000018,19.31485929331984,-0.47345774946376196,19.32066126614902,96.60330633074501,2.367288747319092,609.1527102591643,58.03708579774304,4.965161129774925,,,,,,
16,3.2,291.0567375886525,169.65248226950354,274,168,34,5,164.05673758865248,,611.3475177304965,,611.3475177304965,,0.8327753177088958,0.9956799963037403,True,2,2,1,1,"fly (1,2)",0.20000000000000018,4.516914579802915,-3.055482332266365,5.453300798968277,27.26650399484136,15.277411661331811,608.1616307039259,79.55379161580709,2.2692452765249285,,,,,,
19,3.8,222.489406779661,176.15466101694915,208,168,31,20,95.48940677966101,,604.8453389830509,,604.8453389830509,,0.4847178009119848,0.9850901286368906,True,2,2,1,1,"fly (1,2)",0.5999999999999996,-68.56733080899147,6.502178747445612,68.87493871310089,114.79156452183489,-10.83696457907612,609.2158007226976,83.87351495466793,12.495493146576294,,,,,,
20,4.0,201.5974025974026,169.54545454545453,193,168,20,5,74.5974025974026,,611.4545454545455,,611.4545454545455,,0.3786670182609269,0.9958543085578917,True,2,2,1,1,"fly (1,2)",0.20000000000000018,-20.892004182258404,-6.609206471494616,21.912495269465524,109.56247634732752,33.046032357473194,609.0283361348462,121.04518480817796,6.287320113460094,,,,,,
21,4.2,173.849173553719,170.21487603305786,144,167,68,12,46.849173553719,,610.7851239669421,,610.7851239669421,,0.23781306372446193,0.9947640455487657,True,2,2,1,1,"fly (1,2)",0.20000000000000018,-27.748229043683608,0.66942148760333,27.75630271107432,138.78151355537148,-3.347107438016789,611.1198347107438,124.1719949513495,14.849462459728201,,,,,,
0,0.0,295.96048632218844,172.80851063829786,275,168,37,14,168.96048632218844,,608.1914893617021,,608.1914893617021,,0.8576674432598398,0.9905398849539122,True,3,3,1,1,"fly (1,3)",,,,,,,608.1914893617021,0.0,0.0,,,,,,
1,0.2,295.96048632218844,172.80851063829786,275,168,37,14,168.96048632218844,,608.1914893617021,,608.1914893617021,,0.8576674432598398,0.9905398849539122,True,3,3,1,1,"fly (1,3)",0.2,0.0,0.0,0.0,0.0,0.0,609.2137706855792,5.58056727823764,5.111406619385359,,,,,,
2,0.4,294.6166666666667,169.74166666666667,280,168,28,5,167.61666666666667,,611.2583333333333,,611.2583333333333,,0.8508460236886634,0.9955347448425624,True,3,3,1,1,"fly (1,3)",0.2,-1.34381965552177,-3.0668439716311866,3.348340366942584,16.74170183471292,15.334219858156075,610.2671822776555,12.42620678421608,5.267057960381483,,,,,,
3,0.6,290.5103448275862,169.64827586206897,273,168,35,5,163.5103448275862,,611.351724137931,,611.351724137931,,0.8300017503938386,0.9956868471301807,True,3,3,1,1,"fly (1,3)",0.19999999999999996,-4.106321839080465,-0.09339080459770344,4.107383703587063,20.53691851793532,0.4669540229883752,611.3227218597908,12.916536591312058,5.277697910676693,,,,,,
4,0.8,290.21621621621625,169.6418918918919,273,168,35,5,163.21621621621625,,611.3581081081081,,611.3581081081081,,0.8285087117574429,0.9956972444757461,True,3,3,1,1,"fly (1,3)",0.20000000000000007,-0.29412861136995616,-0.006383970177068932,0.29419788425758675,1.4709894212879333,0.03191985088562886,611.3778144523834,7.8018929457487305,0.27546296296293354,,,,,,
5,1.0,289.94444444444446,169.57638888888889,273,168,35,5,162.94444444444446,,611.4236111111111,,611.4236111111111,,0.8271291596164694,0.9958039268910605,True,3,3,1,1,"fly (1,3)",0.19999999999999996,-0.271771771771796,-0.06550300300301615,0.2795541796045881,1.3977708980229409,0.3275150150147966,611.4010492635492,1.7512353069189668,0.11617405582929528,,,,,,
6,1.2,290.4214285714286,169.57857142857142,274,168,34,5,163.42142857142858,,611.4214285714286,,611.4214285714286,,0.829550398839739,0.9958003722661704,True,3,3,1,1,"fly (1,3)",0.19999999999999996,0.47698412698412085,0.002182539682536344,0.4769891202892051,2.384945601446026,-0.010912698412539614,611.4010492635492,1.9934507171018356,0.0,,,,,,
7,1.4,289.98648648648646,169.6418918918919,273,168,35,5,162.98648648648646,,611.3581081081081,,611.3581081081081,,0.8273425709973932,0.9956972444757461,True,3,3,1,1,"fly (1,3)",0.19999999999999996,-0.43494208494212216,0.0633204633204798,0.43952713036730784,2.19763565183654,-0.31660231660225696,611.3784137925078,2.198528822639799,-0.11317735520757805,,,,,,
8,1.6,289.5838926174497,169.64429530201343,272,168,36,5,162.5838926174497,,611.3557046979865,,611.3557046979865,,0.825298947296699,0.9956933301270139,True,3,3,1,1,"fly (1,3)",0.20000000000000018,-0.40259386903676386,0.002403410121530669,0.40260104292736654,2.0130052146368307,-0.012017050607937552,609.1863839297151,57.57821806897379,-5.534844551516472,,,,,,
10,2.0,222.489406779661,176.15466101694915,208,168,31,20,95.48940677966101,,604.8453389830509,,604.8453389830509,,0.4847178009119848,0.9850901286368906,True,3,3,1,1,"fly (1,3)",0.3999999999999999,-67.09448583778868,6.510365714935716,67.40960533617918,168.524013340448,-16.275914287339223,607.0154608880295,56.845672851694935,-5.429310445982387,,,,,,
11,2.2,222.489406779661,176.15466101694915,208,168,31,20,95.48940677966101,,604.8453389830509,,604.8453389830509,,0.4847178009119848,0.9850901286368906,True,3,3,1,1,"fly (1,3)",0.20000000000000018,0.0,0.0,0.0,0.0,0.0,604.8504791532575,56.27649536430067,-5.3996039114129735,,,,,,
12,2.4,222.54852320675104,176.13924050632912,208,168,31,20,95.54852320675104,,604.8607594936709,,604.8607594936709,,0.4850178842982286,0.9851152434750341,True,3,3,1,1,"fly (1,3)",0.19999999999999973,0.059116427090032175,-0.015420510620032246,0.06109455049080578,0.30547275245402933,0.07710255310030344,604.8504791532575,0.1527363762270146,0.012850425516717253,,,,,,
14,2.8,222.489406779661,176.15466101694915,208,168,31,20,95.48940677966101,,604.8453389830509,,604.8453389830509,,0.4847178009119848,0.9850901286368906,True,3,3,1,1,"fly (1,3)",0.3999999999999999,-0.059116427090032175,0.015420510620032246,0.06109455049080578,0.1527363762270145,-0.03855127655015168,604.8504791532575,0.1527363762270146,0.012850425516717253,,,,,,
15,3.0,222.489406779661,176.15466101694915,208,168,31,20,95.48940677966101,,604.8453389830509,,604.8453389830509,,0.4847178009119848,0.9850901286368906,True,3,3,1,1,"fly (1,3)",0.20000000000000018,0.0,0.0,0.0,0.0,0.0,606.9394458468565,32.37488826978274,5.222416733997668,,,,,,
17,3.4,184.2127659574468,169.87234042553192,179,168,11,5,57.212765957446805,,611.1276595744681,,611.1276595744681,,0.29042013176368936,0.9953219211310556,True,3,3,1,1,"fly (1,3)",0.3999999999999999,-38.276640822214205,-6.282320591417232,38.788771373248466,96.97192843312119,15.705801478543155,607.9864992787594,48.485964216560596,7.852900739271577,,,,,,
0,0.0,174.1699604743083,170.35770750988144,144,167,69,13,47.16996047430831,,610.6422924901185,,610.6422924901185,,0.23944142372745336,0.9945314209936783,True,4,4,1,1,"fly (1,4)",,,,,,,610.6615502854634,1.3626509106693525,0.09628897672399717,,,,,,
1,0.2,173.62626262626262,170.31919191919192,144,167,68,13,46.626262626262616,,610.6808080808081,,610.6808080808081,,0.2366815361739219,0.9945941499687428,True,4,4,1,1,"fly (1,4)",0.2,-0.5436978480456958,-0.0385155906895136,0.5450603642677411,2.725301821338705,0.19257795344799433,610.6744629184549,1.679113945527001,0.09665949053252613,,,,,,
2,0.4,173.164265129683,170.29971181556195,145,168,66,10,46.164265129683,,610.700288184438,,610.700288184438,,0.23433637121666498,0.994625876521886,True,4,4,1,1,"fly (1,4)",0.2,-0.4619974965796132,-0.019480103629973655,0.4624080030484596,2.3120400152422977,0.09740051814958406,610.7250118863952,4.224942863240671,0.2527448397014117,,,,,,
3,0.6,174.6888888888889,170.20606060606062,144,167,70,12,47.6888888888889,,610.7939393939394,,610.7939393939394,,0.2420755781161873,0.9947784029217254,True,4,4,1,1,"fly (1,4)",0.19999999999999996,1.5246237592058947,-0.09365120950133132,1.527497350628202,7.637486753141011,0.4682560475066567,610.7659571010246,3.3935005948289843,0.20472607314710942,,,,,,
4,0.8,174.6437246963563,170.19635627530366,144,167,69,11,47.64372469635629,,610.8036437246964,,610.8036437246964,,0.24184631825561567,0.9947942080206781,True,4,4,1,1,"fly (1,4)",0.20000000000000007,-0.04516419253261006,-0.009704330756960644,0.046195003220729,0.23097501610364493,0.048521653785087424,610.8056083670476,3.7154407524620736,0.19825633011540356,,,,,,
5,1.0,173.98833819241983,170.1807580174927,145,168,69,9,46.98833819241983,,610.8192419825073,,610.8192419825073,,0.23851948321025296,0.9948196123493603,True,4,4,1,1,"fly (1,4)",0.19999999999999996,-0.6553865039364553,-0.015598257810950145,0.6555720976283128,3.277860488141565,0.07799128905446652,610.8137793627187,2.236485824244243,0.040854978355090076,,,,,,
6,1.2,173.34821428571428,170.18154761904762,145,168,67,9,46.34821428571428,,610.8184523809524,,610.8184523809524,,0.23527012327773744,0.9948183263533427,True,4,4,1,1,"fly (1,4)",0.19999999999999996,-0.6401239067055542,0.0007896015549135882,0.6401243936975036,3.200621968487519,-0.003948007774283725,610.7824881594674,2.4272712216039727,-0.15645601625635666,,,,,,
7,1.4,173.22988505747128,170.29022988505747,145,168,67,10,46.22988505747128,,610.7097701149426,,610.7097701149426,,0.23466946729680851,0.9946413194054439,True,4,4,1,1,"fly (1,4)",0.19999999999999996,-0.11832922824299885,0.10868226600985054,0.16066624163656668,0.8033312081828335,-0.5434113300492528,610.7966947859189,2.0303634855979857,0.07103313225760126,,,,,,
8,1.6,173.61861861861863,170.13813813813815,145,168,68,9,46.618618618618626,,610.8618618618618,,610.8618618618618,,0.23664273410466308,0.9948890258336511,True,4,4,1,1,"fly (1,4)",0.20000000000000018,0.3887335611473475,-0.15209174691932503,0.4174274560247212,2.087137280123604,0.7604587345963403,610.8013283059937,1.7428353717380674,0.02316760037350199,,,,,,
9,1.8,174.08529411764707,170.16764705882352,145,168,68,9,47.08529411764707,,610.8323529411765,,610.8323529411765,,0.239011645267244,0.9948409657022419,True,4,4,1,1,"fly (1,4)",0.19999999999999996,0.4666754990284403,0.02950892068537314,0.46760752538155265,2.338037626907764,-0.14754460342658152,610.8132231161643,2.071297762096808,0.059474050853319915,,,,,,
10,2.0,174.43232323232323,170.25454545454545,144,167,70,13,47.43232323232323,,610.7454545454545,,610.7454545454545,,0.24077321437727528,0.9946994373704472,True,4,4,1,1,"fly (1,4)",0.19999999999999996,0.34702911467616104,0.08689839572193137,0.3577436758518108,1.7887183792590546,-0.43449197860979905,610.8131698714302,2.7060512289006518,-0.0002662236704511489,,,,,,
11,2.2,173.64255319148936,170.13829787234042,144,167,67,12,46.642553191489355,,610.8617021276596,,610.8617021276596,,0.23676422939842312,0.9948887656802273,True,4,4,1,1,"fly (1,4)",0.20000000000000018,-0.7897700408338721,-0.11624758220503395,0.7982795361070283,3.991397680535138,0.5812379110250271,610.7874195713101,3.1275030524725125,-0.12875150060021237,,,,,,
12,2.4,174.35510204081632,170.24489795918367,144,167,68,12,47.35510204081632,,610.7551020408164,,610.7551020408164,,0.24038122863358538,0.9947151499036098,True,4,4,1,1,"fly (1,4)",0.19999999999999973,0.7125488493269643,0.10660008684325817,0.7204786195246677,3.6023930976233434,-0.5330004342158652,610.7857489414705,2.722350047052327,-0.008353149198304669,,,,,,
13,2.6,174.4688128772636,170.25955734406438,144,167,70,12,47.46881287726359,,610.7404426559356,,610.7404426559356,,0.240958441001338,0.9946912746839341,True,4,4,1,1,"fly (1,4)",0.20000000000000018,0.1137108364472681,0.01465938488070151,0.11465187259970024,0.5732593629985007,-0.07329692440407591,609.9445649952564,24.804171310033734,-4.205919731070372,,,,,,
14,2.8,188.3092485549133,172.66184971098266,170,168,41,14,61.309248554913296,,608.3381502890173,,608.3381502890173,,0.31121445966961064,0.9907787463990511,True,4,4,1,1,"fly (1,4)",0.19999999999999973,13.840435677649708,2.4022923669182887,14.047372293895851,70.23686146947935,-12.011461834591175,609.8365952018345,46.46593736522174,-2.2840509433875007,,,,,,
16,3.2,160.95412844036696,170.56880733944953,145,168,37,8,33.95412844036696,,610.4311926605504,,610.4311926605504,,0.17235598193079674,0.9941876101963362,True,4,4,1,1,"fly (1,4)",0.40000000000000036,-27.355120114546338,-2.09304237153313,27.43507650527497,68.58769126318737,5.23260592883275,609.7014314686262,48.3163599701995,-2.4200206423190282,,,,,,
17,3.4,159.73300970873785,170.66504854368932,145,168,34,10,32.73300970873785,,610.3349514563107,,610.3349514563107,,0.16615740968902465,0.994030865564024,True,4,4,1,1,"fly (1,4)",0.19999999999999973,-1.2211187316291046,0.09624120423978866,1.224905435586355,6.124527177931783,-0.48120602119865974,610.5298911762085,48.06995522974288,2.398096561634586,,,,,,
18,3.6,173.62394957983193,170.1764705882353,144,167,68,11,46.62394957983193,,610.8235294117646,,610.8235294117646,,0.23666979482148187,0.9948265951331672,True,4,4,1,1,"fly (1,4)",0.20000000000000018,13.890939871094076,-0.4885779554540193,13.899529449621909,69.49764724810949,2.442889777269668,610.6198920290662,26.246115730493866,0.45000426428847035,,,,,,
19,3.8,174.23505976095618,170.29880478087648,144,167,69,12,47.235059760956176,,610.7011952191235,,610.7011952191235,,0.2397718769591684,0.9946273537770741,True,4,4,1,1,"fly (1,4)",0.19999999999999973,0.6111101811242463,0.12233419264117629,0.623234553088063,3.116172765440319,-0.611670963205598,610.6879193627125,38.19873521944547,0.3401366682305702,,,,,,
20,4.0,165.84014869888475,170.46096654275092,145,168,48,9,38.84014869888475,,610.539033457249,,610.539033457249,,0.19715811522276522,0.9943632466730441,True,4,4,1,1,"fly (1,4)",0.20000000000000018,-8.39491106207143,0.16216176187444376,8.396477128957327,41.9823856447866,-0.8108088093723602,610.6644135748552,22.18468445168431,-0.2958444317395483,,,,,,
22,4.4,174.41967871485943,170.24698795180723,144,167,70,12,47.41967871485943,,610.7530120481928,,610.7530120481928,,0.24070902900943872,0.9947117460068287,True,4,4,1,1,"fly (1,4)",0.40000000000000036,8.579530015974683,-0.21397859094369664,8.58219797793041,21.455494944826004,0.5349464773593122,610.6793157149286,22.48413839834011,-0.1038047920851185,,,,,,
23,4.6,173.6168032786885,170.25409836065575,144,167,68,12,46.61680327868851,,610.7459016393443,,610.7459016393443,,0.23663351918115993,0.9947001655363914,True,4,4,1,1,"fly (1,4)",0.1999999999999993,-0.8028754361709218,0.007110408848518546,0.8029069210815417,4.0145346054077224,-0.035552044242308636,610.7919134699583,9.87320094833246,0.38467328269537876,,,,,,
24,4.8,174.43632567849687,170.1231732776618,144,167,69,11,47.43632567849687,,610.8768267223381,,610.8768267223381,,0.24079353136292828,0.9949133985705833,True,4,4,1,1,"fly (1,4)",0.20000000000000018,0.8195223998083634,-0.13092508299394012,0.8299146589527318,4.149573294763655,0.6546254149691316,610.844067348631,2.809463484680471,0.2607693933629208,,,,,,
25,5.0,174.4778947368421,170.09052631578948,144,167,69,11,47.4778947368421,,610.9094736842105,,610.9094736842105,,0.24100454181138123,0.9949665695182582,True,4,4,1,1,"fly (1,4)",0.20000000000000018,0.041569058345231724,-0.03264696187233085,0.05285651077400686,0.2642825538700341,0.16323480936193832,610.8319288575188,2.2071762453955284,-0.06069245556072126,,,,,,
26,5.2,174.87154150197628,170.2905138339921,144,167,70,11,47.87154150197628,,610.7094861660079,,610.7094861660079,,0.24300274874099637,0.9946408569478956,True,4,4,1,1,"fly (1,4)",0.20000000000000018,0.3936467651341786,0.19998751820261873,0.4415345775105795,2.2076728875528957,-0.9999375910132349,610.7777485215014,1.6883560379535603,-0.2709016800872626,,,,,,
27,5.4,174.35294117647058,170.28571428571428,145,168,68,8,47.35294117647058,,610.7142857142858,,610.7142857142858,,0.24037025977903848,0.9946486738017684,True,4,4,1,1,"fly (1,4)",0.20000000000000018,-0.5186003255057017,-0.004799548277816257,0.5186225344875508,2.593112672437752,0.02399774138950759,610.7145906267646,1.9288312819481275,-0.31578947368416194,,,,,,
28,5.6,174.55,170.28,144,167,69,12,47.55000000000001,,610.72,,610.72,,0.24137055837563456,0.9946579804560262,True,4,4,1,1,"fly (1,4)",0.1999999999999993,0.1970588235294315,-0.005714285714276457,0.19714165717074617,0.9857082858537344,0.028571428571240277,610.7198327262917,2.0199453458330185,0.02621049763566476,,,,,,
29,5.8,174.05382436260624,170.27478753541075,145,168,68,9,47.053824362606235,,610.7252124645893,,610.7252124645893,,0.23885190031779815,0.9946664698120347,True,4,4,1,1,"fly (1,4)",0.20000000000000018,-0.496175637393776,-0.005212464589249066,0.49620301584151427,2.481015079207569,0.026062322946245307,610.7216829551357,1.5112432774247795,0.009251144220267734,,,,,,
30,6.0,173.840490797546,170.280163599182,144,167,67,12,46.84049079754601,,610.7198364008179,,610.7198364008179,,0.2377689888200305,0.9946577140078469,True,4,4,1,1,"fly (1,4)",0.20000000000000018,-0.21333356506022483,0.005376063771251438,0.2134012934426072,1.067006467213035,-0.026880318856683492,610.7304821866438,1.7351242781507843,0.04399615754077061,,,,,,
31,6.2,173.51008645533142,170.2536023054755,145,168,68,9,46.51008645533142,,610.7463976945245,,610.7463976945245,,0.23609180941792599,0.994700973443851,True,4,4,1,1,"fly (1,4)",0.20000000000000018,-0.33040434221459236,-0.02656129370649296,0.33147025760635,1.6573512880317487,0.1328064685327489,610.7570540755864,2.27228204703529,0.13285944471249447,,,,,,
32,6.4,174.3264887063655,170.19507186858317,144,167,69,12,47.326488706365495,,610.8049281314168,,610.8049281314168,,0.24023598328104312,0.994796299888301,True,4,4,1,1,"fly (1,4)",0.20000000000000018,0.8164022510340772,-0.058530436892340276,0.8184976771722181,4.0924883858610865,0.2926521844614169,610.7723699799981,2.137940399758891,0.07657952205837168,,,,,,
33,6.6,174.19959266802442,170.23421588594704,144,167,69,12,47.19959266802442,,610.765784114053,,610.765784114053,,0.2395918409544387,0.9947325474170243,True,4,4,1,1,"fly (1,4)",0.1999999999999993,-0.12689603834107288,0.03914401736386708,0.13279630507676696,0.6639815253838371,-0.19572008681905187,610.800430252622,1.918230102442025,0.1403013631202535,,,,,,
34,6.8,174.38842975206612,170.1694214876033,144,167,69,12,47.388429752066116,,610.8305785123966,,610.8305785123966,,0.24055040483282292,0.994838075753089,True,4,4,1,1,"fly (1,4)",0.20000000000000018,0.18883708404169397,-0.06479439834373579,0.19964407921623048,0.9982203960811515,0.32397199171839447,609.9912947467609,18.697065720852162,-4.045677529306503,,,,,,
35,7.0,184.9942363112392,172.62247838616716,167,168,43,14,57.994236311239206,,608.3775216138329,,608.3775216138329,,0.29438698635146804,0.9908428690779036,True,4,4,1,1,"fly (1,4)",0.20000000000000018,10.60580655917309,2.453056898563858,10.88579904821831,54.4289952410915,-12.265284492818854,610.0455571849337,37.52531929019077,0.27131219086413694,,,,,,
36,7.2,173.85281385281385,170.07142857142858,144,167,68,12,46.85281385281385,,610.9285714285714,,610.9285714285714,,0.23783154240007032,0.9949976733364356,True,4,4,1,1,"fly (1,4)",0.20000000000000018,-11.141422458425353,-2.551049814738576,11.429748446679943,57.148742233399666,12.75524907369287,610.0798087919126,37.305969941066856,0.1712580348945876,,,,,,
37,7.4,173.78494623655914,170.06666666666666,144,167,69,12,46.784946236559136,,610.9333333333334,,610.9333333333334,,0.23748703673380273,0.9950054288816504,True,4,4,1,1,"fly (1,4)",0.20000000000000018,-0.06786761625471627,-0.004761904761920732,0.0680344697418818,0.3401723487094087,0.02380952380974575,610.8669237195553,19.57884576102,3.935574638213662,,,,,,
38,7.6,173.9412955465587,170.26113360323887,144,167,69,13,46.941295546558706,,610.7388663967611,,610.7388663967611,,0.2382806880535975,0.9946887074865816,True,4,4,1,1,"fly (1,4)",0.1999999999999993,0.15634930999956964,0.19446693657221203,0.24952454019018303,1.2476227009509195,-0.972334682861632,610.8093606943452,2.4414385005658428,-0.2878151260504567,,,,,,
39,7.8,172.79411764705884,170.24411764705883,145,168,68,9,45.79411764705884,,610.7558823529412,,610.7558823529412,,0.23245744998507026,0.9947164207702625,True,4,4,1,1,"fly (1,4)",0.20000000000000018,-1.1471778994998658,-0.017015956180046032,1.147304090407441,5.7365204520372,0.08507978090051431,610.7501632923503,2.782528109367878,-0.2959870099745867,,,,,,
40,8.0,173.06680584551148,170.24425887265136,144,167,67,12,46.06680584551148,,610.7557411273486,,610.7557411273486,,0.23384165403812934,0.9947161907611541,True,4,4,1,1,"fly (1,4)",0.20000000000000018,0.2726881984526415,0.00014122559252882638,0.2726882350231032,1.3634411751155147,-0.0007061279626441313,610.7548949015933,3.5648429343414527,0.02365804621452657,,,,,,
41,8.2,173.78571428571428,170.24693877551022,144,167,69,12,46.78571428571428,,610.7530612244898,,610.7530612244898,,0.23749093546047856,0.9947118260985176,True,4,4,1,1,"fly (1,4)",0.1999999999999993,0.7189084402027959,0.0026799028588584406,0.718913435174326,3.594567175871643,-0.01339951429429225,610.753104533094,1.674271885781474,-0.008951842495623781,,,,,,
42,8.4,173.77300613496934,170.24948875255623,144,167,68,12,46.773006134969336,,610.7505112474438,,610.7505112474438,,0.23742642708106262,0.9947076730414394,True,4,4,1,1,"fly (1,4)",0.20000000000000107,-0.012708150744941804,0.0025499770460157833,0.012961461271452857,0.06480730635726394,-0.01274988522993674,610.7458302001961,2.800774609653491,-0.03637166448944098,,,,,,
43,8.6,172.82456140350877,170.26608187134502,145,168,68,10,45.82456140350877,,610.733918128655,,610.733918128655,,0.23261198681984147,0.9946806484180049,True,4,4,1,1,"fly (1,4)",0.1999999999999993,-0.9484447314605688,0.01659311878879066,0.94858986934631,4.742949346731566,-0.08296559394409571,610.7459978436283,3.3990155184579884,0.0008382171605114397,,,,,,
44,8.8,173.9022403258656,170.24643584521385,144,167,69,12,46.90224032586559,,610.7535641547861,,610.7535641547861,,0.2380824382023634,0.9947126452032347,True,4,4,1,1,"fly (1,4)",0.20000000000000107,1.0776789223568244,-0.019646026131169947,1.0778579804570327,5.389289902285135,0.09823013065556499,610.7296983955557,3.473632104553007,-0.08149724036324338,,,,,,
45,9.0,173.92741935483872,170.2983870967742,144,167,69,13,46.92741935483872,,610.7016129032259,,610.7016129032259,,0.23821025053217623,0.9946280340443417,True,4,4,1,1,"fly (1,4)",0.1999999999999993,0.025179028973127515,0.05195125156035374,0.057731412928463406,0.28865706464231805,-0.2597562578012012,610.7269289380365,2.0091159917023997,-0.01384728759565683,,,,,,
46,9.2,173.8617886178862,170.27439024390245,144,167,69,12,46.86178861788619,,610.7256097560976,,610.7256097560976,,0.23787709958317863,0.9946671168666085,True,4,4,1,1,"fly (1,4)",0.1999999999999993,-0.06563073695252797,-0.02399685287176112,0.06988020163594887,0.34940100817974556,0.11998426435866393,610.7026769133771,0.4394259036163053,-0.12126012329664031,,,,,,
47,9.4,173.73333333333335,170.31919191919192,144,167,69,13,46.73333333333335,,610.6808080808081,,610.6808080808081,,0.23722504230118452,0.9945941499687428,True,4,4,1,1,"fly (1,4)",0.20000000000000107,-0.12845528455284239,0.044801675289477316,0.13604392760537118,0.6802196380268523,-0.2240083764473854,610.7442296744488,0.7925219649202256,0.2077638053579772,,,,,,
48,9.6,173.5063559322034,170.17372881355934,144,167,67,12,46.506355932203405,,610.8262711864406,,610.8262711864406,,0.23607287275230154,0.9948310605642355,True,4,4,1,1,"fly (1,4)",0.1999999999999993,-0.22697740112994325,-0.14546310563258658,0.2695890497108149,1.3479452485540793,0.7273155281626512,610.7434740689099,1.091186092404594,-0.0037780276939705093,,,,,,
49,9.8,173.27953890489914,170.27665706051874,145,168,68,9,46.27953890489914,,610.7233429394812,,610.7233429394812,,0.234921517283752,0.9946634249828684,True,4,4,1,1,"fly (1,4)",0.20000000000000107,-0.22681702730426423,0.10292824695940794,0.2490786781265715,1.245393390632851,-0.514641234797179,610.7748070629609,1.296669319593465,0.10633714668273694,,,,,,
0,0.0,377.14495412844036,174.59082568807338,364,165,33,23,22.14495412844036,,604.4091743119266,,604.4091743119266,,0.11241093466213381,0.9827791452226449,True,5,1,2,2,"fly (2,1)",,,,,,,604.6895777751002,9.270510734840745,1.4020173158684202,,,,,,
1,0.2,380.81050656660415,174.03001876172607,366,165,34,22,25.810506566604147,,604.9699812382739,,604.9699812382739,,0.1310177998304779,0.9836910264036974,True,5,1,2,2,"fly (2,1)",0.2,3.665552438163786,-0.5608069263473112,3.708204293936298,18.54102146968149,2.8040346317368403,604.7804494556118,7.991218689784026,0.9216975078476253,,,,,,
2,0.4,379.7240075614367,174.03780718336483,365,165,35,22,24.72400756143668,,604.9621928166351,,604.9621928166351,,0.1255025764539933,0.9836783623034717,True,5,1,2,2,"fly (2,1)",0.2,-1.0864990051674681,0.007788421638764476,1.0865269199341179,5.432634599670589,-0.038942108193964486,604.9621822261611,9.468373855792656,0.908663852745993,,,,,,
3,0.6,380.6102661596958,174.04562737642584,366,165,34,22,25.61026615969581,,604.9543726235742,,604.9543726235742,,0.13000135106444574,0.983665646542397,True,5,1,2,2,"fly (2,1)",0.19999999999999996,0.8862585982591327,0.007820193061007785,0.8862930996051781,4.431465498025892,-0.039100965304896824,604.952430672549,3.4463649751594443,-0.04875776806007554,,,,,,
4,0.8,380.5162523900574,174.05927342256214,366,165,33,22,25.51625239005739,,604.9407265774379,,604.9407265774379,,0.12952412380739792,0.9836434578494925,True,5,1,2,2,"fly (2,1)",0.20000000000000007,-0.09401376963842267,0.013646046136301493,0.09499896555637052,0.4749948277818525,-0.06823023068136533,604.9459854479563,1.7497245015009275,-0.03222612296326587,,,,,,
5,1.0,380.5847619047619,174.05714285714285,366,165,34,22,25.584761904761876,,604.9428571428572,,604.9428571428572,,0.12987188784143083,0.9836469221835076,True,5,1,2,2,"fly (2,1)",0.19999999999999996,0.06850951470448763,-0.002130565419292907,0.06854263573900768,0.3427131786950385,0.010652827096464536,604.9485443520529,0.3721851142860512,0.012794520482088977,,,,,,
6,1.2,380.6413662239089,174.03795066413662,366,165,34,22,25.641366223908904,,604.9620493358634,,604.9620493358634,,0.1301592194107051,0.983678129001404,True,5,1,2,2,"fly (2,1)",0.19999999999999996,0.05660431914702713,-0.019192193006233538,0.05976946727625253,0.2988473363812627,0.09596096503116772,604.9588324626038,1.92276157057405,0.05144055275498736,,,,,,
7,1.4,381.6666666666667,174.0284090909091,367,165,34,22,26.666666666666686,,604.9715909090909,,604.9715909090909,,0.13536379018612532,0.9836936437546193,True,5,1,2,2,"fly (2,1)",0.19999999999999996,1.025300442757782,-0.009541573227522804,1.0253448393291695,5.126724196645849,0.047707866137329816,604.9639911927626,5.110365455137543,0.025793650793654435,,,,,,
8,1.6,379.68560606060606,174.04166666666666,365,165,35,22,24.685606060606062,,604.9583333333334,,604.9583333333334,,0.12530764497769575,0.9836720867208673,True,5,1,2,2,"fly (2,1)",0.20000000000000018,-1.9810606060606233,0.0132575757575637,1.981104966477105,9.905524832385517,-0.06628787878753423,604.9728678292357,5.130817270709373,0.04438318236604274,,,,,,
9,1.8,379.75094339622643,174.011320754717,365,165,34,22,24.750943396226432,,604.988679245283,,604.988679245283,,0.1256393065798296,0.983721429667127,True,5,1,2,2,"fly (2,1)",0.19999999999999996,0.06533733562037014,-0.030345911949666515,0.0720405566193502,0.3602027830967511,0.1517295597483326,604.9717257908746,3.6831952985076906,-0.005710191805595348,,,,,,
10,2.0,379.9063670411985,174.0318352059925,365,165,36,22,24.906367041198507,,604.9681647940075,,604.9681647940075,,0.1264282590923782,0.9836880728357846,True,5,1,2,2,"fly (2,1)",0.19999999999999996,0.15542364497207473,0.020514451275516876,0.15677165600816073,0.7838582800408038,-0.10257225637758441,604.9749429911258,0.5611433251751018,0.016086001255454594,,,,,,
11,2.2,379.7984934086629,174.03201506591336,365,165,36,22,24.79849340866292,,604.9679849340866,,604.9679849340866,,0.1258806772013346,0.9836877803806287,True,5,1,2,2,"fly (2,1)",0.20000000000000018,-0.10787363253558624,0.00017985992084845748,0.10787378247755021,0.5393689123877505,-0.0008992996043843952,604.9724391121268,2.0827795695618767,-0.012519394994683339,,,,,,
12,2.4,380.7834274952919,174.01883239171374,366,165,35,22,25.783427495291903,,604.9811676082862,,604.9811676082862,,0.13088034261569495,0.9837092156232297,True,5,1,2,2,"fly (2,1)",0.19999999999999973,0.9849340866289822,-0.013182674199612165,0.9850223032514139,4.925111516257076,0.0659133709979188,604.976773383553,1.8214934762149422,0.02167135713117813,,,,,,
13,2.6,380.7834274952919,174.01883239171374,366,165,35,22,25.783427495291903,,604.9811676082862,,604.9811676082862,,0.13088034261569495,0.9837092156232297,True,5,1,2,2,"fly (2,1)",0.20000000000000018,0.0,0.0,0.0,0.0,0.0,604.9741623397431,1.8622958447318034,-0.013055219050102118,,,,,,
14,2.8,380.6527514231499,174.03984819734345,366,165,34,22,25.65275142314988,,604.9601518026566,,604.9601518026566,,0.1302170123002532,0.9836750435815554,True,5,1,2,2,"fly (2,1)",0.19999999999999973,-0.13067607214202326,0.021015805629701845,0.13235520358766661,0.661776017938334,-0.10507902814822515,604.9665245601309,1.8872616731703016,-0.038188898060790705,,,,,,
15,3.0,379.6527514231499,174.04174573055028,365,165,34,22,24.65275142314988,,604.9582542694498,,604.9582542694498,,0.1251408701682735,0.9836719581617069,True,5,1,2,2,"fly (2,1)",0.20000000000000018,-1.0,0.0018975332068293937,1.000001800314515,5.000009001572571,-0.00948766603414696,604.9715628666623,4.130473638771534,0.02519153265798943,,,,,,
16,3.2,380.9981412639405,174.00371747211895,366,165,36,22,25.99814126394051,,604.996282527881,,604.996282527881,,0.13197026022304828,0.9837337927282618,True,5,1,2,2,"fly (2,1)",0.20000000000000018,1.3453898407906308,-0.03802825843132496,1.3459271793607404,6.729635896803696,0.1901412921563404,604.9791745216055,4.398779580074473,0.038058274715429656,,,,,,
17,3.4,380.70510396975425,174.0170132325142,366,165,34,22,25.705103969754248,,604.9829867674858,,604.9829867674858,,0.13048276126778807,0.983712173605668,True,5,1,2,2,"fly (2,1)",0.19999999999999973,-0.2930372941862629,0.013295760395237721,0.29333876836942974,1.4666938418471507,-0.06647880197590447,604.7981899472717,7.907675673389984,-0.9049228716694787,,,,,,
18,3.6,377.6520947176685,174.5846994535519,364,165,33,23,22.65209471766849,,604.4153005464481,,604.4153005464481,,0.11498525237395173,0.9827891065795904,True,5,1,2,2,"fly (2,1)",0.20000000000000018,-3.053009252085758,0.567686221037718,3.105339456303823,15.526697281519102,-2.8384311051888718,604.6079139531295,5.71681370558355,-0.9513799707106796,,,,,,
19,3.8,377.6818181818182,174.57454545454544,364,165,33,23,22.681818181818187,,604.4254545454546,,604.4254545454546,,0.11513613290263039,0.9828056171470807,True,5,1,2,2,"fly (2,1)",0.19999999999999973,0.029723464149697065,-0.0101539990064623,0.03140999867687937,0.15704999338439707,0.050769995032737894,604.4162811090656,6.168646332479249,-0.9581642203194928,,,,,,
20,4.0,377.11764705882354,174.59191176470588,364,165,33,23,22.117647058823536,,604.4080882352941,,604.4080882352941,,0.11227232009555095,0.9827773792443807,True,5,1,2,2,"fly (2,1)",0.20000000000000018,-0.5641711229946509,0.017366310160440435,0.5644383445068506,2.8221917225342503,-0.0868315508023442,604.4138770053477,0.9930805719728825,-0.012020518589868768,,,,,,
21,4.2,377.11764705882354,174.59191176470588,364,165,33,23,22.117647058823536,,604.4080882352941,,604.4080882352941,,0.11227232009555095,0.9827773792443807,True,5,1,2,2,"fly (2,1)",0.20000000000000018,0.0,0.0,0.0,0.0,0.0,604.4133432271991,1.0212320718440655,-0.002668890742446209,,,,,,
22,4.4,377.1633027522936,174.57614678899083,364,165,34,23,22.16330275229359,,604.4238532110091,,604.4238532110091,,0.11250407488473903,0.9828030133512344,True,5,1,2,2,"fly (2,1)",0.20000000000000018,0.04565569347005294,-0.01576497571505797,0.04830089859958924,0.241504492997946,0.07882487857500557,604.4185982191042,0.080501497665982,0.02627495952500186,,,,,,
23,4.6,377.1633027522936,174.57614678899083,364,165,34,23,22.16330275229359,,604.4238532110091,,604.4238532110091,,0.11250407488473903,0.9828030133512344,True,5,1,2,2,"fly (2,1)",0.1999999999999993,0.0,0.0,0.0,0.0,0.0,604.42455540088,0.16793763015502083,0.029785908879110413,,,,,,
24,4.8,377.21572212065814,174.57404021937842,364,165,34,23,22.215722120658143,,604.4259597806216,,604.4259597806216,,0.11277016304902611,0.9828064386676774,True,5,1,2,2,"fly (2,1)",0.20000000000000018,0.05241936836455352,-0.0021065696124082933,0.052461679493423355,0.26230839746711654,0.010532848062325675,604.6104314910374,3.3260296330766983,0.9293804507872959,,,,,,
25,5.0,379.0777777777778,174.01851851851853,364,165,36,22,24.077777777777783,,604.9814814814815,,604.9814814814815,,0.12222222222222225,0.9837097259861488,True,5,1,2,2,"fly (2,1)",0.20000000000000018,1.8620556571196403,-0.5555217008598845,1.9431561003525974,9.715780501762978,2.777608504299562,604.6123524499515,6.533684723205124,0.00960479457035035,,,,,,
26,5.2,377.23400365630715,174.57038391224862,364,165,34,23,22.234003656307152,,604.4296160877514,,604.4296160877514,,0.11286296272237133,0.9828123838825226,True,5,1,2,2,"fly (2,1)",0.20000000000000018,-1.8437741214706307,0.5518653937300826,1.9245930540770573,9.622965270385277,-2.7593269686508366,604.7897839462275,8.969641122535188,0.8871574813802371,,,,,,
27,5.4,378.6527514231499,174.04174573055028,364,165,34,22,23.65275142314988,,604.9582542694498,,604.9582542694498,,0.12006472803629381,0.9836719581617069,True,5,1,2,2,"fly (2,1)",0.20000000000000018,1.4187477668427277,-0.5286381816983408,1.5140355190914627,7.570177595457307,2.643190908491986,604.7897028770408,6.092941548133537,-0.0004053459338135233,,,,,,
28,5.6,378.8686679174484,174.0187617260788,364,165,36,22,23.86866791744842,,604.9812382739212,,604.9812382739212,,0.12116075084999198,0.9837093305267012,True,5,1,2,2,"fly (2,1)",0.1999999999999993,0.21591649429853987,-0.022984004471481967,0.21713635571160464,1.085681778558027,0.11492002235741024,604.7881336560931,5.834853728631778,-0.007846104738291318,,,,,,
29,5.8,377.1886446886447,174.57509157509156,364,165,34,23,22.188644688644672,,604.4249084249084,,604.4249084249084,,0.11263271415555672,0.9828047291461924,True,5,1,2,2,"fly (2,1)",0.20000000000000018,-1.6800232288037478,0.5563298490127693,1.7697403623760013,8.848701811879998,-2.78164924506427,604.7830012805622,9.03710599796641,-0.025661877654290954,,,,,,
30,6.0,380.5847619047619,174.05714285714285,366,165,34,22,25.584761904761876,,604.9428571428572,,604.9428571428572,,0.12987188784143083,0.9836469221835076,True,5,1,2,2,"fly (2,1)",0.20000000000000018,3.3961172161172044,-0.5179487179487126,3.435386880692244,17.176934403461203,2.589743589743987,604.7708424908425,10.341881761875918,-0.06079394859890861,,,,,,
31,6.2,379.5847619047619,174.0552380952381,365,165,34,22,24.584761904761876,,604.9447619047619,,604.9447619047619,,0.12479574570945115,0.9836500193573364,True,5,1,2,2,"fly (2,1)",0.20000000000000018,-1.0,-0.0019047619047398712,1.0000018140573115,5.000009070286553,0.009523809523557239,604.9594068504595,7.7756522875138,0.9428217980850673,,,,,,
32,6.4,379.8101503759398,174.0093984962406,365,165,35,22,24.810150375939827,,604.9906015037594,,604.9906015037594,,0.12593984962406005,0.9837245552906657,True,5,1,2,2,"fly (2,1)",0.20000000000000018,0.22538847117795058,-0.04583959899750312,0.23000267775872904,1.1500133887936441,0.2291979949876575,604.7854720133668,5.659789904900763,-0.8696741854637021,,,,,,
33,6.6,377.7205081669691,174.57894736842104,364,165,34,23,22.720508166969125,,604.421052631579,,604.421052631579,,0.11533252876634074,0.9827984595635431,True,5,1,2,2,"fly (2,1)",0.1999999999999993,-2.0896422089707016,0.5695488721804338,2.165869451124411,10.829347255622093,-2.8477443609023214,604.7880418727426,7.270982198867254,0.01284929687964187,,,,,,
34,6.8,379.61406844106466,174.04752851711027,365,165,34,22,24.61406844106466,,604.9524714828897,,604.9524714828897,,0.1249445098531201,0.9836625552567312,True,5,1,2,2,"fly (2,1)",0.20000000000000018,1.8935602740955346,-0.5314188513107752,1.9667171904372067,9.833585952186025,2.6570942565535893,604.7848972409183,7.173932703589661,-0.015723159121993863,,,,,,
35,7.0,379.7834274952919,174.01883239171374,365,165,35,22,24.783427495291903,,604.9811676082862,,604.9811676082862,,0.12580420048371524,0.9837092156232297,True,5,1,2,2,"fly (2,1)",0.20000000000000018,0.16935905422724318,-0.028696125396521666,0.17177298059217344,0.8588649029608665,0.1434806269827503,604.7802124165183,8.150669282916361,-0.023424121999369014,,,,,,
36,7.2,377.09208103130754,174.59300184162063,364,165,33,23,22.092081031307544,,604.4069981583793,,604.4069981583793,,0.11214254330612966,0.9827756067615924,True,5,1,2,2,"fly (2,1)",0.20000000000000018,-2.6913464639843596,0.5741694499068899,2.7519113987204413,13.759556993602194,-2.870847249534447,604.7891239386049,9.343354225803864,0.044557610432699825,,,,,,
37,7.4,379.7126654064272,174.02079395085067,365,165,34,22,24.71266540642722,,604.9792060491493,,604.9792060491493,,0.12544500206308234,0.9837060260961777,True,5,1,2,2,"fly (2,1)",0.20000000000000018,2.6205843751196767,-0.5722078907699597,2.682328156169709,13.411640780848535,2.861039453849796,604.7750062463591,10.398068363867134,-0.07058846122902215,,,,,,
38,7.6,380.5162523900574,174.06118546845124,366,165,33,22,25.51625239005739,,604.9388145315488,,604.9388145315488,,0.12952412380739792,0.9836403488317866,True,5,1,2,2,"fly (2,1)",0.1999999999999993,0.8035869836301686,0.04039151760056825,0.8046014634301318,4.0230073171506735,-0.20195758800241564,604.9562904141079,6.130084884991027,0.9064208387439966,,,,,,
39,7.8,380.7069943289225,174.0491493383743,366,165,34,22,25.70699432892252,,604.9508506616257,,604.9508506616257,,0.1304923569996067,0.9836599197750012,True,5,1,2,2,"fly (2,1)",0.20000000000000018,0.19074193886513058,-0.012036130076950258,0.1911213113947748,0.9556065569738732,0.060180650384609125,604.9463044378252,1.8314854482087755,-0.04992988141414891,,,,,,
40,8.0,380.8101503759398,174.05075187969925,366,165,35,22,25.810150375939827,,604.9492481203008,,604.9492481203008,,0.13101599175603973,0.9836573140167493,True,5,1,2,2,"fly (2,1)",0.20000000000000018,0.10315604701730763,0.001602541324956519,0.10316849410035593,0.5158424705017792,-0.00801270662464048,604.774160484469,5.560555428077509,-0.8607197667811336,,,,,,
41,8.2,377.8140794223827,174.57761732851986,364,165,34,23,22.81407942238269,,604.4223826714801,,604.4223826714801,,0.11580750975828777,0.982800622230049,True,5,1,2,2,"fly (2,1)",0.1999999999999993,-2.996070953557137,0.5268654488206153,3.0420434513513643,15.210217256756875,-2.63432724410337,604.6124449209668,5.318127674673906,-0.8085778175109262,,,,,,
42,8.4,377.7996389891697,174.53429602888087,364,165,33,23,22.799638989169694,,604.4657039711192,,604.4657039711192,,0.11573420806685124,0.9828710633676735,True,5,1,2,2,"fly (2,1)",0.20000000000000107,-0.014440433212996595,-0.043321299638989785,0.04566465935261262,0.2283232967630619,0.21660649819523198,604.6249596984765,8.494094036244663,0.0625738875489404,,,,,,
43,8.6,379.7396226415094,174.0132075471698,365,165,34,22,24.739622641509413,,604.9867924528302,,604.9867924528302,,0.12558184081984475,0.983718361711919,True,5,1,2,2,"fly (2,1)",0.1999999999999993,1.9399836523397198,-0.5210884817110752,2.008748311042803,10.04374155521405,2.6054424085549592,604.6363917081035,6.7787711406857225,0.05716004813470269,,,,,,
44,8.8,377.79783393501805,174.543321299639,364,165,33,23,22.797833935018048,,604.456678700361,,604.456678700361,,0.11572504535542157,0.9828563881306682,True,5,1,2,2,"fly (2,1)",0.20000000000000107,-1.9417887064913657,0.530113752469191,2.012849714016021,10.064248570080052,-2.650568762346083,604.8088193068924,10.000254738049053,0.8621379939444406,,,,,,
45,9.0,379.70510396975425,174.0170132325142,365,165,34,22,24.705103969754248,,604.9829867674858,,604.9829867674858,,0.12540661913580836,0.983712173605668,True,5,1,2,2,"fly (2,1)",0.1999999999999993,1.9072700347362002,-0.5263080671248019,1.9785548177706047,9.89277408885306,2.6315403356244453,604.6284392139199,10.054970473274784,-0.9019004648619434,,,,,,
46,9.2,377.7355072463768,174.55434782608697,364,165,33,23,22.735507246376812,,604.445652173913,,604.445652173913,,0.11540866622526301,0.9828384588193707,True,5,1,2,2,"fly (2,1)",0.1999999999999993,-1.9695967233774354,0.5373345935727798,2.04157775217824,10.207888760891235,-2.6866729678641925,604.6183698432114,7.7121107161899465,-0.0503468535426538,,,,,,
47,9.4,377.12867647058823,174.5735294117647,364,165,33,23,22.128676470588232,,604.4264705882354,,604.4264705882354,,0.11232830695730067,0.9828072692491632,True,5,1,2,2,"fly (2,1)",0.20000000000000107,-0.6068307757885805,0.019181585677728208,0.6071338597651118,3.035669298825543,-0.0959079283882142,604.6049933016685,10.238602877255945,-0.0668827077144365,,,,,,
48,9.6,380.5847619047619,174.05714285714285,366,165,34,22,25.584761904761876,,604.9428571428572,,604.9428571428572,,0.12987188784143083,0.9836469221835076,True,5,1,2,2,"fly (2,1)",0.1999999999999993,3.4560854341736444,-0.516386554621846,3.4944501144101987,17.472250572051056,2.5819327731090973,604.7822287405529,7.097333889565061,0.8861771944217889,,,,,,
49,9.8,380.7377358490566,174.02264150943395,366,165,35,22,25.737735849056605,,604.9773584905661,,604.9773584905661,,0.13064840532516042,0.9837030219358798,True,5,1,2,2,"fly (2,1)",0.20000000000000107,0.15297394429472888,-0.0345013477088969,0.15681635956371714,0.7840817978185816,0.1725067385444836,604.9601078167116,9.12816618493482,1.3772197558267905,,,,,,
0,0.0,470.7477064220184,174.11926605504587,448,165,48,18,115.74770642201838,,604.8807339449542,,604.8807339449542,,0.5875518092488242,0.983545908853584,True,6,2,2,2,"fly (2,2)",,,,,,,604.9061984075568,0.1282866102511055,0.12732231301328056,,,,,,
1,0.2,470.753986332574,174.06833712984056,447,165,50,17,115.75398633257402,,604.9316628701595,,604.9316628701595,,0.5875836869673808,0.9836287201140804,True,6,2,2,2,"fly (2,2)",0.2,0.006279910555633705,-0.050928925205312225,0.051314644100442196,0.256573220502211,0.2546446260265611,604.8950413626136,0.27170342793063146,-0.013344453711473156,,,,,,
2,0.4,470.6590909090909,174.12727272727273,447,165,49,17,115.65909090909088,,604.8727272727273,,604.8727272727273,,0.587101984310106,0.9835328898743533,True,6,2,2,2,"fly (2,2)",0.2,-0.09489542348313762,0.0589355974321677,0.1117074126579367,0.5585370632896834,-0.2946779871609806,604.8963055672594,0.5480531297647558,0.006321023228868706,,,,,,
3,0.6,470.824480369515,174.11547344110855,448,165,49,17,115.82448036951502,,604.8845265588915,,604.8845265588915,,0.5879415247183504,0.9835520757055146,True,6,2,2,2,"fly (2,2)",0.19999999999999996,0.16538946042413727,-0.011799286164176692,0.16580982110047462,0.8290491055023733,0.05899643082102558,604.8751630419122,1.1626795506895948,-0.10571262673636284,,,,,,
4,0.8,470.4047058823529,174.13176470588235,448,165,47,17,115.40470588235291,,604.8682352941177,,604.8682352941177,,0.5858106897581367,0.9835255858440938,True,6,2,2,2,"fly (2,2)",0.20000000000000007,-0.4197744871621012,0.016291264773798275,0.42009049665534576,2.100452483276728,-0.08145632386913346,604.8651616192346,1.1477654291621997,-0.05000711338747502,,,,,,
5,1.0,470.30516431924883,174.15727699530515,447,165,48,17,115.30516431924883,,604.8427230046948,,604.8427230046948,,0.5853054026357809,0.9834841024466582,True,6,2,2,2,"fly (2,2)",0.19999999999999996,-0.0995415631040828,0.02551228942280659,0.1027589397414996,0.5137946987074982,-0.1275614471143172,604.8308558314048,1.0530578560137747,-0.17152893914859155,,,,,,
6,1.2,470.39540229885057,174.2183908045977,448,165,47,18,115.39540229885057,,604.7816091954023,,604.7816091954023,,0.585763463445942,0.9833847303990282,True,6,2,2,2,"fly (2,2)",0.19999999999999996,0.09023797960173852,0.06111380929255006,0.1089852772114195,0.5449263860570976,-0.305569046462324,604.8273767884116,0.643562490723172,-0.017395214966692645,,,,,,
7,1.4,470.23853211009174,174.1422018348624,448,165,47,18,115.23853211009174,,604.8577981651376,,604.8577981651376,,0.5849671680715317,0.9835086149026628,True,6,2,2,2,"fly (2,2)",0.19999999999999996,-0.1568701887588304,-0.07618896973531264,0.17439327748098396,0.8719663874049199,0.3809448486765633,604.827004975184,1.0399176246070176,-0.0018590661382707253,,,,,,
8,1.6,469.8983451536643,174.15839243498817,448,165,45,17,114.89834515366431,,604.8416075650118,,604.8416075650118,,0.5832403307292604,0.9834822887235964,True,6,2,2,2,"fly (2,2)",0.20000000000000018,-0.3401869564274307,0.016190600125781884,0.3405720200718074,1.7028601003590356,-0.08095300062905146,604.8258954243787,2.230859229659354,-0.005547754026527667,,,,,,
9,1.8,470.71945701357464,174.22171945701356,447,165,50,18,115.71945701357464,,604.7782805429864,,604.7782805429864,,0.5874084112364195,0.9833793179560755,True,6,2,2,2,"fly (2,2)",0.19999999999999996,0.8211118599103315,0.06332702202539053,0.823550240242821,4.117751201214106,-0.31663511012709483,604.840269922328,2.146245460370967,0.07187248974749616,,,,,,
10,2.0,470.7350230414746,174.09907834101384,448,165,48,17,115.73502304147462,,604.9009216589861,,604.9009216589861,,0.5874874266064701,0.9835787344048555,True,6,2,2,2,"fly (2,2)",0.19999999999999996,0.015566027899978963,-0.12264111599972694,0.12362501590795207,0.6181250795397605,0.6132055799986348,604.8362317631767,1.7125944249402991,-0.02019079575707855,,,,,,
11,2.2,470.6981566820276,174.1705069124424,448,165,48,18,115.69815668202762,,604.8294930875576,,604.8294930875576,,0.5873002877260285,0.9834625903862725,True,6,2,2,2,"fly (2,2)",0.20000000000000018,-0.03686635944700356,0.07142857142855519,0.08038139881340632,0.40190699406703123,-0.3571428571427756,604.8512235201657,1.236223592897117,0.07495878494504887,,,,,,
12,2.4,470.16046511627906,174.1767441860465,447,165,48,17,115.16046511627906,,604.8232558139534,,604.8232558139534,,0.5845708889151221,0.9834524484779731,True,6,2,2,2,"fly (2,2)",0.19999999999999973,-0.5376915657485597,0.00623727360411408,0.5377277410169111,2.6886387050845593,-0.03118636802071255,604.8247817152142,1.0680056273819043,-0.13220902475779886,,,,,,
13,2.6,470.1830985915493,174.17840375586854,447,165,48,17,115.18309859154931,,604.8215962441315,,604.8215962441315,,0.5846857796525345,0.9834497499904576,True,6,2,2,2,"fly (2,2)",0.20000000000000018,0.022633475270254166,0.0016595698220385202,0.022694236598824552,0.11347118299412266,-0.008297849109908377,604.8428576627725,1.0408153446153288,0.09037973779167423,,,,,,
14,2.8,470.16744186046515,174.11627906976744,447,165,48,17,115.16744186046515,,604.8837209302326,,604.8837209302326,,0.5846063038602292,0.9835507657402156,True,6,2,2,2,"fly (2,2)",0.19999999999999973,-0.015656731084163766,-0.062124686101100224,0.06406722915346078,0.3203361457673043,0.3106234305056436,604.8473823370646,0.25165738395349296,0.02262337146059225,,,,,,
15,3.0,470.12354312354313,174.16317016317015,447,165,48,17,115.12354312354313,,604.8368298368298,,604.8368298368298,,0.5843834676321986,0.9834745200598859,True,6,2,2,2,"fly (2,2)",0.20000000000000018,-0.04389873692201718,0.046891093402706474,0.06423296461981041,0.3211648230990518,-0.23445546701395847,604.8473823370647,0.3162884717487371,2.1741867565575981e-16,,,,,,
16,3.2,470.1830985915493,174.17840375586854,447,165,48,17,115.18309859154931,,604.8215962441315,,604.8215962441315,,0.5846857796525345,0.9834497499904576,True,6,2,2,2,"fly (2,2)",0.20000000000000018,0.059555468006180945,0.01523359269839375,0.06147288927597106,0.30736444637985505,-0.07616796349168446,604.8459905118356,0.8473066483968075,-0.006959126145223389,,,,,,
17,3.4,470.56136363636364,174.12045454545455,448,165,48,17,115.56136363636364,,604.8795454545455,,604.8795454545455,,0.5866059067835717,0.9835439763488544,True,6,2,2,2,"fly (2,2)",0.19999999999999973,0.3782650448143272,-0.05794921041399448,0.3826781351423026,1.9133906757115156,0.2897460520699728,604.8723431830481,1.0777549124339263,0.131763356062417,,,,,,
18,3.6,470.3621495327103,174.0841121495327,448,165,47,17,115.3621495327103,,604.9158878504672,,604.9158878504672,,0.5855946676787325,0.9836030696755564,True,6,2,2,2,"fly (2,2)",0.20000000000000018,-0.19921410365333259,-0.0363423959218494,0.20250192304208173,1.0125096152104078,0.18171197960896263,604.8788516001133,1.2264607744910754,0.03254208532609928,,,,,,
19,3.8,470.49299065420564,174.15887850467288,448,165,48,17,115.49299065420564,,604.8411214953271,,604.8411214953271,,0.5862588358081504,0.9834814983663855,True,6,2,2,2,"fly (2,2)",0.19999999999999973,0.13084112149533667,0.07476635514018426,0.15069640651026026,0.7534820325513023,-0.3738317757006376,604.8887000849618,1.31047959909444,0.049242424242379144,,,,,,
20,4.0,470.06526806526807,174.0909090909091,447,165,47,17,115.06526806526807,,604.9090909090909,,604.9090909090909,,0.584087655153645,0.9835920177383591,True,6,2,2,2,"fly (2,2)",0.20000000000000018,-0.42772258893757,-0.06796941376379095,0.4330894299043223,2.1654471495216097,0.3398470688188124,604.875735190235,1.864284550581304,-0.06482447363377278,,,,,,
21,4.2,470.5990888382688,174.123006833713,447,165,50,17,115.59908883826881,,604.876993166287,,604.876993166287,,0.5867974052704,0.9835398262866455,True,6,2,2,2,"fly (2,2)",0.20000000000000018,0.5338207730007412,0.032097742803898655,0.5347848939342005,2.673924469671,-0.16048871401949313,604.8951325255074,1.9917742353696362,0.09698667636181797,,,,,,
22,4.4,470.37299771167045,174.10068649885582,447,165,49,17,115.37299771167045,,604.8993135011442,,604.8993135011442,,0.5856497345770073,0.9835761195140557,True,6,2,2,2,"fly (2,2)",0.20000000000000018,-0.22609112659836228,-0.02232033485717011,0.2271902173832599,1.1359510869162985,0.11160167428613467,604.9065391083425,1.3461680124434157,0.05703291417584475,,,,,,
23,4.6,470.3605442176871,174.05668934240362,447,165,49,17,115.3605442176871,,604.9433106575964,,604.9433106575964,,0.5855865188715081,0.9836476596058478,True,6,2,2,2,"fly (2,2)",0.1999999999999993,-0.012453493983343833,-0.04399715645220681,0.04572569614858963,0.22862848074294898,0.21998578226089271,604.896898907033,1.0471964234373259,-0.048201006547780034,,,,,,
24,4.8,470.702947845805,174.15192743764172,448,165,49,18,115.702947845805,,604.8480725623583,,604.8480725623583,,0.5873246083543401,0.9834928009144037,True,6,2,2,2,"fly (2,2)",0.20000000000000018,0.3424036281178928,0.095238095238102,0.3554019405305464,1.7770097026527305,-0.4761904761903675,604.8706125884697,0.7748505823444763,-0.13143159281601843,,,,,,
25,5.0,470.6454545454545,174.17954545454546,447,165,49,18,115.64545454545453,,604.8204545454546,,604.8204545454546,,0.5870327641901245,0.9834478935698449,True,6,2,2,2,"fly (2,2)",0.20000000000000018,-0.05749330035047251,0.027618016903744547,0.06378271272754994,0.3189135636377494,-0.1380900845185805,604.8266302480589,0.7796166884848458,-0.21991170205448404,,,,,,
26,5.2,470.6931818181818,174.18863636363636,447,165,50,18,115.69318181818181,,604.8113636363637,,604.8113636363637,,0.5872750346100599,0.9834331116038434,True,6,2,2,2,"fly (2,2)",0.20000000000000018,0.04772727272728616,0.009090909090900823,0.04858535983281154,0.24292679916405746,-0.04545454545450407,604.8531944729463,0.45510855060776384,0.13282112443675928,,,,,,
27,5.4,470.5823927765237,174.0722347629797,447,165,49,18,115.5823927765237,,604.9277652370204,,604.9277652370204,,0.5867126536879376,0.9836223824992201,True,6,2,2,2,"fly (2,2)",0.20000000000000018,-0.11078904165810854,-0.1164016006566726,0.16069705780429708,0.8034852890214846,0.5820080032833624,604.8671999119516,0.5317291322069119,0.07002719502717449,,,,,,
28,5.6,470.4941724941725,174.13752913752913,448,165,47,17,115.49417249417252,,604.8624708624709,,604.8624708624709,,0.5862648349957996,0.9835162127845055,True,6,2,2,2,"fly (2,2)",0.1999999999999993,-0.0882202823511875,0.06529437454943832,0.1097550616870383,0.5487753084351935,-0.32647187274733486,604.9195444635626,0.7287589927190775,0.26172275805455003,,,,,,
29,5.8,470.62302483069976,174.0316027088036,447,165,50,17,115.62302483069976,,604.9683972911964,,604.9683972911964,,0.5869189077700495,0.9836884508799942,True,6,2,2,2,"fly (2,2)",0.20000000000000018,0.12885233652724537,-0.1059264287255246,0.16680327614011103,0.8340163807005544,0.5296321436276226,604.8929314736495,0.7082604076063341,-0.1330649495654753,,,,,,
30,6.0,470.7096774193548,174.1520737327189,447,165,50,17,115.70967741935482,,604.8479262672811,,604.8479262672811,,0.5873587686261665,0.9834925630362295,True,6,2,2,2,"fly (2,2)",0.20000000000000018,0.0866525886550562,0.12047102391528597,0.14839790673665104,0.7419895336832546,-0.6023551195767135,604.8847410339522,1.023479880368498,-0.04095219848655533,,,,,,
31,6.2,470.4109589041096,174.162100456621,447,165,48,18,115.41095890410958,,604.837899543379,,604.837899543379,,0.5858424309853278,0.9834762594201284,True,6,2,2,2,"fly (2,2)",0.20000000000000018,-0.2987185152452412,0.010026723902115009,0.2988867453443371,1.4944337267216843,-0.050133619510575,604.838176504788,0.8108224127241525,-0.2328226458212155,,,,,,
32,6.4,470.4490740740741,174.1712962962963,447,165,48,17,115.44907407407408,,604.8287037037037,,604.8287037037037,,0.5860359090054522,0.9834613068352905,True,6,2,2,2,"fly (2,2)",0.20000000000000018,0.03811516996449882,0.009195839675300022,0.03920879555350374,0.19604397776751853,-0.04597919837635796,604.83711736851,0.874028028772685,-0.005295681389346292,,,,,,
33,6.6,470.634703196347,174.15525114155253,447,165,50,17,115.634703196347,,604.8447488584475,,604.8447488584475,,0.5869781888139441,0.9834873965178008,True,6,2,2,2,"fly (2,2)",0.1999999999999993,0.18562912227292827,-0.016045154743778767,0.18632127636576978,0.9316063818288522,0.08022577371889413,604.8456261626924,0.4548410828602625,0.04254397091150023,,,,,,
34,6.8,470.67824074074076,174.13657407407408,447,165,49,17,115.67824074074076,,604.8634259259259,,604.8634259259259,,0.5871991915773642,0.9835177657332128,True,6,2,2,2,"fly (2,2)",0.20000000000000018,0.043537544393757344,-0.01867706747844977,0.0473745777968834,0.2368728889844168,0.09338533739196456,604.859911472467,0.44363718207797626,0.07142654887312956,,,,,,
35,7.0,470.6467889908257,174.12844036697248,447,165,49,17,115.64678899082571,,604.8715596330276,,604.8715596330276,,0.587039538024496,0.9835309912732155,True,6,2,2,2,"fly (2,2)",0.20000000000000018,-0.03145174991504973,-0.008133707101592336,0.03248645508413198,0.16243227542065974,0.04066853550853008,604.8720880325887,0.30621122660424893,0.06088280060888937,,,,,,
36,7.2,470.5433789954338,174.11872146118722,447,165,49,17,115.54337899543378,,604.8812785388128,,604.8812785388128,,0.5865146141900192,0.9835467943720534,True,6,2,2,2,"fly (2,2)",0.20000000000000018,-0.10340999539192808,-0.009718905785263132,0.10386570308153413,0.5193285154076702,0.04859452892617351,604.8888901237956,0.47281550178382803,0.08401045603439639,,,,,,
37,7.4,470.687074829932,174.08616780045352,447,165,50,17,115.68707482993199,,604.9138321995465,,604.9138321995465,,0.5872440346697055,0.9835997271537341,True,6,2,2,2,"fly (2,2)",0.20000000000000018,0.1436958344982031,-0.03255366073369714,0.14733714290463093,0.736685714523154,0.16276830366848558,604.9324476270721,0.652507864099246,0.21778751638256275,,,,,,
38,7.6,470.578125,173.99776785714286,447,165,49,17,115.578125,,605.0022321428571,,605.0022321428571,,0.5866909898477157,0.9837434668989546,True,6,2,2,2,"fly (2,2)",0.1999999999999993,-0.1089498299319871,-0.08839994331066237,0.1403018724733823,0.701509362366914,0.44199971655302916,604.9370138371178,0.6973758650967813,0.022831050228168337,,,,,,
39,7.8,470.65296803652967,174.10502283105023,447,165,49,17,115.65296803652967,,604.8949771689497,,604.8949771689497,,0.5870709037387293,0.9835690685673979,True,6,2,2,2,"fly (2,2)",0.20000000000000018,0.07484303652967128,0.1072549739073736,0.13078650368005523,0.6539325184002756,-0.5362748695370096,604.9457807831669,1.7050418386041948,0.04383473024593876,,,,,,
40,8.0,471.40354767184033,174.059866962306,447,165,52,17,116.40354767184033,,604.9401330376941,,604.9401330376941,,0.5908809526489357,0.983642492744218,True,6,2,2,2,"fly (2,2)",0.20000000000000018,0.7505796353106575,-0.04515586874424571,0.7519367270090797,3.759683635045395,0.22577934372179678,604.9367222986621,2.613900135691994,-0.04529242252450152,,,,,,
41,8.2,470.718820861678,174.0249433106576,447,165,49,17,115.71882086167801,,604.9750566893424,,604.9750566893424,,0.5874051820389746,0.9836992791696625,True,6,2,2,2,"fly (2,2)",0.1999999999999993,-0.6847268101623172,-0.03492365164839839,0.6856168507260602,3.428084253630313,0.17461825824170835,604.9105204694841,2.797371684102984,-0.13100914588960524,,,,,,
42,8.4,470.53761061946904,174.18362831858406,447,165,49,18,115.53761061946904,,604.816371681416,,604.816371681416,,0.5864853330937514,0.98344125476653,True,6,2,2,2,"fly (2,2)",0.20000000000000107,-0.18121024220897652,0.158685007926465,0.24086943272665007,1.204347163633244,-0.7934250396323208,604.9040444055245,2.138872690952926,-0.03238031979852248,,,,,,
43,8.6,470.8788546255507,174.07929515418502,447,165,50,18,115.87885462555067,,604.920704845815,,604.920704845815,,0.588217536170308,0.983610902188317,True,6,2,2,2,"fly (2,2)",0.1999999999999993,0.34124400608163796,-0.10433316439903706,0.3568373311190429,1.784186655595221,0.5216658219950451,604.8465890367302,2.090123535892707,-0.28727684397115805,,,,,,
44,8.8,470.23318385650225,174.19730941704034,447,165,48,18,115.23318385650225,,604.8026905829597,,604.8026905829597,,0.5849400195761536,0.9834190090779833,True,6,2,2,2,"fly (2,2)",0.20000000000000107,-0.6456707690484222,0.11801426285532557,0.6563673576899348,3.2818367884496564,-0.5900713142761984,604.8777684462281,2.2846629293569793,0.15589704748985622,,,,,,
45,9.0,470.5743243243243,174.0900900900901,447,165,49,18,115.57432432432432,,604.9099099099099,,604.9099099099099,,0.5866716970777884,0.9835933494470079,True,6,2,2,2,"fly (2,2)",0.1999999999999993,0.34114046782207197,-0.10721932695025771,0.357593068805211,1.7879653440260614,0.536096634750722,604.8255484788966,2.304051183629331,-0.26109983665795194,,,,,,
46,9.2,470.23595505617976,174.23595505617976,447,165,48,18,115.23595505617976,,604.7640449438202,,604.7640449438202,,0.5849540865795927,0.9833561706403581,True,6,2,2,2,"fly (2,2)",0.1999999999999993,-0.3383692681445609,0.14586496608967536,0.3684702836824537,1.8423514184122751,-0.7293248304483794,604.8546210368703,1.4420295623841282,0.1453627898683849,,,,,,
47,9.4,470.17660550458714,174.11009174311926,447,165,48,18,115.17660550458714,,604.8899082568807,,604.8899082568807,,0.5846528198202393,0.9835608264339525,True,6,2,2,2,"fly (2,2)",0.20000000000000107,-0.0593495515926179,-0.12586331306050624,0.13915438494281027,0.6957719247140476,0.6293165653028121,604.9456439747017,4.82294357488241,0.45511468915738806,,,,,,
48,9.6,472.54468085106384,173.81702127659574,448,165,52,17,117.54468085106384,,605.1829787234043,,605.1829787234043,,0.5966735068581921,0.9840373637778932,True,6,2,2,2,"fly (2,2)",0.1999999999999993,2.368075346476701,-0.29307046652351687,2.386141476304173,11.930707381520907,1.4653523326177316,604.9809166646613,7.415841146091317,0.17636344979735333,,,,,,
49,9.8,470.6461187214612,174.13013698630138,448,165,48,18,115.64611872146122,,604.8698630136986,,604.8698630136986,,0.5870361356419351,0.9835282325425994,True,6,2,2,2,"fly (2,2)",0.20000000000000107,-1.8985621296026238,0.3131157097056416,1.924208826407809,9.621044132038994,-1.5655785485284839,605.0264208685514,10.775875756779952,-0.0501131079553761,,,,,,
0,0.0,416.73821989528795,170.40052356020942,396,165,41,14,61.738219895287955,,608.5994764397906,,608.5994764397906,,0.31339197916389827,0.9895926446175457,True,7,3,2,2,"fly (2,3)",,,,,,,608.6139093428899,0.7648143082478861,0.07216451549680869,,,,,,
1,0.2,417.0427807486631,170.3716577540107,398,165,40,14,62.04278074866312,,608.6283422459893,,608.6283422459893,,0.3149379733434676,0.9896395808877875,True,7,3,2,2,"fly (2,3)",0.2,0.3045608533751647,-0.028865806198723476,0.30592572329915446,1.5296286164957722,0.14432903099361738,608.6348163735208,1.736507850226862,0.1285899916534087,,,,,,
2,0.4,417.7771739130435,170.3233695652174,399,165,39,14,62.7771739130435,,608.6766304347826,,608.6766304347826,,0.31866585742661674,0.9897180982679392,True,7,3,2,2,"fly (2,3)",0.2,0.7343931643803785,-0.04828818879329333,0.735978986836963,3.6798949341848144,0.24144094396660876,608.6421020047018,2.9641508769799496,0.03642815590448358,,,,,,
3,0.6,417.04266666666666,170.37866666666667,398,165,39,14,62.04266666666666,,608.6213333333333,,608.6213333333333,,0.31493739424703887,0.9896281842818427,True,7,3,2,2,"fly (2,3)",0.19999999999999996,-0.7345072463768361,0.0552971014492698,0.7365858160518521,3.6829290802592616,-0.2764855072467754,608.6704972065249,2.901837850792063,0.14197600911586497,,,,,,
4,0.8,416.790450928382,170.28647214854112,399,165,38,14,61.79045092838197,,608.7135278514588,,608.7135278514588,,0.31365711131158364,0.9897780940674127,True,7,3,2,2,"fly (2,3)",0.20000000000000007,-0.2522157382846899,-0.09219451812555235,0.26853790758642254,1.3426895379321122,0.4609725906277616,608.6895189456553,2.541411426748766,0.09510869565209146,,,,,,
5,1.0,417.3097826086956,170.2663043478261,398,165,39,14,62.30978260869563,,608.7336956521739,,608.7336956521739,,0.31629331273449557,0.9898108872393071,True,7,3,2,2,"fly (2,3)",0.19999999999999996,0.5193316803136554,-0.020167800715029216,0.5197231324109847,2.598615662054924,0.10083900357528822,608.7269730519355,1.3137683999956788,0.18727053140101657,,,,,,
6,1.2,417.3097826086956,170.2663043478261,398,165,39,14,62.30978260869563,,608.7336956521739,,608.7336956521739,,0.31629331273449557,0.9898108872393071,True,7,3,2,2,"fly (2,3)",0.19999999999999996,0.0,0.0,0.0,0.0,0.0,608.7231137216907,1.8369520118915161,-0.019296651224370482,,,,,,
7,1.4,417.89136490250695,170.29805013927577,399,165,38,14,62.89136490250695,,608.7019498607242,,608.7019498607242,,0.31924550711932465,0.9897592680662182,True,7,3,2,2,"fly (2,3)",0.19999999999999996,0.5815822938113229,0.03174579144967993,0.5824480747239246,2.9122403736196234,-0.15872895724839967,608.7238315231674,2.201587670354226,0.0035890073831978397,,,,,,
8,1.6,417.1536388140162,170.26415094339623,397,165,40,14,62.153638814016176,,608.7358490566038,,608.7358490566038,,0.315500704639676,0.9898143887099249,True,7,3,2,2,"fly (2,3)",0.20000000000000018,-0.7377260884907741,-0.03389919587954182,0.7385045274886113,3.6925226374430533,0.16949597939799319,608.6837107502205,2.4831363008751017,-0.20060386473422423,,,,,,
9,1.8,417.0373333333333,170.38666666666666,398,165,39,14,62.03733333333332,,608.6133333333333,,608.6133333333333,,0.3149103214890016,0.9896151761517615,True,7,3,2,2,"fly (2,3)",0.19999999999999996,-0.11630548068285407,0.12251572327042481,0.16892917831252555,0.8446458915626279,-0.6125786163522663,608.6753542042594,3.287127944275523,-0.04178272980501191,,,,,,
10,2.0,418.100278551532,170.32311977715878,398,165,39,14,63.10027855153203,,608.6768802228412,,608.6768802228412,,0.32030598249508646,0.9897185044273841,True,7,3,2,2,"fly (2,3)",0.19999999999999996,1.0629452181987062,-0.0635468895078759,1.0648430607641772,5.324215303820887,0.31773444753923746,608.6532193335396,2.1355019455031834,-0.1106743535988623,,,,,,
11,2.2,418.14722222222224,170.33055555555555,398,165,39,14,63.14722222222224,,608.6694444444445,,608.6694444444445,,0.3205442752397068,0.989706413730804,True,7,3,2,2,"fly (2,3)",0.20000000000000018,0.04694367069021155,0.007435778396768455,0.04752892822520696,0.2376446411260346,-0.037178891983558025,608.6759217034996,2.2969383265767114,0.11351184979995806,,,,,,
12,2.4,418.41274238227146,170.3185595567867,399,165,39,14,63.41274238227146,,608.6814404432133,,608.6814404432133,,0.32189209331102264,0.9897259194198591,True,7,3,2,2,"fly (2,3)",0.19999999999999973,0.2655201600492205,-0.011995998768838945,0.2657910069566419,1.328955034783211,0.05997999384419481,608.6743690366267,0.591459046371842,-0.007763334364957059,,,,,,
13,2.6,418.3722222222222,170.32777777777778,399,165,39,14,63.372222222222206,,608.6722222222222,,608.6722222222222,,0.32168640721940206,0.9897109304426378,True,7,3,2,2,"fly (2,3)",0.20000000000000018,-0.04052016004925463,0.009218220991073167,0.041555492641255895,0.2077774632062793,-0.0460911049555079,608.6568368305075,1.603011448543426,-0.08766103059580636,,,,,,
14,2.8,417.7201086956522,170.38315217391303,400,165,38,14,62.720108695652186,,608.616847826087,,608.616847826087,,0.3183761862723461,0.9896208907741252,True,7,3,2,2,"fly (2,3)",0.19999999999999973,-0.6521135265700195,0.055374396135249526,0.6544603695281564,3.2723018476407866,-0.2768719806761059,608.63933913891,1.5274281124820106,-0.08748845798720611,,,,,,
15,3.0,417.5,170.37105263157895,399,165,39,14,62.5,,608.628947368421,,608.628947368421,,0.31725888324873097,0.9896405648267008,True,7,3,2,2,"fly (2,3)",0.20000000000000018,-0.22010869565218627,-0.01209954233408439,0.22044100531979313,1.1022050265989647,0.06049771166999557,608.6386983073429,2.1993457975112816,-0.0032041578363838086,,,,,,
16,3.2,417.94277929155317,170.32970027247956,399,165,39,14,62.942779291553165,,608.6702997275204,,608.6702997275204,,0.3195064938657521,0.9897078044349925,True,7,3,2,2,"fly (2,3)",0.20000000000000018,0.4427792915531654,-0.04135235909939183,0.44470610365881885,2.2235305182940923,0.20676179549695897,608.6461971194121,1.7302912965128023,0.03749406034671648,,,,,,
17,3.4,417.57103825136613,170.36065573770492,399,165,38,14,62.57103825136613,,608.639344262295,,608.639344262295,,0.3176194835094728,0.9896574703451951,True,7,3,2,2,"fly (2,3)",0.19999999999999973,-0.37174104018703247,0.030955465225360967,0.3730276689290694,1.8651383446453496,-0.15477732612680503,608.6596315452701,3.6588304008736414,0.06717212928966376,,,,,,
18,3.6,416.1937984496124,170.33074935400518,396,165,41,14,61.193798449612416,,608.6692506459948,,608.6692506459948,,0.31062841852595136,0.9897060986113736,True,7,3,2,2,"fly (2,3)",0.20000000000000018,-1.377239801753717,-0.02990638369973908,1.3775644679362973,6.88782233968148,0.14953191849883737,608.651388176181,3.8107185835760955,-0.04121684544543331,,,,,,
19,3.8,416.72911392405064,170.35443037974684,396,165,42,14,61.72911392405064,,608.6455696202531,,608.6455696202531,,0.3133457559596479,0.9896675928784604,True,7,3,2,2,"fly (2,3)",0.19999999999999973,0.5353154744382209,0.023681025741666417,0.5358390132802902,2.6791950664014546,-0.11840512870833224,608.6492984005495,3.2286492838094585,-0.01044887815756595,,,,,,
20,4.0,416.74935400516796,170.36692506459949,396,165,42,14,61.74935400516796,,608.6330749354005,,608.6330749354005,,0.3134484974881622,0.9896472763177244,True,7,3,2,2,"fly (2,3)",0.20000000000000018,0.020240081117322006,0.012494684852640603,0.023786089069087867,0.11893044534543923,-0.06247342426320296,608.6336801296624,1.1515241189673588,-0.0780913544357039,,,,,,
21,4.2,416.8802083333333,170.37760416666666,396,165,42,14,61.880208333333314,,608.6223958333334,,608.6223958333334,,0.3141127326565143,0.9896299119241193,True,7,3,2,2,"fly (2,3)",0.20000000000000018,0.13085432816535558,0.010679102067172153,0.13128936903103636,0.6564468451551811,-0.0533955103355765,608.6170904312227,0.42897809569301,-0.08294849219794281,,,,,,
22,4.4,416.9790026246719,170.4041994750656,397,165,41,14,61.97900262467192,,608.5958005249344,,608.5958005249344,,0.31461422652117726,0.9895866675202185,True,7,3,2,2,"fly (2,3)",0.20000000000000018,0.0987942913386064,0.026595308398952966,0.10231139931568162,0.5115569965784076,-0.13297654199504894,608.6005835783085,0.5633210179447262,-0.08253426457107105,,,,,,
23,4.6,416.8753315649867,170.41644562334218,397,165,41,14,61.87533156498671,,608.5835543766578,,608.5835543766578,,0.31408797748724215,0.9895667550839965,True,7,3,2,2,"fly (2,3)",0.1999999999999993,-0.10367105968521173,0.012246148276574331,0.10439184242011719,0.5219592121005878,-0.061230741382587654,608.6065221806012,0.778727412144212,0.029693011463791514,,,,,,
24,4.8,417.1296296296296,170.35978835978835,396,165,41,14,62.12962962962962,,608.6402116402116,,608.6402116402116,,0.31537883060725697,0.9896588807157913,True,7,3,2,2,"fly (2,3)",0.20000000000000018,0.25429806464291005,-0.05665726355383072,0.260533205550728,1.3026660277536388,0.2832863177690112,608.6073829220651,1.2048711466424635,0.004303707319574218,,,,,,
25,5.0,417.4851752021563,170.40161725067387,399,165,38,14,62.48517520215631,,608.5983827493261,,608.5983827493261,,0.3171836304677985,0.9895908662590669,True,7,3,2,2,"fly (2,3)",0.20000000000000018,0.35554557252669383,0.04182889088551178,0.3579976400146327,1.789988200073162,-0.20914445442770083,608.6056145754693,1.6768102135987764,-0.008841732979666042,,,,,,
26,5.2,417.0981432360743,170.42175066312998,398,165,39,14,62.09814323607429,,608.57824933687,,608.57824933687,,0.31521900119834667,0.9895581290030407,True,7,3,2,2,"fly (2,3)",0.20000000000000018,-0.38703196608202006,0.02013341245611855,0.3875552825939057,1.9377764129695267,-0.10066706228030844,608.6056840112342,1.6725508269459741,0.00034717882480585677,,,,,,
27,5.4,416.84776902887137,170.35958005249344,398,165,39,14,61.84776902887137,,608.6404199475065,,608.6404199475065,,0.3139480661364029,0.9896592194268399,True,7,3,2,2,"fly (2,3)",0.20000000000000018,-0.250374207202924,-0.06217061063654228,0.25797757355904655,1.2898878677952317,0.3108530531824269,608.6092779016207,3.001470164164926,0.01796945193177608,,,,,,
28,5.6,418.00269541778977,170.39083557951483,398,165,40,14,63.00269541778977,,608.6091644204852,,608.6091644204852,,0.3198106366385267,0.9896083974316832,True,7,3,2,2,"fly (2,3)",0.1999999999999993,1.1549263889183976,0.03125552702138634,1.1553492423459992,5.776746211730017,-0.15627763510679016,608.6381776072,3.926364798493886,0.14449852789709858,,,,,,
29,5.8,417.0618556701031,170.33505154639175,397,165,41,14,62.061855670103114,,608.6649484536083,,608.6649484536083,,0.31503480035585335,0.9896991031765988,True,7,3,2,2,"fly (2,3)",0.20000000000000018,-0.9408397476866526,-0.055784033123075005,0.9424920631912824,4.712460315956408,0.278920165615659,608.6663268663204,4.285894402008021,0.14074629560203258,,,,,,
30,6.0,417.531746031746,170.27513227513228,398,165,40,14,62.531746031746025,,608.7248677248677,,608.7248677248677,,0.3174200306180001,0.9897965328859638,True,7,3,2,2,"fly (2,3)",0.20000000000000018,0.46989036164291065,-0.05991927125947427,0.47369533566752775,2.3684766783376365,0.29959635629722897,608.6944408906608,2.902759479104663,0.14057012170212588,,,,,,
31,6.2,417.2077922077922,170.3064935064935,397,165,41,14,62.20779220779218,,608.6935064935064,,608.6935064935064,,0.31577559496341207,0.9897455390138317,True,7,3,2,2,"fly (2,3)",0.20000000000000018,-0.3239538239538433,0.031361231361216824,0.32546828860398896,1.6273414430199433,-0.1568061568065103,608.6991728678004,2.2782569298220796,0.023659885697497843,,,,,,
32,6.4,417.7754010695187,170.32085561497325,398,165,40,14,62.77540106951869,,608.6791443850268,,608.6791443850268,,0.31865685822090706,0.9897221859919135,True,7,3,2,2,"fly (2,3)",0.20000000000000018,0.5676088617265123,0.014362108479758717,0.567790533621732,2.8389526681086577,-0.07181054239822508,608.6880558626816,2.9397724835283494,-0.05558502559362435,,,,,,
33,6.6,416.90488431876605,170.30848329048843,396,165,42,14,61.90488431876605,,608.6915167095116,,608.6915167095116,,0.3142379914658175,0.9897423035927018,True,7,3,2,2,"fly (2,3)",0.1999999999999993,-0.8705167507526426,-0.012372324484829278,0.870604667891286,4.3530233394564455,0.061861622423862395,608.7066716999021,2.513822986178201,0.09307918610261368,,,,,,
34,6.8,416.86563307493543,170.25064599483204,397,165,41,14,61.86563307493543,,608.749354005168,,608.749354005168,,0.3140387465732763,0.9898363479758829,True,7,3,2,2,"fly (2,3)",0.20000000000000018,-0.03925124383061984,-0.05783729565638396,0.06989859019389978,0.3494929509694986,0.28918647828220373,608.7034013493376,3.024234921700231,-0.016351752822553484,,,,,,
35,7.0,417.736,170.33066666666667,398,165,40,14,62.73599999999999,,608.6693333333333,,608.6693333333333,,0.31845685279187813,0.9897062330623305,True,7,3,2,2,"fly (2,3)",0.20000000000000018,0.8703669250645589,0.08002067183463168,0.8740376949349504,4.370188474674748,-0.4001033591737265,608.6790361303775,3.0742240143278643,-0.121826094800023,,,,,,
36,7.2,416.83684210526314,170.3815789473684,396,165,41,14,61.836842105263145,,608.6184210526316,,608.6184210526316,,0.31389259951910226,0.9896234488660676,True,7,3,2,2,"fly (2,3)",0.20000000000000018,-0.8991578947368453,0.0509122807017377,0.9005981234678697,4.502990617339345,-0.25456140350854617,608.6632171349784,3.845860383871853,-0.07909497699642996,,,,,,
37,7.4,417.3631436314363,170.2981029810298,399,165,38,14,62.36314363143629,,608.7018970189702,,608.7018970189702,,0.31656418087023497,0.989759182144667,True,7,3,2,2,"fly (2,3)",0.20000000000000018,0.5263015261731425,-0.08347596633859666,0.5328804119202933,2.664402059601464,0.4173798316929829,608.6761420599033,2.472492991237336,0.0646246246247983,,,,,,
38,7.6,417.3135135135135,170.29189189189188,399,165,38,14,62.3135135135135,,608.7081081081081,,608.7081081081081,,0.31631225133763197,0.9897692814765986,True,7,3,2,2,"fly (2,3)",0.1999999999999993,-0.049630117922788486,-0.006211089137934778,0.050017259354239535,0.2500862967711986,0.031055445689958217,608.7013121751651,1.148200004792993,0.1258505763089108,,,,,,
39,7.8,417.2084432717678,170.30606860158312,398,165,39,14,62.208443271767806,,608.6939313984169,,608.6939313984169,,0.3157788998566894,0.989746229916125,True,7,3,2,2,"fly (2,3)",0.20000000000000018,-0.10507024174569324,0.01417670969124174,0.10602233160126298,0.5301116580063144,-0.07088354845620863,608.7053119880969,1.5388882482466533,0.019999064659259616,,,,,,
40,8.0,417.97547683923705,170.28610354223434,399,165,39,14,62.97547683923705,,608.7138964577657,,608.7138964577657,,0.3196724712651627,0.9897786934272613,True,7,3,2,2,"fly (2,3)",0.20000000000000018,0.767033567469241,-0.01996505934877746,0.7672933579924897,3.836466789962445,0.09982529674402932,608.6883722862467,3.709894406392434,-0.08469850925109802,,,,,,
41,8.2,416.6240409207161,170.34271099744245,396,165,41,14,61.624040920716084,,608.6572890025575,,608.6572890025575,,0.31281239046048775,0.9896866487846463,True,7,3,2,2,"fly (2,3)",0.1999999999999993,-1.3514359185209628,0.05660745520810906,1.3526209542417034,6.763104771208541,-0.2830372760411147,608.6607655238114,3.6564631356120754,-0.13803381217636945,,,,,,
42,8.4,416.6818181818182,170.38888888888889,396,165,42,14,61.68181818181819,,608.6111111111111,,608.6111111111111,,0.3131056760498385,0.9896115627822945,True,7,3,2,2,"fly (2,3)",0.20000000000000107,0.05777726110210324,0.04617789144643325,0.0739635691330481,0.3698178456652385,-0.23088945723202292,608.6292742286156,3.5248254410781983,-0.15745647597877135,,,,,,
43,8.6,417.3700787401575,170.38057742782152,398,165,40,14,62.37007874015751,,608.6194225721785,,608.6194225721785,,0.3165993844678046,0.9896250773531357,True,7,3,2,2,"fly (2,3)",0.1999999999999993,0.6882605583393229,-0.00831146106736469,0.6883107412721603,3.4415537063608137,0.04155730533682359,608.6138815981335,2.417641752795612,-0.07696315241067421,,,,,,
44,8.8,416.6818181818182,170.38888888888889,396,165,42,14,61.68181818181819,,608.6111111111111,,608.6111111111111,,0.3131056760498385,0.9896115627822945,True,7,3,2,2,"fly (2,3)",0.20000000000000107,-0.6882605583393229,0.00831146106736469,0.6883107412721603,3.441553706360783,-0.041557305336823225,608.6326887169407,3.141595266145174,0.09403559403570745,,,,,,
45,9.0,417.18701298701296,170.33246753246755,398,165,40,14,62.18701298701296,,608.6675324675325,,608.6675324675325,,0.315670116685345,0.9897033048252561,True,7,3,2,2,"fly (2,3)",0.1999999999999993,0.5051948051947761,-0.05642135642133894,0.5083356771427828,2.541678385713923,0.28210678210712203,608.6481596633716,3.4657027252534593,0.07735473215480738,,,,,,
46,9.2,416.30423940149626,170.33416458852867,396,165,42,14,61.30423940149626,,608.6658354114713,,608.6658354114713,,0.31118903249490487,0.9897005453845062,True,7,3,2,2,"fly (2,3)",0.1999999999999993,-0.882773585516702,0.0016970560611184737,0.882775216737131,4.413876083685671,-0.008485280305876615,608.6492545886312,2.4448313929175494,0.005474626297352662,,,,,,
47,9.4,416.3598971722365,170.38560411311053,396,165,41,14,61.359897172236515,,608.6143958868895,,608.6143958868895,,0.31147155924993153,0.9896169038811211,True,7,3,2,2,"fly (2,3)",0.20000000000000107,0.05565777074025391,0.05143952458186618,0.07578794187061078,0.3789397093530519,-0.2571976229091874,608.6701588433228,3.2795590057546984,0.10452127345843225,,,,,,
48,9.6,417.3623978201635,170.26975476839237,399,165,38,14,62.362397820163494,,608.7302452316076,,608.7302452316076,,0.31656039502621064,0.9898052767993619,True,7,3,2,2,"fly (2,3)",0.1999999999999993,1.0025006479269791,-0.115849344718157,1.0091722448450706,5.045861224225371,0.5792467235903608,608.6719834368993,2.5846966023481084,0.009122967882150853,,,,,,
49,9.8,417.82451253481895,170.32869080779943,399,165,38,14,62.82451253481895,,608.6713091922006,,608.6713091922006,,0.318906154999081,0.9897094458409766,True,7,3,2,2,"fly (2,3)",0.20000000000000107,0.4621147146554563,0.05893603940705816,0.4658577746931826,2.3292888734659005,-0.2946801970347208,608.7007772119041,3.6875750488456367,0.14228326327781998,,,,,,
0,0.0,514.5685618729096,169.62876254180603,493,165,43,9,159.56856187290964,,609.371237458194,,609.371237458194,,0.8099926998624855,0.9908475405824292,True,8,4,2,2,"fly (2,4)",,,,,,,609.3942280006202,0.27587154563095523,0.11495271213107117,,,,,,
1,0.2,514.6688741721855,169.58278145695365,493,165,43,9,159.6688741721855,,609.4172185430464,,609.4172185430464,,0.8105018993511954,0.9909223065740591,True,8,4,2,2,"fly (2,4)",0.2,0.10031229927585628,-0.04598108485237162,0.1103486182523821,0.5517430912619105,0.22990542426214233,609.391358972091,0.3957684114465865,0.02397242806447745,,,,,,
2,0.4,514.5457516339869,169.6143790849673,493,165,43,10,159.54575163398692,,609.3856209150326,,609.3856209150326,,0.8098769118476493,0.9908709283171262,True,8,4,2,2,"fly (2,4)",0.2,-0.12312253819857233,0.03159762801365673,0.1271124286155698,0.6355621430778489,-0.15798814006870998,609.4391029704851,0.9055407562528104,0.23871999197050783,,,,,,
3,0.6,514.8231511254019,169.4855305466238,492,165,44,9,159.82315112540186,,609.5144694533763,,609.5144694533763,,0.8112850310934104,0.9910804381355711,True,8,4,2,2,"fly (2,4)",0.19999999999999996,0.2773994914149398,-0.12884853834350452,0.3058634068837343,1.529317034418672,0.6442426917180911,609.4316649423358,1.9610496251872938,-0.03719014074609569,,,,,,
4,0.8,514.0891719745223,169.60509554140128,492,165,44,10,159.0891719745223,,609.3949044585987,,609.3949044585987,,0.807559248601636,0.9908860235099166,True,8,4,2,2,"fly (2,4)",0.20000000000000007,-0.733979150879577,0.11956499477747684,0.7436539396130722,3.71826969806536,-0.5978249738876682,609.4117975735841,2.0035685324557617,-0.09933684375861646,,,,,,
5,1.0,513.9529780564263,169.67398119122257,492,165,44,10,158.95297805642633,,609.3260188087775,,609.3260188087775,,0.8068679089158697,0.9907740143232154,True,8,4,2,2,"fly (2,4)",0.19999999999999996,-0.13619391809595527,0.06888564982128287,0.1526237729766506,0.7631188648832532,-0.3444282491062723,609.3582070055242,1.7584259872389982,-0.26795284030015404,,,,,,
6,1.2,514.1093247588424,169.64630225080387,492,165,44,10,159.10932475884238,,609.3536977491962,,609.3536977491962,,0.8076615469991999,0.9908190207304003,True,8,4,2,2,"fly (2,4)",0.19999999999999996,0.15634670241604454,-0.027678940418695674,0.1587778797536763,0.7938893987683817,0.1383947020934784,609.3254969171741,1.0961584152434696,-0.16355044175062028,,,,,,
7,1.4,513.7677419354839,169.7032258064516,492,165,44,10,158.76774193548385,,609.2967741935483,,609.2967741935483,,0.8059276240379891,0.9907264621033306,True,8,4,2,2,"fly (2,4)",0.19999999999999996,-0.34158282335852164,0.05692355564772811,0.34629339641575463,1.7314669820787736,-0.2846177782390669,609.3245475581506,0.9059078379426032,-0.004746795117019605,,,,,,
8,1.6,513.795731707317,169.6768292682927,491,165,45,10,158.79573170731703,,609.3231707317073,,609.3231707317073,,0.806069704098056,0.990769383303589,True,8,4,2,2,"fly (2,4)",0.20000000000000018,0.027989771833176746,-0.02639653815890597,0.038473426596130914,0.1923671329806544,0.13198269079452973,609.3291190219435,2.080526857370045,0.022857318964876517,,,,,,
9,1.8,514.6581469648562,169.63258785942492,492,165,44,10,159.6581469648562,,609.3674121405751,,609.3674121405751,,0.8104474465221126,0.9908413205537806,True,8,4,2,2,"fly (2,4)",0.19999999999999996,0.862415257539169,-0.0442414088677765,0.8635492914101413,4.317746457050707,0.22120704433916677,609.3511093234405,1.8596269900661275,0.10995150748480376,,,,,,
10,2.0,514.4444444444445,169.63725490196077,493,165,43,10,159.44444444444446,,609.3627450980392,,609.3627450980392,,0.8093626621545404,0.9908337318667304,True,8,4,2,2,"fly (2,4)",0.19999999999999996,-0.21370252041174354,0.0046670425358570355,0.21375347603340433,1.0687673801670219,-0.02333521267928518,609.3592327407404,1.863544530662509,0.040617086498855356,,,,,,
11,2.2,514.4065573770492,169.65245901639344,493,165,43,10,159.40655737704924,,609.3475409836066,,609.3475409836066,,0.8091703420154783,0.9908090097294415,True,8,4,2,2,"fly (2,4)",0.20000000000000018,-0.037887067395217855,0.015204114432663118,0.04082395095395955,0.20411975476979755,-0.07602057216331552,609.4071090303697,0.7505464756461838,0.23938144814773488,,,,,,
12,2.4,514.5141955835962,169.48895899053628,492,165,44,9,159.51419558359623,,609.5110410094637,,609.5110410094637,,0.8097167288507423,0.9910748634300223,True,8,4,2,2,"fly (2,4)",0.19999999999999973,0.1076382065469943,-0.16350002585716084,0.1957504584003462,0.9787522920017322,0.8175001292858053,609.4565410008446,0.39429068225717656,0.24715985237416327,,,,,,
13,2.6,514.5141955835962,169.48895899053628,492,165,44,9,159.51419558359623,,609.5110410094637,,609.5110410094637,,0.8097167288507423,0.9910748634300223,True,8,4,2,2,"fly (2,4)",0.20000000000000018,0.0,0.0,0.0,0.0,0.0,609.5183324598097,0.36587622195338776,0.3089572948249501,,,,,,
14,2.8,514.5235109717869,169.46708463949844,492,165,44,9,159.5235109717869,,609.5329153605015,,609.5329153605015,,0.8097640150852127,0.9911104314804903,True,8,4,2,2,"fly (2,4)",0.19999999999999973,0.009315388190657359,-0.021874351037837414,0.02377527477168618,0.11887637385843106,0.1093717551890451,609.5230378675565,0.10138983450712824,0.023527038734414474,,,,,,
15,3.0,514.559748427673,169.4748427672956,492,165,44,9,159.55974842767296,,609.5251572327044,,609.5251572327044,,0.8099479615617916,0.9910978166385437,True,8,4,2,2,"fly (2,4)",0.20000000000000018,0.03623745588606653,0.007758127797160341,0.03705862593259077,0.1852931296629537,-0.03879063898580167,609.5230378675566,0.18087305010183638,8.326672684688674e-17,,,,,,
16,3.2,514.5141955835962,169.48895899053628,492,165,44,9,159.51419558359623,,609.5110410094637,,609.5110410094637,,0.8097167288507423,0.9910748634300223,True,8,4,2,2,"fly (2,4)",0.20000000000000018,-0.045552844076723886,0.014116223240677073,0.04768992935682491,0.23844964678412434,-0.07058111620324319,609.5253781148016,0.5702466905961,0.011701236224818584,,,,,,
17,3.4,514.7699680511182,169.46006389776358,492,165,44,9,159.7699680511182,,609.5399361022364,,609.5399361022364,,0.8110150662493311,0.9911218473207096,True,8,4,2,2,"fly (2,4)",0.19999999999999973,0.2557724675219788,-0.02889509277270008,0.2573994590682441,1.286997295341222,0.1444754638635006,609.5232816787428,0.9963818832045773,-0.01048218029344134,,,,,,
18,3.6,514.4779874213837,169.4811320754717,492,165,44,9,159.47798742138366,,609.5188679245283,,609.5188679245283,,0.8095329310730135,0.9910875901211842,True,8,4,2,2,"fly (2,4)",0.20000000000000018,-0.2919806297345531,0.02106817770811631,0.29273974149767734,1.4636987074883854,-0.10534088854058145,609.4869216036928,1.7264489053274732,-0.18180037525003945,,,,,,
19,3.8,514.0065359477125,169.59803921568627,492,165,44,9,159.00653594771245,,609.4019607843137,,609.4019607843137,,0.8071397763843272,0.9908974972102662,True,8,4,2,2,"fly (2,4)",0.19999999999999973,-0.471451473671209,0.11690714021457893,0.48573014263056175,2.428650713152812,-0.5845357010730375,609.4216970013081,1.71838195149439,-0.32612301192405857,,,,,,
20,4.0,513.760655737705,169.65573770491804,492,165,44,9,158.76065573770495,,609.344262295082,,609.344262295082,,0.8058916534908881,0.9908036785285886,True,8,4,2,2,"fly (2,4)",0.20000000000000018,-0.24588021000749904,0.057698489231768235,0.25255928676839484,1.262796433841973,-0.2884924461585567,609.3950556579284,2.3773712543012953,-0.13320671689806843,,,,,,
21,4.2,514.4422442244224,169.56105610561056,492,165,44,9,159.44224422442244,,609.4389438943895,,609.4389438943895,,0.809351493524987,0.9909576323486008,True,8,4,2,2,"fly (2,4)",0.20000000000000018,0.6815884867174873,-0.09468159930747788,0.6881333231818207,3.440666615909101,0.47340799653738896,609.4067640940622,2.1111093335649245,0.05854218066910253,,,,,,
22,4.4,514.7682119205298,169.56291390728478,493,165,43,9,159.76821192052978,,609.4370860927152,,609.4370860927152,,0.8110061518808618,0.9909546115328702,True,8,4,2,2,"fly (2,4)",0.20000000000000018,0.325967696107341,0.0018578016742196723,0.32597299018874026,1.6298649509436998,-0.009289008371524679,609.43770535994,1.6901771889509334,0.15470632938862142,,,,,,
23,4.6,514.7682119205298,169.56291390728478,493,165,43,9,159.76821192052978,,609.4370860927152,,609.4370860927152,,0.8110061518808618,0.9909546115328702,True,8,4,2,2,"fly (2,4)",0.1999999999999993,0.0,0.0,0.0,0.0,0.0,609.4482534735748,1.0200289138887921,0.052740568174461516,,,,,,
24,4.8,515.0522875816994,169.52941176470588,493,165,43,9,160.05228758169937,,609.4705882352941,,609.4705882352941,,0.8124481603131948,0.9910090865614539,True,8,4,2,2,"fly (2,4)",0.20000000000000018,0.28407566116959515,-0.03350214257889661,0.2860443581445356,1.4302217907226769,0.16751071289490924,609.4621672298575,0.538293434382377,0.06956878141390153,,,,,,
25,5.0,515.0162866449512,169.5211726384365,493,165,43,9,160.01628664495115,,609.4788273615635,,609.4788273615635,,0.8122654144413765,0.9910224835147374,True,8,4,2,2,"fly (2,4)",0.20000000000000018,-0.03600093674822347,-0.008239126269387498,0.036931702484890916,0.1846585124244544,0.041195631346795346,609.4671869371264,0.8818594063489537,0.025098536343837907,,,,,,
26,5.2,514.8118811881188,169.54785478547853,493,165,43,9,159.81188118811883,,609.4521452145215,,609.4521452145215,,0.8112278232899434,0.990979097909791,True,8,4,2,2,"fly (2,4)",0.20000000000000018,-0.20440545683231903,0.026682147042038196,0.20613958317994627,1.0306979158997305,-0.13341073521019087,609.4518032917068,0.4629472648636171,-0.07691822709792474,,,,,,
27,5.4,514.7909967845659,169.57556270096464,493,165,43,10,159.7909967845659,,609.4244372990354,,609.4244372990354,,0.8111218110891669,0.9909340443886754,True,8,4,2,2,"fly (2,4)",0.20000000000000018,-0.020884403552940967,0.027707915486104184,0.03469707325333342,0.17348536626666694,-0.1385395774303787,609.4274444374263,1.257030609412506,-0.12179427140248818,,,,,,
28,5.6,514.2779552715655,169.59424920127796,492,165,44,10,159.27795527156547,,609.405750798722,,609.405750798722,,0.8085175394495709,0.9909036598353204,True,8,4,2,2,"fly (2,4)",0.1999999999999993,-0.5130415130004167,0.018686500313322085,0.5133817092142224,2.5669085460711214,-0.09343250156689498,609.4368600848734,1.5517704812017066,0.0470782372354959,,,,,,
29,5.8,514.6535947712418,169.51960784313727,492,165,44,9,159.65359477124184,,609.4803921568628,,609.4803921568628,,0.810424338940314,0.9910250278973378,True,8,4,2,2,"fly (2,4)",0.20000000000000018,0.37563949967636745,-0.0746413581406955,0.38298350625346683,1.9149175312673326,0.3732067907037614,609.4505722420255,1.570941464745431,0.06856078576068568,,,,,,
30,6.0,514.6098360655737,169.5344262295082,492,165,44,9,159.60983606557375,,609.4655737704918,,609.4655737704918,,0.8102022135308312,0.9910009329601492,True,8,4,2,2,"fly (2,4)",0.20000000000000018,-0.04375870566809681,0.014818386370933467,0.046199663379567976,0.23099831689783967,-0.07409193185480938,609.4381852236481,1.382970720329477,-0.06193509188714561,,,,,,
31,6.2,514.2211538461538,169.63141025641025,492,165,44,10,159.2211538461538,,609.3685897435897,,609.3685897435897,,0.8082292073408823,0.9908432353554304,True,8,4,2,2,"fly (2,4)",0.20000000000000018,-0.38868221941993397,0.09698402690204944,0.40059926256465217,2.002996312823259,-0.48492013451038884,609.4009177525571,0.7446648765736995,-0.1863373554550661,,,,,,
32,6.4,514.2211538461538,169.63141025641025,492,165,44,10,159.2211538461538,,609.3685897435897,,609.3685897435897,,0.8082292073408823,0.9908432353554304,True,8,4,2,2,"fly (2,4)",0.20000000000000018,0.0,0.0,0.0,0.0,0.0,609.4009177525571,1.3353308752155089,7.216449660063518e-16,,,,,,
33,6.6,514.6098360655737,169.5344262295082,492,165,44,9,159.60983606557375,,609.4655737704918,,609.4655737704918,,0.8102022135308312,0.9910009329601492,True,8,4,2,2,"fly (2,4)",0.1999999999999993,0.38868221941993397,-0.09698402690204944,0.40059926256465217,2.002996312823268,0.484920134510391,609.4447211713605,0.7768676431087016,0.21901709401712854,,,,,,
34,6.8,514.6655844155844,169.5,492,165,44,9,159.66558441558436,,609.5,,609.5,,0.8104852000791084,0.9910569105691057,True,8,4,2,2,"fly (2,4)",0.20000000000000018,0.05574835001061729,-0.03442622950819896,0.06552132330056744,0.3276066165028369,0.17213114754099462,609.4901427131413,1.280354526808255,0.2271077089037974,,,,,,
35,7.0,514.9676375404531,169.49514563106797,493,165,43,9,159.9676375404531,,609.504854368932,,609.504854368932,,0.8120184646723507,0.991064803851922,True,8,4,2,2,"fly (2,4)",0.20000000000000018,0.3020531248687348,-0.004854368932029729,0.3020921302197324,1.5104606510986607,0.024271844660006515,609.4951246164838,1.085386620250594,0.024909516712720358,,,,,,
36,7.2,514.6850649350649,169.5194805194805,492,165,44,9,159.68506493506493,,609.4805194805194,,609.4805194805194,,0.8105840859647966,0.9910252349276739,True,8,4,2,2,"fly (2,4)",0.20000000000000018,-0.2825726053881681,0.024334888412539613,0.2836185186300572,1.4180925931502848,-0.12167444206284006,609.4710088608568,2.0780239319774796,-0.12057877813504081,,,,,,
37,7.4,515.3440514469453,169.57234726688102,493,165,43,10,160.3440514469453,,609.427652733119,,609.427652733119,,0.8139291951621588,0.9909392727367788,True,8,4,2,2,"fly (2,4)",0.20000000000000018,0.6589865118803573,0.05286674740051467,0.6611037103366991,3.305518551683493,-0.2643337370022889,609.4462119299324,2.3797578339044416,-0.12398465462183582,,,,,,
38,7.6,514.8609271523179,169.56953642384107,493,165,43,9,159.8609271523179,,609.4304635761589,,609.4304635761589,,0.8114767875752178,0.9909438432132665,True,8,4,2,2,"fly (2,4)",0.1999999999999993,-0.4831242946273733,-0.002810843039952715,0.48313247137590765,2.415662356879547,0.014054215199621517,609.4460387697592,2.033671093953546,-0.0008658008656917682,,,,,,
39,7.8,514.8033333333333,169.52,493,165,43,9,159.80333333333328,,609.48,,609.48,,0.8111844331641284,0.9910243902439024,True,8,4,2,2,"fly (2,4)",0.20000000000000018,-0.05759381898462834,-0.049536423841061605,0.0759664746595196,0.37983237329759767,0.24768211920559202,609.4577870342201,2.137449304213703,0.058741322304740586,,,,,,
40,8.0,515.5265017667845,169.53710247349824,494,165,42,9,160.52650176678446,,609.4628975265018,,609.4628975265018,,0.8148553389176876,0.9909965813439054,True,8,4,2,2,"fly (2,4)",0.20000000000000018,0.7231684334511783,0.0171024734982268,0.7233706364927933,3.6168531824639634,-0.08551236749099182,609.4662266131423,2.334518172599585,0.042197894610467225,,,,,,
41,8.2,514.9251700680272,169.54421768707482,493,165,43,9,159.92517006802723,,609.4557823129252,,609.4557823129252,,0.8118028937463311,0.9909850118909352,True,8,4,2,2,"fly (2,4)",0.1999999999999993,-0.6013316987572352,0.007115213576582846,0.6013737924074366,3.006868962037194,-0.03557606788319857,609.451200158116,2.4874777513736457,-0.0751322751322427,,,,,,
42,8.4,514.7587301587301,169.56507936507936,493,165,43,10,159.75873015873015,,609.4349206349207,,609.4349206349207,,0.8109580211103053,0.9909510904632857,True,8,4,2,2,"fly (2,4)",0.20000000000000107,-0.16643990929708252,0.02086167800453609,0.16774222192395688,0.8387111096197799,-0.10430839002253778,609.4237247761058,1.9205350675594726,-0.13737691005076172,,,,,,
43,8.6,515.1380471380471,169.6195286195286,494,165,42,10,160.1380471380471,,609.3804713804714,,609.3804713804714,,0.8128834880103915,0.9908625550901974,True,8,4,2,2,"fly (2,4)",0.1999999999999993,0.3793169793169682,0.05444925444925275,0.38320502620428754,1.9160251310214444,-0.2722462722465489,609.4034587804703,2.000214028878051,-0.10132997817720503,,,,,,
44,8.8,514.4890282131662,169.6050156739812,492,165,44,10,159.4890282131662,,609.3949843260189,,609.3949843260189,,0.8095889757013512,0.9908861533756405,True,8,4,2,2,"fly (2,4)",0.20000000000000107,-0.6490189248809202,-0.014512945547409117,0.6491811691985894,3.2459058459929295,0.07256472773747152,609.3885398803055,2.047771808566463,-0.07459450082402978,,,,,,
45,9.0,514.6852459016393,169.60983606557377,493,165,43,10,159.6852459016393,,609.3901639344263,,609.3901639344263,,0.8105850045768492,0.9908783153405305,True,8,4,2,2,"fly (2,4)",0.1999999999999993,0.19621768847309795,0.004820391592573969,0.1962768897370026,0.9813844486850165,-0.024101957963012042,609.409171953897,1.8129923449528909,0.10316036795795014,,,,,,
46,9.2,514.4485981308411,169.5576323987539,492,165,44,10,159.4485981308411,,609.4423676012461,,609.4423676012461,,0.8093837468570615,0.9909631993516197,True,8,4,2,2,"fly (2,4)",0.1999999999999993,-0.23664777079818577,-0.05220366681987798,0.24233734803614462,1.2116867401807274,0.26101833409939085,609.3998048841852,1.1003428943982374,-0.0468353485594728,,,,,,
47,9.4,514.2402597402597,169.63311688311688,492,165,44,10,159.24025974025972,,609.3668831168832,,609.3668831168832,,0.8083261915749225,0.9908404603526556,True,8,4,2,2,"fly (2,4)",0.20000000000000107,-0.20833839058138892,0.07548448436298827,0.2215914988657949,1.1079574943289687,-0.37742242181479724,609.4229033925295,5.028089985599071,0.11549254172204508,,,,,,
48,9.6,516.7915057915058,169.54054054054055,500,165,36,9,161.79150579150576,,609.4594594594595,,609.4594594594595,,0.8212766791446993,0.990990990990991,True,8,4,2,2,"fly (2,4)",0.1999999999999993,2.5512460512460393,-0.0925763425763364,2.5529251444574945,12.764625722287517,0.46288171288154156,609.4333995951644,7.877010422880081,0.05248101317363418,,,,,,
49,9.8,514.8398692810458,169.5261437908497,493,165,43,10,159.83986928104582,,609.4738562091503,,609.4738562091503,,0.8113698948276438,0.9910144003400818,True,8,4,2,2,"fly (2,4)",0.20000000000000107,-1.9516365104599345,-0.014396749690860133,1.9516896104047619,9.758448052023757,0.07198374845415817,609.4666578343049,11.261536887155637,0.2674327306678499,,,,,,
0,0.0,611.4166666666666,712.9416666666667,607,706,10,15,30.41666666666663,,58.05833333333328,,58.05833333333328,,0.17184557438794706,0.09564799560680935,True,9,1,3,3,"fly (3,1)",,,,,,,30.362499999999955,70.22601548477638,-69.23958333333331,,,,,,
2,0.4,620.8,768.3333333333334,615,765,13,7,39.799999999999955,,2.6666666666666288,,2.6666666666666288,,0.22485875706214664,0.004393190554640245,True,9,1,3,3,"fly (3,1)",0.4,9.383333333333326,55.39166666666665,56.18081238782111,140.45203096955277,-138.47916666666663,24.615650406504034,71.26410578532955,-28.73424796747959,,,,,,
3,0.6,631.0878048780488,757.8780487804878,624,750,16,18,50.087804878048814,,13.121951219512198,,13.121951219512198,,0.2829819484635526,0.021617712058504445,True,9,1,3,3,"fly (3,1)",0.19999999999999996,10.28780487804886,-10.45528455284557,14.668057277287168,73.34028638643586,52.27642276422786,16.236398501169106,111.46279756433012,4.263462695547555,,,,,,
4,0.8,644.8628158844765,738.0794223826715,636,728,19,22,63.862815884476504,,32.92057761732849,,32.92057761732849,,0.36080686940382206,0.05423488899065649,True,9,1,3,3,"fly (3,1)",0.20000000000000007,13.77501100642769,-19.798626397816292,24.11921506740035,120.59607533700171,98.99313198908143,32.218370539432534,103.0388981464783,79.90986019131715,,,,,,
5,1.0,659.615894039735,720.3874172185431,650,710,21,22,78.61589403973505,,50.61258278145692,,50.61258278145692,,0.4441575934448308,0.08338152023304271,True,9,1,3,3,"fly (3,1)",0.19999999999999996,14.75307815525855,-17.69200516412843,23.03606654319947,115.18033271599738,88.46002582064217,53.198280880592016,125.73956219457698,104.8995517057974,,,,,,
6,1.2,671.9682242990655,694.9383177570094,658,681,28,31,90.96822429906547,,76.06168224299063,,76.06168224299063,,0.5139447700512173,0.12530754899998456,True,9,1,3,3,"fly (3,1)",0.19999999999999996,12.352330259330415,-25.449099461533706,28.28845570614637,141.44227853073187,127.24549730766856,72.60592784765534,117.46169314430757,97.03823483531666,,,,,,
7,1.4,683.7731481481482,679.8564814814815,670,667,27,25,102.77314814814815,,91.14351851851848,,91.14351851851848,,0.5806392550742834,0.15015406675208975,True,9,1,3,3,"fly (3,1)",0.19999999999999996,11.804923849082684,-15.081836275527849,19.1524936372387,95.76246818619352,75.40918137763926,87.53614218932023,101.08816987543854,74.65107170832445,,,,,,
8,1.6,696.2795698924731,675.5967741935484,688,668,19,14,115.27956989247309,,95.40322580645159,,95.40322580645159,,0.6512970050422209,0.15717170643566983,True,9,1,3,3,"fly (3,1)",0.20000000000000018,12.506421744324939,-4.259707287933111,13.211952581878052,66.0597629093902,21.298536439665536,91.94075150968392,82.79185098175725,22.023046601818425,,,,,,
9,1.8,712.469387755102,681.7244897959183,703,676,20,13,131.46938775510205,,89.27551020408168,,89.27551020408168,,0.742764902571198,0.14707662307097477,True,9,1,3,3,"fly (3,1)",0.19999999999999996,16.189817862628956,6.1277156023699035,17.3106643699376,86.55332184968803,-30.638578011849525,90.61260897320805,68.46859041905195,-6.640712682379335,,,,,,
10,2.0,722.8136363636363,683.8409090909091,713,678,21,13,141.8136363636363,,87.15909090909088,,87.15909090909088,,0.8012069851052899,0.14358993559982022,True,9,1,3,3,"fly (3,1)",0.19999999999999996,10.344248608534258,2.1164192949908056,10.558537299615525,52.792686498077636,-10.58209647495403,89.32170584836581,54.893416570513004,-6.454515624211207,,,,,,
11,2.2,725.3755868544602,679.4694835680751,716,673,20,14,144.37558685446015,,91.53051643192487,,91.53051643192487,,0.8156812816636166,0.15079162509378066,True,9,1,3,3,"fly (3,1)",0.20000000000000018,2.561950490823847,-4.371425522833988,5.066848272754667,25.334241363773312,21.857127614169922,92.30273733072617,39.611897249668786,14.905157411801815,,,,,,
12,2.4,730.0186046511628,672.7813953488372,721,665,19,16,149.01860465116283,,98.21860465116276,,98.21860465116276,,0.8419130206280386,0.16180989234128956,True,9,1,3,3,"fly (3,1)",0.19999999999999973,4.643017796702679,-6.688088219237898,8.141752777431071,40.708763887155406,33.44044109618953,98.86310908955154,38.7621601460864,32.80185879412689,,,,,,
13,2.6,735.180412371134,664.159793814433,727,657,16,15,154.18041237113403,,106.84020618556701,,106.84020618556701,,0.8710757761081018,0.17601351925134598,True,9,1,3,3,"fly (3,1)",0.20000000000000018,5.161807719971193,-8.621601534404249,10.048695037466103,50.243475187330475,43.10800767202121,105.8029369455766,41.36917064631194,34.69913928012529,,,,,,
14,2.8,738.87,658.65,735,651,8,15,157.87,,112.35000000000002,,112.35000000000002,,0.8919209039548023,0.1850906095551895,True,9,1,3,3,"fly (3,1)",0.19999999999999973,3.6895876288659792,-5.50979381443301,6.6310545728899815,33.15527286444995,27.548969072165086,112.80699180544543,40.053953424008576,35.0202742993442,,,,,,
15,3.0,741.4615384615385,651.7692307692307,741,649,2,7,160.46153846153845,,119.23076923076928,,119.23076923076928,,0.9065623641894828,0.19642630845266768,True,9,1,3,3,"fly (3,1)",0.20000000000000018,2.5915384615384482,-6.8807692307692605,7.352622444049067,36.763112220245304,34.403846153846274,103.36165697048052,34.646045430896066,9.338002978087962,,,,,,
21,4.2,738.6470588235294,692.4957983193277,734,684,9,17,157.6470588235294,,78.50420168067228,,78.50420168067228,,0.8906613492854768,0.1293314689961652,True,9,1,3,3,"fly (3,1)",1.2000000000000002,-2.814479638009061,40.726567550097,40.82370144959153,34.01975120799294,-33.9388062917475,91.83302449184805,27.610425758966016,-1.0784852402498912,,,,,,
22,4.4,736.3538461538461,693.2358974358974,729,685,14,17,155.35384615384612,,77.76410256410259,,77.76410256410259,,0.8777053455019554,0.12811219532801085,True,9,1,3,3,"fly (3,1)",0.20000000000000018,-2.293212669683271,0.7400991165696951,2.409682769731966,12.048413848659818,-3.7004955828484722,73.15249781132134,39.65267685606711,-36.83795624972111,,,,,,
23,4.6,736.6525096525097,707.8108108108108,730,695,13,26,155.6525096525097,,63.189189189189165,,63.189189189189165,,0.8793927099011848,0.10410080591299697,True,9,1,3,3,"fly (3,1)",0.1999999999999993,0.2986634986635863,14.574913374913422,14.577973102309667,72.88986551154859,-72.87456687456736,61.568729168729156,60.743683660254156,-57.91884321296101,,,,,,
24,4.8,735.7220077220077,727.2471042471043,729,716,14,24,154.72200772200767,,43.75289575289571,,43.75289575289571,,0.874135636847501,0.0720805531349188,True,9,1,3,3,"fly (3,1)",0.20000000000000018,-0.9305019305020323,19.436293436293454,19.458554324110825,97.29277162055403,-97.18146718146718,44.01687069128926,88.89996563381949,-87.75929238719947,,,,,,
25,5.0,730.7209302325582,745.8914728682171,723,736,17,22,149.7209302325582,,25.10852713178292,,25.10852713178292,,0.8458809617658656,0.04136495408860448,True,9,1,3,3,"fly (3,1)",0.20000000000000018,-5.001077489449472,18.64436862111279,19.30345195387119,96.51725976935586,-93.22184310556386,25.67129641746389,94.6707877840612,-91.72787136912682,,,,,,
26,5.2,724.5605381165919,762.847533632287,717,753,17,19,143.56053811659194,,8.152466367713032,,8.152466367713032,,0.8110764865344178,0.013430751841372376,True,9,1,3,3,"fly (3,1)",0.20000000000000018,-6.1603921159662605,16.95606076406989,18.04046639245476,90.20233196227372,-84.78030382034937,11.985243447200409,80.20805266521245,-68.43026485131733,,,,,,
27,5.4,715.2631578947369,768.3052631578947,707,765,16,7,134.26315789473688,,2.6947368421052715,,2.6947368421052715,,0.7585489146595303,0.004439434665741798,True,9,1,3,3,"fly (3,1)",0.20000000000000018,-9.297380221855065,5.4577295256077605,10.780913252801566,53.904566264007784,-27.288647628038778,4.622826601854324,75.80687083103987,-37.26561166234066,,,,,,
33,6.6,615.2872340425532,767.9787234042553,609,764,15,8,34.28723404255322,,3.0212765957446663,,3.0212765957446663,,0.19371318668109166,0.004977391426267984,True,9,1,3,3,"fly (3,1)",1.1999999999999993,-99.97592385218366,-0.3265397536393948,99.97645712020572,83.31371426683815,0.2721164613661625,4.138671145949995,55.886121650664215,-2.8743047151319074,,,,,,
34,6.8,610.4363636363637,764.3,606,758,10,14,29.436363636363694,,6.7000000000000455,,6.7000000000000455,,0.16630713918849543,0.011037891268533847,True,9,1,3,3,"fly (3,1)",0.20000000000000018,-4.850870406189529,-3.678723404255379,6.088016884229351,30.440084421146725,18.393617021276878,8.11497750324107,51.351686891939075,19.42800435084509,,,,,,
35,7.0,611.9139784946236,756.3763440860215,608,751,9,12,30.91397849462362,,14.623655913978496,,14.623655913978496,,0.17465524573233684,0.024091690138350077,True,9,1,3,3,"fly (3,1)",0.20000000000000018,1.4776148582599262,-7.92365591397845,8.06025239756648,40.30126198783236,39.618279569892216,11.374551971326165,31.19047452496419,16.29787234042547,,,,,,
36,7.2,616.1,758.2,611,753,11,12,35.10000000000002,,12.799999999999955,,12.799999999999955,,0.19830508474576283,0.021087314662273402,True,9,1,3,3,"fly (3,1)",0.20000000000000018,4.186021505376402,1.8236559139785413,4.566015433182703,22.830077165913497,-9.118279569892698,12.348868911216869,36.229120046685956,4.871584699453517,,,,,,
37,7.4,624.639344262295,761.3770491803278,619,756,13,12,43.639344262295026,,9.622950819672155,,9.622950819672155,,0.24654996758358771,0.01585329624328197,True,9,1,3,3,"fly (3,1)",0.20000000000000018,8.539344262295003,3.177049180327799,9.111204197262408,45.556020986312,-15.885245901638982,8.731197673835672,40.42339673790988,-18.08835618690601,,,,,,
38,7.6,633.4495412844037,767.2293577981651,627,763,14,9,52.44954128440372,,3.770642201834903,,3.770642201834903,,0.2963250920022809,0.00621193113976096,True,9,1,3,3,"fly (3,1)",0.1999999999999993,8.810197022108696,5.852308617837252,10.576818412300794,52.884092061504155,-29.261543089186365,5.346644828307224,50.80021940619928,-16.922764227642258,,,,,,
39,7.8,644.1829268292682,768.3536585365854,638,765,14,7,63.18292682926824,,2.6463414634146147,,2.6463414634146147,,0.3569656883009505,0.004359705870534785,True,9,1,3,3,"fly (3,1)",0.20000000000000018,10.733385544864518,1.1243007384202883,10.792109034156345,53.96054517078168,-5.621503692101436,2.7595073755959825,49.117095528975106,-12.935687263556234,,,,,,
40,8.0,652.2461538461539,769.1384615384616,646,767,14,5,71.2461538461539,,1.86153846153843,,1.86153846153843,,0.40252064319860964,0.0030667849448738553,True,9,1,3,3,"fly (3,1)",0.20000000000000018,8.063227016885662,0.7848030018761847,8.101329870927904,40.506649354639485,-3.92401500938092,1.783876641651015,56.604908099037694,-4.8781536697248375,,,,,,
41,8.2,667.28125,770.15625,662,769,13,3,86.28125,,0.84375,,0.84375,,0.4874646892655367,0.0013900329489291599,True,9,1,3,3,"fly (3,1)",0.1999999999999993,15.035096153846098,1.01778846153843,15.069505954338332,75.34752977169192,-5.088942307692168,1.352644230769215,57.92708956316571,-4.506478658536539,,,,,,
0,0.0,648.1887755102041,683.045918367347,640,677,18,13,67.1887755102041,,87.95408163265301,,87.95408163265301,,0.3795976017525655,0.14489964025148766,True,10,2,3,3,"fly (3,2)",,,,,,,84.59526741731173,28.29091880681461,-16.794071076706416,,,,,,
1,0.2,657.2955665024631,689.7635467980296,649,682,18,16,76.29556650246309,,81.23645320197045,,81.23645320197045,,0.4310483983190005,0.13383270708726597,True,10,2,3,3,"fly (3,2)",0.2,9.106790992258993,6.717628430682566,11.316367522725844,56.58183761362922,-33.58814215341283,81.54763859566815,29.124398292296107,-20.83616780045342,,,,,,
2,0.4,659.4095238095238,695.547619047619,652,687,17,18,78.40952380952376,,75.45238095238096,,75.45238095238096,,0.4429916599408122,0.12430375774692086,True,10,2,3,3,"fly (3,2)",0.2,2.113957307060673,5.784072249589485,6.158271452651821,30.791357263259105,-28.920361247947426,76.76831596614242,32.76060660023016,-23.896613147628614,,,,,,
3,0.6,660.5876777251185,697.3838862559242,653,689,17,18,79.58767772511851,,73.61611374407585,,73.61611374407585,,0.449647896752082,0.1212786058386752,True,10,2,3,3,"fly (3,2)",0.19999999999999996,1.1781539155947485,1.8362672083051166,2.1817249847604314,10.90862492380216,-9.181336041525585,74.01507962750111,16.812403474335863,-13.766181693206553,,,,,,
4,0.8,662.2139534883721,698.0232558139535,653,691,20,15,81.21395348837211,,72.97674418604652,,72.97674418604652,,0.45883589541453174,0.12022527872495307,True,10,2,3,3,"fly (3,2)",0.20000000000000007,1.6262757632536022,0.6393695580293297,1.7474456471892643,8.737228235946318,-3.1968477901466477,74.67505744686757,14.00736787776701,3.29988909683228,,,,,,
5,1.0,662.6331877729258,693.5676855895197,653,687,21,14,81.6331877729258,,77.43231441048033,,77.43231441048033,,0.461204450694496,0.12756559210952279,True,10,2,3,3,"fly (3,2)",0.19999999999999996,0.4192342845536814,-4.455570224433814,4.475250094710509,22.37625047355255,22.27785112216907,88.99177455225595,40.54577006184735,28.10141813831895,,,,,,
8,1.6,700.2971887550201,654.433734939759,693,644,16,24,119.2971887550201,,116.566265060241,,116.566265060241,,0.6739954166950288,0.19203668049463096,True,10,2,3,3,"fly (3,2)",0.6000000000000001,37.66400098209431,-39.13395064976066,54.31429888562591,90.52383147604317,65.22325108293442,111.42699049909977,81.34236156144341,68.69391234559619,,,,,,
9,1.8,711.4916943521595,630.717607973422,704,619,17,25,130.49169435215947,,140.282392026578,,140.282392026578,,0.7372412110291495,0.23110772986256672,True,10,2,3,3,"fly (3,2)",0.19999999999999996,11.194505597139369,-23.716126966337015,26.225400546946894,131.1270027347345,118.5806348316851,140.34066347338413,115.13686675074605,101.08619748279885,,,,,,
10,2.0,717.9633333333334,606.8266666666666,711,595,15,26,136.96333333333337,,164.1733333333334,,164.1733333333334,,0.7738041431261772,0.27046677649643064,True,10,2,3,3,"fly (3,2)",0.19999999999999996,6.471638981173896,-23.890941306755394,24.751953208292083,123.75976604146044,119.454706533777,163.45223848630712,121.71778478834786,115.55787506461492,,,,,,
11,2.2,721.7392739273928,585.09900990099,715,573,15,26,140.7392739273928,,185.90099009900996,,185.90099009900996,,0.7951371408327276,0.30626192767546945,True,10,2,3,3,"fly (3,2)",0.20000000000000018,3.7759405940594206,-21.727656765676556,22.053317117769744,110.26658558884863,108.63828382838268,186.05810781078114,115.15166004189126,113.02934662237004,,,,,,
12,2.4,723.7033333333334,562.9,717,550,14,27,142.70333333333338,,208.10000000000002,,208.10000000000002,,0.8062335216572507,0.34283360790774303,True,10,2,3,3,"fly (3,2)",0.19999999999999973,1.9640594059405885,-22.199009900990063,22.285725699072906,111.42862849536468,110.99504950495046,209.6729068651546,118.80940548593226,118.07399527186737,,,,,,
13,2.6,724.950354609929,535.9822695035461,719,524,13,26,143.95035460992904,,235.01773049645385,,235.01773049645385,,0.8132788396041188,0.3871791276712584,True,10,2,3,3,"fly (3,2)",0.20000000000000018,1.2470212765956603,-26.917730496453828,26.94660047471671,134.73300237358345,134.58865248226903,232.7489209181728,115.57389655681222,115.38007026509098,,,,,,
14,2.8,724.7813620071685,515.8709677419355,719,504,13,26,143.78136200716847,,255.1290322580645,,255.1290322580645,,0.812324079136545,0.42031142052399423,True,10,2,3,3,"fly (3,2)",0.19999999999999973,-0.16899260276056793,-20.11130176161066,20.112011760297673,100.5600588014885,100.55650880805344,257.22735957988283,122.59707963552894,122.39219330855013,,,,,,
15,3.0,727.003717472119,489.4646840148699,721,477,14,27,146.00371747211898,,281.5353159851301,,281.5353159851301,,0.8248797597294858,0.4638143591188305,True,10,2,3,3,"fly (3,2)",0.20000000000000018,2.2223554649505104,-26.406283727065613,26.499635546303,132.4981777315149,132.03141863532795,279.06970812086587,109.37042665727024,109.21174270491515,,,,,,
16,3.2,727.2126865671642,470.45522388059703,721,458,14,27,146.21268656716416,,300.54477611940297,,300.54477611940297,,0.8260603760856732,0.4951314268853426,True,10,2,3,3,"fly (3,2)",0.20000000000000018,0.2089690950451768,-19.009460134272842,19.010608687761486,95.05304343880735,95.04730067136413,298.71814421070366,99.39226603793792,98.242180449189,,,,,,
17,3.4,731.2709832134292,456.92565947242207,722,445,21,28,150.2709832134292,,314.07434052757793,,314.07434052757793,,0.8489886057255887,0.5174206598477396,True,10,2,3,3,"fly (3,2)",0.19999999999999973,4.058296646265035,-13.529564408174963,14.125115388698273,70.62557694349145,67.6478220408749,309.5361084266915,56.197853252865656,54.08982107993902,,,,,,
18,3.6,730.6942446043165,457.01079136690646,725,445,13,26,149.6942446043165,,313.98920863309354,,313.98920863309354,,0.845730195504613,0.5172804096097093,True,10,2,3,3,"fly (3,2)",0.20000000000000018,-0.5767386091126809,0.08513189448439107,0.5829878752596243,2.914939376298119,-0.42565947242195495,317.1202821526563,41.442762267728654,37.92086862982392,,,,,,
19,3.8,734.7606177606177,447.7027027027027,729,436,14,25,153.76061776061772,,323.2972972972973,,323.2972972972973,,0.8687040551447329,0.5326149873102097,True,10,2,3,3,"fly (3,2)",0.19999999999999973,4.066373156301211,-9.308088664203751,10.15755409667925,50.78777048339632,46.54044332101882,326.0578675681948,47.40112804356386,44.68792707769268,,,,,,
20,4.0,736.733870967742,430.11290322580646,731,419,12,25,155.73387096774195,,340.88709677419354,,340.88709677419354,,0.8798523783488246,0.5615932401551789,True,10,2,3,3,"fly (3,2)",0.20000000000000018,1.9732532071242304,-17.589799476896246,17.700134854199433,88.50067427099708,87.94899738448116,341.1276022566345,76.94985357045816,75.34867344219859,,,,,,
21,4.2,736.5515873015872,411.8015873015873,731,400,12,25,155.55158730158723,,359.1984126984127,,359.1984126984127,,0.8788225271276114,0.5917601527156717,True,10,2,3,3,"fly (3,2)",0.20000000000000018,-0.18228366615471714,-18.311315924219173,18.312223191396217,91.56111595698101,91.55657962109578,357.5088181181654,82.18388212695695,81.90607930765408,,,,,,
22,4.4,735.3385826771654,398.5590551181102,730,387,13,25,154.3385826771654,,372.4409448818898,,372.4409448818898,,0.8719693936563017,0.6135765154561611,True,10,2,3,3,"fly (3,2)",0.20000000000000018,-1.213004624421842,-13.242532183477067,13.297971230578545,66.48985615289267,66.21266091738528,368.3711537219867,54.40604696570292,54.31167801910633,,,,,,
23,4.6,735.3147410358565,397.52589641434264,730,386,13,25,154.3147410358565,,373.47410358565736,,373.47410358565736,,0.8718346951178334,0.6152785891032246,True,10,2,3,3,"fly (3,2)",0.1999999999999993,-0.023841641308877115,-1.0331587037675831,1.0334337574469945,5.167168787234991,5.165793518837934,374.8923817472469,37.12490943831836,32.60614012630136,,,,,,
24,4.8,729.3870967741935,392.23790322580646,723,381,14,24,148.38709677419354,,378.76209677419354,,378.76209677419354,,0.8383451795152177,0.6239902747515544,True,10,2,3,3,"fly (3,2)",0.20000000000000018,-5.9276442616629765,-5.287993188536177,7.943540674965479,39.71770337482736,26.43996594268086,379.50534525026586,30.76441723293995,23.064817515094457,,,,,,
25,5.0,723.6090534979423,384.72016460905354,717,374,14,24,142.60905349794234,,386.27983539094646,,386.27983539094646,,0.8057008672200132,0.6363753466078196,True,10,2,3,3,"fly (3,2)",0.20000000000000018,-5.778043276251196,-7.517738616752922,9.481675907351494,47.40837953675743,37.588693083764575,385.7857616207452,42.72750152690713,31.402081852396833,,,,,,
26,5.2,718.0414937759336,378.6846473029045,711,368,15,23,137.04149377593365,,392.3153526970955,,392.3153526970955,,0.7742457275476478,0.6463185382159727,True,10,2,3,3,"fly (3,2)",0.20000000000000018,-5.567559722008696,-6.035517306149018,8.211284333827312,41.05642166913652,30.17758653074506,393.1261738071251,47.95499083634096,36.70206093189958,,,,,,
27,5.4,710.8958333333334,370.2166666666667,703,360,17,22,129.89583333333337,,400.7833333333333,,400.7833333333333,,0.7338747645951038,0.6602690829214717,True,10,2,3,3,"fly (3,2)",0.20000000000000018,-7.145660442600274,-8.467980636237826,11.080034260625782,55.40017130312886,42.339903181189094,400.9988817380341,49.306691887547565,39.363539654545086,,,,,,
28,5.6,706.1142857142858,361.1020408163265,699,350,16,24,125.11428571428576,,409.8979591836735,,409.8979591836735,,0.7068603712671512,0.6752849409945197,True,10,2,3,3,"fly (3,2)",0.1999999999999993,-4.781547619047615,-9.11462585034019,10.29269653807541,51.463482690377226,45.57312925170111,411.1437641723356,58.86081219108123,50.72441217150756,,,,,,
29,5.8,700.7056451612904,348.25,694,337,15,24,119.70564516129036,,422.75,,422.75,,0.6763030800072902,0.6964579901153213,True,10,2,3,3,"fly (3,2)",0.20000000000000018,-5.408640552995394,-12.852040816326507,13.943756515947516,69.71878257973752,64.26020408163248,423.4884731670447,69.46986456385855,61.7235449735451,,,,,,
30,6.0,691.9126984126984,333.18253968253964,685,322,15,24,110.91269841269843,,437.81746031746036,,437.81746031746036,,0.6266254147610081,0.721280824246228,True,10,2,3,3,"fly (3,2)",0.20000000000000018,-8.79294674859193,-15.067460317460359,17.44546568429218,87.22732842146083,75.33730158730172,433.6147133864526,58.37696710271516,50.63120109703956,,,,,,
31,6.2,689.2332015810276,330.72332015810275,682,319,16,24,108.23320158102763,,440.27667984189725,,440.27667984189725,,0.611487014582077,0.7253322567411816,True,10,2,3,3,"fly (3,2)",0.20000000000000018,-2.6794968316708037,-2.4592195244368895,3.6369580613894184,18.184790306947075,12.296097622184437,441.13563245366794,43.84449136622114,37.60459533607679,,,,,,
32,6.4,687.843621399177,325.6872427983539,681,314,15,24,106.84362139917698,,445.3127572016461,,445.3127572016461,,0.6036362790913954,0.7336289245496641,True,10,2,3,3,"fly (3,2)",0.20000000000000018,-1.389580181850647,-5.036077359748845,5.224271074051094,26.121355370255447,25.180386798744202,444.51897223944667,20.2181143335287,16.916698928894036,,,,,,
33,6.6,685.9349593495936,323.0325203252032,679,312,16,23,104.93495934959356,,447.9674796747968,,447.9674796747968,,0.5928528776813196,0.738002437685003,True,10,2,3,3,"fly (3,2)",0.1999999999999993,-1.9086620495834268,-2.6547224731506844,3.2696394646766933,16.348197323383523,13.27361236575347,447.7104921819548,17.849212085473027,15.957599712540407,,,,,,
34,6.8,684.7685950413223,321.1487603305785,678,310,15,24,103.76859504132233,,449.8512396694215,,449.8512396694215,,0.5862632488210301,0.7411058314158508,True,10,2,3,3,"fly (3,2)",0.20000000000000018,-1.166364308271227,-1.883759994624711,2.215616712556012,11.07808356278005,9.418799973123546,450.29113561473946,14.879798023468618,12.903217163923188,,,,,,
35,7.0,683.5078125,317.9453125,676,306,16,25,102.5078125,,453.0546875,,453.0546875,,0.5791401836158192,0.7463833401976936,True,10,2,3,3,"fly (3,2)",0.20000000000000018,-1.2607825413223281,-3.2034478305785115,3.442622636848448,17.213113184242225,16.017239152892543,500.4701371581181,137.26191508471464,129.68684371278252,,,,,,
37,7.4,634.7713004484305,172.49551569506727,618,165,36,19,53.77130044843045,,598.5044843049327,,598.5044843049327,,0.303792657900737,0.986004092759362,True,10,2,3,3,"fly (3,2)",0.40000000000000036,-48.73651205156955,-145.44979680493273,153.39781940284877,383.4945485071216,363.6244920123314,525.7795859024664,200.35383084568195,189.820865582612,,,,,,
0,0.0,642.123076923077,489.1128205128205,637,480,12,20,61.12307692307695,,281.8871794871795,,281.8871794871795,,0.3453281182094743,0.4643940353989777,True,11,3,3,3,"fly (3,3)",,,,,,,278.52901687926817,17.855741866655215,-16.790813039556696,,,,,,
1,0.2,644.5527638190955,495.8291457286432,639,486,12,21,63.5527638190955,,275.1708542713568,,275.1708542713568,,0.3590551628197486,0.45332924921146095,True,11,3,3,3,"fly (3,3)",0.2,2.429686896018552,6.716325215822678,7.142296746662086,35.71148373331043,-33.58162607911339,271.63861788791655,40.80681145974416,-40.04893263661027,,,,,,
2,0.4,643.5545023696683,513.1421800947867,637,504,14,20,62.554502369668285,,257.8578199052133,,257.8578199052133,,0.35341526762524456,0.42480695206789676,True,11,3,3,3,"fly (3,3)",0.2,-0.9982614494272184,17.313034366143484,17.34179012918441,86.70895064592204,-86.56517183071742,257.5095580588567,74.0567543559702,-70.64529914529913,,,,,,
3,0.6,635.7447916666666,531.5,629,523,15,19,54.74479166666663,,239.5,,239.5,,0.30929260828625216,0.39456342668863265,True,11,3,3,3,"fly (3,3)",0.19999999999999996,-7.809710703001656,18.35781990521332,19.949965737735614,99.7498286886781,-91.78909952606661,241.23408811655258,89.68338836428897,-81.37734971152061,,,,,,
4,0.8,625.7555555555556,544.6555555555556,619,537,16,17,44.75555555555559,,226.34444444444443,,226.34444444444443,,0.25285624607658524,0.37289035328574044,True,11,3,3,3,"fly (3,3)",0.20000000000000007,-9.98923611111104,13.155555555555566,16.51827715165337,82.59138575826681,-65.7777777777778,229.38024691358024,71.88583889347727,-59.26920601486169,,,,,,
5,1.0,620.4629629629629,548.7037037037037,614,542,15,15,39.46296296296293,,222.2962962962963,,222.2962962962963,,0.22295459301109002,0.36622124595765454,True,11,3,3,3,"fly (3,3)",0.19999999999999996,-5.292592592592655,4.04814814814813,6.663260446697381,33.31630223348691,-20.24074074074065,222.2962870138309,50.74668206234829,-35.41979949874681,,,,,,
6,1.2,614.4285714285714,552.7518796992481,608,547,15,13,33.428571428571445,,218.2481203007519,,218.2481203007519,,0.18886198547215505,0.3595520927524743,True,11,3,3,3,"fly (3,3)",0.19999999999999996,-6.034391534391489,4.048175995544398,7.266471639058226,36.332358195291135,-20.240879977721992,219.46352348106734,24.106341223702177,-14.163817663817708,,,,,,
7,1.4,614.0769230769231,553.1538461538462,608,548,14,12,33.076923076923094,,217.8461538461538,,217.8461538461538,,0.18687527162103443,0.3588898745406158,True,11,3,3,3,"fly (3,3)",0.19999999999999996,-0.3516483516483504,0.4019664545980959,0.5340726484656979,2.67036324232849,-2.00983227299048,216.7120773962879,20.95437454551883,-13.757230423897221,,,,,,
8,1.6,611.1958041958042,556.958041958042,606,550,12,16,30.195804195804158,,214.04195804195797,,214.04195804195797,,0.1705977638181026,0.35262266563749256,True,11,3,3,3,"fly (3,3)",0.20000000000000018,-2.8811188811189368,3.8041958041958424,4.772080439787377,23.860402198936864,-19.020979020979194,214.62937062937058,12.5751538116537,-10.413533834586508,,,,,,
9,1.8,612.1140939597316,559.0,607,551,11,17,31.114093959731576,,212.0,,212.0,,0.1757858415804044,0.34925864909390447,True,11,3,3,3,"fly (3,3)",0.19999999999999996,0.9182897639274188,2.041958041957969,2.2389391987391476,11.19469599369574,-10.209790209789846,212.6275741243894,12.092193075820752,-10.008982524905903,,,,,,
10,2.0,612.2993630573249,559.1592356687897,607,551,12,18,31.299363057324854,,211.84076433121027,,211.84076433121027,,0.17683255964590314,0.34899631685537114,True,11,3,3,3,"fly (3,3)",0.19999999999999996,0.18526909759327737,0.1592356687897336,0.24429620696593118,1.221481034829656,-0.7961783439486683,211.66305047599482,5.293657767374336,-4.822618241972994,,,,,,
11,2.2,612.2709677419355,559.8516129032258,607,552,12,17,31.270967741935465,,211.14838709677417,,211.14838709677417,,0.17667213413522861,0.3478556624329064,True,11,3,3,3,"fly (3,3)",0.20000000000000018,-0.028395315389388998,0.6923772344360941,0.692959254719523,3.464796273597612,-3.4618861721804675,208.51748085574164,15.875676541158734,-15.727848101265844,,,,,,
12,2.4,612.5,568.4367088607595,607,560,12,18,31.5,,202.5632911392405,,202.5632911392405,,0.17796610169491525,0.3337121765061623,True,11,3,3,3,"fly (3,3)",0.19999999999999973,0.2290322580645352,8.585095957533667,8.588150463009777,42.94075231504894,-42.925479787668394,205.17718467080408,17.015638886055395,-16.701480924687854,,,,,,
13,2.6,613.055900621118,569.1801242236024,608,561,11,18,32.055900621117985,,201.81987577639757,,201.81987577639757,,0.1811067831701581,0.3324874394998312,True,11,3,3,3,"fly (3,3)",0.20000000000000018,0.5559006211179849,0.7434153628429385,0.9282736139039283,4.641368069519637,-3.7170768142146895,200.21005162248176,25.148952550924566,-24.835665241611604,,,,,,
14,2.8,613.0301204819277,574.7530120481928,608,566,11,19,32.030120481927725,,196.24698795180723,,196.24698795180723,,0.18096113266625832,0.32330640519243364,True,11,3,3,3,"fly (3,3)",0.19999999999999973,-0.025780139190260343,5.572887824590339,5.572947453641018,27.86473726820513,-27.86443912295173,192.92879197444225,36.855361871246124,-36.40629824019753,,,,,,
15,3.0,614.6524390243902,590.280487804878,610,582,11,18,33.65243902439022,,180.71951219512198,,180.71951219512198,,0.1901267741490973,0.29772572025555516,True,11,3,3,3,"fly (3,3)",0.20000000000000018,1.6223185424624944,15.527475756685249,15.611996055202734,78.0599802760136,-77.63737878342617,182.29904532835982,53.55226579142405,-53.148733230412184,,,,,,
16,3.2,616.5028901734104,601.0693641618498,611,593,12,18,35.50289017341038,,169.93063583815024,,169.93063583815024,,0.2005813004147479,0.2799516241155688,True,11,3,3,3,"fly (3,3)",0.20000000000000018,1.8504511490201594,10.788876356971741,10.946415966010695,54.73207983005343,-53.944381784858656,170.79487043670278,58.013457965399105,-57.5208744582852,,,,,,
17,3.4,615.5649717514125,609.2655367231639,610,601,12,18,34.564971751412486,,161.7344632768361,,161.7344632768361,,0.19528232627916658,0.266448868660356,True,11,3,3,3,"fly (3,3)",0.19999999999999973,-0.9379184219978924,8.196172561314143,8.249662758026043,41.24831379013027,-40.98086280657077,164.4060572468949,32.29628330327006,-31.944065949039288,,,,,,
18,3.6,615.5754189944134,609.4469273743016,610,601,12,19,34.57541899441344,,161.5530726256984,,161.5530726256984,,0.1953413502509234,0.2661500372746267,True,11,3,3,3,"fly (3,3)",0.20000000000000018,0.010447243000953677,0.18139065113768993,0.18169125792529509,0.9084562896264746,-0.9069532556884489,159.52917863417815,19.806820638892265,-19.173499208835114,,,,,,
20,4.0,612.6454545454545,615.7,603,605,20,23,31.645454545454527,,155.29999999999995,,155.29999999999995,,0.1787878787878787,0.25584843492586484,True,11,3,3,3,"fly (3,3)",0.3999999999999999,-2.9299644489589127,6.253072625698451,6.905476734768022,17.263691836920056,-15.63268156424613,151.88037203465308,35.189967867832216,-33.033139142876635,,,,,,
21,4.2,618.3804347826087,632.2119565217391,613,623,12,20,37.380434782608745,,138.78804347826087,,138.78804347826087,,0.21118889707688557,0.228645870639639,True,11,3,3,3,"fly (3,3)",0.20000000000000018,5.734980237154218,16.51195652173908,17.47955109539004,87.39775547695012,-82.55978260869533,135.10573671497585,81.35624356770859,-78.66228274363733,,,,,,
22,4.4,622.609375,659.7708333333333,617,651,12,19,41.609375,,111.22916666666674,,111.22916666666674,,0.23508121468926554,0.18324409665019234,True,11,3,3,3,"fly (3,3)",0.20000000000000018,4.228940217391255,27.558876811594132,27.88145667785114,139.40728338925558,-137.79438405797055,114.05505644286704,107.4308392098751,-105.25340136054416,,,,,,
23,4.6,623.3979591836735,678.8520408163265,618,669,12,21,42.39795918367349,,92.14795918367349,,92.14795918367349,,0.2395364925631271,0.15180882896816061,True,11,3,3,3,"fly (3,3)",0.1999999999999993,0.7885841836734926,19.08120748299325,19.097495752683848,95.48747876341957,-95.40603741496659,98.42070861678008,78.79637029619586,-78.17173913043489,,,,,,
24,4.8,623.54,679.115,618,669,12,21,42.539999999999964,,91.88499999999999,,91.88499999999999,,0.24033898305084725,0.15137561779242173,True,11,3,3,3,"fly (3,3)",0.20000000000000018,0.14204081632647103,0.2629591836735017,0.29886974718248865,1.4943487359124419,-1.3147959183675073,91.942993028057,32.53452704284613,-32.38857794361547,,,,,,
25,5.0,623.6268656716418,679.2039800995025,618,669,12,21,42.62686567164178,,91.79601990049753,,91.79601990049753,,0.2408297495572982,0.1512290278426648,True,11,3,3,3,"fly (3,3)",0.20000000000000018,0.08686567164181724,0.08898009950246433,0.12435072584127713,0.6217536292063851,-0.44490049751232125,91.4597110360149,3.2674297473849947,-2.416409960210518,,,,,,
26,5.2,624.7028301886793,680.3018867924528,619,670,13,22,43.702830188679286,,90.69811320754718,,90.69811320754718,,0.24690864513378127,0.1494202853501601,True,11,3,3,3,"fly (3,3)",0.20000000000000018,1.0759645170375052,1.097906692950346,1.5372373754072326,7.686186877036156,-5.489533464751726,90.14377705855918,9.276879749663982,-6.5796698872785875,,,,,,
27,5.4,627.463768115942,683.0628019323672,621,673,14,21,46.463768115942,,87.93719806763283,,87.93719806763283,,0.26250716449684747,0.14487182548209693,True,11,3,3,3,"fly (3,3)",0.20000000000000018,2.7609379272627166,2.7609151399143457,3.9045397485498845,19.522698742749405,-13.804575699571716,87.35769976453771,17.04989441268889,-13.930386470107331,,,,,,
28,5.6,629.1013824884792,687.5622119815669,623,677,14,22,48.1013824884792,,83.43778801843314,,83.43778801843314,,0.27175922309875256,0.13745928833349777,True,11,3,3,3,"fly (3,3)",0.1999999999999993,1.6376143725372003,4.499410049199696,4.788159523656206,23.940797618281113,-22.497050245998558,84.90825395693976,14.90597329840755,-12.24722903798979,,,,,,
29,5.8,629.3363228699552,687.6502242152467,623,677,14,23,48.33632286995521,,83.34977578475332,,83.34977578475332,,0.2730865698867526,0.13731429289086214,True,11,3,3,3,"fly (3,3)",0.20000000000000018,0.23494038147600804,0.08801223367981947,0.25088470683842673,1.2544235341921326,-0.440061168399097,83.29554013565333,8.820195409894476,-8.063569106432196,,,,,,
30,6.0,629.3018867924528,687.9009433962265,623,678,14,22,48.30188679245282,,83.09905660377353,,83.09905660377353,,0.2728920157765696,0.13690124646420682,True,11,3,3,3,"fly (3,3)",0.20000000000000018,-0.03443607750239153,0.25071918097978596,0.25307301544203675,1.2653650772101825,-1.2535959048989287,83.24177669479313,1.1398368178658695,-0.26881720430102,,,,,,
31,6.2,629.331797235023,687.7235023041475,623,677,14,23,48.33179723502303,,83.27649769585253,,83.27649769585253,,0.27306100132781375,0.13719357116285424,True,11,3,3,3,"fly (3,3)",0.20000000000000018,0.02991044257021258,-0.17744109207899328,0.17994436843905884,0.8997218421952934,0.8872054603949656,79.88335470118254,18.37022985987895,-16.79210996805294,,,,,,
32,6.4,632.8088235294117,697.7254901960785,627,688,13,21,51.80882352941171,,73.27450980392155,,73.27450980392155,,0.2927052176802922,0.12071583163743253,True,11,3,3,3,"fly (3,3)",0.20000000000000018,3.477026294388679,10.00198789193098,10.589120532046286,52.94560266023138,-50.00993945965486,72.31161529453748,43.9165366227224,-37.85869703322539,,,,,,
33,6.6,641.560606060606,710.6161616161617,636,701,13,20,60.560606060606005,,60.38383838383834,,60.38383838383834,,0.3421503167265876,0.09947914066530204,True,11,3,3,3,"fly (3,3)",0.1999999999999993,8.751782531194294,12.890671420083208,15.580857073148051,77.90428536574053,-64.45335710041627,61.256300317192995,64.0543712383011,-55.27657488672242,,,,,,
34,6.8,648.2562814070352,720.8894472361809,642,711,14,20,67.2562814070352,,50.1105527638191,,50.1105527638191,,0.3799789910001989,0.08255445265868055,True,11,3,3,3,"fly (3,3)",0.20000000000000018,6.695675346429198,10.273285620019237,12.262645137786292,61.313225688931404,-51.366428100096144,51.33146371588581,75.36032377658344,-49.624183006535965,,,,,,
35,7.0,664.3221153846154,727.5,656,720,18,17,83.32211538461536,,43.5,,43.5,,0.4707464146023467,0.07166392092257001,True,11,3,3,3,"fly (3,3)",0.20000000000000018,16.065833977580155,6.610552763819101,17.37269205501569,86.86346027507838,-33.052763819095475,43.98181947473214,72.83585780076886,-36.74822120576832,,,,,,
36,7.2,677.4056603773585,732.6650943396227,669,725,18,17,96.40566037735846,,38.33490566037733,,38.33490566037733,,0.5446647478946806,0.06315470454757385,True,11,3,3,3,"fly (3,3)",0.20000000000000018,13.0835449927431,5.165094339622669,14.066177487659367,70.33088743829677,-25.825471698113326,37.46568927417983,80.94748137083705,-32.58065100276153,,,,,,
37,7.4,692.6702702702703,740.4378378378378,685,733,17,16,111.6702702702703,,30.562162162162167,,30.562162162162167,,0.6309054817529395,0.05034952580257359,True,11,3,3,3,"fly (3,3)",0.20000000000000018,15.264609892911835,7.7727434982151635,17.129619279827207,85.64809639913595,-38.86371749107578,31.39940139539196,88.34137824491138,-30.331439393939387,,,,,,
38,7.6,713.8352272727273,745.6988636363636,705,740,19,13,132.83522727272725,,25.301136363636374,,25.301136363636374,,0.7504815100154082,0.04168226748539765,True,11,3,3,3,"fly (3,3)",0.1999999999999993,21.16495700245696,5.261025798525793,21.809030179460198,109.04515089730138,-26.305128992629058,27.189849508599497,73.13758013593093,-21.047759433962316,,,,,,
39,7.8,718.7625,745.29375,711,740,17,13,137.76250000000005,,25.706249999999955,,25.706249999999955,,0.7783192090395483,0.04234967051070833,True,11,3,3,3,"fly (3,3)",0.20000000000000018,4.927272727272793,-0.40511363636358055,4.9438986222710914,24.719493111355437,2.025568181817901,25.299702036286437,70.2535221896576,-9.450737361565333,,,,,,
40,8.0,734.140127388535,746.108280254777,726,741,17,12,153.140127388535,,24.891719745222986,,24.891719745222986,,0.8651984598222316,0.04100777552755022,True,11,3,3,3,"fly (3,3)",0.20000000000000018,15.377627388534961,0.8145302547769688,15.399184512063215,76.995922560316,-4.072651273884841,24.987202036286437,42.73074030549268,-1.5625000000000024,,,,,,
41,8.2,739.4090909090909,746.6363636363636,736,742,7,12,158.40909090909088,,24.363636363636374,,24.363636363636374,,0.8949666153055982,0.04013778643103192,True,11,3,3,3,"fly (3,3)",0.1999999999999993,5.268963520555872,0.5280833815866117,5.295361048961296,26.476805244806574,-2.640416907933068,24.526979168069413,35.980984173667096,-2.301114341085131,,,,,,
42,8.4,740.3023255813953,746.6744186046511,738,742,5,11,159.30232558139528,,24.325581395348877,,24.325581395348877,,0.9000131388779394,0.040075092908317754,True,11,3,3,3,"fly (3,3)",0.20000000000000107,0.893234672304402,0.038054968287497104,0.8940449431757415,4.470224715878683,-0.1902748414374845,23.30666232991818,11.41727331475252,-1.9751679713167156,,,,,,
47,9.4,741.4615384615385,749.7692307692307,741,747,2,7,160.46153846153845,,21.230769230769283,,21.230769230769283,,0.9065623641894828,0.03497655556963638,True,11,3,3,3,"fly (3,3)",1.0,1.1592128801431727,3.0948121645795936,3.3047899835722783,3.3047899835722783,-3.0948121645795936,22.77817531305908,3.887507349725494,-1.6425435030085394,,,,,,
0,0.0,605.3818181818182,458.2818181818182,601,452,10,14,24.381818181818176,,312.7181818181818,,312.7181818181818,,0.1377503852080123,0.5151864609854725,True,12,4,3,3,"fly (3,4)",,,,,,,316.67763929618764,19.840154987986544,19.797287390029368,,,,,,
1,0.2,605.9032258064516,450.36290322580646,601,444,11,15,24.903225806451587,,320.63709677419354,,320.63709677419354,,0.14069619099690162,0.528232449380879,True,12,4,3,3,"fly (3,4)",0.2,0.5214076246334116,-7.918914956011747,7.936061995194619,39.68030997597309,39.594574780058736,320.57977885446326,26.5100408937755,26.109793588054515,,,,,,
2,0.4,607.7753623188406,442.6159420289855,603,436,11,16,26.77536231884062,,328.3840579710145,,328.3840579710145,,0.15127323343977753,0.5409951531647685,True,12,4,3,3,"fly (3,4)",0.2,1.8721365123890337,-7.746961196820962,7.969962541070682,39.84981270535341,38.73480598410481,327.13050837185943,34.09451826014301,32.75364758698098,,,,,,
3,0.6,609.9703703703703,438.6296296296296,605,432,11,15,28.970370370370347,,332.3703703703704,,332.3703703703704,,0.16367440887214885,0.5475623894075294,True,12,4,3,3,"fly (3,4)",0.19999999999999996,2.195008051529726,-3.9863123993558816,4.550686419820505,22.753432099102533,19.93156199677941,331.9639443071792,25.658169449435334,24.16717967659859,,,,,,
4,0.8,610.7480916030535,435.8625954198473,606,429,11,15,29.748091603053467,,335.1374045801527,,335.1374045801527,,0.16806831414154502,0.5521209301155728,True,12,4,3,3,"fly (3,4)",0.20000000000000007,0.7777212326831204,-2.7670342097823095,2.874252708770014,14.371263543850066,13.835171048911542,334.442695816841,13.928777067865857,12.393757548309168,,,,,,
5,1.0,611.3828125,435.1796875,606,429,12,14,30.3828125,,335.8203125,,335.8203125,,0.1716543079096045,0.5532459843492586,True,12,4,3,3,"fly (3,4)",0.19999999999999996,0.6347208969465328,-0.6829079198473096,0.9323271121289944,4.6616355606449735,3.414539599236549,336.08990569338425,9.462434831406574,8.23604938271605,,,,,,
6,1.2,612.512,433.688,607,428,13,13,31.511999999999944,,337.312,,337.312,,0.17803389830508443,0.5557034596375618,True,12,4,3,3,"fly (3,4)",0.19999999999999996,1.1291874999999436,-1.4916875000000118,1.8708810779449365,9.354405389724684,7.458437500000061,336.9210272435898,5.243576670842291,4.1556077510275236,,,,,,
7,1.4,612.6384615384616,433.3692307692308,607,427,13,14,31.63846153846157,,337.6307692307692,,337.6307692307692,,0.17874837027379417,0.5562286148777087,True,12,4,3,3,"fly (3,4)",0.19999999999999996,0.12646153846162633,-0.31876923076919184,0.3429378124314431,1.714689062157216,1.5938461538459596,337.4994415954416,3.817942842211897,2.8920717592592395,,,,,,
8,1.6,612.6222222222223,433.44444444444446,607,427,13,14,31.622222222222263,,337.55555555555554,,337.55555555555554,,0.17865662272441957,0.5561047043748856,True,12,4,3,3,"fly (3,4)",0.20000000000000018,-0.0162393162393073,0.07521367521366074,0.07694681495075852,0.38473407475379223,-0.37606837606830334,337.5559354226021,0.8238802508360306,0.2824691358024251,,,,,,
9,1.8,612.6296296296297,433.51851851851853,607,427,13,14,31.629629629629676,,337.48148148148147,,337.48148148148147,,0.17869847248378348,0.5559826713039233,True,12,4,3,3,"fly (3,4)",0.19999999999999996,0.007407407407413302,0.07407407407407618,0.07444352311941668,0.3722176155970835,-0.37037037037038095,337.5147966594045,0.32357866107245553,-0.2056938159878995,,,,,,
10,2.0,612.5955882352941,433.49264705882354,607,427,13,14,31.595588235294144,,337.50735294117646,,337.50735294117646,,0.1785061482220008,0.5560252931485609,True,12,4,3,3,"fly (3,4)",0.19999999999999996,-0.03404139433553155,-0.025871459694997156,0.042756858573298175,0.21378429286649092,0.1293572984749858,337.4838403299407,0.3423338590354143,-0.15478164731897923,,,,,,
11,2.2,612.6716417910447,433.53731343283584,607,427,13,14,31.67164179104475,,337.46268656716416,,337.46268656716416,,0.17893582932793645,0.555951707688903,True,12,4,3,3,"fly (3,4)",0.20000000000000018,0.07605355575060457,0.04466637401230855,0.08819993372853378,0.44099966864266854,-0.22333187006154256,337.4875621890547,0.40099188170858335,0.01860929557011573,,,,,,
12,2.4,612.5661764705883,433.50735294117646,607,427,13,14,31.56617647058829,,337.49264705882354,,337.49264705882354,,0.17833998005982085,0.556001065994767,True,12,4,3,3,"fly (3,4)",0.19999999999999973,-0.10546532045646018,-0.02996049165938075,0.109638336723318,0.5481916836165908,0.14980245829690395,337.39430661096145,0.8451249808022046,-0.4662778904665283,,,,,,
13,2.6,612.4068965517241,433.77241379310345,606,427,14,15,31.406896551724117,,337.22758620689655,,337.22758620689655,,0.17744009351256562,0.555564392433108,True,12,4,3,3,"fly (3,4)",0.20000000000000018,-0.15927991886417203,0.26506085192698947,0.30923671802947117,1.5461835901473544,-1.3253042596349462,337.4274256871135,1.3346187599745967,0.16559538076042793,,,,,,
14,2.8,612.5912408759124,433.4379562043796,607,427,13,14,31.591240875912376,,337.5620437956204,,337.5620437956204,,0.17848158686956145,0.556115393402999,True,12,4,3,3,"fly (3,4)",0.19999999999999973,0.18434432418825963,-0.3344575887238648,0.3818962012319683,1.9094810061598442,1.672287943619326,337.45233529634726,1.4518421374152022,0.12454804616879868,,,,,,
15,3.0,612.4113475177305,433.4326241134752,606,427,14,14,31.41134751773052,,337.5673758865248,,337.5673758865248,,0.17746524021316679,0.5561241777372732,True,12,4,3,3,"fly (3,4)",0.20000000000000018,-0.17989335818185737,-0.0053320909044032305,0.17997236318768184,0.8998618159384084,0.02666045452201613,337.5638211592552,1.2364015460122204,0.5574293145397754,,,,,,
16,3.2,612.5912408759124,433.4379562043796,607,427,13,14,31.591240875912376,,337.5620437956204,,337.5620437956204,,0.17848158686956145,0.556115393402999,True,12,4,3,3,"fly (3,4)",0.20000000000000018,0.17989335818185737,0.0053320909044032305,0.17997236318768184,0.8998618159384084,-0.02666045452201613,337.56559852289,0.8998618159384092,0.008886818174005396,,,,,,
17,3.4,612.4113475177305,433.4326241134752,606,427,14,14,31.41134751773052,,337.5673758865248,,337.5673758865248,,0.17746524021316679,0.5561241777372732,True,12,4,3,3,"fly (3,4)",0.19999999999999973,-0.17989335818185737,-0.0053320909044032305,0.17997236318768184,0.8998618159384104,0.026660454522016187,337.5914490727924,1.1495490026378752,0.12925274951176854,,,,,,
18,3.6,612.731884057971,433.3550724637681,607,427,14,14,31.731884057971,,337.6449275362319,,337.6449275362319,,0.17927618111848023,0.5562519399278943,True,12,4,3,3,"fly (3,4)",0.20000000000000018,0.3205365402404823,-0.07755164970706119,0.32978467520736165,1.6489233760368067,0.3877582485353056,337.5404647772825,1.2837839383027805,-0.25492147754912803,,,,,,
19,3.8,612.6212121212121,433.59090909090907,607,428,13,13,31.621212121212125,,337.40909090909093,,337.40909090909093,,0.17865091593905155,0.5558634117118467,True,12,4,3,3,"fly (3,4)",0.19999999999999973,-0.11067193675887665,0.2358366271409409,0.2605133245866245,1.3025666229331243,-1.179183135704706,337.4970184941199,1.1612103357002639,-0.2172314158129521,,,,,,
20,4.0,612.5185185185185,433.56296296296296,607,428,13,13,31.518518518518476,,337.43703703703704,,337.43703703703704,,0.17807072609332472,0.5559094514613461,True,12,4,3,3,"fly (3,4)",0.20000000000000018,-0.10269360269364824,-0.027946127946108845,0.10642820162617221,0.5321410081308606,0.13973063973054412,337.4599875108647,0.777326702495718,-0.18515491627615263,,,,,,
21,4.2,612.5413533834586,433.4661654135338,607,428,13,13,31.541353383458613,,337.5338345864662,,337.5338345864662,,0.17819973662970967,0.5560689202412952,True,12,4,3,3,"fly (3,4)",0.20000000000000018,0.022834864940136868,-0.09679754942914087,0.09945449528463388,0.49727247642316896,0.4839877471457039,337.4877264386036,0.5074518626222245,0.13869463869459264,,,,,,
22,4.4,612.6307692307693,433.5076923076923,607,428,13,13,31.63076923076926,,337.4923076923077,,337.4923076923077,,0.1787049109083009,0.5560005069066024,True,12,4,3,3,"fly (3,4)",0.20000000000000018,0.08941584731064722,0.04152689415849409,0.09858842066252886,0.4929421033126439,-0.20763447079247024,337.4921746527211,0.437072343724179,0.022241070587085392,,,,,,
23,4.6,612.6793893129772,433.5496183206107,607,428,14,13,31.67938931297715,,337.4503816793893,,337.4503816793893,,0.178979600638289,0.5559314360451224,True,12,4,3,3,"fly (3,4)",0.1999999999999993,0.048620082207889936,0.04192601291839537,0.06420049028734462,0.32100245143672423,-0.2096300645919776,337.51229742341593,0.5468122531952763,0.10061385347427139,,,,,,
24,4.8,612.7608695652174,433.40579710144925,607,427,14,14,31.760869565217376,,337.59420289855075,,337.59420289855075,,0.17943994104642585,0.5561683738032137,True,12,4,3,3,"fly (3,4)",0.20000000000000018,0.08148025224022604,-0.14382121916145252,0.1652984409672923,0.8264922048364607,0.7191060958072619,337.53692034950944,0.5659734967933447,0.12311463046756858,,,,,,
25,5.0,612.6544117647059,433.43382352941177,607,427,13,14,31.654411764705856,,337.56617647058823,,337.56617647058823,,0.17883848454636075,0.5561222017637368,True,12,4,3,3,"fly (3,4)",0.20000000000000018,-0.10645780051152087,0.028026427962515754,0.11008516682136998,0.5504258341068494,-0.14013213981257866,337.58228184485085,0.49487856157393434,0.2268074767070514,,,,,,
26,5.2,612.6616541353384,433.4135338345865,607,427,13,14,31.66165413533838,,337.5864661654135,,337.5864661654135,,0.17887940189456714,0.5561556279496104,True,12,4,3,3,"fly (3,4)",0.20000000000000018,0.007242370632525308,-0.02028969482529419,0.021543529155698585,0.10771764577849283,0.10144847412647087,337.615357764312,0.4245855470540125,0.16537959730593824,,,,,,
27,5.4,612.7226277372263,433.3065693430657,607,427,13,14,31.722627737226276,,337.6934306569343,,337.6934306569343,,0.1792238855210524,0.556331846222297,True,12,4,3,3,"fly (3,4)",0.20000000000000018,0.0609736018878948,-0.10696449152078458,0.12312263225533916,0.6156131612766953,0.5348224576039224,337.6806005280842,1.0422553390113205,0.326213818860879,,,,,,
28,5.6,613.1984126984127,433.23809523809524,607,428,14,12,32.19841269841265,,337.76190476190476,,337.76190476190476,,0.18191193614922402,0.5564446536439946,True,12,4,3,3,"fly (3,4)",0.1999999999999993,0.4757849611863776,-0.06847410497044848,0.480687041995753,2.4034352099787735,0.3423705248522436,336.08085648713075,14.719064629010186,-7.99872020476726,,,,,,
29,5.8,619.7517730496454,438.21276595744683,613,433,16,12,38.75177304964541,,332.78723404255317,,332.78723404255317,,0.21893657090195145,0.5482491499877318,True,12,4,3,3,"fly (3,4)",0.20000000000000018,6.5533603512327545,4.974670719351593,8.227629103155026,41.13814551577509,-24.873353596757944,334.4753167995536,15.841788117343015,-8.027698437885716,,,,,,
30,6.0,620.5434782608696,438.1231884057971,614,433,15,12,39.54347826086962,,332.8768115942029,,332.8768115942029,,0.22340948169982836,0.5483967242079125,True,12,4,3,3,"fly (3,4)",0.20000000000000018,0.7917052112242118,-0.08957755164971104,0.7967567252550369,3.9837836262751813,0.4478877582485548,331.60320508566974,35.53367599325545,-14.360558569419277,,,,,,
31,6.2,632.2594936708861,441.8544303797468,624,437,18,11,51.25949367088606,,329.1455696202532,,329.1455696202532,,0.2896016591575484,0.542249702834025,True,12,4,3,3,"fly (3,4)",0.20000000000000018,11.716015410016439,3.731241973949693,12.295819767543223,61.479098837716066,-18.656209869748448,330.24925660516413,40.07203265977486,-6.769742402528126,,,,,,
32,6.4,643.2020725388601,442.2746113989637,634,437,20,12,62.20207253886008,,328.7253886010363,,328.7253886010363,,0.35142413863762756,0.5415574771022015,True,12,4,3,3,"fly (3,4)",0.20000000000000018,10.94257886797402,0.42018101921689777,10.950643103066676,54.75321551533333,-2.100905096084487,330.21412893090604,71.29599214654625,-0.17563837129052473,,,,,,
33,6.6,662.3095238095239,438.22857142857146,652,433,22,12,81.30952380952385,,332.77142857142854,,332.77142857142854,,0.4593758407317732,0.5482231113203107,True,12,4,3,3,"fly (3,4)",0.1999999999999993,19.107451270663773,-4.046039970392258,19.531132417317803,97.65566208658936,20.23019985196136,333.54814540669463,88.03434958337016,16.67008237894314,,,,,,
34,6.8,683.7190476190476,431.85238095238094,674,426,21,13,102.71904761904761,,339.14761904761906,,339.14761904761906,,0.5803336023675006,0.558727543735781,True,12,4,3,3,"fly (3,4)",0.20000000000000018,21.409523809523762,-6.376190476190516,22.338834229637577,111.69417114818779,31.88095238095255,339.51081656030107,105.13406681795242,29.81335576803228,,,,,,
35,7.0,703.5721649484536,424.38659793814435,694,418,21,14,122.57216494845363,,346.61340206185565,,346.61340206185565,,0.6924981070534103,0.5710270215187079,True,12,4,3,3,"fly (3,4)",0.20000000000000018,19.853117329406018,-7.465783014236592,21.210473443816035,106.05236721908008,37.32891507118293,346.7284211779058,105.6150527222509,36.08802308802313,,,,,,
36,7.2,721.7878787878788,416.57575757575756,712,411,21,13,140.78787878787875,,354.42424242424244,,354.42424242424244,,0.7954117445642868,0.5838949628076482,True,12,4,3,3,"fly (3,4)",0.20000000000000018,18.21571383942512,-7.810840362386784,19.81972395989698,99.09861979948481,39.054201811933886,353.33855548803996,84.36338546575662,33.05067155067147,,,,,,
37,7.4,730.2252747252747,412.02197802197804,722,406,19,14,149.22527472527474,,358.97802197802196,,358.97802197802196,,0.8430806481653941,0.5913970708039901,True,12,4,3,3,"fly (3,4)",0.20000000000000018,8.43739593739599,-4.5537795537795205,9.587833875741005,47.93916937870498,22.76889776889758,359.84205273585803,66.73209104568286,32.51748623909021,,,,,,
38,7.6,738.0973451327434,404.87610619469024,733,397,10,15,157.09734513274338,,366.12389380530976,,366.12389380530976,,0.8875556222188892,0.6031695120351067,True,12,4,3,3,"fly (3,4)",0.1999999999999993,7.872070407468641,-7.145871827287806,10.63169679177172,53.15848395885879,35.72935913643916,366.65301954682485,48.894064951161454,34.05483405483412,,,,,,
39,7.8,740.7142857142858,396.1428571428571,739,390,4,13,159.71428571428578,,374.8571428571429,,374.8571428571429,,0.9023405972558518,0.6175570722522947,True,12,4,3,3,"fly (3,4)",0.20000000000000018,2.6169405815423943,-8.733249051833127,9.116908303184125,45.584541515920584,43.6662452591656,447.9346312684366,224.13467158217728,216.43663003663042,,,,,,
41,8.2,714.5314285714286,168.17714285714285,702,165,28,8,133.5314285714286,,602.8228571428572,,602.8228571428572,,0.7544148506860372,0.9931183807954813,True,12,4,3,3,"fly (3,4)",0.39999999999999947,-26.182857142857188,-227.96571428571426,229.4643957087007,573.6609892717524,569.9142857142865,526.8295374800638,207.1207450085618,204.51497307226256,,,,,,
43,8.6,715.377990430622,168.19138755980862,701,165,32,8,134.37799043062205,,602.8086124401914,,602.8086124401914,,0.7591976860487122,0.9930949134105295,True,12,4,3,3,"fly (3,4)",0.40000000000000036,0.8465618591934572,0.014244702665763498,0.8466816952049446,2.1167042380123595,-0.035611756664479764,601.2621330535045,203.8574099874891,182.20341988132978,,,,,,
44,8.8,709.938028169014,172.8450704225352,697,165,35,25,128.93802816901405,,598.1549295774648,,598.1549295774648,,0.7284634359831302,0.9854282200617213,True,12,4,3,3,"fly (3,4)",0.20000000000000107,-5.439962261608002,4.653682862726583,7.1589072905405295,35.79453645270246,-23.26841431363265,600.5093784396972,75.14162468271081,-5.759955586790254,,,,,,
46,9.2,634.9712918660287,170.4354066985646,616,167,38,7,53.97129186602865,,600.5645933014354,,600.5645933014354,,0.3049225529154161,0.9893980120287238,True,12,4,3,3,"fly (3,4)",0.3999999999999986,-74.9667363029854,-2.4096637239705956,75.00545334296679,187.51363335741763,6.024159309926368,593.2978119741261,128.95005156377752,-38.065885431163785,,,,,,
47,9.4,608.6304347826087,189.82608695652175,604,185,11,11,27.630434782608745,,581.1739130434783,,581.1739130434783,,0.1561041513141737,0.9574529045197335,True,12,4,3,3,"fly (3,4)",0.20000000000000107,-26.340857083419905,19.390680257957143,32.70839697624268,163.54198488121253,-96.95340128978506,593.181375651271,146.9989112761322,-2.5902347175844036,,,,,,
48,9.6,601.7775175644028,173.1943793911007,590,165,28,20,20.777517564402842,,597.8056206088993,,597.8056206088993,,0.11738710488363188,0.9848527522387138,True,12,4,3,3,"fly (3,4)",0.1999999999999993,-6.852917218205903,-16.63170756542104,17.98822311795321,89.94111558976637,83.15853782710549,592.2612431521911,84.5893652916326,-4.600662495398937,,,,,,
49,9.8,601.8344988344988,173.1958041958042,590,165,28,20,20.834498834498845,,597.8041958041958,,597.8041958041958,,0.11770903296327032,0.9848504049492518,True,12,4,3,3,"fly (3,4)",0.20000000000000107,0.056981270096002845,0.0014248047034755018,0.05699908078378698,0.2849954039189334,-0.007124023517235362,597.8049082065475,45.11305549684265,41.57570690179413,,,,,,
0,0.0,741.4615384615385,406.7692307692308,741,404,2,7,160.46153846153845,,364.2307692307692,,364.2307692307692,,0.9065623641894828,0.6000506906602459,True,13,5,3,3,"fly (3,5)",,,,,,,235.98380566801617,128.24696370653737,-128.24696356275305,,,,,,
5,1.0,741.4736842105264,663.2631578947369,741,659,2,10,160.47368421052636,,107.73684210526312,,107.73684210526312,,0.9066309842402619,0.17749067892135606,True,13,5,3,3,"fly (3,5)",1.0,0.01214574898790488,256.4939271255061,256.49392741307474,256.49392741307474,-256.4939271255061,235.98380566801617,128.24696370653737,-128.24696356275305,,,,,,
0,0.0,611.0138888888889,172.54398148148147,597,165,32,19,30.013888888888914,,598.4560185185185,,598.4560185185185,,0.16956999372253623,0.9859242479712002,True,14,6,3,3,"fly (3,6)",,,,,,,598.6077560947023,35.26553389764741,0.15173757618379113,,,,,,
5,1.0,681.5443037974684,172.2405063291139,658,165,43,15,100.54430379746839,,598.7594936708861,,598.7594936708861,,0.5680469141099909,0.9864242070360562,True,14,6,3,3,"fly (3,6)",1.0,70.53041490857947,-0.30347515236755385,70.53106779529482,70.53106779529482,0.30347515236758227,598.7490860737169,24.165737291750755,0.5549123188891373,,,,,,
6,1.2,681.8280423280423,171.96825396825398,658,165,44,14,100.82804232804233,,599.031746031746,,599.031746031746,,0.5696499566556064,0.9868727282236343,True,14,6,3,3,"fly (3,6)",0.19999999999999996,0.2837385305739417,-0.2722523608599374,0.3932288159914902,1.9661440799574512,1.3612618042998295,598.9526948741394,24.35890834379946,0.6134104656224888,,,,,,
7,1.4,681.9385026737968,171.9331550802139,658,165,44,14,100.93850267379685,,599.066844919786,,599.066844919786,,0.5702740264056319,0.9869305517624152,True,14,6,3,3,"fly (3,6)",0.19999999999999996,0.11046034575451813,-0.03509888804006778,0.11590263122922147,0.5795131561461074,0.1754944402000547,599.0337669928775,1.634121949457864,0.40536059369041305,,,,,,
8,1.6,681.4715447154472,171.99728997289972,658,165,42,14,100.47154471544718,,599.0027100271003,,599.0027100271003,,0.567635845849984,0.9868248929606266,True,14,6,3,3,"fly (3,6)",0.20000000000000018,-0.466957958349667,0.0641348926858143,0.47134172245400713,2.3567086122700336,-0.32067446342864486,599.0275941533713,1.203218365990571,-0.030864197530793905,,,,,,
9,1.8,681.6058201058202,171.98677248677248,657,165,44,14,100.60582010582016,,599.0132275132275,,599.0132275132275,,0.5683944638746902,0.9868422199558938,True,14,6,3,3,"fly (3,6)",0.19999999999999996,0.1342753903729772,-0.010517486127241682,0.1346866659111144,0.6734333295555721,0.052587430636208424,599.0062158558094,1.3016874203925586,-0.10689148780954827,,,,,,
10,2.0,681.780487804878,171.99728997289972,660,165,41,14,100.78048780487802,,599.0027100271003,,599.0027100271003,,0.5693812870332091,0.9868248929606266,True,14,6,3,3,"fly (3,6)",0.19999999999999996,0.1746676990578635,0.010517486127241682,0.1749840638704139,0.8749203193520697,-0.052587430636208424,599.0071143152444,0.5559239304278608,0.004492297175223324,,,,,,
11,2.2,681.7567567567568,171.9945945945946,660,165,41,14,100.75675675675677,,599.0054054054054,,599.0054054054054,,0.56924721331501,0.9868293334520682,True,14,6,3,3,"fly (3,6)",0.20000000000000018,-0.023731048121248932,-0.0026953783051339997,0.023883628475188177,0.11941814237594078,0.013476891525669986,599.0080242931048,0.41116097463173645,0.004549889301491333,,,,,,
12,2.4,681.7101063829787,171.9840425531915,658,165,43,14,100.71010638297867,,599.0159574468084,,599.0159574468084,,0.5689836518812355,0.9868467173753022,True,14,6,3,3,"fly (3,6)",0.19999999999999973,-0.04665037377810677,-0.010552041403087742,0.04782889243343974,0.239144462167199,0.05276020701501245,599.02751102166,0.22608837953021121,0.09743364277615753,,,,,,
13,2.6,681.7553191489362,171.93882978723406,658,165,43,14,100.75531914893622,,599.061170212766,,599.061170212766,,0.5692390912369278,0.9869212029864349,True,14,6,3,3,"fly (3,6)",0.20000000000000018,0.045212765957558076,-0.04521276595744439,0.06394050680949882,0.3197025340474938,0.2260638297877902,599.040780141844,0.2916446044475584,0.0663456009200065,,,,,,
14,2.8,681.6941489361702,171.95478723404256,658,165,43,14,100.69414893617022,,599.0452127659574,,599.0452127659574,,0.5688934968145211,0.9868949139472116,True,14,6,3,3,"fly (3,6)",0.19999999999999973,-0.061170212766000986,0.015957446808499753,0.06321736342559636,0.31608681712798226,-0.0797872340427831,599.0354609929078,0.5220858610525708,-0.02659574468073822,,,,,,
15,3.0,681.8746666666667,172.0,660,165,41,14,100.87466666666671,,599.0,,599.0,,0.569913370998117,0.9868204283360791,True,14,6,3,3,"fly (3,6)",0.20000000000000018,0.18051773049649,0.04521276595744439,0.1860936463964475,0.9304682319822366,-0.22606382978722175,599.0132883907914,0.6925126366141375,-0.110863010581473,,,,,,
16,3.2,681.7085561497327,172.00534759358288,658,165,43,14,100.70855614973266,,598.9946524064171,,598.9946524064171,,0.5689748935013145,0.9868116184619722,True,14,6,3,3,"fly (3,6)",0.20000000000000018,-0.16611051693405443,0.005347593582882837,0.1661965721464389,0.8309828607321937,-0.02673796791441416,598.9749199777663,0.9084828319783953,-0.19184206512610072,,,,,,
17,3.4,681.5268817204301,172.06989247311827,658,165,43,14,100.52688172043008,,598.9301075268818,,598.9301075268818,,0.5679484842962151,0.9867052842288003,True,14,6,3,3,"fly (3,6)",0.19999999999999973,-0.18167442930257494,0.06454487953539001,0.19279948064415087,0.9639974032207557,-0.3227243976766663,598.9953644222107,1.0097965696946647,0.10222222222220471,,,,,,
18,3.6,681.736,171.93866666666668,658,165,43,14,100.73599999999999,,599.0613333333333,,599.0613333333333,,0.5691299435028248,0.9869214717188358,True,14,6,3,3,"fly (3,6)",0.20000000000000018,0.20911827956990692,-0.13122580645159587,0.24688188902620914,1.2344094451310446,0.6561290322576946,599.0062049244195,1.519069082620233,0.054202511043967706,,,,,,
19,3.8,682.2065217391305,171.97282608695653,660,165,42,14,101.2065217391305,,599.0271739130435,,599.0271739130435,,0.5717882584131666,0.9868651959028724,True,14,6,3,3,"fly (3,6)",0.19999999999999973,0.4705217391305041,0.034159420289853415,0.4717600799017791,2.3588003995088984,-0.1707971014491252,599.0385603864735,1.4287148757495627,0.16177731026952313,,,,,,
20,4.0,682.0679347826087,171.97282608695653,659,165,43,14,101.06793478260875,,599.0271739130435,,599.0271739130435,,0.5710052812576766,0.9868651959028724,True,14,6,3,3,"fly (3,6)",0.20000000000000018,-0.13858695652174902,0.0,0.13858695652174902,0.6929347826087444,0.0,599.0326878910272,1.4046759347771864,-0.029362477231416148,,,,,,
21,4.2,681.8360655737705,171.95628415300547,658,165,43,14,100.8360655737705,,599.0437158469945,,599.0437158469945,,0.5696952857275169,0.9868924478533682,True,14,6,3,3,"fly (3,6)",0.20000000000000018,-0.2318692088382477,-0.016541933951060628,0.2324585244427835,1.1622926222139165,0.08270966975487674,599.0052137137512,0.7837026641259365,-0.13737088638000222,,,,,,
22,4.4,681.8425414364641,172.05524861878453,658,165,44,14,100.8425414364641,,598.9447513812155,,598.9447513812155,,0.5697318725223961,0.9867294091947537,True,14,6,3,3,"fly (3,6)",0.20000000000000018,0.00647586269360545,0.09896446577906204,0.0991761175110297,0.4958805875551481,-0.4948223288948834,598.9665261131071,0.696876092186662,-0.19343800322076285,,,,,,
23,4.6,681.9222222222222,172.0888888888889,660,165,41,14,100.92222222222222,,598.911111111111,,598.911111111111,,0.5701820464532329,0.9866739886509243,True,14,6,3,3,"fly (3,6)",0.1999999999999993,0.07968078575811433,0.033640270104370984,0.08649101335818393,0.4324550667909212,-0.16820135052228186,598.8900233808666,0.47226496847748084,-0.382513661202021,,,,,,
24,4.8,681.9098360655738,172.18579234972677,660,165,41,15,100.90983606557381,,598.8142076502733,,598.8142076502733,,0.5701120681670837,0.9865143453876001,True,14,6,3,3,"fly (3,6)",0.20000000000000018,-0.012386156648403812,0.09690346083786494,0.09769185021727464,0.4884592510863728,-0.48451730418889793,598.9211207465484,1.1227272925867304,0.15548682840896286,,,,,,
25,5.0,682.3451086956521,171.96195652173913,660,165,42,14,101.34510869565213,,599.0380434782609,,599.0380434782609,,0.5725712355686561,0.9868831029295896,True,14,6,3,3,"fly (3,6)",0.20000000000000018,0.43527263007831607,-0.22383582798764223,0.4894535119765798,2.447267559882897,1.1191791399380682,598.9716404760871,1.8816654463330178,0.25259864769414725,,,,,,
26,5.2,681.8038147138965,171.93732970027247,660,165,41,14,100.80381471389649,,599.0626702997275,,599.0626702997275,,0.5695130774796412,0.9869236742993863,True,14,6,3,3,"fly (3,6)",0.20000000000000018,-0.5412939817556435,-0.02462682146665429,0.541853905605957,2.709269528029783,0.12313410733327135,599.0326580173204,1.8400642903900961,0.3050877061656363,,,,,,
27,5.4,681.8356164383562,172.0027397260274,660,165,41,14,100.83561643835617,,598.9972602739726,,598.9972602739726,,0.5696927482393004,0.9868159147841394,True,14,6,3,3,"fly (3,6)",0.20000000000000018,0.0318017244596831,0.06541002575491461,0.07273115665152176,0.36365578325760844,-0.3270501287744307,599.0218033419183,1.0590836567571933,-0.05427337701007659,,,,,,
28,5.6,681.8547945205479,171.9945205479452,660,165,41,14,100.8547945205479,,599.0054794520548,,599.0054794520548,,0.5698010989861463,0.9868294554399585,True,14,6,3,3,"fly (3,6)",0.1999999999999993,0.019178082191729118,-0.008219178082185863,0.020865131796837563,0.10432565898418819,0.04109589041092946,598.996384256502,0.5042058076640931,-0.12709542708212948,,,,,,
29,5.8,681.6467391304348,172.01358695652175,658,165,43,14,100.64673913043475,,598.9864130434783,,598.9864130434783,,0.5686256448047161,0.9867980445526825,True,14,6,3,3,"fly (3,6)",0.20000000000000018,-0.20805539011314522,0.019066408576549065,0.2089271961500966,1.0446359807504821,-0.09533204288288735,599.0222529352312,0.6966198747567928,0.12934339364619515,,,,,,
30,6.0,681.8128342245989,171.92513368983958,658,165,44,14,100.81283422459887,,599.0748663101604,,599.0748663101604,,0.5695640351672253,0.9869437665735755,True,14,6,3,3,"fly (3,6)",0.20000000000000018,0.16609509416412038,-0.08845326668216558,0.18817959690714164,0.9408979845357074,0.4422663334105433,599.0186049575882,0.830443128364506,-0.018239888215134652,,,,,,
31,6.2,681.8743169398907,172.0054644808743,660,165,41,14,100.87431693989072,,598.9945355191257,,598.9945355191257,,0.5699113951406255,0.986811425896418,True,14,6,3,3,"fly (3,6)",0.20000000000000018,0.061482715291845125,0.08033079103472573,0.10115908396146565,0.5057954198073278,-0.4016539551730599,598.9935043134657,0.7795022442089863,-0.12550322061201755,,,,,,
32,6.4,681.7166666666667,172.0888888888889,660,165,41,14,100.7166666666667,,598.911111111111,,598.911111111111,,0.5690207156308853,0.9866739886509243,True,14,6,3,3,"fly (3,6)",0.20000000000000018,-0.15765027322402148,0.08342440801459361,0.17836266565678482,0.8918133282839233,-0.4171220400735361,598.9541344623311,0.9619774968668003,-0.19684925567275915,,,,,,
33,6.6,682.0108108108108,172.04324324324324,659,165,43,14,101.01081081081077,,598.9567567567567,,598.9567567567567,,0.5706825469537331,0.9867491874081659,True,14,6,3,3,"fly (3,6)",0.1999999999999993,0.2941441441440702,-0.045645645645663535,0.29766474850182884,1.4883237425091496,0.22822822822831848,598.9754077685111,0.9863296841938194,0.10636653090008041,,,,,,
34,6.8,682.0663129973475,171.9416445623342,659,165,43,14,101.0663129973475,,599.0583554376658,,599.0583554376658,,0.5709961186290818,0.9869165657951661,True,14,6,3,3,"fly (3,6)",0.20000000000000018,0.055502186536728004,-0.10159868090903501,0.11577039635767715,0.5788519817883853,0.5079934045454588,599.0405352336387,0.9096607846953987,0.3256373256374446,,,,,,
35,7.0,682.1896103896104,171.8935064935065,658,165,45,14,101.18961038961038,,599.1064935064935,,599.1064935064935,,0.5716927140655954,0.9869958706861508,True,14,6,3,3,"fly (3,6)",0.20000000000000018,0.12329739226288439,-0.04813806882771132,0.13236132595773228,0.6618066297886608,0.2406903441385564,598.8272112713786,2.8084230945560384,-1.0666198113005967,,,,,,
36,7.2,683.3900709219859,172.68321513002365,660,165,43,18,102.39007092198585,,598.3167848699763,,598.3167848699763,,0.5784749769603721,0.9856948679900763,True,14,6,3,3,"fly (3,6)",0.20000000000000018,1.2004605323754731,0.7897086365171617,1.436922134418215,7.184610672091069,-3.948543182585805,598.0889007253509,6.257864046707997,-3.691552730138783,,,,,,
37,7.4,685.0041753653445,174.15657620041753,660,165,43,23,104.00417536534451,,596.8434237995825,,596.8434237995825,,0.5875942111036413,0.9832675845133155,True,14,6,3,3,"fly (3,6)",0.20000000000000018,1.6141044433586558,1.473361070393878,2.1854349676488543,10.927174838244262,-7.3668053519690995,598.1512931852116,13.141231633735762,0.31196229930403224,,,,,,
38,7.6,681.5164556962026,171.70632911392406,658,165,43,14,100.51645569620257,,599.2936708860759,,599.2936708860759,,0.5678895802045343,0.9873042353971596,True,14,6,3,3,"fly (3,6)",0.1999999999999993,-3.4877196691419385,-2.4502470864934764,4.262381878174376,21.311909390871957,12.251235432467,598.4904803967393,14.865896341018578,1.6959360576383329,,,,,,
39,7.8,683.9878419452888,171.66565349544072,667,165,35,14,102.98784194528878,,599.3343465045593,,599.3343465045593,,0.5818522143801625,0.9873712463007567,True,14,6,3,3,"fly (3,6)",0.20000000000000018,2.4713862490862084,-0.04067561848333412,2.471720958787905,12.358604793939515,0.20337809241709673,599.1488263096988,13.414862923712576,3.291729564798342,,,,,,
40,8.0,682.7784615384616,172.18153846153845,663,165,38,14,101.77846153846156,,598.8184615384615,,598.8184615384615,,0.575019556714472,0.9865213534406285,True,14,6,3,3,"fly (3,6)",0.20000000000000018,-1.209380406827222,0.5158849660977296,1.3148149172652526,6.574074586326257,-2.579424830489072,599.0331457521679,7.322158749768221,-0.5784027876546801,,,,,,
41,8.2,682.185393258427,172.05337078651687,660,165,42,14,101.18539325842698,,598.9466292134831,,598.9466292134831,,0.5716688884656892,0.9867325028228717,True,14,6,3,3,"fly (3,6)",0.1999999999999993,-0.5930682800345721,-0.12816767502158655,0.6067593738077761,3.0337968690388912,0.6408383751079351,598.9123598491543,3.361543484685813,-0.6039295150685562,,,,,,
42,8.4,682.2773109243698,172.0280112044818,659,165,44,14,101.27731092436977,,598.9719887955182,,598.9719887955182,,0.5721881973128236,0.9867742813764715,True,14,6,3,3,"fly (3,6)",0.20000000000000107,0.09191766594278761,-0.025359582035065387,0.09535179973845856,0.47675899869229027,0.12679791017546838,598.9737934799801,1.9333589275396992,0.30716815412953796,,,,,,
43,8.6,681.8204419889503,171.9972375690608,658,165,43,14,100.82044198895028,,599.0027624309392,,599.0027624309392,,0.5696070168867248,0.9868249792931454,True,14,6,3,3,"fly (3,6)",0.1999999999999993,-0.456868935419493,-0.030773635421013523,0.4579041829775814,2.289520914887915,0.15386817710521028,598.9351889788092,1.5843232420210231,-0.19302250585553637,,,,,,
44,8.8,681.4622356495469,172.16918429003022,660,165,40,14,100.46223564954687,,598.8308157099698,,598.8308157099698,,0.567583252257327,0.9865417062767212,True,14,6,3,3,"fly (3,6)",0.20000000000000107,-0.3582063394034094,0.1719467209694301,0.39733796249657494,1.986689812482864,-0.859733604847288,598.8661530310967,1.601300800533623,-0.34517973856206036,,,,,,
45,9.0,681.5446428571429,172.23511904761904,660,165,40,14,100.54464285714289,,598.764880952381,,598.764880952381,,0.5680488297013723,0.986433082293873,True,14,6,3,3,"fly (3,6)",0.1999999999999993,0.08240720759602027,0.0659347575888205,0.10553833484601746,0.5276916742300892,-0.3296737879441037,598.8633803689318,1.3967850801088044,-0.013863310824715184,,,,,,
46,9.2,681.7888888888889,172.00555555555556,659,165,42,14,100.78888888888889,,598.9944444444444,,598.9944444444444,,0.569428750784683,0.9868112758557569,True,14,6,3,3,"fly (3,6)",0.1999999999999993,0.2442460317460018,-0.22956349206347682,0.3351947507226909,1.6759737536134605,1.147817460317246,598.9420567722037,0.8724044795292075,0.39338201636042,,,,,,
47,9.4,681.8288770053476,171.9331550802139,658,165,43,14,100.82887700534764,,599.066844919786,,599.066844919786,,0.5696546723465968,0.9869305517624152,True,14,6,3,3,"fly (3,6)",0.20000000000000107,0.039988116458744116,-0.07240047534165228,0.08270960214881512,0.4135480107440734,0.36200237670811736,599.0427761567919,1.265697440306621,0.5035969229404228,,,,,,
48,9.6,682.1703910614525,171.93296089385476,660,165,42,14,101.1703910614525,,599.0670391061452,,599.0670391061452,,0.5715841302906921,0.9869308716740448,True,14,6,3,3,"fly (3,6)",0.1999999999999993,0.3415140561048702,-0.00019418635915258164,0.3415141113124647,1.7075705565623294,0.0009709317959050202,599.0335168975326,1.477009720267649,-0.0462962962961907,,,,,,
49,9.8,681.7194444444444,172.03333333333333,660,165,41,14,100.71944444444443,,598.9666666666667,,598.9666666666667,,0.5690364092906465,0.9867655134541461,True,14,6,3,3,"fly (3,6)",0.20000000000000107,-0.45094661700807137,0.10037243947857633,0.46198211869931144,2.3099105934965447,-0.5018621973925947,599.016852886406,2.008740575029437,-0.25044563279834475,,,,,,
0,0.0,644.6744186046511,171.55297157622738,628,165,32,17,63.67441860465112,,599.4470284237726,,599.4470284237726,,0.35974247799237924,0.9875568837294442,True,15,7,3,3,"fly (3,7)",,,,,,,599.0525236458486,30.791155973832666,-1.9725238896202768,,,,,,
1,0.2,632.3832547169811,172.34198113207546,599,165,63,19,51.38325471698113,,598.6580188679245,,598.6580188679245,,0.290300874107238,0.9862570327313419,True,15,7,3,3,"fly (3,7)",0.2,-12.291163887669995,0.7890095558480823,12.316462389533067,61.58231194766533,-3.9450477792405536,599.0008722453805,27.603971453460872,-0.9157649655469413,,,,,,
2,0.4,628.1440972222222,172.10243055555554,599,165,56,19,47.14409722222217,,598.8975694444445,,598.8975694444445,,0.26635083176396707,0.9866516794801391,True,15,7,3,3,"fly (3,7)",0.2,-4.239157494758956,-0.2395505765199175,4.245920482543456,21.229602412717277,1.1977528825997297,598.8147613215143,28.47614295361305,-0.9305546193310951,,,,,,
3,0.6,627.6208695652174,172.1113043478261,599,165,56,19,46.62086956521739,,598.888695652174,,598.888695652174,,0.26339474330631296,0.9866370603824942,True,15,7,3,3,"fly (3,7)",0.19999999999999996,-0.5232276570047816,0.008873792270549075,0.5233029000913088,2.616514500456544,-0.04436896135246116,598.6642582121539,20.809005802081987,-0.7525155468027829,,,,,,
4,0.8,619.9349046015712,172.79349046015713,592,165,65,20,38.93490460157125,,598.2065095398428,,598.2065095398428,,0.21997121243825563,0.9855131952880443,True,15,7,3,3,"fly (3,7)",0.20000000000000007,-7.685964963646143,0.6821861123310384,7.71618009861443,38.580900493072136,-3.410930561655617,599.2570871766817,25.499755876220103,2.964144822639508,,,,,,
5,1.0,626.5492957746479,170.32394366197184,599,165,58,10,45.54929577464793,,600.6760563380282,,600.6760563380282,,0.2573406540940561,0.9895816414135554,True,15,7,3,3,"fly (3,7)",0.19999999999999996,6.614391173076683,-2.4695467981852914,7.060370527026324,35.301852635131624,12.347733990926603,599.9808205704015,25.537010572453053,3.192178640482112,,,,,,
8,1.6,628.140625,169.94010416666666,599,165,57,10,47.140625,,601.0598958333334,,601.0598958333334,,0.2663312146892655,0.9902139964305328,True,15,7,3,3,"fly (3,7)",0.6000000000000001,1.5913292253520694,-0.3838394953051818,1.636967153493238,2.728278589155396,0.6397324921753502,600.6870214263282,14.637120232643397,3.716835722942292,,,,,,
10,2.0,625.9058295964126,170.6748878923767,598,166,59,10,44.90582959641256,,600.3251121076233,,600.3251121076233,,0.2537052519571331,0.989003479584223,True,15,7,3,3,"fly (3,7)",0.3999999999999999,-2.234795403587441,0.7347837257100309,2.35249178945727,5.881229473643176,-1.8369593142750777,599.9790606180001,15.095767228501336,-3.3539725983330153,,,,,,
11,2.2,633.0239130434783,172.44782608695652,618,165,37,19,52.023913043478274,,598.5521739130435,,598.5521739130435,,0.2939204126750185,0.986082658835327,True,15,7,3,3,"fly (3,7)",0.20000000000000018,7.118083447065715,1.7729381945798366,7.335558724541092,36.67779362270543,-8.864690972899318,599.1632352402936,14.559391579916438,-3.5421143510703694,,,,,,
15,3.0,632.1306209850108,172.38758029978587,616,165,38,19,51.13062098501075,,598.6124197002141,,598.6124197002141,,0.2888735648870664,0.98618191054401,True,15,7,3,3,"fly (3,7)",0.7999999999999998,-0.893292058467523,-0.06024578717065765,0.8953213147205626,1.1191516434007036,0.07530723396328655,599.2467344564517,14.383340887121705,-2.1117987230272655,,,,,,
19,3.8,635.9365853658537,170.42439024390245,619,167,36,7,54.936585365853716,,600.5756097560975,,600.5756097560975,,0.3103761885076481,0.9894161610479366,True,15,7,3,3,"fly (3,7)",0.7999999999999998,3.8059643808429655,-1.963190055883416,4.282461916207184,5.353077395258982,2.453987569854235,599.9406833582893,3.640868954877716,0.9404497053710751,,,,,,
20,4.0,636.8247422680413,170.3659793814433,620,167,35,7,55.82474226804129,,600.6340206185566,,600.6340206185566,,0.31539402411322764,0.989512389816403,True,15,7,3,3,"fly (3,7)",0.20000000000000018,0.8881569021875748,-0.058410862459140844,0.8900755651946918,4.4503778259734545,0.29205431229570394,600.6068226043593,4.043575797406645,0.9024677495316761,,,,,,
23,4.6,635.4285714285714,170.38916256157634,618,167,36,7,54.428571428571445,,600.6108374384237,,600.6108374384237,,0.30750605326876523,0.9894741967684081,True,15,7,3,3,"fly (3,7)",0.5999999999999996,-1.3961708394698462,0.023183180133031556,1.3963633025924935,2.3272721709874906,-0.038638633554910505,600.5140733890972,18.042104232850296,-0.4379869872730065,,,,,,
24,4.8,625.9640287769785,170.70263788968825,598,166,58,10,44.964028776978466,,600.2973621103117,,600.2973621103117,,0.254034060886884,0.9889577629494427,True,15,7,3,3,"fly (3,7)",0.20000000000000018,-9.464542651592978,0.31347532811190604,9.469732540317995,47.34866270158994,-1.567376640559813,600.2411389800133,48.88187153788477,-1.338912956383826,,,,,,
25,5.0,606.5760869565217,171.18478260869566,599,169,18,6,25.57608695652175,,599.8152173913044,,599.8152173913044,,0.14449766642102682,0.9881634553398754,True,15,7,3,3,"fly (3,7)",0.20000000000000018,-19.387941820456717,0.4821447190074082,19.393935948215393,96.96967974107687,-2.4107235950367545,599.9541931672053,49.447653879820024,-1.4347290640394768,,,,,,
26,5.2,605.7738095238095,171.25,599,169,16,6,24.77380952380952,,599.75,,599.75,,0.13996502555824586,0.9880560131795717,True,15,7,3,3,"fly (3,7)",0.20000000000000018,-0.8022774327122306,0.06521739130434412,0.8049238393586512,4.024619196793252,-0.3260869565218624,599.7827833071416,33.720173672579385,-0.8570493003187107,,,,,,
27,5.4,605.7710843373494,171.21686746987953,599,169,16,6,24.771084337349407,,599.7831325301205,,599.7831325301205,,0.13994962902457292,0.9881105972489629,True,15,7,3,3,"fly (3,7)",0.20000000000000018,-0.0027251864601112175,-0.03313253012046857,0.033244415973605716,0.16622207986802842,0.16566265060248483,599.793989913141,2.097166722345108,0.05603302999664613,,,,,,
28,5.6,606.1860465116279,171.15116279069767,599,169,17,6,25.186046511627865,,599.8488372093024,,599.8488372093024,,0.14229404808829302,0.9882188421899545,True,15,7,3,3,"fly (3,7)",0.1999999999999993,0.4149621742784575,-0.06570467918186296,0.4201317780748041,2.100658890374028,0.32852339590931595,599.8223781915293,0.939360180285609,0.15713291876087052,,,,,,
31,6.2,606.5164835164835,171.16483516483515,599,169,18,6,25.516483516483504,,599.8351648351648,,599.8351648351648,,0.1441609238219407,0.9881963176856093,True,15,7,3,3,"fly (3,7)",0.6000000000000005,0.3304370048556393,0.013672374137485122,0.330719742368854,0.5511995706147561,-0.022787290229189218,599.1939870760469,8.591193564897996,-3.126764050592211,,,,,,
32,6.4,602.3174603174604,173.10204081632654,590,165,32,20,21.31746031746036,,597.8979591836735,,597.8979591836735,,0.12043762891220541,0.9850048750966615,True,15,7,3,3,"fly (3,7)",0.20000000000000018,-4.199023199023145,1.9372056514913822,4.624344446741042,23.12172223370519,-9.68602825745676,598.5469963957926,8.163871407817938,-3.219761874452347,,,,,,
33,6.6,602.4808988764045,173.09213483146067,590,165,32,20,21.480898876404467,,597.9078651685393,,597.9078651685393,,0.12136101060115519,0.9850211946763415,True,15,7,3,3,"fly (3,7)",0.1999999999999993,0.16343855894410808,-0.009905984865866913,0.16373848382677017,0.8186924191338537,0.04952992432890841,598.5830020567981,15.590145465101244,0.18002830502818293,,,,,,
34,6.8,606.5681818181819,171.0568181818182,599,169,18,6,25.56818181818187,,599.9431818181818,,599.9431818181818,,0.14445300462249644,0.9883742698816833,True,15,7,3,3,"fly (3,7)",0.20000000000000018,4.087282941777403,-2.035316649642482,4.56600434849294,22.83002174246468,10.1765832482124,599.2170156622404,8.295471604635486,3.289386209028935,,,,,,
36,7.2,607.0421052631579,171.2,599,169,19,6,26.04210526315785,,599.8,,599.8,,0.14713053820993136,0.9881383855024711,True,15,7,3,3,"fly (3,7)",0.40000000000000036,0.4739234449759806,0.14318181818180165,0.49508026092316365,1.237700652307908,-0.3579545454545038,599.1859988776655,17.143781361944487,-0.03576574105598714,,,,,,
37,7.4,601.9421296296297,173.1851851851852,590,165,29,20,20.942129629629676,,597.8148148148148,,597.8148148148148,,0.11831711655158009,0.9848678992006833,True,15,7,3,3,"fly (3,7)",0.20000000000000018,-5.0999756335281745,1.9851851851852018,5.472724338212177,27.36362169106086,-9.925925925925858,598.7141975308642,38.69773860471002,-2.833824354657581,,,,,,
39,7.8,636.9316239316239,172.47222222222223,599,167,69,14,55.9316239316239,,598.5277777777778,,598.5277777777778,,0.3159978753199091,0.986042467508695,True,15,7,3,3,"fly (3,7)",0.39999999999999947,34.98949430199423,-0.7129629629629619,34.99675738830447,87.49189347076128,1.7824074074076204,598.3768703419241,42.37247755906215,-2.280771747169483,,,,,,
40,8.0,634.4930875576036,172.21198156682027,599,167,65,14,53.493087557603644,,598.7880184331798,,598.7880184331798,,0.30222083365877767,0.9864712000546619,True,15,7,3,3,"fly (3,7)",0.20000000000000018,-2.4385363740202592,-0.26024065540195807,2.4523835030728605,12.261917515364292,1.3012032770097892,598.9810697794569,47.63228290701736,2.4268613851946514,,,,,,
41,8.2,625.9054054054054,171.37258687258688,598,164,57,16,44.90540540540542,,599.6274131274131,,599.6274131274131,,0.2537028553977707,0.9878540578705323,True,15,7,3,3,"fly (3,7)",0.1999999999999993,-8.587682152198227,-0.8393946942333912,8.628607546985268,43.143037734926494,4.196973471166545,599.3625551270173,23.718290363511912,1.907426737802405,,,,,,
42,8.4,622.7557411273486,171.3277661795407,598,167,57,13,41.75574112734864,,599.6722338204593,,599.6722338204593,,0.2359081419624217,0.9879278975625359,True,15,7,3,3,"fly (3,7)",0.20000000000000107,-3.1496642780567754,-0.04482069304617653,3.149983168049005,15.749915840244942,0.22410346523088145,599.7568871468753,21.001327984507054,1.9716600992897373,,,,,,
43,8.6,623.5217391304348,171.02898550724638,599,167,55,13,42.52173913043475,,599.9710144927536,,599.9710144927536,,0.24023581429624155,0.9884201227228231,True,15,7,3,3,"fly (3,7)",0.1999999999999993,0.7659980030861107,-0.2987806722943276,0.8222060756699379,4.111030378349704,1.4939033614717854,600.1056441745798,25.199976616221537,1.7437851385219902,,,,,,
44,8.8,634.6473684210526,170.32631578947368,615,168,39,6,53.64736842105265,,600.6736842105263,,600.6736842105263,,0.3030924769550997,0.9895777334605046,True,15,7,3,3,"fly (3,7)",0.20000000000000107,11.125629290617894,-0.702669717772693,11.14779672601405,55.73898363006995,3.5133485888633045,600.35989956776,34.27614290575878,1.2712769659011214,,,,,,
45,9.0,626.055,170.565,598,166,58,10,45.05499999999995,,600.435,,600.435,,0.25454802259886977,0.9891845140032948,True,15,7,3,3,"fly (3,7)",0.1999999999999993,-8.592368421052697,0.2386842105263156,8.595682941771305,42.978414708856675,-1.1934210526317244,600.3987280701754,65.27348148067419,0.19414251207724406,,,,,,
46,9.2,606.6375,170.9125,599,169,18,5,25.637500000000045,,600.0875,,600.0875,,0.14484463276836185,0.9886120263591432,True,15,7,3,3,"fly (3,7)",0.1999999999999993,-19.417499999999905,0.3474999999999966,19.420609220619117,97.10304610309593,-1.737499999999847,593.9276388888889,65.4392905632609,-16.666209795321635,,,,,,
48,9.6,618.9479166666666,189.73958333333334,614,185,12,11,37.94791666666663,,581.2604166666666,,581.2604166666666,,0.21439500941619563,0.9575954146073585,True,15,7,3,3,"fly (3,7)",0.40000000000000036,12.310416666666583,18.82708333333335,22.49456435113205,56.23641087783007,-47.06770833333333,587.6272716572504,68.14108767408011,-15.812600047080982,,,,,,
49,9.8,629.1610169491526,189.46610169491527,623,185,14,11,48.161016949152554,,581.5338983050847,,581.5338983050847,,0.27209614095566415,0.9580459609638957,True,15,7,3,3,"fly (3,7)",0.20000000000000107,10.213100282485925,-0.27348163841807605,10.216761208262916,51.08380604131431,1.3674081920902308,581.3971574858756,53.6601084595722,-22.850150070621552,,,,,,
0,0.0,697.2564705882353,170.66235294117647,658,164,85,17,116.25647058823529,,600.3376470588236,,600.3376470588236,,0.6568162180126288,0.9890241302451789,True,16,8,3,3,"fly (3,8)",,,,,,,600.2332325599563,6.554283893389798,-0.5220724943364985,,,,,,
1,0.2,699.8698539176627,170.87118193891104,661,165,81,14,118.86985391766268,,600.128818061089,,600.128818061089,,0.6715810955800151,0.9886800956525353,True,16,8,3,3,"fly (3,8)",0.2,2.6133833294273927,0.20882899773457098,2.6217135573559194,13.108567786779597,-1.044144988672997,599.6364021094028,22.966988978501593,-3.158176417546391,,,,,,
2,0.4,688.839495040577,172.55725879170424,655,165,87,24,107.83949504057705,,598.4427412082957,,598.4427412082957,,0.6092626838450681,0.985902374313502,True,16,8,3,3,"fly (3,8)",0.2,-11.030358877085632,1.6860768527932066,11.158479829745039,55.79239914872519,-8.430384263966175,599.0078014846343,23.333821086364722,-3.14300312384186,,,,,,
3,0.6,689.059405940594,172.54815481548155,655,165,87,24,108.05940594059405,,598.4518451845184,,598.4518451845184,,0.6105051183084409,0.9859173726268837,True,16,8,3,3,"fly (3,8)",0.19999999999999996,0.2199109000169983,-0.00910397622268988,0.22009926471787572,1.1004963235893788,0.045519881113591516,598.9769991053637,35.54852451384891,-0.15401189635326862,,,,,,
4,0.8,698.8829648894668,170.96358907672303,658,165,84,15,117.88296488946685,,600.036410923277,,600.036410923277,,0.66600545135292,0.988527859840654,True,16,8,3,3,"fly (3,8)",0.20000000000000007,9.823558948872801,-1.5845657387585277,9.950535613846435,49.75267806923216,7.922828693792778,600.3713940112405,51.65625808352939,6.9719745293836395,,,,,,
5,1.0,719.5444444444445,168.3740740740741,701,165,41,8,138.54444444444448,,602.6259259259259,,602.6259259259259,,0.7827369742623982,0.9927939471596803,True,16,8,3,3,"fly (3,8)",0.19999999999999996,20.661479554977632,-2.5895150026489375,20.823119971553318,104.11559985776661,12.947575013244549,601.7558290212651,53.52757335147663,6.922175050123087,,,,,,
6,1.2,718.2017167381974,168.39484978540773,701,165,41,8,137.20171673819743,,602.6051502145923,,602.6051502145923,,0.7751509420237143,0.9927597202876315,True,16,8,3,3,"fly (3,8)",0.19999999999999996,-1.3427277062470466,0.02077571133364131,1.3428884254862257,6.71444212743113,-0.10387855666806448,602.608670949793,37.05153827215191,4.264209642639686,,,,,,
7,1.4,718.2658227848101,168.40506329113924,701,165,41,8,137.2658227848101,,602.5949367088608,,602.5949367088608,,0.7755131230780231,0.9927428940837905,True,16,8,3,3,"fly (3,8)",0.19999999999999996,0.06410604661266461,0.010213505731513806,0.06491456625159558,0.324572831257978,-0.05106752865742693,602.5802091546645,2.830122040200554,-0.1423089756423223,,,,,,
8,1.6,717.980694980695,168.45945945945945,700,165,42,8,136.98069498069503,,602.5405405405405,,602.5405405405405,,0.7739022315293504,0.992653279308963,True,16,8,3,3,"fly (3,8)",0.20000000000000018,-0.28512780411506355,0.05439616832020988,0.290270232382514,1.4513511619125685,-0.2719808416014755,602.5639762874349,1.8475480501031074,-0.08116433614854175,,,,,,
9,1.8,718.733870967742,168.44354838709677,701,165,41,8,137.73387096774195,,602.5564516129032,,602.5564516129032,,0.7781574630945873,0.9926794919487697,True,16,8,3,3,"fly (3,8)",0.19999999999999996,0.7531759870469159,-0.015911072362683853,0.7533440314277579,3.7667201571387903,0.07955536181327717,602.5432702287541,2.2882148801643534,-0.10353029340384023,,,,,,
10,2.0,718.4054054054054,168.46718146718146,700,165,42,8,137.40540540540542,,602.5328185328185,,602.5328185328185,,0.7763017254542679,0.9926405577146927,True,16,8,3,3,"fly (3,8)",0.19999999999999996,-0.32846556233653246,0.023633080084692892,0.3293146642883429,1.6465733214417149,-0.11816540042332238,602.5696259962864,1.988345960947304,0.1317788376612345,,,,,,
11,2.2,718.3372549019608,168.38039215686274,700,165,42,8,137.33725490196082,,602.6196078431373,,602.6196078431373,,0.7759166943613606,0.9927835384565687,True,16,8,3,3,"fly (3,8)",0.20000000000000018,-0.06815050344459905,-0.08678931031872139,0.11034888085228425,0.5517444042614208,0.4339465515937487,602.6203094667491,0.9039212068235566,0.25341735231393164,,,,,,
12,2.4,718.3886639676114,168.2914979757085,701,165,41,8,137.38866396761136,,602.7085020242915,,602.7085020242915,,0.7762071410599513,0.9929299868604473,True,16,8,3,3,"fly (3,8)",0.19999999999999973,0.051409065650545926,-0.08889418115424519,0.10268917895350951,0.5134458947675482,0.44447090577136866,602.6804293873341,1.4708832644917882,0.3005996029253311,,,,,,
13,2.6,719.0581395348837,168.28682170542635,701,165,41,8,138.0581395348837,,602.7131782945737,,602.7131782945737,,0.7799894888976481,0.9929376907653603,True,16,8,3,3,"fly (3,8)",0.20000000000000018,0.6694755672723431,-0.004676270282146788,0.6694918988892825,3.3474594944464098,0.02338135141087603,602.7024648681931,2.5683589673716245,0.11017740429508661,,,,,,
14,2.8,718.2897959183674,168.31428571428572,701,165,41,8,137.28979591836742,,602.6857142857143,,602.6857142857143,,0.7756485645105504,0.9928924452812427,True,16,8,3,3,"fly (3,8)",0.19999999999999973,-0.7683436165162902,0.027464008859368505,0.768834302580185,3.8441715129009304,-0.13732004429698483,602.6985379639211,2.446579990734164,-0.01963452136029303,,,,,,
15,3.0,718.2622950819672,168.30327868852459,701,165,41,8,137.26229508196718,,602.6967213114754,,602.6967213114754,,0.7754931925534869,0.9929105787668457,True,16,8,3,3,"fly (3,8)",0.20000000000000018,-0.02750083640023604,-0.011007025761131217,0.029621792971033234,0.14810896485516603,0.05503512880522971,602.7021451990632,1.5853444528189706,0.01803617571037333,,,,,,
16,3.2,718.112,168.276,701,165,41,8,137.11199999999997,,602.7239999999999,,602.7239999999999,,0.77464406779661,0.9929555189456342,True,16,8,3,3,"fly (3,8)",0.20000000000000018,-0.15029508196721508,-0.027278688524575045,0.1527505761401661,0.7637528807008298,0.13639344262287512,602.7235737704917,0.4187490298540479,0.10714285714281384,,,,,,
17,3.4,718.17578125,168.25,700,165,42,8,137.17578125,,602.75,,602.75,,0.775004413841808,0.992998352553542,True,16,8,3,3,"fly (3,8)",0.19999999999999973,0.06378125000003365,-0.02600000000001046,0.06887704880123231,0.34438524400616205,0.13000000000033668,602.7241375661375,1.0737413689203459,0.0028189782290156487,,,,,,
18,3.6,718.5952380952381,168.3015873015873,701,165,41,8,137.59523809523807,,602.6984126984128,,602.6984126984128,,0.7773742265267688,0.9929133652362648,True,16,8,3,3,"fly (3,8)",0.20000000000000018,0.4194568452380736,0.05158730158728986,0.4226171964108124,2.11308598205406,-0.25793650793616485,602.7201156182638,0.9068560626332681,-0.02010973936895258,,,,,,
19,3.8,718.6460905349794,168.2880658436214,701,165,41,8,137.6460905349794,,602.7119341563786,,602.7119341563786,,0.7776615284462114,0.9929356411142974,True,16,8,3,3,"fly (3,8)",0.19999999999999973,0.05085243974133391,-0.013521457965879335,0.052619392367919245,0.2630969618395966,0.06760728982897043,602.6951868433349,1.437314539146761,-0.12464387464395547,,,,,,
20,4.0,718.2606837606837,168.32478632478632,701,165,41,8,137.26068376068372,,602.6752136752136,,602.6752136752136,,0.7754840890434108,0.9928751460876666,True,16,8,3,3,"fly (3,8)",0.20000000000000018,-0.3854067742956886,0.036720481164906005,0.3871521347093285,1.9357606735466408,-0.18360240582467197,602.6873826105307,0.9095910807639699,-0.03902116402135402,,,,,,
21,4.2,718.3666666666667,168.325,701,165,41,8,137.36666666666667,,602.675,,602.675,,0.7760828625235405,0.9928747940691927,True,16,8,3,3,"fly (3,8)",0.20000000000000018,0.10598290598295534,0.0002136752136721043,0.10598312138113733,0.5299156069056862,-0.0010683760683605206,602.6727723744965,1.2176529147114568,-0.07305118017124332,,,,,,
22,4.4,718.1293103448276,168.33189655172413,701,165,41,8,137.12931034482756,,602.6681034482758,,602.6681034482758,,0.774741866354958,0.9928634323694824,True,16,8,3,3,"fly (3,8)",0.20000000000000018,-0.23735632183911548,0.006896551724139499,0.23745649273641162,1.1872824636820571,-0.03448275862069747,602.6459770114942,0.89790253959846,-0.133976815011276,,,,,,
23,4.6,717.948275862069,168.4051724137931,701,165,41,8,136.94827586206895,,602.5948275862069,,602.5948275862069,,0.7737190726670562,0.9927427143100608,True,16,8,3,3,"fly (3,8)",0.1999999999999993,-0.181034482758605,0.07327586206898218,0.1953019096415295,0.9765095482076509,-0.36637931034477006,602.6577117053718,1.4129685295339833,0.05867346938771271,,,,,,
24,4.8,718.3469387755102,168.28979591836736,701,165,41,8,137.34693877551024,,602.7102040816326,,602.7102040816326,,0.7759714055113572,0.9929327909087852,True,16,8,3,3,"fly (3,8)",0.20000000000000018,0.3986629134412851,-0.11537649542574968,0.4150227153424516,2.075113576712256,0.5768824771286057,602.6818724806327,1.1339344084488718,0.12080387630457236,,,,,,
25,5.0,718.4100418410042,168.2594142259414,701,165,41,8,137.41004184100416,,602.7405857740586,,602.7405857740586,,0.7763279200056732,0.9929828431203601,True,16,8,3,3,"fly (3,8)",0.20000000000000018,0.06310306549391953,-0.030381692425947904,0.07003602008534464,0.3501801004267229,0.1519084621298815,602.7085966185637,1.309459298436163,0.13362068965515525,,,,,,
26,5.2,718.1166666666667,168.325,701,165,41,8,137.11666666666667,,602.675,,602.675,,0.7746704331450095,0.9928747940691927,True,16,8,3,3,"fly (3,8)",0.20000000000000018,-0.29337517433748417,0.06558577405857591,0.3006168436339052,1.5030842181695245,-0.32792887029302137,602.7164855806001,1.1911758191118527,0.0394448101822793,,,,,,
27,5.4,718.4556451612904,168.26612903225808,701,165,41,8,137.45564516129036,,602.733870967742,,602.733870967742,,0.7765855658829964,0.9929717808364776,True,16,8,3,3,"fly (3,8)",0.20000000000000018,0.3389784946236887,-0.05887096774191036,0.3440526277478653,1.720263138739325,0.29435483870997786,602.7155913978494,1.1754793365661154,-0.004470913753493736,,,,,,
28,5.6,718.516129032258,168.26209677419354,701,165,41,8,137.51612903225805,,602.7379032258065,,602.7379032258065,,0.7769272826681246,0.9929784237657437,True,16,8,3,3,"fly (3,8)",0.1999999999999993,0.060483870967686926,-0.004032258064540883,0.060618130557902036,0.30309065278951125,0.02016129032256238,602.7090787928074,1.3869755352705073,-0.03256302521000024,,,,,,
29,5.8,718.0966386554621,168.34453781512605,701,165,41,8,137.09663865546213,,602.655462184874,,602.655462184874,,0.774557280539334,0.9928426065648664,True,16,8,3,3,"fly (3,8)",0.20000000000000018,-0.4194903767959204,0.08244104093250826,0.4275145628565403,2.1375728142826995,-0.4122052046625409,602.7200106924489,1.8907764170514891,0.054659498207835576,,,,,,
30,6.0,718.7333333333333,168.23333333333332,701,165,41,8,137.73333333333335,,602.7666666666667,,602.7666666666667,,0.7781544256120528,0.9930258099945085,True,16,8,3,3,"fly (3,8)",0.20000000000000018,0.636694677871219,-0.11120448179272557,0.6463331568164549,3.2316657840822716,0.5560224089634853,602.7174731026574,2.7855998367727373,-0.012687948958311296,,,,,,
31,6.2,718.1369294605809,168.26970954356847,701,165,41,8,137.13692946058086,,602.7302904564315,,602.7302904564315,,0.7747849122066716,0.9929658821358014,True,16,8,3,3,"fly (3,8)",0.20000000000000018,-0.5964038727524894,0.036376210235147255,0.5975121823906515,2.987560911953255,-0.18188105117587822,602.7364857076993,2.1559043671406597,0.09506302521003811,,,,,,
32,6.4,718.1833333333334,168.2875,700,165,42,8,137.1833333333334,,602.7125,,602.7125,,0.7750470809792848,0.9929365733113673,True,16,8,3,3,"fly (3,8)",0.20000000000000018,0.04640387275253488,0.01779045643152699,0.049697281077293445,0.24848640538646702,-0.08895228215749276,602.7188278008298,1.2226565187140155,-0.08828953434753346,,,,,,
33,6.6,718.2697095435685,168.2863070539419,701,165,41,8,137.26970954356852,,602.7136929460581,,602.7136929460581,,0.7755350821670538,0.9929385386261255,True,16,8,3,3,"fly (3,8)",0.1999999999999993,0.0863762102351302,-0.0011929460580972773,0.08638444776046751,0.4319222388023391,0.005964730290770624,602.7155723211752,1.2111228350940073,-0.016277398273700776,,,,,,
34,6.8,718.8602620087336,168.27947598253274,702,165,40,8,137.86026200873357,,602.7205240174673,,602.7205240174673,,0.7788715367725061,0.9929497924505226,True,16,8,3,3,"fly (3,8)",0.20000000000000018,0.5905524651650467,-0.0068310714091524005,0.5905919722186466,2.9529598610932304,0.034155357045619866,602.7248255679284,1.5788431973963561,0.04626623376623224,,,,,,
35,7.0,719.1298701298701,168.25974025974025,702,165,40,8,138.12987012987014,,602.7402597402597,,602.7402597402597,,0.7803947464964415,0.992982305997133,True,16,8,3,3,"fly (3,8)",0.20000000000000018,0.26960812113657084,-0.019735722792489696,0.2703294984587029,1.3516474922935133,0.09867861396230629,602.7258168081312,2.3674264931584266,0.004956201014275981,,,,,,
36,7.2,718.5708333333333,168.28333333333333,701,165,41,8,137.57083333333333,,602.7166666666667,,602.7166666666667,,0.7772363465160075,0.9929434376716091,True,16,8,3,3,"fly (3,8)",0.20000000000000018,-0.5590367965368159,0.023593073593076497,0.5595344252177105,2.7976721260885498,-0.11796536796509816,602.7222943722944,1.4409263514615078,-0.017612179184235778,,,,,,
37,7.4,718.5367965367966,168.2900432900433,701,165,41,8,137.5367965367966,,602.7099567099567,,602.7099567099567,,0.7770440482304892,0.9929323833771939,True,16,8,3,3,"fly (3,8)",0.20000000000000018,-0.03403679653672498,0.0067099567099546675,0.034691887200495146,0.17345943600247557,-0.03354978354991542,602.7201647814551,1.470030260033971,-0.010647954196277301,,,,,,
38,7.6,718.25,168.26612903225808,701,165,41,8,137.25,,602.733870967742,,602.733870967742,,0.7754237288135594,0.9929717808364776,True,16,8,3,3,"fly (3,8)",0.1999999999999993,-0.2867965367966008,-0.023914257785207838,0.2877918436021795,1.4389592180109028,0.11957128892618173,602.698667196914,0.8479127943944954,-0.10748792270533132,,,,,,
39,7.8,718.0826086956522,168.34782608695653,701,165,41,8,137.0826086956522,,602.6521739130435,,602.6521739130435,,0.7744780152296734,0.9928371893130865,True,16,8,3,3,"fly (3,8)",0.20000000000000018,-0.16739130434780236,0.08169705469845212,0.18626394583402467,0.9313197291701225,-0.4084852734922602,601.4215525325161,13.889151662676218,-6.385573321989562,,,,,,
40,8.0,724.9768786127167,172.121387283237,701,165,41,26,143.97687861271675,,598.878612716763,,598.878612716763,,0.8134286927272133,0.9866204492862652,True,16,8,3,3,"fly (3,8)",0.20000000000000018,6.894269917064548,3.7735611962804683,7.8594352081695344,39.29717604084764,-18.867805981402608,600.8039915828728,33.95200955978245,-3.0878047482167226,,,,,,
41,8.2,737.1386138613861,170.11881188118812,729,165,13,15,156.13861386138615,,600.8811881188119,,600.8811881188119,,0.8821390613637635,0.9899195850392288,True,16,8,3,3,"fly (3,8)",0.1999999999999993,12.161735248669402,-2.002575402048876,12.325506581865875,61.627532909329595,10.0128770102447,599.6992128911376,36.75975362617333,-5.523893458676116,,,,,,
42,8.4,736.081081081081,171.66216216216216,728,165,14,16,155.08108108108104,,599.3378378378378,,599.3378378378378,,0.8761642998931132,0.9873769980854,True,16,8,3,3,"fly (3,8)",0.20000000000000107,-1.0575327803051096,1.543350280974039,1.8709103856685654,9.354551928342778,-7.716751404870438,598.7289226307112,29.520903026158482,-4.851451302131782,,,,,,
43,8.6,737.083870967742,175.03225806451613,731,165,11,23,156.08387096774197,,595.9677419354839,,595.9677419354839,,0.8818297794787682,0.98182494552798,True,16,8,3,3,"fly (3,8)",0.1999999999999993,1.0027898866609348,3.3700959023539667,3.516124848160606,17.580624240803093,-16.85047951176961,597.2224739595282,9.640697625202831,-7.532243355914649,,,,,,
44,8.8,737.0328947368421,174.63815789473685,730,165,12,23,156.03289473684208,,596.3618421052631,,596.3618421052631,,0.8815417781742491,0.9824742044567761,True,16,8,3,3,"fly (3,8)",0.20000000000000107,-0.05097623089989156,-0.39410016977927853,0.39738334129252983,1.9869167064626385,1.970500848896098,598.1664419127213,23.46739722776232,-0.12007656082962725,,,,,,
46,9.2,717.5461254612546,168.83025830258302,700,165,42,10,136.54612546125463,,602.169741697417,,602.169741697417,,0.7714470365042635,0.9920424080682322,True,16,8,3,3,"fly (3,8)",0.3999999999999986,-19.48676927558745,-5.807899592153831,20.333860294408428,50.83465073602125,14.519748980384628,599.3754194529644,28.350806357369823,1.2049713744203807,,,,,,
47,9.4,723.4556213017752,171.40532544378698,701,165,41,25,142.45562130177518,,599.594674556213,,599.594674556213,,0.8048340186540971,0.9878001228273691,True,16,8,3,3,"fly (3,8)",0.20000000000000107,5.909495840520549,2.5750671412039594,6.446170325925154,32.2308516296256,-12.875335706019586,600.7324010462919,29.688876751993604,1.9449916398430374,,,,,,
48,9.6,724.3147540983607,170.5672131147541,701,165,41,23,143.3147540983607,,600.4327868852458,,600.4327868852458,,0.809687876261925,0.989180868015232,True,16,8,3,3,"fly (3,8)",0.1999999999999993,0.8591327965855271,-0.8381123290328674,1.2002255780667923,6.001127890333983,4.190561645164068,600.9177767224425,20.8650035642173,0.9268783807529802,,,,,,
49,9.8,720.015444015444,168.27413127413126,701,165,41,9,139.01544401544402,,602.7258687258687,,602.7258687258687,,0.7853979887878193,0.9929585975714477,True,16,8,3,3,"fly (3,8)",0.20000000000000107,-4.299310082916691,-2.293081840622847,4.872606234538493,24.363031172692335,11.465409203114458,601.5793278055572,15.18207953151315,7.827985424139264,,,,,,
0,0.0,906.0815450643777,167.6695278969957,873,164,88,11,105.08154506437768,,603.3304721030042,,603.3304721030042,,0.6004659717964439,0.9939546492635984,True,17,1,4,4,"fly (4,1)",,,,,,,603.2991453387592,2.164181959901654,-0.15663382122539815,,,,,,
1,0.2,905.2181425485961,167.73218142548595,873,164,84,11,104.21814254859612,,603.2678185745141,,603.2678185745141,,0.595532243134835,0.9938514309300067,True,17,1,4,4,"fly (4,1)",0.2,-0.8634025157815586,0.06265352849024453,0.8656727839606616,4.328363919803308,-0.3132676424507963,603.327149524085,5.613474088361965,0.08780965288773739,,,,,,
2,0.4,907.7178947368421,167.61684210526315,873,164,88,11,106.71789473684214,,603.3831578947369,,603.3831578947369,,0.6098165413533837,0.9940414462845748,True,17,1,4,4,"fly (4,1)",0.2,2.4997521882460205,-0.11533932022280169,2.5024116690565172,12.512058345282586,0.5766966011140084,603.3383956651888,7.189229145860317,0.05623070551924531,,,,,,
3,0.6,906.7726315789473,167.6357894736842,873,164,88,11,105.77263157894731,,603.3642105263158,,603.3642105263158,,0.6044150375939846,0.9940102315095812,True,17,1,4,4,"fly (4,1)",0.19999999999999996,-0.9452631578948285,0.018947368421066813,0.9454530344990105,4.727265172495054,-0.0947368421054762,603.377653880464,5.849275379116879,0.1962910763747535,,,,,,
4,0.8,906.8305084745763,167.614406779661,873,164,88,11,105.83050847457628,,603.3855932203389,,603.3855932203389,,0.6047457627118644,0.9940454583531119,True,17,1,4,4,"fly (4,1)",0.20000000000000007,0.05787689562896503,-0.021382694023202475,0.061700523914599056,0.3085026195729952,0.10691347011572812,603.3708909816556,2.080031762963498,-0.033814494041166675,,,,,,
5,1.0,906.590717299578,167.63713080168776,873,164,88,11,105.59071729957805,,603.3628691983122,,603.3628691983122,,0.6033755274261603,0.9940080217435127,True,17,1,4,4,"fly (4,1)",0.19999999999999996,-0.23979117499823133,0.02272402202675039,0.24086549936448898,1.204327496822445,-0.11362011013375198,603.334826641374,2.4452057627105517,-0.1803217014088432,,,,,,
6,1.2,905.4310722100656,167.74398249452955,873,164,83,11,104.43107221006562,,603.2560175054705,,603.2560175054705,,0.5967489840575179,0.9938319893006103,True,17,1,4,4,"fly (4,1)",0.19999999999999996,-1.1596450895124235,0.10685169284178642,1.1645574343472427,5.8227871717362145,-0.5342584642085059,603.2754100387698,2.4236957990137786,-0.29708301301980106,,,,,,
7,1.4,905.4276457883369,167.792656587473,873,164,84,11,104.42764578833692,,603.207343412527,,603.207343412527,,0.5967294045047824,0.9937518013385949,True,17,1,4,4,"fly (4,1)",0.19999999999999996,-0.003426421728704554,0.04867409294345748,0.048794545696535345,0.2439727284826768,-0.24337046471714535,603.2320889669678,2.433517904353125,-0.2166053590102972,,,,,,
8,1.6,905.6730769230769,167.76709401709402,873,164,88,11,104.6730769230769,,603.232905982906,,603.232905982906,,0.598131868131868,0.9937939143046227,True,17,1,4,4,"fly (4,1)",0.20000000000000018,0.245431134739988,-0.025562570378980354,0.246758762568097,1.233793812840484,0.12781285189475955,603.4838075265968,5.204612397768866,1.2585927981450598,,,,,,
9,1.8,908.391061452514,166.98882681564245,891,165,55,8,107.39106145251401,,604.0111731843575,,604.0111731843575,,0.61366320830008,0.9950760678490239,True,17,1,4,4,"fly (4,1)",0.19999999999999996,2.7179845294371034,-0.7782672014515697,2.8272141303966865,14.136070651983436,3.891336007257565,603.5070451481066,9.123342495502143,0.11618810754877511,,,,,,
10,2.0,906.1060606060606,167.7229437229437,873,164,88,11,105.10606060606062,,603.2770562770563,,603.2770562770563,,0.6006060606060607,0.9938666495503399,True,17,1,4,4,"fly (4,1)",0.19999999999999996,-2.2850008464533857,0.7341169073012566,2.4000326043365017,12.00016302168251,-3.6705845365059995,603.4838159507394,13.096018225226581,-0.11614598683574186,,,,,,
11,2.2,903.4781609195402,167.8367816091954,873,164,77,11,102.47816091954019,,603.1632183908046,,603.1632183908046,,0.5855894909688011,0.9936791077278494,True,17,1,4,4,"fly (4,1)",0.20000000000000018,-2.6278996865204363,0.11383788625170155,2.630364200402762,13.151821002013799,-0.5691894312587914,602.4963022955686,21.28268365835979,-4.9375682758542,,,,,,
12,2.4,896.0334346504559,169.95136778115503,874,165,40,13,95.03343465045589,,601.048632218845,,601.048632218845,,0.5430481980026051,0.9901954402287397,True,17,1,4,4,"fly (4,1)",0.19999999999999973,-7.444726269084299,2.1145861719596155,7.739213390276602,38.69606695138306,-10.572930859797808,602.493610362291,34.209050220034804,-0.013459666388190072,,,,,,
13,2.6,905.9436008676789,167.73101952277656,873,164,88,11,104.94360086767892,,603.2689804772234,,603.2689804772234,,0.5996777192438796,0.9938533451025098,True,17,1,4,4,"fly (4,1)",0.20000000000000018,9.910166217223036,-2.220348258378465,10.15585254134152,50.779262706707556,11.10174129189203,602.5736944706346,31.388621598999503,0.40042054171767605,,,,,,
14,2.8,906.8720173535792,167.59652928416486,873,164,88,11,105.87201735357917,,603.4034707158352,,603.4034707158352,,0.6049829563061667,0.994074910569745,True,17,1,4,4,"fly (4,1)",0.19999999999999973,0.9284164859002431,-0.13449023861170417,0.9381070277815795,4.6905351389079035,0.672451193058806,603.3611069194253,18.809474928834415,3.9370622439539193,,,,,,
15,3.0,906.6804347826087,167.58913043478262,873,164,88,11,105.6804347826087,,603.4108695652174,,603.4108695652174,,0.603888198757764,0.9940870997779528,True,17,1,4,4,"fly (4,1)",0.20000000000000018,-0.1915825709704677,-0.007398849382241224,0.19172538817755824,0.9586269408877903,0.03699424691092187,603.3508825435728,5.434122988609609,-0.05112187926253298,,,,,,
16,3.2,904.5567928730512,167.76169265033408,873,164,81,11,103.55679287305122,,603.2383073496659,,603.2383073496659,,0.5917531021317213,0.9938028127671596,True,17,1,4,4,"fly (4,1)",0.20000000000000018,-2.1236419095574774,0.17256221555146567,2.130641377206629,10.653206886033134,-0.8628110777573276,603.3163209273737,6.798806152216176,-0.17280808099580183,,,,,,
17,3.4,906.3126338329764,167.7002141327623,873,164,88,11,105.31263383297642,,603.2997858672377,,603.2997858672377,,0.6017864790455795,0.9939040953331758,True,17,1,4,4,"fly (4,1)",0.19999999999999973,1.7558409599251945,-0.06147851757177136,1.7569169259455186,8.784584629727604,0.3073925878589993,603.2540896803598,8.912011172255921,-0.3111562350691573,,,,,,
18,3.6,904.854945054945,167.77582417582417,873,164,82,11,103.854945054945,,603.2241758241759,,603.2241758241759,,0.5934568288854001,0.9937795318355451,True,17,1,4,4,"fly (4,1)",0.20000000000000018,-1.457688778031411,0.07561004306185737,1.4596484002014058,7.298242001007023,-0.3780502153091444,603.2776581889833,7.702824049138606,0.11784254311768026,,,,,,
19,3.8,906.2575107296137,167.69098712446353,873,164,88,11,105.25751072961373,,603.3090128755365,,603.3090128755365,,0.601471489883507,0.9939192963353155,True,17,1,4,4,"fly (4,1)",0.19999999999999973,1.4025656746687218,-0.0848370513606369,1.4051291033362359,7.025645516681188,0.4241852568031851,603.2933324034502,5.758810141627948,0.07837107233437311,,,,,,
20,4.0,906.8468085106383,167.6531914893617,873,164,88,11,105.84680851063831,,603.3468085106383,,603.3468085106383,,0.604838905775076,0.9939815626204914,True,17,1,4,4,"fly (4,1)",0.20000000000000018,0.5892977810245839,-0.03779563510184403,0.590508581439127,2.952542907195632,0.18897817550907786,603.3351325524537,3.567301771050753,0.20900074501753388,,,,,,
21,4.2,906.9915254237288,167.65042372881356,873,164,88,11,105.99152542372883,,603.3495762711864,,603.3495762711864,,0.6056658595641647,0.9939861223578029,True,17,1,4,4,"fly (4,1)",0.20000000000000018,0.14471691309051948,-0.0027677605481244427,0.1447433778550878,0.7237168892754384,0.013838802740337984,603.3477599522571,1.6966844199611393,0.0631369990166303,,,,,,
22,4.4,906.7087794432548,167.65310492505353,873,164,88,11,105.7087794432548,,603.3468950749465,,603.3468950749465,,0.6040501682471703,0.9939817052305543,True,17,1,4,4,"fly (4,1)",0.20000000000000018,-0.2827459804740329,0.0026811962399619915,0.2827586926824697,1.4137934634123475,-0.013405981199525728,603.3606367727652,0.9463399569756574,0.06438410254077147,,,,,,
23,4.6,906.8436830835118,167.61456102783725,873,164,88,11,105.84368308351179,,603.3854389721628,,603.3854389721628,,0.6048210461914959,0.9940452042375004,True,17,1,4,4,"fly (4,1)",0.1999999999999993,0.13490364025699364,-0.038543897216271716,0.1403019036478368,0.7015095182391864,0.19271948608150138,603.3576326794774,1.4641738527976873,-0.015020466438499525,,,,,,
24,4.8,906.3904555314533,167.65943600867678,873,164,88,11,105.39045553145331,,603.3405639913233,,603.3405639913233,,0.6022311744654475,0.9939712751092641,True,17,1,4,4,"fly (4,1)",0.20000000000000018,-0.453227552058479,0.04487498083952346,0.4554437153483061,2.2772185767415283,-0.224374904197475,603.355334321162,1.7436691725349593,-0.01149179157740284,,,,,,
25,5.0,905.94,167.66,873,164,84,11,104.94000000000005,,603.34,,603.34,,0.5996571428571432,0.9939703459637562,True,17,1,4,4,"fly (4,1)",0.20000000000000018,-0.4504555314532581,0.0005639913232187155,0.4504558845248332,2.252279422624164,-0.0028199566162356833,603.3613575877511,3.1228123475080007,0.03011633294515097,,,,,,
26,5.2,906.905701754386,167.59649122807016,873,164,87,11,105.90570175438597,,603.4035087719299,,603.4035087719299,,0.6051754385964913,0.9940749732651233,True,17,1,4,4,"fly (4,1)",0.20000000000000018,0.9657017543859183,-0.06350877192983262,0.9677878086316628,4.83893904315831,0.3175438596491628,603.3768217645564,2.5099269632800145,0.07732088402652475,,,,,,
27,5.4,906.8195652173913,167.61304347826086,873,164,88,11,105.8195652173913,,603.3869565217392,,603.3869565217392,,0.6046832298136646,0.994047704319175,True,17,1,4,4,"fly (4,1)",0.20000000000000018,-0.0861365369946725,0.01655225019069917,0.08771248481151406,0.4385624240575699,-0.08276125095335367,603.4221492754733,2.615063580205,0.22663755458514434,,,,,,
28,5.6,907.3253275109171,167.5240174672489,873,164,88,11,106.32532751091708,,603.4759825327511,,603.4759825327511,,0.6075733000623833,0.9941943699056855,True,17,1,4,4,"fly (4,1)",0.1999999999999993,0.5057622935257768,-0.08902601101195273,0.5135378546798224,2.5676892733991212,0.4451300550596231,603.6354724384532,4.747915595928596,1.0666158148994023,,,,,,
29,5.8,909.5,166.95652173913044,891,165,63,8,108.5,,604.0434782608695,,604.0434782608695,,0.62,0.9951292887328987,True,17,1,4,4,"fly (4,1)",0.20000000000000018,2.1746724890829228,-0.5674957281184732,2.247499018065821,11.237495090329096,2.8374786405919368,603.843523968244,5.8066400251859,1.040257648953305,,,,,,
30,6.0,908.7777777777778,166.98888888888888,891,165,60,8,107.77777777777783,,604.0111111111112,,604.0111111111112,,0.6158730158730161,0.9950759655866741,True,17,1,4,4,"fly (4,1)",0.20000000000000018,-0.7222222222221717,0.03236714975844279,0.7229471423658976,3.614735711829485,-0.1618357487916454,604.0089371980677,5.4273931442838785,0.8270661491184222,,,,,,
31,6.2,908.4944444444444,167.02777777777777,891,165,59,8,107.49444444444441,,603.9722222222222,,603.9722222222222,,0.614253968253968,0.9950118982244187,True,17,1,4,4,"fly (4,1)",0.20000000000000018,-0.2833333333334167,0.038888888888891415,0.28598972613861073,1.4299486306930524,-0.19444444444502534,603.7788011695907,5.043645848882329,-1.1506801423848845,,,,,,
32,6.4,906.5745614035088,167.6469298245614,873,164,88,11,105.57456140350882,,603.3530701754386,,603.3530701754386,,0.6032832080200504,0.9939918783779877,True,17,1,4,4,"fly (4,1)",0.20000000000000018,-1.9198830409355878,0.6191520467836256,2.017250640824891,10.086253204124446,-3.095760233917983,603.5610699893865,4.218889190229386,-1.0886559010204628,,,,,,
33,6.6,906.8026030368763,167.64208242950107,873,164,88,11,105.80260303687635,,603.3579175704989,,603.3579175704989,,0.6045863030678649,0.9939998642018104,True,17,1,4,4,"fly (4,1)",0.1999999999999993,0.2280416333675248,-0.004847395060323834,0.2280931471741303,1.1404657358706556,0.024236975301619255,603.3520142303308,4.413587073766741,-1.0452787952787417,,,,,,
34,6.8,906.4,167.65494505494505,873,164,86,11,105.39999999999998,,603.3450549450549,,603.3450549450549,,0.6022857142857142,0.9939786737150823,True,17,1,4,4,"fly (4,1)",0.20000000000000018,-0.40260303687637133,0.01286262544397232,0.40280845626102335,2.014042281305115,-0.06431312721986154,603.590954996224,6.926161067595438,1.1947038294660681,,,,,,
35,7.0,909.8494623655914,166.93010752688173,891,165,63,8,108.84946236559142,,604.0698924731182,,604.0698924731182,,0.6219969278033796,0.9951728047333084,True,17,1,4,4,"fly (4,1)",0.20000000000000018,3.449462365591444,-0.7248375280633184,3.524795037122111,17.62397518561054,3.6241876403164466,602.9553584125739,45.57554760768198,-3.1779829182499917,,,,,,
36,7.2,933.1203007518797,169.54887218045113,917,165,37,13,132.12030075187965,,601.4511278195489,,601.4511278195489,,0.754973147153598,0.990858530180476,True,17,1,4,4,"fly (4,1)",0.20000000000000018,23.270838386288233,2.6187646535694,23.41772507122608,117.0886253561303,-13.093823267846561,602.3240493707386,46.57086684724695,-3.1565452091767052,,,,,,
37,7.4,932.1203007518797,169.54887218045113,916,165,37,13,131.12030075187965,,601.4511278195489,,601.4511278195489,,0.7492588614393123,0.990858530180476,True,17,1,4,4,"fly (4,1)",0.20000000000000018,-1.0,0.0,1.0,4.999999999999996,0.0,601.4605521293871,42.65053368895078,-4.3410469813532355,,,,,,
39,7.8,929.7752808988764,169.52059925093633,915,165,40,13,128.77528089887642,,601.4794007490636,,601.4794007490636,,0.7358587479935795,0.990905108318062,True,17,1,4,4,"fly (4,1)",0.39999999999999947,-2.3450198530032367,-0.02827292951479876,2.345190284288819,5.862975710722055,0.07068232378685489,601.4731115129207,4.947108924689473,0.03923614307173771,,,,,,
40,8.0,930.570895522388,169.51119402985074,915,165,40,13,129.570895522388,,601.4888059701493,,601.4888059701493,,0.7404051172707886,0.9909206029162262,True,17,1,4,4,"fly (4,1)",0.20000000000000018,0.7956146235115966,-0.00940522108558639,0.7956702126692744,3.9783510633463686,0.047026105428358236,601.485670896454,4.947108924689481,0.03923614307173771,,,,,,
41,8.2,929.570895522388,169.51119402985074,914,165,40,13,128.570895522388,,601.4888059701493,,601.4888059701493,,0.7346908315565029,0.9909206029162262,True,17,1,4,4,"fly (4,1)",0.1999999999999993,-1.0,0.0,1.0,5.000000000000018,0.0,601.4831740175526,4.5134620149640226,-0.012484394506865573,,,,,,
42,8.4,930.4831460674158,169.52808988764045,915,165,39,13,129.48314606741576,,601.4719101123595,,601.4719101123595,,0.7399036918138043,0.9908927678951557,True,17,1,4,4,"fly (4,1)",0.20000000000000107,0.9122505450277458,0.016895857789705815,0.9124069963091412,4.562034981545682,-0.08447928894895496,601.4900032542688,4.0506019366665615,0.03414618358003015,,,,,,
43,8.6,929.9665427509294,169.4907063197026,915,165,42,13,128.96654275092942,,601.5092936802973,,601.5092936802973,,0.7369516728624538,0.9909543553217419,True,17,1,4,4,"fly (4,1)",0.1999999999999993,-0.5166033164863393,-0.03738356793783737,0.5179541656907952,2.589770828453985,0.1869178396890454,601.4912470353632,2.548225916423445,0.006218905472603398,,,,,,
44,8.8,929.8694029850747,169.50746268656715,915,165,41,13,128.86940298507466,,601.4925373134329,,601.4925373134329,,0.7363965884861409,0.9909267501045023,True,17,1,4,4,"fly (4,1)",0.20000000000000107,-0.09713976585476303,0.016756366864541405,0.09857438785413423,0.4928719392706685,-0.08378183432228026,601.4753578059909,1.6350387119817913,-0.07944614686171769,,,,,,
45,9.0,929.5113636363636,169.57575757575756,915,165,37,13,128.51136363636363,,601.4242424242425,,601.4242424242425,,0.7343506493506493,0.9908142379312067,True,17,1,4,4,"fly (4,1)",0.1999999999999993,-0.3580393487110314,0.06829488919041182,0.3644946736441428,1.8224733682207204,-0.3414744459519182,601.4527630572126,0.9161178049213577,-0.11297374389187113,,,,,,
46,9.2,929.5962264150943,169.55849056603773,915,165,38,13,128.5962264150943,,601.4415094339622,,601.4415094339622,,0.7348355795148245,0.9908426844052096,True,17,1,4,4,"fly (4,1)",0.1999999999999993,0.08486277873066683,-0.01726700971983064,0.08660162145453655,0.4330081072726843,0.08633504859858507,601.4357537640557,0.7518271584978016,-0.08504646578444437,,,,,,
47,9.4,929.5962264150943,169.55849056603773,915,165,38,13,128.5962264150943,,601.4415094339622,,601.4415094339622,,0.7348355795148245,0.9908426844052096,True,17,1,4,4,"fly (4,1)",0.20000000000000107,0.0,0.0,0.0,0.0,0.0,601.4541398723294,2.110441342284243,0.0919305413685837,,,,,,
48,9.6,930.7752808988764,169.52059925093633,916,165,40,13,129.77528089887642,,601.4794007490636,,601.4794007490636,,0.7415730337078652,0.990905108318062,True,17,1,4,4,"fly (4,1)",0.1999999999999993,1.1790544837821244,-0.03789131510140464,1.1796631839160048,5.898315919580045,0.189456575507166,601.4711491654863,5.142643950169727,0.08504646578444419,,,,,,
49,9.8,928.8694029850747,169.50746268656715,914,165,41,13,127.86940298507466,,601.4925373134329,,601.4925373134329,,0.7306823027718552,0.9909267501045023,True,17,1,4,4,"fly (4,1)",0.20000000000000107,-1.9058779138017599,-0.01313656436917654,1.9059231861858372,9.529615930929136,0.06568282184616657,601.4859690312483,7.713965925254591,0.1275696986766663,,,,,,
0,0.0,841.0419161676647,166.94910179640718,818,164,49,8,40.04191616766468,,604.0508982035929,,604.0508982035929,,0.22881094952951248,0.9951415126912567,True,18,2,4,4,"fly (4,2)",,,,,,,604.0432005810864,0.37794364868878855,-0.03848811253249096,,,,,,
1,0.2,841.1923076923077,166.96449704142012,818,164,50,8,40.192307692307736,,604.0355029585799,,604.0355029585799,,0.2296703296703299,0.9951161498493902,True,18,2,4,4,"fly (4,2)",0.2,0.15039152464305516,0.01539524501293954,0.15117745947551542,0.7558872973775771,-0.07697622506498192,604.0447207854008,0.5830564388758334,-0.005228349271722739,,,,,,
2,0.4,840.9940298507463,166.95223880597015,818,164,49,8,39.9940298507463,,604.0477611940298,,604.0477611940298,,0.228537313432836,0.9951363446359635,True,18,2,4,4,"fly (4,2)",0.2,-0.1982778415614348,-0.01225823544996274,0.19865640384998456,0.9932820192499228,0.0612911772498137,604.0544609489906,1.2381580295728827,0.04870081794858077,,,,,,
3,0.6,841.3857566765579,166.91988130563797,818,164,50,8,40.38575667655789,,604.080118694362,,604.080118694362,,0.23077575243747364,0.9951896518852751,True,18,2,4,4,"fly (4,2)",0.19999999999999996,0.39172682581158824,-0.0323575003321821,0.3930609544182296,1.9653047720911483,0.16178750166091052,604.0645827172883,1.1715693624147219,0.0506088414886108,,,,,,
4,0.8,841.2754491017964,166.93413173652695,818,164,49,8,40.275449101796426,,604.065868263473,,604.065868263473,,0.2301454234388367,0.9951661750633822,True,18,2,4,4,"fly (4,2)",0.20000000000000007,-0.11030757476146391,0.014250430888978372,0.11122425918061896,0.5561212959030946,-0.07125215444489183,604.0706184071026,0.8404753559980809,0.03017844907200623,,,,,,
5,1.0,841.2754491017964,166.93413173652695,818,164,49,8,40.275449101796426,,604.065868263473,,604.065868263473,,0.2301454234388367,0.9951661750633822,True,18,2,4,4,"fly (4,2)",0.19999999999999996,0.0,0.0,0.0,0.0,0.0,604.0689372006738,0.27540255836634736,-0.008406032144800206,,,,,,
6,1.2,841.2222222222222,166.92492492492494,818,164,49,8,40.22222222222217,,604.0750750750751,,604.0750750750751,,0.22984126984126954,0.9951813427925456,True,18,2,4,4,"fly (4,2)",0.19999999999999996,-0.05322687957425387,-0.009206811602012976,0.054017275839189485,0.27008637919594747,0.046034058010491215,604.0608700017383,0.2289870611617355,-0.04033599467732075,,,,,,
7,1.4,841.1458333333334,166.95833333333334,818,164,49,8,40.14583333333337,,604.0416666666666,,604.0416666666666,,0.2294047619047621,0.9951263042284458,True,18,2,4,4,"fly (4,2)",0.19999999999999996,-0.07638888888880047,0.03340840840840542,0.08337496085785179,0.41687480428925905,-0.16704204204245346,604.0558293367994,0.3190935554020638,-0.02520332469392393,,,,,,
8,1.6,841.0925373134328,166.94925373134328,818,164,49,8,40.092537313432786,,604.0507462686567,,604.0507462686567,,0.2291002132196159,0.9951412623865843,True,18,2,4,4,"fly (4,2)",0.20000000000000018,-0.053296019900585634,-0.009079601990066521,0.05406389654419703,0.2703194827209849,0.04539800995019046,604.0456411070267,0.44600488746279526,-0.0509411488640884,,,,,,
9,1.8,841.2225519287833,166.95548961424333,818,164,50,8,40.22255192878333,,604.0445103857567,,604.0445103857567,,0.2298431538787619,0.9951309891033883,True,18,2,4,4,"fly (4,2)",0.19999999999999996,0.1300146153505466,0.006235882900057277,0.13016407507562833,0.6508203753781417,-0.031179414500002174,604.056407050485,0.8702229932793298,0.05382971729128863,,,,,,
10,2.0,841.5591715976332,166.92603550295857,818,164,50,8,40.55917159763317,,604.0739644970414,,604.0739644970414,,0.2317666948436181,0.9951795131746975,True,18,2,4,4,"fly (4,2)",0.19999999999999996,0.33661966884983485,-0.02945411128476394,0.33790582434777255,1.689529121738863,0.14727055642367762,604.0561582942661,1.0000401686242177,-0.0012437810945205342,,,,,,
11,2.2,841.4294117647058,166.95,818,164,50,8,40.42941176470583,,604.05,,604.05,,0.23102521008403334,0.995140032948929,True,18,2,4,4,"fly (4,2)",0.20000000000000018,-0.12975983292733417,0.02396449704141901,0.13195420175112976,0.6597710087556482,-0.11982248520723704,604.0491416358662,1.1059364606515396,-0.03508329199917171,,,,,,
12,2.4,841.2375366568915,166.9765395894428,818,164,50,8,40.23753665689151,,604.0234604105572,,604.0234604105572,,0.22992878089652288,0.9950963103963051,True,18,2,4,4,"fly (4,2)",0.19999999999999973,-0.19187510781432593,0.026539589442819533,0.19370185029202125,0.9685092514601076,-0.13269794721395572,604.0342049765026,0.997304875466095,-0.07468329681823134,,,,,,
13,2.6,841.5102040816327,166.97084548104957,818,164,50,8,40.51020408163265,,604.0291545189505,,604.0291545189505,,0.23148688046647228,0.995105691135009,True,18,2,4,4,"fly (4,2)",0.20000000000000018,0.2726674247411438,-0.005694108393242914,0.2727268732365062,1.3636343661825296,0.02847054196649876,604.0393637066612,0.9585697371453511,0.02579365079365442,,,,,,
14,2.8,841.4077380952381,166.9345238095238,818,164,50,8,40.407738095238074,,604.0654761904761,,604.0654761904761,,0.23090136054421756,0.9951655291441123,True,18,2,4,4,"fly (4,2)",0.19999999999999973,-0.10246598639457716,-0.03632167152576926,0.10871311875868316,0.5435655937934165,0.18160835762842023,604.0542933225289,0.7120738385978052,0.07464807933843083,,,,,,
15,3.0,841.3620178041543,166.93175074183975,818,164,50,8,40.362017804154334,,604.0682492581602,,604.0682492581602,,0.23064010173802477,0.9951700976246461,True,18,2,4,4,"fly (4,2)",0.20000000000000018,-0.04572029108373954,-0.002773067684046282,0.045804311163493934,0.22902155581746947,0.013865338420373506,604.0593244120823,0.4665259644460138,0.025155447766944047,,,,,,
16,3.2,841.2389380530974,166.95575221238937,818,164,50,8,40.2389380530974,,604.0442477876106,,604.0442477876106,,0.22993678887484229,0.9951305564870027,True,18,2,4,4,"fly (4,2)",0.20000000000000018,-0.12307975105693458,0.024001470549620763,0.12539814874543126,0.6269907437271557,-0.1200073527479616,604.0562366878407,0.38710791685448437,-0.015438621207787585,,,,,,
17,3.4,841.2988165680473,166.94378698224853,818,164,50,8,40.2988165680473,,604.0562130177515,,604.0562130177515,,0.23027895181741315,0.9951502685630172,True,18,2,4,4,"fly (4,2)",0.19999999999999973,0.05987851494990082,-0.011965230140845051,0.06106229020376555,0.3053114510188282,0.05982615070422533,604.0582885224222,0.48408663971861055,0.010259172907656986,,,,,,
18,3.6,841.1964285714286,166.92559523809524,818,164,50,8,40.196428571428555,,604.0744047619048,,604.0744047619048,,0.2296938775510203,0.9951802384874874,True,18,2,4,4,"fly (4,2)",0.20000000000000018,-0.10238799661874509,-0.018191744153284617,0.10399154488196972,0.5199577244098481,0.09095872076670722,604.0652998929221,0.3595729348825314,0.03505685249857984,,,,,,
19,3.8,841.2462908011869,166.9347181008902,818,164,50,8,40.24629080118689,,604.0652818991098,,604.0652818991098,,0.2299788045782108,0.9951652090594889,True,18,2,4,4,"fly (4,2)",0.19999999999999973,0.04986222975833243,0.009122862794953335,0.050689925843783554,0.2534496292189181,-0.04561431397519306,604.0695852433613,0.6783445008181911,0.02142675219602092,,,,,,
20,4.0,840.993993993994,166.93093093093094,818,164,49,8,39.99399399399397,,604.0690690690691,,604.0690690690691,,0.22853710853710837,0.9951714482192242,True,18,2,4,4,"fly (4,2)",0.20000000000000018,-0.2522968071929199,-0.0037871699592528785,0.25232522976516175,1.2616261488258076,0.018935849796548592,604.0616990789451,0.6720790665562717,-0.03943082208024861,,,,,,
21,4.2,841.0925373134328,166.94925373134328,818,164,49,8,40.092537313432786,,604.0507462686567,,604.0507462686567,,0.2291002132196159,0.9951412623865843,True,18,2,4,4,"fly (4,2)",0.20000000000000018,0.09854331943881789,0.018322800412335027,0.10023228432481807,0.5011614216240898,-0.09161400206210138,604.0448548667542,0.9739435405522124,-0.08422106095489797,,,,,,
22,4.4,841.3215339233038,166.98525073746313,818,164,49,8,40.32153392330383,,604.0147492625368,,604.0147492625368,,0.2304087652760219,0.9950819592463539,True,18,2,4,4,"fly (4,2)",0.20000000000000018,0.22899660987104653,0.03599700611985668,0.2318086102413482,1.15904305120674,-0.17998503059914112,604.0326479695915,1.227596790451129,-0.06103448581332771,,,,,,
23,4.6,841.7256637168142,166.96755162241888,818,164,49,7,40.72566371681421,,604.0324483775811,,604.0324483775811,,0.23271807838179548,0.9951111175907431,True,18,2,4,4,"fly (4,2)",0.1999999999999993,0.4041297935103785,-0.017699115044251812,0.40451717970450995,2.022585898522557,0.08849557522125938,604.0244534769386,1.2032327229336046,-0.04097246326504453,,,,,,
24,4.8,841.8110465116279,166.97383720930233,818,164,50,8,40.811046511627865,,604.0261627906976,,604.0261627906976,,0.23320598006644494,0.9951007624228956,True,18,2,4,4,"fly (4,2)",0.20000000000000018,0.08538279481365407,0.006285586883450378,0.08561384381430351,0.4280692190715172,-0.03142793441725186,604.0234356915704,1.06357257541697,-0.00508892684005469,,,,,,
25,5.0,841.6637426900585,166.98830409356725,818,164,50,8,40.663742690058484,,604.0116959064328,,604.0116959064328,,0.23236424394319133,0.9950769290056554,True,18,2,4,4,"fly (4,2)",0.20000000000000018,-0.1473038215693805,0.0144668842649196,0.14801252173136725,0.7400626086568356,-0.0723344213241716,604.0194823108081,0.40915790702068017,-0.019766903811652484,,,,,,
26,5.2,841.6558823529411,166.97941176470587,818,164,49,8,40.65588235294115,,604.0205882352941,,604.0205882352941,,0.2323193277310923,0.9950915786413412,True,18,2,4,4,"fly (4,2)",0.20000000000000018,-0.007860337117335803,-0.008892328861378473,0.011868378666737572,0.059341893333687806,0.044461644306466,604.029388831556,0.33456838296471125,0.049532603739142624,,,,,,
27,5.4,841.6764705882352,166.94411764705882,818,164,50,8,40.67647058823525,,604.0558823529411,,604.0558823529411,,0.2324369747899157,0.9951497238104466,True,18,2,4,4,"fly (4,2)",0.20000000000000018,0.020588235294098922,-0.035294117647055145,0.04086012938072211,0.20430064690361036,0.17647058823513345,604.0423552754434,0.3474259011560741,0.06483221943729699,,,,,,
28,5.6,841.5208333333334,166.94940476190476,818,164,49,7,40.52083333333337,,604.0505952380952,,604.0505952380952,,0.23154761904761925,0.9951410135718207,True,18,2,4,4,"fly (4,2)",0.1999999999999993,-0.15563725490187608,0.005287114845941687,0.15572703264618423,0.778635163230924,-0.02643557422970853,604.0483510862308,0.44568220248507256,0.029979053936131036,,,,,,
29,5.8,841.4510385756677,166.96142433234422,818,164,49,8,40.45103857566767,,604.0385756676558,,604.0385756676558,,0.2311487918609581,0.9951212119730738,True,18,2,4,4,"fly (4,2)",0.20000000000000018,-0.06979475766570431,0.012019570439463223,0.07082215946413671,0.35411079732068323,-0.06009785219703184,604.0435713108191,0.6001888599449835,-0.02389887705817274,,,,,,
30,6.0,841.5845697329377,166.95845697329378,818,164,49,7,40.584569732937666,,604.0415430267062,,604.0415430267062,,0.2319118270453581,0.995126100538231,True,18,2,4,4,"fly (4,2)",0.20000000000000018,0.1335311572699993,-0.002967359050444429,0.13356412385666874,0.6678206192833431,0.014836795252222132,604.035581971099,0.6748269835742601,-0.03994669860048811,,,,,,
31,6.2,841.3846153846154,166.97337278106508,818,164,49,8,40.38461538461536,,604.0266272189349,,604.0266272189349,,0.23076923076923062,0.9951015275435501,True,18,2,4,4,"fly (4,2)",0.20000000000000018,-0.19995434832230785,0.014915807771302525,0.2005099068237509,1.0025495341187536,-0.07457903885665466,604.0395884945788,0.7873075576722358,0.020032617399010622,,,,,,
32,6.4,841.5208333333334,166.94940476190476,818,164,49,7,40.52083333333337,,604.0505952380952,,604.0505952380952,,0.23154761904761925,0.9951410135718207,True,18,2,4,4,"fly (4,2)",0.20000000000000018,0.13621794871801285,-0.02396801916032132,0.13831050392292232,0.691552519614611,0.11984009580146437,604.0296394544876,0.8115488286493919,-0.04974520045569406,,,,,,
33,6.6,841.6637426900585,166.98830409356725,818,164,50,8,40.663742690058484,,604.0116959064328,,604.0116959064328,,0.23236424394319133,0.9950769290056554,True,18,2,4,4,"fly (4,2)",0.1999999999999993,0.14290935672511296,0.03889933166249193,0.14810888644296175,0.7405444322148114,-0.19449665831189192,604.0345704209572,0.5269352089016176,0.02465483234724737,,,,,,
34,6.8,841.6627218934912,166.95857988165682,818,164,49,7,40.66272189349115,,604.0414201183432,,604.0414201183432,,0.23235841081994943,0.9951258980532838,True,18,2,4,4,"fly (4,2)",0.20000000000000018,-0.0010207965673316721,-0.02972421191043395,0.029741734975086098,0.14870867487543035,0.14862105955216962,604.034570420957,0.5333925388505215,-2.7755575615628914e-16,,,,,,
35,7.0,841.5208333333334,166.94940476190476,818,164,49,7,40.52083333333337,,604.0505952380952,,604.0505952380952,,0.23154761904761925,0.9951410135718207,True,18,2,4,4,"fly (4,2)",0.20000000000000018,-0.14188856015778128,-0.00917511975205798,0.14218490189226465,0.7109245094613227,0.04587559875972143,604.0563128111206,0.5659402773339203,0.10871195081714775,,,,,,
36,7.2,841.6863905325444,166.92307692307693,818,164,50,7,40.68639053254435,,604.0769230769231,,604.0769230769231,,0.23249366018596773,0.9951843872766443,True,18,2,4,4,"fly (4,2)",0.20000000000000018,0.1655571992109799,-0.02632783882782519,0.1676375295330017,0.8381876476650078,0.13163919413955216,604.0624066025185,0.8952744880773205,0.03046895699014839,,,,,,
37,7.4,841.4597014925373,166.9402985074627,818,164,49,7,40.459701492537306,,604.0597014925373,,604.0597014925373,,0.2311982942430703,0.995156015638447,True,18,2,4,4,"fly (4,2)",0.20000000000000018,-0.22668904000704515,0.01722158438576571,0.22734226142112637,1.136711307105631,-0.08610792192882846,604.0655016029938,0.7807565933470472,0.015475002376206254,,,,,,
38,7.6,841.3862275449102,166.94011976047904,818,164,49,7,40.386227544910184,,604.0598802395209,,604.0598802395209,,0.2307784431137725,0.995156310114532,True,18,2,4,4,"fly (4,2)",0.1999999999999993,-0.07347394762712156,-0.00017874698366426856,0.07347416505410029,0.36737082527050274,0.0008937349178950203,604.0597610748652,0.6238176525488782,-0.028702640642942808,,,,,,
39,7.8,841.4597014925373,166.9402985074627,818,164,49,7,40.459701492537306,,604.0597014925373,,604.0597014925373,,0.2311982942430703,0.995156015638447,True,18,2,4,4,"fly (4,2)",0.20000000000000018,0.07347394762712156,0.00017874698366426856,0.07347416505410029,0.36737082527050113,-0.0008937349178950164,604.0746864479995,0.3985800050209675,0.07462686567161346,,,,,,
40,8.0,841.5402985074627,166.8955223880597,818,164,50,7,40.540298507462694,,604.1044776119403,,604.1044776119403,,0.23165884861407254,0.99522978189776,True,18,2,4,4,"fly (4,2)",0.20000000000000018,0.08059701492538807,-0.04477611940299653,0.09219967290437982,0.4609983645218987,0.22388059701484034,604.0723734269827,0.36352575738694176,-0.011565105083946389,,,,,,
41,8.2,841.55,166.9470588235294,818,164,50,8,40.549999999999955,,604.0529411764705,,604.0529411764705,,0.23171428571428546,0.9951448783796879,True,18,2,4,4,"fly (4,2)",0.1999999999999993,0.009701492537260492,0.05153643546969988,0.052441616473684914,0.2622080823684255,-0.2576821773487845,604.0692879640894,0.3813382349268879,-0.015427314466289347,,,,,,
42,8.4,841.4658753709199,166.94955489614244,818,164,50,8,40.46587537091989,,604.0504451038576,,604.0504451038576,,0.23123357354811366,0.9951407662337027,True,18,2,4,4,"fly (4,2)",0.20000000000000107,-0.08412462908006546,0.0024960726130416333,0.08416165157806833,0.42080825789033943,-0.012480363064923884,604.0560943451634,0.47989779303294267,-0.06596809463019344,,,,,,
43,8.6,841.6165191740413,166.93510324483776,818,164,50,8,40.61651917404129,,604.0648967551622,,604.0648967551622,,0.23209439528023593,0.9951645745554566,True,18,2,4,4,"fly (4,2)",0.1999999999999993,0.15064380312139747,-0.0144516513046824,0.15133540776801208,0.7566770388400631,0.07225825652312803,604.064088311981,0.5106597574986043,0.03996983408759056,,,,,,
44,8.8,841.6863905325444,166.92307692307693,818,164,50,7,40.68639053254435,,604.0769230769231,,604.0769230769231,,0.23249366018596773,0.9951843872766443,True,18,2,4,4,"fly (4,2)",0.20000000000000107,0.06987135850306458,-0.012026321760828296,0.07089879515308245,0.35449397576541036,0.060131608804567485,604.060131833247,0.7678163180437664,-0.019782393669629767,,,,,,
45,9.0,841.4510385756677,166.96142433234422,818,164,49,8,40.45103857566767,,604.0385756676558,,604.0385756676558,,0.2311487918609581,0.9951212119730738,True,18,2,4,4,"fly (4,2)",0.1999999999999993,-0.2353519568766842,0.03834740926728841,0.2384555879051643,1.1922779395258258,-0.19173704633658487,604.0532054638792,1.11687180430164,-0.03463184683899604,,,,,,
46,9.2,841.8117647058823,166.9558823529412,818,164,50,7,40.8117647058823,,604.0441176470588,,604.0441176470588,,0.23321008403361312,0.9951303420874115,True,18,2,4,4,"fly (4,2)",0.1999999999999993,0.36072613021462985,-0.005541979403034247,0.36076869952273544,1.8038434976136837,0.027709897015029225,604.0471147803692,1.1241770894236127,-0.030453417550310113,,,,,,
47,9.4,841.8856304985337,166.94134897360703,818,164,50,7,40.885630498533715,,604.0586510263929,,604.0586510263929,,0.2336321742773355,0.9951542850517181,True,18,2,4,4,"fly (4,2)",0.20000000000000107,0.0738657926514179,-0.014533379334153551,0.07528196622626607,0.3764098311313283,0.07266689667062526,604.0440890661752,1.437502971419043,-0.01512857097016751,,,,,,
48,9.6,841.4601769911504,166.97050147492627,818,164,50,8,40.46017699115043,,604.0294985250737,,604.0294985250737,,0.23120101137800247,0.9951062578666782,True,18,2,4,4,"fly (4,2)",0.1999999999999993,-0.42545350738328125,0.029152501319231305,0.42645111710242184,2.132255585512117,-0.14576250659615705,604.0401044313855,0.9806345294631539,-0.01992317394789735,,,,,,
49,9.8,841.546783625731,166.96783625730995,818,164,50,8,40.546783625730995,,604.03216374269,,604.03216374269,,0.23169590643274854,0.9951106486700001,True,18,2,4,4,"fly (4,2)",0.20000000000000107,0.08660663458056206,-0.0026652176163111108,0.08664763434920368,0.4332381717460161,0.0133260880818397,604.0308311338819,1.2827468786290666,-0.06621820925715866,,,,,,
9,1.8,611.3303571428571,766.3928571428571,606,761,12,11,30.33035714285711,,4.60714285714289,,4.60714285714289,,0.17135794995964468,0.0075900211814545135,True,19,9,3,3,"fly (3,9)",,,,,,,9.727484472049696,25.61926019711887,25.601708074534038,,,,,,
10,2.0,610.9510869565217,756.1521739130435,606,746,11,21,29.95108695652175,,14.847826086956502,,14.847826086956502,,0.16921518054532061,0.024460998495809724,True,19,9,3,3,"fly (3,9)",0.19999999999999996,-0.37927018633536136,-10.240683229813612,10.247704078847546,51.23852039423774,51.203416149068076,15.35237316057794,36.67257177179487,36.65834613415256,,,,,,
11,2.2,611.1397849462365,744.3978494623656,606,734,11,23,30.139784946236546,,26.60215053763443,,26.60215053763443,,0.17028127088269235,0.04382561867814568,True,19,9,3,3,"fly (3,9)",0.20000000000000018,0.18869798971479668,-11.754324450677927,11.755838984229383,58.77919492114686,58.77162225338959,28.643742208196993,66.49244361757555,66.45684523809528,,,,,,
12,2.4,610.4625,726.51875,606,718,10,19,29.462499999999977,,44.481250000000045,,44.481250000000045,,0.16645480225988687,0.0732804777594729,True,19,9,3,3,"fly (3,9)",0.19999999999999973,-0.6772849462365684,-17.879099462365616,17.891923107468386,89.45961553734205,89.3954973118282,43.99527985400823,76.78652123236257,76.7576882290562,,,,,,
13,2.6,610.7743902439024,710.0975609756098,606,701,11,20,29.774390243902417,,60.90243902439022,,60.90243902439022,,0.168216894033347,0.10033350745369064,True,19,9,3,3,"fly (3,9)",0.20000000000000018,0.3118902439024396,-16.421189024390173,16.424150647719774,82.1207532385988,82.1059451219508,60.1633130081301,80.8692661941571,80.8401657706094,,,,,,
14,2.8,610.55625,695.89375,606,687,11,20,29.556249999999977,,75.10625000000005,,75.10625000000005,,0.16698446327683603,0.12373352553542018,True,19,9,3,3,"fly (3,9)",0.19999999999999973,-0.21814024390243958,-14.203810975609827,14.205485961306074,71.02742980653046,71.01905487804923,77.48951434632959,86.68016881873149,86.63100669099737,,,,,,
15,3.0,609.5255474452555,674.5401459854015,605,667,10,17,28.525547445255484,,96.45985401459848,,96.45985401459848,,0.16116128500144342,0.15891244483459388,True,19,9,3,3,"fly (3,9)",0.20000000000000018,-1.0307025547444937,-21.35360401459843,21.378464682213057,106.89232341106519,106.76802007299206,93.74346324296141,81.31876177470987,81.26974448315913,,,,,,
16,3.2,609.25,661.3357142857143,605,654,10,17,28.25,,109.66428571428571,,109.66428571428571,,0.1596045197740113,0.180666039068016,True,19,9,3,3,"fly (3,9)",0.20000000000000018,-0.2755474452554836,-13.204431699687234,13.207306421306804,66.03653210653395,66.02215849843611,110.25190622541754,82.63094050217536,82.54221491228064,,,,,,
17,3.4,608.375939849624,646.3684210526316,604,639,10,17,27.375939849624046,,124.63157894736844,,124.63157894736844,,0.15466632683403417,0.20532385329055755,True,19,9,3,3,"fly (3,9)",0.19999999999999973,-0.8740601503759535,-14.967293233082728,14.99279319778537,74.96396598892694,74.83646616541374,122.59057557687322,61.74950515950525,61.69334675727839,,,,,,
18,3.6,608.6827586206897,637.5241379310345,604,630,11,17,27.682758620689697,,133.4758620689655,,133.4758620689655,,0.15639976621858587,0.2198943361926944,True,19,9,3,3,"fly (3,9)",0.20000000000000018,0.30681877106565025,-8.844283121597073,8.849603476610978,44.24801738305485,44.22141560798532,135.94203181686157,67.54326872333519,66.75728119994181,,,,,,
19,3.8,612.4923547400612,621.2813455657492,604,607,18,31,31.49235474006116,,149.71865443425077,,149.71865443425077,,0.17792290813593875,0.2466534669427525,True,19,9,3,3,"fly (3,9)",0.19999999999999973,3.809596119371463,-16.242792365285254,16.683564559604733,83.41782279802378,81.21396182642638,152.05326476033136,62.25367142673763,61.183978597743106,,,,,,
21,4.2,608.2083333333334,598.0347222222222,604,590,10,18,27.20833333333337,,172.96527777777783,,172.96527777777783,,0.15371939736346538,0.2849510342302765,True,19,9,3,3,"fly (3,9)",0.40000000000000036,-4.284021406727788,-23.246623343527062,23.638069639653725,59.09517409913426,58.116558358817606,168.600391197113,64.42476210045791,63.36344606430222,,,,,,
22,4.4,608.1310344827587,587.8827586206896,604,580,10,18,27.13103448275865,,183.11724137931037,,183.11724137931037,,0.1532826806935517,0.3016758507072658,True,19,9,3,3,"fly (3,9)",0.20000000000000018,-0.07729885057472075,-10.151963601532543,10.152257880843147,50.76128940421569,50.75981800766267,183.60721653062362,55.99372743029155,55.661940547947246,,,,,,
23,4.6,608.3975155279503,576.2608695652174,604,567,10,20,27.397515527950304,,194.73913043478262,,194.73913043478262,,0.15478822332175313,0.3208222906668577,True,19,9,3,3,"fly (3,9)",0.1999999999999993,0.2664810451916537,-11.621889055472252,11.6249437575049,58.124718787524706,58.109445277361466,196.91277208617916,66.5558388158135,66.52777777777774,,,,,,
24,4.8,609.0972222222222,558.1180555555555,605,550,10,18,28.09722222222217,,212.88194444444446,,212.88194444444446,,0.1587413684871309,0.3507116053450485,True,19,9,3,3,"fly (3,9)",0.20000000000000018,0.6997066942718675,-18.142814009661834,18.15630165114004,90.78150825570012,90.71407004830908,211.76021644910406,74.33794133563815,74.23722181462459,,,,,,
25,5.0,607.9574468085107,543.3404255319149,604,535,10,19,26.957446808510667,,227.6595744680851,,227.6595744680851,,0.15230195937011676,0.3750569595849837,True,19,9,3,3,"fly (3,9)",0.20000000000000018,-1.1397754137115044,-14.777630023640654,14.821519392737942,74.10759696368964,73.8881501182032,228.38819861186883,83.25080051278562,83.1399108138238,,,,,,
26,5.2,607.4,526.376923076923,603,519,10,16,26.399999999999977,,244.62307692307695,,244.62307692307695,,0.14915254237288122,0.40300342161956665,True,19,9,3,3,"fly (3,9)",0.20000000000000018,-0.5574468085106901,-16.96350245499184,16.97265926379343,84.86329631896709,84.81751227495913,243.6715118163777,76.56586049576802,76.41656602254417,,,,,,
27,5.4,606.3840579710145,512.268115942029,602,505,10,17,25.3840579710145,,258.731884057971,,258.731884057971,,0.143412756898387,0.4262469259604135,True,19,9,3,3,"fly (3,9)",0.20000000000000018,-1.015942028985478,-14.10880713489405,14.14533764092948,70.72668820464733,70.5440356744702,258.028834868403,71.8657232379103,71.78661526012665,,,,,,
28,5.6,606.5906040268457,500.2684563758389,602,492,10,18,25.590604026845654,,270.7315436241611,,270.7315436241611,,0.14457968376748956,0.44601572260982053,True,19,9,3,3,"fly (3,9)",0.1999999999999993,0.20654605583115426,-11.999659566190076,12.001437038023255,60.00718519011649,59.99829783095059,272.2220749616431,71.05500325121791,70.96620046620049,,,,,,
29,5.8,605.8881118881119,483.7972027972028,602,475,9,19,24.888111888111894,,287.2027972027972,,287.2027972027972,,0.1406108016277508,0.47315123097660167,True,19,9,3,3,"fly (3,9)",0.20000000000000018,-0.7024921387337599,-16.47125357863615,16.48622727177801,82.43113635888997,82.35626789318069,286.27910863386177,70.31308696955055,70.28516836109317,,,,,,
30,6.0,605.8880597014926,470.0970149253731,602,462,9,18,24.88805970149258,,300.9029850746269,,300.9029850746269,,0.14061050678809367,0.4957215569598466,True,19,9,3,3,"fly (3,9)",0.20000000000000018,-5.2186619313943083e-05,-13.700187871829655,13.700187871929051,68.5009393596452,68.50093935914822,303.80192742580806,87.64079617925279,87.61409395973148,,,,,,
31,6.2,605.6714285714286,447.7,601,440,11,18,24.671428571428578,,323.3,,323.3,,0.13938660209846654,0.5326194398682043,True,19,9,3,3,"fly (3,9)",0.20000000000000018,-0.2166311300640018,-22.397014925373128,22.398062563844654,111.99031281922318,111.98507462686554,321.47478637347615,88.39824060151034,88.36429473834046,,,,,,
32,6.4,604.8625954198474,430.77862595419845,601,423,10,17,23.862595419847366,,340.22137404580155,,340.22137404580155,,0.13481692327597383,0.5604964976042859,True,19,9,3,3,"fly (3,9)",0.20000000000000018,-0.8088331515812115,-16.921374045801542,16.94069392513255,84.70346962566268,84.60687022900764,339.9170012251438,92.253801138503,92.21107425833797,,,,,,
33,6.6,604.4518518518519,414.77037037037036,600,407,10,17,23.45185185185187,,356.22962962962964,,356.22962962962964,,0.13249633814605577,0.586869241564464,True,19,9,3,3,"fly (3,9)",0.1999999999999993,-0.41074356799549605,-16.008255583828088,16.013524194124567,80.06762097062312,80.04127791914073,354.9787659310261,75.36962869170402,75.30882352941182,,,,,,
34,6.8,603.9117647058823,402.5147058823529,599,395,11,17,22.91176470588232,,368.4852941176471,,368.4852941176471,,0.12944499833831818,0.6070597926155635,True,19,9,3,3,"fly (3,9)",0.20000000000000018,-0.5400871459695509,-12.25566448801743,12.267559095765266,61.33779547882628,61.278322440087095,368.3619976432222,66.98142566722196,66.91615856098069,,,,,,
35,7.0,604.6352201257862,390.62893081761007,600,382,11,19,23.63522012578619,,380.37106918238993,,380.37106918238993,,0.13353231709483723,0.6266409706464414,True,19,9,3,3,"fly (3,9)",0.20000000000000018,0.7234554199038712,-11.885775064742859,11.907772110443306,59.53886055221648,59.428875323714244,378.15371790639955,49.18415806509112,48.958601315886625,,,,,,
36,7.2,605.6706586826348,385.39520958083835,600,377,13,18,24.67065868263478,,385.60479041916165,,385.60479041916165,,0.1393822524442643,0.6352632461600686,True,19,9,3,3,"fly (3,9)",0.20000000000000018,1.0354385568485895,-5.233721236771714,5.335163632846132,26.675818164230634,26.168606183858547,383.7575445983666,29.260724164248895,28.01913345983543,,,,,,
37,7.4,605.7290322580645,385.70322580645166,600,378,13,18,24.729032258064535,,385.29677419354834,,385.29677419354834,,0.13971204665573184,0.6347558059201784,True,19,9,3,3,"fly (3,9)",0.20000000000000018,0.058373575429754965,0.3080162256133008,0.31349875525991666,1.567493776299582,-1.5400811280665025,385.566394553443,10.249909924356713,9.044249775381838,,,,,,
38,7.6,605.75,385.20238095238096,600,377,13,18,24.75,,385.79761904761904,,385.79761904761904,,0.13983050847457626,0.6355809210010198,True,19,9,3,3,"fly (3,9)",0.1999999999999993,0.0209677419354648,-0.5008448540706922,0.5012835665079849,2.5064178325399333,2.50422427035347,385.59588159163656,1.7217786721317587,0.14743519096782975,,,,,,
39,7.8,605.5582822085889,385.30674846625766,600,377,13,18,24.558282208588935,,385.69325153374234,,385.69325153374234,,0.13874735711067196,0.6354089811099545,True,19,9,3,3,"fly (3,9)",0.20000000000000018,-0.19171779141106526,0.10436751387669574,0.21828488151115508,1.0914244075557744,-0.5218375693834783,385.54331447634786,2.133487399462941,-0.2628355764437589,,,,,,
40,8.0,605.6423841059602,385.8609271523179,600,378,12,17,24.642384105960218,,385.1390728476821,,385.1390728476821,,0.13922250907322156,0.6344960013965109,True,19,9,3,3,"fly (3,9)",0.20000000000000018,0.08410189737128348,0.5541786860602542,0.5605239916586263,2.8026199582931293,-2.7708934303012684,385.8273353033623,5.23522126216102,1.420104135072327,,,,,,
41,8.2,607.4585987261147,384.3503184713376,602,377,13,17,26.4585987261147,,386.6496815286624,,386.6496815286624,,0.14948360862211696,0.636984648317401,True,19,9,3,3,"fly (3,9)",0.1999999999999993,1.8162146201544829,-1.51060868098034,2.3623238841268264,11.811619420634173,7.553043404901727,386.13633584696714,4.964868679237763,1.545002718024393,,,,,,
42,8.4,607.506329113924,384.37974683544303,602,377,13,17,26.50632911392404,,386.62025316455697,,386.62025316455697,,0.1497532718300793,0.6369361666631911,True,19,9,3,3,"fly (3,9)",0.20000000000000107,0.047730387809338026,0.02942836410545624,0.05607333175720085,0.28036665878600275,-0.14714182052728042,386.4111903522853,5.170465247213678,1.374272526590522,,,,,,
43,8.6,607.3151515151516,385.0363636363636,601,377,14,18,26.31515151515157,,385.9636363636364,,385.9636363636364,,0.14867317240198627,0.6358544256402576,True,19,9,3,3,"fly (3,9)",0.1999999999999993,-0.19117759877246954,0.656616800920574,0.6838819324441726,3.4194096622208754,-3.2830840046028813,387.58800458393193,10.214596933253517,5.8840711582333975,,,,,,
44,8.8,610.6708074534162,380.8198757763975,605,373,13,17,29.67080745341616,,390.1801242236025,,390.1801242236025,,0.1676316805277749,0.6428008636303171,True,19,9,3,3,"fly (3,9)",0.20000000000000107,3.35565593826459,-4.216487859966094,5.388802895750767,26.94401447875369,21.082439299830355,394.1185723696594,38.196680672800134,32.652838928636974,,,,,,
45,9.0,615.8423913043479,364.7880434782609,610,356,14,19,34.84239130434787,,406.2119565217391,,406.2119565217391,,0.19684966838614615,0.6692124489649739,True,19,9,3,3,"fly (3,9)",0.1999999999999993,5.171583850931711,-16.031832298136635,16.845323575485114,84.22661787742587,80.15916149068346,404.7973602484472,61.90108766183252,53.39393939393946,,,,,,
46,9.2,624.9663461538462,353.0,618,344,16,20,43.96634615384619,,418.0,,418.0,,0.2483974358974361,0.6886326194398682,True,19,9,3,3,"fly (3,9)",0.1999999999999993,9.123954849498318,-11.788043478260875,14.906526125863552,74.53263062931802,58.94021739130458,418.03283704786264,80.21365855014984,66.17738399707714,,,,,,
47,9.4,636.2310924369748,341.11344537815125,628,332,18,20,55.23109243697479,,429.88655462184875,,429.88655462184875,,0.3120400702653943,0.708215081749339,True,19,9,3,3,"fly (3,9)",0.20000000000000107,11.264746283128602,-11.886554621848745,16.37634542874122,81.88172714370567,59.432773109243406,428.6013033312499,74.92140707272635,52.8423314169362,,,,,,
48,9.6,647.2933884297521,333.08264462809916,638,325,21,18,66.2933884297521,,437.91735537190084,,437.91735537190084,,0.37453891768221526,0.7214453959998366,True,19,9,3,3,"fly (3,9)",0.1999999999999993,11.062295992777308,-8.030800750052094,13.669972689031027,68.34986344515538,40.154003750260614,438.4036289126452,78.32618005459858,49.011627906976635,,,,,,
49,9.8,661.3372093023256,323.59302325581393,651,315,22,19,80.33720930232562,,447.40697674418607,,447.40697674418607,,0.4538825384312182,0.7370790391172752,True,19,9,3,3,"fly (3,9)",0.20000000000000107,14.04382087257352,-9.489621372285228,16.949389914987037,84.74694957493473,47.448106861425885,442.66216605804345,76.54840651004503,43.80105530584325,,,,,,
9,1.8,741.4761904761905,592.7619047619048,741,588,2,11,160.47619047619048,,178.23809523809518,,178.23809523809518,,0.9066451439332796,0.29363771867890476,True,20,10,3,3,"fly (3,10)",,,,,,,187.81672203765226,47.90391066653679,47.89313399778536,,,,,,
10,2.0,741.0697674418604,573.6046511627907,740,566,3,16,160.06976744186045,,197.39534883720933,,197.39534883720933,,0.9043489685980817,0.32519826826558373,True,20,10,3,3,"fly (3,10)",0.19999999999999996,-0.40642303433003235,-19.157253599114142,19.16156426661471,95.80782133307358,95.78626799557073,193.26911903959424,43.23354999995636,43.22636300897178,,,,,,
11,2.2,741.0652173913044,566.8260869565217,740,559,3,17,160.06521739130437,,204.17391304347825,,204.17391304347825,,0.9043232620977648,0.33636558985746007,True,20,10,3,3,"fly (3,10)",0.20000000000000018,-0.004550050556076712,-6.778564206268925,6.77856573335911,33.892828666795516,33.892821031344596,204.9882035726323,58.602611527083674,58.595422665190256,,,,,,
12,2.4,741.0697674418604,557.6046511627907,740,550,3,16,160.06976744186045,,213.39534883720933,,213.39534883720933,,0.9043489685980817,0.3515574115934256,True,20,10,3,3,"fly (3,10)",0.19999999999999973,0.004550050556076712,-9.221435793731075,9.221436916276375,46.10718458138194,46.10717896865544,216.65271692319217,58.323253163345726,58.3225667527993,,,,,,
13,2.6,741.1944444444445,538.6111111111111,740,532,3,15,160.19444444444446,,232.3888888888889,,232.3888888888889,,0.905053358443189,0.3828482518762585,True,20,10,3,3,"fly (3,10)",0.20000000000000018,0.12467700258400782,-18.993540051679588,18.993949248371965,94.96974624185974,94.96770025839785,232.5077893869603,79.27951502256089,79.27536231884066,,,,,,
14,2.8,741.4782608695652,519.2608695652174,741,514,2,12,160.47826086956525,,251.73913043478262,,251.73913043478262,,0.9066568410709901,0.41472673877229427,True,20,10,3,3,"fly (3,10)",0.19999999999999973,0.28381642512079,-19.35024154589371,19.352322848888175,96.761614244441,96.75120772946867,253.43740994999575,104.65635066573664,104.64810281517741,,,,,,
15,3.0,741.1315789473684,494.8157894736842,740,488,3,15,160.13157894736844,,276.1842105263158,,276.1842105263158,,0.9046981861433245,0.45499869938437526,True,20,10,3,3,"fly (3,10)",0.20000000000000018,-0.34668192219680805,-24.445080091533157,24.447538302181854,122.23769151090916,122.22540045766567,274.7050867176725,106.44146310854485,106.33838383838373,,,,,,
16,3.2,739.6161616161617,474.80808080808083,736,467,7,18,158.61616161616166,,296.19191919191917,,296.19191919191917,,0.8961365063059981,0.4879603281580217,True,20,10,3,3,"fly (3,10)",0.20000000000000018,-1.515417331206777,-20.00770866560339,20.065016714056902,100.32508357028442,100.03854332801686,303.8927626638721,110.14807458517483,110.01318049644595,,,,,,
18,3.6,737.705035971223,431.6978417266187,733,424,10,17,156.70503597122297,,339.3021582733813,,339.3021582733813,,0.8853391862780958,0.5589821388358835,True,20,10,3,3,"fly (3,10)",0.3999999999999999,-1.9111256449386929,-43.11023908146211,43.152579469732345,107.88144867433088,107.77559770365531,331.45822482674197,102.05361400245461,101.90211157979753,,,,,,
19,3.8,737.0074626865671,412.11940298507466,733,404,9,18,156.00746268656712,,358.88059701492534,,358.88059701492534,,0.8813980942743905,0.5912365683936167,True,20,10,3,3,"fly (3,10)",0.19999999999999973,-0.6975732846558458,-19.578438741544062,19.590861952549687,97.95430976274857,97.89219370772044,360.18591842943556,108.10292511088183,107.71326877891632,,,,,,
20,4.0,733.9338235294117,388.625,730,380,9,18,152.9338235294117,,382.375,,382.375,,0.8640329012961113,0.6299423393739704,True,20,10,3,3,"fly (3,10)",0.20000000000000018,-3.0736391571554122,-23.494402985074657,23.69460337911323,118.47301689556603,117.47201492537319,380.4402714687432,101.84188067727939,101.27176519653847,,,,,,
21,4.2,731.7898550724638,370.9347826086956,728,363,9,18,150.78985507246375,,400.0652173913044,,400.0652173913044,,0.8519200851551625,0.6590860253563499,True,20,10,3,3,"fly (3,10)",0.20000000000000018,-2.1439684569479596,-17.690217391304373,17.81966307470474,89.09831537352362,88.45108695652178,402.7928929765887,112.84394312865648,111.76310753922688,,,,,,
22,4.4,727.7153846153847,345.0615384615385,724,337,9,18,146.71538461538466,,425.9384615384615,,425.9384615384615,,0.8289004780530207,0.7017108097832974,True,20,10,3,3,"fly (3,10)",0.20000000000000018,-4.074470457079087,-25.873244147157152,26.192099423375975,130.96049711687976,129.36622073578565,422.98327759197326,103.18012163933224,100.9519230769231,,,,,,
23,4.6,722.1461538461539,328.05384615384617,718,320,9,18,141.14615384615388,,442.94615384615383,,442.94615384615383,,0.7974358974358976,0.7297300722341908,True,20,10,3,3,"fly (3,10)",0.1999999999999993,-5.569230769230785,-17.00769230769231,17.8963104855186,89.48155242759333,85.03846153846185,441.58686145895444,96.36417338079384,93.01791933490624,,,,,,
24,4.8,717.5271317829457,315.1240310077519,713,307,10,18,136.52713178294573,,455.8759689922481,,455.8759689922481,,0.771339727587264,0.7510312503990908,True,20,10,3,3,"fly (3,10)",0.20000000000000018,-4.619022063208149,-12.929815146094256,13.730094119581706,68.65047059790847,64.64907573047122,458.73474555318006,91.52376330196091,85.73942047112784,,,,,,
25,5.0,708.5934959349594,293.6178861788618,704,286,11,17,127.59349593495938,,477.3821138211382,,477.3821138211382,,0.7208672086720869,0.7864614725224682,True,20,10,3,3,"fly (3,10)",0.20000000000000018,-8.933635847986352,-21.506144828890115,23.287853376076203,116.43926688038091,107.53072414445047,474.59583152603074,87.65437489876507,79.3054298642533,,,,,,
26,5.2,700.2436974789916,280.47058823529414,695,273,12,16,119.24369747899163,,490.52941176470586,,490.52941176470586,,0.6736932060959979,0.8081209419517394,True,20,10,3,3,"fly (3,10)",0.20000000000000018,-8.349798455967743,-13.14729794356765,15.574677443601184,77.87338721800585,65.7364897178382,489.1590331187786,83.96224506968882,72.81600796373948,,,,,,
27,5.4,693.1065573770492,271.4344262295082,688,264,12,16,112.10655737704917,,499.5655737704918,,499.5655737704918,,0.6333703806612947,0.8230075350419964,True,20,10,3,3,"fly (3,10)",0.20000000000000018,-7.137140101942464,-9.036162005785968,11.514816222135947,57.574081110679685,45.1808100289298,497.81308261009326,53.595547208102516,43.27024745657297,,,,,,
28,5.6,689.7295081967213,267.655737704918,684,261,13,15,108.72950819672133,,503.344262295082,,503.344262295082,,0.6142910067611375,0.8292327220676804,True,20,10,3,3,"fly (3,10)",0.1999999999999993,-3.3770491803278446,-3.778688524590166,5.067834659124385,25.339173295622015,18.893442622950896,502.51325244180543,33.09743294303558,23.500849158561063,,,,,,
29,5.8,686.7165354330708,266.3700787401575,679,262,17,10,105.71653543307082,,504.6299212598425,,504.6299212598425,,0.5972685617687616,0.8313507763753583,True,20,10,3,3,"fly (3,10)",0.20000000000000018,-3.0129727636505095,-1.2856589647605006,3.275808884561007,16.37904442280502,6.4282948238024975,504.4779536580931,16.80847300179626,9.823506081438344,,,,,,
30,6.0,685.1854838709678,265.5403225806452,677,261,17,10,104.1854838709678,,505.4596774193548,,505.4596774193548,,0.5886185529433209,0.8327177552213424,True,20,10,3,3,"fly (3,10)",0.20000000000000018,-1.5310515621030163,-0.8297561595123284,1.7414402573923502,8.707201286961743,4.148780797561638,505.19653289306575,12.481293748074615,3.592896174863348,,,,,,
31,6.2,682.7142857142857,265.5,675,261,17,10,101.71428571428567,,505.5,,505.5,,0.5746569814366422,0.8327841845140033,True,20,10,3,3,"fly (3,10)",0.20000000000000018,-2.471198156682135,-0.04032258064518146,2.4715271068914193,12.357635534457085,0.20161290322590714,507.04255913978494,19.715660194296692,9.230131233595852,,,,,,
32,6.4,676.696,260.832,670,255,15,13,95.69600000000003,,510.168,,510.168,,0.5406553672316385,0.8404744645799012,True,20,10,3,3,"fly (3,10)",0.20000000000000018,-6.018285714285639,-4.668000000000006,7.616428752294258,38.08214376147126,23.34000000000001,509.08878688524584,19.38139623221647,10.231138727304769,,,,,,
33,6.6,676.1229508196722,259.4016393442623,669,254,15,13,95.12295081967216,,511.5983606557377,,511.5983606557377,,0.5374178012410856,0.8428309071758446,True,20,10,3,3,"fly (3,10)",0.1999999999999993,-0.573049180327871,-1.4303606557376725,1.540881880144208,7.704409400721067,7.151803278688388,511.028063371034,16.082177619641772,9.696382428940545,,,,,,
34,6.8,676.5271317829457,259.6821705426357,669,254,16,13,95.52713178294573,,511.3178294573643,,511.3178294573643,,0.539701309508168,0.8423687470467287,True,20,10,3,3,"fly (3,10)",0.20000000000000018,0.4041809632735749,0.28053119837335316,0.49199593934660124,2.459979696733004,-1.4026559918667645,511.4812497227401,3.766586791212898,2.2659317585301717,,,,,,
35,7.0,676.6141732283464,259.4724409448819,669,254,16,13,95.61417322834643,,511.5275590551181,,511.5275590551181,,0.540193069086703,0.8427142653296839,True,20,10,3,3,"fly (3,10)",0.20000000000000018,0.08704144540070047,-0.2097295977537783,0.22707425523692637,1.1353712761846309,1.0486479887688906,511.4941617622253,1.3849681284489905,0.06456019742643093,,,,,,
36,7.2,676.6370967741935,259.36290322580646,669,255,16,11,95.63709677419354,,511.63709677419354,,511.63709677419354,,0.5403225806451613,0.842894722856991,True,20,10,3,3,"fly (3,10)",0.20000000000000018,0.022923545847106652,-0.10953771907543342,0.11191068248586893,0.5595534124293441,0.5476885953771666,511.6113591056383,0.8198887389143245,0.5859867170649593,,,,,,
37,7.4,676.4876033057851,259.3305785123967,669,255,16,10,95.48760330578511,,511.6694214876033,,511.6694214876033,,0.539477984778447,0.8429479760916034,True,20,10,3,3,"fly (3,10)",0.20000000000000018,-0.1494934684084228,-0.03232471340976417,0.15294830562580122,0.7647415281290054,0.16162356704882072,511.89725472114543,2.21955520144456,1.4294780775353921,,,,,,
38,7.6,677.2786885245902,258.61475409836066,670,254,16,11,96.27868852459017,,512.3852459016393,,512.3852459016393,,0.5439473927942947,0.84412725848705,True,20,10,3,3,"fly (3,10)",0.1999999999999993,0.7910852188050512,-0.7158244140360353,1.0668741327550635,5.334370663775337,3.579122070180189,525.3458739782324,68.43388533830826,67.24309628543489,,,,,,
39,7.8,681.6704545454545,219.01704545454544,676,210,13,17,100.6704545454545,,551.9829545454545,,551.9829545454545,,0.568759630200308,0.9093623633368279,True,20,10,3,3,"fly (3,10)",0.20000000000000018,4.391766020864338,-39.597708643815224,39.84050876460412,199.20254382302042,197.98854321907567,539.8399619467841,73.64457717541318,72.47043984275842,,,,,,
40,8.0,680.8258426966293,215.84831460674158,676,206,11,22,99.82584269662925,,555.1516853932584,,555.1516853932584,,0.563987811845363,0.9145826777483663,True,20,10,3,3,"fly (3,10)",0.20000000000000018,-0.8446118488252523,-3.1687308478038574,3.2793634078887575,16.39681703944377,15.843654239019415,557.06038385554,90.45285140579404,86.10210954377938,,,,,,
41,8.2,687.5523255813954,206.95348837209303,683,197,11,21,106.5523255813954,,564.046511627907,,564.046511627907,,0.6019905400078835,0.9292364277230757,True,20,10,3,3,"fly (3,10)",0.1999999999999993,6.726482884766142,-8.894826234648548,11.151838670983539,55.75919335491789,44.47413117324304,564.1435850535668,43.148979784010656,35.41600599013385,,,,,,
42,8.4,694.4011627906976,197.7674418604651,690,188,10,21,113.40116279069764,,573.2325581395348,,573.2325581395348,,0.6406845355406646,0.9443699475115895,True,20,10,3,3,"fly (3,10)",0.20000000000000107,6.848837209302246,-9.186046511627922,11.458185791534124,57.29092895767032,45.93023255813908,571.9136754297269,48.37775529332752,38.850451880801224,,,,,,
43,8.6,698.1195652173913,192.53804347826087,693,182,11,22,117.11956521739125,,578.4619565217391,,578.4619565217391,,0.6616924588553178,0.9529851013537712,True,20,10,3,3,"fly (3,10)",0.1999999999999993,3.718402426693615,-5.229398382204238,6.416628713478851,32.08314356739437,26.146991911021566,583.5171091980998,54.85881326893686,41.02145516579207,,,,,,
45,9.0,720.230946882217,172.1431870669746,699,165,43,23,139.23094688221704,,598.8568129330254,,598.8568129330254,,0.7866155191085709,0.9865845353097618,True,20,10,3,3,"fly (3,10)",0.40000000000000036,22.111381664825785,-20.39485641128627,30.080946912698387,75.20236728174591,50.98714102821556,588.6593847273823,53.64275542457013,38.56706646961856,,,,,,
9,1.8,883.1683168316831,170.5247524752475,874,167,19,7,82.16831683168311,,600.4752475247525,,600.4752475247525,,0.4695332390381892,0.9892508196453913,True,21,3,4,4,"fly (4,3)",,,,,,,603.3967146714672,91.38873941258204,7.30366786678658,,,,,,
11,2.2,956.0454545454545,164.6818181818182,951,164,10,3,155.0454545454545,,606.3181818181818,,606.3181818181818,,0.8859740259740257,0.9988767410513703,True,21,3,4,4,"fly (4,3)",0.40000000000000013,72.87713771377139,-5.842934293429323,73.11099153006566,182.77747882516408,14.60733573357316,603.3967146714672,91.38873941258204,7.30366786678658,,,,,,
12,2.4,928.3307692307692,169.6423076923077,915,165,33,13,127.33076923076919,,601.3576923076923,,601.3576923076923,,0.7276043956043954,0.9907046001774173,True,22,4,4,4,"fly (4,4)",,,,,,,601.3576923076923,0.0,0.0,,,,,,
14,2.8,153.0223642172524,173.0191693290735,139,168,31,14,26.022364217252402,,607.9808306709265,,607.9808306709265,,0.13209321937691576,0.9901967926236588,True,23,5,1,1,"fly (1,5)",,,,,,,609.3847242785527,54.75060484604904,7.019468038130861,,,,,,
15,3.0,174.7418699186992,170.21138211382114,144,167,69,12,47.741869918699194,,610.7886178861788,,610.7886178861788,,0.24234451735380302,0.9947697359709753,True,23,5,1,1,"fly (1,5)",0.20000000000000018,21.719505701446792,-2.807787215252347,21.900241938419637,109.50120969209809,14.038936076261722,610.02424241521,71.13523249689757,5.5374133626635995,,,,,,
16,3.2,195.51639344262296,169.69672131147541,182,168,30,5,68.51639344262296,,611.3032786885246,,611.3032786885246,,0.3477989514853957,0.9956079457467828,True,23,5,1,1,"fly (1,5)",0.20000000000000018,20.77452352392376,-0.5146608023457304,20.780897559718948,103.90448779859464,2.573304011729076,611.1494061379279,78.6850560568686,5.625818613589971,,,,,,
17,3.4,200.04597701149424,169.64367816091954,190,168,23,5,73.04597701149424,,611.3563218390805,,611.3563218390805,,0.3707917614796662,0.995694335242802,True,23,5,1,1,"fly (1,5)",0.19999999999999973,4.529583568871288,-0.05304315055587949,4.5298941359826115,22.649470679913087,0.2652157527791136,609.1683131702187,81.13263942047732,-9.905464838546616,,,,,,
18,3.6,222.489406779661,176.15466101694915,208,168,31,20,95.48940677966101,,604.8453389830509,,604.8453389830509,,0.4847178009119848,0.9850901286368906,True,23,5,1,1,"fly (1,5)",0.20000000000000018,22.443429768166766,6.510982856029614,23.368791956584868,116.84395978292423,-32.55491428014804,607.8365262368981,93.40358660785951,-6.658934666602728,,,,,,
19,3.8,250.52492668621701,173.69208211143695,237,168,32,14,123.52492668621701,,607.307917888563,,607.307917888563,,0.6270300847016093,0.989100843466715,True,23,5,1,1,"fly (1,5)",0.19999999999999973,28.035519906556004,-2.4625789055122027,28.14346587214822,140.71732936074127,12.312894527560745,606.763804922117,94.45495536325775,-5.363606573905964,,,,,,
20,4.0,255.61842105263156,172.86184210526315,217,168,91,14,128.61842105263156,,608.1381578947369,,608.1381578947369,,0.6528853860539673,0.9904530258871936,True,23,5,1,1,"fly (1,5)",0.20000000000000018,5.0934943664145464,-0.8302400061737956,5.160715389221555,25.803576946107754,4.151200030869401,607.5846645572876,64.10816108431892,4.104298175853583,,,,,,
21,4.2,250.52492668621701,173.69208211143695,237,168,32,14,123.52492668621701,,607.307917888563,,607.307917888563,,0.6270300847016093,0.989100843466715,True,23,5,1,1,"fly (1,5)",0.20000000000000018,-5.0934943664145464,0.8302400061737956,5.160715389221555,25.803576946107754,-4.151200030869401,607.9636940348041,29.339838306017615,1.8951473875824825,,,,,,
22,4.4,257.7180783817952,172.55499367888748,217,167,92,16,130.71807838179518,,608.4450063211125,,608.4450063211125,,0.6635435450852547,0.9909527790246132,True,23,5,1,1,"fly (1,5)",0.20000000000000018,7.193151695578166,-1.1370884325494615,7.282472205167475,36.41236102583734,5.685442162747444,607.7025547569459,32.74147295749311,-1.3056963892912243,,,,,,
23,4.6,250.5993883792049,173.6452599388379,238,168,29,14,123.5993883792049,,607.3547400611621,,607.3547400611621,,0.6274080628386035,0.9891771010768113,True,23,5,1,1,"fly (1,5)",0.1999999999999993,-7.118690002590284,1.0902662599504254,7.201696180106819,36.008480900534224,-5.45133129975172,607.8998731911373,36.21042096318578,0.1170554314978638,,,,,,
15,3.0,250.5264705882353,173.6705882352941,237,168,32,14,123.5264705882353,,607.3294117647059,,607.3294117647059,,0.6270379217676919,0.9891358497796513,True,24,6,1,1,"fly (1,6)",,,,,,,607.2418797953965,14.219652457886713,-0.43765984654754636,,,,,,
16,3.2,244.84130434782608,173.84565217391304,212,168,62,14,117.84130434782608,,607.1543478260869,,607.1543478260869,,0.598179209887442,0.9888507293584478,True,24,6,1,1,"fly (1,6)",0.20000000000000018,-5.685166240409217,0.17506393861893343,5.687860983154691,28.439304915773427,-0.8753196930950927,607.1779561744182,9.673873815217007,-0.46550472040678414,,,,,,
17,3.4,244.89324618736384,173.94989106753812,217,168,56,14,117.89324618736384,,607.0501089324619,,607.0501089324619,,0.5984428740475322,0.9886809591733906,True,24,6,1,1,"fly (1,6)",0.19999999999999973,0.051941839537761325,0.10423889362508021,0.11646330597551889,0.5823165298775952,-0.5211944681252596,607.3667327716944,47.33534833064886,0.9438829863809879,,,,,,
18,3.6,267.47430249632896,173.10425844346548,237,168,71,14,140.47430249632896,,607.8957415565345,,607.8957415565345,,0.713067525362076,0.9900582110041278,True,24,6,1,1,"fly (1,6)",0.20000000000000018,22.581056308965117,-0.8456326240726355,22.596884709259136,112.98442354629557,4.228163120363316,607.7463685403203,69.98979488705669,1.8981788431297744,,,,,,
19,3.8,286.7507331378299,172.7067448680352,269,168,39,14,159.7507331378299,,608.2932551319648,,608.2932551319648,,0.8109174270955833,0.990705627250757,True,24,6,1,1,"fly (1,6)",0.19999999999999973,19.27643064150095,-0.3975135754302812,19.28052891699935,96.40264458499689,1.9875678771512666,608.1630960778963,69.80167828799706,2.077774010192191,,,,,,
21,4.2,286.7492711370262,172.6997084548105,269,168,39,14,159.7492711370262,,608.3002915451896,,608.3002915451896,,0.8109100057717066,0.9907170872071491,True,24,6,1,1,"fly (1,6)",0.40000000000000036,-0.0014620008037127263,-0.007036413224710714,0.007186693079500507,0.01796673269875125,0.01759103306198993,608.31594413048,33.327354153617065,0.7133814443178238,,,,,,
23,4.6,285.3257142857143,172.6457142857143,267,168,41,14,158.3257142857143,,608.3542857142857,,608.3542857142857,,0.8036838288614939,0.9908050255932991,True,24,6,1,1,"fly (1,6)",0.39999999999999947,-1.4235568513119006,-0.053994169096199585,1.4245804572622218,3.5614511431555593,0.1349854227402149,608.139704047732,30.84144134140064,-0.9320592323405199,,,,,,
24,4.8,267.54651162790697,173.23546511627907,237,168,71,14,140.54651162790697,,607.7645348837209,,607.7645348837209,,0.7134340691771928,0.9898445193545943,True,24,6,1,1,"fly (1,6)",0.20000000000000018,-17.779202657807332,0.5897508305647818,17.788981229669538,88.94490614834761,-2.9487541528237644,608.0031716124325,31.476555695872676,-0.7276573174110953,,,,,,
25,5.0,267.9098966026588,173.10930576070902,237,168,71,14,140.90989660265882,,607.890694239291,,607.890694239291,,0.715278662957659,0.9900499906177377,True,24,6,1,1,"fly (1,6)",0.20000000000000018,0.3633849747518525,-0.12615935557005287,0.38466195922297214,1.923309796114859,0.6307967778502638,607.8480393373003,31.050544976213615,-0.7756613756612288,,,,,,
26,5.2,267.453216374269,173.11111111111111,237,168,71,14,140.453216374269,,607.8888888888889,,607.8888888888889,,0.7129604892094873,0.9900470503076366,True,24,6,1,1,"fly (1,6)",0.20000000000000018,-0.45668022838981415,0.0018053504020940636,0.456683796835674,2.283418984178368,-0.009026752010186092,607.9895154462941,20.32474898603952,0.7073805449690926,,,,,,
27,5.4,256.1036789297659,172.81103678929765,218,168,90,14,129.10367892976592,,608.1889632107024,,608.1889632107024,,0.6553486240089641,0.9905357707014696,True,24,6,1,1,"fly (1,6)",0.20000000000000018,-11.349537444503085,-0.3000743218134687,11.353503635565078,56.76751817782534,1.5003716090672001,607.9834287057289,38.325742621892395,-0.03043370282607083,,,,,,
28,5.6,267.28445747800583,173.1275659824047,237,168,71,14,140.28445747800583,,607.8724340175953,,607.8724340175953,,0.7121038450660194,0.9900202508429891,True,24,6,1,1,"fly (1,6)",0.1999999999999993,11.180778548239914,0.3165291931070442,11.185258140734653,55.926290703673466,-1.5826459655352265,608.0579377785601,55.80874355442188,0.37254536415616446,,,,,,
29,5.8,256.34060402684565,172.88758389261744,218,168,90,14,129.34060402684565,,608.1124161073826,,608.1124161073826,,0.6565512894763739,0.990411101152089,True,24,6,1,1,"fly (1,6)",0.20000000000000018,-10.94385345116018,-0.23998208978724733,10.946484356353379,54.732421781766845,1.1999104489365198,607.9507967180301,55.40118027293193,-0.5357053026504388,,,,,,
30,6.0,267.44687045123726,173.1324599708879,237,168,71,14,140.44687045123726,,607.8675400291121,,607.8675400291121,,0.7129282764022196,0.990012280177707,True,24,6,1,1,"fly (1,6)",0.20000000000000018,11.106266424391606,0.2448760782704653,11.108965666671107,55.54482833335549,-1.2243803913526097,608.0493458768509,55.094185706169974,0.4927457941041283,,,,,,
31,6.2,256.4499151103565,172.83191850594227,218,168,90,14,129.44991511035653,,608.1680814940578,,608.1680814940578,,0.6571061680728758,0.9905017613909736,True,24,6,1,1,"fly (1,6)",0.20000000000000018,-10.996955340880731,-0.3005414649456384,11.001061400677523,55.005307003387564,1.5027073247284748,607.9722502650288,56.82409032680538,-0.3854780591098002,,,,,,
32,6.4,268.43090638930164,173.1188707280832,239,168,69,14,141.43090638930164,,607.8811292719167,,607.8811292719167,,0.7179233826868103,0.9900344124949784,True,24,6,1,1,"fly (1,6)",0.20000000000000018,11.980991278945112,0.28695222214093974,11.984427128734625,59.92213564367307,-1.4347611107052658,608.133261826206,65.4231425186387,0.805057805886049,,,,,,
33,6.6,284.6925287356322,172.6494252873563,267,168,41,14,157.6925287356322,,608.3505747126437,,608.3505747126437,,0.8004696890133615,0.9907989816166836,True,24,6,1,1,"fly (1,6)",0.1999999999999993,16.26162234633057,-0.46944544072690064,16.268396981771037,81.34198490885548,2.347227203634938,608.1158519922801,70.63206027626427,0.4562330464648361,,,,,,
21,4.2,222.489406779661,176.15466101694915,208,168,31,20,95.48940677966101,,604.8453389830509,,604.8453389830509,,0.4847178009119848,0.9850901286368906,True,25,7,1,1,"fly (1,7)",,,,,,,604.5799275560415,1.3604231178381958,-0.6635285675233158,,,,,,
23,4.6,223.43951612903226,176.68548387096774,209,168,31,21,96.43951612903226,,604.3145161290322,,604.3145161290322,,0.489540691010316,0.9842255963013554,True,25,7,1,1,"fly (1,7)",0.39999999999999947,0.950109349371246,0.5308228540185951,1.0883384942705552,2.7208462356763916,-1.3270571350466316,604.6701271426242,2.5907410471382355,0.45099793291323315,,,,,,
24,4.8,222.58315789473684,176.14947368421053,208,168,31,20,95.58315789473684,,604.8505263157895,,604.8505263157895,,0.4851936948971413,0.9850985770615464,True,25,7,1,1,"fly (1,7)",0.20000000000000018,-0.8563582342954135,-0.5360101867572098,1.0102753811476637,5.051376905738314,2.680050933786331,604.671856253537,2.5907410471382355,0.45099793291323315,,,,,,
25,5.0,222.58315789473684,176.14947368421053,208,168,31,20,95.58315789473684,,604.8505263157895,,604.8505263157895,,0.4851936948971413,0.9850985770615464,True,25,7,1,1,"fly (1,7)",0.20000000000000018,0.0,0.0,0.0,0.0,0.0,604.8487972048766,1.840283160705999,0.8847047566977525,,,,,,
26,5.2,222.489406779661,176.15466101694915,208,168,31,20,95.48940677966101,,604.8453389830509,,604.8453389830509,,0.4847178009119848,0.9850901286368906,True,25,7,1,1,"fly (1,7)",0.20000000000000018,-0.09375111507583256,0.005187332738614714,0.09389451527593666,0.46947257637968287,-0.025936663693073545,604.8470680939637,0.15649085879322763,-0.008645554564357848,,,,,,
28,5.6,222.489406779661,176.15466101694915,208,168,31,20,95.48940677966101,,604.8453389830509,,604.8453389830509,,0.4847178009119848,0.9850901286368906,True,25,7,1,1,"fly (1,7)",0.39999999999999947,0.0,0.0,0.0,0.0,0.0,604.8453389830509,0.15649085879322763,-0.008645554564357848,,,,,,
30,6.0,222.489406779661,176.15466101694915,208,168,31,20,95.48940677966101,,604.8453389830509,,604.8453389830509,,0.4847178009119848,0.9850901286368906,True,25,7,1,1,"fly (1,7)",0.40000000000000036,0.0,0.0,0.0,0.0,0.0,604.6789439374185,1.6283127789988179,-0.41598761408086643,,,,,,
32,6.4,224.37854251012146,176.65384615384616,210,168,31,21,97.37854251012146,,604.3461538461538,,604.3461538461538,,0.49430732238640335,0.9842771235279378,True,25,7,1,1,"fly (1,7)",0.40000000000000036,1.8891357304604526,0.4991851368970117,1.9539753347985833,4.884938336996454,-1.2479628422425992,604.6806730483314,6.362516553439851,0.424633168645228,,,,,,
33,6.6,221.58315789473684,176.14947368421053,207,168,31,20,94.58315789473684,,604.8505263157895,,604.8505263157895,,0.48011755276516166,0.9850985770615464,True,25,7,1,1,"fly (1,7)",0.1999999999999993,-2.79538461538462,-0.5043724696356264,2.8405222646646093,14.202611323323097,2.521862348178283,604.514278002699,11.096720327880861,-0.4159876140808627,,,,,,
34,6.8,224.37854251012146,176.65384615384616,210,168,31,21,97.37854251012146,,604.3461538461538,,604.3461538461538,,0.49430732238640335,0.9842771235279378,True,25,7,1,1,"fly (1,7)",0.20000000000000018,2.79538461538462,0.5043724696356264,2.8405222646646093,14.202611323323033,-2.521862348178272,604.514278002699,9.468407548882043,3.700743415417189e-15,,,,,,
35,7.0,224.37854251012146,176.65384615384616,210,168,31,21,97.37854251012146,,604.3461538461538,,604.3461538461538,,0.49430732238640335,0.9842771235279378,True,25,7,1,1,"fly (1,7)",0.20000000000000018,0.0,0.0,0.0,0.0,0.0,604.5125488917862,7.990829332438647,-0.008645554564357857,,,,,,
36,7.2,222.489406779661,176.15466101694915,208,168,31,20,95.48940677966101,,604.8453389830509,,604.8453389830509,,0.4847178009119848,0.9850901286368906,True,25,7,1,1,"fly (1,7)",0.20000000000000018,-1.8891357304604526,-0.4991851368970117,1.9539753347985833,9.769876673992908,2.4959256844851985,604.6789439374185,3.2566255579976358,0.8319752281617329,,,,,,
38,7.6,222.489406779661,176.15466101694915,208,168,31,20,95.48940677966101,,604.8453389830509,,604.8453389830509,,0.4847178009119848,0.9850901286368906,True,25,7,1,1,"fly (1,7)",0.39999999999999947,0.0,0.0,0.0,0.0,0.0,604.8453389830509,3.2566255579976358,0.8319752281617329,,,,,,
40,8.0,222.489406779661,176.15466101694915,208,168,31,20,95.48940677966101,,604.8453389830509,,604.8453389830509,,0.4847178009119848,0.9850901286368906,True,25,7,1,1,"fly (1,7)",0.40000000000000036,0.0,0.0,0.0,0.0,0.0,604.8453389830509,0.0,0.0,,,,,,
41,8.2,222.489406779661,176.15466101694915,208,168,31,20,95.48940677966101,,604.8453389830509,,604.8453389830509,,0.4847178009119848,0.9850901286368906,True,25,7,1,1,"fly (1,7)",0.1999999999999993,0.0,0.0,0.0,0.0,0.0,604.8453389830509,0.0,0.0,,,,,,
42,8.4,222.489406779661,176.15466101694915,208,168,31,20,95.48940677966101,,604.8453389830509,,604.8453389830509,,0.4847178009119848,0.9850901286368906,True,25,7,1,1,"fly (1,7)",0.20000000000000107,0.0,0.0,0.0,0.0,0.0,604.8453389830509,0.0,0.0,,,,,,
44,8.8,222.489406779661,176.15466101694915,208,168,31,20,95.48940677966101,,604.8453389830509,,604.8453389830509,,0.4847178009119848,0.9850901286368906,True,25,7,1,1,"fly (1,7)",0.40000000000000036,0.0,0.0,0.0,0.0,0.0,604.8470680939637,1.5104395514103057,0.008645554564357888,,,,,,
45,9.0,221.58315789473684,176.14947368421053,207,168,31,20,94.58315789473684,,604.8505263157895,,604.8505263157895,,0.48011755276516166,0.9850985770615464,True,25,7,1,1,"fly (1,7)",0.1999999999999993,-0.9062488849241674,-0.005187332738614714,0.9062637308461803,4.531318654230917,0.025936663693073663,604.8470680939637,3.0208791028206115,0.0,,,,,,
46,9.2,222.489406779661,176.15466101694915,208,168,31,20,95.48940677966101,,604.8453389830509,,604.8453389830509,,0.4847178009119848,0.9850901286368906,True,25,7,1,1,"fly (1,7)",0.1999999999999993,0.9062488849241674,0.005187332738614714,0.9062637308461803,4.531318654230917,-0.025936663693073663,604.6806730483314,4.649191881819429,-0.41598761408086643,,,,,,
48,9.6,224.37854251012146,176.65384615384616,210,168,31,21,97.37854251012146,,604.3461538461538,,604.3461538461538,,0.49430732238640335,0.9842771235279378,True,25,7,1,1,"fly (1,7)",0.40000000000000036,1.8891357304604526,0.4991851368970117,1.9539753347985833,4.884938336996454,-1.2479628422425992,604.5957464146023,4.7081284956136855,-0.6369497529678364,,,,,,
29,5.8,883.5851063829787,170.5,874,167,19,7,82.58510638297867,,600.5,,600.5,,0.47191489361702094,0.9892915980230642,True,26,5,4,4,"fly (4,5)",,,,,,,600.5,0.0,0.0,,,,,,
30,6.0,883.5851063829787,170.5,874,167,19,7,82.58510638297867,,600.5,,600.5,,0.47191489361702094,0.9892915980230642,True,26,5,4,4,"fly (4,5)",0.20000000000000018,0.0,0.0,0.0,0.0,0.0,600.5087719298245,0.06309152216965937,0.043859649122737175,,,,,,
31,6.2,883.5578947368421,170.47368421052633,874,167,19,7,82.55789473684206,,600.5263157894736,,600.5263157894736,,0.4717593984962403,0.9893349518772219,True,26,5,4,4,"fly (4,5)",0.20000000000000018,-0.02721164613660676,-0.026315789473670748,0.037854913301795655,0.18927456650897811,0.13157894736821152,600.5350877192982,0.0850213467310635,0.06578947368415315,,,,,,
35,7.0,883.5578947368421,170.42105263157896,874,167,19,7,82.55789473684206,,600.578947368421,,600.578947368421,,0.4717593984962403,0.9894216595855372,True,26,5,4,4,"fly (4,5)",0.7999999999999998,0.0,-0.05263157894736992,0.05263157894736992,0.06578947368421241,0.06578947368424794,600.7548074390179,21.72936224187241,1.0328091249142792,,,,,,
36,7.2,896.5315315315315,169.84084084084083,874,165,43,13,95.53153153153153,,601.1591591591591,,601.1591591591591,,0.5458944658944659,0.9903775274450727,True,26,5,4,4,"fly (4,5)",0.20000000000000018,12.973636794689469,-0.580211790738133,12.986604537084819,64.93302268542404,2.901058953690378,600.9608949469443,22.893762645962724,0.9646480659481437,,,,,,
37,7.4,895.7951807228916,169.85542168674698,874,165,42,13,94.79518072289159,,601.1445783132531,,601.1445783132531,,0.5416867469879519,0.9903535062821303,True,26,5,4,4,"fly (4,5)",0.20000000000000018,-0.7363508086399406,0.014580845906152717,0.7364951557559856,3.6824757787799247,-0.07290422953019508,601.9124295568898,41.473522178982414,4.757673049726741,,,,,,
38,7.6,906.718954248366,167.56644880174292,873,164,88,11,105.718954248366,,603.4335511982571,,603.4335511982571,,0.6041083099906629,0.9941244665539656,True,26,5,4,4,"fly (4,5)",0.1999999999999993,10.923773525474417,-2.288972885004057,11.161013614548615,55.805068072743275,11.444864425020041,601.901427785888,38.43435137253048,-0.05500885500887106,,,,,,
39,7.8,895.7969230769231,169.87384615384616,874,165,41,13,94.79692307692312,,601.1261538461538,,601.1261538461538,,0.5416967032967036,0.9903231529590671,True,26,5,4,4,"fly (4,5)",0.20000000000000018,-10.922031171442882,2.307397352103237,11.16310205321366,55.81551026606825,-11.53698676051646,601.8805077420762,37.64752015936525,-0.10460021905807759,,,,,,
40,8.0,896.0575757575757,169.9181818181818,874,165,41,13,95.0575757575757,,601.0818181818182,,601.0818181818182,,0.5431861471861469,0.9902501123258949,True,26,5,4,4,"fly (4,5)",0.20000000000000018,0.2606526806525835,0.04433566433564806,0.2643964278568471,1.3219821392842341,-0.2216783216778138,601.0835084064871,20.263104973499104,-3.9849966779462385,,,,,,
41,8.2,895.3282674772037,169.95744680851064,874,165,40,13,94.32826747720367,,601.0425531914893,,601.0425531914893,,0.5390186712983067,0.9901854253566545,True,26,5,4,4,"fly (4,5)",0.1999999999999993,-0.7293082803720381,0.03926499032883157,0.7303645030289619,3.6518225151448225,-0.19632495164444277,601.089960736407,2.375200894616856,0.03226164959926222,,,,,,
42,8.4,895.7461300309598,169.8544891640867,874,165,41,13,94.74613003095976,,601.1455108359133,,601.1455108359133,,0.5414064573197701,0.9903550425632839,True,26,5,4,4,"fly (4,5)",0.20000000000000107,0.4178625537560947,-0.10295764442395239,0.4303596058843048,2.151798029421512,0.5147882221200434,601.0900436322345,2.5093109187333336,0.0004144791377771832,,,,,,
43,8.6,896.0851063829787,169.91793313069908,874,165,41,13,95.08510638297867,,601.0820668693009,,601.0820668693009,,0.5433434650455924,0.9902505220252074,True,26,5,4,4,"fly (4,5)",0.1999999999999993,0.3389763520189035,0.06344396661239671,0.3448624423267319,1.7243122116336658,-0.31721983306226886,601.1117566709688,1.5891756101676202,0.10856519367166424,,,,,,
44,8.8,896.2615384615385,169.8923076923077,874,165,41,13,95.26153846153852,,601.1076923076923,,601.1076923076923,,0.5443516483516487,0.9902927385629198,True,26,5,4,4,"fly (4,5)",0.20000000000000107,0.17643207855985565,-0.02562543839138698,0.17828331788953738,0.8914165894476822,0.12812719195721842,601.0928147307612,1.0157227694210014,-0.09470970103810412,,,,,,
45,9.0,896.1773700305811,169.9113149847095,874,165,41,13,95.17737003058107,,601.0886850152905,,601.0886850152905,,0.5438706858890348,0.9902614250663764,True,26,5,4,4,"fly (4,5)",0.1999999999999993,-0.08416843095744753,0.01900729240179544,0.08628790143633093,0.4314395071816562,-0.09503646200926175,601.0948410732132,0.5339388460091027,0.010131712259445726,,,,,,
46,9.2,896.1215805471124,169.91185410334347,874,165,41,13,95.12158054711244,,601.0881458966566,,601.0881458966566,,0.5435518888406425,0.9902605368972925,True,26,5,4,4,"fly (4,5)",0.1999999999999993,-0.05578948346862944,0.0005391186339807064,0.055792088279593754,0.27896044139796977,-0.0026955931696193243,601.0957534532666,0.3057576565731626,0.004561900267389858,,,,,,
47,9.4,896.1564417177914,169.88957055214723,874,165,41,13,95.15644171779138,,601.1104294478528,,601.1104294478528,,0.5437510955302365,0.9902972478547821,True,26,5,4,4,"fly (4,5)",0.20000000000000107,0.034861170678937015,-0.022283551196238705,0.041374604227972615,0.20687302113986197,0.11141775598105082,601.112376520459,0.5815455907283731,0.0831153359617549,,,,,,
48,9.6,896.406626506024,169.86144578313252,874,165,42,13,95.40662650602405,,601.1385542168675,,601.1385542168675,,0.545180722891566,0.9903435819058773,True,26,5,4,4,"fly (4,5)",0.1999999999999993,0.2501847882326729,-0.028124769014709727,0.2517606619294566,1.2588033096472875,0.14062384507383335,601.095189676858,1.385764405704294,-0.08593421800488382,,,,,,
49,9.8,895.8780487804878,169.96341463414635,874,165,40,13,94.8780487804878,,601.0365853658536,,601.0365853658536,,0.5421602787456445,0.9901755936834491,True,26,5,4,4,"fly (4,5)",0.20000000000000107,-0.5285777255362518,0.10196885101382236,0.5383233772651493,2.691616886325732,-0.5098442550695355,601.0875697913606,1.97521009798651,-0.18461020499785114,,,,,,
33,6.6,250.17664670658684,173.625748502994,236,168,31,14,123.17664670658684,,607.374251497006,,607.374251497006,,0.6252621660232834,0.9892088786596188,True,27,8,1,1,"fly (1,8)",,,,,,,607.6335543199316,45.73003978208921,1.2965141146278814,,,,,,
34,6.8,268.4613095238095,173.10714285714286,239,168,69,14,141.46130952380952,,607.8928571428571,,607.8928571428571,,0.7180777133188301,0.9900535132619822,True,27,8,1,1,"fly (1,8)",0.20000000000000018,18.28466281722268,-0.518605645851153,18.292015912835698,91.46007956417841,2.5930282292557627,607.7228179771142,30.618535772071027,0.8784896574564974,,,,,,
35,7.0,268.38266068759344,173.09865470852017,239,168,69,14,141.38266068759344,,607.9013452914799,,607.9013452914799,,0.7176784806476825,0.9900673376082734,True,27,8,1,1,"fly (1,8)",0.20000000000000018,-0.07864883621607532,-0.008488148622689096,0.07910555040693353,0.3955277520346673,0.04244074311372966,607.9093095006946,32.00355081684345,0.9324576179011493,,,,,,
36,7.2,267.5522827687776,173.06627393225332,237,168,71,14,140.55228276877762,,607.9337260677466,,607.9337260677466,,0.7134633643085159,0.9901200750289033,True,27,8,1,1,"fly (1,8)",0.20000000000000018,-0.8303779188158273,-0.03238077626684799,0.8310090268634562,4.155045134317278,0.16190388133395558,608.0833722516055,17.16175680769501,0.8703137545550507,,,,,,
37,7.4,258.17769130998704,172.58495460440986,217,167,92,16,131.17769130998704,,608.4150453955901,,608.4150453955901,,0.665876605634452,0.9909039827289742,True,27,8,1,1,"fly (1,8)",0.20000000000000018,-9.374591458790576,-0.4813193278434653,9.386939507346625,46.93469753673308,2.4065966392174665,608.0601371737974,32.265546961214476,-0.11617538904109814,,,,,,
38,7.6,267.30043541364296,173.16835994194486,237,168,71,14,140.30043541364296,,607.8316400580552,,607.8316400580552,,0.7121849513382891,0.989953811169471,True,27,8,1,1,"fly (1,8)",0.1999999999999993,9.122744103655918,0.5834053375349981,9.141379642518581,45.70689821259307,-2.9170266876747166,608.1169392283501,49.901831592630636,0.28401027276382756,,,,,,
39,7.8,255.89090909090908,172.89586776859505,217,168,91,14,128.89090909090908,,608.104132231405,,608.104132231405,,0.6542685740655283,0.9903976094974022,True,27,8,1,1,"fly (1,8)",0.20000000000000018,-11.409526322733882,-0.2724921733498036,11.412779805713164,57.06389902856577,1.3624608667487326,607.9245761646132,53.044962063072774,-0.9618153186842955,,,,,,
40,8.0,267.16058394160586,173.16204379562043,237,168,71,14,140.16058394160586,,607.8379562043796,,607.8379562043796,,0.7114750453888623,0.9899640980527354,True,27,8,1,1,"fly (1,8)",0.20000000000000018,11.269674850696788,0.2661760270253808,11.272817789611906,56.36408894805948,-1.3308801351269028,607.9240100987499,37.95412852478276,-0.002830329316717906,,,,,,
41,8.2,267.24709302325584,173.1700581395349,237,168,71,14,140.24709302325584,,607.8299418604652,,607.8299418604652,,0.7119141777830246,0.9899510453753504,True,27,8,1,1,"fly (1,8)",0.1999999999999993,0.08650908164997873,0.008014343914453548,0.08687951954460743,0.4343975977230387,-0.04007171957198367,607.8347184582622,19.174314756090535,-0.4464582024390511,,,,,,
42,8.4,267.10233918128654,173.16374269005848,237,168,71,14,140.10233918128654,,607.8362573099415,,607.8362573099415,,0.7111793867070383,0.9899613311236832,True,27,8,1,1,"fly (1,8)",0.20000000000000107,-0.14475384196930463,-0.006315449476403501,0.14489154449781885,0.7244577224890903,0.03157724738173312,607.9547171296123,19.514019810825225,0.5999933567507792,,,,,,
43,8.6,255.63139931740614,172.80204778156997,215,168,93,14,128.63139931740614,,608.19795221843,,608.19795221843,,0.6529512655705895,0.990550410779202,True,27,8,1,1,"fly (1,8)",0.1999999999999993,-11.470939863880403,-0.3616949084885164,11.47664082245267,57.38320411226355,1.8084745424425883,607.9388225309625,24.52743254357738,-0.07947299324844326,,,,,,
44,8.8,252.56451612903226,173.21774193548387,237,168,40,14,125.56451612903226,,607.7822580645161,,607.7822580645161,,0.6373833306042247,0.9898733844698959,True,27,8,1,1,"fly (1,8)",0.20000000000000107,-3.066883188373879,0.4156941539139041,3.0949271591959198,15.474635795979516,-2.0784707695696514,607.9486345712011,48.37711793237062,0.049060201192415075,,,,,,
45,9.0,267.01897810218975,173.13430656934307,236,168,72,14,140.01897810218975,,607.865693430657,,607.865693430657,,0.7107562340212678,0.9900092726883664,True,27,8,1,1,"fly (1,8)",0.1999999999999993,14.454461973157493,-0.08343536614080449,14.454702777773711,72.27351388886882,0.41717683070430817,607.8434348121165,29.61097752916155,-0.5259987954226095,,,,,,
46,9.2,267.2352941176471,173.11764705882354,237,168,71,14,140.23529411764707,,607.8823529411765,,607.8823529411765,,0.7118542848611527,0.9900364054416555,True,27,8,1,1,"fly (1,8)",0.1999999999999993,0.21631601545732337,-0.016659510519531295,0.21695658052726435,1.0847829026363256,0.08329755259751466,607.6289583350797,59.45833130645375,-1.0723823851840966,,,,,,
47,9.4,246.24511930585683,173.86117136659436,218,168,59,14,119.24511930585683,,607.1388286334056,,607.1388286334056,,0.6053051741414053,0.9888254538003349,True,27,8,1,1,"fly (1,8)",0.20000000000000107,-20.99017481179024,0.7435243077708265,21.00333942557134,105.01669712785615,-3.7176215388541123,607.510590787291,53.05074001524622,-1.8171619931282987,,,,,,
35,7.0,151.47350993377484,173.11920529801324,138,168,29,14,24.473509933774835,,607.8807947019868,,607.8807947019868,,0.12423101489225805,0.9900338675928124,True,28,9,1,1,"fly (1,9)",,,,,,,607.8807947019868,0.0,0.0,,,,,,
44,8.8,299.21084337349396,172.7710843373494,277,168,38,14,172.21084337349396,,608.2289156626506,,608.2289156626506,,0.874166717631949,0.9906008398414505,True,29,10,1,1,"fly (1,10)",,,,,,,609.870555392301,6.510265183765642,2.736066216083848,,,,,,
47,9.4,292.1219512195122,169.4878048780488,277,168,31,4,165.1219512195122,,611.5121951219512,,611.5121951219512,,0.8381824935000619,0.9959482005243505,True,29,10,1,1,"fly (1,10)",0.5999999999999996,-7.08889215398176,-3.2832794593006156,7.812318220518766,13.020530367531284,5.472132432167696,609.1979297853435,44.66263935610119,-4.275150106815212,,,,,,
48,9.6,268.20684523809524,173.14732142857142,239,168,69,14,141.20684523809524,,607.8526785714286,,607.8526785714286,,0.7167860164370317,0.9899880758492322,True,29,10,1,1,"fly (1,10)",0.1999999999999993,-23.915105981416957,3.659516550522625,24.193477540154372,120.96738770077229,-18.29758275261333,609.1684655230655,65.74541120320505,-3.795409599501237,,,,,,
49,9.8,255.56045751633985,172.859477124183,214,168,94,14,128.56045751633985,,608.1405228758169,,608.1405228758169,,0.6525911549052784,0.9904568776479103,True,29,10,1,1,"fly (1,10)",0.20000000000000107,-12.646387721755389,-0.2878443043884147,12.64966310826238,63.24831554131157,1.4392215219419235,607.9966007236228,92.10785162104193,-8.429180615335703,,,,,,
