physical_vial_index,assay_tube_index,bbox_x,bbox_y,bbox_w,bbox_h,center_x_px,center_y_px,area_px,frame_index,time_s,x_from_left_px,x_from_left_mm,y_from_base_px,y_from_base_mm,distance_from_base_px,distance_from_base_mm,relative_x,relative_height,threshold_used
1,1,145,168,34,6,159.9271523178808,169.79470198675497,151,0,0.0,32.9271523178808,,611.205298013245,,611.205298013245,,0.1671429051669076,0.9954483680997477,15.0
1,1,179,168,25,4,190.3292682926829,169.29268292682926,82,0,0.0,63.32926829268291,,611.7073170731708,,611.7073170731708,,0.32146836696793357,0.9962659887185191,15.0
1,1,204,168,21,8,215.4125,170.4,80,0,0.0,88.4125,,610.6,,610.6,,0.4487944162436548,0.9944625407166124,15.0
1,1,222,168,48,13,244.15544041450778,173.78497409326425,386,0,0.0,117.15544041450778,,607.2150259067357,,607.2150259067357,,0.5946976670787197,0.9889495535940321,15.0
2,2,364,165,35,22,378.88971962616824,174.03364485981308,535,0,0.0,23.889719626168244,,604.9663551401869,,604.9663551401869,,0.12126761231557484,0.983685130309247,17.0
2,2,396,165,42,14,416.4673366834171,170.24371859296483,398,0,0.0,61.4673366834171,,608.7562814070352,,608.7562814070352,,0.3120169374792746,0.9898476120439597,17.0
2,2,489,165,45,9,510.4089219330855,169.21561338289962,269,0,0.0,155.40892193308548,,609.7843866171004,,609.7843866171004,,0.7888777763100786,0.9915193278326836,17.0
2,2,443,167,49,15,466.2254641909814,174.50397877984085,377,0,0.0,111.22546419098143,,604.4960212201592,,604.4960212201592,,0.5645962649288397,0.9829203597075759,17.0
3,3,657,165,85,14,697.0566037735849,170.20174165457183,689,0,0.0,116.05660377358492,,600.7982583454282,,600.7982583454282,,0.6556870269694064,0.9897829626778059,12.0
3,3,599,165,39,9,620.681592039801,169.26865671641792,201,0,0.0,39.68159203980099,,601.7313432835821,,601.7313432835821,,0.22418978553559882,0.9913201701541715,12.0
3,3,637,165,21,9,645.2741935483871,169.67741935483872,124,0,0.0,64.27419354838707,,601.3225806451612,,601.3225806451612,,0.36313103699653715,0.9906467555933464,12.0
3,3,599,609,4,132,599.7678571428571,688.0428571428571,280,0,0.0,18.76785714285711,,82.95714285714291,,82.95714285714291,,0.10603309120258254,0.13666745116498008,12.0
3,3,599,741,3,17,600.3714285714286,748.2857142857143,35,0,0.0,19.371428571428623,,22.714285714285666,,22.714285714285666,,0.10944309927360804,0.0374205695457754,12.0
4,4,819,165,50,5,842.1189427312776,166.86784140969164,227,0,0.0,41.11894273127757,,604.1321585903083,,604.1321585903083,,0.23496538703587183,0.9952753848275261,14.0
4,4,869,165,70,8,896.1776061776062,168.04633204633205,259,0,0.0,95.17760617760621,,602.953667953668,,602.953667953668,,0.5438720353006069,0.9933338846024183,14.0
1,1,145,168,58,6,170.21774193548387,169.7459677419355,248,1,0.2,43.21774193548387,,611.2540322580645,,611.2540322580645,,0.2193794006877354,0.9955277398339812,15.0
1,1,203,168,22,8,215.04761904761904,170.32142857142858,84,1,0.2,88.04761904761904,,610.6785714285714,,610.6785714285714,,0.44694222866811695,0.9945905072126571,15.0
1,1,223,168,46,13,243.95514511873353,173.7862796833773,379,1,0.2,116.95514511873353,,607.2137203166227,,607.2137203166227,,0.5936809396890027,0.9889474272257699,15.0
1,1,269,168,39,6,288.7425149700599,169.77245508982037,167,1,0.2,161.74251497005991,,611.2275449101796,,611.2275449101796,,0.8210279947718777,0.9954846008309115,15.0
2,2,373,165,65,12,407.6402569593148,170.2847965738758,467,1,0.2,52.6402569593148,,608.7152034261242,,608.7152034261242,,0.26720942618941523,0.9897808185790636,17.0
2,2,490,165,43,9,510.3864541832669,169.15139442231074,251,1,0.2,155.3864541832669,,609.8486055776892,,609.8486055776892,,0.7887637268186136,0.9916237489068117,17.0
2,2,442,165,51,17,466.6966580976864,174.26478149100257,389,1,0.2,111.6966580976864,,604.7352185089974,,604.7352185089974,,0.566988112170997,0.9833092983886136,17.0
3,3,599,165,56,9,629.7435897435897,169.23931623931625,351,1,0.2,48.74358974358972,,601.7606837606837,,601.7606837606837,,0.27538751267564815,0.9913685070192483,12.0
3,3,655,165,87,14,696.939179632249,170.21782178217822,707,1,0.2,115.93917963224897,,600.7821782178218,,600.7821782178218,,0.6550236137415196,0.9897564715285366,12.0
3,3,599,604,4,139,599.7553956834532,688.9424460431654,278,1,0.2,18.75539568345323,,82.05755395683457,,82.05755395683457,,0.1059626874771369,0.1351854266175199,12.0
3,3,599,744,3,14,600.3448275862069,749.9310344827586,29,1,0.2,19.34482758620686,,21.068965517241395,,21.068965517241395,,0.10929281122150769,0.03470999261489521,12.0
4,4,819,165,50,5,842.1798245614035,166.87719298245614,228,1,0.2,41.17982456140351,,604.1228070175439,,604.1228070175439,,0.23531328320802003,0.9952599786120987,14.0
4,4,869,165,75,8,897.0669144981413,168.00743494423793,269,1,0.2,96.06691449814127,,602.992565055762,,602.992565055762,,0.5489537971322358,0.9933979654954893,14.0
1,1,145,168,58,5,170.5142857142857,169.70612244897958,245,2,0.4,43.514285714285705,,611.2938775510204,,611.2938775510204,,0.22088469905728783,0.9955926344479159,15.0
1,1,203,168,23,8,215.48863636363637,170.52272727272728,88,2,0.4,88.48863636363637,,610.4772727272727,,610.4772727272727,,0.44918089524688515,0.9942626591649393,15.0
1,1,223,168,46,13,244.2975871313673,173.77479892761394,373,2,0.4,117.2975871313673,,607.2252010723861,,607.2252010723861,,0.5954192240170929,0.9889661255250588,15.0
1,1,269,168,39,5,288.75151515151515,169.6727272727273,165,2,0.4,161.75151515151515,,611.3272727272727,,611.3272727272727,,0.8210736809721582,0.9956470239857861,15.0
2,2,373,165,66,12,407.64957264957263,170.27991452991452,468,2,0.4,52.64957264957263,,608.7200854700855,,608.7200854700855,,0.2672567139572215,0.9897887568619276,17.0
2,2,490,165,43,9,510.55823293172693,169.15261044176708,249,2,0.4,155.55823293172693,,609.8473895582329,,609.8473895582329,,0.7896357001610504,0.991621771639403,17.0
2,2,461,167,32,14,474.8119658119658,172.7094017094017,234,2,0.4,119.81196581196582,,606.2905982905983,,606.2905982905983,,0.6081825675734306,0.9858383712042248,17.0
2,2,442,173,22,9,453.3571428571429,177.1,140,2,0.4,98.35714285714289,,601.9,,601.9,,0.49927483683828877,0.9786991869918699,17.0
3,3,654,165,88,14,696.4025245441795,170.25666199158485,713,2,0.4,115.40252454417953,,600.7433380084151,,600.7433380084151,,0.6519916640914097,0.9896924843631221,12.0
3,3,599,165,40,9,621.625,169.28240740740742,216,2,0.4,40.625,,601.7175925925926,,601.7175925925926,,0.22951977401129944,0.9912975166270059,12.0
3,3,639,165,15,9,645.0642201834862,169.29357798165137,109,2,0.4,64.06422018348621,,601.7064220183486,,601.7064220183486,,0.3619447467993571,0.9912791137040339,12.0
3,3,599,604,3,86,599.3524590163935,654.467213114754,122,2,0.4,18.35245901639348,,116.53278688524597,,116.53278688524597,,0.10368620913216656,0.19198152699381543,12.0
3,3,599,690,3,51,600.0,714.8424657534247,146,2,0.4,19.0,,56.157534246575324,,56.157534246575324,,0.10734463276836158,0.09251653088397911,12.0
3,3,599,741,3,17,600.3823529411765,748.0882352941177,34,2,0.4,19.382352941176464,,22.91176470588232,,22.91176470588232,,0.10950481887670319,0.03774590561100876,12.0
4,4,819,165,49,5,841.9122807017544,166.890350877193,228,2,0.4,40.91228070175441,,604.109649122807,,604.109649122807,,0.23378446115288234,0.9952383016850198,14.0
4,4,869,165,74,8,896.8030303030303,168.0,264,2,0.4,95.80303030303025,,603.0,,603.0,,0.5474458874458872,0.9934102141680395,14.0
1,1,145,168,55,6,168.390756302521,169.78571428571428,238,3,0.6,41.390756302521,,611.2142857142858,,611.2142857142858,,0.21010536194173096,0.9954630060493254,15.0
1,1,200,168,24,8,213.6206896551724,170.2183908045977,87,3,0.6,86.62068965517241,,610.7816091954023,,610.7816091954023,,0.4396989322597584,0.9947583211651504,15.0
1,1,222,168,48,13,244.08717948717947,173.72820512820513,390,3,0.6,117.08717948717947,,607.2717948717949,,607.2717948717949,,0.5943511649095404,0.9890420111918483,15.0
1,1,270,168,38,6,289.41875,169.71875,160,3,0.6,162.41875,,611.28125,,611.28125,,0.824460659898477,0.9955720684039088,15.0
2,2,373,165,66,13,407.67590618336885,170.2814498933902,469,3,0.6,52.67590618336885,,608.7185501066098,,608.7185501066098,,0.2673903867176084,0.9897862603359509,17.0
2,2,490,165,43,9,510.6240310077519,169.2325581395349,258,3,0.6,155.6240310077519,,609.7674418604652,,609.7674418604652,,0.789969700546964,0.9914917753828701,17.0
2,2,442,167,51,15,466.6744186046512,174.41343669250645,387,3,0.6,111.67441860465118,,604.5865633074935,,604.5865633074935,,0.566875221343407,0.9830675826138106,17.0
3,3,599,165,57,9,629.9505813953489,169.22383720930233,344,3,0.6,48.95058139534888,,601.7761627906976,,601.7761627906976,,0.27655695703586936,0.9913940078924178,12.0
3,3,656,165,86,14,697.0936170212766,170.1886524822695,705,3,0.6,116.0936170212766,,600.8113475177305,,600.8113475177305,,0.6558961413631447,0.9898045263883534,12.0
3,3,590,592,23,64,599.8775894538607,607.8361581920904,531,3,0.6,18.87758945386065,,163.16384180790965,,163.16384180790965,,0.10665304776192458,0.26880369325850023,12.0
3,3,590,656,24,103,600.517679057117,707.7996373526745,1103,3,0.6,19.517679057116993,,63.200362647325505,,63.200362647325505,,0.11026937320405081,0.10411921358702719,12.0
4,4,819,165,49,5,842.3361344537815,166.97058823529412,238,3,0.6,41.33613445378148,,604.0294117647059,,604.0294117647059,,0.23620648259303706,0.9951061149336176,14.0
4,4,868,165,76,8,896.7545787545788,167.96703296703296,273,3,0.6,95.7545787545788,,603.032967032967,,603.032967032967,,0.547169021454736,0.9934645255897315,14.0
1,1,145,168,50,6,166.62200956937798,169.688995215311,209,4,0.8,39.62200956937798,,611.311004784689,,611.311004784689,,0.20112695212882223,0.9956205289652915,15.0
1,1,195,168,31,8,212.21052631578948,170.2982456140351,114,4,0.8,85.21052631578948,,610.7017543859649,,610.7017543859649,,0.4325407427197436,0.9946282644722556,15.0
1,1,223,168,48,13,244.83464566929132,173.64566929133858,381,4,0.8,117.83464566929132,,607.3543307086615,,607.3543307086615,,0.5981454094887885,0.9891764343789274,15.0
1,1,271,168,37,6,289.6474358974359,169.69871794871796,156,4,0.8,162.6474358974359,,611.301282051282,,611.301282051282,,0.8256215020174412,0.995604693894596,15.0
2,2,373,165,66,12,408.2178649237473,170.22875816993465,459,4,0.8,53.2178649237473,,608.7712418300654,,608.7712418300654,,0.27014144631343806,0.9898719379350657,17.0
2,2,490,165,43,9,510.6215139442231,169.09163346613545,251,4,0.8,155.62151394422312,,609.9083665338645,,609.9083665338645,,0.7899569235747367,0.9917209211932756,17.0
2,2,460,165,34,16,474.3794466403162,172.64426877470356,253,4,0.8,119.37944664031619,,606.3557312252965,,606.3557312252965,,0.6059870387833309,0.9859442784151162,17.0
2,2,442,173,21,9,452.7218045112782,177.1203007518797,133,4,0.8,97.72180451127821,,601.8796992481202,,601.8796992481202,,0.49604976909278276,0.9786661776392199,17.0
3,3,599,165,58,9,630.6520467836257,169.2953216374269,342,4,0.8,49.65204678362568,,601.7046783625731,,601.7046783625731,,0.2805200383255688,0.9912762411245026,12.0
3,3,656,165,86,14,696.9957020057307,170.19054441260744,698,4,0.8,115.99570200573066,,600.8094555873926,,600.8094555873926,,0.655342949184919,0.9898014095344194,12.0
3,3,598,565,2,7,598.4615384615385,567.7692307692307,13,4,0.8,17.461538461538453,,203.23076923076928,,203.23076923076928,,0.09865275966970877,0.3348118109238374,12.0
3,3,599,612,3,130,599.7027027027027,690.2046332046332,259,4,0.8,18.70270270270271,,80.79536679536682,,80.79536679536682,,0.10566498702091925,0.13310604084903924,12.0
3,3,599,742,3,18,600.4,749.3714285714286,35,4,0.8,19.399999999999977,,21.628571428571377,,21.628571428571377,,0.10960451977401117,0.035631913391386126,12.0
4,4,818,164,50,7,842.0089020771513,166.88724035608308,337,4,0.8,41.00890207715133,,604.1127596439169,,604.1127596439169,,0.2343365832980076,0.9952434261020048,14.0
4,4,870,164,91,10,904.3577777777778,167.4111111111111,450,4,0.8,103.35777777777776,,603.588888888889,,603.588888888889,,0.5906158730158729,0.9943803770821894,14.0
1,1,145,168,55,6,168.58369098712447,169.74248927038627,233,5,1.0,41.58369098712447,,611.2575107296137,,611.2575107296137,,0.21108472582296686,0.9955334050970908,15.0
1,1,200,168,25,8,213.61702127659575,170.22340425531914,94,5,1.0,86.61702127659575,,610.7765957446809,,610.7765957446809,,0.4396803110487094,0.9947501559359624,15.0
1,1,223,168,48,13,244.75835475578407,173.62210796915167,389,5,1.0,117.75835475578407,,607.3778920308483,,607.3778920308483,,0.597758145968447,0.9892148078678311,15.0
1,1,271,168,37,6,289.775641025641,169.71153846153845,156,5,1.0,162.775641025641,,611.2884615384615,,611.2884615384615,,0.8262722894702589,0.9955838135805563,15.0
2,2,364,165,35,22,379.0407407407407,173.98888888888888,540,5,1.0,24.040740740740716,,605.0111111111112,,605.0111111111112,,0.1220342169580747,0.9837579042457092,17.0
2,2,398,165,40,14,416.8410256410256,170.27692307692308,390,5,1.0,61.841025641025624,,608.7230769230769,,608.7230769230769,,0.3139138357412468,0.9897936210131331,17.0
2,2,490,165,44,9,510.996336996337,169.2087912087912,273,5,1.0,155.996336996337,,609.7912087912088,,609.7912087912088,,0.791859578661609,0.9915304207987135,17.0
2,2,443,167,49,15,466.5157894736842,174.3684210526316,380,5,1.0,111.51578947368421,,604.6315789473684,,604.6315789473684,,0.5660699973283463,0.9831407787762089,17.0
3,3,599,165,59,9,630.9161849710982,169.27167630057804,346,5,1.0,49.91618497109823,,601.7283236994219,,601.7283236994219,,0.28201234446948154,0.9913151955509423,12.0
3,3,657,165,85,14,697.3338088445079,170.1811697574893,701,5,1.0,116.33380884450787,,600.8188302425107,,600.8188302425107,,0.6572531573136038,0.9898168537767886,12.0
3,3,599,612,3,78,599.3613445378152,657.1932773109244,119,5,1.0,18.36134453781517,,113.80672268907563,,113.80672268907563,,0.1037364098181648,0.18749048218958095,12.0
3,3,599,691,4,51,600.066225165563,715.8145695364238,151,5,1.0,19.06622516556297,,55.185430463576154,,55.185430463576154,,0.10771878624611847,0.09091504194987834,12.0
3,3,599,742,3,18,600.4,749.3714285714286,35,5,1.0,19.399999999999977,,21.628571428571377,,21.628571428571377,,0.10960451977401117,0.035631913391386126,12.0
4,4,819,165,49,5,842.3203463203463,166.9090909090909,231,5,1.0,41.32034632034629,,604.0909090909091,,604.0909090909091,,0.2361162646876931,0.995207428485847,14.0
4,4,868,165,76,8,896.6641509433962,168.00377358490567,265,5,1.0,95.66415094339618,,602.9962264150943,,602.9962264150943,,0.546652291105121,0.9934039973889527,14.0
1,1,145,168,55,6,168.41558441558442,169.73160173160173,231,6,1.2,41.41558441558442,,611.2683982683983,,611.2683982683983,,0.21023139297250976,0.9955511372449484,15.0
1,1,200,168,27,8,214.82242990654206,170.5607476635514,107,6,1.2,87.82242990654206,,610.4392523364486,,610.4392523364486,,0.4457991365814318,0.9942007367043136,15.0
1,1,224,168,46,13,245.09408602150538,173.6236559139785,372,6,1.2,118.09408602150538,,607.3763440860215,,607.3763440860215,,0.5994623655913979,0.9892122867850514,15.0
1,1,270,168,38,6,289.19745222929936,169.6815286624204,157,6,1.2,162.19745222929936,,611.3184713375796,,611.3184713375796,,0.8233373209609105,0.9956326894748853,15.0
2,2,366,165,34,22,380.84082397003743,174.01685393258427,534,6,1.2,25.840823970037434,,604.9831460674158,,604.9831460674158,,0.13117169527937783,0.9837124326299443,17.0
2,2,399,165,39,14,417.16883116883116,170.26493506493506,385,6,1.2,62.16883116883116,,608.7350649350649,,608.7350649350649,,0.31557782319203637,0.9898131137155527,17.0
2,2,490,165,44,9,511.0620437956204,169.2189781021898,274,6,1.2,156.0620437956204,,609.7810218978102,,609.7810218978102,,0.7921931157138092,0.9915138567444068,17.0
2,2,443,167,49,15,466.3368146214099,174.46475195822455,383,6,1.2,111.33681462140993,,604.5352480417755,,604.5352480417755,,0.5651614955401519,0.9829841431573585,17.0
3,3,599,165,56,9,629.8554572271387,169.23893805309734,339,6,1.2,48.855457227138686,,601.7610619469026,,601.7610619469026,,0.2760195323567157,0.9913691300607951,12.0
3,3,656,165,86,14,697.0042979942693,170.176217765043,698,6,1.2,116.00429799426934,,600.823782234957,,600.823782234957,,0.6553915140919172,0.9898250119192042,12.0
3,3,599,612,3,79,599.3448275862069,657.905172413793,116,6,1.2,18.34482758620686,,113.09482758620697,,113.09482758620697,,0.1036430937073834,0.18631767312389946,12.0
3,3,599,692,3,67,600.1136363636364,721.8977272727273,176,6,1.2,19.113636363636374,,49.10227272727275,,49.10227272727275,,0.1079866461222394,0.08089336528381012,12.0
4,4,819,165,52,5,843.163179916318,166.97489539748955,239,6,1.2,42.16317991631797,,604.0251046025105,,604.0251046025105,,0.24093245666467414,0.9950990191145148,14.0
4,4,871,165,70,8,896.4230769230769,167.97307692307692,260,6,1.2,95.4230769230769,,603.0269230769231,,603.0269230769231,,0.5452747252747252,0.9934545684957548,14.0
1,1,145,168,46,6,165.61057692307693,169.84134615384616,208,7,1.4,38.610576923076934,,611.1586538461538,,611.1586538461538,,0.19599277625927378,0.995372400400902,15.0
1,1,191,168,18,4,198.41818181818184,169.16363636363636,55,7,1.4,71.41818181818184,,611.8363636363637,,611.8363636363637,,0.36252884171665906,0.996476162274208,15.0
1,1,210,168,14,7,217.05084745762713,170.54237288135593,59,7,1.4,90.05084745762713,,610.457627118644,,610.457627118644,,0.4571109008001377,0.9942306630596809,15.0
1,1,222,168,48,13,244.23529411764707,173.71099744245524,391,7,1.4,117.23529411764707,,607.2890025575448,,607.2890025575448,,0.5951030158256196,0.9890700367386723,15.0
2,2,366,165,34,22,380.7781954887218,174.03383458646616,532,7,1.4,25.778195488721792,,604.9661654135339,,604.9661654135339,,0.1308537842067096,0.9836848218106242,17.0
2,2,398,165,40,14,417.0259067357513,170.2538860103627,386,7,1.4,62.02590673575128,,608.7461139896373,,608.7461139896373,,0.31485231845559025,0.9898310796579467,17.0
2,2,489,165,45,9,510.50533807829186,169.135231316726,281,7,1.4,155.50533807829186,,609.864768683274,,609.864768683274,,0.7893671983669638,0.9916500303793072,17.0
2,2,460,167,32,14,473.75847457627117,172.85593220338984,236,7,1.4,118.75847457627117,,606.1440677966102,,606.1440677966102,,0.6028348963262495,0.9856001102383906,17.0
2,2,442,173,21,9,452.5882352941177,177.1691176470588,136,7,1.4,97.58823529411768,,601.8308823529412,,601.8308823529412,,0.49537175276201867,0.9785868005738881,17.0
3,3,599,165,56,9,629.8071216617211,169.26112759643917,337,7,1.4,48.80712166172111,,601.7388724035609,,601.7388724035609,,0.27574645006622095,0.9913325739762123,12.0
3,3,656,165,86,14,696.8440629470672,170.1845493562232,699,7,1.4,115.84406294706719,,600.8154506437768,,600.8154506437768,,0.6544862313393627,0.9898112860688251,12.0
3,3,590,591,23,63,599.8787878787879,606.5833333333333,528,7,1.4,18.878787878787875,,164.41666666666674,,164.41666666666674,,0.10665981852422528,0.2708676551345416,12.0
3,3,590,654,24,104,600.509892086331,708.0710431654676,1112,7,1.4,19.50989208633098,,62.928956834532414,,62.928956834532414,,0.11022537901881908,0.10367208704206328,12.0
4,4,819,165,52,6,843.4578313253012,167.02008032128515,249,7,1.4,42.457831325301186,,603.9799196787149,,603.9799196787149,,0.24261617900172106,0.9950245793718532,14.0
4,4,871,165,70,9,896.1673003802282,168.03041825095056,263,7,1.4,95.1673003802282,,602.9695817490494,,602.9695817490494,,0.5438131450298754,0.9933601017282527,14.0
1,1,145,168,59,6,170.39357429718876,169.73895582329317,249,8,1.6,43.39357429718876,,611.2610441767068,,611.2610441767068,,0.22027195074715109,0.9955391598969167,15.0
1,1,203,168,23,8,215.8941176470588,170.5529411764706,85,8,1.6,88.8941176470588,,610.4470588235295,,610.4470588235295,,0.45123917587339496,0.9942134508526539,15.0
1,1,223,168,47,13,244.69633507853405,173.70157068062827,382,8,1.6,117.69633507853405,,607.2984293193717,,607.2984293193717,,0.5974433252717465,0.9890853897709637,15.0
1,1,270,168,38,6,289.22085889570553,169.7914110429448,163,8,1.6,162.22085889570553,,611.2085889570552,,611.2085889570552,,0.823456136526424,0.9954537279430866,15.0
2,2,365,165,34,22,379.81050656660415,174.03001876172607,533,8,1.6,24.810506566604147,,604.9699812382739,,604.9699812382739,,0.12594165769849822,0.9836910264036974,17.0
2,2,397,165,41,14,416.78772378516624,170.28132992327366,391,8,1.6,61.787723785166236,,608.7186700767263,,608.7186700767263,,0.3136432679450063,0.9897864554093111,17.0
2,2,490,165,44,9,510.7269372693727,169.05535055350555,271,8,1.6,155.72693726937268,,609.9446494464944,,609.9446494464944,,0.7904920673572218,0.9917799177991778,17.0
2,2,460,167,33,14,474.1769547325103,172.80246913580248,243,8,1.6,119.1769547325103,,606.1975308641975,,606.1975308641975,,0.6049591610787325,0.9856870420556056,17.0
2,2,443,173,20,9,452.7593984962406,177.18045112781954,133,8,1.6,97.75939849624058,,601.8195488721805,,601.8195488721805,,0.49624060150375926,0.9785683721498869,17.0
3,3,599,165,59,9,630.3735632183908,169.29597701149424,348,8,1.6,49.373563218390814,,601.7040229885058,,601.7040229885058,,0.2789466848496656,0.9912751614308168,12.0
3,3,657,165,85,14,697.0775862068965,170.17528735632183,696,8,1.6,116.07758620689651,,600.8247126436781,,600.8247126436781,,0.6558055717903758,0.9898265447177564,12.0
3,3,599,613,3,78,599.3153153153153,657.6666666666667,111,8,1.6,18.315315315315274,,113.33333333333326,,113.33333333333326,,0.10347635771364562,0.18671059857221295,12.0
3,3,599,691,4,47,600.1733333333333,715.4066666666666,150,8,1.6,19.17333333333329,,55.59333333333336,,55.59333333333336,,0.10832391713747622,0.09158704008786386,12.0
3,3,599,738,3,20,600.390243902439,747.0975609756098,41,8,1.6,19.39024390243901,,23.90243902439022,,23.90243902439022,,0.10954940057875147,0.03937798850805637,12.0
4,4,818,164,50,7,841.6246153846154,166.78153846153847,325,8,1.6,40.62461538461537,,604.2184615384615,,604.2184615384615,,0.23214065934065925,0.9954175643137751,15.0
4,4,870,164,86,10,902.2151300236407,167.5224586288416,423,8,1.6,101.21513002364065,,603.4775413711584,,603.4775413711584,,0.5783721715636608,0.9941969380084982,15.0
1,1,145,168,59,6,170.9243027888446,169.71713147410358,251,9,1.8,43.924302788844614,,611.2828685258964,,611.2828685258964,,0.22296600400428737,0.9955747044395707,15.0
1,1,204,168,22,8,216.22619047619048,170.6547619047619,84,9,1.8,89.22619047619048,,610.3452380952381,,610.3452380952381,,0.45292482475223594,0.994047619047619,15.0
1,1,223,168,48,13,244.7282321899736,173.6490765171504,379,9,1.8,117.7282321899736,,607.3509234828496,,607.3509234828496,,0.5976052395430131,0.9891708851512208,15.0
1,1,271,168,37,6,289.5853658536586,169.85365853658536,164,9,1.8,162.58536585365857,,611.1463414634146,,611.1463414634146,,0.8253064256530892,0.9953523476602844,15.0
2,2,364,165,35,22,378.97583643122675,174.00557620817844,538,9,1.8,23.975836431226753,,604.9944237918215,,604.9944237918215,,0.12170475345800383,0.9837307703932058,17.0
2,2,397,165,42,14,416.8962025316456,170.2860759493671,395,9,1.8,61.8962025316456,,608.7139240506328,,608.7139240506328,,0.3141939214804345,0.989778738293712,17.0
2,2,490,165,45,9,511.10431654676256,169.1115107913669,278,9,1.8,156.10431654676256,,609.8884892086331,,609.8884892086331,,0.7924076982069166,0.9916886003392409,17.0
2,2,443,165,50,17,466.4566326530612,174.28061224489795,392,9,1.8,111.4566326530612,,604.719387755102,,604.719387755102,,0.5657697088987879,0.9832835573253692,17.0
3,3,599,165,56,9,630.0676470588236,169.24705882352941,340,9,1.8,49.06764705882358,,601.7529411764706,,601.7529411764706,,0.277218344965105,0.9913557515263107,12.0
3,3,655,165,87,14,696.6832386363636,170.19886363636363,704,9,1.8,115.68323863636363,,600.8011363636364,,600.8011363636364,,0.6535776194144838,0.989787704058709,12.0
3,3,599,605,3,87,599.3333333333334,655.2142857142858,126,9,1.8,18.33333333333337,,115.78571428571422,,115.78571428571422,,0.10357815442561227,0.19075076488585538,12.0
3,3,599,692,3,65,600.1,721.4411764705883,170,9,1.8,19.100000000000023,,49.55882352941171,,49.55882352941171,,0.10790960451977415,0.08164550828568651,12.0
4,4,819,165,50,5,842.0042918454935,166.92274678111588,233,9,1.8,41.004291845493526,,604.0772532188842,,604.0772532188842,,0.23431023911710586,0.9951849311678487,14.0
4,4,870,165,70,8,896.4085603112841,168.03891050583658,257,9,1.8,95.40856031128408,,602.9610894941634,,602.9610894941634,,0.5451917732073376,0.9933461111930204,14.0
1,1,145,168,59,6,170.57258064516128,169.72177419354838,248,10,2.0,43.57258064516128,,611.2782258064516,,611.2782258064516,,0.2211806124119862,0.9955671430072501,15.0
1,1,203,168,23,8,215.93023255813955,170.6046511627907,86,10,2.0,88.93023255813955,,610.3953488372093,,610.3953488372093,,0.4514225002951246,0.9941292326338914,15.0
1,1,223,168,47,13,244.59947643979058,173.7565445026178,382,10,2.0,117.59947643979058,,607.2434554973822,,607.2434554973822,,0.5969516570547745,0.9889958558589287,15.0
1,1,270,168,38,6,289.079754601227,169.74233128834356,163,10,2.0,162.07975460122702,,611.2576687116564,,611.2576687116564,,0.8227398710722184,0.9955336623968345,15.0
2,2,364,165,35,22,378.97583643122675,174.00557620817844,538,10,2.0,23.975836431226753,,604.9944237918215,,604.9944237918215,,0.12170475345800383,0.9837307703932058,17.0
2,2,397,165,41,14,416.793893129771,170.26972010178116,393,10,2.0,61.79389312977099,,608.7302798982189,,608.7302798982189,,0.31367458441508117,0.9898053331678356,17.0
2,2,490,165,45,9,511.40370370370374,169.11481481481482,270,10,2.0,156.40370370370374,,609.8851851851852,,609.8851851851852,,0.7939274299680393,0.9916832279433905,17.0
2,2,443,167,50,15,466.60313315926896,174.42036553524804,383,10,2.0,111.60313315926896,,604.579634464752,,604.579634464752,,0.5665133662907054,0.9830563162028487,17.0
3,3,599,165,58,9,630.2649572649573,169.35042735042734,351,10,2.0,49.264957264957275,,601.6495726495726,,601.6495726495726,,0.278333091892414,0.991185457412805,12.0
3,3,656,165,86,14,696.8812589413448,170.22889842632333,699,10,2.0,115.88125894134475,,600.7711015736767,,600.7711015736767,,0.6546963781996878,0.9897382233503734,12.0
3,3,590,593,23,63,599.879472693032,608.8060263653483,531,10,2.0,18.87947269303197,,162.19397363465168,,162.19397363465168,,0.10666368753125408,0.26720588737174905,12.0
3,3,590,656,24,102,600.5149321266969,708.3049773755656,1105,10,2.0,19.514932126696863,,62.69502262443439,,62.69502262443439,,0.11025385382314612,0.10328669295623458,12.0
3,3,601,764,5,8,602.6206896551724,768.0344827586207,29,10,2.0,21.62068965517244,,2.9655172413793025,,2.9655172413793025,,0.12215078901227368,0.00488553087541895,12.0
4,4,819,165,50,5,842.0042918454935,166.92274678111588,233,10,2.0,41.004291845493526,,604.0772532188842,,604.0772532188842,,0.23431023911710586,0.9951849311678487,14.0
4,4,870,165,69,8,896.2916666666666,168.0189393939394,264,10,2.0,95.29166666666663,,602.9810606060606,,602.9810606060606,,0.5445238095238093,0.9933790125305776,14.0
1,1,145,168,58,6,170.4897119341564,169.68312757201647,243,11,2.2,43.48971193415639,,611.3168724279835,,611.3168724279835,,0.22075995905663143,0.9956300853875953,15.0
1,1,203,168,23,8,215.90697674418607,170.59302325581396,86,11,2.2,88.90697674418607,,610.4069767441861,,610.4069767441861,,0.45130445047810186,0.9941481705931369,15.0
1,1,223,168,48,13,244.85751295336786,173.7020725388601,386,11,2.2,117.85751295336786,,607.2979274611399,,607.2979274611399,,0.5982614870729333,0.98908457241228,15.0
1,1,271,168,37,6,289.7341772151899,169.77848101265823,158,11,2.2,162.7341772151899,,611.2215189873418,,611.2215189873418,,0.8260618132750757,0.9954747866243352,15.0
2,2,365,165,34,22,379.81050656660415,174.03001876172607,533,11,2.2,24.810506566604147,,604.9699812382739,,604.9699812382739,,0.12594165769849822,0.9836910264036974,17.0
2,2,397,165,41,14,416.76010101010104,170.25505050505052,396,11,2.2,61.76010101010104,,608.7449494949494,,608.7449494949494,,0.31350305081269564,0.9898291861706495,17.0
2,2,490,165,45,9,511.5978260869565,169.1159420289855,276,11,2.2,156.5978260869565,,609.8840579710145,,609.8840579710145,,0.7949128227764289,0.9916813950748203,17.0
2,2,443,167,51,15,466.796875,174.39583333333334,384,11,2.2,111.796875,,604.6041666666666,,604.6041666666666,,0.5674968274111675,0.9830962059620596,17.0
3,3,599,165,57,9,629.9111747851002,169.26074498567334,349,11,2.2,48.91117478510023,,601.7392550143267,,601.7392550143267,,0.2763343208197753,0.9913332043069631,12.0
3,3,656,165,86,14,696.7528409090909,170.2059659090909,704,11,2.2,115.75284090909088,,600.7940340909091,,600.7940340909091,,0.6539708525937338,0.9897760034446609,12.0
3,3,599,605,3,85,599.34375,654.3515625,128,11,2.2,18.34375,,116.6484375,,116.6484375,,0.10363700564971752,0.19217205518945635,12.0
3,3,599,691,3,67,600.0434782608696,722.3260869565217,184,11,2.2,19.04347826086962,,48.67391304347825,,48.67391304347825,,0.10759027266028033,0.08018766563999712,12.0
3,3,601,763,4,9,602.2142857142857,767.4642857142857,28,11,2.2,21.214285714285666,,3.5357142857143344,,3.5357142857143344,,0.11985472154963653,0.005824899976465131,12.0
4,4,819,165,49,5,841.7217391304348,166.90869565217392,230,11,2.2,40.7217391304348,,604.091304347826,,604.091304347826,,0.23269565217391314,0.9952080796504548,14.0
4,4,870,165,70,8,895.5444015444016,168.0849420849421,259,11,2.2,94.54440154440158,,602.9150579150579,,602.9150579150579,,0.5402537231108662,0.9932702766310674,14.0
1,1,145,168,56,6,168.96412556053812,169.62331838565024,223,12,2.4,41.96412556053812,,611.3766816143498,,611.3766816143498,,0.2130158657895336,0.9957274944859117,15.0
1,1,200,168,26,8,215.0,170.367816091954,87,12,2.4,88.0,,610.632183908046,,610.632183908046,,0.4467005076142132,0.994514957504961,15.0
1,1,223,168,46,13,244.42234332425068,173.77656675749319,367,12,2.4,117.42234332425068,,607.2234332425069,,607.2234332425069,,0.5960525041840136,0.9889632463233011,15.0
1,1,269,168,39,6,288.72727272727275,169.6848484848485,165,12,2.4,161.72727272727275,,611.3151515151515,,611.3151515151515,,0.8209506229810799,0.9956272825979665,15.0
2,2,365,165,35,22,379.97583643122675,174.00557620817844,538,12,2.4,24.975836431226753,,604.9944237918215,,604.9944237918215,,0.1267808955899835,0.9837307703932058,17.0
2,2,398,165,41,14,417.38082901554407,170.31088082901553,386,12,2.4,62.380829015544066,,608.6891191709844,,608.6891191709844,,0.3166539543936247,0.9897384051560723,17.0
2,2,489,165,45,9,509.8671875,169.04296875,256,12,2.4,154.8671875,,609.95703125,,609.95703125,,0.7861278553299492,0.9918000508130081,17.0
2,2,443,166,49,16,466.29457364341084,174.43927648578813,387,12,2.4,111.29457364341084,,604.5607235142119,,604.5607235142119,,0.5649470743320347,0.9830255666897754,17.0
3,3,599,165,57,9,630.1784702549575,169.29178470254956,353,12,2.4,49.17847025495746,,601.7082152974505,,601.7082152974505,,0.2778444647172738,0.9912820680353385,12.0
3,3,656,165,86,14,696.7890173410404,170.17052023121389,692,12,2.4,115.78901734104045,,600.8294797687861,,600.8294797687861,,0.6541752392149178,0.9898343983011303,12.0
3,3,590,596,23,61,599.8813559322034,611.75329566855,531,12,2.4,18.881355932203405,,159.24670433145002,,159.24670433145002,,0.10667432730058421,0.2623504189974465,12.0
3,3,590,658,24,95,600.5009057971015,709.9239130434783,1104,12,2.4,19.500905797101495,,61.07608695652175,,61.07608695652175,,0.11017460902317229,0.10061958312441804,12.0
3,3,601,767,5,5,602.6315789473684,769.3157894736842,19,12,2.4,21.63157894736844,,1.6842105263158373,,1.6842105263158373,,0.12221231043710983,0.002774646666088694,12.0
4,4,812,165,30,13,825.3586956521739,169.55072463768116,276,12,2.4,24.35869565217388,,601.4492753623189,,601.4492753623189,,0.13919254658385075,0.9908554783563738,14.0
4,4,843,165,29,13,857.9298892988929,169.5977859778598,271,12,2.4,56.92988929889293,,601.4022140221402,,601.4022140221402,,0.32531365313653104,0.9907779473181882,14.0
4,4,869,164,84,10,901.6797235023041,167.58064516129033,434,12,2.4,100.67972350230411,,603.4193548387096,,603.4193548387096,,0.5753127057274521,0.9941010788117127,14.0
1,1,145,168,56,6,168.88888888888889,169.64444444444445,225,13,2.6,41.888888888888886,,611.3555555555556,,611.3555555555556,,0.212633953750705,0.9956930872240319,15.0
1,1,200,168,26,8,214.95555555555555,170.4,90,13,2.6,87.95555555555555,,610.6,,610.6,,0.44647490129723627,0.9944625407166124,15.0
1,1,223,168,46,13,244.42819148936172,173.75265957446808,376,13,2.6,117.42819148936172,,607.2473404255319,,607.2473404255319,,0.5960821903013286,0.9890021831034721,15.0
1,1,269,168,39,5,288.99371069182394,169.62264150943398,159,13,2.6,161.99371069182394,,611.377358490566,,611.377358490566,,0.8223030999584972,0.9957285968901727,15.0
2,2,373,165,66,13,407.5619658119658,170.26068376068375,468,13,2.6,52.56196581196582,,608.7393162393163,,608.7393162393163,,0.266812009197796,0.9898200264053924,17.0
2,2,490,165,46,9,510.9038461538462,169.1153846153846,260,13,2.6,155.9038461538462,,609.8846153846154,,609.8846153846154,,0.7913900819992192,0.991682301438399,17.0
2,2,442,166,51,16,466.5493670886076,174.45569620253164,395,13,2.6,111.5493670886076,,604.5443037974684,,604.5443037974684,,0.5662404420741503,0.9829988679633632,17.0
3,3,599,165,59,9,630.425352112676,169.27605633802816,355,13,2.6,49.42535211267602,,601.7239436619718,,601.7239436619718,,0.2792392774727459,0.9913079796737592,12.0
3,3,657,165,85,14,696.768558951965,170.24890829694323,687,13,2.6,115.76855895196502,,600.7510917030568,,600.7510917030568,,0.6540596550958475,0.9897052581598959,12.0
3,3,590,584,23,64,599.8740458015267,599.2595419847328,524,13,2.6,18.874045801526677,,171.74045801526722,,171.74045801526722,,0.10663302712726937,0.2829332092508521,12.0
3,3,590,648,24,106,600.4822695035461,709.1445035460993,1128,13,2.6,19.48226950354615,,61.85549645390074,,61.85549645390074,,0.11006931922907429,0.10190361854019891,12.0
3,3,601,768,5,4,602.6666666666666,769.8,15,13,2.6,21.66666666666663,,1.2000000000000455,,1.2000000000000455,,0.12241054613935949,0.001976935749588213,12.0
4,4,818,164,50,7,842.328125,166.73125,320,13,2.6,41.328125,,604.26875,,604.26875,,0.23616071428571428,0.9955004118616144,15.0
4,4,869,164,77,10,899.4691358024692,167.6888888888889,405,13,2.6,98.46913580246917,,603.3111111111111,,603.3111111111111,,0.5626807760141095,0.9939227530660809,15.0
1,1,145,168,62,6,171.80727272727273,169.83636363636364,275,14,2.8,44.80727272727273,,611.1636363636363,,611.1636363636363,,0.22744808491001386,0.9953805152502221,14.0
1,1,207,168,19,8,216.9764705882353,170.8,85,14,2.8,89.97647058823529,,610.2,,610.2,,0.45673335323977304,0.9938110749185668,14.0
1,1,223,168,46,13,244.3464566929134,173.82939632545933,381,14,2.8,117.34645669291339,,607.1706036745406,,607.1706036745406,,0.5956672928574284,0.9888772046816623,14.0
1,1,269,168,39,6,288.7657142857143,169.84,175,14,2.8,161.7657142857143,,611.16,,611.16,,0.821145757795504,0.9953745928338762,14.0
2,2,365,165,35,22,379.97583643122675,174.00557620817844,538,14,2.8,24.975836431226753,,604.9944237918215,,604.9944237918215,,0.1267808955899835,0.9837307703932058,17.0
2,2,398,165,41,14,417.3834196891192,170.31606217616581,386,14,2.8,62.383419689119194,,608.6839378238342,,608.6839378238342,,0.3166671050209096,0.9897299802013564,17.0
2,2,490,165,46,9,510.69348659003833,169.1992337164751,261,14,2.8,155.69348659003833,,609.8007662835249,,609.8007662835249,,0.7903222669545094,0.9915459614366259,17.0
2,2,443,167,50,15,466.3341968911917,174.46891191709844,386,14,2.8,111.33419689119171,,604.5310880829015,,604.5310880829015,,0.565148207569501,0.9829773789965879,17.0
3,3,599,165,56,9,629.9767441860465,169.23546511627907,344,14,2.8,48.97674418604652,,601.7645348837209,,601.7645348837209,,0.2767047694126922,0.9913748515382552,12.0
3,3,655,165,87,14,696.8937677053824,170.22521246458925,706,14,2.8,115.8937677053824,,600.7747875354107,,600.7747875354107,,0.6547670491829515,0.9897442957749765,12.0
3,3,598,569,5,187,599.5408163265306,676.0612244897959,686,14,2.8,18.540816326530603,,94.9387755102041,,94.9387755102041,,0.1047503747261616,0.15640654944020443,12.0
3,3,601,768,5,4,602.6875,769.8125,16,14,2.8,21.6875,,1.1875,,1.1875,,0.12252824858757062,0.001956342668863262,12.0
4,4,819,165,48,5,842.1144067796611,166.97033898305085,236,14,2.8,41.11440677966107,,604.0296610169491,,604.0296610169491,,0.23493946731234897,0.9951065255633429,14.0
4,4,870,165,69,8,895.7126436781609,168.06513409961687,261,14,2.8,94.71264367816093,,602.9348659003831,,602.9348659003831,,0.5412151067323482,0.9933029092263314,14.0
1,1,145,168,57,5,169.66523605150215,169.66523605150215,233,15,3.0,42.66523605150215,,611.3347639484979,,611.3347639484979,,0.21657480229188908,0.9956592246718207,15.0
1,1,201,168,24,8,214.8313253012048,170.32530120481928,83,15,3.0,87.8313253012048,,610.6746987951807,,610.6746987951807,,0.4458442908690599,0.994584199992151,15.0
1,1,222,168,47,13,243.9651474530831,173.8230563002681,373,15,3.0,116.96514745308309,,607.176943699732,,607.176943699732,,0.5937317129598126,0.9888875304555895,15.0
1,1,269,168,39,6,288.688622754491,169.73652694610777,167,15,3.0,161.688622754491,,611.2634730538922,,611.2634730538922,,0.8207544302258427,0.9955431157229515,15.0
2,2,373,165,66,12,407.9051724137931,170.2456896551724,464,15,3.0,52.90517241379308,,608.7543103448276,,608.7543103448276,,0.268554174689305,0.9898444070647603,17.0
2,2,490,165,46,9,511.2196078431373,169.2,255,15,3.0,156.21960784313728,,609.8,,609.8,,0.7929929332138949,0.9915447154471544,17.0
2,2,442,167,51,15,466.6135770234987,174.37075718015666,383,15,3.0,111.61357702349869,,604.6292428198433,,604.6292428198433,,0.5665663808299426,0.9831369801948672,17.0
3,3,599,165,58,9,630.3613445378152,169.33333333333334,357,15,3.0,49.36134453781517,,601.6666666666666,,601.6666666666666,,0.2788776527560179,0.9912136188907194,12.0
3,3,657,165,85,14,696.8807471264367,170.19683908045977,696,15,3.0,115.88074712643675,,600.8031609195402,,600.8031609195402,,0.6546934865900381,0.9897910394061619,12.0
3,3,590,592,23,64,599.8778195488721,607.9097744360902,532,15,3.0,18.87781954887214,,163.09022556390983,,163.09022556390983,,0.1066543477337409,0.2686824144380722,12.0
3,3,590,656,24,96,600.498191681736,708.0777576853526,1106,15,3.0,19.49819168173599,,62.922242314647406,,62.922242314647406,,0.11015927503805643,0.10366102523006163,12.0
4,4,818,164,50,7,842.1623188405797,166.95942028985507,345,15,3.0,41.1623188405797,,604.0405797101449,,604.0405797101449,,0.23521325051759828,0.9951245135257741,14.0
4,4,870,164,84,10,902.0817757009346,167.51168224299064,428,15,3.0,101.0817757009346,,603.4883177570093,,603.4883177570093,,0.5776101468624835,0.9942146915271982,14.0
4,4,955,164,6,3,957.8333333333334,164.58333333333334,12,15,3.0,156.83333333333337,,606.4166666666666,,606.4166666666666,,0.8961904761904764,0.9990389895661723,14.0
1,1,145,168,55,6,168.58369098712447,169.74248927038627,233,16,3.2,41.58369098712447,,611.2575107296137,,611.2575107296137,,0.21108472582296686,0.9955334050970908,15.0
1,1,200,168,26,8,214.50537634408602,170.3763440860215,93,16,3.2,87.50537634408602,,610.6236559139785,,610.6236559139785,,0.4441897276349544,0.9945010682638086,15.0
1,1,223,168,46,13,244.3186813186813,173.71978021978023,364,16,3.2,117.31868131868131,,607.2802197802198,,607.2802197802198,,0.5955263011100574,0.9890557325410746,15.0
1,1,269,168,39,6,289.1144578313253,169.75301204819277,166,16,3.2,162.1144578313253,,611.2469879518072,,611.2469879518072,,0.822916029600636,0.9955162670224873,15.0
2,2,364,165,35,22,378.9590316573557,174.02048417132215,537,16,3.2,23.959031657355695,,604.9795158286779,,604.9795158286779,,0.12161945003733855,0.9837065298027283,17.0
2,2,397,165,42,14,417.30534351145036,170.29007633587787,393,16,3.2,62.30534351145036,,608.7099236641221,,608.7099236641221,,0.31627077924594094,0.9897722336001986,17.0
2,2,490,165,46,8,511.25882352941176,169.12156862745098,255,16,3.2,156.25882352941176,,609.878431372549,,609.878431372549,,0.7931919976112272,0.991672246134226,17.0
2,2,443,168,50,14,466.4485488126649,174.4353562005277,379,16,3.2,111.44854881266491,,604.5646437994723,,604.5646437994723,,0.5657286741759641,0.9830319411373533,17.0
3,3,599,165,58,9,629.434017595308,169.39002932551318,341,16,3.2,48.43401759530798,,601.6099706744868,,601.6099706744868,,0.2736385174876157,0.9911202152792205,12.0
3,3,657,165,85,14,697.3414634146342,170.21090387374463,697,16,3.2,116.34146341463418,,600.7890961262553,,600.7890961262553,,0.6572964034725095,0.9897678684122823,12.0
3,3,599,609,3,130,599.6768060836501,687.2167300380228,263,16,3.2,18.67680608365015,,83.78326996197723,,83.78326996197723,,0.10551867843870141,0.138028451337689,12.0
3,3,599,740,3,15,600.09375,745.5625,32,16,3.2,19.09375,,25.4375,,25.4375,,0.10787429378531073,0.04190691927512356,12.0
3,3,601,764,4,8,602.2272727272727,767.5909090909091,22,16,3.2,21.227272727272748,,3.409090909090878,,3.409090909090878,,0.11992809450436581,0.005616294743148069,12.0
4,4,818,164,50,7,842.0204081632653,166.95043731778426,343,16,3.2,41.0204081632653,,604.0495626822158,,604.0495626822158,,0.234402332361516,0.9951393124912945,14.0
4,4,870,164,84,10,902.3532110091743,167.53440366972478,436,16,3.2,101.35321100917429,,603.4655963302753,,603.4655963302753,,0.5791612057667103,0.9941772591932048,14.0
1,1,145,168,55,6,168.45569620253164,169.77215189873417,237,17,3.4,41.45569620253164,,611.2278481012659,,611.2278481012659,,0.21043500610422153,0.9954850946274688,15.0
1,1,200,168,25,8,214.38709677419354,170.27956989247312,93,17,3.4,87.38709677419354,,610.7204301075269,,610.7204301075269,,0.44358932372687077,0.9946586809568843,15.0
1,1,222,168,48,13,244.33421750663132,173.81167108753317,377,17,3.4,117.33421750663132,,607.1883289124669,,607.1883289124669,,0.5956051650082808,0.9889060731473402,15.0
1,1,270,168,38,6,289.3354037267081,169.71428571428572,161,17,3.4,162.33540372670808,,611.2857142857142,,611.2857142857142,,0.8240375823690765,0.9955793392275476,15.0
2,2,373,165,66,12,407.8228941684665,170.27429805615552,463,17,3.4,52.82289416846652,,608.7257019438445,,608.7257019438445,,0.26813651862165744,0.9897978893395845,17.0
2,2,490,165,46,9,511.1390977443609,169.28947368421052,266,17,3.4,156.13909774436092,,609.7105263157895,,609.7105263157895,,0.7925842525094463,0.9913992297817715,17.0
2,2,442,168,51,14,466.44615384615383,174.52820512820512,390,17,3.4,111.44615384615383,,604.4717948717948,,604.4717948717948,,0.5657165169855525,0.9828809672712111,17.0
3,3,599,165,56,9,629.2721893491124,169.35207100591717,338,17,3.4,48.27218934911241,,601.6479289940828,,601.6479289940828,,0.27272423361080456,0.9911827495783901,12.0
3,3,656,165,86,14,697.079772079772,170.25071225071224,702,17,3.4,116.07977207977206,,600.7492877492878,,600.7492877492878,,0.6558179213546443,0.9897022862426487,12.0
3,3,599,604,3,85,599.3170731707318,653.2357723577236,123,17,3.4,18.31707317073176,,117.76422764227641,,117.76422764227641,,0.10348628910017943,0.1940102597072099,12.0
3,3,599,690,3,49,599.9716312056737,714.6099290780141,141,17,3.4,18.971631205673702,,56.39007092198585,,56.39007092198585,,0.10718435709420171,0.09289962260623699,12.0
3,3,599,740,3,15,600.09375,745.5625,32,17,3.4,19.09375,,25.4375,,25.4375,,0.10787429378531073,0.04190691927512356,12.0
3,3,601,769,4,3,602.2,770.1,10,17,3.4,21.200000000000045,,0.8999999999999773,,0.8999999999999773,,0.11977401129943528,0.0014827018121910663,12.0
4,4,818,164,50,7,842.1623188405797,166.95942028985507,345,17,3.4,41.1623188405797,,604.0405797101449,,604.0405797101449,,0.23521325051759828,0.9951245135257741,14.0
4,4,870,164,91,10,903.9351230425056,167.4317673378076,447,17,3.4,102.93512304250555,,603.5682326621924,,603.5682326621924,,0.5882007031000317,0.9943463470546826,14.0
1,1,145,168,54,6,167.92274678111588,169.78111587982832,233,18,3.6,40.922746781115876,,611.2188841201717,,611.2188841201717,,0.20772967909195877,0.9954704953097259,15.0
1,1,199,168,27,8,214.07291666666669,170.36458333333334,96,18,3.6,87.07291666666669,,610.6354166666666,,610.6354166666666,,0.44199450084602376,0.9945202225841476,15.0
1,1,223,168,46,13,244.41554959785523,173.78016085790884,373,18,3.6,117.41554959785523,,607.2198391420911,,607.2198391420911,,0.5960180182632245,0.9889573927395621,15.0
1,1,269,168,39,6,288.9451219512195,169.71951219512195,164,18,3.6,161.9451219512195,,611.280487804878,,611.280487804878,,0.8220564566051751,0.9955708270437753,15.0
2,2,373,165,67,12,408.3501094091904,170.22319474835885,457,18,3.6,53.350109409190395,,608.7768052516411,,608.7768052516411,,0.2708127381177177,0.9898809841490099,17.0
2,2,490,165,46,9,510.878431372549,169.2078431372549,255,18,3.6,155.87843137254902,,609.7921568627451,,609.7921568627451,,0.7912610729571016,0.9915319623784472,17.0
2,2,441,167,52,15,466.6051948051948,174.46233766233766,385,18,3.6,111.6051948051948,,604.5376623376624,,604.5376623376624,,0.5665238314984508,0.9829880688417274,17.0
3,3,599,165,56,9,629.2390670553935,169.40816326530611,343,18,3.6,48.23906705539355,,601.5918367346939,,601.5918367346939,,0.2725371020078732,0.9910903405843391,12.0
3,3,656,165,86,14,696.7994269340975,170.19770773638967,698,18,3.6,115.79942693409748,,600.8022922636103,,600.8022922636103,,0.6542340504751271,0.9897896083420269,12.0
3,3,598,569,2,11,598.4761904761905,573.7619047619048,21,18,3.6,17.47619047619048,,197.23809523809518,,197.23809523809518,,0.09873553941350555,0.32493920138071697,12.0
3,3,599,609,3,130,599.6867924528302,687.2641509433962,265,18,3.6,18.68679245283022,,83.7358490566038,,83.7358490566038,,0.10557509860356055,0.13795032793509687,12.0
3,3,599,740,3,15,600.09375,745.5625,32,18,3.6,19.09375,,25.4375,,25.4375,,0.10787429378531073,0.04190691927512356,12.0
3,3,601,769,4,3,602.3636363636364,770.0909090909091,11,18,3.6,21.363636363636374,,0.9090909090908781,,0.9090909090908781,,0.12069851052901906,0.001497678598172781,12.0
4,4,819,165,48,5,841.4449339207049,166.88986784140968,227,18,3.6,40.4449339207049,,604.1101321585903,,604.1101321585903,,0.2311139081183137,0.9952390974606101,14.0
4,4,870,165,73,8,896.7509293680298,167.9739776951673,269,18,3.6,95.7509293680298,,603.0260223048327,,603.0260223048327,,0.5471481678173131,0.993453084521965,14.0
1,1,145,168,51,6,166.28378378378378,169.84234234234233,222,19,3.8,39.283783783783775,,611.1576576576576,,611.1576576576576,,0.19941006996844557,0.9953707779440678,15.0
1,1,196,168,31,9,213.45378151260505,170.50420168067228,119,19,3.8,86.45378151260505,,610.4957983193277,,610.4957983193277,,0.4388516828051018,0.9942928311389703,15.0
1,1,224,168,44,13,244.54901960784315,173.77591036414566,357,19,3.8,117.54901960784315,,607.2240896358544,,607.2240896358544,,0.59669553100428,0.988964315367841,15.0
1,1,268,168,40,6,288.1941176470588,169.74117647058824,170,19,3.8,161.19411764705882,,611.2588235294118,,611.2588235294118,,0.818244252015527,0.995535543207511,15.0
2,2,373,165,67,12,408.3960612691466,170.21006564551422,457,19,3.8,53.39606126914663,,608.7899343544858,,608.7899343544858,,0.2710459962900844,0.9899023322837167,17.0
2,2,490,165,46,9,510.9338521400778,169.2295719844358,257,19,3.8,155.93385214007782,,609.7704280155642,,609.7704280155642,,0.7915423966501413,0.9914966309196166,17.0
2,2,441,168,52,14,466.2997416020672,174.50904392764858,387,19,3.8,111.29974160206717,,604.4909560723514,,604.4909560723514,,0.5649733076247064,0.9829121236948803,17.0
3,3,599,165,59,9,629.8133704735376,169.43454038997214,359,19,3.8,48.81337047353759,,601.5654596100278,,601.5654596100278,,0.275781754087783,0.9910468856837361,12.0
3,3,657,165,85,14,697.2279942279943,170.20634920634922,693,19,3.8,116.22799422799426,,600.7936507936508,,600.7936507936508,,0.6566553346214364,0.9897753719829503,12.0
3,3,598,566,2,16,598.483870967742,573.258064516129,31,19,3.8,17.48387096774195,,197.74193548387098,,197.74193548387098,,0.09877893202114096,0.3257692512090131,12.0
3,3,599,610,3,78,599.3666666666667,655.15,120,19,3.8,18.366666666666674,,115.85000000000002,,115.85000000000002,,0.10376647834274957,0.1908566721581549,12.0
3,3,599,689,4,50,600.0135135135135,713.9662162162163,148,19,3.8,19.013513513513544,,57.03378378378375,,57.03378378378375,,0.1074209803023364,0.09396010508036862,12.0
3,3,599,740,3,16,600.0909090909091,745.8484848484849,33,19,3.8,19.090909090909122,,25.151515151515127,,25.151515151515127,,0.10785824345146397,0.041435774549448315,12.0
3,3,601,767,4,5,602.1875,769.3125,16,19,3.8,21.1875,,1.6875,,1.6875,,0.11970338983050847,0.0027800658978583198,12.0
4,4,819,165,48,5,841.6347826086957,166.91739130434783,230,19,3.8,40.63478260869567,,604.0826086956522,,604.0826086956522,,0.23219875776397528,0.9951937540290811,14.0
4,4,870,165,74,8,897.0226415094339,167.95094339622642,265,19,3.8,96.02264150943392,,603.0490566037736,,603.0490566037736,,0.5487008086253368,0.9934910322961673,14.0
1,1,145,168,51,6,166.4090909090909,169.81363636363636,220,20,4.0,39.40909090909091,,611.1863636363637,,611.1863636363637,,0.20004614674665436,0.9954175303523839,15.0
1,1,196,168,30,9,212.77477477477476,170.38738738738738,111,20,4.0,85.77477477477476,,610.6126126126126,,610.6126126126126,,0.43540494809530333,0.9944830824309651,15.0
1,1,223,168,47,13,244.73458445040214,173.71581769436997,373,20,4.0,117.73458445040214,,607.28418230563,,607.28418230563,,0.5976374845198078,0.9890621861655212,15.0
1,1,270,168,38,6,289.00628930817606,169.68553459119497,159,20,4.0,162.00628930817606,,611.3144654088051,,611.3144654088051,,0.8223669508029242,0.9956261651609203,15.0
2,2,373,165,66,13,408.1082251082251,170.24891774891776,462,20,4.0,53.1082251082251,,608.7510822510823,,608.7510822510823,,0.26958489902652333,0.9898391581318411,17.0
2,2,490,165,46,9,510.69803921568626,169.21176470588236,255,20,4.0,155.69803921568626,,609.7882352941176,,609.7882352941176,,0.7903453767293719,0.9915255858440937,17.0
2,2,442,167,51,15,466.3076923076923,174.45128205128205,390,20,4.0,111.30769230769232,,604.5487179487179,,604.5487179487179,,0.5650136665365092,0.9830060454450698,17.0
3,3,599,165,57,9,629.3882352941176,169.27058823529413,340,20,4.0,48.388235294117635,,601.7294117647059,,601.7294117647059,,0.2733798604187437,0.9913169880802404,12.0
3,3,656,165,86,14,697.1673881673881,170.1962481962482,693,20,4.0,116.16738816738814,,600.8037518037518,,600.8037518037518,,0.656312927499368,0.9897920128562632,12.0
3,3,598,567,2,15,598.4827586206897,573.7586206896551,29,20,4.0,17.48275862068965,,197.24137931034488,,197.24137931034488,,0.0987726475745178,0.3249446117139125,12.0
3,3,599,609,3,80,599.3809523809524,655.1031746031746,126,20,4.0,18.380952380952408,,115.89682539682542,,115.89682539682542,,0.10384718859295146,0.19093381449229888,12.0
3,3,599,690,3,51,599.9791666666666,715.125,144,20,4.0,18.97916666666663,,55.875,,55.875,,0.10722693032015045,0.09205107084019769,12.0
3,3,599,741,3,15,600.1034482758621,746.7931034482758,29,20,4.0,19.103448275862092,,24.206896551724185,,24.206896551724185,,0.1079290863043056,0.039879565983071144,12.0
3,3,601,767,4,5,602.1875,769.3125,16,20,4.0,21.1875,,1.6875,,1.6875,,0.11970338983050847,0.0027800658978583198,12.0
4,4,819,165,48,5,841.6347826086957,166.91739130434783,230,20,4.0,40.63478260869567,,604.0826086956522,,604.0826086956522,,0.23219875776397528,0.9951937540290811,14.0
4,4,870,165,72,8,896.7330827067669,167.97744360902254,266,20,4.0,95.73308270676694,,603.0225563909775,,603.0225563909775,,0.5470461868958111,0.9934473746144604,14.0
1,1,145,168,51,6,166.4703196347032,169.78538812785388,219,21,4.2,39.4703196347032,,611.2146118721462,,611.2146118721462,,0.20035695246042234,0.9954635372510524,15.0
1,1,196,168,30,9,213.07142857142856,170.36607142857142,112,21,4.2,86.07142857142856,,610.6339285714286,,610.6339285714286,,0.4369108049311094,0.994517798976268,15.0
1,1,223,168,46,13,244.39733333333334,173.77333333333334,375,21,4.2,117.39733333333334,,607.2266666666667,,607.2266666666667,,0.5959255499153976,0.9889685124864278,15.0
1,1,269,168,39,6,288.4642857142857,169.73809523809524,168,21,4.2,161.46428571428572,,611.2619047619048,,611.2619047619048,,0.819615663524293,0.9955405615014736,15.0
2,2,373,165,66,12,408.398249452954,170.21225382932167,457,21,4.2,53.39824945295402,,608.7877461706784,,608.7877461706784,,0.27105710382210163,0.9898987742612656,17.0
2,2,490,165,45,9,511.0684410646388,169.30038022813687,263,21,4.2,156.06844106463882,,609.6996197718631,,609.6996197718631,,0.7922255891606031,0.9913814955640051,17.0
2,2,460,167,33,14,474.3617886178862,172.8211382113821,246,21,4.2,119.36178861788619,,606.178861788618,,606.178861788618,,0.6058974041517066,0.9856566858351511,17.0
2,2,442,173,21,9,452.51824817518246,177.16788321167883,137,21,4.2,97.51824817518246,,601.8321167883212,,601.8321167883212,,0.49501648819889577,0.9785888077858881,17.0
3,3,599,165,59,9,630.2662889518414,169.30878186968837,353,21,4.2,49.266288951841375,,601.6912181303117,,601.6912181303117,,0.2783406155471264,0.9912540661125397,12.0
3,3,657,165,85,14,697.35734870317,170.19452449567723,694,21,4.2,116.35734870317003,,600.8054755043228,,600.8054755043228,,0.6573861508653674,0.9897948525606636,12.0
3,3,599,609,3,77,599.3852459016393,653.3852459016393,122,21,4.2,18.385245901639337,,117.61475409836066,,117.61475409836066,,0.10387144577197366,0.19376401004672267,12.0
3,3,599,687,3,69,600.0,720.0942408376964,191,21,4.2,19.0,,50.90575916230364,,50.90575916230364,,0.10734463276836158,0.083864512623235,12.0
3,3,602,765,2,6,602.4,767.9,10,21,4.2,21.399999999999977,,3.1000000000000227,,3.1000000000000227,,0.12090395480225975,0.005107084019769395,12.0
4,4,819,165,48,5,841.7356828193832,166.88986784140968,227,21,4.2,40.735682819383214,,604.1101321585903,,604.1101321585903,,0.23277533039647552,0.9952390974606101,14.0
4,4,870,165,80,8,897.9411764705883,167.88235294117646,272,21,4.2,96.94117647058829,,603.1176470588235,,603.1176470588235,,0.553949579831933,0.9936040313983914,14.0
1,1,145,168,40,6,162.32183908045977,169.78735632183907,174,22,4.4,35.32183908045977,,611.2126436781609,,611.2126436781609,,0.17929867553532877,0.9954603317233891,15.0
1,1,185,168,20,4,194.3125,169.1875,64,22,4.4,67.3125,,611.8125,,611.8125,,0.34168781725888325,0.9964372964169381,15.0
1,1,205,168,22,9,216.92134831460675,170.95505617977528,89,22,4.4,89.92134831460675,,610.0449438202247,,610.0449438202247,,0.4564535447441967,0.9935585404238187,15.0
1,1,224,168,46,13,244.71311475409834,173.71038251366122,366,22,4.4,117.71311475409834,,607.2896174863388,,607.2896174863388,,0.5975285012898393,0.9890710382513661,15.0
2,2,365,165,37,22,380.42649727767696,173.94736842105263,551,22,4.4,25.426497277676958,,605.0526315789474,,605.0526315789474,,0.12906851409988304,0.9838254172015405,17.0
2,2,400,165,38,14,419.386301369863,170.33698630136988,365,22,4.4,64.38630136986302,,608.6630136986302,,608.6630136986302,,0.32683401710590365,0.989695957233545,17.0
2,2,492,165,42,9,511.3320158102767,169.28853754940712,253,22,4.4,156.3320158102767,,609.7114624505929,,609.7114624505929,,0.7935635320318614,0.9914007519521836,17.0
2,2,442,167,51,15,466.9309462915601,174.28132992327366,391,22,4.4,111.93094629156008,,604.7186700767263,,604.7186700767263,,0.5681773923429445,0.9832823903686607,17.0
3,3,599,165,59,9,630.0347826086957,169.35652173913044,345,22,4.4,49.03478260869565,,601.6434782608695,,601.6434782608695,,0.27703267010562516,0.9911754172337225,12.0
3,3,657,165,85,14,697.4576757532282,170.15638450502152,697,22,4.4,116.45767575322816,,600.8436154949785,,600.8436154949785,,0.6579529703572212,0.9898576861531772,12.0
3,3,599,610,3,76,599.359649122807,654.5,114,22,4.4,18.359649122807014,,116.5,,116.5,,0.10372683120229952,0.19192751235584843,12.0
3,3,599,687,3,52,599.9868421052631,712.8157894736842,152,22,4.4,18.986842105263122,,58.18421052631584,,58.18421052631584,,0.10727029438001764,0.09585537154253021,12.0
3,3,599,740,3,14,600.2,746.0,35,22,4.4,19.200000000000045,,25.0,,25.0,,0.1084745762711867,0.04118616144975288,12.0
3,3,601,765,4,7,602.05,768.55,20,22,4.4,21.049999999999955,,2.4500000000000455,,2.4500000000000455,,0.11892655367231612,0.004036243822075857,12.0
4,4,819,165,48,5,841.8794642857143,166.86160714285714,224,22,4.4,40.879464285714334,,604.1383928571429,,604.1383928571429,,0.2335969387755105,0.9952856554483408,14.0
4,4,870,165,70,8,896.1780303030303,168.00757575757575,264,22,4.4,95.17803030303025,,602.9924242424242,,602.9924242424242,,0.5438744588744586,0.9933977335130548,14.0
1,1,145,168,40,6,162.40462427745666,169.78034682080926,173,23,4.6,35.40462427745666,,611.2196531791908,,611.2196531791908,,0.17971890496170895,0.995471747848845,15.0
1,1,185,168,21,4,194.6417910447761,169.19402985074626,67,23,4.6,67.64179104477611,,611.8059701492538,,611.8059701492538,,0.3433593454049549,0.9964266614808693,15.0
1,1,206,168,20,8,216.85526315789474,170.6578947368421,76,23,4.6,89.85526315789474,,610.3421052631579,,610.3421052631579,,0.4561180870959124,0.9940425167152409,15.0
1,1,223,168,46,13,244.47027027027028,173.76216216216216,370,23,4.6,117.47027027027028,,607.2378378378378,,607.2378378378378,,0.5962957881739608,0.9889867065762831,15.0
2,2,373,165,67,12,408.5584415584416,170.23160173160173,462,23,4.6,53.55844155844159,,608.7683982683983,,608.7683982683983,,0.2718702617179776,0.9898673142575583,17.0
2,2,490,165,46,9,511.087786259542,169.293893129771,262,23,4.6,156.08778625954199,,609.706106870229,,609.706106870229,,0.7923237881195024,0.9913920436914292,17.0
2,2,441,167,52,15,466.5272727272727,174.37142857142857,385,23,4.6,111.5272727272727,,604.6285714285714,,604.6285714285714,,0.566128287955699,0.983135888501742,17.0
3,3,599,165,57,9,629.375,169.38988095238096,336,23,4.6,48.375,,601.610119047619,,601.610119047619,,0.2733050847457627,0.9911204597160116,12.0
3,3,656,165,86,14,697.2375533428165,170.19487908961594,703,23,4.6,116.23755334281645,,600.8051209103841,,600.8051209103841,,0.656709340919867,0.9897942683861352,12.0
3,3,599,611,3,129,599.7242647058823,688.0477941176471,272,23,4.6,18.72426470588232,,82.95220588235293,,82.95220588235293,,0.10578680624792271,0.13665931776334914,12.0
3,3,599,741,3,16,600.2,747.2571428571429,35,23,4.6,19.200000000000045,,23.742857142857133,,23.742857142857133,,0.1084745762711867,0.039115085902565294,12.0
4,4,818,164,50,7,842.0294985250738,166.91445427728613,339,23,4.6,41.02949852507379,,604.0855457227138,,604.0855457227138,,0.23445427728613594,0.9951985926239107,14.0
4,4,870,164,91,10,905.0833333333334,167.3815789473684,456,23,4.6,104.08333333333337,,603.6184210526316,,603.6184210526316,,0.5947619047619049,0.9944290297407439,14.0
1,1,145,168,44,6,164.59574468085106,169.70744680851064,188,24,4.8,37.595744680851055,,611.2925531914893,,611.2925531914893,,0.19084134355761956,0.995590477510569,15.0
1,1,189,168,18,4,197.31578947368422,169.26315789473685,57,24,4.8,70.31578947368422,,611.7368421052631,,611.7368421052631,,0.35693294149078286,0.9963140750900051,15.0
1,1,207,168,20,9,217.46987951807228,171.0120481927711,83,24,4.8,90.46987951807228,,609.9879518072289,,609.9879518072289,,0.4592379670968136,0.9934657195557474,15.0
1,1,224,168,47,13,245.267217630854,173.72727272727272,363,24,4.8,118.26721763085399,,607.2727272727273,,607.2727272727273,,0.6003412062479898,0.9890435297601421,15.0
2,2,364,165,35,22,379.00927643784786,174.00185528756958,539,24,4.8,24.00927643784786,,604.9981447124304,,604.9981447124304,,0.12187449968450689,0.9837368206706185,17.0
2,2,397,165,41,14,417.0846153846154,170.33076923076922,390,24,4.8,62.084615384615404,,608.6692307692308,,608.6692307692308,,0.315150331901601,0.9897060662914322,17.0
2,2,491,165,44,9,511.22962962962964,169.21851851851852,270,24,4.8,156.22962962962964,,609.7814814814815,,609.7814814814815,,0.7930438052265464,0.9915146040349292,17.0
2,2,443,167,49,15,466.7395833333333,174.4296875,384,24,4.8,111.73958333333331,,604.5703125,,604.5703125,,0.5672060067681894,0.9830411585365854,17.0
3,3,599,165,59,9,630.5545977011494,169.29597701149424,348,24,4.8,49.55459770114942,,601.7040229885058,,601.7040229885058,,0.2799694785375673,0.9912751614308168,12.0
3,3,657,165,85,14,697.2668579626973,170.21377331420373,697,24,4.8,116.26685796269726,,600.7862266857962,,600.7862266857962,,0.6568749037440523,0.9897631411627615,12.0
3,3,599,619,3,122,599.7846715328467,690.0547445255474,274,24,4.8,18.784671532846687,,80.94525547445255,,80.94525547445255,,0.10612808775619598,0.13335297442249186,12.0
3,3,599,742,3,17,600.3448275862069,748.6551724137931,29,24,4.8,19.34482758620686,,22.34482758620686,,22.34482758620686,,0.10929281122150769,0.03681190706129631,12.0
3,3,601,764,3,8,601.952380952381,767.8095238095239,21,24,4.8,20.952380952380963,,3.190476190476147,,3.190476190476147,,0.11837503362927097,0.0052561386993017255,12.0
4,4,819,165,49,5,841.9295154185022,166.87224669603523,227,24,4.8,40.929515418502206,,604.1277533039647,,604.1277533039647,,0.23388294524858402,0.9952681273541428,14.0
4,4,868,165,76,8,896.8586956521739,167.97101449275362,276,24,4.8,95.85869565217388,,603.0289855072464,,603.0289855072464,,0.5477639751552793,0.9934579662392856,14.0
1,1,145,168,45,6,164.79187817258884,169.7969543147208,197,25,5.0,37.79187817258884,,611.2030456852792,,611.2030456852792,,0.19183694503852203,0.9954446998131583,15.0
1,1,190,168,17,4,197.75471698113208,169.16981132075472,53,25,5.0,70.75471698113208,,611.8301886792453,,611.8301886792453,,0.35916099990422373,0.9964661053407905,15.0
1,1,207,168,20,9,217.4512195121951,170.96341463414635,82,25,5.0,90.45121951219511,,610.0365853658536,,610.0365853658536,,0.4591432462547975,0.9935449273059506,15.0
1,1,224,168,46,13,245.23387096774195,173.7715053763441,372,25,5.0,118.23387096774195,,607.2284946236559,,607.2284946236559,,0.6001719338464059,0.9889714896150749,15.0
2,2,364,165,35,22,379.00927643784786,174.00185528756958,539,25,5.0,24.00927643784786,,604.9981447124304,,604.9981447124304,,0.12187449968450689,0.9837368206706185,17.0
2,2,397,165,42,14,417.1020408163265,170.32397959183675,392,25,5.0,62.10204081632651,,608.6760204081633,,608.6760204081633,,0.3152387858696777,0.989717106354737,17.0
2,2,491,165,44,9,511.30258302583024,169.22878228782287,271,25,5.0,156.30258302583024,,609.7712177121771,,609.7712177121771,,0.7934141270346713,0.9914979149791497,17.0
2,2,443,165,49,17,466.92424242424244,174.28535353535352,396,25,5.0,111.92424242424244,,604.7146464646464,,604.7146464646464,,0.5681433625596063,0.9832758479099942,17.0
3,3,599,165,56,9,630.0353982300885,169.21828908554573,339,25,5.0,49.035398230088504,,601.7817109144543,,601.7817109144543,,0.2770361481925904,0.9914031481292492,12.0
3,3,655,165,87,14,696.8577524893315,170.20625889046943,703,25,5.0,115.85775248933146,,600.7937411095306,,600.7937411095306,,0.6545635733860534,0.9897755207735266,12.0
3,3,599,612,3,78,599.4409448818898,657.8582677165355,127,25,5.0,18.440944881889777,,113.14173228346453,,113.14173228346453,,0.10418612927621343,0.18639494610125953,12.0
3,3,599,691,3,68,600.090395480226,721.0790960451977,177,25,5.0,19.090395480225993,,49.92090395480227,,49.92090395480227,,0.10785534169619206,0.08224201640000374,12.0
3,3,601,763,3,9,601.9130434782609,767.3913043478261,23,25,5.0,20.913043478260875,,3.6086956521738784,,3.6086956521738784,,0.1181527880127733,0.005945132870138185,12.0
4,4,819,165,49,5,841.8266666666667,166.85333333333332,225,25,5.0,40.82666666666671,,604.1466666666666,,604.1466666666666,,0.23329523809523833,0.9952992861065348,14.0
4,4,868,165,75,8,896.931899641577,168.0179211469534,279,25,5.0,95.93189964157705,,602.9820788530466,,602.9820788530466,,0.5481822836661545,0.993380690037968,14.0
4,4,956,164,5,3,958.0909090909091,164.63636363636363,11,25,5.0,157.09090909090912,,606.3636363636364,,606.3636363636364,,0.8976623376623378,0.998951624981279,14.0
1,1,145,168,54,5,168.48611111111111,169.6064814814815,216,26,5.2,41.486111111111114,,611.3935185185185,,611.3935185185185,,0.2105893965031021,0.9957549161539389,15.0
1,1,199,168,26,8,213.46875,170.26041666666666,96,26,5.2,86.46875,,610.7395833333334,,610.7395833333334,,0.43892766497461927,0.9946898751357222,15.0
1,1,223,168,47,13,244.29287598944592,173.74934036939314,379,26,5.2,117.29287598944592,,607.2506596306068,,607.2506596306068,,0.595395309591096,0.9890075889749297,15.0
1,1,270,168,38,5,289.5290322580645,169.6258064516129,155,26,5.2,162.5290322580645,,611.3741935483871,,611.3741935483871,,0.8250204683150482,0.9957234422612168,15.0
2,2,364,165,35,22,378.98513011152414,174.01115241635688,538,26,5.2,23.985130111524143,,604.9888475836431,,604.9888475836431,,0.12175192950012255,0.9837217033880375,17.0
2,2,397,165,42,14,417.14322250639384,170.3299232736573,391,26,5.2,62.14322250639384,,608.6700767263427,,608.6700767263427,,0.3154478299816946,0.9897074418314515,17.0
2,2,489,165,46,9,510.5089605734767,169.16487455197134,279,26,5.2,155.5089605734767,,609.8351254480286,,609.8351254480286,,0.7893855866673944,0.9916018299967946,17.0
2,2,443,167,49,15,466.16533333333336,174.47733333333332,375,26,5.2,111.16533333333336,,604.5226666666667,,604.5226666666667,,0.5642910321489003,0.9829636856368564,17.0
3,3,599,165,57,9,629.8905325443787,169.15976331360946,338,26,5.2,48.89053254437874,,601.8402366863905,,601.8402366863905,,0.27621769799084034,0.9914995662049267,12.0
3,3,656,165,86,14,697.3834048640915,170.1845493562232,699,26,5.2,116.38340486409152,,600.8154506437768,,600.8154506437768,,0.6575333608140763,0.9898112860688251,12.0
3,3,598,569,2,19,598.4864864864865,577.7567567567568,37,26,5.2,17.486486486486456,,193.24324324324323,,193.24324324324323,,0.09879370896320032,0.31835789661160335,12.0
3,3,599,610,3,79,599.3821138211382,655.821138211382,123,26,5.2,18.382113821138205,,115.17886178861795,,115.17886178861795,,0.10385375040191076,0.18975100788899169,12.0
3,3,599,690,3,69,600.0790960451977,720.1694915254237,177,26,5.2,19.07909604519773,,50.83050847457628,,50.83050847457628,,0.10779150308021317,0.08374054114427723,12.0
4,4,819,165,49,5,841.8761061946902,166.86283185840708,226,26,5.2,40.87610619469024,,604.137168141593,,604.137168141593,,0.2335777496839442,0.995283637795046,14.0
4,4,868,165,75,8,896.3992537313433,168.044776119403,268,26,5.2,95.39925373134326,,602.955223880597,,602.955223880597,,0.5451385927505329,0.9933364479087265,14.0
4,4,956,164,5,3,958.0909090909091,164.63636363636363,11,26,5.2,157.09090909090912,,606.3636363636364,,606.3636363636364,,0.8976623376623378,0.998951624981279,14.0
1,1,145,168,53,6,167.64186046511628,169.65116279069767,215,27,5.4,40.64186046511628,,611.3488372093024,,611.3488372093024,,0.20630386022901664,0.9956821452920234,15.0
1,1,198,168,28,8,213.48543689320388,170.3495145631068,103,27,5.4,86.48543689320388,,610.6504854368932,,610.6504854368932,,0.43901237001626336,0.9945447645552006,15.0
1,1,223,168,48,13,244.83819628647217,173.6737400530504,377,27,5.4,117.83819628647217,,607.3262599469496,,607.3262599469496,,0.5981634329262546,0.9891307165259765,15.0
1,1,271,168,37,5,290.0,169.6291390728477,151,27,5.4,163.0,,611.3708609271523,,611.3708609271523,,0.8274111675126904,0.9957180145393361,15.0
2,2,366,165,34,22,380.81050656660415,174.03001876172607,533,27,5.4,25.810506566604147,,604.9699812382739,,604.9699812382739,,0.1310177998304779,0.9836910264036974,17.0
2,2,398,165,40,14,417.3289817232376,170.29503916449087,383,27,5.4,62.328981723237575,,608.7049608355092,,608.7049608355092,,0.31639077016871864,0.9897641639601775,17.0
2,2,492,165,43,9,511.46909090909094,169.27272727272728,275,27,5.4,156.46909090909094,,609.7272727272727,,609.7272727272727,,0.7942593447161976,0.9914264597191427,17.0
2,2,443,167,49,15,466.75129533678756,174.29274611398964,386,27,5.4,111.75129533678756,,604.7072538860103,,604.7072538860103,,0.5672654585623734,0.9832638274569274,17.0
3,3,599,165,57,9,629.9061583577712,169.20527859237538,341,27,5.4,48.90615835777123,,601.7947214076246,,601.7947214076246,,0.27630597942243634,0.9914245822201394,12.0
3,3,656,165,86,14,696.7798295454545,170.19602272727272,704,27,5.4,115.7798295454545,,600.8039772727273,,600.8039772727273,,0.6541233307652797,0.9897923843043283,12.0
3,3,599,610,3,132,599.7589928057554,689.0107913669065,278,27,5.4,18.758992805755383,,81.98920863309354,,81.98920863309354,,0.10598301020200782,0.13507283135600254,12.0
3,3,599,742,3,17,600.3548387096774,749.0967741935484,31,27,5.4,19.354838709677438,,21.903225806451587,,21.903225806451587,,0.10934937124111546,0.036084391773396354,12.0
3,3,601,764,3,8,602.0,767.8,20,27,5.4,21.0,,3.2000000000000455,,3.2000000000000455,,0.11864406779661017,0.005271828665568444,12.0
4,4,819,165,49,5,841.8705357142857,166.84375,224,27,5.4,40.870535714285666,,604.15625,,604.15625,,0.23354591836734667,0.9953150741350906,14.0
4,4,868,165,76,8,896.7163636363637,168.0218181818182,275,27,5.4,95.71636363636367,,602.9781818181818,,602.9781818181818,,0.5469506493506495,0.9933742698816834,14.0
4,4,956,164,5,3,958.0909090909091,164.63636363636363,11,27,5.4,157.09090909090912,,606.3636363636364,,606.3636363636364,,0.8976623376623378,0.998951624981279,14.0
1,1,145,168,53,5,167.93333333333334,169.5857142857143,210,28,5.6,40.93333333333334,,611.4142857142857,,611.4142857142857,,0.2077834179357022,0.9957887389483481,15.0
1,1,198,168,27,8,213.03125,170.15625,96,28,5.6,86.03125,,610.84375,,610.84375,,0.43670685279187815,0.9948595276872965,15.0
1,1,222,168,48,13,244.20320855614972,173.77540106951872,374,28,5.6,117.20320855614972,,607.2245989304813,,607.2245989304813,,0.5949401449550747,0.9889651448379174,15.0
1,1,270,168,38,5,289.5751633986928,169.6013071895425,153,28,5.6,162.57516339869278,,611.3986928104575,,611.3986928104575,,0.8252546365415877,0.9957633433395073,15.0
2,2,364,165,35,22,378.98513011152414,174.01115241635688,538,28,5.6,23.985130111524143,,604.9888475836431,,604.9888475836431,,0.12175192950012255,0.9837217033880375,17.0
2,2,397,165,41,14,417.03598971722363,170.32390745501286,389,28,5.6,62.03598971722363,,608.6760925449871,,608.6760925449871,,0.314903501102658,0.9897172236503855,17.0
2,2,490,165,45,9,511.089605734767,169.25448028673836,279,28,5.6,156.08960573476702,,609.7455197132616,,609.7455197132616,,0.7923330240343504,0.9914561296150596,17.0
2,2,443,165,50,17,466.6548223350254,174.251269035533,394,28,5.6,111.65482233502541,,604.748730964467,,604.748730964467,,0.56677574789353,0.9833312698609219,17.0
3,3,599,165,59,9,630.4626436781609,169.33045977011494,348,28,5.6,49.46264367816093,,601.6695402298851,,601.6695402298851,,0.2794499642833951,0.9912183529322655,12.0
3,3,657,165,85,14,697.3520923520923,170.11544011544012,693,28,5.6,116.35209235209231,,600.8845598845598,,600.8845598845598,,0.6573564539666232,0.9899251398427674,12.0
3,3,598,571,2,11,598.4761904761905,575.7619047619048,21,28,5.6,17.47619047619048,,195.23809523809518,,195.23809523809518,,0.09873553941350555,0.32164430846473674,12.0
3,3,599,609,3,133,599.7536764705883,689.5257352941177,272,28,5.6,18.75367647058829,,81.47426470588232,,81.47426470588232,,0.10595297441010333,0.1342244888070549,12.0
3,3,599,742,3,16,600.2258064516129,748.5483870967741,31,28,5.6,19.225806451612925,,22.45161290322585,,22.45161290322585,,0.10862037543284138,0.036987830153584596,12.0
4,4,818,164,50,7,841.8810975609756,166.8018292682927,328,28,5.6,40.881097560975604,,604.1981707317073,,604.1981707317073,,0.23360627177700347,0.995384136296058,14.0
4,4,870,164,80,10,901.3182897862233,167.59857482185274,421,28,5.6,100.31828978622332,,603.4014251781473,,603.4014251781473,,0.5732473702069903,0.9940715406559264,14.0
4,4,956,164,5,3,958.0909090909091,164.63636363636363,11,28,5.6,157.09090909090912,,606.3636363636364,,606.3636363636364,,0.8976623376623378,0.998951624981279,14.0
1,1,145,168,59,5,171.11522633744858,169.6378600823045,243,29,5.8,44.115226337448576,,611.3621399176955,,611.3621399176955,,0.22393515907334302,0.9957038109408721,15.0
1,1,204,168,21,8,215.97402597402598,170.4935064935065,77,29,5.8,88.97402597402598,,610.5064935064935,,610.5064935064935,,0.451644801898609,0.9943102500105757,15.0
1,1,222,168,48,13,244.3193717277487,173.76178010471205,382,29,5.8,117.31937172774869,,607.238219895288,,607.238219895288,,0.5955298057246127,0.9889873288196873,15.0
1,1,270,168,38,5,289.43037974683546,169.6772151898734,158,29,5.8,162.43037974683546,,611.3227848101266,,611.3227848101266,,0.8245196941463728,0.9956397146744732,15.0
2,2,364,165,35,22,379.00927643784786,174.00185528756958,539,29,5.8,24.00927643784786,,604.9981447124304,,604.9981447124304,,0.12187449968450689,0.9837368206706185,17.0
2,2,397,165,41,14,416.9896907216495,170.31701030927834,388,29,5.8,61.98969072164948,,608.6829896907217,,608.6829896907217,,0.31466848082055576,0.9897284385214987,17.0
2,2,490,165,45,9,510.9677419354839,169.27598566308245,279,29,5.8,155.9677419354839,,609.7240143369175,,609.7240143369175,,0.7917144260684462,0.9914211615234432,17.0
2,2,443,167,50,15,466.64935064935065,174.43116883116883,385,29,5.8,111.64935064935065,,604.5688311688311,,604.5688311688311,,0.5667479728393434,0.9830387498680181,17.0
3,3,599,165,59,9,630.4597701149426,169.33333333333334,348,29,5.8,49.45977011494256,,601.6666666666666,,601.6666666666666,,0.2794337294629523,0.9912136188907194,12.0
3,3,657,165,85,14,697.3448773448773,170.1803751803752,693,29,5.8,116.34487734487732,,600.8196248196248,,600.8196248196248,,0.6573156912139961,0.9898181628000409,12.0
3,3,599,609,3,132,599.7571428571429,688.2928571428571,280,29,5.8,18.757142857142867,,82.70714285714291,,82.70714285714291,,0.10597255851493145,0.13625558955048256,12.0
3,3,599,742,3,17,600.3030303030303,748.8484848484849,33,29,5.8,19.303030303030255,,22.151515151515127,,22.151515151515127,,0.10905666837870201,0.03649343517547797,12.0
3,3,601,763,3,9,602.1052631578947,766.9473684210526,19,29,5.8,21.105263157894683,,4.052631578947398,,4.052631578947398,,0.1192387749033598,0.00667649354027578,12.0
4,4,819,165,49,5,841.671052631579,166.8815789473684,228,29,5.8,40.67105263157896,,604.1184210526316,,604.1184210526316,,0.23240601503759406,0.995252752969739,14.0
4,4,868,165,73,8,896.125,168.03676470588235,272,29,5.8,95.125,,602.9632352941177,,602.9632352941177,,0.5435714285714286,0.9933496462835547,14.0
1,1,145,168,58,5,170.2700421940928,169.65400843881858,237,30,6.0,43.27004219409281,,611.3459915611814,,611.3459915611814,,0.21964488423397366,0.9956775106859632,15.0
1,1,202,168,24,8,215.47191011235955,170.4943820224719,89,30,6.0,88.47191011235955,,610.5056179775281,,610.5056179775281,,0.4490959904180688,0.9943088240676353,15.0
1,1,223,168,46,13,244.2566844919786,173.77272727272728,374,30,6.0,117.2566844919786,,607.2272727272727,,607.2272727272727,,0.5952115964059828,0.9889694995558188,15.0
1,1,269,168,39,5,288.840490797546,169.68711656441718,163,30,6.0,161.840490797546,,611.3128834355828,,611.3128834355828,,0.8215253339976955,0.9956235886573009,15.0
2,2,365,165,34,22,379.81050656660415,174.00750469043152,533,30,6.0,24.810506566604147,,604.9924953095685,,604.9924953095685,,0.12594165769849822,0.9837276346497049,17.0
2,2,398,165,40,14,417.1770833333333,170.32552083333334,384,30,6.0,62.177083333333314,,608.6744791666666,,608.6744791666666,,0.31561971235194575,0.9897146002710027,17.0
2,2,491,165,44,9,511.73021582733816,169.09712230215828,278,30,6.0,156.73021582733816,,609.9028776978417,,609.9028776978417,,0.7955848519154222,0.9917119962566533,17.0
2,2,443,167,51,15,467.1454081632653,174.4158163265306,392,30,6.0,112.1454081632653,,604.5841836734694,,604.5841836734694,,0.5692660312856107,0.9830637132901942,17.0
3,3,599,165,59,9,630.4126074498568,169.30945558739256,349,30,6.0,49.41260744985675,,601.6905444126074,,601.6905444126074,,0.27916727372800426,0.9912529561986942,12.0
3,3,657,165,85,14,697.2525399129173,170.1988388969521,689,30,6.0,116.25253991291731,,600.8011611030479,,600.8011611030479,,0.6567940108074425,0.9897877448155649,12.0
3,3,599,609,3,87,599.4791666666666,661.6041666666667,144,30,6.0,18.47916666666663,,109.39583333333326,,109.39583333333326,,0.1044020715630883,0.18022377814387686,12.0
3,3,599,697,3,59,600.0784313725491,722.8954248366013,153,30,6.0,19.078431372549062,,48.10457516339875,,48.10457516339875,,0.10778774786750882,0.07924971196606054,12.0
4,4,818,164,50,7,841.4909638554217,166.84939759036143,332,30,6.0,40.49096385542168,,604.1506024096386,,604.1506024096386,,0.23137693631669534,0.9953057700323535,14.0
4,4,870,164,81,10,901.4568764568764,167.57342657342656,429,30,6.0,100.45687645687644,,603.4265734265734,,603.4265734265734,,0.574039294039294,0.9941129710487207,14.0
1,1,145,168,62,6,172.63671875,169.64453125,256,31,6.2,45.63671875,,611.35546875,,611.35546875,,0.23165847081218274,0.9956929458469055,15.0
1,1,207,168,19,9,217.0,170.8227848101266,79,31,6.2,90.0,,610.1772151898734,,610.1772151898734,,0.45685279187817257,0.9937739661072857,15.0
1,1,223,168,47,13,244.67639257294428,173.74535809018568,377,31,6.2,117.67639257294428,,607.2546419098144,,607.2546419098144,,0.597342094278905,0.9890140747716847,15.0
1,1,270,168,38,6,289.36875,169.6875,160,31,6.2,162.36874999999998,,611.3125,,611.3125,,0.8242068527918781,0.9956229641693811,15.0
2,2,365,165,35,22,379.97583643122675,174.00557620817844,538,31,6.2,24.975836431226753,,604.9944237918215,,604.9944237918215,,0.1267808955899835,0.9837307703932058,17.0
2,2,398,165,41,14,417.3776041666667,170.31510416666666,384,31,6.2,62.377604166666686,,608.6848958333334,,608.6848958333334,,0.31663758460236896,0.9897315379403795,17.0
2,2,490,165,45,9,511.31636363636363,169.09454545454545,275,31,6.2,156.31636363636363,,609.9054545454545,,609.9054545454545,,0.7934840793724043,0.9917161862527716,17.0
2,2,443,167,50,15,466.8293963254593,174.38582677165354,381,31,6.2,111.8293963254593,,604.6141732283464,,604.6141732283464,,0.5676619102815192,0.9831124767940592,17.0
3,3,599,165,57,9,629.9237536656891,169.27272727272728,341,31,6.2,48.923753665689105,,601.7272727272727,,601.7272727272727,,0.27640538794174635,0.9913134641305976,12.0
3,3,656,165,86,14,696.9727403156385,170.22812051649927,697,31,6.2,115.97274031563848,,600.7718794835007,,600.7718794835007,,0.6552132221222513,0.9897395049151576,12.0
3,3,599,610,3,77,599.3448275862069,654.698275862069,116,31,6.2,18.34482758620686,,116.30172413793105,,116.30172413793105,,0.1036430937073834,0.191600863489178,12.0
3,3,599,688,3,7,599.8947368421053,691.0,19,31,6.2,18.894736842105317,,80.0,,80.0,,0.10674992566161196,0.13179571663920922,12.0
3,3,599,696,3,63,600.0522875816994,722.156862745098,153,31,6.2,19.052287581699375,,48.84313725490199,,48.84313725490199,,0.10764004283445974,0.08046645346771333,12.0
4,4,818,164,50,7,841.6096096096096,166.84984984984985,333,31,6.2,40.609609609609606,,604.1501501501501,,604.1501501501501,,0.23205491205491205,0.9953050249590611,14.0
4,4,870,164,80,10,901.330985915493,167.61267605633802,426,31,6.2,100.33098591549299,,603.387323943662,,603.387323943662,,0.5733199195171028,0.9940483096271202,14.0
4,4,953,164,8,3,956.7222222222222,164.66666666666666,18,31,6.2,155.72222222222217,,606.3333333333334,,606.3333333333334,,0.8898412698412695,0.99890170236134,14.0
1,1,145,168,47,6,165.98507462686567,169.72139303482587,201,32,6.4,38.98507462686567,,611.2786069651742,,611.2786069651742,,0.19789377983180542,0.9955677637869286,15.0
1,1,192,168,15,4,198.17777777777778,169.17777777777778,45,32,6.4,71.17777777777778,,611.8222222222222,,611.8222222222222,,0.36130851663846586,0.996453130655085,15.0
1,1,207,168,19,8,216.9493670886076,170.79746835443038,79,32,6.4,89.9493670886076,,610.2025316455696,,610.2025316455696,,0.45659577202338886,0.9938151981198202,15.0
1,1,223,168,47,13,244.58445040214477,173.71849865951742,373,32,6.4,117.58445040214477,,607.2815013404826,,607.2815013404826,,0.5968753827520039,0.989057819772773,15.0
2,2,365,165,35,22,379.97583643122675,174.00557620817844,538,32,6.4,24.975836431226753,,604.9944237918215,,604.9944237918215,,0.1267808955899835,0.9837307703932058,17.0
2,2,398,165,41,14,417.3776041666667,170.31510416666666,384,32,6.4,62.377604166666686,,608.6848958333334,,608.6848958333334,,0.31663758460236896,0.9897315379403795,17.0
2,2,491,165,44,9,511.66159695817487,169.0912547528517,263,32,6.4,156.66159695817487,,609.9087452471483,,609.9087452471483,,0.7952365327826135,0.9917215369872331,17.0
2,2,442,167,52,15,466.7757731958763,174.409793814433,388,32,6.4,111.7757731958763,,604.590206185567,,604.590206185567,,0.5673897116541944,0.9830735059927919,17.0
3,3,599,165,57,9,629.9067055393587,169.27696793002914,343,32,6.4,48.906705539358654,,601.7230320699708,,601.7230320699708,,0.2763090708438342,0.991306477874746,12.0
3,3,656,165,86,14,696.8557142857143,170.22714285714287,700,32,6.4,115.85571428571427,,600.7728571428571,,600.7728571428571,,0.6545520581113801,0.9897411155566015,12.0
3,3,599,610,3,85,599.4029850746268,660.1865671641791,134,32,6.4,18.402985074626827,,110.81343283582089,,110.81343283582089,,0.10397166708828716,0.18255919742309867,12.0
3,3,599,696,3,58,600.027397260274,720.6232876712329,146,32,6.4,19.02739726027403,,50.3767123287671,,50.3767123287671,,0.10749941954957078,0.08299293629121433,12.0
4,4,819,165,48,5,841.4,166.86666666666667,225,32,6.4,40.39999999999998,,604.1333333333333,,604.1333333333333,,0.23085714285714273,0.9952773201537617,14.0
4,4,871,165,70,8,896.6789667896679,167.98154981549814,271,32,6.4,95.67896678966792,,603.0184501845018,,603.0184501845018,,0.5467369530838168,0.9934406098591464,14.0
4,4,954,164,7,3,957.1333333333333,164.6,15,32,6.4,156.13333333333333,,606.4,,606.4,,0.8921904761904762,0.9990115321252059,14.0
1,1,145,168,45,5,165.46113989637306,169.68911917098447,193,33,6.6,38.461139896373055,,611.3108808290156,,611.3108808290156,,0.19523421267194443,0.9956203270830872,15.0
1,1,190,168,17,4,197.78571428571428,169.32142857142858,56,33,6.6,70.78571428571428,,611.6785714285714,,611.6785714285714,,0.3593183466279913,0.9962191717077711,15.0
1,1,207,168,18,8,216.67142857142858,170.6,70,33,6.6,89.67142857142858,,610.4,,610.4,,0.45518491660623644,0.9941368078175895,15.0
1,1,222,168,46,13,243.7,173.80810810810812,370,33,6.6,116.69999999999999,,607.1918918918918,,607.1918918918918,,0.5923857868020304,0.9889118760454264,15.0
2,2,373,165,66,13,407.7402597402597,170.2965367965368,462,33,6.6,52.74025974025972,,608.7034632034632,,608.7034632034632,,0.26771705451908484,0.9897617287861191,17.0
2,2,491,165,44,9,511.79622641509434,169.11320754716982,265,33,6.6,156.79622641509434,,609.8867924528302,,609.8867924528302,,0.795919931041088,0.9916858413867157,17.0
2,2,442,167,52,15,467.12271540469976,174.34725848563968,383,33,6.6,112.12271540469976,,604.6527415143603,,604.6527415143603,,0.5691508396177652,0.9831751894542443,17.0
3,3,599,165,57,9,629.8761061946902,169.2684365781711,339,33,6.6,48.87610619469024,,601.7315634218289,,601.7315634218289,,0.27613619319034033,0.9913205328201465,12.0
3,3,656,165,86,14,697.1365576102419,170.22190611664297,703,33,6.6,116.13655761024188,,600.7780938833571,,600.7780938833571,,0.6561387435606886,0.9897497428061895,12.0
3,3,598,571,5,186,599.5731343283583,676.4910447761195,670,33,6.6,18.573134328358265,,94.50895522388055,,94.50895522388055,,0.10493296230710884,0.1556984435319284,12.0
3,3,601,765,3,7,602.0714285714286,768.0,14,33,6.6,21.071428571428555,,3.0,,3.0,,0.11904761904761896,0.004942339373970346,12.0
4,4,819,165,48,5,841.4977973568282,166.88546255506608,227,33,6.6,40.49779735682819,,604.114537444934,,604.114537444934,,0.23141598489616108,0.9952463549339933,14.0
4,4,871,165,71,8,897.0888888888888,167.9962962962963,270,33,6.6,96.08888888888885,,603.0037037037036,,603.0037037037036,,0.5490793650793648,0.9934163158215875,14.0
1,1,145,168,45,5,164.9738219895288,169.7068062827225,191,34,6.8,37.9738219895288,,611.2931937172775,,611.2931937172775,,0.19276051771334418,0.9955915207121784,15.0
1,1,190,168,16,4,197.1,169.18,50,34,6.8,70.1,,611.8199999999999,,611.8199999999999,,0.35583756345177664,0.9964495114006514,15.0
1,1,206,168,19,8,216.0126582278481,170.62025316455697,79,34,6.8,89.0126582278481,,610.379746835443,,610.379746835443,,0.45184090470988886,0.9941038222075619,15.0
1,1,222,168,47,13,244.12997347480106,173.75331564986737,377,34,6.8,117.12997347480106,,607.2466843501327,,607.2466843501327,,0.5945683932731018,0.9890011145767633,15.0
2,2,365,165,36,22,380.11623616236164,173.99630996309963,542,34,6.8,25.116236162361645,,605.0036900369004,,605.0036900369004,,0.12749358458051596,0.9837458374583746,17.0
2,2,398,165,41,14,418.05026455026456,170.36243386243387,378,34,6.8,63.05026455026456,,608.6375661375662,,608.6375661375662,,0.32005210431606373,0.9896545790854735,17.0
2,2,492,165,43,9,511.63599999999997,169.124,250,34,6.8,156.63599999999997,,609.876,,609.876,,0.7951065989847714,0.9916682926829268,17.0
2,2,443,167,51,15,467.19847328244276,174.32569974554707,393,34,6.8,112.19847328244276,,604.6743002544529,,604.6743002544529,,0.5695353973728059,0.9832102443161835,17.0
3,3,599,165,57,9,630.027027027027,169.3093093093093,333,34,6.8,49.027027027026975,,601.6906906906906,,601.6906906906906,,0.2769888532600394,0.9912531971840044,12.0
3,3,656,165,86,14,697.1218130311615,170.22096317280455,706,34,6.8,116.12181303116154,,600.7790368271955,,600.7790368271955,,0.65605544085402,0.9897512962556761,12.0
3,3,590,598,23,52,599.89453125,612.26953125,512,34,6.8,18.89453125,,158.73046875,,158.73046875,,0.10674876412429378,0.2614999485172982,12.0
3,3,590,651,24,103,600.5017953321365,699.8761220825853,1114,34,6.8,19.501795332136453,,71.12387791741469,,71.12387791741469,,0.11017963464483872,0.11717278075356621,12.0
4,4,819,165,48,5,841.4977973568282,166.88546255506608,227,34,6.8,40.49779735682819,,604.114537444934,,604.114537444934,,0.23141598489616108,0.9952463549339933,14.0
4,4,871,165,70,8,896.7586206896551,168.04980842911877,261,34,6.8,95.75862068965512,,602.9501915708812,,602.9501915708812,,0.5471921182266006,0.9933281574479097,14.0
1,1,145,168,45,6,164.88717948717948,169.73846153846154,195,35,7.0,37.88717948717948,,611.2615384615385,,611.2615384615385,,0.19232070805674864,0.9955399649210726,15.0
1,1,190,168,21,4,199.0,169.11864406779662,59,35,7.0,72.0,,611.8813559322034,,611.8813559322034,,0.36548223350253806,0.9965494396289958,15.0
1,1,212,168,57,13,240.47963800904978,173.4185520361991,442,35,7.0,113.47963800904978,,607.5814479638009,,607.5814479638009,,0.576038771619542,0.9895463321886008,15.0
1,1,269,168,39,5,288.68553459119494,169.61635220125785,159,35,7.0,161.68553459119494,,611.3836477987421,,611.3836477987421,,0.8207387542700251,0.9957388400630979,15.0
2,2,365,165,37,22,380.32481751824815,173.9689781021898,548,35,7.0,25.324817518248153,,605.0310218978102,,605.0310218978102,,0.12855237318907692,0.9837902795086345,17.0
2,2,399,165,39,14,418.84823848238483,170.3658536585366,369,35,7.0,63.84823848238483,,608.6341463414634,,608.6341463414634,,0.32410273341312096,0.989649018441404,17.0
2,2,491,165,44,9,510.834008097166,168.9757085020243,247,35,7.0,155.83400809716602,,610.0242914979757,,610.0242914979757,,0.7910355740972894,0.9919094170698792,17.0
2,2,443,167,50,15,466.76982097186703,174.383631713555,391,35,7.0,111.76982097186703,,604.616368286445,,604.616368286445,,0.567359497319122,0.9831160459942195,17.0
3,3,599,165,58,9,630.1941176470589,169.36764705882354,340,35,7.0,49.194117647058874,,601.6323529411765,,601.6323529411765,,0.2779328680624795,0.9911570888652002,12.0
3,3,657,165,85,14,697.3794579172611,170.20970042796006,701,35,7.0,116.3794579172611,,600.7902995720399,,600.7902995720399,,0.6575110616794413,0.9897698510247774,12.0
3,3,590,598,23,53,599.8927875243664,612.3430799220273,513,35,7.0,18.89278752436644,,158.6569200779727,,158.6569200779727,,0.10673891256704203,0.26137878101807693,12.0
3,3,590,651,24,104,600.4986474301172,705.5798016230839,1109,35,7.0,19.498647430117217,,65.42019837691612,,65.42019837691612,,0.11016184988766789,0.10777627409706116,12.0
3,3,601,763,4,9,602.0769230769231,767.7307692307693,26,35,7.0,21.076923076923094,,3.2692307692307168,,3.2692307692307168,,0.1190786614515429,0.005385882651121445,12.0
4,4,818,164,50,7,841.8018575851393,166.76160990712074,323,35,7.0,40.80185758513926,,604.2383900928793,,604.2383900928793,,0.23315347191508148,0.9954503955401636,15.0
4,4,870,164,75,10,900.3851851851852,167.6641975308642,405,35,7.0,99.38518518518515,,603.3358024691358,,603.3358024691358,,0.5679153439153437,0.9939634307564017,15.0
1,1,145,168,27,6,156.7377049180328,169.85245901639345,122,36,7.2,29.73770491803279,,611.1475409836065,,611.1475409836065,,0.15095281684280604,0.9953543012762321,15.0
1,1,172,168,35,4,188.48818897637796,169.41732283464566,127,36,7.2,61.488188976377955,,611.5826771653543,,611.5826771653543,,0.3121227866821216,0.9960629921259843,15.0
1,1,207,168,20,9,217.63095238095238,170.9047619047619,84,36,7.2,90.63095238095238,,610.0952380952381,,610.0952380952381,,0.46005559584239786,0.9936404529238405,15.0
1,1,224,168,84,13,258.32897196261683,172.41308411214953,535,36,7.2,131.32897196261683,,608.5869158878504,,608.5869158878504,,0.6666445277290195,0.9911839020974762,15.0
2,2,373,165,34,21,388.8172888015717,173.60707269155205,509,36,7.2,33.81728880157169,,605.392927308448,,605.392927308448,,0.1716613644749832,0.9843787435909723,17.0
2,2,404,165,34,14,420.0205882352941,170.24117647058824,340,36,7.2,65.0205882352941,,608.7588235294118,,608.7588235294118,,0.3300537473872797,0.9898517455762793,17.0
2,2,489,165,47,9,510.8392857142857,169.2107142857143,280,36,7.2,155.83928571428572,,609.7892857142857,,609.7892857142857,,0.7910623640319072,0.991527293844367,17.0
2,2,443,166,49,16,466.13101604278074,174.47326203208556,374,36,7.2,111.13101604278074,,604.5267379679144,,604.5267379679144,,0.5641168327044708,0.9829703056388852,17.0
3,3,599,165,59,9,630.7225433526012,169.21965317919074,346,36,7.2,49.72254335260118,,601.7803468208092,,601.7803468208092,,0.28091832402599537,0.9914009008580053,12.0
3,3,657,165,85,14,697.5071225071225,170.16096866096865,702,36,7.2,116.50712250712252,,600.8390313390314,,600.8390313390314,,0.6582323305487148,0.9898501340016992,12.0
3,3,599,612,3,76,599.4032258064516,655.6129032258065,124,36,7.2,18.403225806451587,,115.38709677419354,,115.38709677419354,,0.10397302715509371,0.1900940638784078,12.0
3,3,599,689,4,51,600.0202702702703,713.9459459459459,148,36,7.2,19.020270270270316,,57.05405405405406,,57.05405405405406,,0.10745915406932383,0.09399349926532795,12.0
3,3,599,740,3,15,600.0625,746.0625,32,36,7.2,19.0625,,24.9375,,24.9375,,0.10769774011299435,0.0410831960461285,12.0
3,3,601,766,4,6,602.1111111111111,768.9444444444445,18,36,7.2,21.111111111111086,,2.055555555555543,,2.055555555555543,,0.11927181418706828,0.003386417719201883,12.0
4,4,819,165,49,5,842.7066115702479,166.9793388429752,242,36,7.2,41.7066115702479,,604.0206611570247,,604.0206611570247,,0.23832349468713085,0.995091698775988,14.0
4,4,870,165,68,8,896.2862595419847,168.09923664122138,262,36,7.2,95.28625954198469,,602.9007633587786,,602.9007633587786,,0.5444929116684839,0.9932467271149565,14.0
4,4,945,164,12,2,950.2,164.4,20,36,7.2,149.20000000000005,,606.6,,606.6,,0.8525714285714289,0.999341021416804,14.0
1,1,145,168,30,6,158.1044776119403,169.82089552238807,134,37,7.4,31.104477611940297,,611.1791044776119,,611.1791044776119,,0.15789074929918934,0.9954057076182604,15.0
1,1,175,168,32,4,190.0,169.40869565217392,115,37,7.4,63.0,,611.591304347826,,611.591304347826,,0.3197969543147208,0.9960770429117688,15.0
1,1,207,168,19,8,217.2278481012658,170.70886075949366,79,37,7.4,90.2278481012658,,610.2911392405064,,610.2911392405064,,0.45800938122469953,0.9939595101636911,15.0
1,1,223,168,46,13,244.53225806451613,173.7231182795699,372,37,7.4,117.53225806451613,,607.2768817204301,,607.2768817204301,,0.5966104470280007,0.9890502959616125,15.0
2,2,364,165,35,22,378.97583643122675,174.00557620817844,538,37,7.4,23.975836431226753,,604.9944237918215,,604.9944237918215,,0.12170475345800383,0.9837307703932058,17.0
2,2,397,165,41,14,416.8715365239295,170.2418136020151,397,37,7.4,61.87153652392948,,608.7581863979849,,608.7581863979849,,0.314068713319439,0.9898507095902194,17.0
2,2,489,165,47,9,510.96654275092936,169.15613382899627,269,37,7.4,155.96654275092936,,609.8438661710037,,609.8438661710037,,0.7917083388372049,0.9916160425544776,17.0
2,2,443,166,49,16,466.1220159151194,174.45358090185675,377,37,7.4,111.12201591511939,,604.5464190981432,,604.5464190981432,,0.5640711467772558,0.9830023074766557,17.0
3,3,599,165,59,9,630.4273504273505,169.25071225071224,351,37,7.4,49.42735042735046,,601.7492877492878,,601.7492877492878,,0.2792505673861608,0.9913497327006389,12.0
3,3,657,165,85,14,697.2881597717546,170.20542082738945,701,37,7.4,116.28815977175464,,600.7945791726106,,600.7945791726106,,0.6569952529477663,0.9897769014375792,12.0
3,3,599,609,3,79,599.3474576271186,654.4830508474577,118,37,7.4,18.347457627118615,,116.51694915254234,,116.51694915254234,,0.10365795269558539,0.19195543517717023,12.0
3,3,599,689,4,49,600.0993377483444,714.0927152317881,151,37,7.4,19.099337748344396,,56.907284768211866,,56.907284768211866,,0.10790586298499659,0.09375170472522548,12.0
3,3,599,738,3,18,600.2162162162163,745.972972972973,37,37,7.4,19.216216216216253,,25.027027027026975,,25.027027027026975,,0.10856619331195623,0.041230687029698475,12.0
3,3,601,767,4,5,602.1875,769.3125,16,37,7.4,21.1875,,1.6875,,1.6875,,0.11970338983050847,0.0027800658978583198,12.0
4,4,818,164,50,7,841.8617647058824,166.92352941176472,340,37,7.4,40.861764705882365,,604.0764705882352,,604.0764705882352,,0.2334957983193278,0.9951836418257582,14.0
4,4,869,164,92,10,904.0021929824561,167.49780701754386,456,37,7.4,103.00219298245611,,603.5021929824561,,603.5021929824561,,0.5885839598997492,0.9942375502182144,14.0
1,1,145,168,62,6,172.47081712062257,169.66536964980546,257,38,7.6,45.47081712062257,,611.3346303501945,,611.3346303501945,,0.2308163305615359,0.9956590070850073,15.0
1,1,207,168,18,8,216.88157894736844,170.5921052631579,76,38,7.6,89.88157894736844,,610.4078947368421,,610.4078947368421,,0.45625166978359616,0.9941496656951826,15.0
1,1,223,168,85,13,257.82472324723244,172.45940959409594,542,38,7.6,130.82472324723244,,608.540590405904,,608.540590405904,,0.6640848895798601,0.9911084534298111,15.0
2,2,365,165,37,22,380.32481751824815,173.9689781021898,548,38,7.6,25.324817518248153,,605.0310218978102,,605.0310218978102,,0.12855237318907692,0.9837902795086345,17.0
2,2,399,165,39,14,419.0817438692098,170.34877384196184,367,38,7.6,64.08174386920979,,608.6512261580382,,608.6512261580382,,0.32528803994522737,0.9896767905008751,17.0
2,2,489,165,47,9,510.60649819494586,169.23826714801444,277,38,7.6,155.60649819494586,,609.7617328519856,,609.7617328519856,,0.7898807014971871,0.991482492442253,17.0
2,2,443,166,49,16,466.0767195767196,174.47883597883597,378,38,7.6,111.0767195767196,,604.521164021164,,604.521164021164,,0.5638412161254802,0.9829612423108358,17.0
3,3,599,165,56,9,629.8559077809798,169.28242074927954,347,38,7.6,48.855907780979805,,601.7175792507205,,601.7175792507205,,0.27602207785864297,0.991297494646986,12.0
3,3,655,165,87,14,696.6189111747851,170.22636103151862,698,38,7.6,115.61891117478513,,600.7736389684814,,600.7736389684814,,0.6532141874281645,0.9897424035724569,12.0
3,3,599,610,3,80,599.3983739837398,657.2357723577236,123,38,7.6,18.398373983739816,,113.76422764227641,,113.76422764227641,,0.1039456157273436,0.18742047387524943,12.0
3,3,599,691,4,46,600.0780141843971,714.0709219858156,141,38,7.6,19.078014184397148,,56.92907801418437,,56.92907801418437,,0.10778539087230027,0.09378760793111099,12.0
3,3,599,737,3,19,600.2972972972973,745.1081081081081,37,38,7.6,19.29729729729729,,25.891891891891873,,25.891891891891873,,0.1090242785158039,0.04265550558796025,12.0
3,3,601,765,4,7,602.1428571428571,768.5714285714286,21,38,7.6,21.14285714285711,,2.428571428571445,,2.428571428571445,,0.11945117029862774,0.004000941397976021,12.0
4,4,818,164,50,7,841.7337278106509,166.91420118343194,338,38,7.6,40.73372781065086,,604.0857988165681,,604.0857988165681,,0.23276415891800492,0.9951990095824844,14.0
4,4,869,164,83,10,901.6503496503497,167.57109557109558,429,38,7.6,100.65034965034965,,603.4289044289044,,603.4289044289044,,0.5751448551448551,0.9941168112502543,14.0
1,1,145,168,62,6,172.5511811023622,169.64173228346456,254,39,7.8,45.55118110236219,,611.3582677165355,,611.3582677165355,,0.23122426955513803,0.9956975044243248,15.0
1,1,207,168,18,8,216.73972602739724,170.65753424657535,73,39,7.8,89.73972602739724,,610.3424657534247,,610.3424657534247,,0.455531604199986,0.9940431038329393,15.0
1,1,222,168,48,13,244.53034300791558,173.73614775725594,379,39,7.8,117.53034300791558,,607.2638522427441,,607.2638522427441,,0.5966007259285054,0.9890290753139154,15.0
1,1,270,168,38,5,289.0509554140127,169.63057324840764,157,39,7.8,162.05095541401272,,611.3694267515923,,611.3694267515923,,0.8225936823046331,0.9957156787485216,15.0
2,2,373,165,66,12,407.6223175965665,170.40557939914163,466,39,7.8,52.62231759656652,,608.5944206008584,,608.5944206008584,,0.2671183634343478,0.9895844237412331,17.0
2,2,490,165,45,9,511.1941391941392,169.24542124542126,273,39,7.8,156.1941391941392,,609.7545787545787,,609.7545787545787,,0.7928636507316711,0.9914708597635425,17.0
2,2,460,166,33,15,474.28915662650604,172.86345381526104,249,39,7.8,119.28915662650604,,606.136546184739,,606.136546184739,,0.6055287138401322,0.9855878799751854,17.0
2,2,442,173,21,9,452.7443609022556,177.15037593984962,133,39,7.8,97.74436090225561,,601.8496240601504,,601.8496240601504,,0.49616426853936857,0.9786172748945535,17.0
3,3,599,165,56,9,629.371104815864,169.25779036827197,353,39,7.8,48.37110481586399,,601.742209631728,,601.742209631728,,0.2732830780557287,0.9913380718809357,12.0
3,3,655,165,87,14,696.4799426934097,170.26934097421204,698,39,7.8,115.47994269340973,,600.730659025788,,600.730659025788,,0.6524290547650267,0.9896715964181021,12.0
3,3,599,611,3,79,599.4262295081967,658.704918032787,122,39,7.8,18.426229508196684,,112.29508196721304,,112.29508196721304,,0.10410299157173268,0.1850001350365948,12.0
3,3,599,691,4,49,600.1258278145696,715.3509933774834,151,39,7.8,19.12582781456956,,55.649006622516595,,55.649006622516595,,0.10805552437609922,0.09167875885093343,12.0
3,3,599,740,3,15,600.1724137931035,745.8620689655172,29,39,7.8,19.172413793103487,,25.13793103448279,,25.13793103448279,,0.10831872199493496,0.041413395443958466,12.0
3,3,601,768,4,4,602.4,769.6,15,39,7.8,21.399999999999977,,1.3999999999999773,,1.3999999999999773,,0.12090395480225975,0.002306425041186124,12.0
4,4,818,164,50,7,841.8082595870206,166.91445427728613,339,39,7.8,40.80825958702064,,604.0855457227138,,604.0855457227138,,0.2331900547829751,0.9951985926239107,14.0
4,4,869,164,84,10,901.5389908256881,167.58256880733944,436,39,7.8,100.53899082568807,,603.4174311926606,,603.4174311926606,,0.5745085190039319,0.9940979097078428,14.0
1,1,145,168,47,6,166.065,169.715,200,40,8.0,39.065,,611.285,,611.285,,0.19829949238578679,0.9955781758957655,15.0
1,1,192,168,15,4,198.27659574468086,169.2127659574468,47,40,8.0,71.27659574468086,,611.7872340425532,,611.7872340425532,,0.3618101306836592,0.9963961466491095,15.0
1,1,207,168,19,8,217.06578947368422,170.75,76,40,8.0,90.06578947368422,,610.25,,610.25,,0.45718674859738184,0.9938925081433225,15.0
1,1,223,168,46,13,244.4696132596685,173.74309392265192,362,40,8.0,117.4696132596685,,607.256906077348,,607.256906077348,,0.596292453094764,0.9890177623409577,15.0
2,2,373,165,32,21,387.248496993988,173.59118236472946,499,40,8.0,32.248496993988,,605.4088176352706,,605.4088176352706,,0.16369795428420303,0.9844045815207652,17.0
2,2,403,165,35,14,418.9685714285714,170.24285714285713,350,40,8.0,63.96857142857141,,608.7571428571429,,608.7571428571429,,0.3247135605511239,0.989849012775842,17.0
2,2,490,165,44,9,511.1413043478261,169.34420289855072,276,40,8.0,156.14130434782612,,609.6557971014493,,609.6557971014493,,0.7925954535422646,0.9913102391893484,17.0
2,2,443,167,50,15,466.5272727272727,174.47272727272727,385,40,8.0,111.5272727272727,,604.5272727272727,,604.5272727272727,,0.566128287955699,0.9829711751662971,17.0
3,3,599,165,59,9,630.2331460674158,169.35955056179776,356,40,8.0,49.23314606741576,,601.6404494382023,,601.6404494382023,,0.2781533676125184,0.9911704274105474,12.0
3,3,657,165,85,14,697.1482014388489,170.2158273381295,695,40,8.0,116.1482014388489,,600.7841726618706,,600.7841726618706,,0.6562045279031011,0.9897597572683206,12.0
3,3,599,610,3,72,599.2755102040817,651.8469387755101,98,40,8.0,18.275510204081684,,119.15306122448987,,119.15306122448987,,0.10325147007955754,0.1962982886729652,12.0
3,3,599,683,3,8,599.7777777777778,686.0555555555555,18,40,8.0,18.77777777777783,,84.94444444444446,,84.94444444444446,,0.10608913998744536,0.13994142412593816,12.0
3,3,599,691,4,49,600.0277777777778,715.2847222222222,144,40,8.0,19.02777777777783,,55.71527777777783,,55.71527777777783,,0.10750156936597643,0.09178793703093546,12.0
3,3,599,741,3,14,600.2727272727273,746.969696969697,33,40,8.0,19.272727272727252,,24.030303030303003,,24.030303030303003,,0.10888546481766809,0.03958863761170182,12.0
3,3,601,765,4,7,602.2608695652174,768.4782608695652,23,40,8.0,21.260869565217376,,2.521739130434753,,2.521739130434753,,0.12011790714812078,0.0041544301984098074,12.0
4,4,819,165,49,5,841.8922413793103,166.91810344827587,232,40,8.0,40.89224137931035,,604.0818965517242,,604.0818965517242,,0.23366995073891628,0.9951925808100893,14.0
4,4,868,165,74,8,895.8148148148148,168.04814814814816,270,40,8.0,94.81481481481478,,602.9518518518519,,602.9518518518519,,0.5417989417989416,0.9933308926719141,14.0
1,1,145,168,59,6,170.79237288135593,169.61016949152543,236,41,8.2,43.79237288135593,,611.3898305084746,,611.3898305084746,,0.2222963090424159,0.9957489096229227,15.0
1,1,203,168,22,8,215.5375,170.3875,80,41,8.2,88.5375,,610.6125,,610.6125,,0.44942893401015227,0.9944828990228012,15.0
1,1,222,168,48,13,244.17066666666665,173.73866666666666,375,41,8.2,117.17066666666665,,607.2613333333334,,607.2613333333334,,0.5947749576988155,0.9890249728555918,15.0
1,1,270,168,38,6,289.1614906832298,169.72670807453417,161,41,8.2,162.16149068322977,,611.2732919254659,,611.2732919254659,,0.8231547750417755,0.9955591073704656,15.0
2,2,373,165,65,12,407.6637554585153,170.27947598253274,458,41,8.2,52.66375545851531,,608.7205240174673,,608.7205240174673,,0.26732870791124524,0.9897894699471013,17.0
2,2,490,165,46,9,511.5285171102662,169.20152091254752,263,41,8.2,156.5285171102662,,609.7984790874525,,609.7984790874525,,0.7945610005597269,0.991542242418622,17.0
2,2,442,165,51,17,466.75447570332483,174.3222506393862,391,41,8.2,111.75447570332483,,604.6777493606138,,604.6777493606138,,0.5672816025549484,0.9832158526188842,17.0
3,3,599,165,58,9,630.0226628895184,169.31444759206798,353,41,8.2,49.022662889518415,,601.685552407932,,601.685552407932,,0.27696419711592324,0.9912447321382736,12.0
3,3,657,165,85,14,697.0457142857143,170.2,700,41,8.2,116.04571428571433,,600.8,,600.8,,0.655625504439064,0.9897858319604612,12.0
3,3,598,570,2,7,598.4615384615385,572.7692307692307,13,41,8.2,17.461538461538453,,198.23076923076928,,198.23076923076928,,0.09865275966970877,0.3265745786338868,12.0
3,3,599,609,3,82,599.4469696969697,657.6060606060606,132,41,8.2,18.446969696969745,,113.39393939393938,,113.39393939393938,,0.10422016777949009,0.18681044381209122,12.0
3,3,599,691,4,49,600.0277777777778,715.2847222222222,144,41,8.2,19.02777777777783,,55.71527777777783,,55.71527777777783,,0.10750156936597643,0.09178793703093546,12.0
3,3,599,741,3,14,600.4,747.1666666666666,30,41,8.2,19.399999999999977,,23.83333333333337,,23.83333333333337,,0.10960451977401117,0.03926414058209781,12.0
3,3,601,765,4,7,602.2608695652174,768.4782608695652,23,41,8.2,21.260869565217376,,2.521739130434753,,2.521739130434753,,0.12011790714812078,0.0041544301984098074,12.0
4,4,818,164,50,7,841.8220858895705,166.80061349693253,326,41,8.2,40.82208588957053,,604.1993865030674,,604.1993865030674,,0.23326906222611732,0.9953861392142791,15.0
4,4,870,164,83,10,901.6866028708134,167.5311004784689,418,41,8.2,100.68660287081343,,603.4688995215311,,603.4688995215311,,0.5753520164046482,0.9941827010239391,15.0
1,1,145,168,59,6,171.09053497942386,169.64197530864197,243,42,8.4,44.090534979423865,,611.358024691358,,611.358024691358,,0.223809822230578,0.9956971086178469,15.0
1,1,204,168,22,8,216.19277108433735,170.6024096385542,83,42,8.4,89.19277108433735,,610.3975903614457,,610.3975903614457,,0.45275518316922514,0.9941328833248302,15.0
1,1,223,168,50,13,245.0130890052356,173.6020942408377,382,42,8.4,118.0130890052356,,607.3979057591623,,607.3979057591623,,0.5990512132245462,0.989247403516551,15.0
1,1,273,168,35,5,290.5036496350365,169.56204379562044,137,42,8.4,163.50364963503648,,611.4379562043796,,611.4379562043796,,0.8299677646448552,0.9958272902351459,15.0
2,2,373,165,66,12,407.70152505446623,170.3050108932462,459,42,8.4,52.70152505446623,,608.6949891067538,,608.6949891067538,,0.26752043174855955,0.9897479497670794,17.0
2,2,491,165,44,9,511.695652173913,169.1699604743083,253,42,8.4,156.695652173913,,609.8300395256917,,609.8300395256917,,0.7954094018980356,0.9915935602043768,17.0
2,2,442,167,52,15,467.04615384615386,174.3948717948718,390,42,8.4,112.04615384615386,,604.6051282051283,,604.6051282051283,,0.5687622022647404,0.983097769439233,17.0
3,3,599,165,58,9,630.0461095100865,169.30547550432277,347,42,8.4,49.04610951008647,,601.6945244956772,,601.6945244956772,,0.2770966638987936,0.9912595131724501,12.0
3,3,657,165,85,14,697.23,170.21142857142857,700,42,8.4,116.23000000000002,,600.7885714285715,,600.7885714285715,,0.6566666666666667,0.9897670040009414,12.0
3,3,599,608,3,82,599.3361344537815,656.0504201680671,119,42,8.4,18.336134453781483,,114.94957983193285,,114.94957983193285,,0.10359397996486713,0.18937327814156976,12.0
3,3,599,691,3,64,600.0982658959538,720.2890173410404,173,42,8.4,19.098265895953773,,50.71098265895955,,50.71098265895955,,0.10789980732177273,0.08354362876270108,12.0
3,3,601,765,4,7,602.0,768.3,20,42,8.4,21.0,,2.7000000000000455,,2.7000000000000455,,0.11864406779661017,0.004448105436573386,12.0
4,4,818,164,50,7,841.6458333333334,166.88690476190476,336,42,8.4,40.64583333333337,,604.1130952380952,,604.1130952380952,,0.23226190476190497,0.9952439789754451,14.0
4,4,869,164,83,10,901.2733644859813,167.5981308411215,428,42,8.4,100.27336448598135,,603.4018691588785,,603.4018691588785,,0.5729906542056077,0.9940722720904094,14.0
1,1,145,168,59,6,170.54918032786884,169.68852459016392,244,43,8.6,43.54918032786884,,611.311475409836,,611.311475409836,,0.22106182907547633,0.995621295455759,15.0
1,1,203,168,23,9,216.19780219780222,170.6813186813187,91,43,8.6,89.19780219780222,,610.3186813186813,,610.3186813186813,,0.4527807218162549,0.9940043669685363,15.0
1,1,223,168,47,13,244.5495978552279,173.75067024128685,373,43,8.6,117.54959785522789,,607.2493297587132,,607.2493297587132,,0.5966984662701923,0.9890054230597934,15.0
1,1,270,168,38,6,289.5350318471337,169.70063694267515,157,43,8.6,162.53503184713372,,611.2993630573249,,611.2993630573249,,0.8250509230818971,0.9956015684972718,15.0
2,2,373,165,66,12,407.3446088794926,170.28541226215646,473,43,8.6,52.344608879492625,,608.7145877378435,,608.7145877378435,,0.265708674515191,0.9897798174599082,17.0
2,2,491,165,44,9,511.67910447761193,169.19776119402985,268,43,8.6,156.67910447761193,,609.8022388059701,,609.8022388059701,,0.7953254034396544,0.9915483557820652,17.0
2,2,461,167,33,14,475.04508196721315,172.74180327868854,244,43,8.6,120.04508196721315,,606.2581967213115,,606.2581967213115,,0.6093658983107266,0.9857856857257098,17.0
2,2,442,173,22,9,453.3357142857143,177.17857142857142,140,43,8.6,98.33571428571429,,601.8214285714286,,601.8214285714286,,0.49916606236403194,0.9785714285714285,17.0
3,3,599,165,56,9,629.8538011695906,169.28947368421052,342,43,8.6,48.85380116959061,,601.7105263157895,,601.7105263157895,,0.276010176099382,0.9912858753143154,12.0
3,3,655,165,87,14,696.9787535410765,170.23512747875355,706,43,8.6,115.97875354107646,,600.7648725212464,,600.7648725212464,,0.6552471951473247,0.9897279613200105,12.0
3,3,590,596,23,59,599.8859315589353,611.3403041825095,526,43,8.6,18.88593155893534,,159.6596958174905,,159.6596958174905,,0.10670017829906972,0.26303080035830395,12.0
3,3,590,655,24,100,600.5127970749543,710.1416819012798,1094,43,8.6,19.51279707495428,,60.85831809872025,,60.85831809872025,,0.11024179138392248,0.1002608205909724,12.0
3,3,601,765,4,7,602.2608695652174,768.4782608695652,23,43,8.6,21.260869565217376,,2.521739130434753,,2.521739130434753,,0.12011790714812078,0.0041544301984098074,12.0
4,4,818,164,50,7,841.7692307692307,166.90532544378698,338,43,8.6,40.76923076923072,,604.094674556213,,604.094674556213,,0.23296703296703267,0.9952136318883246,14.0
4,4,870,164,83,10,902.039534883721,167.56976744186048,430,43,8.6,101.03953488372099,,603.4302325581396,,603.4302325581396,,0.57736877076412,0.9941189992720586,14.0
1,1,145,168,64,6,172.228,169.576,250,44,8.8,45.22800000000001,,611.424,,611.424,,0.22958375634517772,0.9958045602605863,15.0
1,1,210,168,15,8,217.44776119402985,170.83582089552237,67,44,8.8,90.44776119402985,,610.1641791044776,,610.1641791044776,,0.45912569134025305,0.9937527346978463,15.0
1,1,222,168,49,13,244.7578947368421,173.67105263157896,380,44,8.8,117.7578947368421,,607.328947368421,,607.328947368421,,0.5977558108469142,0.9891350934339105,15.0
1,1,271,168,37,6,289.6283783783784,169.6418918918919,148,44,8.8,162.6283783783784,,611.3581081081081,,611.3581081081081,,0.8255247633420223,0.9956972444757461,15.0
2,2,373,165,67,13,407.4867617107943,170.35234215885947,491,44,8.8,52.486761710794326,,608.6476578411405,,608.6476578411405,,0.2664302624913418,0.989670988359578,16.0
2,2,490,165,46,9,511.2423208191126,169.2320819112628,293,44,8.8,156.2423208191126,,609.7679180887371,,609.7679180887371,,0.7931082275081858,0.991492549737784,16.0
2,2,441,167,52,15,466.2435897435897,174.47179487179488,390,44,8.8,111.24358974358972,,604.5282051282052,,604.5282051282052,,0.5646882728101001,0.9829726912653742,16.0
3,3,599,165,59,9,630.4240687679084,169.34097421203438,349,44,8.8,49.42406876790835,,601.6590257879657,,601.6590257879657,,0.27923202693733534,0.9912010309521675,12.0
3,3,657,165,85,14,697.5171919770773,170.19914040114614,698,44,8.8,116.51719197707735,,600.8008595988539,,600.8008595988539,,0.6582892202094766,0.9897872481035485,12.0
3,3,599,608,3,135,599.7220077220077,691.1389961389962,259,44,8.8,18.722007722007675,,79.86100386100384,,79.86100386100384,,0.10577405492659703,0.1315667279423457,12.0
3,3,599,744,3,10,600.1428571428571,748.1904761904761,21,44,8.8,19.14285714285711,,22.809523809523853,,22.809523809523853,,0.10815173527037915,0.03757746920844127,12.0
3,3,601,765,4,7,602.2916666666666,768.375,24,44,8.8,21.29166666666663,,2.625,,2.625,,0.12029190207156287,0.0043245469522240525,12.0
4,4,819,165,49,5,841.9570815450644,166.92703862660943,233,44,8.8,40.9570815450644,,604.0729613733906,,604.0729613733906,,0.23404046597179656,0.9951778605821922,14.0
4,4,868,165,71,8,895.8257575757576,168.03787878787878,264,44,8.8,94.82575757575762,,602.9621212121212,,602.9621212121212,,0.5418614718614722,0.9933478108931157,14.0
4,4,946,164,6,2,948.5,164.4,10,44,8.8,147.5,,606.6,,606.6,,0.8428571428571429,0.999341021416804,14.0
4,4,955,164,6,3,957.3333333333334,164.58333333333334,12,44,8.8,156.33333333333337,,606.4166666666666,,606.4166666666666,,0.8933333333333335,0.9990389895661723,14.0
1,1,145,168,58,5,170.61764705882354,169.6386554621849,238,45,9.0,43.617647058823536,,611.3613445378151,,611.3613445378151,,0.22140937593311438,0.9957025155339008,15.0
1,1,203,168,23,8,215.5978260869565,170.5,92,45,9.0,88.5978260869565,,610.5,,610.5,,0.44973515780180967,0.994299674267101,15.0
1,1,223,168,47,13,244.7211796246649,173.6809651474531,373,45,9.0,117.7211796246649,,607.3190348525469,,607.3190348525469,,0.5975694397191111,0.989118949271249,15.0
1,1,270,168,38,6,289.3481012658228,169.70886075949366,158,45,9.0,162.34810126582278,,611.2911392405064,,611.2911392405064,,0.8241020368823492,0.9955881746588051,15.0
2,2,365,165,34,22,379.81050656660415,174.03001876172607,533,45,9.0,24.810506566604147,,604.9699812382739,,604.9699812382739,,0.12594165769849822,0.9836910264036974,17.0
2,2,397,165,41,14,416.83673469387753,170.27551020408163,392,45,9.0,61.83673469387753,,608.7244897959183,,608.7244897959183,,0.3138920542836423,0.9897959183673468,17.0
2,2,490,165,45,9,511.04477611940297,169.294776119403,268,45,9.0,156.04477611940297,,609.705223880597,,609.705223880597,,0.7921054625350404,0.9913906079359301,17.0
2,2,443,167,49,15,466.5558510638298,174.40159574468086,376,45,9.0,111.55585106382978,,604.5984042553191,,604.5984042553191,,0.5662733556539583,0.9830868361875107,17.0
3,3,599,165,56,9,630.0028901734104,169.3121387283237,346,45,9.0,49.00289017341038,,601.6878612716763,,601.6878612716763,,0.27685248685542585,0.991248535867671,12.0
3,3,655,165,87,14,697.2110481586402,170.21388101983004,706,45,9.0,116.21104815864021,,600.7861189801699,,600.7861189801699,,0.6565595941166114,0.9897629637235089,12.0
3,3,590,608,24,120,600.4627949183304,695.456442831216,1102,45,9.0,19.46279491833036,,75.54355716878399,,75.54355716878399,,0.10995929332390034,0.12445396568168697,12.0
3,3,590,729,24,28,600.5708661417323,742.0019685039371,508,45,9.0,19.570866141732267,,28.998031496062936,,28.998031496062936,,0.11056986520752693,0.04777270427687469,12.0
3,3,601,765,4,7,602.3846153846154,768.1923076923077,26,45,9.0,21.38461538461536,,2.807692307692264,,2.807692307692264,,0.12081703607127321,0.004625522747433713,12.0
4,4,819,165,51,5,842.5,166.93697478991598,238,45,9.0,41.5,,604.063025210084,,604.063025210084,,0.23714285714285716,0.9951614912851466,14.0
4,4,870,165,73,8,896.92673992674,167.98534798534797,273,45,9.0,95.92673992673997,,603.014652014652,,603.014652014652,,0.5481527995813713,0.9934343525776804,14.0
4,4,946,164,6,2,948.5,164.4,10,45,9.0,147.5,,606.6,,606.6,,0.8428571428571429,0.999341021416804,14.0
4,4,955,164,6,3,957.3333333333334,164.58333333333334,12,45,9.0,156.33333333333337,,606.4166666666666,,606.4166666666666,,0.8933333333333335,0.9990389895661723,14.0
1,1,145,168,61,6,172.25396825396825,169.6468253968254,252,46,9.2,45.25396825396825,,611.3531746031746,,611.3531746031746,,0.22971557489323988,0.9956892094514244,15.0
1,1,206,168,19,8,216.43243243243245,170.54054054054055,74,46,9.2,89.43243243243245,,610.4594594594595,,610.4594594594595,,0.4539717382356977,0.9942336473281099,15.0
1,1,222,168,48,13,244.41286863270778,173.68900804289544,373,46,9.2,117.41286863270778,,607.3109919571045,,607.3109919571045,,0.5960044093030852,0.9891058500930041,15.0
1,1,270,168,38,6,289.30967741935484,169.65806451612903,155,46,9.2,162.30967741935484,,611.341935483871,,611.341935483871,,0.8239069919764205,0.9956709046968583,15.0
2,2,365,165,34,22,379.81050656660415,174.03001876172607,533,46,9.2,24.810506566604147,,604.9699812382739,,604.9699812382739,,0.12594165769849822,0.9836910264036974,17.0
2,2,397,165,41,14,416.83673469387753,170.27551020408163,392,46,9.2,61.83673469387753,,608.7244897959183,,608.7244897959183,,0.3138920542836423,0.9897959183673468,17.0
2,2,490,165,45,9,510.9325842696629,169.28838951310863,267,46,9.2,155.93258426966293,,609.7116104868913,,609.7116104868913,,0.7915359607597103,0.991400992661612,17.0
2,2,443,167,49,15,466.5,174.39627659574467,376,46,9.2,111.5,,604.6037234042553,,604.6037234042553,,0.565989847715736,0.9830954852101713,17.0
3,3,599,165,56,9,629.938596491228,169.2953216374269,342,46,9.2,48.938596491228054,,601.7046783625731,,601.7046783625731,,0.27648924571315286,0.9912762411245026,12.0
3,3,655,165,87,14,696.950495049505,170.2065063649222,707,46,9.2,115.95049504950498,,600.7934936350778,,600.7934936350778,,0.6550875426525705,0.9897751130726158,12.0
3,3,599,609,3,81,599.4,657.288,125,46,9.2,18.399999999999977,,113.71199999999999,,113.71199999999999,,0.10395480225988687,0.18733443163097196,12.0
3,3,599,691,4,66,600.0621468926554,720.6101694915254,177,46,9.2,19.06214689265539,,50.389830508474574,,50.389830508474574,,0.10769574515624515,0.08301454778990869,12.0
3,3,601,763,4,9,602.2903225806451,767.4516129032259,31,46,9.2,21.290322580645125,,3.5483870967741495,,3.5483870967741495,,0.12028430836522669,0.0058457777541584014,12.0
4,4,819,165,48,5,841.8318584070796,166.88053097345133,226,46,9.2,40.83185840707961,,604.1194690265487,,604.1194690265487,,0.23332490518331203,0.9952544794506568,14.0
4,4,871,165,71,8,896.9700374531835,167.93632958801498,267,46,9.2,95.97003745318352,,603.063670411985,,603.063670411985,,0.5484002140181915,0.9935151077627429,14.0
4,4,955,164,6,3,957.8333333333334,164.58333333333334,12,46,9.2,156.83333333333337,,606.4166666666666,,606.4166666666666,,0.8961904761904764,0.9990389895661723,14.0
1,1,145,168,60,6,171.24291497975707,169.66801619433198,247,47,9.4,44.242914979757074,,611.331983805668,,611.331983805668,,0.2245833247703405,0.9956546967519022,15.0
1,1,204,168,22,8,216.19277108433735,170.6024096385542,83,47,9.4,89.19277108433735,,610.3975903614457,,610.3975903614457,,0.45275518316922514,0.9941328833248302,15.0
1,1,223,168,47,13,244.73474801061008,173.78514588859417,377,47,9.4,117.73474801061008,,607.2148541114059,,607.2148541114059,,0.5976383147746704,0.988949273797078,15.0
1,1,270,168,38,6,289.0509554140127,169.656050955414,157,47,9.4,162.05095541401272,,611.343949044586,,611.343949044586,,0.8225936823046331,0.9956741841117036,15.0
2,2,365,165,34,22,379.81050656660415,174.03001876172607,533,47,9.4,24.810506566604147,,604.9699812382739,,604.9699812382739,,0.12594165769849822,0.9836910264036974,17.0
2,2,397,165,41,14,416.8854961832061,170.2824427480916,393,47,9.4,61.8854961832061,,608.7175572519084,,608.7175572519084,,0.3141395745340411,0.9897846459380624,17.0
2,2,490,165,45,9,511.3037037037037,169.26296296296297,270,47,9.4,156.30370370370372,,609.737037037037,,609.737037037037,,0.7934198157548412,0.9914423366455886,17.0
2,2,442,167,51,15,466.5260416666667,174.39322916666666,384,47,9.4,111.52604166666669,,604.6067708333334,,604.6067708333334,,0.5661220389170898,0.9831004403794038,17.0
3,3,599,165,57,9,630.0645161290322,169.31964809384164,341,47,9.4,49.0645161290322,,601.6803519061584,,601.6803519061584,,0.2772006560962271,0.9912361645900468,12.0
3,3,656,165,86,14,696.8388489208633,170.22302158273382,695,47,9.4,115.83884892086326,,600.7769784172662,,600.7769784172662,,0.6544567735641992,0.9897479051355291,12.0
3,3,599,611,4,135,599.7508650519031,692.401384083045,289,47,9.4,18.750865051903133,,78.59861591695505,,78.59861591695505,,0.10593709068871827,0.1294870113953131,12.0
3,3,599,747,3,10,600.2173913043479,750.8260869565217,23,47,9.4,19.21739130434787,,20.17391304347825,,20.17391304347825,,0.10857283222795407,0.033235441587278834,12.0
3,3,601,761,4,11,602.2,766.7714285714286,35,47,9.4,21.200000000000045,,4.228571428571399,,4.228571428571399,,0.11977401129943528,0.006966345022358154,12.0
4,4,819,165,48,5,841.6347826086957,166.91739130434783,230,47,9.4,40.63478260869567,,604.0826086956522,,604.0826086956522,,0.23219875776397528,0.9951937540290811,14.0
4,4,871,165,69,8,896.6603773584906,168.011320754717,265,47,9.4,95.66037735849056,,602.988679245283,,602.988679245283,,0.5466307277628032,0.9933915638307793,14.0
1,1,145,168,51,6,166.4142857142857,169.71428571428572,210,48,9.6,39.41428571428571,,611.2857142857142,,611.2857142857142,,0.20007251631617112,0.9955793392275476,15.0
1,1,196,168,31,9,212.82608695652175,170.3913043478261,115,48,9.6,85.82608695652175,,610.6086956521739,,610.6086956521739,,0.43566541602295306,0.9944767030165699,15.0
1,1,224,168,45,13,244.59831460674155,173.68820224719101,356,48,9.6,117.59831460674155,,607.311797752809,,607.311797752809,,0.596945759425084,0.9891071624638582,15.0
1,1,269,168,39,5,288.16107382550337,169.5234899328859,149,48,9.6,161.16107382550337,,611.4765100671141,,611.4765100671141,,0.8180765168807277,0.9958900815425311,15.0
2,2,366,165,35,22,380.8292682926829,174.0281425891182,533,48,9.6,25.82926829268291,,604.9718574108817,,604.9718574108817,,0.13111303701869498,0.9836940770908646,17.0
2,2,398,165,40,14,417.56763925729445,170.26525198938992,377,48,9.6,62.567639257294445,,608.73474801061,,608.73474801061,,0.3176022297324591,0.9898125983912358,17.0
2,2,490,165,45,9,511.6795366795367,169.23938223938225,259,48,9.6,156.67953667953668,,609.7606177606177,,609.7606177606177,,0.7953275973580543,0.9914806792855573,17.0
2,2,443,165,50,17,466.6092544987147,174.2853470437018,389,48,9.6,111.60925449871468,,604.7146529562982,,604.7146529562982,,0.5665444390797699,0.9832758584655256,17.0
3,3,599,165,58,9,629.9436201780416,169.33827893175075,337,48,9.6,48.943620178041556,,601.6617210682492,,601.6617210682492,,0.27651762812452857,0.9912054712821239,12.0
3,3,657,165,85,14,696.5925394548063,170.2209469153515,697,48,9.6,115.59253945480634,,600.7790530846485,,600.7790530846485,,0.6530651946599229,0.9897513230389596,12.0
3,3,599,609,3,132,599.7296296296296,689.337037037037,270,48,9.6,18.729629629629585,,81.66296296296298,,81.66296296296298,,0.10581711655157958,0.13453535908231135,12.0
3,3,599,742,3,16,600.2777777777778,748.4444444444445,36,48,9.6,19.27777777777783,,22.555555555555543,,22.555555555555543,,0.10891399874450751,0.037159070107999244,12.0
4,4,819,165,48,5,841.6113537117903,166.90393013100436,229,48,9.6,40.61135371179034,,604.0960698689956,,604.0960698689956,,0.23206487835308767,0.9952159305914261,14.0
4,4,871,165,74,8,897.9227941176471,167.93382352941177,272,48,9.6,96.92279411764707,,603.0661764705883,,603.0661764705883,,0.5538445378151261,0.9935192363601125,14.0
1,1,145,168,50,6,166.07177033492823,169.7224880382775,209,49,9.8,39.07177033492823,,611.2775119617224,,611.2775119617224,,0.1983338595681636,0.9955659803936847,15.0
1,1,195,168,31,8,212.13392857142856,170.25,112,49,9.8,85.13392857142856,,610.75,,610.75,,0.4321519216823784,0.9947068403908795,15.0
1,1,224,168,46,13,244.8167115902965,173.64150943396226,371,49,9.8,117.8167115902965,,607.3584905660377,,607.3584905660377,,0.5980543735548046,0.989183209390941,15.0
1,1,270,168,38,6,289.06962025316454,169.6772151898734,158,49,9.8,162.06962025316454,,611.3227848101266,,611.3227848101266,,0.8226884276810383,0.9956397146744732,15.0
2,2,365,165,34,22,379.73018867924526,174.03018867924527,530,49,9.8,24.73018867924526,,604.9698113207547,,604.9698113207547,,0.12553395268652415,0.9836907501150484,17.0
2,2,397,165,42,14,416.67424242424244,170.25757575757575,396,49,9.8,61.674242424242436,,608.7424242424242,,608.7424242424242,,0.3130672204276266,0.9898250800689825,17.0
2,2,490,165,45,9,511.60700389105057,169.2023346303502,257,49,9.8,156.60700389105057,,609.7976653696498,,609.7976653696498,,0.7949594106144698,0.9915409193002437,17.0
2,2,443,165,50,17,466.7763496143959,174.25449871465295,389,49,9.8,111.77634961439588,,604.745501285347,,604.745501285347,,0.5673926376365274,0.9833260183501578,17.0
3,3,599,165,59,9,630.2621082621083,169.35042735042734,351,49,9.8,49.26210826210831,,601.6495726495726,,601.6495726495726,,0.2783169958311204,0.991185457412805,12.0
3,3,657,165,85,14,696.9385714285714,170.18428571428572,700,49,9.8,115.93857142857144,,600.8157142857143,,600.8157142857143,,0.6550201775625505,0.9898117204048011,12.0
3,3,599,610,3,131,599.7437722419929,687.7864768683274,281,49,9.8,18.74377224199293,,83.21352313167256,,83.21352313167256,,0.10589701831634422,0.13708982394015248,12.0
3,3,599,742,3,14,600.0555555555555,748.0555555555555,36,49,9.8,19.055555555555543,,22.944444444444457,,22.944444444444457,,0.10765850596359064,0.037799743730551,12.0
3,3,601,768,4,4,602.6153846153846,769.6153846153846,13,49,9.8,21.61538461538464,,1.3846153846153584,,1.3846153846153584,,0.12212081703607142,0.0022810797110631932,12.0
4,4,818,164,50,7,841.6458333333334,166.88690476190476,336,49,9.8,40.64583333333337,,604.1130952380952,,604.1130952380952,,0.23226190476190497,0.9952439789754451,14.0
4,4,870,164,77,10,900.7826086956521,167.6159420289855,414,49,9.8,99.78260869565213,,603.3840579710145,,603.3840579710145,,0.5701863354037264,0.9940429291120503,14.0
4,4,951,164,10,2,955.2631578947369,164.47368421052633,19,49,9.8,154.26315789473688,,606.5263157894736,,606.5263157894736,,0.8815037593984965,0.9992196306251625,14.0
