frame_index,time_s,x_px,y_px,bbox_x,bbox_y,bbox_w,bbox_h,x_from_left_px,x_from_left_mm,y_from_base_px,y_from_base_mm,distance_from_base_px,distance_from_base_mm,relative_x,relative_height,detected,internal_track_id,display_id,physical_vial_index,assay_tube_index,label,dt_s,dx_px,dy_px,displacement_px,speed_px_s_raw,vertical_velocity_px_s_raw,height_px_smoothed,speed_px_s_smoothed,vertical_velocity_px_s_smoothed,height_mm_smoothed,vertical_velocity_mm_s_raw,vertical_velocity_mm_s_smoothed,displacement_mm,speed_mm_s_raw,speed_mm_s_smoothed
0,0.0,244.15544041450778,173.78497409326425,222,168,48,13,117.15544041450778,,607.2150259067357,,607.2150259067357,,0.5946976670787197,0.9889495535940321,True,1,1,1,1,"fly (1,1)",,,,,,,607.2143731116792,0.500748877150757,-0.003263975282550291,,,,,,
1,0.2,243.95514511873353,173.7862796833773,223,168,46,13,116.95514511873353,,607.2137203166227,,607.2137203166227,,0.5936809396890027,0.9889474272257699,True,1,1,1,1,"fly (1,1)",0.2,-0.20029529577425365,0.0013055901130485381,0.20029955086030282,1.001497754301514,-0.006527950565100582,607.2179824319148,0.9048899368430366,0.016958609417277632,,,,,,
2,0.4,244.2975871313673,173.77479892761394,223,168,46,13,117.2975871313673,,607.2252010723861,,607.2252010723861,,0.5954192240170929,0.9889661255250588,True,1,1,1,1,"fly (1,1)",0.2,0.34244201263376794,-0.011480755763358275,0.3426344112455192,1.7131720562275958,0.05740377881693348,607.2369054202678,1.264064758390129,0.09461494176529567,,,,,,
3,0.6,244.08717948717947,173.72820512820513,222,168,48,13,117.08717948717947,,607.2717948717949,,607.2717948717949,,0.5943511649095404,0.9890420111918483,True,1,1,1,1,"fly (1,1)",0.19999999999999996,-0.21040764418782487,-0.04659379940881081,0.2155048929282554,1.0775244646412772,0.2329689970440541,607.2837755509476,2.1835808634315037,0.2343506533979204,,,,,,
4,0.8,244.83464566929132,173.64566929133858,223,168,48,13,117.83464566929132,,607.3543307086615,,607.3543307086615,,0.5981454094887885,0.9891764343789274,True,1,1,1,1,"fly (1,1)",0.20000000000000007,0.7474661821118502,-0.08253583686655475,0.752009213885128,3.7600460694256386,0.4126791843327736,607.3346725371016,1.745600759045405,0.2544849307704074,,,,,,
5,1.0,244.75835475578407,173.62210796915167,223,168,48,13,117.75835475578407,,607.3778920308483,,607.3778920308483,,0.597758145968447,0.9892148078678311,True,1,1,1,1,"fly (1,1)",0.19999999999999996,-0.07629091350725048,-0.02356132218690732,0.07984634861385977,0.3992317430692989,0.11780661093439451,607.369522275177,1.945983994549733,0.17424869037768076,,,,,,
6,1.2,245.09408602150538,173.6236559139785,224,168,46,13,118.09408602150538,,607.3763440860215,,607.3763440860215,,0.5994623655913979,0.9892122867850514,True,1,1,1,1,"fly (1,1)",0.19999999999999996,0.3357312657213072,0.0015479448268251872,0.33573483423085226,1.6786741711542617,-0.007739724134125938,607.3477462248048,2.1313384985248804,-0.10888025186109951,,,,,,
7,1.4,244.23529411764707,173.71099744245524,222,168,48,13,117.23529411764707,,607.2890025575448,,607.2890025575448,,0.5951030158256196,0.9890700367386723,True,1,1,1,1,"fly (1,1)",0.19999999999999996,-0.8587919038583038,0.08734152847674181,0.8632219162702159,4.316109581351081,-0.4367076423835671,607.3212586543127,2.766823457263687,-0.1324378524609908,,,,,,
8,1.6,244.69633507853405,173.70157068062827,223,168,47,13,117.69633507853405,,607.2984293193717,,607.2984293193717,,0.5974433252717465,0.9890853897709637,True,1,1,1,1,"fly (1,1)",0.20000000000000018,0.4610409608869759,-0.009426761826972552,0.461137323857144,2.305686619285718,0.04713380913472061,607.3127851199221,2.309640838312363,-0.04236767195322958,,,,,,
9,1.8,244.7282321899736,173.6490765171504,223,168,48,13,117.7282321899736,,607.3509234828496,,607.3509234828496,,0.5976052395430131,0.9891708851512208,True,1,1,1,1,"fly (1,1)",0.19999999999999996,0.0318971114395481,-0.052494163477859956,0.06142526286005813,0.3071263143002907,0.26247081738915773,607.2976027665345,1.1504581223394883,-0.07591176693760344,,,,,,
10,2.0,244.59947643979058,173.7565445026178,223,168,47,13,117.59947643979058,,607.2434554973822,,607.2434554973822,,0.5969516570547745,0.9889958558589287,True,1,1,1,1,"fly (1,1)",0.19999999999999996,-0.12875575018301788,0.10746798546739456,0.16771228668649127,0.8385614334324565,-0.5373399273366887,607.2974354804572,0.82143493318652,-0.0008364303863573711,,,,,,
11,2.2,244.85751295336786,173.7020725388601,223,168,48,13,117.85751295336786,,607.2979274611399,,607.2979274611399,,0.5982614870729333,0.98908457241228,True,1,1,1,1,"fly (1,1)",0.20000000000000018,0.25803651357728086,-0.05447196375769181,0.2637234103653628,1.3186170518268128,0.27235981878845883,607.2549387336763,1.4548923465693535,-0.2124837339044919,,,,,,
12,2.4,244.42234332425068,173.77656675749319,223,168,46,13,117.42234332425068,,607.2234332425069,,607.2234332425069,,0.5960525041840136,0.9889632463233011,True,1,1,1,1,"fly (1,1)",0.19999999999999973,-0.4351696291171834,0.07449421863307748,0.44149971088975776,2.2074985544487915,-0.3724710931652458,607.2562337097262,1.2163920005152502,0.0064748802494323425,,,,,,
13,2.6,244.42819148936172,173.75265957446808,223,168,46,13,117.42819148936172,,607.2473404255319,,607.2473404255319,,0.5960821903013286,0.9890021831034721,True,1,1,1,1,"fly (1,1)",0.20000000000000018,0.00584816511104691,-0.023907183025102086,0.02461207905402946,0.12306039527014719,0.11953591512508399,607.2137924475265,0.9637063564077112,-0.2122063109987952,,,,,,
14,2.8,244.3464566929134,173.82939632545933,223,168,46,13,117.34645669291339,,607.1706036745406,,607.1706036745406,,0.5956672928574284,0.9888772046816623,True,1,1,1,1,"fly (1,1)",0.19999999999999973,-0.08173479644833037,0.07673675099124466,0.11211202390083896,0.5605601195041956,-0.3836837549562238,607.1982959332681,0.8634767448546995,-0.07748257129151191,,,,,,
15,3.0,243.9651474530831,173.8230563002681,222,168,47,13,116.96514745308309,,607.176943699732,,607.176943699732,,0.5937317129598126,0.9888875304555895,True,1,1,1,1,"fly (1,1)",0.20000000000000018,-0.3813092398303013,-0.006340025191235554,0.3813619439579515,1.9068097197897558,0.03170012595660407,607.2092557181642,1.4363063570313852,0.054798924479844545,,,,,,
16,3.2,244.3186813186813,173.71978021978023,223,168,46,13,117.31868131868131,,607.2802197802198,,607.2802197802198,,0.5955263011100574,0.9890557325410746,True,1,1,1,1,"fly (1,1)",0.20000000000000018,0.353533865598223,-0.10327608048785919,0.36830984636004116,1.8415492318002042,0.5163804024391534,607.2151641308062,1.4047779542426806,0.029542063210404146,,,,,,
17,3.4,244.33421750663132,173.81167108753317,222,168,48,13,117.33421750663132,,607.1883289124669,,607.1883289124669,,0.5956051650082808,0.9889060731473402,True,1,1,1,1,"fly (1,1)",0.19999999999999973,0.015536187950004887,0.09189086775293731,0.09319498222761616,0.4659749111380814,-0.45945433876454506,607.2294626115926,0.9145459214748354,0.07149240393194568,,,,,,
18,3.6,244.41554959785523,173.78016085790884,223,168,46,13,117.41554959785523,,607.2198391420911,,607.2198391420911,,0.5960180182632245,0.9889573927395621,True,1,1,1,1,"fly (1,1)",0.20000000000000018,0.0813320912239135,-0.03151022962433103,0.08722272429724409,0.43611362148622007,0.1575511481212287,607.2107525634708,0.523258966830494,-0.09355024060899593,,,,,,
19,3.8,244.54901960784315,173.77591036414566,224,168,44,13,117.54901960784315,,607.2240896358544,,607.2240896358544,,0.59669553100428,0.988964315367841,True,1,1,1,1,"fly (1,1)",0.19999999999999973,0.13347000998791714,-0.00425049376318043,0.13353767357343596,0.6676883678671807,0.0212524688163285,607.2427036945252,0.6930213340950685,0.1597556552718514,,,,,,
20,4.0,244.73458445040214,173.71581769436997,223,168,47,13,117.73458445040214,,607.28418230563,,607.28418230563,,0.5976374845198078,0.9890621861655212,True,1,1,1,1,"fly (1,1)",0.20000000000000018,0.18556484255898908,-0.060092669775684726,0.19505240258636114,0.9752620129318048,0.300463348877997,607.2449795360503,1.1178507853018018,0.01137920762592635,,,,,,
21,4.2,244.39733333333334,173.77333333333334,223,168,46,13,117.39733333333334,,607.2266666666667,,607.2266666666667,,0.5959255499153976,0.9889685124864278,True,1,1,1,1,"fly (1,1)",0.20000000000000018,-0.33725111706880284,0.0575156389633662,0.34212039502128433,1.71060197510642,-0.2875781948165465,607.2668221528785,1.431946151736554,0.10921308414064385,,,,,,
22,4.4,244.71311475409834,173.71038251366122,224,168,46,13,117.71311475409834,,607.2896174863388,,607.2896174863388,,0.5975285012898393,0.9890710382513661,True,1,1,1,1,"fly (1,1)",0.20000000000000018,0.31578142076500626,-0.06295081967212468,0.3219948934342877,1.609974467171437,0.314754098360481,607.2513739969477,1.5206978035982026,-0.07724077965368331,,,,,,
23,4.6,244.47027027027028,173.76216216216216,223,168,46,13,117.47027027027028,,607.2378378378378,,607.2378378378378,,0.5962957881739608,0.9889867065762831,True,1,1,1,1,"fly (1,1)",0.1999999999999993,-0.24284448382806545,0.05177964850093986,0.2483033937033492,1.2415169685167504,-0.25889824250498444,607.2667275323014,2.2800149862030965,0.07676767676760649,,,,,,
24,4.8,245.267217630854,173.72727272727272,224,168,47,13,118.26721763085399,,607.2727272727273,,607.2727272727273,,0.6003412062479898,0.9890435297601421,True,1,1,1,1,"fly (1,1)",0.20000000000000018,0.7969473605837152,-0.03488943488943619,0.797710704584221,3.9885535229211015,0.17444717444732288,607.2463532447404,1.8356806444377192,-0.10187143780475132,,,,,,
25,5.0,245.23387096774195,173.7715053763441,224,168,46,13,118.23387096774195,,607.2284946236559,,607.2284946236559,,0.6001719338464059,0.9889714896150749,True,1,1,1,1,"fly (1,1)",0.20000000000000018,-0.0333466631120416,0.04423264907137536,0.05539428837506119,0.2769714418753057,-0.2211632453565924,607.2506271756633,2.9906016364953207,0.02136965461507617,,,,,,
26,5.2,244.29287598944592,173.74934036939314,223,168,47,13,117.29287598944592,,607.2506596306068,,607.2506596306068,,0.595395309591096,0.9890075889749297,True,1,1,1,1,"fly (1,1)",0.20000000000000018,-0.9409949782960325,-0.022165006950956467,0.941255988937912,4.706279944689555,0.11082503475449802,607.2684714004041,2.5786434123857096,0.08922112370385087,,,,,,
27,5.4,244.83819628647217,173.6737400530504,223,168,48,13,117.83819628647217,,607.3262599469496,,607.3262599469496,,0.5981634329262546,0.9891307165259765,True,1,1,1,1,"fly (1,1)",0.20000000000000018,0.545320297026251,-0.07560031634272946,0.5505357701184541,2.752678850592268,0.37800158171364695,607.2671728360126,3.5581098711452452,-0.006492821957712429,,,,,,
28,5.6,244.20320855614972,173.77540106951872,222,168,48,13,117.20320855614972,,607.2245989304813,,607.2245989304813,,0.5949401449550747,0.9889651448379174,True,1,1,1,1,"fly (1,1)",0.1999999999999993,-0.6349877303224503,0.10166101646831294,0.6430741636307802,3.2153708181539122,-0.5083050823412822,607.263026257573,2.184281594988769,-0.020732892198036517,,,,,,
29,5.8,244.3193717277487,173.76178010471205,222,168,48,13,117.31937172774869,,607.238219895288,,607.238219895288,,0.5955298057246127,0.9889873288196873,True,1,1,1,1,"fly (1,1)",0.20000000000000018,0.11616317159896994,-0.013620964806676739,0.11695902324402535,0.5847951162201263,0.06810482403352575,607.2300305176807,1.3727818408863397,-0.16497869946135837,,,,,,
30,6.0,244.2566844919786,173.77272727272728,223,168,46,13,117.2566844919786,,607.2272727272727,,607.2272727272727,,0.5952115964059828,0.9889694995558188,True,1,1,1,1,"fly (1,1)",0.20000000000000018,-0.06268723577008473,0.01094716801523532,0.06363591765699605,0.31817958828498,-0.05473584007631866,607.240044844125,1.001990746684464,0.0500716322217916,,,,,,
31,6.2,244.67639257294428,173.74535809018568,223,168,47,13,117.67639257294428,,607.2546419098144,,607.2546419098144,,0.597342094278905,0.9890140747716847,True,1,1,1,1,"fly (1,1)",0.20000000000000018,0.4197080809656768,-0.02736918254160514,0.4205995071096575,2.1029975355482855,0.1368459127081677,607.2544719925232,0.96670093033599,0.07213574199094329,,,,,,
32,6.4,244.58445040214477,173.71849865951742,223,168,47,13,117.58445040214477,,607.2815013404826,,607.2815013404826,,0.5968753827520039,0.989057819772773,True,1,1,1,1,"fly (1,1)",0.20000000000000018,-0.09194217079951272,-0.026859430668253026,0.09578513343494105,0.4789256671747048,0.1342971533409808,607.2426783807296,2.3422715200102746,-0.058968058968200544,,,,,,
33,6.6,243.7,173.80810810810812,222,168,46,13,116.69999999999999,,607.1918918918918,,607.1918918918918,,0.5923857868020304,0.9889118760454264,True,1,1,1,1,"fly (1,1)",0.1999999999999993,-0.884450402144779,0.08960944859069286,0.8889782714615635,4.444891357307833,-0.44804724295375015,607.2400258608358,2.363689969464033,-0.013262599469499684,,,,,,
34,6.8,244.12997347480106,173.75331564986737,222,168,47,13,117.12997347480106,,607.2466843501327,,607.2466843501327,,0.5945683932731018,0.9890011145767633,True,1,1,1,1,"fly (1,1)",0.20000000000000018,0.4299734748010735,-0.054792458240740416,0.4334505767819125,2.1672528839095606,0.2739622912042703,607.3400080686084,8.31347060484337,0.4999110388638417,,,,,,
35,7.0,240.47963800904978,173.4185520361991,212,168,57,13,113.47963800904978,,607.5814479638009,,607.5814479638009,,0.576038771619542,0.9895463321886008,True,1,1,1,1,"fly (1,1)",0.20000000000000018,-3.650335465751283,-0.33476361366828655,3.665653514662547,18.32826757331272,1.6738180683410049,607.8050160672614,36.62789173331015,2.3250399932643004,,,,,,
36,7.2,258.32897196261683,172.41308411214953,224,168,84,13,131.32897196261683,,608.5869158878504,,608.5869158878504,,0.6666445277290195,0.9911839020974762,True,1,1,1,1,"fly (1,1)",0.20000000000000018,17.849333953567054,-1.0054679240495545,17.87763094854165,89.38815474270817,5.027339620247626,607.8150818573604,59.0034239846558,0.05032895049566832,,,,,,
37,7.4,244.53225806451613,173.7231182795699,223,168,46,13,117.53225806451613,,607.2768817204301,,607.2768817204301,,0.5966104470280007,0.9890502959616125,True,1,1,1,1,"fly (1,1)",0.20000000000000018,-13.796713898100705,1.3100341674203548,13.858769927589314,69.29384963794651,-6.550170837101626,608.1347960047282,75.14800174203204,1.5985707368385802,,,,,,
38,7.6,257.82472324723244,172.45940959409594,223,168,85,13,130.82472324723244,,608.540590405904,,608.540590405904,,0.6640848895798601,0.9911084534298111,True,1,1,1,1,"fly (1,1)",0.1999999999999993,13.292465182716313,-1.2637086854739437,13.352400169088241,66.76200084544145,6.3185434273697405,609.0622996259755,97.60879156343196,4.63751810623649,,,,,,
39,7.8,289.0509554140127,169.63057324840764,270,168,38,5,162.05095541401272,,611.3694267515923,,611.3694267515923,,0.8225936823046331,0.9957156787485216,True,1,1,1,1,"fly (1,1)",0.20000000000000018,31.226232166780278,-2.828836345688302,31.354104841381623,156.77052420690796,14.144181728441355,610.3944363609875,74.63291847727253,6.7407960301649945,,,,,,
41,8.2,289.1614906832298,169.72670807453417,270,168,38,6,162.16149068322977,,611.2732919254659,,611.2732919254659,,0.8231547750417755,0.9955591073704656,True,1,1,1,1,"fly (1,1)",0.39999999999999947,0.1105352692170527,0.09613482612653002,0.14649215178726974,0.3662303794681748,-0.2403370653161122,611.3602249604793,54.63262192282312,4.909055352564635,,,,,,
42,8.4,290.5036496350365,169.56204379562044,273,168,35,5,163.50364963503648,,611.4379562043796,,611.4379562043796,,0.8299677646448552,0.9958272902351459,True,1,1,1,1,"fly (1,1)",0.20000000000000107,1.3421589518067094,-0.16466427891373314,1.3522222364186534,6.761111182093231,0.8233213945686613,611.3368703957234,4.006585093126824,-0.036660468673709125,,,,,,
43,8.6,289.5350318471337,169.70063694267515,270,168,38,6,162.53503184713372,,611.2993630573249,,611.2993630573249,,0.8250509230818971,0.9956015684972718,True,1,1,1,1,"fly (1,1)",0.1999999999999993,-0.9686177879027582,0.13859314705470638,0.9784827435638097,4.892413717819066,-0.6929657352736764,611.3651424566042,4.068330042480373,0.14136030440378233,,,,,,
44,8.8,289.6283783783784,169.6418918918919,271,168,37,6,162.6283783783784,,611.3581081081081,,611.3581081081081,,0.8255247633420223,0.9956972444757461,True,1,1,1,1,"fly (1,1)",0.20000000000000107,0.09334653124466286,-0.058745050783244324,0.1102930455057651,0.5514652275288225,0.2937252539163622,611.3162034686464,2.294904270084553,-0.24469493978870274,,,,,,
45,9.0,289.3481012658228,169.70886075949366,270,168,38,6,162.34810126582278,,611.2911392405064,,611.2911392405064,,0.8241020368823492,0.9955881746588051,True,1,1,1,1,"fly (1,1)",0.1999999999999993,-0.28027711255560916,0.06696886760175857,0.2881667729811532,1.440833864905771,-0.33484433800879404,611.3303942774952,0.7702527619829526,0.07095404424357275,,,,,,
46,9.2,289.30967741935484,169.65806451612903,270,168,38,6,162.30967741935484,,611.341935483871,,611.341935483871,,0.8239069919764205,0.9956709046968583,True,1,1,1,1,"fly (1,1)",0.1999999999999993,-0.03842384646793562,-0.050796243364629845,0.06369183870285258,0.31845919351426405,0.2539812168231501,611.3256745896545,1.017647420660477,-0.023598439203548687,,,,,,
47,9.4,289.0509554140127,169.656050955414,270,168,38,6,162.05095541401272,,611.343949044586,,611.343949044586,,0.8225936823046331,0.9956741841117036,True,1,1,1,1,"fly (1,1)",0.20000000000000107,-0.258722005342122,-0.0020135607150280066,0.2587298407122806,1.2936492035613962,0.01006780357499787,611.3874648651903,2.0368709256793522,0.30895137767951636,,,,,,
48,9.6,288.16107382550337,169.5234899328859,269,168,39,5,161.16107382550337,,611.4765100671141,,611.4765100671141,,0.8180765168807277,0.9958900815425311,True,1,1,1,1,"fly (1,1)",0.1999999999999993,-0.8898815885093541,-0.1325610225281082,0.8997008759924762,4.498504379962397,0.6628051126404012,611.3810813072755,3.466484106636233,-0.031917789574054924,,,,,,
49,9.8,289.06962025316454,169.6772151898734,270,168,38,6,162.06962025316454,,611.3227848101266,,611.3227848101266,,0.8226884276810383,0.9956397146744732,True,1,1,1,1,"fly (1,1)",0.20000000000000107,0.9085464276611788,0.1537252569875136,0.9214597472769859,4.607298736384905,-0.7686262849375639,611.3996474386203,4.552901558173652,-0.05291058614858132,,,,,,
0,0.0,215.4125,170.4,204,168,21,8,88.4125,,610.6,,610.6,,0.4487944162436548,0.9944625407166124,True,2,2,1,1,"fly (1,2)",,,,,,,610.6392857142857,0.9331116586393502,0.1964285714285552,,,,,,
1,0.2,215.04761904761904,170.32142857142858,203,168,22,8,88.04761904761904,,610.6785714285714,,610.6785714285714,,0.44694222866811695,0.9945905072126571,True,2,2,1,1,"fly (1,2)",0.2,-0.3648809523809575,-0.07857142857142208,0.3732446634557401,1.8662233172787004,0.3928571428571104,610.5852813852814,1.4300510617120852,-0.204545454545458,,,,,,
2,0.4,215.48863636363637,170.52272727272728,203,168,23,8,88.48863636363637,,610.4772727272727,,610.4772727272727,,0.44918089524688515,0.9942626591649393,True,2,2,1,1,"fly (1,2)",0.2,0.4410173160173372,0.20129870129869687,0.4847859735715111,2.4239298678575554,-1.0064935064934843,610.6458177837488,4.584345132892818,0.3026819923371706,,,,,,
3,0.6,213.6206896551724,170.2183908045977,200,168,24,8,86.62068965517241,,610.7816091954023,,610.7816091954023,,0.4396989322597584,0.9947583211651504,True,2,2,1,1,"fly (1,2)",0.19999999999999996,-1.8679467084639612,-0.30433646812957704,1.8925764427084397,9.462882213542201,1.5216823406478857,610.6535454362133,6.316308262136207,0.03863826232247921,,,,,,
4,0.8,212.21052631578948,170.2982456140351,195,168,31,8,85.21052631578948,,610.7017543859649,,610.7017543859649,,0.4325407427197436,0.9946282644722556,True,2,2,1,1,"fly (1,2)",0.20000000000000007,-1.4101633393829331,0.07985480943739276,1.412422541001774,7.062112705008867,-0.3992740471869637,610.7533197753494,7.855806230402988,0.49887169568023654,,,,,,
5,1.0,213.61702127659575,170.22340425531914,200,168,25,8,86.61702127659575,,610.7765957446809,,610.7765957446809,,0.4396803110487094,0.9947501559359624,True,2,2,1,1,"fly (1,2)",0.19999999999999996,1.4064949608062705,-0.07484135871595754,1.4084847545315793,7.042423772657898,0.37420679357978776,610.6392008223648,6.7877172068218385,-0.5705947649228924,,,,,,
6,1.2,214.82242990654206,170.5607476635514,200,168,27,8,87.82242990654206,,610.4392523364486,,610.4392523364486,,0.4457991365814318,0.9942007367043136,True,2,2,1,1,"fly (1,2)",0.19999999999999996,1.2054086299463052,0.3373434082322717,1.2517230285597503,6.258615142798753,-1.6867170411615011,610.5578250665911,8.147835148380066,-0.4068787788681525,,,,,,
7,1.4,217.05084745762713,170.54237288135593,210,168,14,7,90.05084745762713,,610.457627118644,,610.457627118644,,0.4571109008001377,0.9942306630596809,True,2,2,1,1,"fly (1,2)",0.19999999999999996,2.228417551085073,-0.01837478219547961,2.2284933059367096,11.142466529683551,0.09187391097725596,610.4479794262073,7.728324036515894,-0.54922820191905,,,,,,
8,1.6,215.8941176470588,170.5529411764706,203,168,23,8,88.8941176470588,,610.4470588235295,,610.4470588235295,,0.45123917587339496,0.9942134508526539,True,2,2,1,1,"fly (1,2)",0.20000000000000018,-1.1567298105683221,0.01056829511466617,1.1567780874130773,5.783890437065382,-0.05284147557290448,610.4166413458039,6.22100639055003,-0.15669040201752682,,,,,,
9,1.8,216.22619047619048,170.6547619047619,204,168,22,8,89.22619047619048,,610.3452380952381,,610.3452380952381,,0.45292482475223594,0.994047619047619,True,2,2,1,1,"fly (1,2)",0.19999999999999996,0.33207282913167546,0.10182072829130107,0.34733244098023136,1.736662204901157,-0.5091036414569318,610.395881918659,3.0071346215853345,-0.10379713572452455,,,,,,
10,2.0,215.93023255813955,170.6046511627907,203,168,23,8,88.93023255813955,,610.3953488372093,,610.3953488372093,,0.4514225002951246,0.9941292326338914,True,2,2,1,1,"fly (1,2)",0.19999999999999996,-0.29595791805093086,-0.050110741971195694,0.30017024455789293,1.500851222789465,0.25055370985626274,610.3825212255446,1.122505793290271,-0.06680346557232052,,,,,,
11,2.2,215.90697674418607,170.59302325581396,203,168,23,8,88.90697674418607,,610.4069767441861,,610.4069767441861,,0.45130445047810186,0.9941481705931369,True,2,2,1,1,"fly (1,2)",0.20000000000000018,-0.023255813953483084,-0.011627906976741542,0.026000790436038153,0.13000395218019065,0.05813953488370766,610.4781698298139,2.1011494517607976,0.4782430213466194,,,,,,
12,2.4,215.0,170.367816091954,200,168,26,8,88.0,,610.632183908046,,610.632183908046,,0.4467005076142132,0.994514957504961,True,2,2,1,1,"fly (1,2)",0.19999999999999973,-0.9069767441860677,-0.22520716385994888,0.934518636062546,4.672593180312736,1.126035819299888,610.5463868840774,1.6923217199751555,0.34108527131782823,,,,,,
13,2.6,214.95555555555555,170.4,200,168,26,8,87.95555555555555,,610.6,,610.6,,0.44647490129723627,0.9944625407166124,True,2,2,1,1,"fly (1,2)",0.20000000000000018,-0.04444444444445139,0.0321839080459938,0.05487360548650791,0.2743680274325393,-0.16091954023011099,610.4773946360153,5.082521678765661,-0.34496124031003733,,,,,,
14,2.8,216.9764705882353,170.8,207,168,19,8,89.97647058823529,,610.2,,610.2,,0.45673335323977304,0.9938110749185668,True,2,2,1,1,"fly (1,2)",0.19999999999999973,2.0209150326797385,0.4000000000000057,2.060120765710339,10.30060382855171,-1.999999999999889,610.4915662650602,7.186724895315012,0.07085814522440452,,,,,,
15,3.0,214.8313253012048,170.32530120481928,201,168,24,8,87.8313253012048,,610.6746987951807,,610.6746987951807,,0.4458442908690599,0.994584199992151,True,2,2,1,1,"fly (1,2)",0.20000000000000018,-2.1451452870304877,-0.47469879518072844,2.1970405659921597,10.98520282996079,2.3734939759032136,610.4994515697198,7.645137805824128,0.03942652329745359,,,,,,
16,3.2,214.50537634408602,170.3763440860215,200,168,26,8,87.50537634408602,,610.6236559139785,,610.6236559139785,,0.4441897276349544,0.9945010682638086,True,2,2,1,1,"fly (1,2)",0.20000000000000018,-0.3259489571187828,0.051042881202221224,0.3299213517919781,1.649606758959889,-0.2552144060109638,610.6729282722287,4.466310551209262,0.8673835125447713,,,,,,
17,3.4,214.38709677419354,170.27956989247312,200,168,25,8,87.38709677419354,,610.7204301075269,,610.7204301075269,,0.44358932372687077,0.9946586809568843,True,2,2,1,1,"fly (1,2)",0.19999999999999973,-0.11827956989247923,-0.09677419354838435,0.1528244129414212,0.7641220647071071,0.4838709677420645,610.6598342293906,1.3470408793725206,-0.06547021419009945,,,,,,
18,3.6,214.07291666666669,170.36458333333334,199,168,27,8,87.07291666666669,,610.6354166666666,,610.6354166666666,,0.44199450084602376,0.9945202225841476,True,2,2,1,1,"fly (1,2)",0.20000000000000018,-0.31418010752685177,0.085013440860223,0.32547876289011357,1.6273938144505664,-0.4250672043013988,610.6172150311737,1.8549757930201214,-0.21309599108462862,,,,,,
19,3.8,213.45378151260505,170.50420168067228,196,168,31,9,86.45378151260505,,610.4957983193277,,610.4957983193277,,0.4388516828051018,0.9942928311389703,True,2,2,1,1,"fly (1,2)",0.19999999999999973,-0.6191351540616381,0.13961834733893852,0.6346822999805374,3.173411499902691,-0.6980917366945514,610.5812758662023,2.7485712063788377,-0.17969582485723892,,,,,,
20,4.0,212.77477477477476,170.38738738738738,196,168,30,9,85.77477477477476,,610.6126126126126,,610.6126126126126,,0.43540494809530333,0.9944830824309651,True,2,2,1,1,"fly (1,2)",0.20000000000000018,-0.6790067378302922,-0.11681429328490367,0.6889816609566518,3.444908304783256,0.5840714664242336,610.5807798344563,2.7018043285908124,-0.002480158730123208,,,,,,
21,4.2,213.07142857142856,170.36607142857142,196,168,30,9,86.07142857142856,,610.6339285714286,,610.6339285714286,,0.4369108049311094,0.994517798976268,True,2,2,1,1,"fly (1,2)",0.20000000000000018,0.2966537966537999,-0.021315958815961267,0.2974186362172986,1.4870931810864916,0.10657979407994835,610.430495001422,8.135187911502737,-0.7514241651716697,,,,,,
22,4.4,216.92134831460675,170.95505617977528,205,168,22,9,89.92134831460675,,610.0449438202247,,610.0449438202247,,0.4564535447441967,0.9935585404238187,True,2,2,1,1,"fly (1,2)",0.20000000000000018,3.849919743178191,0.5889847512038671,3.8947124497276957,19.473562248638462,-2.9449237560191905,610.3403258849371,7.494253547372705,-0.45084558242440886,,,,,,
23,4.6,216.85526315789474,170.6578947368421,206,168,20,8,89.85526315789474,,610.3421052631579,,610.3421052631579,,0.4561180870959124,0.9940425167152409,True,2,2,1,1,"fly (1,2)",0.1999999999999993,-0.06608515671200621,-0.2971614429331737,0.3044210424786307,1.522105212393159,1.485807214666016,610.1250002968706,8.180806428934119,-1.0766279403327386,,,,,,
24,4.8,217.46987951807228,171.0120481927711,207,168,20,9,90.46987951807228,,609.9879518072289,,609.9879518072289,,0.4592379670968136,0.9934657195557474,True,2,2,1,1,"fly (1,2)",0.20000000000000018,0.6146163601775356,0.35415345592898007,0.7093503651541474,3.546751825770734,-1.7707672796450409,610.1222141454135,1.7764364911817345,-0.013930757285149994,,,,,,
25,5.0,217.4512195121951,170.96341463414635,207,168,20,9,90.45121951219511,,610.0365853658536,,610.0365853658536,,0.4591432462547975,0.9935449273059506,True,2,2,1,1,"fly (1,2)",0.20000000000000018,-0.018660005877165986,-0.0486335586247435,0.052090487076262126,0.2604524353813104,0.24316779312357517,610.2547068354719,8.00913682183128,0.6624634502924203,,,,,,
26,5.2,213.46875,170.26041666666666,199,168,26,8,86.46875,,610.7395833333334,,610.7395833333334,,0.43892766497461927,0.9946898751357222,True,2,2,1,1,"fly (1,2)",0.20000000000000018,-3.9824695121951095,-0.7029979674796891,4.044041240868363,20.220206204341796,3.5149898373987267,610.4755513786935,6.977964628815119,1.104222716107111,,,,,,
27,5.4,213.48543689320388,170.3495145631068,198,168,28,8,86.48543689320388,,610.6504854368932,,610.6504854368932,,0.43901237001626336,0.9945447645552006,True,2,2,1,1,"fly (1,2)",0.20000000000000018,0.01668689320388239,0.08909789644013699,0.09064704934445,0.45323524672224963,-0.4454894822009688,610.7446062567423,7.713807005322188,1.3452743902439581,,,,,,
28,5.6,213.03125,170.15625,198,168,27,8,86.03125,,610.84375,,610.84375,,0.43670685279187815,0.9948595276872965,True,2,2,1,1,"fly (1,2)",0.1999999999999993,-0.4541868932038824,-0.19326456310679418,0.4935959129805016,2.467979564902517,0.9663228155341165,610.6669096477955,5.9104691883422475,-0.38848304473314316,,,,,,
29,5.8,215.97402597402598,170.4935064935065,204,168,21,8,88.97402597402598,,610.5064935064935,,610.5064935064935,,0.451644801898609,0.9943102500105757,True,2,2,1,1,"fly (1,2)",0.20000000000000018,2.9427759740259773,0.33725649350648723,2.962038550680398,14.810192753401976,-1.6862824675325767,610.6186204946739,6.596251814412582,-0.24144576560843087,,,,,,
30,6.0,215.47191011235955,170.4943820224719,202,168,24,8,88.47191011235955,,610.5056179775281,,610.5056179775281,,0.4490959904180688,0.9943088240676353,True,2,2,1,1,"fly (1,2)",0.20000000000000018,-0.5021158616664252,0.0008755289654232001,0.5021166249866519,2.510583124933257,-0.00437764482683178,610.3964422246316,8.37855895414341,-1.1108913502109383,,,,,,
31,6.2,217.0,170.8227848101266,207,168,19,9,90.0,,610.1772151898734,,610.1772151898734,,0.45685279187817257,0.9937739661072857,True,2,2,1,1,"fly (1,2)",0.20000000000000018,1.5280898876404478,0.32840278765468156,1.562980196819001,7.814900984094997,-1.6420139382734062,610.2951216043238,3.536176896152867,-0.5066031015398188,,,,,,
32,6.4,216.9493670886076,170.79746835443038,207,168,19,8,89.9493670886076,,610.2025316455696,,610.2025316455696,,0.45659577202338886,0.9938151981198202,True,2,2,1,1,"fly (1,2)",0.20000000000000018,-0.05063291139239823,-0.025316455696213325,0.056609315886069336,0.28304657943034645,0.1265822784807823,610.2599156118143,3.2675577101305824,-0.1760299625468997,,,,,,
33,6.6,216.67142857142858,170.6,207,168,18,8,89.67142857142858,,610.4,,610.4,,0.45518491660623644,0.9941368078175895,True,2,2,1,1,"fly (1,2)",0.1999999999999993,-0.27793851717902385,-0.19746835443038435,0.34094511337327954,1.7047255668664039,0.9873417721519253,610.3274261603375,1.76106004977348,0.3375527426159892,,,,,,
34,6.8,216.0126582278481,170.62025316455697,206,168,19,8,89.0126582278481,,610.379746835443,,610.379746835443,,0.45184090470988886,0.9941038222075619,True,2,2,1,1,"fly (1,2)",0.20000000000000018,-0.6587703435804713,0.020253164556976344,0.6590816006047386,3.2954080030236903,-0.10126582278473953,610.2916616435604,3.03597224098699,0.058268032951598846,,,,,,
36,7.2,217.63095238095238,170.9047619047619,207,168,20,9,90.63095238095238,,610.0952380952381,,610.0952380952381,,0.46005559584239786,0.9936404529238405,True,2,2,1,1,"fly (1,2)",0.40000000000000036,1.618294153104273,0.28450874020492734,1.643113261228352,4.107783153070876,-0.7112718505123887,610.2553747237292,3.2147063611406606,0.05565601768144742,,,,,,
37,7.4,217.2278481012658,170.70886075949366,207,168,19,8,90.2278481012658,,610.2911392405064,,610.2911392405064,,0.45800938122469953,0.9939595101636911,True,2,2,1,1,"fly (1,2)",0.20000000000000018,-0.40310427968657336,-0.19590114526823754,0.44818558546548354,2.240927927327416,0.979505726341471,610.2647573575288,2.725275825201861,0.28400378583588354,,,,,,
38,7.6,216.88157894736844,170.5921052631579,207,168,18,8,89.88157894736844,,610.4078947368421,,610.4078947368421,,0.45625166978359616,0.9941496656951826,True,2,2,1,1,"fly (1,2)",0.1999999999999993,-0.34626915389736723,-0.1167554963357702,0.3654232790414571,1.827116395207292,0.5837774816785689,610.3471665769243,1.6163735158715113,0.41204609697767136,,,,,,
39,7.8,216.73972602739724,170.65753424657535,207,168,18,8,89.73972602739724,,610.3424657534247,,610.3424657534247,,0.455531604199986,0.9940431038329393,True,2,2,1,1,"fly (1,2)",0.20000000000000018,-0.14185291997119975,0.06542898341746195,0.15621524501596543,0.7810762250798264,-0.32714491708702526,610.3334534967556,1.4342654857277657,-0.06856540084394587,,,,,,
40,8.0,217.06578947368422,170.75,207,168,19,8,90.06578947368422,,610.25,,610.25,,0.45718674859738184,0.9938925081433225,True,2,2,1,1,"fly (1,2)",0.20000000000000018,0.32606344628698025,0.0924657534246478,0.33892076737923604,1.6946038368961787,-0.4623287671233807,610.4016552511416,3.4430475396618476,0.3410087719297909,,,,,,
41,8.2,215.5375,170.3875,203,168,22,8,88.5375,,610.6125,,610.6125,,0.44942893401015227,0.9944828990228012,True,2,2,1,1,"fly (1,2)",0.1999999999999993,-1.5282894736842252,-0.36250000000001137,1.5706925114019021,7.853462557009538,1.812499999999779,610.4200301204819,4.332044108460497,0.09187434670177123,,,,,,
42,8.4,216.19277108433735,170.6024096385542,204,168,22,8,89.19277108433735,,610.3975903614457,,610.3975903614457,,0.45275518316922514,0.9941328833248302,True,2,2,1,1,"fly (1,2)",0.20000000000000107,0.6552710843373575,0.21490963855421796,0.6896131862951584,3.448065931475774,-1.074548192771084,610.4429238933757,3.898958276063197,0.11446886446890742,,,,,,
43,8.6,216.19780219780222,170.6813186813187,203,168,23,9,89.19780219780222,,610.3186813186813,,610.3186813186813,,0.4527807218162549,0.9940043669685363,True,2,2,1,1,"fly (1,2)",0.1999999999999993,0.005031113464866621,0.07890904276447941,0.07906926794085552,0.395346339704279,-0.3945452138219721,610.2934835948682,3.3802565686461126,-0.7472014925372124,,,,,,
44,8.8,217.44776119402985,170.83582089552237,210,168,15,8,90.44776119402985,,610.1641791044776,,610.1641791044776,,0.45912569134025305,0.9937527346978463,True,2,2,1,1,"fly (1,2)",0.20000000000000107,1.2499589962276332,0.15450221420368848,1.2594714869516637,6.297357434758284,-0.7725110710185804,610.327620141053,5.364516304998806,0.17068273092377506,,,,,,
45,9.0,215.5978260869565,170.5,203,168,23,8,88.5978260869565,,610.5,,610.5,,0.44973515780180967,0.994299674267101,True,2,2,1,1,"fly (1,2)",0.1999999999999993,-1.8499351070733496,-0.3358208955223745,1.8801690281067645,9.400845140533855,1.6791044776118784,610.374546187979,6.625384829273565,0.2346302346302338,,,,,,
46,9.2,216.43243243243245,170.54054054054055,206,168,19,8,89.43243243243245,,610.4594594594595,,610.4594594594595,,0.4539717382356977,0.9942336473281099,True,2,2,1,1,"fly (1,2)",0.1999999999999993,0.8346063454759474,0.040540540540547454,0.8355903825057085,4.177951912528557,-0.20270270270259588,610.4523499403017,4.938796313047944,0.3890187616135205,,,,,,
47,9.4,216.19277108433735,170.6024096385542,204,168,22,8,89.19277108433735,,610.3975903614457,,610.3975903614457,,0.45275518316922514,0.9941328833248302,True,2,2,1,1,"fly (1,2)",0.20000000000000107,-0.23966134809509754,0.06186909801365914,0.24751837721628525,1.2375918860814197,-0.30934549006872036,610.4885818243597,7.42734165075376,0.18115942028979873,,,,,,
48,9.6,212.82608695652175,170.3913043478261,196,168,31,9,85.82608695652175,,610.6086956521739,,610.6086956521739,,0.43566541602295306,0.9944767030165699,True,2,2,1,1,"fly (1,2)",0.1999999999999993,-3.366684127815603,-0.21110529072811346,3.3732962307302494,16.866481153651307,1.0555264536407132,610.5854286712065,7.212082372669072,0.4842342342341987,,,,,,
49,9.8,212.13392857142856,170.25,195,168,31,8,85.13392857142856,,610.75,,610.75,,0.4321519216823784,0.9947068403908795,True,2,2,1,1,"fly (1,2)",0.20000000000000107,-0.6921583850931938,-0.14130434782609314,0.7064348156549021,3.5321740782744917,0.706521739130604,610.679347826087,10.199327615962897,0.8810240963856583,,,,,,
0,0.0,159.9271523178808,169.79470198675497,145,168,34,6,32.9271523178808,,611.205298013245,,611.205298013245,,0.1671429051669076,0.9954483680997477,True,3,3,1,1,"fly (1,3)",,,,,,,611.2296651356548,25.726762537353284,0.1218356120486419,,,,,,
1,0.2,170.21774193548387,169.7459677419355,145,168,58,6,43.21774193548387,,611.2540322580645,,611.2540322580645,,0.2193794006877354,0.9955277398339812,True,3,3,1,1,"fly (1,3)",0.2,10.290589617603075,-0.048734244819485184,10.290705014941315,51.45352507470657,0.2436712240972838,611.2510692741099,17.64985623045231,0.1476325629588852,,,,,,
2,0.4,170.5142857142857,169.70612244897958,145,168,58,5,43.514285714285705,,611.2938775510204,,611.2938775510204,,0.22088469905728783,0.9955926344479159,True,3,3,1,1,"fly (1,3)",0.2,0.29654377880183347,-0.03984529295590278,0.2992087233300735,1.4960436166503672,0.19922646477937178,611.254065174457,21.191557023662234,0.014979501734539213,,,,,,
3,0.6,168.390756302521,169.78571428571428,145,168,55,6,41.390756302521,,611.2142857142858,,611.2142857142858,,0.21010536194173096,0.9954630060493254,True,3,3,1,1,"fly (1,3)",0.19999999999999996,-2.123529411764707,0.07959183673469283,2.1250204759259534,10.62510237962977,-0.39795918367303795,611.2730560166651,6.992697278795819,0.09495421104077185,,,,,,
4,0.8,166.62200956937798,169.688995215311,145,168,50,6,39.62200956937798,,611.311004784689,,611.311004784689,,0.20112695212882223,0.9956205289652915,True,3,3,1,1,"fly (1,3)",0.20000000000000007,-1.7687467331430184,-0.09671907040328165,1.7713891680214642,8.856945840107318,0.48359535201598175,611.2609337428628,9.764700506654888,-0.06061136901109887,,,,,,
5,1.0,168.58369098712447,169.74248927038627,145,168,55,6,41.58369098712447,,611.2575107296137,,611.2575107296137,,0.21108472582296686,0.9955334050970908,True,3,3,1,1,"fly (1,3)",0.19999999999999996,1.9616814177464903,0.05349405507527649,1.9624106600455158,9.81205330022758,-0.2674702753762404,611.2789712609004,6.5037643336032005,0.09018759018753515,,,,,,
6,1.2,168.41558441558442,169.73160173160173,145,168,55,6,41.41558441558442,,611.2683982683983,,611.2683982683983,,0.21023139297250976,0.9955511372449484,True,3,3,1,1,"fly (1,3)",0.19999999999999996,-0.1681065715400507,-0.010887538784544404,0.16845877209494062,0.8422938604747032,0.05443769392286414,611.2281876147221,8.230038249526713,-0.2539182308919408,,,,,,
7,1.4,165.61057692307693,169.84134615384616,145,168,46,6,38.610576923076934,,611.1586538461538,,611.1586538461538,,0.19599277625927378,0.995372400400902,True,3,3,1,1,"fly (1,3)",0.19999999999999996,-2.8050074925074853,0.10974442224443237,2.8071535175755695,14.035767587877851,-0.5487221112224462,611.2293654304196,12.932842467850167,0.005889078488507782,,,,,,
8,1.6,170.39357429718876,169.73895582329317,145,168,59,6,43.39357429718876,,611.2610441767068,,611.2610441767068,,0.22027195074715109,0.9955391598969167,True,3,3,1,1,"fly (1,3)",0.20000000000000018,4.7829973741118295,-0.10239033055299274,4.784093191039594,23.92046595519795,0.5119516527651053,611.2341888495857,13.53737289278651,0.024117095830244115,,,,,,
9,1.8,170.9243027888446,169.71713147410358,145,168,59,6,43.924302788844614,,611.2828685258964,,611.2828685258964,,0.22296600400428737,0.9955747044395707,True,3,3,1,1,"fly (1,3)",0.19999999999999996,0.5307284916558501,-0.0218243491895862,0.5311770270567457,2.655885135283729,0.10912174594807314,611.274046169685,9.44503833718091,0.19928660049629332,,,,,,
10,2.0,170.57258064516128,169.72177419354838,145,168,59,6,43.57258064516128,,611.2782258064516,,611.2782258064516,,0.2211806124119862,0.9955671430072501,True,3,3,1,1,"fly (1,3)",0.19999999999999996,-0.35172214368333243,0.004642719444802879,0.35175278421221046,1.7587639210610526,-0.023213597224298613,611.2926555867772,1.6239452290861065,0.09304708546115609,,,,,,
11,2.2,170.4897119341564,169.68312757201647,145,168,58,6,43.48971193415639,,611.3168724279835,,611.3168724279835,,0.22075995905663143,0.9956300853875953,True,3,3,1,1,"fly (1,3)",0.20000000000000018,-0.08286871100489179,-0.03864662153191034,0.09143732618270828,0.457186630913541,0.19323310765969365,611.3239266162617,3.2832473591318387,0.15635514742219445,,,,,,
12,2.4,168.96412556053812,169.62331838565024,145,168,56,6,41.96412556053812,,611.3766816143498,,611.3766816143498,,0.2130158657895336,0.9957274944859117,True,3,3,1,1,"fly (1,3)",0.19999999999999973,-1.5255863736182675,-0.059809186366237554,1.526758305084183,7.633791525420926,0.29904593183118816,611.3497031992962,2.8272367964962704,0.1288829151733733,,,,,,
13,2.6,168.88888888888889,169.64444444444445,145,168,56,6,41.888888888888886,,611.3555555555556,,611.3555555555556,,0.212633953750705,0.9956930872240319,True,3,3,1,1,"fly (1,3)",0.20000000000000018,-0.07523667164923609,0.021126058794209257,0.0781464466308696,0.39073223315434763,-0.10563029397076197,611.2986245111805,7.549320485546595,-0.25539344057866276,,,,,,
14,2.8,171.80727272727273,169.83636363636364,145,168,62,6,44.80727272727273,,611.1636363636363,,611.1636363636363,,0.22744808491001386,0.9953805152502221,True,3,3,1,1,"fly (1,3)",0.19999999999999973,2.9183838383838463,0.19191919191919737,2.9246875396128984,14.623437698064512,-0.9595959595964145,611.2846519558966,8.586159153227031,-0.06986277641980665,,,,,,
15,3.0,169.66523605150215,169.66523605150215,145,168,57,5,42.66523605150215,,611.3347639484979,,611.3347639484979,,0.21657480229188908,0.9956592246718207,True,3,3,1,1,"fly (1,3)",0.20000000000000018,-2.1420366757705835,-0.1711275848614946,2.148861505692449,10.744307528462235,0.8556379243077564,611.2519703472493,10.263082738292367,-0.1634080432364732,,,,,,
16,3.2,168.58369098712447,169.74248927038627,145,168,55,6,41.58369098712447,,611.2575107296137,,611.2575107296137,,0.21108472582296686,0.9955334050970908,True,3,3,1,1,"fly (1,3)",0.20000000000000018,-1.0815450643776785,0.07725321888412395,1.084300597670072,5.421502988350355,-0.38626609442076154,611.2733742597925,5.6075817922210165,0.10701956271589079,,,,,,
17,3.4,168.45569620253164,169.77215189873417,145,168,55,6,41.45569620253164,,611.2278481012659,,611.2278481012659,,0.21043500610422153,0.9954850946274688,True,3,3,1,1,"fly (1,3)",0.19999999999999973,-0.1279947845928291,0.029662628347892905,0.13138697197009275,0.6569348598504646,-0.1483131417393226,611.2347476503504,2.914520618145351,-0.19313304721038085,,,,,,
18,3.6,167.92274678111588,169.78111587982832,145,168,54,6,40.922746781115876,,611.2188841201717,,611.2188841201717,,0.20772967909195877,0.9954704953097259,True,3,3,1,1,"fly (1,3)",0.20000000000000018,-0.5329494214157648,0.00896398109415486,0.5330248012470479,2.665124006235237,-0.04481990547105848,611.2014632930317,3.840863308540172,-0.16642178659348414,,,,,,
19,3.8,166.28378378378378,169.84234234234233,145,168,51,6,39.283783783783775,,611.1576576576576,,611.1576576576576,,0.19941006996844557,0.9953707779440678,True,3,3,1,1,"fly (1,3)",0.19999999999999973,-1.6389629973321007,0.0612264625140142,1.6401062119069616,8.20053105953482,-0.3061323125700714,611.1876351380644,3.836140249178427,-0.06914077483694822,,,,,,
20,4.0,166.4090909090909,169.81363636363636,145,168,51,6,39.40909090909091,,611.1863636363637,,611.1863636363637,,0.20004614674665436,0.9954175303523839,True,3,3,1,1,"fly (1,3)",0.20000000000000018,0.12530712530713117,-0.028705978705971802,0.12855313635304577,0.6427656817652283,0.1435298935302852,611.1862110553892,3.0601503320795547,-0.007120413375787606,,,,,,
21,4.2,166.4703196347032,169.78538812785388,145,168,51,6,39.4703196347032,,611.2146118721462,,611.2146118721462,,0.20035695246042234,0.9954635372510524,True,3,3,1,1,"fly (1,3)",0.20000000000000018,0.06122872561229542,-0.0282482357824847,0.06743085098772379,0.33715425493861867,0.14124117891242335,611.2045397288903,7.240775014127517,0.09164336750548796,,,,,,
22,4.4,162.32183908045977,169.78735632183907,145,168,40,6,35.32183908045977,,611.2126436781609,,611.2126436781609,,0.17929867553532877,0.9954603317233891,True,3,3,1,1,"fly (1,3)",0.20000000000000018,-4.148480554243434,0.0019681939851921015,4.148481021135745,20.742405105678706,-0.009840969926244716,611.2156362431659,7.164988816166415,0.055482571378509725,,,,,,
23,4.6,162.40462427745666,169.78034682080926,145,168,40,6,35.40462427745666,,611.2196531791908,,611.2196531791908,,0.17971890496170895,0.995471747848845,True,3,3,1,1,"fly (1,3)",0.1999999999999993,0.08278519699689468,-0.0070095010298132365,0.08308141757638475,0.4154070878819252,0.035047505149350525,611.241616682947,10.706492037155334,0.12990219890525614,,,,,,
24,4.8,164.59574468085106,169.70744680851064,145,168,44,6,37.595744680851055,,611.2925531914893,,611.2925531914893,,0.19084134355761956,0.995590477510569,True,3,3,1,1,"fly (1,3)",0.20000000000000018,2.191120403394393,-0.07290001229861787,2.1923327835810755,10.961663917905367,0.3645000614926627,611.2384173519864,4.151677117058652,-0.015996654802847787,,,,,,
25,5.0,164.79187817258884,169.7969543147208,145,168,45,6,37.79187817258884,,611.2030456852792,,611.2030456852792,,0.19183694503852203,0.9954446998131583,True,3,3,1,1,"fly (1,3)",0.20000000000000018,0.1961334917377826,0.08950750621016823,0.21559206907773334,1.0779603453886657,-0.44753753105055655,611.2963724650957,10.17844145819337,0.28977556554612693,,,,,,
26,5.2,168.48611111111111,169.6064814814815,145,168,54,5,41.486111111111114,,611.3935185185185,,611.3935185185185,,0.2105893965031021,0.9957549161539389,True,3,3,1,1,"fly (1,3)",0.20000000000000018,3.6942329385222763,-0.19047283323931197,3.6991400222572195,18.49570011128608,0.9523641661962747,611.3151338043667,7.933607120544001,0.09380669635504535,,,,,,
27,5.4,167.64186046511628,169.65116279069767,145,168,53,6,40.64186046511628,,611.3488372093024,,611.3488372093024,,0.20630386022901664,0.9956821452920234,True,3,3,1,1,"fly (1,3)",0.20000000000000018,-0.8442506459948333,0.044681309216173304,0.8454321809914529,4.227160904957261,-0.2234065460805821,611.3855471473688,8.072171250415334,0.3520667150108164,,,,,,
28,5.6,167.93333333333334,169.5857142857143,145,168,53,5,40.93333333333334,,611.4142857142857,,611.4142857142857,,0.2077834179357022,0.9957887389483481,True,3,3,1,1,"fly (1,3)",0.1999999999999993,0.2914728682170562,-0.06544850498337951,0.2987305470005317,1.4936527350026638,0.3272425249167566,611.3750876137611,7.210804989553307,-0.052297668038363034,,,,,,
29,5.8,171.11522633744858,169.6378600823045,145,168,59,5,44.115226337448576,,611.3621399176955,,611.3621399176955,,0.22393515907334302,0.9957038109408721,True,3,3,1,1,"fly (1,3)",0.20000000000000018,3.1818930041152385,0.052145796590224336,3.182320265740003,15.911601328700002,-0.26072898295126357,611.3741390643876,7.2106486830542735,-0.00474274686818366,,,,,,
30,6.0,170.2700421940928,169.65400843881858,145,168,58,5,43.27004219409281,,611.3459915611814,,611.3459915611814,,0.21964488423397366,0.9956775106859632,True,3,3,1,1,"fly (1,3)",0.20000000000000018,-0.8451841433557661,0.016148356514065654,0.8453383970920317,4.226691985460155,-0.08074178257004398,611.3545334096257,10.657256990048653,-0.09802827380951833,,,,,,
31,6.2,172.63671875,169.64453125,145,168,62,6,45.63671875,,611.35546875,,611.35546875,,0.23165847081218274,0.9956929458469055,True,3,3,1,1,"fly (1,3)",0.20000000000000018,2.3666765559071905,-0.009477188818578952,2.3666955311971636,11.833477655985808,0.04738594409275261,611.3266890921185,16.440203528885565,-0.1392215875354925,,,,,,
32,6.4,165.98507462686567,169.72139303482587,145,168,47,6,38.98507462686567,,611.2786069651742,,611.2786069651742,,0.19789377983180542,0.9955677637869286,True,3,3,1,1,"fly (1,3)",0.20000000000000018,-6.651644123134332,0.0768617848258657,6.6520881890421535,33.26044094521074,-0.38430892412918605,611.31498551473,15.906185881179807,-0.058517886943149904,,,,,,
33,6.6,165.46113989637306,169.68911917098447,145,168,45,5,38.461139896373055,,611.3108808290156,,611.3108808290156,,0.19523421267194443,0.9956203270830872,True,3,3,1,1,"fly (1,3)",0.1999999999999993,-0.5239347304926127,-0.03227386384139663,0.5249278084685739,2.6246390423428787,0.16136931920698375,611.2942271704891,12.774424623191047,-0.10379172120413656,,,,,,
34,6.8,164.9738219895288,169.7068062827225,145,168,45,5,37.9738219895288,,611.2931937172775,,611.2931937172775,,0.19276051771334418,0.9955915207121784,True,3,3,1,1,"fly (1,3)",0.20000000000000018,-0.4873179068442539,0.017687111738041494,0.4876387764039063,2.4381938820195295,-0.08843555869020739,611.2885376692772,1.8413511816052546,-0.028447506059402605,,,,,,
35,7.0,164.88717948717948,169.73846153846154,145,168,45,6,37.88717948717948,,611.2615384615385,,611.2615384615385,,0.19232070805674864,0.9955399649210726,True,3,3,1,1,"fly (1,3)",0.20000000000000018,-0.0866425023493207,0.03165525573902528,0.09224412409067113,0.46122062045335527,-0.15827627869498415,611.2340910541408,14.550257912301044,-0.27223307568173494,,,,,,
36,7.2,156.7377049180328,169.85245901639345,145,168,27,6,29.73770491803279,,611.1475409836065,,611.1475409836065,,0.15095281684280604,0.9953543012762321,True,3,3,1,1,"fly (1,3)",0.20000000000000018,-8.14947456914669,0.1139974779319175,8.150271846886056,40.75135923443025,-0.5699873896600133,611.1960613075856,16.016088452096362,-0.19014873277607555,,,,,,
37,7.4,158.1044776119403,169.82089552238807,145,168,30,6,31.104477611940297,,611.1791044776119,,611.1791044776119,,0.15789074929918934,0.9954057076182604,True,3,3,1,1,"fly (1,3)",0.20000000000000018,1.3667726939075067,-0.03156349400538261,1.3671371002810986,6.835685501405487,0.1578174700267708,611.220425270471,39.80765045073153,0.12181981442665908,,,,,,
38,7.6,172.47081712062257,169.66536964980546,145,168,62,6,45.47081712062257,,611.3346303501945,,611.3346303501945,,0.2308163305615359,0.9956590070850073,True,3,3,1,1,"fly (1,3)",0.1999999999999993,14.366339508682273,-0.15552587258261497,14.367181323271721,71.83590661635886,0.7776293629132197,611.2906675147806,26.363477539960794,0.35121122154824597,,,,,,
39,7.8,172.5511811023622,169.64173228346456,145,168,62,6,45.55118110236219,,611.3582677165355,,611.3582677165355,,0.23122426955513803,0.9956975044243248,True,3,3,1,1,"fly (1,3)",0.20000000000000018,0.08036398173962311,-0.02363736634089264,0.08376810042361019,0.4188405021180506,0.11818683170474731,611.3259660222433,34.89590721312471,0.1764925373134939,,,,,,
40,8.0,166.065,169.715,145,168,47,6,39.065,,611.285,,611.285,,0.19829949238578679,0.9955781758957655,True,3,3,1,1,"fly (1,3)",0.20000000000000018,-6.486181102362195,0.07326771653544029,6.486594904179448,32.43297452089721,-0.3663385826774853,611.3443660750033,18.83149677103181,0.09200026380009825,,,,,,
41,8.2,170.79237288135593,169.61016949152543,145,168,59,6,43.79237288135593,,611.3898305084746,,611.3898305084746,,0.2222963090424159,0.9957489096229227,True,3,3,1,1,"fly (1,3)",0.1999999999999993,4.727372881355933,-0.10483050847457775,4.728535058016017,23.642675290080167,0.5241525423730328,611.3442850666108,19.191639451785875,-0.00040504196249355195,,,,,,
42,8.4,171.09053497942386,169.64197530864197,145,168,59,6,44.090534979423865,,611.358024691358,,611.358024691358,,0.223809822230578,0.9956971086178469,True,3,3,1,1,"fly (1,3)",0.20000000000000107,0.2981620980679338,0.03180581711654895,0.29985370887605095,1.4992685443802467,-0.1590290855830281,611.3531102032229,9.286235069241629,0.04412568306008844,,,,,,
43,8.6,170.54918032786884,169.68852459016392,145,168,59,6,43.54918032786884,,611.311475409836,,611.311475409836,,0.22106182907547633,0.995621295455759,True,3,3,1,1,"fly (1,3)",0.1999999999999993,-0.5413546515550252,0.046549281521947705,0.5433522746528925,2.716761373264472,-0.23274640760973936,611.3645000337314,4.209654111947306,0.05694915254233873,,,,,,
44,8.8,172.228,169.576,145,168,64,6,45.22800000000001,,611.424,,611.424,,0.22958375634517772,0.9958045602605863,True,3,3,1,1,"fly (1,3)",0.20000000000000107,1.6788196721311692,-0.1125245901639289,1.6825864836394493,8.412932418197201,0.5626229508197836,611.365606649217,6.395850224934793,0.005533077428479564,,,,,,
45,9.0,170.61764705882354,169.6386554621849,145,168,58,5,43.617647058823536,,611.3613445378151,,611.3613445378151,,0.22140937593311438,0.9957025155339008,True,3,3,1,1,"fly (1,3)",0.1999999999999993,-1.6103529411764725,0.06265546218489249,1.6115713766685351,8.057856883342705,-0.31327731092460565,611.3795063803299,8.217499085042471,0.06949865556426338,,,,,,
46,9.2,172.25396825396825,169.6468253968254,145,168,61,6,45.25396825396825,,611.3531746031746,,611.3531746031746,,0.22971557489323988,0.9956892094514244,True,3,3,1,1,"fly (1,3)",0.1999999999999993,1.636321195144717,0.008169934640505971,1.6363415907174959,8.181707953587509,-0.040849673202387894,611.3488343155526,7.098647145932641,-0.1533603238866971,,,,,,
47,9.4,171.24291497975707,169.66801619433198,145,168,60,6,44.242914979757074,,611.331983805668,,611.331983805668,,0.2245833247703405,0.9956546967519022,True,3,3,1,1,"fly (1,3)",0.20000000000000107,-1.0110532742111786,0.021190797506591252,1.0112753201735472,5.056376600867709,-0.1059539875330978,611.3236242315189,12.460779760304382,-0.12605042016806098,,,,,,
48,9.6,166.4142857142857,169.71428571428572,145,168,51,6,39.41428571428571,,611.2857142857142,,611.2857142857142,,0.20007251631617112,0.9955793392275476,True,3,3,1,1,"fly (1,3)",0.1999999999999993,-4.828629265471363,0.04626951995373929,4.828850945291568,24.144254726457923,-0.2313475997686973,611.2984033510348,10.304566404280088,-0.12610440242023438,,,,,,
49,9.8,166.07177033492823,169.7224880382775,145,168,50,6,39.07177033492823,,611.2775119617224,,611.2775119617224,,0.1983338595681636,0.9955659803936847,True,3,3,1,1,"fly (1,3)",0.20000000000000107,-0.34251537935747933,0.008202323991781668,0.3426135771029282,1.713067885514632,-0.041011619958908126,611.2816131237182,12.928661305986278,-0.13617960986380268,,,,,,
0,0.0,190.3292682926829,169.29268292682926,179,168,25,4,63.32926829268291,,611.7073170731708,,611.7073170731708,,0.32146836696793357,0.9962659887185191,True,4,4,1,1,"fly (1,4)",,,,,,,611.7718403547672,2.889265297439592,0.046088058283178926,,,,,,
7,1.4,198.41818181818184,169.16363636363636,191,168,18,4,71.41818181818184,,611.8363636363637,,611.8363636363637,,0.36252884171665906,0.996476162274208,True,4,4,1,1,"fly (1,4)",1.4,8.088913525498924,-0.12904656319290098,8.089942832830857,5.778530594879184,0.09217611656635785,611.7718403547672,2.889265297439592,0.046088058283178926,,,,,,
0,0.0,466.2254641909814,174.50397877984085,443,167,49,15,111.22546419098143,,604.4960212201592,,604.4960212201592,,0.5645962649288397,0.9829203597075759,True,5,1,2,2,"fly (2,1)",,,,,,,604.6156198645783,1.321076835160137,0.5979932220955675,,,,,,
1,0.2,466.6966580976864,174.26478149100257,442,165,51,17,111.6966580976864,,604.7352185089974,,604.7352185089974,,0.566988112170997,0.9833092983886136,True,5,1,2,2,"fly (2,1)",0.2,0.4711939067049684,-0.23919728883828384,0.5284307340640548,2.642153670320274,1.195986444191135,605.173946006585,14.652410431376564,2.9909617840651967,,,,,,
2,0.4,474.8119658119658,172.7094017094017,461,167,32,14,119.81196581196582,,606.2905982905983,,606.2905982905983,,0.6081825675734306,0.9858383712042248,True,5,1,2,2,"fly (2,1)",0.2,8.115307714279425,-1.5553797816008625,8.263015524761883,41.315077623809415,7.776898908004455,605.2041267023632,28.509158664529878,0.1509034788906162,,,,,,
3,0.6,466.6744186046512,174.41343669250645,442,167,51,15,111.67441860465118,,604.5865633074935,,604.5865633074935,,0.566875221343407,0.9830675826138106,True,5,1,2,2,"fly (2,1)",0.19999999999999996,-8.13754720731464,1.7040349831047479,8.314048939891988,41.57024469945995,-8.520174915523741,604.2522869487374,51.31637447461674,-4.759198768128574,,,,,,
4,0.8,452.7218045112782,177.1203007518797,442,173,21,9,97.72180451127821,,601.8796992481202,,601.8796992481202,,0.49604976909278276,0.9786661776392199,True,5,1,2,2,"fly (2,1)",0.20000000000000007,-13.952614093372972,2.7068640593732596,14.212760220116175,71.06380110058085,-13.534320296866435,602.7657149695183,37.62368776417528,-7.378618901451734,,,,,,
7,1.4,452.5882352941177,177.1691176470588,442,173,21,9,97.58823529411768,,601.8308823529412,,601.8308823529412,,0.49537175276201867,0.9785868005738881,True,5,1,2,2,"fly (2,1)",0.5999999999999999,-0.1335692171605274,0.04881689517910104,0.14221049549102718,0.23701749248504536,-0.0813614919650263,601.8433768244139,24.05283621762162,-4.557449730878411,,,,,,
8,1.6,452.7593984962406,177.18045112781954,443,173,20,9,97.75939849624058,,601.8195488721805,,601.8195488721805,,0.49624060150375926,0.9785683721498869,True,5,1,2,2,"fly (2,1)",0.20000000000000018,0.17116320212289793,0.011333480760725934,0.17153801195979204,0.8576900597989594,-0.05666740380377173,601.8252156125609,0.5473537761420033,-0.06901444788439903,,,,,,
0,0.0,378.88971962616824,174.03364485981308,364,165,35,22,23.889719626168244,,604.9663551401869,,604.9663551401869,,0.12126761231557484,0.983685130309247,True,6,2,2,2,"fly (2,2)",,,,,,,603.4331775700934,93.16316044065893,-3.8329439252336783,,,,,,
2,0.4,453.3571428571429,177.1,442,173,22,9,98.35714285714289,,601.9,,601.9,,0.49927483683828877,0.9786991869918699,True,6,2,2,2,"fly (2,2)",0.4,74.46742323097465,3.0663551401869142,74.53052835252714,186.32632088131786,-7.665887850467357,604.4073621218278,80.01653880159148,1.157813404257979,,,,,,
4,0.8,474.3794466403162,172.64426877470356,460,165,34,16,119.37944664031619,,606.3557312252965,,606.3557312252965,,0.6059870387833309,0.9859442784151162,True,6,2,2,2,"fly (2,2)",0.4,21.0223037831733,-4.455731225296432,21.489318209382635,53.723295523456585,11.139328063241294,604.2957700575549,93.43396166970166,-1.7157737256221146,,,,,,
5,1.0,466.5157894736842,174.3684210526316,443,167,49,15,111.51578947368421,,604.6315789473684,,604.6315789473684,,0.5660699973283463,0.9831407787762089,True,6,2,2,2,"fly (2,2)",0.19999999999999996,-7.863657166631981,1.7241522779280274,8.050453720866106,40.25226860433054,-8.62076138964028,605.1741860714801,31.663942464948803,0.6789707152121114,,,,,,
6,1.2,466.3368146214099,174.46475195822455,443,167,49,15,111.33681462140993,,604.5352480417755,,604.5352480417755,,0.5651614955401519,0.9829841431573585,True,6,2,2,2,"fly (2,2)",0.19999999999999996,-0.17897485227427978,0.0963309055929642,0.20325265341185797,1.0162632670592902,-0.481654527964679,605.1036315952514,26.41289898830007,-0.35277238114379844,,,,,,
7,1.4,473.75847457627117,172.85593220338984,460,167,32,14,118.75847457627117,,606.1440677966102,,606.1440677966102,,0.6028348963262495,0.9856001102383906,True,6,2,2,2,"fly (2,2)",0.19999999999999996,7.421659954861241,-1.6088197548347125,7.594033018702077,37.970165093510396,8.044098774173564,605.6256155675278,13.698611836427787,2.6099198613817034,,,,,,
8,1.6,474.1769547325103,172.80246913580248,460,167,33,14,119.1769547325103,,606.1975308641975,,606.1975308641975,,0.6049591610787325,0.9856870420556056,True,6,2,2,2,"fly (2,2)",0.20000000000000018,0.41848015623912715,-0.05346306758735864,0.4218814297427356,2.109407148713676,0.26731533793622453,605.6869954719699,26.46077765967784,0.3068995222109076,,,,,,
9,1.8,466.4566326530612,174.28061224489795,443,165,50,17,111.4566326530612,,604.719387755102,,604.719387755102,,0.5657697088987879,0.9832835573253692,True,6,2,2,2,"fly (2,2)",0.19999999999999996,-7.72032207944909,1.4781431090954698,7.860552147361886,39.30276073680944,-7.390715545477066,605.1655176946838,14.14150299670892,-2.607388886430424,,,,,,
10,2.0,466.60313315926896,174.42036553524804,443,167,50,15,111.60313315926896,,604.579634464752,,604.579634464752,,0.5665133662907054,0.9830563162028487,True,6,2,2,2,"fly (2,2)",0.19999999999999996,0.146500506207758,0.139753290350086,0.20246822092072814,1.012341104603641,-0.6987664517504301,604.6343962955069,13.763848675145956,-2.6556069958847206,,,,,,
11,2.2,466.796875,174.39583333333334,443,167,51,15,111.796875,,604.6041666666666,,604.6041666666666,,0.5674968274111675,0.9830962059620596,True,6,2,2,2,"fly (2,2)",0.20000000000000018,0.19374184073103606,-0.024532201914695406,0.19528883680495804,0.9764441840247893,0.12266100957333481,604.5815082152102,1.5032226245961429,-0.26444040148362563,,,,,,
12,2.4,466.29457364341084,174.43927648578813,443,166,49,16,111.29457364341084,,604.5607235142119,,604.5607235142119,,0.5649470743320347,0.9830255666897754,True,6,2,2,2,"fly (2,2)",0.19999999999999973,-0.5023013565891574,0.043443152454784695,0.504176517031999,2.520882585159998,-0.21721576227378164,604.5697313261156,1.5913122013310197,-0.05888444547262387,,,,,,
13,2.6,466.5493670886076,174.45569620253164,442,166,51,16,111.5493670886076,,604.5443037974684,,604.5443037974684,,0.5662404420741503,0.9829988679633632,True,6,2,2,2,"fly (2,2)",0.20000000000000018,0.2547934451967535,0.01641971674351339,0.2553219669616546,1.276609834808272,-0.08209858371742478,604.545371798194,1.6251235879466528,-0.12179763960849271,,,,,,
14,2.8,466.3341968911917,174.46891191709844,443,167,50,15,111.33419689119171,,604.5310880829015,,604.5310880829015,,0.565148207569501,0.9829773789965879,True,6,2,2,2,"fly (2,2)",0.19999999999999973,-0.21517019741588683,0.013215714566797487,0.21557566877433726,1.0778783438716877,-0.06607857283427174,604.5682115667378,1.2783642917831133,0.11419884271901977,,,,,,
15,3.0,466.6135770234987,174.37075718015666,442,167,51,15,111.61357702349869,,604.6292428198433,,604.6292428198433,,0.5665663808299426,0.9831369801948672,True,6,2,2,2,"fly (2,2)",0.20000000000000018,0.2793801323069829,-0.09815473694177967,0.2961209393338763,1.4806046966693802,0.4907736847087558,604.5749915674057,1.1481963001749234,0.03390000333979507,,,,,,
16,3.2,466.4485488126649,174.4353562005277,443,168,50,14,111.44854881266491,,604.5646437994723,,604.5646437994723,,0.5657286741759641,0.9830319411373533,True,6,2,2,2,"fly (2,2)",0.20000000000000018,-0.16502821083378194,0.06459902037104825,0.17722117199674053,0.8861058599837018,-0.3229951018550989,604.5552271637034,0.9437032033822618,-0.09882201851117645,,,,,,
17,3.4,466.44615384615383,174.52820512820512,442,168,51,14,111.44615384615383,,604.4717948717948,,604.4717948717948,,0.5657165169855525,0.9828809672712111,True,6,2,2,2,"fly (2,2)",0.19999999999999973,-0.0023949665110762908,0.09284892767740871,0.09287981069874039,0.4643990534937026,-0.46424463838718627,604.5247003363098,0.737070096209068,-0.15263413696819367,,,,,,
18,3.6,466.6051948051948,174.46233766233766,441,167,52,15,111.6051948051948,,604.5376623376624,,604.5376623376624,,0.5665238314984508,0.9829880688417274,True,6,2,2,2,"fly (2,2)",0.20000000000000018,0.15904095904096494,-0.06586746586745562,0.17214107502996,0.8607053751497993,0.32933732933770415,604.5001377606028,0.9567072327093545,-0.12281287853473603,,,,,,
19,3.8,466.2997416020672,174.50904392764858,441,168,52,14,111.29974160206717,,604.4909560723514,,604.4909560723514,,0.5649733076247064,0.9829121236948803,True,6,2,2,2,"fly (2,2)",0.19999999999999973,-0.3054532031276267,0.046706265310916706,0.3090034538969118,1.5450172694845612,-0.23353132655472594,604.5257787862439,0.8990850501990783,0.1282051282051571,,,,,,
20,4.0,466.3076923076923,174.45128205128205,442,167,51,15,111.30769230769232,,604.5487179487179,,604.5487179487179,,0.5650136665365092,0.9830060454450698,True,6,2,2,2,"fly (2,2)",0.20000000000000018,0.007950705625148657,-0.057761876366527076,0.05830650119257483,0.2915325059628739,0.288809381832493,605.0728452698958,14.30786752525488,2.735332418259302,,,,,,
21,4.2,474.3617886178862,172.8211382113821,460,167,33,14,119.36178861788619,,606.178861788618,,606.178861788618,,0.6058974041517066,0.9856566858351511,True,6,2,2,2,"fly (2,2)",0.20000000000000018,8.05409631019387,-1.6301438398999437,8.217410560063447,41.0870528003172,8.150719199500138,605.3637898686679,20.68929265314004,4.2197642906663155,,,,,,
0,0.0,416.4673366834171,170.24371859296483,396,165,42,14,61.4673366834171,,608.7562814070352,,608.7562814070352,,0.3120169374792746,0.9898476120439597,True,7,3,2,2,"fly (2,3)",,,,,,,608.7357424165797,22.067938261221542,-0.10269495227760217,,,,,,
1,0.2,407.6402569593148,170.2847965738758,373,165,65,12,52.6402569593148,,608.7152034261242,,608.7152034261242,,0.26720942618941523,0.9897808185790636,True,7,3,2,2,"fly (2,3)",0.2,-8.827079724102305,0.041077980910984024,8.827175304488618,44.135876522443084,-0.20538990455520434,608.730523434415,14.72948789908753,-0.06032656158292108,,,,,,
2,0.4,407.64957264957263,170.27991452991452,373,165,66,12,52.64957264957263,,608.7200854700855,,608.7200854700855,,0.2672567139572215,0.9897887568619276,True,7,3,2,2,"fly (2,3)",0.2,0.00931569025783574,-0.004882043961288218,0.010517434963900965,0.052587174819504826,0.02441021980644109,608.7179463342732,14.773451657621598,-0.06288550070905785,,,,,,
3,0.6,407.67590618336885,170.2814498933902,373,165,66,13,52.67590618336885,,608.7185501066098,,608.7185501066098,,0.2673903867176084,0.9897862603359509,True,7,3,2,2,"fly (2,3)",0.19999999999999996,0.026333533796218944,0.001535363475682061,0.026378255120440848,0.13189127560220426,-0.007676817378410307,608.7366258022536,0.9690164528528306,0.09339733990202599,,,,,,
4,0.8,408.2178649237473,170.22875816993465,373,165,66,12,53.2178649237473,,608.7712418300654,,608.7712418300654,,0.27014144631343806,0.9898719379350657,True,7,3,2,2,"fly (2,3)",0.20000000000000007,0.5419587403784476,-0.05269172345555262,0.5445141816273567,2.7225709081367824,0.2634586172780472,608.7376229532507,15.323646110331802,0.004985754985682378,,,,,,
5,1.0,416.8410256410256,170.27692307692308,398,165,40,14,61.841025641025624,,608.7230769230769,,608.7230769230769,,0.3139138357412468,0.9897936210131331,True,7,3,2,2,"fly (2,3)",0.19999999999999996,8.623160717278324,0.048164906988432676,8.623295229451282,43.11647614725642,-0.24082453494258976,608.743127896069,15.826390115728776,0.02752471409185844,,,,,,
6,1.2,417.16883116883116,170.26493506493506,399,165,39,14,62.16883116883116,,608.7350649350649,,608.7350649350649,,0.31557782319203637,0.9898131137155527,True,7,3,2,2,"fly (2,3)",0.19999999999999996,0.3278055278055376,-0.011988011988023572,0.32802465835862415,1.6401232917931212,0.059940059940117876,608.7347519492597,15.157784615233538,-0.041879734046877594,,,,,,
7,1.4,417.0259067357513,170.2538860103627,398,165,40,14,62.02590673575128,,608.7461139896373,,608.7461139896373,,0.31485231845559025,0.9898310796579467,True,7,3,2,2,"fly (2,3)",0.19999999999999996,-0.14292443307988378,-0.011049054572367822,0.14335088133021484,0.7167544066510744,0.055245272861839126,608.7332830004761,1.1852239138285297,-0.007344743917580332,,,,,,
8,1.6,416.78772378516624,170.28132992327366,397,165,41,14,61.787723785166236,,608.7186700767263,,608.7186700767263,,0.3136432679450063,0.9897864554093111,True,7,3,2,2,"fly (2,3)",0.20000000000000018,-0.2381829505850419,0.027443912910968038,0.23975880860827892,1.1987940430413935,-0.13721956455469797,608.7262360389988,0.8194870131248613,-0.03523480738673846,,,,,,
9,1.8,416.8962025316456,170.2860759493671,397,165,42,14,61.8962025316456,,608.7139240506328,,608.7139240506328,,0.3141939214804345,0.989778738293712,True,7,3,2,2,"fly (2,3)",0.19999999999999996,0.10847874647936351,0.004746026093442879,0.10858251793642318,0.542912589682116,-0.02373013046735651,608.720958008526,0.7532497606941587,-0.026390152363925733,,,,,,
10,2.0,416.793893129771,170.26972010178116,397,165,41,14,61.79389312977099,,608.7302798982189,,608.7302798982189,,0.31367458441508117,0.9898053331678356,True,7,3,2,2,"fly (2,3)",0.19999999999999996,-0.10230940187460646,-0.016355847585941774,0.10360852987179331,0.5180426493589667,0.08177923793027732,608.7297178146003,0.41504991000098507,0.043799030371853065,,,,,,
11,2.2,416.76010101010104,170.25505050505052,397,165,41,14,61.76010101010104,,608.7449494949494,,608.7449494949494,,0.31350305081269564,0.9898291861706495,True,7,3,2,2,"fly (2,3)",0.20000000000000018,-0.03379211966995399,-0.014669596730641388,0.036838898192374535,0.18419449096187251,0.07334798365263843,608.7214495213842,1.272801929579596,-0.041341466080666744,,,,,,
12,2.4,417.38082901554407,170.31088082901553,398,165,41,14,62.380829015544066,,608.6891191709844,,608.6891191709844,,0.3166539543936247,0.9897384051560723,True,7,3,2,2,"fly (2,3)",0.19999999999999973,0.6207280054430271,0.05583032396501153,0.6232337296835889,3.1161686484179487,-0.27915161982491593,608.7244616350835,17.465106903487115,0.015060568495641505,,,,,,
13,2.6,407.5619658119658,170.26068376068375,373,165,66,13,52.56196581196582,,608.7393162393163,,608.7393162393163,,0.266812009197796,0.9898200264053924,True,7,3,2,2,"fly (2,3)",0.20000000000000018,-9.818863203578246,-0.05019706833178361,9.818991514216313,49.09495757108152,0.25098534165920205,608.7041244113783,33.773058743044835,-0.10168611852539809,,,,,,
14,2.8,417.3834196891192,170.31606217616581,398,165,41,14,62.383419689119194,,608.6839378238342,,608.6839378238342,,0.3166671050209096,0.9897299802013564,True,7,3,2,2,"fly (2,3)",0.19999999999999973,9.821453877153374,0.05537841548206757,9.821610001926993,49.10805000963503,-0.27689207741048033,608.7258548026593,48.53185005498354,0.10865195640519654,,,,,,
15,3.0,407.9051724137931,170.2456896551724,373,165,66,12,52.90517241379308,,608.7543103448276,,608.7543103448276,,0.268554174689305,0.9898444070647603,True,7,3,2,2,"fly (2,3)",0.20000000000000018,-9.478247275326112,-0.07037252099340208,9.478508516846826,47.39254258423409,0.35186260496686794,608.7160572775946,47.833990684351654,-0.04898762532358603,,,,,,
16,3.2,417.30534351145036,170.29007633587787,397,165,42,14,62.30534351145036,,608.7099236641221,,608.7099236641221,,0.31627077924594094,0.9897722336001986,True,7,3,2,2,"fly (2,3)",0.20000000000000018,9.400171097657278,0.04438668070545759,9.400275891837179,47.001379459185856,-0.22193340352714566,608.7299786509313,47.26874479793033,0.06960686668378455,,,,,,
17,3.4,407.8228941684665,170.27429805615552,373,165,66,12,52.82289416846652,,608.7257019438445,,608.7257019438445,,0.26813651862165744,0.9897978893395845,True,7,3,2,2,"fly (2,3)",0.19999999999999973,-9.482449342983841,-0.015778279722354682,9.482462470074198,47.41231235037105,0.07889139861163141,608.7374769532025,32.354040917087424,0.03749151135593821,,,,,,
18,3.6,408.3501094091904,170.22319474835885,373,165,67,12,53.350109409190395,,608.7768052516411,,608.7768052516411,,0.2708127381177177,0.9898809841490099,True,7,3,2,2,"fly (2,3)",0.20000000000000018,0.5272152407238764,-0.05110330779666583,0.529686188341074,2.6484309417053673,0.25551653898332893,608.7641471833239,16.766565523572662,0.1333511506061313,,,,,,
19,3.8,408.3960612691466,170.21006564551422,373,165,67,12,53.39606126914663,,608.7899343544858,,608.7899343544858,,0.2710459962900844,0.9899023322837167,True,7,3,2,2,"fly (2,3)",0.19999999999999973,0.045951859956232965,-0.01312910284462987,0.04779065572831278,0.2389532786415642,0.06564551422343365,608.7726072857364,1.4465388267637624,0.042300512063017465,,,,,,
20,4.0,408.1082251082251,170.24891774891776,373,165,66,13,53.1082251082251,,608.7510822510823,,608.7510822510823,,0.26958489902652333,0.9898391581318411,True,7,3,2,2,"fly (2,3)",0.20000000000000018,-0.28783616092152897,0.03885210340354206,0.2904464519888715,1.452232259944356,-0.19426051701771013,608.7762542587487,1.050949554232737,0.018234865062064887,,,,,,
21,4.2,408.398249452954,170.21225382932167,373,165,66,12,53.39824945295402,,608.7877461706784,,608.7877461706784,,0.27105710382210163,0.9898987742612656,True,7,3,2,2,"fly (2,3)",0.20000000000000018,0.2900243447289199,-0.036663919596094274,0.2923326248224584,1.4616631241122908,0.1833195979804712,608.7339473734636,19.28589821721416,-0.21153442642609344,,,,,,
22,4.4,419.386301369863,170.33698630136988,400,165,38,14,64.38630136986302,,608.6630136986302,,608.6630136986302,,0.32683401710590365,0.989695957233545,True,7,3,2,2,"fly (2,3)",0.20000000000000018,10.988051916909,0.12473247204820836,10.988759853517177,54.94379926758584,-0.6236623602410413,608.7397193792357,36.849108528460526,0.028860028860057507,,,,,,
23,4.6,408.5584415584416,170.23160173160173,373,165,67,12,53.55844155844159,,608.7683982683983,,608.7683982683983,,0.2718702617179776,0.9898673142575583,True,7,3,2,2,"fly (2,3)",0.1999999999999993,-10.827859811421433,-0.10538456976814814,10.828372638736655,54.14186319368346,0.5269228488407426,608.7002142454197,50.57313834170634,-0.19752566907925387,,,,,,
24,4.8,417.0846153846154,170.33076923076922,397,165,41,14,62.084615384615404,,608.6692307692308,,608.6692307692308,,0.315150331901601,0.9897060662914322,True,7,3,2,2,"fly (2,3)",0.20000000000000018,8.526173826173817,0.09916749916749268,8.52675051276995,42.63375256384972,-0.49583749583746295,608.7045498152642,32.2897076974754,0.02167784922183653,,,,,,
25,5.0,417.1020408163265,170.32397959183675,397,165,42,14,62.10204081632651,,608.6760204081633,,608.6760204081633,,0.3152387858696777,0.989717106354737,True,7,3,2,2,"fly (2,3)",0.20000000000000018,0.017425431711103556,-0.006789638932474418,0.018701466978601058,0.09350733489300521,0.03394819466222995,608.6717759679123,14.31176729957742,-0.1638692367593344,,,,,,
26,5.2,417.14322250639384,170.3299232736573,397,165,42,14,62.14322250639384,,608.6700767263427,,608.6700767263427,,0.3154478299816946,0.9897074418314515,True,7,3,2,2,"fly (2,3)",0.20000000000000018,0.041181690067332966,0.005943681820554048,0.04160839999790734,0.2080419999895365,-0.02971840910277021,608.6836859900051,0.41552697262766136,0.05955011046391211,,,,,,
27,5.4,417.3289817232376,170.29503916449087,398,165,40,14,62.328981723237575,,608.7049608355092,,608.7049608355092,,0.31639077016871864,0.9897641639601775,True,7,3,2,2,"fly (2,3)",0.20000000000000018,0.18575921684373498,-0.034884109166426924,0.18900631660008863,0.9450315830004423,0.17442054583227656,608.683710035613,0.8750424558506782,0.00012022803976661593,,,,,,
28,5.6,417.03598971722363,170.32390745501286,397,165,41,14,62.03598971722363,,608.6760925449871,,608.6760925449871,,0.314903501102658,0.9897172236503855,True,7,3,2,2,"fly (2,3)",0.1999999999999993,-0.2929920060139466,0.028868290521984363,0.2944107569124101,1.4720537845620556,-0.14434145261020653,608.6880143570726,0.8837116380525893,0.02152160729830614,,,,,,
29,5.8,416.9896907216495,170.31701030927834,397,165,41,14,61.98969072164948,,608.6829896907217,,608.6829896907217,,0.31466848082055576,0.9897284385214987,True,7,3,2,2,"fly (2,3)",0.20000000000000018,-0.04629899557414774,-0.006897145734512833,0.04680990931905402,0.23404954659526991,0.034485728672848354,608.6778538007918,0.8813440551743178,-0.050802781404210545,,,,,,
30,6.0,417.1770833333333,170.32552083333334,398,165,40,14,62.177083333333314,,608.6744791666666,,608.6744791666666,,0.31561971235194575,0.9897146002710027,True,7,3,2,2,"fly (2,3)",0.20000000000000018,0.18739261168383337,0.008510524054997859,0.1875857668731257,0.9379288343656277,-0.04255262027527348,608.6807882302405,0.7253114833446905,0.014672147243762382,,,,,,
31,6.2,417.3776041666667,170.31510416666666,398,165,41,14,62.377604166666686,,608.6848958333334,,608.6848958333334,,0.31663758460236896,0.9897315379403795,True,7,3,2,2,"fly (2,3)",0.20000000000000018,0.20052083333337123,-0.010416666666685614,0.20079121381463502,1.0039560690731741,0.05208333333371224,608.6814236111112,0.6472949678129339,0.0031769043528129307,,,,,,
32,6.4,417.3776041666667,170.31510416666666,398,165,41,14,62.377604166666686,,608.6848958333334,,608.6848958333334,,0.31663758460236896,0.9897315379403795,True,7,3,2,2,"fly (2,3)",0.20000000000000018,0.0,0.0,0.0,0.0,0.0,608.6910849567099,16.39692254368793,0.048306727994334726,,,,,,
33,6.6,407.7402597402597,170.2965367965368,373,165,66,13,52.74025974025972,,608.7034632034632,,608.7034632034632,,0.26771705451908484,0.9897617287861191,True,7,3,2,2,"fly (2,3)",0.1999999999999993,-9.637344426406969,-0.018567370129858318,9.637362312398087,48.18681156199061,0.09283685064929192,608.6753083914542,33.245962854903695,-0.07888282627864837,,,,,,
34,6.8,418.05026455026456,170.36243386243387,398,165,41,14,63.05026455026456,,608.6375661375662,,608.6375661375662,,0.32005210431606373,0.9896545790854735,True,7,3,2,2,"fly (2,3)",0.20000000000000018,10.310004810004841,0.06589706589707589,10.310215400544104,51.551077002720476,-0.32948532948523707,608.6583918941643,34.57593162160972,-0.0845824864499413,,,,,,
35,7.0,418.84823848238483,170.3658536585366,399,165,39,14,63.84823848238483,,608.6341463414634,,608.6341463414634,,0.32410273341312096,0.989649018441404,True,7,3,2,2,"fly (2,3)",0.20000000000000018,0.7979739321202715,0.0034197961027189194,0.7979812600236122,3.989906300118058,-0.0170989805138788,608.6768453361472,20.47859560956722,0.09226720991421182,,,,,,
36,7.2,420.0205882352941,170.24117647058824,404,165,34,14,65.0205882352941,,608.7588235294118,,608.7588235294118,,0.3300537473872797,0.9898517455762793,True,7,3,2,2,"fly (2,3)",0.20000000000000018,1.1723497529092697,-0.12467718794835037,1.1789607051726254,5.8948035258631215,0.6233859397417513,608.7170520896201,8.543322901691024,0.20103376736453038,,,,,,
37,7.4,416.8715365239295,170.2418136020151,397,165,41,14,61.87153652392948,,608.7581863979849,,608.7581863979849,,0.314068713319439,0.9898507095902194,True,7,3,2,2,"fly (2,3)",0.20000000000000018,-3.1490517113646206,0.0006371314268562855,3.149051775818381,15.745258879091892,-0.0031856571342814247,608.7227453618116,10.901344027889829,0.028466360957963028,,,,,,
38,7.6,419.0817438692098,170.34877384196184,399,165,39,14,64.08174386920979,,608.6512261580382,,608.6512261580382,,0.32528803994522737,0.9896767905008751,True,7,3,2,2,"fly (2,3)",0.1999999999999993,2.2102073452803097,0.1069602399467442,2.2127939357428876,11.063969678714477,-0.5348011997335808,608.6679443856272,28.03568796473435,-0.27400488092231073,,,,,,
39,7.8,407.6223175965665,170.40557939914163,373,165,66,12,52.62231759656652,,608.5944206008584,,608.5944206008584,,0.2671183634343478,0.9895844237412331,True,7,3,2,2,"fly (2,3)",0.20000000000000018,-11.45942627264327,0.05680555717978564,11.459567067279346,57.29783533639668,-0.28402778589907,608.6675965386798,41.69963602557559,-0.0017392347367233274,,,,,,
40,8.0,418.9685714285714,170.24285714285713,403,165,35,14,63.96857142857141,,608.7571428571429,,608.7571428571429,,0.3247135605511239,0.989849012775842,True,7,3,2,2,"fly (2,3)",0.20000000000000018,11.34625383200489,-0.16272225628449632,11.347420612323136,56.73710306161563,0.8136112814224808,606.3909973431432,57.489432156757324,-3.6766467713334827,,,,,,
43,8.6,453.3357142857143,177.17857142857142,442,173,22,9,98.33571428571429,,601.8214285714286,,601.8214285714286,,0.49916606236403194,0.9785714285714285,True,7,3,2,2,"fly (2,3)",0.5999999999999996,34.36714285714288,6.935714285714283,35.06001484335579,58.43335807225968,-11.55952380952386,605.0355921855922,60.37119909161991,0.9293234185938785,,,,,,
44,8.8,466.2435897435897,174.47179487179488,441,167,52,15,111.24358974358972,,604.5282051282052,,604.5282051282052,,0.5646882728101001,0.9829726912653742,True,7,3,2,2,"fly (2,3)",0.20000000000000107,12.907875457875434,-2.706776556776532,13.188627228196951,65.94313614098441,13.533882783883014,603.6493459849843,41.99225600484945,0.7751182033096148,,,,,,
45,9.0,466.5558510638298,174.40159574468086,443,167,49,15,111.55585106382978,,604.5984042553191,,604.5984042553191,,0.5662733556539583,0.9830868361875107,True,7,3,2,2,"fly (2,3)",0.1999999999999993,0.3122613202400544,-0.07019912711402299,0.3200547602608537,1.6002738013042743,0.3509956355696898,604.5767775959265,22.607976288873385,4.637158054711274,,,,,,
46,9.2,466.5,174.39627659574467,443,167,49,15,111.5,,604.6037234042553,,604.6037234042553,,0.565989847715736,0.9830954852101713,True,7,3,2,2,"fly (2,3)",0.1999999999999993,-0.05585106382977756,-0.005319148936195006,0.056103784866293215,0.2805189243314671,0.026595744681117233,604.6029661643025,0.670629854208992,0.13094284188033176,,,,,,
47,9.4,466.5260416666667,174.39322916666666,442,167,51,15,111.52604166666669,,604.6067708333334,,604.6067708333334,,0.5661220389170898,0.9831004403794038,True,7,3,2,2,"fly (2,3)",0.20000000000000107,0.026041666666685614,-0.003047429078009145,0.02621936739824705,0.13109683699123456,0.015237145390187752,604.6417157312957,0.36428164738595514,0.19374783496516634,,,,,,
48,9.6,466.6092544987147,174.2853470437018,443,165,50,17,111.60925449871468,,604.7146529562982,,604.7146529562982,,0.5665444390797699,0.9832758584655256,True,7,3,2,2,"fly (2,3)",0.1999999999999993,0.08321283204799101,-0.10788212296486677,0.13624583616703226,0.6812291808351637,0.5394106148241936,604.6889750249928,0.5539733319002806,0.23629646848614097,,,,,,
49,9.8,466.7763496143959,174.25449871465295,443,165,50,17,111.77634961439588,,604.745501285347,,604.745501285347,,0.5673926376365274,0.9833260183501578,True,7,3,2,2,"fly (2,3)",0.20000000000000107,0.1670951156812066,-0.03084832904883683,0.16991879557488962,0.8495939778744436,0.15424164524404121,604.7300771208227,0.7654115793548036,0.3468261300341176,,,,,,
0,0.0,510.4089219330855,169.21561338289962,489,165,45,9,155.40892193308548,,609.7843866171004,,609.7843866171004,,0.7888777763100786,0.9915193278326836,True,8,4,2,2,"fly (2,4)",,,,,,,609.8164960973947,0.17008958450302925,0.16054740147211533,,,,,,
1,0.2,510.3864541832669,169.15139442231074,490,165,43,9,155.3864541832669,,609.8486055776892,,609.8486055776892,,0.7887637268186136,0.9916237489068117,True,8,4,2,2,"fly (2,4)",0.2,-0.022467749818588345,-0.06421896058887455,0.0680358338012117,0.3401791690060585,0.32109480294423065,609.8267939176741,0.39969814383340685,0.1050049018874688,,,,,,
2,0.4,510.55823293172693,169.15261044176708,490,165,43,9,155.55823293172693,,609.8473895582329,,609.8473895582329,,0.7896357001610504,0.991621771639403,True,8,4,2,2,"fly (2,4)",0.2,0.17177874846004215,0.0012160194563364257,0.17178305249883244,0.8589152624941622,-0.006080097281824237,609.8211456654625,0.5722687508562286,-0.028241261058686518,,,,,,
3,0.6,510.6240310077519,169.2325581395349,490,165,43,9,155.6240310077519,,609.7674418604652,,609.7674418604652,,0.789969700546964,0.9914917753828701,True,8,4,2,2,"fly (2,4)",0.19999999999999996,0.06579807602497567,0.07994769776780686,0.10354236421369307,0.5177118210684655,-0.39973848883846597,609.8410659841875,0.6937876117103395,0.09960159362549337,,,,,,
4,0.8,510.6215139442231,169.09163346613545,490,165,43,9,155.62151394422312,,609.9083665338645,,609.9083665338645,,0.7899569235747367,0.9917209211932756,True,8,4,2,2,"fly (2,4)",0.20000000000000007,-0.002517063528785002,-0.14092467339943937,0.1409471503136782,0.7047357515683907,0.7046233669967703,609.822339061846,1.0619930645317706,-0.0936346117068374,,,,,,
5,1.0,510.996336996337,169.2087912087912,490,165,44,9,155.996336996337,,609.7912087912088,,609.7912087912088,,0.791859578661609,0.9915304207987135,True,8,4,2,2,"fly (2,4)",0.19999999999999996,0.374823052113868,0.11715774265576329,0.39270632419169094,1.963531620958455,-0.5857887132788165,609.8268657409611,1.0002420840947954,0.02263339557506079,,,,,,
6,1.2,511.0620437956204,169.2189781021898,490,165,44,9,156.0620437956204,,609.7810218978102,,609.7810218978102,,0.7921931157138092,0.9915138567444068,True,8,4,2,2,"fly (2,4)",0.19999999999999996,0.0657067992834186,0.010186893398582697,0.06649177595150807,0.3324588797575404,-0.05093446699277139,609.8123331240977,1.7036128472756111,-0.07266308431762052,,,,,,
7,1.4,510.50533807829186,169.135231316726,489,165,45,9,155.50533807829186,,609.864768683274,,609.864768683274,,0.7893671983669638,0.9916500303793072,True,8,4,2,2,"fly (2,4)",0.19999999999999996,-0.5567057173285548,-0.0837467854638021,0.5629696082221676,2.8148480411108383,0.4187339273187264,609.8634800091928,1.4416974398728268,0.2557344254760588,,,,,,
8,1.6,510.7269372693727,169.05535055350555,490,165,44,9,155.72693726937268,,609.9446494464944,,609.9446494464944,,0.7904920673572218,0.9917799177991778,True,8,4,2,2,"fly (2,4)",0.20000000000000018,0.22159919108082704,-0.07988076322044435,0.23555707975002063,1.1777853987501021,0.3994038161022214,609.8993024461339,1.9667697750225095,0.17911218470487703,,,,,,
9,1.8,511.10431654676256,169.1115107913669,490,165,45,9,156.10431654676256,,609.8884892086331,,609.8884892086331,,0.7924076982069166,0.9916886003392409,True,8,4,2,2,"fly (2,4)",0.19999999999999996,0.37737927738987764,0.056160237861348605,0.38153517704131745,1.9076758852065876,-0.28080118930631676,609.9061079467709,1.5274960745098263,0.03402750318533271,,,,,,
10,2.0,511.40370370370374,169.11481481481482,490,165,45,9,156.40370370370374,,609.8851851851852,,609.8851851851852,,0.7939274299680393,0.9916832279433905,True,8,4,2,2,"fly (2,4)",0.19999999999999996,0.29938715694117946,0.0033040234479244646,0.29940538791455784,1.4970269395727895,-0.016520117239906543,609.8859107882776,1.458443701481892,-0.1009857924664933,,,,,,
11,2.2,511.5978260869565,169.1159420289855,490,165,45,9,156.5978260869565,,609.8840579710145,,609.8840579710145,,0.7949128227764289,0.9916813950748203,True,8,4,2,2,"fly (2,4)",0.20000000000000018,0.1941223832527612,0.0011272141706797356,0.19412565593326012,0.9706282796662997,-0.005636070853256564,609.9087581353998,3.709512376292801,0.11423673561144689,,,,,,
12,2.4,509.8671875,169.04296875,489,165,45,9,154.8671875,,609.95703125,,609.95703125,,0.7861278553299492,0.9918000508130081,True,8,4,2,2,"fly (2,4)",0.19999999999999973,-1.730638586956502,-0.07297327898550066,1.7321763819278604,8.660881909639313,0.3648663949275038,609.9085682018766,4.9424782023155975,-0.0009496676163201859,,,,,,
13,2.6,510.9038461538462,169.1153846153846,490,165,46,9,155.9038461538462,,609.8846153846154,,609.8846153846154,,0.7913900819992192,0.991682301438399,True,8,4,2,2,"fly (2,4)",0.20000000000000018,1.0366586538461888,0.0724158653846132,1.0391848835282367,5.195924417641179,-0.36207932692320777,609.8808043060467,4.996360261427307,-0.13881947914929535,,,,,,
14,2.8,510.69348659003833,169.1992337164751,490,165,46,9,155.69348659003833,,609.8007662835249,,609.8007662835249,,0.7903222669545094,0.9915459614366259,True,8,4,2,2,"fly (2,4)",0.19999999999999973,-0.21035956380785592,0.08384910109049315,0.2264548914002856,1.1322744570014296,-0.4192455054521821,609.8284605560467,2.9862693101072573,-0.2617187500000759,,,,,,
15,3.0,511.2196078431373,169.2,490,165,46,9,156.21960784313728,,609.8,,609.8,,0.7929929332138949,0.9915447154471544,True,8,4,2,2,"fly (2,4)",0.20000000000000018,0.5261212530989496,0.000766283524882283,0.5261218111358333,2.630609055679164,-0.0038314176248377373,609.8263992186913,1.4004427380503313,-0.010306686777236784,,,,,,
16,3.2,511.25882352941176,169.12156862745098,490,165,46,8,156.25882352941176,,609.878431372549,,609.878431372549,,0.7931919976112272,0.991672246134226,True,8,4,2,2,"fly (2,4)",0.20000000000000018,0.03921568627447414,-0.07843137254900512,0.08768894029408049,0.43844470147040204,0.3921568627453095,609.7963192294461,1.366716639230858,-0.15039994622573782,,,,,,
17,3.4,511.1390977443609,169.28947368421052,490,165,46,9,156.13909774436092,,609.7105263157895,,609.7105263157895,,0.7925842525094463,0.9913992297817715,True,8,4,2,2,"fly (2,4)",0.19999999999999973,-0.1197257850508322,0.16790505675953682,0.20621923210860174,1.03109616054301,-0.8395252837976852,609.7937048503612,0.9450956759803916,-0.013071895424825323,,,,,,
18,3.6,510.878431372549,169.2078431372549,490,165,46,9,155.87843137254902,,609.7921568627451,,609.7921568627451,,0.7912610729571016,0.9915319623784472,True,8,4,2,2,"fly (2,4)",0.20000000000000018,-0.260666371811908,-0.08163054695560845,0.2731492331855531,1.3657461659277643,0.40815273477789976,609.7577037313663,0.8981610763187131,-0.18000559497465984,,,,,,
19,3.8,510.9338521400778,169.2295719844358,490,165,46,9,155.93385214007782,,609.7704280155642,,609.7704280155642,,0.7915423966501413,0.9914966309196166,True,8,4,2,2,"fly (2,4)",0.19999999999999973,0.05542076752880121,0.021728847180895627,0.059528180497073334,0.29764090248536706,-0.10864423590419406,609.7836067241423,0.9486028925498724,0.12951496388022082,,,,,,
20,4.0,510.69803921568626,169.21176470588236,490,165,46,9,155.69803921568626,,609.7882352941176,,609.7882352941176,,0.7903453767293719,0.9915255858440937,True,8,4,2,2,"fly (2,4)",0.20000000000000018,-0.23581292439155277,-0.017807278553448214,0.2364843218472977,1.1824216092364874,0.08903639276695677,609.7527610271817,1.1281118682033309,-0.1542284848032219,,,,,,
21,4.2,511.0684410646388,169.30038022813687,490,165,45,9,156.06844106463882,,609.6996197718631,,609.6996197718631,,0.7922255891606031,0.9913814955640051,True,8,4,2,2,"fly (2,4)",0.20000000000000018,0.3704018489525538,0.08861552225451419,0.38085461857762837,1.9042730928881402,-0.44307761127242845,609.7331058388578,1.468632672770579,-0.0982759416189082,,,,,,
22,4.4,511.3320158102767,169.28853754940712,492,165,42,9,156.3320158102767,,609.7114624505929,,609.7114624505929,,0.7935635320318614,0.9914007519521836,True,8,4,2,2,"fly (2,4)",0.20000000000000018,0.2635747456378681,-0.011842678729749423,0.2638406632374224,1.3192033161871108,0.05921339364874706,609.7057296975617,1.4816392422233478,-0.13688070648110315,,,,,,
23,4.6,511.087786259542,169.293893129771,490,165,46,9,156.08778625954199,,609.706106870229,,609.706106870229,,0.7923237881195024,0.9913920436914292,True,8,4,2,2,"fly (2,4)",0.1999999999999993,-0.2442295507347012,0.005355580363868739,0.24428826351895797,1.2214413175947942,-0.026777901819628008,609.7330169341011,1.11459238393002,0.1364361826972525,,,,,,
24,4.8,511.22962962962964,169.21851851851852,491,165,44,9,156.22962962962964,,609.7814814814815,,609.7814814814815,,0.7930438052265464,0.9915146040349292,True,8,4,2,2,"fly (2,4)",0.20000000000000018,0.14184337008765624,-0.07537461125247091,0.16062650360163147,0.8031325180081567,0.37687305626263845,609.7529353546291,0.7976443787794955,0.09959210264033408,,,,,,
25,5.0,511.30258302583024,169.22878228782287,491,165,44,9,156.30258302583024,,609.7712177121771,,609.7712177121771,,0.7934141270346713,0.9914979149791497,True,8,4,2,2,"fly (2,4)",0.20000000000000018,0.07295339620060304,0.010263769304344805,0.07367186014710754,0.36835930073553735,-0.051318846522008195,609.7959415472291,1.7174829920679198,0.21503096299947308,,,,,,
26,5.2,510.5089605734767,169.16487455197134,489,165,46,9,155.5089605734767,,609.8351254480286,,609.8351254480286,,0.7893855866673944,0.9916018299967946,True,8,4,2,2,"fly (2,4)",0.20000000000000018,-0.7936224523535316,-0.06390773585152942,0.796191431492014,3.9809571574600664,0.31953867925778895,609.7778719624929,3.0600537626280473,-0.09034792368121687,,,,,,
27,5.4,511.46909090909094,169.27272727272728,492,165,43,9,156.46909090909094,,609.7272727272727,,609.7272727272727,,0.7942593447161976,0.9914264597191427,True,8,4,2,2,"fly (2,4)",0.20000000000000018,0.9601303356142239,0.10785272075594321,0.9661689659377088,4.83084482968854,-0.5392636037794314,609.7693059628543,3.5704733470188827,-0.042829998192435735,,,,,,
28,5.6,511.089605734767,169.25448028673836,490,165,45,9,156.08960573476702,,609.7455197132616,,609.7455197132616,,0.7923330240343504,0.9914561296150596,True,8,4,2,2,"fly (2,4)",0.1999999999999993,-0.3794851743239178,-0.018246985988923825,0.37992361078160736,1.8996180539080436,0.09123492994433523,609.7322689258173,2.4497322694620323,-0.1851851851851428,,,,,,
29,5.8,510.9677419354839,169.27598566308245,490,165,45,9,155.9677419354839,,609.7240143369175,,609.7240143369175,,0.7917144260684462,0.9914211615234432,True,8,4,2,2,"fly (2,4)",0.20000000000000018,-0.12186379928311908,0.021505376344094884,0.123746784957903,0.6187339247895145,-0.10752688172033222,609.790803916007,2.144737492284223,0.292674950948329,,,,,,
30,6.0,511.73021582733816,169.09712230215828,491,165,44,9,156.73021582733816,,609.9028776978417,,609.9028776978417,,0.7955848519154222,0.9917119962566533,True,8,4,2,2,"fly (2,4)",0.20000000000000018,0.7624738918542562,-0.17886336092416855,0.7831720996310232,3.9158604981551126,0.8943168046209841,609.8441155267379,2.2012984964116944,0.2665580536548378,,,,,,
31,6.2,511.31636363636363,169.09454545454545,490,165,45,9,156.31636363636363,,609.9054545454545,,609.9054545454545,,0.7934840793724043,0.9917161862527716,True,8,4,2,2,"fly (2,4)",0.20000000000000018,-0.41385219097452364,-0.0025768476128291695,0.41386021325809197,2.069301066290458,0.012884238063861618,609.9056924968148,2.570468862552256,0.3078848503846148,,,,,,
32,6.4,511.66159695817487,169.0912547528517,491,165,44,9,156.66159695817487,,609.9087452471483,,609.9087452471483,,0.7952365327826135,0.9917215369872331,True,8,4,2,2,"fly (2,4)",0.20000000000000018,0.3452333218112358,-0.0032907016937429034,0.34524900464224006,1.7262450232111988,0.01645350846899872,609.9003307484777,1.492527922991357,-0.02680874168599241,,,,,,
33,6.6,511.79622641509434,169.11320754716982,491,165,44,9,156.79622641509434,,609.8867924528302,,609.8867924528302,,0.795919931041088,0.9916858413867157,True,8,4,2,2,"fly (2,4)",0.1999999999999993,0.1346294569194697,0.02195279431811059,0.13640753589448282,0.6820376794724166,-0.10976397159083756,609.8905125666594,1.0704100344635383,-0.04909090909090246,,,,,,
34,6.8,511.63599999999997,169.124,492,165,43,9,156.63599999999997,,609.876,,609.876,,0.7951065989847714,0.9916682926829268,True,8,4,2,2,"fly (2,4)",0.20000000000000018,-0.16022641509437108,0.010792452830173715,0.16058948014140037,0.8029474007070011,-0.05396226415086853,609.9290279836019,1.854305902565861,0.1925770847122973,,,,,,
35,7.0,510.834008097166,168.9757085020243,491,165,44,9,155.83400809716602,,610.0242914979757,,610.0242914979757,,0.7910355740972894,0.9919094170698792,True,8,4,2,2,"fly (2,4)",0.20000000000000018,-0.8019919028339473,-0.1482914979756913,0.8155865255036341,4.077932627518167,0.7414574898785979,609.8965257374203,2.0187350710410037,-0.16251123090739825,,,,,,
36,7.2,510.8392857142857,169.2107142857143,489,165,47,9,155.83928571428572,,609.7892857142857,,609.7892857142857,,0.7910623640319072,0.991527293844367,True,8,4,2,2,"fly (2,4)",0.20000000000000018,0.005277617119702427,0.23500578368998504,0.23506503697956915,1.1753251848978448,-1.175028918449924,609.8858144610884,1.9818658929783737,-0.05355638166046591,,,,,,
37,7.4,510.96654275092936,169.15613382899627,489,165,47,9,155.96654275092936,,609.8438661710037,,609.8438661710037,,0.7917083388372049,0.9916160425544776,True,8,4,2,2,"fly (2,4)",0.20000000000000018,0.12725703664364119,-0.05458045671801415,0.13846797330382232,0.692339866519111,0.2729022835899284,609.7982949124249,1.2380448049103483,-0.4375977433168526,,,,,,
38,7.6,510.60649819494586,169.23826714801444,489,165,47,9,155.60649819494586,,609.7617328519856,,609.7617328519856,,0.7898807014971871,0.991482492442253,True,8,4,2,2,"fly (2,4)",0.1999999999999993,-0.3600445559835066,0.082133319018169,0.3692938726628168,1.8464693633140907,-0.41066659509056225,609.786725925856,1.8257439858105284,-0.05784493284503903,,,,,,
39,7.8,511.1941391941392,169.24542124542126,490,165,45,9,156.1941391941392,,609.7545787545787,,609.7545787545787,,0.7928636507316711,0.9914708597635425,True,8,4,2,2,"fly (2,4)",0.20000000000000018,0.5876409991933542,0.007154097406811388,0.5876845455196775,2.938422727598385,-0.03577048703448323,609.7240362360045,1.7816703949811075,-0.3134484492574078,,,,,,
40,8.0,511.1413043478261,169.34420289855072,490,165,44,9,156.14130434782612,,609.6557971014493,,609.6557971014493,,0.7925954535422646,0.9913102391893484,True,8,4,2,2,"fly (2,4)",0.20000000000000018,-0.052834846313089656,0.09878165312946408,0.1120238188061698,0.5601190940308485,-0.4939082656471778,609.7362849811602,1.8539545375383748,0.06124372577820344,,,,,,
41,8.2,511.5285171102662,169.20152091254752,490,165,46,9,156.5285171102662,,609.7984790874525,,609.7984790874525,,0.7945610005597269,0.991542242418622,True,8,4,2,2,"fly (2,4)",0.1999999999999993,0.38721276244007186,-0.14268198600319693,0.412664358197177,2.0633217909858925,0.7134099300162714,609.7614385715311,1.1579615836398767,0.1257679518550965,,,,,,
42,8.4,511.695652173913,169.1699604743083,491,165,44,9,156.695652173913,,609.8300395256917,,609.8300395256917,,0.7954094018980356,0.9915935602043768,True,8,4,2,2,"fly (2,4)",0.20000000000000107,0.16713506364681052,-0.03156043823921095,0.17008877318057902,0.8504438659028906,0.15780219119619604,609.8102524730381,1.0251766193194811,0.24406950753473253,,,,,,
43,8.6,511.67910447761193,169.19776119402985,491,165,44,9,156.67910447761193,,609.8022388059701,,609.8022388059701,,0.7953254034396544,0.9915483557820652,True,8,4,2,2,"fly (2,4)",0.1999999999999993,-0.016547696301074666,0.02780071972154019,0.03235284021393228,0.161764201069662,-0.13900359860826988,609.8000654734664,1.067619315835713,-0.05093499785895513,,,,,,
44,8.8,511.2423208191126,169.2320819112628,490,165,46,9,156.2423208191126,,609.7679180887371,,609.7679180887371,,0.7931082275081858,0.991492549737784,True,8,4,2,2,"fly (2,4)",0.20000000000000107,-0.436783658499337,0.034320717232958486,0.43812997610691984,2.1906498805345875,-0.17160358616479152,609.7584602584348,1.1295623721811772,-0.20802607515785612,,,,,,
45,9.0,511.04477611940297,169.294776119403,490,165,45,9,156.04477611940297,,609.705223880597,,609.705223880597,,0.7921054625350404,0.9913906079359301,True,8,4,2,2,"fly (2,4)",0.1999999999999993,-0.19754469970962418,0.06269420814018645,0.20725460698785592,1.0362730349392832,-0.313471040700507,609.7282508187418,1.2629301116893117,-0.15104719846457712,,,,,,
46,9.2,510.9325842696629,169.28838951310863,490,165,45,9,155.93258426966293,,609.7116104868913,,609.7116104868913,,0.7915359607597103,0.991400992661612,True,8,4,2,2,"fly (2,4)",0.1999999999999993,-0.11219184974004293,-0.006386606294370267,0.11237348391881272,0.5618674195940656,0.03193303147156723,609.7179571348418,1.15269588552447,-0.05146841950022518,,,,,,
47,9.4,511.3037037037037,169.26296296296297,490,165,45,9,156.30370370370372,,609.737037037037,,609.737037037037,,0.7934198157548412,0.9914423366455886,True,8,4,2,2,"fly (2,4)",0.20000000000000107,0.37111943404079284,-0.025426550145652982,0.3719894404080145,1.8599472020400627,0.12713275072826424,609.7364217615153,1.4348915517511813,0.09232313336781313,,,,,,
48,9.6,511.6795366795367,169.23938223938225,490,165,45,9,156.67953667953668,,609.7606177606177,,609.7606177606177,,0.7953275973580543,0.9914806792855573,True,8,4,2,2,"fly (2,4)",0.1999999999999993,0.3758329758329637,-0.023580723580721497,0.3765720067238821,1.882860033619417,0.1179036179036079,609.7651067224348,1.3833465619605947,0.1434248045975054,,,,,,
49,9.8,511.60700389105057,169.2023346303502,490,165,45,9,156.60700389105057,,609.7976653696498,,609.7976653696498,,0.7949594106144698,0.9915409193002437,True,8,4,2,2,"fly (2,4)",0.20000000000000107,-0.07253278848611444,-0.03704760903204374,0.08144649004446161,0.40723245022230586,0.18523804516064402,609.7791415651337,1.1450462419208607,0.15157083153212597,,,,,,
0,0.0,600.3714285714286,748.2857142857143,599,741,3,17,19.371428571428623,,22.714285714285666,,22.714285714285666,,0.10944309927360804,0.0374205695457754,True,9,1,3,3,"fly (3,1)",,,,,,,21.89162561576353,4.113838052245559,-4.113300492610676,,,,,,
1,0.2,600.3448275862069,749.9310344827586,599,744,3,14,19.34482758620686,,21.068965517241395,,21.068965517241395,,0.10929281122150769,0.03470999261489521,True,9,1,3,3,"fly (3,1)",0.2,-0.02660098522176213,1.6453201970442706,1.6455352208982237,8.227676104491119,-8.226600985221353,22.23167197913646,5.814527397952695,0.3291316526610899,,,,,,
2,0.4,600.3823529411765,748.0882352941177,599,741,3,17,19.382352941176464,,22.91176470588232,,22.91176470588232,,0.10950481887670319,0.03774590561100876,True,9,1,3,3,"fly (3,1)",0.2,0.03752535496960263,-1.8427991886409245,1.843181217873393,9.215906089366964,9.213995943204623,21.869767217231697,6.8839562452628416,-0.7401960784313625,,,,,,
4,0.8,600.4,749.3714285714286,599,742,3,18,19.399999999999977,,21.628571428571377,,21.628571428571377,,0.10960451977401117,0.035631913391386126,True,9,1,3,3,"fly (3,1)",0.4,0.017647058823513362,1.283193277310943,1.2833146167721767,3.2082865419304416,-3.2079831932773573,22.05630252100836,4.141397543765802,2.002004249975755,,,,,,
5,1.0,600.4,749.3714285714286,599,742,3,18,19.399999999999977,,21.628571428571377,,21.628571428571377,,0.10960451977401117,0.035631913391386126,True,9,1,3,3,"fly (3,1)",0.19999999999999996,0.0,0.0,0.0,0.0,0.0,22.386527293844324,2.3327002501646295,0.19393204436245984,,,,,,
8,1.6,600.390243902439,747.0975609756098,599,738,3,20,19.39024390243901,,23.90243902439022,,23.90243902439022,,0.10954940057875147,0.03937798850805637,True,9,1,3,3,"fly (3,1)",0.6000000000000001,-0.009756097560966737,-2.2738675958188423,2.2738885251380685,3.7898142085634468,3.789779326364737,16.165509231446965,18.809432386967767,-16.184175043720856,,,,,,
10,2.0,602.6206896551724,768.0344827586207,601,764,5,8,21.62068965517244,,2.9655172413793025,,2.9655172413793025,,0.12215078901227368,0.00488553087541895,True,9,1,3,3,"fly (3,1)",0.3999999999999999,2.2304457527334307,20.936921783010916,21.055393180935937,52.63848295233986,-52.342304457527305,10.134556850494619,19.97644285123665,-15.233846636495803,,,,,,
11,2.2,602.2142857142857,767.4642857142857,601,763,4,9,21.214285714285666,,3.5357142857143344,,3.5357142857143344,,0.11985472154963653,0.005824899976465131,True,9,1,3,3,"fly (3,1)",0.20000000000000018,-0.40640394088677567,-0.5701970443350319,0.700206278561331,3.501031392806652,2.850985221675157,2.7284806844698246,21.876415130569566,-19.582946010948216,,,,,,
12,2.4,602.6315789473684,769.3157894736842,601,767,5,5,21.63157894736844,,1.6842105263158373,,1.6842105263158373,,0.12221231043710983,0.002774646666088694,True,9,1,3,3,"fly (3,1)",0.19999999999999973,0.41729323308277344,1.851503759398497,1.897946209312435,9.489731046562188,-9.257518796992498,2.1399749373434056,5.139387739739457,-2.942528735632099,,,,,,
13,2.6,602.6666666666666,769.8,601,768,5,4,21.66666666666663,,1.2000000000000455,,1.2000000000000455,,0.12241054613935949,0.001976935749588213,True,9,1,3,3,"fly (3,1)",0.20000000000000018,0.03508771929818977,0.48421052631579187,0.48548015596990646,2.4274007798495303,-2.421052631578957,1.3572368421052943,4.012869996962647,-3.913690476190561,,,,,,
14,2.8,602.6875,769.8125,601,768,5,4,21.6875,,1.1875,,1.1875,,0.12252824858757062,0.001956342668863262,True,9,1,3,3,"fly (3,1)",0.19999999999999973,0.02083333333337123,0.012500000000045475,0.024295632895244643,0.12147816447622338,-0.06250000000022746,1.9321969696969745,2.7402602674477534,1.023474880382669,,,,,,
16,3.2,602.2272727272727,767.5909090909091,601,764,4,8,21.227272727272748,,3.409090909090878,,3.409090909090878,,0.11992809450436581,0.005616294743148069,True,9,1,3,3,"fly (3,1)",0.40000000000000036,-0.46022727272725206,-2.221590909090878,2.2687607432070043,5.671901858017506,5.55397727272719,1.8321969696969518,6.113191884259648,-2.351325757575852,,,,,,
17,3.4,602.2,770.1,601,769,4,3,21.200000000000045,,0.8999999999999773,,0.8999999999999773,,0.11977401129943528,0.0014827018121910663,True,9,1,3,3,"fly (3,1)",0.19999999999999973,-0.02727272727270247,2.509090909090901,2.5092391260570395,12.546195630285213,-12.54545454545452,1.739393939393911,6.345846986666301,-2.3153409090909416,,,,,,
18,3.6,602.3636363636364,770.0909090909091,601,769,4,3,21.363636363636374,,0.9090909090908781,,0.9090909090908781,,0.12069851052901906,0.001497678598172781,True,9,1,3,3,"fly (3,1)",0.20000000000000018,0.1636363636363285,-0.009090909090900823,0.1638886943392367,0.8194434716961827,0.04545454545450407,1.165530303030285,5.785359988495247,-2.8693181818181333,,,,,,
19,3.8,602.1875,769.3125,601,767,4,5,21.1875,,1.6875,,1.6875,,0.11970338983050847,0.0027800658978583198,True,9,1,3,3,"fly (3,1)",0.19999999999999973,-0.17613636363637397,-0.7784090909091219,0.7980881727008681,3.990440863504346,3.892045454545615,1.4280303030302928,1.6032947784001756,1.3125000000000402,,,,,,
20,4.0,602.1875,769.3125,601,767,4,5,21.1875,,1.6875,,1.6875,,0.11970338983050847,0.0027800658978583198,True,9,1,3,3,"fly (3,1)",0.20000000000000018,0.0,0.0,0.0,0.0,0.0,2.1583333333333408,3.7108054185030284,3.651515151515241,,,,,,
21,4.2,602.4,767.9,602,765,2,6,21.399999999999977,,3.1000000000000227,,3.1000000000000227,,0.12090395480225975,0.005107084019769395,True,9,1,3,3,"fly (3,1)",0.20000000000000018,0.21249999999997726,-1.4125000000000227,1.4283950784009494,7.14197539200474,7.0625000000001075,2.4125000000000227,3.6110603856876797,1.2708333333334085,,,,,,
22,4.4,602.05,768.55,601,765,4,7,21.049999999999955,,2.4500000000000455,,2.4500000000000455,,0.11892655367231612,0.004036243822075857,True,9,1,3,3,"fly (3,1)",0.20000000000000018,-0.35000000000002274,0.6499999999999773,0.7382411530116608,3.691205765058301,-3.2499999999998836,9.764285714285734,39.23284933672949,36.75892857142868,,,,,,
23,4.6,600.2,747.2571428571429,599,741,3,16,19.200000000000045,,23.742857142857133,,23.742857142857133,,0.1084745762711867,0.039115085902565294,True,9,1,3,3,"fly (3,1)",0.1999999999999993,-1.849999999999909,-21.292857142857088,21.373073370625008,106.86536685312542,106.46428571428582,16.179228243021345,39.19470950243815,32.07471264367819,,,,,,
24,4.8,600.3448275862069,748.6551724137931,599,742,3,17,19.34482758620686,,22.34482758620686,,22.34482758620686,,0.10929281122150769,0.03681190706129631,True,9,1,3,3,"fly (3,1)",0.20000000000000018,0.1448275862068158,1.3980295566502718,1.4055111778261489,7.027555889130738,-6.990147783251353,79.77697599076907,180.38807350905498,175.573392357875,,,,,,
26,5.2,598.4864864864865,577.7567567567568,598,569,2,19,17.486486486486456,,193.24324324324323,,193.24324324324323,,0.09879370896320032,0.31835789661160335,True,9,1,3,3,"fly (3,1)",0.40000000000000036,-1.8583410997204055,-170.89841565703637,170.90851911396365,427.27129778490877,427.2460391425905,107.79403541472504,217.14942683701977,210.12794567966958,,,,,,
0,0.0,599.7678571428571,688.0428571428571,599,609,4,132,18.76785714285711,,82.95714285714291,,82.95714285714291,,0.10603309120258254,0.13666745116498008,True,10,2,3,3,"fly (3,2)",,,,,,,82.50734840698874,2.2491880167191054,-2.248972250770862,,,,,,
1,0.2,599.7553956834532,688.9424460431654,599,604,4,139,18.75539568345323,,82.05755395683457,,82.05755395683457,,0.1059626874771369,0.1351854266175199,True,10,2,3,3,"fly (3,2)",0.2,-0.012461459403880326,0.8995889003083448,0.8996752066876422,4.498376033438211,-4.497944501541724,73.72407702018427,44.66808322361408,-44.66601435094598,,,,,,
2,0.4,600.0,714.8424657534247,599,690,3,51,19.0,,56.157534246575324,,56.157534246575324,,0.10734463276836158,0.09251653088397911,True,10,2,3,3,"fly (3,2)",0.2,0.24460431654676995,25.900019710259244,25.90117472748081,129.50587363740405,-129.50009855129622,67.1384836169118,56.43779759386101,-32.927967016362345,,,,,,
3,0.6,600.517679057117,707.7996373526745,590,656,24,103,19.517679057116993,,63.200362647325505,,63.200362647325505,,0.11026937320405081,0.10411921358702719,True,10,2,3,3,"fly (3,2)",0.19999999999999996,0.5176790571169931,-7.042828400750182,7.0618286221481545,35.30914311074078,35.214142003750915,66.71775456308922,84.2947861270976,-2.1036452691129264,,,,,,
4,0.8,599.7027027027027,690.2046332046332,599,612,3,130,18.70270270270271,,80.79536679536682,,80.79536679536682,,0.10566498702091925,0.13310604084903924,True,10,2,3,3,"fly (3,2)",0.20000000000000007,-0.8149763544142843,-17.595004148041312,17.613868326629596,88.06934163314796,87.97502074020653,85.93415071058932,96.14802954046517,96.0819807375005,,,,,,
5,1.0,599.3613445378152,657.1932773109244,599,612,3,78,18.36134453781517,,113.80672268907563,,113.80672268907563,,0.1037364098181648,0.18749048218958095,True,10,2,3,3,"fly (3,2)",0.19999999999999996,-0.3413581648875379,-33.01135589370881,33.01312077550135,165.0656038775068,165.05677946854408,102.5656390235498,85.56512631214765,83.15744156480245,,,,,,
6,1.2,599.3448275862069,657.905172413793,599,612,3,79,18.34482758620686,,113.09482758620697,,113.09482758620697,,0.1036430937073834,0.18631767312389946,True,10,2,3,3,"fly (3,2)",0.19999999999999996,-0.016516951608309682,0.7118951028686524,0.7120866851576432,3.560433425788217,-3.559475514343263,130.43940564731645,141.74970694730305,139.36883311883324,,,,,,
7,1.4,599.8787878787879,606.5833333333333,590,591,23,63,18.878787878787875,,164.41666666666674,,164.41666666666674,,0.10665981852422528,0.2708676551345416,True,10,2,3,3,"fly (3,2)",0.19999999999999996,0.5339602925810141,-51.32183908045977,51.324616707722825,256.6230835386142,256.6091954022989,138.75574712643686,130.09175848220121,126.52485994397783,,,,,,
0,0.0,697.0566037735849,170.20174165457183,657,165,85,14,116.05660377358492,,600.7982583454282,,600.7982583454282,,0.6556870269694064,0.9897829626778059,True,11,3,3,3,"fly (3,3)",,,,,,,600.7902182816249,0.29630009568346705,-0.040200319016037156,,,,,,
1,0.2,696.939179632249,170.21782178217822,655,165,87,14,115.93917963224897,,600.7821782178218,,600.7821782178218,,0.6550236137415196,0.9897564715285366,True,11,3,3,3,"fly (3,3)",0.2,-0.11742414133595958,0.01608012760638644,0.11852003827338684,0.5926001913669341,-0.08040063803207431,600.7745915238884,1.0942980222199867,-0.09153389502178773,,,,,,
2,0.4,696.4025245441795,170.25666199158485,654,165,88,14,115.40252454417953,,600.7433380084151,,600.7433380084151,,0.6519916640914097,0.9896924843631221,True,11,3,3,3,"fly (3,3)",0.2,-0.5366550880694376,0.038840209406629356,0.5380587750586052,2.690293875293026,-0.1942010470332889,600.7789545813224,2.251682652008538,0.021815287170549424,,,,,,
3,0.6,697.0936170212766,170.1886524822695,656,165,86,14,116.0936170212766,,600.8113475177305,,600.8113475177305,,0.6558961413631447,0.9898045263883534,True,11,3,3,3,"fly (3,3)",0.19999999999999996,0.6910924770970723,-0.06800950931534544,0.6944307778731308,3.4721538893656545,0.3400475465770115,600.788047037846,2.21737140811581,0.045462282618018456,,,,,,
4,0.8,696.9957020057307,170.19054441260744,656,165,86,14,115.99570200573066,,600.8094555873926,,600.8094555873926,,0.655342949184919,0.9898014095344194,True,11,3,3,3,"fly (3,3)",0.20000000000000007,-0.09791501554593651,0.0018919303379334451,0.09793329193775006,0.48966645968875017,-0.009459651689667222,600.813211115878,1.8843347478166137,0.12582039015929544,,,,,,
5,1.0,697.3338088445079,170.1811697574893,657,165,85,14,116.33380884450787,,600.8188302425107,,600.8188302425107,,0.6572531573136038,0.9898168537767886,True,11,3,3,3,"fly (3,3)",0.19999999999999996,0.3381068387772075,-0.009374655118136843,0.33823677887908726,1.6911838943954367,0.046873275590542114,600.8173560216201,1.2761968816712619,0.020724528710805625,,,,,,
6,1.2,697.0042979942693,170.176217765043,656,165,86,14,116.00429799426934,,600.823782234957,,600.823782234957,,0.6553915140919172,0.9898250119192042,True,11,3,3,3,"fly (3,3)",0.19999999999999996,-0.32951085023853466,-0.004951992446308395,0.3295480581859197,1.6477402909295988,0.024759962231541983,600.8193543737481,1.3803939050346006,0.009991760640370257,,,,,,
7,1.4,696.8440629470672,170.1845493562232,656,165,86,14,115.84406294706719,,600.8154506437768,,600.8154506437768,,0.6544862313393627,0.9898112860688251,True,11,3,3,3,"fly (3,3)",0.19999999999999996,-0.16023504720214987,0.008331591180194664,0.16045150595575317,0.802257529778766,-0.04165795590097333,600.8213151741373,1.206177377536062,0.009804001945781226,,,,,,
8,1.6,697.0775862068965,170.17528735632183,657,165,85,14,116.07758620689651,,600.8247126436781,,600.8247126436781,,0.6558055717903758,0.9898265447177564,True,11,3,3,3,"fly (3,3)",0.20000000000000018,0.23352325982932598,-0.009261999901355011,0.23370686237996435,1.1685343118998208,0.046309999506775015,600.8137665503638,1.315350117463933,-0.03774311886767618,,,,,,
9,1.8,696.6832386363636,170.19886363636363,655,165,87,14,115.68323863636363,,600.8011363636364,,600.8011363636364,,0.6535776194144838,0.989787704058709,True,11,3,3,3,"fly (3,3)",0.19999999999999996,-0.3943475705328865,0.023576280041794462,0.39505170214264235,1.9752585107132121,-0.11788140020883023,600.7989835269971,1.3817394762819155,-0.0739151168335184,,,,,,
10,2.0,696.8812589413448,170.22889842632333,656,165,86,14,115.88125894134475,,600.7711015736767,,600.7711015736767,,0.6546963781996878,0.9897382233503734,True,11,3,3,3,"fly (3,3)",0.19999999999999996,0.198020304981128,0.030034789959699992,0.20028512124654252,1.001425606232713,-0.1501739497985,600.7887573427407,1.2096439956345317,-0.051130921281696884,,,,,,
11,2.2,696.7528409090909,170.2059659090909,656,165,86,14,115.75284090909088,,600.7940340909091,,600.7940340909091,,0.6539708525937338,0.9897760034446609,True,11,3,3,3,"fly (3,3)",0.20000000000000018,-0.12841803225387594,-0.022932517232419514,0.13044957399153412,0.65224786995767,0.11466258616223958,600.7982051444573,0.6356363512349509,0.04723900858285413,,,,,,
12,2.4,696.7890173410404,170.17052023121389,656,165,86,14,115.78901734104045,,600.8294797687861,,600.8294797687861,,0.6541752392149178,0.9898343983011303,True,11,3,3,3,"fly (3,3)",0.19999999999999973,0.03617643194957054,-0.03544567787702135,0.05064711550289384,0.2532355775144695,0.1772283893848228,600.791535187584,0.436850802882931,-0.033349784366502246,,,,,,
13,2.6,696.768558951965,170.24890829694323,657,165,85,14,115.76855895196502,,600.7510917030568,,600.7510917030568,,0.6540596550958475,0.9897052581598959,True,11,3,3,3,"fly (3,3)",0.20000000000000018,-0.020458389075429295,0.07838806572934232,0.08101379223533074,0.40506896117665336,-0.39194032864656914,600.7851196690846,0.43182026895730435,-0.032077592497330186,,,,,,
14,2.8,696.8937677053824,170.22521246458925,655,165,87,14,115.8937677053824,,600.7747875354107,,600.7747875354107,,0.6547670491829515,0.9897442957749765,True,11,3,3,3,"fly (3,3)",0.19999999999999973,0.12520875341738247,-0.02369583235397954,0.12743125363615784,0.6371562681807901,0.11847916176975574,600.7763467193358,0.39943896712792765,-0.04386474874308976,,,,,,
15,3.0,696.8807471264367,170.19683908045977,657,165,85,14,115.88074712643675,,600.8031609195402,,600.8031609195402,,0.6546934865900381,0.9897910394061619,True,11,3,3,3,"fly (3,3)",0.20000000000000018,-0.01302057894565678,-0.028373384129480428,0.031218334405267882,0.15609167202633928,0.1418669206475441,600.7890148604021,1.0326341865930109,0.06334070533095354,,,,,,
16,3.2,697.3414634146342,170.21090387374463,657,165,85,14,116.34146341463418,,600.7890961262553,,600.7890961262553,,0.6572964034725095,0.9897678684122823,True,11,3,3,3,"fly (3,3)",0.20000000000000018,0.4607162881974318,0.014064793284859434,0.460930923914381,2.304654619571903,-0.07032396642443921,600.7805149316945,1.2614184893897749,-0.04249964353827346,,,,,,
17,3.4,697.079772079772,170.25071225071224,656,165,86,14,116.07977207977206,,600.7492877492878,,600.7492877492878,,0.6558179213546443,0.9897022862426487,True,11,3,3,3,"fly (3,3)",0.19999999999999973,-0.26169133486212104,0.03980837696761341,0.2647018353142161,1.3235091765710822,-0.19904188483792523,600.7802253797178,1.6849077623441395,-0.001447759883224986,,,,,,
18,3.6,696.7994269340975,170.19770773638967,656,165,86,14,115.79942693409748,,600.8022922636103,,600.8022922636103,,0.6542340504751271,0.9897896083420269,True,11,3,3,3,"fly (3,3)",0.20000000000000018,-0.28034514567457336,-0.053004514322566365,0.2853118981778869,1.4265594908894332,0.2650225716126895,600.7817436021829,1.6311135670213244,0.007591112325826345,,,,,,
19,3.8,697.2279942279943,170.20634920634922,657,165,85,14,116.22799422799426,,600.7936507936508,,600.7936507936508,,0.6566553346214364,0.9897753719829503,True,11,3,3,3,"fly (3,3)",0.19999999999999973,0.4285672938967764,0.008641469959542292,0.428654406720691,2.143272033603458,-0.04320734979728519,600.7998982870043,1.2923472510987069,0.0907734241066766,,,,,,
20,4.0,697.1673881673881,170.1962481962482,656,165,86,14,116.16738816738814,,600.8037518037518,,600.8037518037518,,0.656312927499368,0.9897920128562632,True,11,3,3,3,"fly (3,3)",0.20000000000000018,-0.06060606060611917,-0.010101010101010388,0.061442045760645894,0.3072102288032292,0.05050505050462557,600.8009593672418,1.1334413475428524,0.005305401187456429,,,,,,
21,4.2,697.35734870317,170.19452449567723,657,165,85,14,116.35734870317003,,600.8054755043228,,600.8054755043228,,0.6573861508653674,0.9897948525606636,True,11,3,3,3,"fly (3,3)",0.20000000000000018,0.18996053578189276,-0.0017237005709773712,0.18996835604437426,0.9498417802218705,0.008618502855028957,600.8176142676843,0.5979041399400097,0.08327450221277853,,,,,,
22,4.4,697.4576757532282,170.15638450502152,657,165,85,14,116.45767575322816,,600.8436154949785,,600.8436154949785,,0.6579529703572212,0.9898576861531772,True,11,3,3,3,"fly (3,3)",0.20000000000000018,0.10032705005812659,-0.038139990655707834,0.10733208215898599,0.5366604107949294,0.1906999532786811,600.8180706365617,0.8679390496489008,0.002281844387160161,,,,,,
23,4.6,697.2375533428165,170.19487908961594,656,165,86,14,116.23755334281645,,600.8051209103841,,600.8051209103841,,0.656709340919867,0.9897942683861352,True,11,3,3,3,"fly (3,3)",0.1999999999999993,-0.22012241041170455,0.03849458459441735,0.22346299158597974,1.1173149579299027,-0.19247292297222954,600.8116543637196,0.6094378598257105,-0.03208136421089145,,,,,,
24,4.8,697.2668579626973,170.21377331420373,657,165,85,14,116.26685796269726,,600.7862266857962,,600.7862266857962,,0.6568749037440523,0.9897631411627615,True,11,3,3,3,"fly (3,3)",0.20000000000000018,0.02930461988080424,0.01889422458779677,0.03486764215045995,0.17433821075229958,-0.09447112293912588,600.7950295685703,1.1125085225247098,-0.0831239757464651,,,,,,
25,5.0,696.8577524893315,170.20625889046943,655,165,87,14,115.85775248933146,,600.7937411095306,,600.7937411095306,,0.6545635733860534,0.9897755207735266,True,11,3,3,3,"fly (3,3)",0.20000000000000018,-0.4091054733657984,-0.007514423734306774,0.40917447977838584,2.045872398891927,0.03757211867196016,600.7984728130346,1.61690434908029,0.01721622232120501,,,,,,
26,5.2,697.3834048640915,170.1845493562232,656,165,86,14,116.38340486409152,,600.8154506437768,,600.8154506437768,,0.6575333608140763,0.9898112860688251,True,11,3,3,3,"fly (3,3)",0.20000000000000018,0.5256523747600568,-0.021709534246241446,0.5261004875193293,2.6305024375966437,0.10854767123078081,600.8043896753449,2.5649322080249353,0.029584311551692083,,,,,,
27,5.4,696.7798295454545,170.19602272727272,656,165,86,14,115.7798295454545,,600.8039772727273,,600.8039772727273,,0.6541233307652797,0.9897923843043283,True,11,3,3,3,"fly (3,3)",0.20000000000000018,-0.603575318637013,0.011473371049532943,0.6036843575172476,3.0184217875862354,-0.05736685524766467,600.8346626003546,2.8461556368044376,0.1513646250487004,,,,,,
28,5.6,697.3520923520923,170.11544011544012,657,165,85,14,116.35209235209231,,600.8845598845598,,600.8845598845598,,0.6573564539666232,0.9899251398427674,True,11,3,3,3,"fly (3,3)",0.1999999999999993,0.5722628066378093,-0.08058261183259674,0.5779085370460845,2.8895426852304325,0.40291305916298514,600.836053992304,2.0782126061161144,0.0069569597466555,,,,,,
29,5.8,697.3448773448773,170.1803751803752,657,165,85,14,116.34487734487732,,600.8196248196248,,600.8196248196248,,0.6573156912139961,0.9898181628000409,True,11,3,3,3,"fly (3,3)",0.20000000000000018,-0.007215007214995239,0.06493506493507084,0.06533466910633512,0.3266733455316753,-0.3246753246753539,600.8351152690775,1.2290142339720613,-0.004693616132271344,,,,,,
30,6.0,697.2525399129173,170.1988388969521,657,165,85,14,116.25253991291731,,600.8011611030479,,600.8011611030479,,0.6567940108074425,0.9897877448155649,True,11,3,3,3,"fly (3,3)",0.20000000000000018,-0.09233743196000432,0.018463716576917477,0.09416533423081536,0.47082667115407634,-0.0923185828844452,600.7975551353911,0.7347126999511411,-0.18780066843191875,,,,,,
31,6.2,696.9727403156385,170.22812051649927,656,165,86,14,115.97274031563848,,600.7718794835007,,600.7718794835007,,0.6552132221222513,0.9897395049151576,True,11,3,3,3,"fly (3,3)",0.20000000000000018,-0.2797995972788385,0.029281619547163018,0.2813276166335346,1.406638083167672,-0.14640809773595706,600.7819659098019,0.8208717741671275,-0.07794612794612014,,,,,,
32,6.4,696.8557142857143,170.22714285714287,656,165,86,14,115.85571428571427,,600.7728571428571,,600.7728571428571,,0.6545520581113801,0.9897411155566015,True,11,3,3,3,"fly (3,3)",0.20000000000000018,-0.11702602992420452,-0.0009776593564083669,0.11703011363592698,0.5851505681796344,0.00488829678204183,600.7742768365716,1.1320831232539617,-0.03844536615133614,,,,,,
33,6.6,697.1365576102419,170.22190611664297,656,165,86,14,116.13655761024188,,600.7780938833571,,600.7780938833571,,0.6561387435606886,0.9897497428061895,True,11,3,3,3,"fly (3,3)",0.1999999999999993,0.2808433245276092,-0.0052367404998960865,0.2808921436829148,1.404460718414579,0.02618370249990685,600.7766626178033,0.6878282619300967,0.01192890615792902,,,,,,
34,6.8,697.1218130311615,170.22096317280455,656,165,86,14,116.12181303116154,,600.7790368271955,,600.7790368271955,,0.65605544085402,0.9897512962556761,True,11,3,3,3,"fly (3,3)",0.20000000000000018,-0.014744579080343101,-0.0009429438384245259,0.014774699839215488,0.07387349919607737,0.004714719191838408,600.7824767608641,0.9225963052905438,0.029070715304631758,,,,,,
35,7.0,697.3794579172611,170.20970042796006,657,165,85,14,116.3794579172611,,600.7902995720399,,600.7902995720399,,0.6575110616794413,0.9897698510247774,True,11,3,3,3,"fly (3,3)",0.20000000000000018,0.2576448860995697,-0.01126274484448686,0.25789093965219534,1.2894546982609756,0.05631372422215004,600.802789246089,0.6821915745280335,0.10156242612386741,,,,,,
36,7.2,697.5071225071225,170.16096866096865,657,165,85,14,116.50712250712252,,600.8390313390314,,600.8390313390314,,0.6582323305487148,0.9898501340016992,True,11,3,3,3,"fly (3,3)",0.20000000000000018,0.1276645898614106,-0.04873176699140913,0.1366493052254097,0.6832465261270478,0.24365883495761387,600.8079700278939,1.0299493253102066,0.025903909025259925,,,,,,
37,7.4,697.2881597717546,170.20542082738945,657,165,85,14,116.28815977175464,,600.7945791726106,,600.7945791726106,,0.6569952529477663,0.9897769014375792,True,11,3,3,3,"fly (3,3)",0.20000000000000018,-0.21896273536788158,0.04445216642079686,0.22342935030851957,1.1171467515425968,-0.2222608321039841,600.8024164933745,1.7160912878525496,-0.027767672597557816,,,,,,
38,7.6,696.6189111747851,170.22636103151862,655,165,87,14,115.61891117478513,,600.7736389684814,,600.7736389684814,,0.6532141874281645,0.9897424035724569,True,11,3,3,3,"fly (3,3)",0.1999999999999993,-0.6692485969695099,0.0209402041291753,0.6695761171775985,3.3478805858880043,-0.1047010206463032,600.76629238896,1.7307809505542708,-0.18062052207236926,,,,,,
39,7.8,696.4799426934097,170.26934097421204,655,165,87,14,115.47994269340973,,600.730659025788,,600.730659025788,,0.6524290547650267,0.9896715964181021,True,11,3,3,3,"fly (3,3)",0.20000000000000018,-0.1389684813754002,0.04297994269342098,0.14546310284644248,0.7273155142322117,-0.2148997134668205,600.7628235520466,2.4757286772907943,-0.017344184566733773,,,,,,
40,8.0,697.1482014388489,170.2158273381295,657,165,85,14,116.1482014388489,,600.7841726618706,,600.7841726618706,,0.6562045279031011,0.9897597572683206,True,11,3,3,3,"fly (3,3)",0.20000000000000018,0.6682587454391751,-0.053513636082556104,0.6703979863504338,3.351989931752166,0.2675681804129224,600.7716105625528,1.532605280335946,0.04393505253100716,,,,,,
41,8.2,697.0457142857143,170.2,657,165,85,14,116.04571428571433,,600.8,,600.8,,0.655625504439064,0.9897858319604612,True,11,3,3,3,"fly (3,3)",0.1999999999999993,-0.10248715313457524,-0.015827338129497548,0.10370207900469171,0.5185103950234604,0.07913669064691958,600.790914696814,1.5978996897970974,0.0965206713057873,,,,,,
42,8.4,697.23,170.21142857142857,657,165,85,14,116.23000000000002,,600.7885714285715,,600.7885714285715,,0.6566666666666667,0.9897670040009414,True,11,3,3,3,"fly (3,3)",0.20000000000000107,0.18428571428569285,0.011428571428581336,0.1846397485231341,0.9231987426156656,-0.05714285714248005,600.7844813166059,0.9011725250865933,-0.03216690104030321,,,,,,
43,8.6,696.9787535410765,170.23512747875355,655,165,87,14,115.97875354107646,,600.7648725212464,,600.7648725212464,,0.6552471951473247,0.9897279613200105,True,11,3,3,3,"fly (3,3)",0.1999999999999993,-0.25124645892356057,0.023698907324984475,0.25236168752412996,1.2618084376206542,-0.11849453662534912,600.7847678495573,1.627735247286478,0.0014326647565587787,,,,,,
44,8.8,697.5171919770773,170.19914040114614,657,165,85,14,116.51719197707735,,600.8008595988539,,600.8008595988539,,0.6582892202094766,0.9897872481035485,True,11,3,3,3,"fly (3,3)",0.20000000000000107,0.538438436000888,-0.03598707760741604,0.5396397123246256,2.6981985616231134,0.17993538803750556,600.7839503667568,1.8308331471219568,-0.004087414002546169,,,,,,
45,9.0,697.2110481586402,170.21388101983004,655,165,87,14,116.21104815864021,,600.7861189801699,,600.7861189801699,,0.6565595941166114,0.9897629637235089,True,11,3,3,3,"fly (3,3)",0.1999999999999993,-0.30614381843713545,0.014740618683902085,0.3064984884244194,1.5324924421221024,-0.0737030934197949,600.7934907380339,1.8446594242277727,0.04770185638562869,,,,,,
46,9.2,696.950495049505,170.2065063649222,655,165,87,14,115.95049504950498,,600.7934936350778,,600.7934936350778,,0.6550875426525705,0.9897751130726158,True,11,3,3,3,"fly (3,3)",0.1999999999999993,-0.26055310913523044,-0.007374654907835065,0.26065745378761945,1.3032872689381019,0.03687327453917546,600.7855303441712,1.1333616082986668,-0.03980196931289953,,,,,,
47,9.4,696.8388489208633,170.22302158273382,656,165,86,14,115.83884892086326,,600.7769784172662,,600.7769784172662,,0.6544567735641992,0.9897479051355291,True,11,3,3,3,"fly (3,3)",0.20000000000000107,-0.11164612864172341,0.016515217811615912,0.11286102276715981,0.5643051138357961,-0.08257608905807912,600.7831750456642,1.0330611332166442,-0.011776492535773094,,,,,,
48,9.6,696.5925394548063,170.2209469153515,657,165,85,14,115.59253945480634,,600.7790530846485,,600.7790530846485,,0.6530651946599229,0.9897513230389596,True,11,3,3,3,"fly (3,3)",0.1999999999999993,-0.24630946605691406,-0.002074667382316875,0.246318203375206,1.2315910168760342,0.01037333691158441,600.7905819292097,1.1785797675829432,0.03703441772756815,,,,,,
49,9.8,696.9385714285714,170.18428571428572,657,165,85,14,115.93857142857144,,600.8157142857143,,600.8157142857143,,0.6550201775625505,0.9898117204048011,True,11,3,3,3,"fly (3,3)",0.20000000000000107,0.3460319737650934,-0.03666120106578319,0.34796863440740183,1.7398431720369998,0.1833060053291992,600.7973836851814,1.485717094456517,0.09683967112039178,,,,,,
0,0.0,645.2741935483871,169.67741935483872,637,165,21,9,64.27419354838707,,601.3225806451612,,601.3225806451612,,0.36313103699653715,0.9906467555933464,True,12,4,3,3,"fly (3,4)",,,,,,,601.5145013317549,0.546898947673011,0.47980171648418946,,,,,,
2,0.4,645.0642201834862,169.29357798165137,639,165,15,9,64.06422018348621,,601.7064220183486,,601.7064220183486,,0.3619447467993571,0.9912791137040339,True,12,4,3,3,"fly (3,4)",0.4,-0.20997336490086127,-0.38384137318735156,0.43751915813840875,1.093797895346022,0.9596034329683789,601.5145013317549,0.546898947673011,0.47980171648418946,,,,,,
0,0.0,620.681592039801,169.26865671641792,599,165,39,9,39.68159203980099,,601.7313432835821,,601.7313432835821,,0.22418978553559882,0.9913201701541715,True,13,5,3,3,"fly (3,5)",,,,,,,601.7460135221329,22.655113005548664,0.07335119275410307,,,,,,
1,0.2,629.7435897435897,169.23931623931625,599,165,56,9,48.74358974358972,,601.7606837606837,,601.7606837606837,,0.27538751267564815,0.9913685070192483,True,13,5,3,3,"fly (3,5)",0.2,9.061997703788734,-0.02934047710166965,9.062045202219466,45.31022601109733,0.14670238550820613,601.7365398789528,28.63458217140565,-0.022917818315780398,,,,,,
2,0.4,621.625,169.28240740740742,599,165,40,9,40.625,,601.7175925925926,,601.7175925925926,,0.22951977401129944,0.9912975166270059,True,13,5,3,3,"fly (3,5)",0.2,-8.118589743589723,0.04309116809116631,8.118704100623923,40.59352050311961,-0.21545584045554733,601.7514797146579,42.51089452562656,0.07469917852593731,,,,,,
3,0.6,629.9505813953489,169.22383720930233,599,165,57,9,48.95058139534888,,601.7761627906976,,601.7761627906976,,0.27655695703586936,0.9913940078924178,True,13,5,3,3,"fly (3,5)",0.19999999999999996,8.325581395348877,-0.058570198105087456,8.325787412532549,41.62893706266275,0.2928509905251531,601.7328112486211,28.582649808851258,-0.09334233018440342,,,,,,
4,0.8,630.6520467836257,169.2953216374269,599,165,58,9,49.65204678362568,,601.7046783625731,,601.7046783625731,,0.2805200383255688,0.9912762411245026,True,13,5,3,3,"fly (3,5)",0.20000000000000007,0.7014653882768016,0.07148442812456324,0.7050983721542831,3.5254918607714143,-0.3574221406228161,601.7363882842309,15.493467019239624,0.017885178048876155,,,,,,
5,1.0,630.9161849710982,169.27167630057804,599,165,59,9,49.91618497109823,,601.7283236994219,,601.7283236994219,,0.28201234446948154,0.9913151955509423,True,13,5,3,3,"fly (3,5)",0.19999999999999996,0.2641381874725539,-0.023645336848858278,0.2651944268569421,1.3259721342847108,0.11822668424429142,601.7313546696327,3.385876064201381,-0.02516807299173246,,,,,,
6,1.2,629.8554572271387,169.23893805309734,599,165,56,9,48.855457227138686,,601.7610619469026,,601.7610619469026,,0.2760195323567157,0.9913691300607951,True,13,5,3,3,"fly (3,5)",0.19999999999999996,-1.0607277439595464,-0.03273824748069387,1.0612328395096036,5.306164197548019,0.16369123740332728,601.7427526832952,2.299354693774284,0.056990068313022384,,,,,,
7,1.4,629.8071216617211,169.26112759643917,599,165,56,9,48.80712166172111,,601.7388724035609,,601.7388724035609,,0.27574645006622095,0.9913325739762123,True,13,5,3,3,"fly (3,5)",0.19999999999999996,-0.04833556541757389,0.022189543341823992,0.053185549898024466,0.2659277494901224,-0.11094771670855155,601.7346524463231,2.8032182682403666,-0.04050118486020432,,,,,,
8,1.6,630.3735632183908,169.29597701149424,599,165,59,9,49.373563218390814,,601.7040229885058,,601.7040229885058,,0.2789466848496656,0.9912751614308168,True,13,5,3,3,"fly (3,5)",0.20000000000000018,0.5664415566697016,0.03484941505507777,0.5675125715365924,2.8375628576829595,-0.17424707527538869,601.7319455228458,1.550834629416719,-0.013534617386691575,,,,,,
9,1.8,630.0676470588236,169.24705882352941,599,165,56,9,49.06764705882358,,601.7529411764706,,601.7529411764706,,0.277218344965105,0.9913557515263107,True,13,5,3,3,"fly (3,5)",0.19999999999999996,-0.30591615956723217,-0.04891818796482994,0.3098026562154151,1.5490132810770758,0.24459093982386554,601.702178938183,1.8334375841897455,-0.14883292331376194,,,,,,
10,2.0,630.2649572649573,169.35042735042734,599,165,58,9,49.264957264957275,,601.6495726495726,,601.6495726495726,,0.278333091892414,0.991185457412805,True,13,5,3,3,"fly (3,5)",0.19999999999999996,0.1973102061336931,0.10336852689792408,0.22274732276183998,1.1137366138092002,-0.5168426344897626,601.7139229467899,1.4958708984066575,0.05872004303474402,,,,,,
11,2.2,629.9111747851002,169.26074498567334,599,165,57,9,48.91117478510023,,601.7392550143267,,601.7392550143267,,0.2763343208197753,0.9913332043069631,True,13,5,3,3,"fly (3,5)",0.20000000000000018,-0.3537824798570455,-0.08968236475399749,0.3649725600667396,1.8248628003336964,0.44841182377012917,601.6990143204499,1.4280192713336826,-0.07454313170020085,,,,,,
12,2.4,630.1784702549575,169.29178470254956,599,165,57,9,49.17847025495746,,601.7082152974505,,601.7082152974505,,0.2778444647172738,0.9912820680353385,True,13,5,3,3,"fly (3,5)",0.19999999999999973,0.2672954698572312,0.0310397168762222,0.2690916799716298,1.3454583998581509,-0.1551985843809691,601.7238046579163,1.4690776703751673,0.1239516873319718,,,,,,
13,2.6,630.425352112676,169.27605633802816,599,165,59,9,49.42535211267602,,601.7239436619718,,601.7239436619718,,0.2792392774727459,0.9913079796737592,True,13,5,3,3,"fly (3,5)",0.20000000000000018,0.24688185771856297,-0.01572836452140791,0.24738236218673118,1.2369118109336548,0.07864182260675527,601.7322312810478,1.6115243758273252,0.04213311565706592,,,,,,
14,2.8,629.9767441860465,169.23546511627907,599,165,56,9,48.97674418604652,,601.7645348837209,,601.7645348837209,,0.2767047694126922,0.9913748515382552,True,13,5,3,3,"fly (3,5)",0.19999999999999973,-0.44860792662950644,-0.04059122174908225,0.4504405833380334,2.25220291669017,0.20295610874541153,601.7183817374531,1.8244668699371267,-0.06924771797306047,,,,,,
15,3.0,630.3613445378152,169.33333333333334,599,165,58,9,49.36134453781517,,601.6666666666666,,601.6666666666666,,0.2788776527560179,0.9912136188907194,True,13,5,3,3,"fly (3,5)",0.20000000000000018,0.38460035176865404,0.09786821705426973,0.3968571764375114,1.9842858821875553,-0.48934108527134823,601.6803907416248,2.9605937639665143,-0.18995497914166473,,,,,,
16,3.2,629.434017595308,169.39002932551318,599,165,58,9,48.43401759530798,,601.6099706744868,,601.6099706744868,,0.2736385174876157,0.9911202152792205,True,13,5,3,3,"fly (3,5)",0.20000000000000018,-0.927326942507193,0.056695992179840005,0.9290584986043642,4.645292493021817,-0.28347996089905764,601.6415221117454,2.4868934279071007,-0.19434314939682396,,,,,,
17,3.4,629.2721893491124,169.35207100591717,599,165,56,9,48.27218934911241,,601.6479289940828,,601.6479289940828,,0.27272423361080456,0.9911827495783901,True,13,5,3,3,"fly (3,5)",0.19999999999999973,-0.16182824619556868,-0.037958319596015144,0.16622038170238576,0.8311019085119299,0.18979159797993386,601.6165788010879,1.934034131976798,-0.12471655328795322,,,,,,
18,3.6,629.2390670553935,169.40816326530611,599,165,56,9,48.23906705539355,,601.5918367346939,,601.5918367346939,,0.2725371020078732,0.9910903405843391,True,13,5,3,3,"fly (3,5)",0.20000000000000018,-0.03312229371886133,0.05609225938894724,0.0651415988793295,0.32570799439664716,-0.280461296944736,601.6017417796015,1.343784692979029,-0.07418510743169299,,,,,,
19,3.8,629.8133704735376,169.43454038997214,599,165,59,9,48.81337047353759,,601.5654596100278,,601.5654596100278,,0.275781754087783,0.9910468856837361,True,13,5,3,3,"fly (3,5)",0.19999999999999973,0.5743034181440407,0.02637712466602693,0.5749088352057011,2.8745441760285093,-0.13188562333027692,601.6289027031426,1.8261734388099733,0.13580461770516172,,,,,,
20,4.0,629.3882352941176,169.27058823529413,599,165,57,9,48.388235294117635,,601.7294117647059,,601.7294117647059,,0.2733798604187437,0.9913169880802404,True,13,5,3,3,"fly (3,5)",0.20000000000000018,-0.4251351794199536,-0.1639521546780145,0.45565362920095315,2.2782681460047636,0.819760773390498,601.662029835015,3.182410673594232,0.16563565936299535,,,,,,
21,4.2,630.2662889518414,169.30878186968837,599,165,59,9,49.266288951841375,,601.6912181303117,,601.6912181303117,,0.2783406155471264,0.9912540661125397,True,13,5,3,3,"fly (3,5)",0.20000000000000018,0.8780536577237399,0.038193634394247056,0.8788839397498853,4.394419698749423,-0.1909681719712351,601.6880360519624,2.6181916389625615,0.13003108473621208,,,,,,
22,4.4,630.0347826086957,169.35652173913044,599,165,59,9,49.03478260869565,,601.6434782608695,,601.6434782608695,,0.27703267010562516,0.9911754172337225,True,13,5,3,3,"fly (3,5)",0.20000000000000018,-0.2315063431457247,0.04773986944206854,0.23637741442669982,1.181887072133498,-0.2386993472106267,601.6482718129334,2.959811267961628,-0.19882119514477384,,,,,,
23,4.6,629.375,169.38988095238096,599,165,57,9,48.375,,601.610119047619,,601.610119047619,,0.2733050847457627,0.9911204597160116,True,13,5,3,3,"fly (3,5)",0.1999999999999993,-0.6597826086956502,0.03335921325052027,0.6606254066003904,3.3031270330019638,-0.16679606625245982,601.6525400989982,3.4672205217358134,0.02134143032359716,,,,,,
24,4.8,630.5545977011494,169.29597701149424,599,165,59,9,49.55459770114942,,601.7040229885058,,601.7040229885058,,0.2799694785375673,0.9912751614308168,True,13,5,3,3,"fly (3,5)",0.20000000000000018,1.1795977011494188,-0.09390394088671883,1.1833294920143966,5.916647460071978,0.4695197044338779,601.6986176501931,3.9482240439913183,0.23038775597456107,,,,,,
25,5.0,630.0353982300885,169.21828908554573,599,165,56,9,49.035398230088504,,601.7817109144543,,601.7817109144543,,0.2770361481925904,0.9914031481292492,True,13,5,3,3,"fly (3,5)",0.20000000000000018,-0.5191994710609151,-0.07768792594850993,0.5249795277800032,2.624897638900014,0.3884396297422651,601.7753235297836,3.10758380792717,0.38352939795250496,,,,,,
26,5.2,629.8905325443787,169.15976331360946,599,165,57,9,48.89053254437874,,601.8402366863905,,601.8402366863905,,0.27621769799084034,0.9914995662049267,True,13,5,3,3,"fly (3,5)",0.20000000000000018,-0.14486568570976033,-0.058525771936274396,0.1562412649619039,0.7812063248095189,0.2926288596813717,601.8055563361564,1.2155727024590528,0.1511640318646337,,,,,,
27,5.4,629.9061583577712,169.20527859237538,599,165,57,9,48.90615835777123,,601.7947214076246,,601.7947214076246,,0.27630597942243634,0.9914245822201394,True,13,5,3,3,"fly (3,5)",0.20000000000000018,0.015625813392489363,0.045515278765918765,0.04812282873352517,0.24061414366762565,-0.22757639382973574,601.7681661079667,1.2912589952688263,-0.18695114094858503,,,,,,
28,5.6,630.4626436781609,169.33045977011494,599,165,59,9,49.46264367816093,,601.6695402298851,,601.6695402298851,,0.2794499642833951,0.9912183529322655,True,13,5,3,3,"fly (3,5)",0.1999999999999993,0.5564853203896973,0.12518117773956305,0.5703913034658648,2.851956517329334,-0.6259058886973912,601.7103094347254,1.0376299404586182,-0.2892833662065193,,,,,,
29,5.8,630.4597701149426,169.33333333333334,599,165,59,9,49.45977011494256,,601.6666666666666,,601.6666666666666,,0.2794337294629523,0.9912136188907194,True,13,5,3,3,"fly (3,5)",0.20000000000000018,-0.00287356321837251,0.002873563218400932,0.004063832075778981,0.020319160378894887,-0.014367816092430973,601.6755837697198,1.0455297050613033,-0.1736283250285934,,,,,,
30,6.0,630.4126074498568,169.30945558739256,599,165,59,9,49.41260744985675,,601.6905444126074,,601.6905444126074,,0.27916727372800426,0.9912529561986942,True,13,5,3,3,"fly (3,5)",0.20000000000000018,-0.04716266508580702,-0.02387774594077996,0.05286268749513625,0.26431343747568103,0.1193887297040418,601.6948279355156,0.9119301478714337,0.09622082897938823,,,,,,
31,6.2,629.9237536656891,169.27272727272728,599,165,57,9,48.923753665689105,,601.7272727272727,,601.7272727272727,,0.27640538794174635,0.9913134641305976,True,13,5,3,3,"fly (3,5)",0.20000000000000018,-0.48885378416764524,-0.03672831466528237,0.49023156915194543,2.451157845759725,0.1836415733265538,601.7136164032837,0.9344364854256413,0.09394233884033075,,,,,,
32,6.4,629.9067055393587,169.27696793002914,599,165,57,9,48.906705539358654,,601.7230320699708,,601.7230320699708,,0.2763090708438342,0.991306477874746,True,13,5,3,3,"fly (3,5)",0.20000000000000018,-0.01704812633045094,0.004240657301863848,0.017567634608303583,0.08783817304151784,-0.02120328650960344,601.7272894063575,0.8992759981269872,0.06836501536914363,,,,,,
33,6.6,629.8761061946902,169.2684365781711,599,165,57,9,48.87610619469024,,601.7315634218289,,601.7315634218289,,0.27613619319034033,0.9913205328201465,True,13,5,3,3,"fly (3,5)",0.1999999999999993,-0.03059934466841696,-0.008531351858039216,0.03176639511594362,0.15883197557971865,0.04265675929048045,601.7150953941635,0.3428192693846667,-0.06097006097017265,,,,,,
34,6.8,630.027027027027,169.3093093093093,599,165,57,9,49.027027027026975,,601.6906906906906,,601.6906906906906,,0.2769888532600394,0.9912531971840044,True,13,5,3,3,"fly (3,5)",0.20000000000000018,0.15092083233673748,0.040872731138193785,0.15635753190655288,0.7817876595327637,-0.20436365569139506,601.6848690178987,0.6085095958421038,-0.15113188132393868,,,,,,
35,7.0,630.1941176470589,169.36764705882354,599,165,58,9,49.194117647058874,,601.6323529411765,,601.6323529411765,,0.2779328680624795,0.9911570888652002,True,13,5,3,3,"fly (3,5)",0.20000000000000018,0.16709062003189956,0.0583377495142372,0.176981830482766,0.8849091524138292,-0.2916887475709015,601.7011301508921,1.470163139462888,0.08130566496712766,,,,,,
36,7.2,630.7225433526012,169.21965317919074,599,165,59,9,49.72254335260118,,601.7803468208092,,601.7803468208092,,0.28091832402599537,0.9914009008580053,True,13,5,3,3,"fly (3,5)",0.20000000000000018,0.5284257055423041,-0.14799387963279287,0.5487585212884146,2.743792606442071,0.7399693981636795,601.7206625037578,1.7042712302113552,0.09766176432852562,,,,,,
37,7.4,630.4273504273505,169.25071225071224,599,165,59,9,49.42735042735046,,601.7492877492878,,601.7492877492878,,0.2792505673861608,0.9913497327006389,True,13,5,3,3,"fly (3,5)",0.20000000000000018,-0.29519292525071705,0.031059071521497117,0.2968223863556334,1.4841119317781657,-0.15529535760720123,601.7490712736059,2.3631710108204174,0.14204384924009109,,,,,,
38,7.6,629.8559077809798,169.28242074927954,599,165,56,9,48.855907780979805,,601.7175792507205,,601.7175792507205,,0.27602207785864297,0.991297494646986,True,13,5,3,3,"fly (3,5)",0.1999999999999993,-0.5714426463706559,0.03170849856729774,0.5723216988482009,2.8616084942410147,-0.15854249283620503,601.7363588772454,2.2576205325030485,-0.06356198180204366,,,,,,
39,7.8,629.371104815864,169.25779036827197,599,165,56,9,48.37110481586399,,601.742209631728,,601.742209631728,,0.2732830780557287,0.9913380718809357,True,13,5,3,3,"fly (3,5)",0.20000000000000018,-0.48480296511581855,-0.024630381007568758,0.4854282342979934,2.427141171489965,0.12315190503727524,601.7000794402169,3.209627630179718,-0.1813971851424868,,,,,,
40,8.0,630.2331460674158,169.35955056179776,599,165,59,9,49.23314606741576,,601.6404494382023,,601.6404494382023,,0.2781533676125184,0.9911704274105474,True,13,5,3,3,"fly (3,5)",0.20000000000000018,0.8620412515517728,0.10176019352579146,0.8680266449616356,4.3401332248081745,-0.5088009676285306,601.6894038259542,2.6145270381293204,-0.05337807131411371,,,,,,
41,8.2,630.0226628895184,169.31444759206798,599,165,58,9,49.022662889518415,,601.685552407932,,601.685552407932,,0.27696419711592324,0.9912447321382736,True,13,5,3,3,"fly (3,5)",0.1999999999999993,-0.21048317789734483,-0.04510296972978267,0.21526134361796362,1.0763067180898218,0.22551484864891416,601.6735087806038,1.8473210285472208,-0.07947522675124186,,,,,,
42,8.4,630.0461095100865,169.30547550432277,599,165,58,9,49.04610951008647,,601.6945244956772,,601.6945244956772,,0.2770966638987936,0.9912595131724501,True,13,5,3,3,"fly (3,5)",0.20000000000000107,0.023446620568051912,-0.008972087745206636,0.02510462854873344,0.12552314274366655,0.044860438725890836,601.6968677397996,0.7222315224324133,0.11679479597868701,,,,,,
43,8.6,629.8538011695906,169.28947368421052,599,165,56,9,48.85380116959061,,601.7105263157895,,601.7105263157895,,0.276010176099382,0.9912858753143154,True,13,5,3,3,"fly (3,5)",0.1999999999999993,-0.1923083404958561,-0.016001820112251153,0.19297294129274958,0.9648647064637513,0.08000910056125604,601.6880255331442,1.317776561451215,-0.04421103327729223,,,,,,
44,8.8,630.4240687679084,169.34097421203438,599,165,59,9,49.42406876790835,,601.6590257879657,,601.6590257879657,,0.27923202693733534,0.9912010309521675,True,13,5,3,3,"fly (3,5)",0.20000000000000107,0.5702675983177414,0.05150052782386183,0.5725883670292484,2.862941835146227,-0.25750263911902355,601.6858044584772,1.9795430701747974,-0.01110537333488465,,,,,,
45,9.0,630.0028901734104,169.3121387283237,599,165,56,9,49.00289017341038,,601.6878612716763,,601.6878612716763,,0.27685248685542585,0.991248535867671,True,13,5,3,3,"fly (3,5)",0.1999999999999993,-0.4211785944979738,-0.028835483710679455,0.42216453378288127,2.110822668914414,0.14417741855311356,601.6838551407384,1.7686826572350356,-0.009746588694004035,,,,,,
46,9.2,629.938596491228,169.2953216374269,599,165,56,9,48.938596491228054,,601.7046783625731,,601.7046783625731,,0.27648924571315286,0.9912762411245026,True,13,5,3,3,"fly (3,5)",0.1999999999999993,-0.06429368218232412,-0.01681709089680794,0.06645669352889295,0.332283467644466,0.0840854544838979,601.6909638468026,1.0281152629474513,0.035543530321244535,,,,,,
47,9.4,630.0645161290322,169.31964809384164,599,165,57,9,49.0645161290322,,601.6803519061584,,601.6803519061584,,0.2772006560962271,0.9912361645900468,True,13,5,3,3,"fly (3,5)",0.20000000000000107,0.12591963780414517,0.02432645641474096,0.12824793045669547,0.6412396522834739,-0.12163228207327782,601.6822504456603,0.5283795283504696,-0.04356700571179297,,,,,,
48,9.6,629.9436201780416,169.33827893175075,599,165,58,9,48.943620178041556,,601.6617210682492,,601.6617210682492,,0.27651762812452857,0.9912054712821239,True,13,5,3,3,"fly (3,5)",0.1999999999999993,-0.12089595099064354,0.01863083790911446,0.12232309302469335,0.611615465123469,-0.09315418954599897,601.6638818746601,0.948817863581246,-0.0918428550007394,,,,,,
49,9.8,630.2621082621083,169.35042735042734,599,165,59,9,49.26210826210831,,601.6495726495726,,601.6495726495726,,0.2783169958311204,0.991185457412805,True,13,5,3,3,"fly (3,5)",0.20000000000000107,0.31848808406675744,0.012148418676588335,0.3187196946673607,1.5935984733367952,-0.06074209338294135,601.6556468589109,1.102606969230132,-0.07694814146447018,,,,,,
0,0.0,896.1776061776062,168.04633204633205,869,165,70,8,95.17760617760621,,602.953667953668,,602.953667953668,,0.5438720353006069,0.9933338846024183,True,14,1,4,4,"fly (4,1)",,,,,,,602.973116504715,2.225396416265283,0.09724275523524284,,,,,,
1,0.2,897.0669144981413,168.00743494423793,869,165,75,8,96.06691449814127,,602.992565055762,,602.992565055762,,0.5489537971322358,0.9933979654954893,True,14,1,4,4,"fly (4,1)",0.2,0.8893083205350649,-0.03889710209412556,0.8901585665061134,4.450792832530566,0.19448551047048568,602.98207766981,1.9235791345250757,0.07722007722009039,,,,,,
2,0.4,896.8030303030303,168.0,869,165,74,8,95.80303030303025,,603.0,,603.0,,0.5474458874458872,0.9934102141680395,True,14,1,4,4,"fly (4,1)",0.2,-0.263884195111018,-0.007434944237928676,0.2639889142089321,1.3199445710446605,0.03717472118978549,603.008510696243,2.02125174256383,0.1321651321651037,,,,,,
3,0.6,896.7545787545788,167.96703296703296,868,165,76,8,95.7545787545788,,603.032967032967,,603.032967032967,,0.547169021454736,0.9934645255897315,True,14,1,4,4,"fly (4,1)",0.19999999999999996,-0.048451548451453164,-0.0329670329670364,0.05860356482325268,0.2930178241162635,0.16483516483503993,603.2072853072854,13.243480058814745,0.9938730552115276,,,,,,
4,0.8,904.3577777777778,167.4111111111111,870,164,91,10,103.35777777777776,,603.588888888889,,603.588888888889,,0.5906158730158729,0.9943803770821894,True,14,1,4,4,"fly (4,1)",0.20000000000000007,7.603199023198954,-0.5559218559218664,7.623495556256666,38.11747778128331,2.7796092796097573,603.2060274456501,25.66419908138829,-0.006289308176216905,,,,,,
5,1.0,896.6641509433962,168.00377358490567,868,165,76,8,95.66415094339618,,602.9962264150943,,602.9962264150943,,0.546652291105121,0.9934039973889527,True,14,1,4,4,"fly (4,1)",0.19999999999999996,-7.6936268343815755,0.5926624737945758,7.716420327753055,38.58210163876529,-2.963312368973448,603.2040127936355,25.971560656818884,-0.010073260073113932,,,,,,
6,1.2,896.4230769230769,167.97307692307692,871,165,70,8,95.4230769230769,,603.0269230769231,,603.0269230769231,,0.5452747252747252,0.9934545684957548,True,14,1,4,4,"fly (4,1)",0.19999999999999996,-0.2410740203192745,-0.030696661828756078,0.2430205100816122,1.2151025504080613,0.15348330914434885,602.9975770803557,13.70261021336414,-1.032178566399201,,,,,,
7,1.4,896.1673003802282,168.03041825095056,871,165,70,9,95.1673003802282,,602.9695817490494,,602.9695817490494,,0.5438131450298754,0.9933601017282527,True,14,1,4,4,"fly (4,1)",0.19999999999999996,-0.2557765428487073,0.05734132787364388,0.2621252901838152,1.3106264509190764,-0.28670663936850366,603.1580153990436,10.957116367560852,0.8021915934402076,,,,,,
8,1.6,902.2151300236407,167.5224586288416,870,164,86,10,101.21513002364065,,603.4775413711584,,603.4775413711584,,0.5783721715636608,0.9941969380084982,True,14,1,4,4,"fly (4,1)",0.20000000000000018,6.047829643412456,-0.507959622108956,6.069124020271089,30.34562010135542,2.5397981105447776,603.136070871457,20.267901810651917,-0.10972263793291948,,,,,,
9,1.8,896.4085603112841,168.03891050583658,870,165,70,8,95.40856031128408,,602.9610894941634,,602.9610894941634,,0.5451917732073376,0.9933461111930204,True,14,1,4,4,"fly (4,1)",0.19999999999999996,-5.806569712356577,0.516451876994978,5.82949177593625,29.14745887968126,-2.5822593849750324,603.1398971571275,20.028671979790403,0.01913142835197265,,,,,,
10,2.0,896.2916666666666,168.0189393939394,870,165,69,8,95.29166666666663,,602.9810606060606,,602.9810606060606,,0.5445238095238093,0.9933790125305776,True,14,1,4,4,"fly (4,1)",0.19999999999999996,-0.11689364461744844,-0.019971111897177707,0.11858739166690499,0.5929369583345251,0.09985555948617278,602.9524026717606,11.163755821320953,-0.9374724268341575,,,,,,
11,2.2,895.5444015444016,168.0849420849421,870,165,70,8,94.54440154440158,,602.9150579150579,,602.9150579150579,,0.5402537231108662,0.9932702766310674,True,14,1,4,4,"fly (4,1)",0.20000000000000018,-0.7472651222650484,0.06600269100269429,0.7501743251894154,3.750871625947074,-0.3300134550136133,603.1051577866093,11.707957165380984,0.7637755742437485,,,,,,
12,2.4,901.6797235023041,167.58064516129033,869,164,84,10,100.67972350230411,,603.4193548387096,,603.4193548387096,,0.5753127057274521,0.9941010788117127,True,14,1,4,4,"fly (4,1)",0.19999999999999973,6.1353219579025335,-0.5042969236517649,6.156012582372262,30.78006291186135,2.521484618258686,603.2151746216263,15.199038590255137,0.5500841750841815,,,,,,
13,2.6,899.4691358024692,167.6888888888889,869,164,77,10,98.46913580246917,,603.3111111111111,,603.3111111111111,,0.5626807760141095,0.9939227530660809,True,14,1,4,4,"fly (4,1)",0.20000000000000018,-2.210587699834946,0.1082437275985626,2.2132362465914,11.066181232956989,-0.5412186379925283,603.2217772834014,20.240893402819015,0.03301330887533571,,,,,,
14,2.8,895.7126436781609,168.06513409961687,870,165,69,8,94.71264367816093,,602.9348659003831,,602.9348659003831,,0.5412151067323482,0.9933029092263314,True,14,1,4,4,"fly (4,1)",0.19999999999999973,-3.756492124308238,0.3762452107279728,3.775287212727736,18.876436063638703,-1.8812260536401506,603.2447649228344,20.636094375911835,0.11493819716614784,,,,,,
15,3.0,902.0817757009346,167.51168224299064,870,164,84,10,101.0817757009346,,603.4883177570093,,603.4883177570093,,0.5776101468624835,0.9942146915271982,True,14,1,4,4,"fly (4,1)",0.20000000000000018,6.36913202277367,-0.553451856626225,6.393133166227967,31.96566583113981,2.7672592831311222,603.2962599958892,17.401341691174178,0.2574753652735716,,,,,,
16,3.2,902.3532110091743,167.53440366972478,870,164,84,10,101.35321100917429,,603.4655963302753,,603.4655963302753,,0.5791612057667103,0.9941772591932048,True,14,1,4,4,"fly (4,1)",0.20000000000000018,0.2714353082396883,0.022721426734136685,0.2723846357488053,1.3619231787440251,-0.113607133670257,603.5073822498256,13.751259870343207,1.0556112696821167,,,,,,
17,3.4,903.9351230425056,167.4317673378076,870,164,91,10,102.93512304250555,,603.5682326621924,,603.5682326621924,,0.5882007031000317,0.9943463470546826,True,14,1,4,4,"fly (4,1)",0.19999999999999973,1.581912033331264,-0.10263633191718213,1.585238120229156,7.92619060114579,0.513181659585485,603.3532837657667,15.103747351088762,-0.7704924202943163,,,,,,
18,3.6,896.7509293680298,167.9739776951673,870,165,73,8,95.7509293680298,,603.0260223048327,,603.0260223048327,,0.5471481678173131,0.993453084521965,True,14,1,4,4,"fly (4,1)",0.20000000000000018,-7.18419367447575,0.5422103573596928,7.204625654675301,36.02312827337647,-2.7110517867981776,603.2144371902663,15.104250884279388,-0.694232877502826,,,,,,
19,3.8,897.0226415094339,167.95094339622642,870,165,74,8,96.02264150943392,,603.0490566037736,,603.0490566037736,,0.5487008086253368,0.9934910322961673,True,14,1,4,4,"fly (4,1)",0.19999999999999973,0.27171214140412303,-0.023034298940871167,0.27268675566318135,1.3634337783159085,0.11517149470421388,603.0325450998613,12.946802207607496,-0.9094604520248585,,,,,,
20,4.0,896.7330827067669,167.97744360902254,870,165,72,8,95.73308270676694,,603.0225563909775,,603.0225563909775,,0.5470461868958111,0.9934473746144604,True,14,1,4,4,"fly (4,1)",0.20000000000000018,-0.2895588026669884,0.02650021279612247,0.29076891422602197,1.4538445711301085,-0.13250106398061223,603.0630866845248,2.9588100194739937,0.152707923318,,,,,,
21,4.2,897.9411764705883,167.88235294117646,870,165,80,8,96.94117647058829,,603.1176470588235,,603.1176470588235,,0.553949579831933,0.9936040313983914,True,14,1,4,4,"fly (4,1)",0.20000000000000018,1.2080937638213527,-0.09509066784607967,1.2118303417951937,6.059151708975963,0.4754533392303979,603.0442092307418,5.450311067572129,-0.09438726891554909,,,,,,
22,4.4,896.1780303030303,168.00757575757575,870,165,70,8,95.17803030303025,,602.9924242424242,,602.9924242424242,,0.5438744588744586,0.9933977335130548,True,14,1,4,4,"fly (4,1)",0.20000000000000018,-1.763146167558034,0.12522281639928678,1.7675873845220644,8.837936922610314,-0.6261140819964334,603.2428307846264,19.844493024555778,0.9931077694235114,,,,,,
23,4.6,905.0833333333334,167.3815789473684,870,164,91,10,104.08333333333337,,603.6184210526316,,603.6184210526316,,0.5947619047619049,0.9944290297407439,True,14,1,4,4,"fly (4,1)",0.1999999999999993,8.905303030303116,-0.6259968102073401,8.927278088416179,44.63639044208105,3.1299840510365695,603.2132769341007,31.567662761387805,-0.14776925262859666,,,,,,
24,4.8,896.8586956521739,167.97101449275362,868,165,76,8,95.85869565217388,,603.0289855072464,,603.0289855072464,,0.5477639751552793,0.9934579662392856,True,14,1,4,4,"fly (4,1)",0.20000000000000018,-8.224637681159493,0.5894355453852143,8.245732183894415,41.228660919472034,-2.9471777269259265,603.2098284709749,28.766588528621593,-0.017242315629455107,,,,,,
25,5.0,896.931899641577,168.0179211469534,868,165,75,8,95.93189964157705,,602.9820788530466,,602.9820788530466,,0.5481822836661545,0.993380690037968,True,14,1,4,4,"fly (4,1)",0.20000000000000018,0.07320398940316863,0.04690665419977336,0.08694284486233667,0.43471422431168294,-0.23453327099900867,602.9887627469633,14.776662495157758,-1.1053286200575474,,,,,,
26,5.2,896.3992537313433,168.044776119403,868,165,75,8,95.39925373134326,,602.955223880597,,602.955223880597,,0.5451385927505329,0.9933364479087265,True,14,1,4,4,"fly (4,1)",0.20000000000000018,-0.5326459102337822,0.026854972449598336,0.5333224683379119,2.666612341689557,-0.13427486224770735,602.9718281839419,1.5636752996318801,-0.08467281510756175,,,,,,
27,5.4,896.7163636363637,168.0218181818182,868,165,76,8,95.71636363636367,,602.9781818181818,,602.9781818181818,,0.5469506493506495,0.9933742698816834,True,14,1,4,4,"fly (4,1)",0.20000000000000018,0.31710990502040204,-0.022957937584806132,0.31793986657888035,1.5896993328944002,0.11478968792403056,603.1116102923087,9.121017566286417,0.6989105418345339,,,,,,
28,5.6,901.3182897862233,167.59857482185274,870,164,80,10,100.31828978622332,,603.4014251781473,,603.4014251781473,,0.5732473702069903,0.9940715406559264,True,14,1,4,4,"fly (4,1)",0.1999999999999993,4.601926149859651,-0.42324335996545415,4.621348204855042,23.10674102427529,2.1162167998272783,603.1142807634823,16.91838577144677,0.013352355867750779,,,,,,
29,5.8,896.125,168.03676470588235,868,165,73,8,95.125,,602.9632352941177,,602.9632352941177,,0.5435714285714286,0.9933496462835547,True,14,1,4,4,"fly (4,1)",0.20000000000000018,-5.193289786223318,0.4381898840296117,5.211743391434129,26.05871695717062,-2.1909494201480566,603.2637446329462,25.308436911776443,0.7473193473193405,,,,,,
30,6.0,901.4568764568764,167.57342657342656,870,164,81,10,100.45687645687644,,603.4265734265734,,603.4265734265734,,0.574039294039294,0.9941129710487207,True,14,1,4,4,"fly (4,1)",0.20000000000000018,5.331876456876444,-0.4633381324557888,5.351970550776687,26.75985275388341,2.3166906622787997,603.2590442214511,17.825968519054758,-0.02350205747556335,,,,,,
31,6.2,901.330985915493,167.61267605633802,870,164,80,10,100.33098591549299,,603.387323943662,,603.387323943662,,0.5733199195171028,0.9940483096271202,True,14,1,4,4,"fly (4,1)",0.20000000000000018,-0.12589054138345546,0.039249482911458244,0.13186716922204844,0.6593358461102417,-0.19624741455743316,603.2774491849124,16.917430885637312,0.09202481730691618,,,,,,
32,6.4,896.6789667896679,167.98154981549814,871,165,70,8,95.67896678966792,,603.0184501845018,,603.0184501845018,,0.5467369530838168,0.9934406098591464,True,14,1,4,4,"fly (4,1)",0.20000000000000018,-4.652019125825063,0.3688737591601239,4.666620811383662,23.333104056918287,-1.8443687958006179,603.1364926106226,8.681125396660502,-0.7047828714496513,,,,,,
33,6.6,897.0888888888888,167.9962962962963,871,165,71,8,96.08888888888885,,603.0037037037036,,603.0037037037036,,0.5490793650793648,0.9934163158215875,True,14,1,4,4,"fly (4,1)",0.1999999999999993,0.40992209922092115,0.014746480798152106,0.4101872573905935,2.050936286952975,-0.0737324039909029,602.9907818196956,9.018972282322101,-0.7285539546345866,,,,,,
34,6.8,896.7586206896551,168.04980842911877,871,165,70,8,95.75862068965512,,602.9501915708812,,602.9501915708812,,0.5471921182266006,0.9933281574479097,True,14,1,4,4,"fly (4,1)",0.20000000000000018,-0.3302681992337284,0.05351213282247613,0.3345753006190087,1.672876503095042,-0.26756066411223833,603.0965659145735,7.31961724320288,0.5289204743900192,,,,,,
35,7.0,900.3851851851852,167.6641975308642,870,164,75,10,99.38518518518515,,603.3358024691358,,603.3358024691358,,0.5679153439153437,0.9939634307564017,True,14,1,4,4,"fly (4,1)",0.20000000000000018,3.626564495530033,-0.3856108982545834,3.647007787912128,18.235038939560624,1.9280544912731994,603.0622524662652,13.505884165274074,-0.1715672415417658,,,,,,
36,7.2,896.2862595419847,168.09923664122138,870,165,68,8,95.28625954198469,,602.9007633587786,,602.9007633587786,,0.5444929116684839,0.9932467271149565,True,14,1,4,4,"fly (4,1)",0.20000000000000018,-4.0989256432004595,0.4350391103571951,4.121947410633314,20.60973705316655,-2.175195551786258,603.2462529367903,25.847154660285128,0.9200023526248429,,,,,,
37,7.4,904.0021929824561,167.49780701754386,869,164,92,10,103.00219298245611,,603.5021929824561,,603.5021929824561,,0.5885839598997492,0.9942375502182144,True,14,1,4,4,"fly (4,1)",0.20000000000000018,7.715933440471417,-0.6014296236775181,7.739337597625649,38.69668798812821,3.0071481183875877,603.2772869233796,23.690449964405747,0.15516993294757628,,,,,,
38,7.6,901.6503496503497,167.57109557109558,869,164,83,10,100.65034965034965,,603.4289044289044,,603.4289044289044,,0.5751448551448551,0.9941168112502543,True,14,1,4,4,"fly (4,1)",0.1999999999999993,-2.351843332106455,0.07328855355171982,2.3529849703844894,11.764924851922489,-0.36644276775860035,603.4495095346738,17.007118121590832,0.8611130564700398,,,,,,
39,7.8,901.5389908256881,167.58256880733944,869,164,84,10,100.53899082568807,,603.4174311926606,,603.4174311926606,,0.5745085190039319,0.9940979097078428,True,14,1,4,4,"fly (4,1)",0.20000000000000018,-0.11135882466157909,0.011473236243858764,0.1119483049443613,0.5597415247218059,-0.05736618121886745,603.266062491139,13.680020273992817,-0.91723521767373,,,,,,
40,8.0,895.8148148148148,168.04814814814816,868,165,74,8,94.81481481481478,,602.9518518518519,,602.9518518518519,,0.5417989417989416,0.9933308926719141,True,14,1,4,4,"fly (4,1)",0.20000000000000018,-5.724176010873293,0.4655793408087163,5.743078889066836,28.715394445334155,-2.3278967040437215,603.2793941886812,19.58255988738245,0.0666584877111176,,,,,,
41,8.2,901.6866028708134,167.5311004784689,870,164,83,10,100.68660287081343,,603.4688995215311,,603.4688995215311,,0.5753520164046482,0.9941827010239391,True,14,1,4,4,"fly (4,1)",0.1999999999999993,5.87178805599865,-0.5170476696792718,5.894508738418255,29.472543692091378,2.5852383483959422,603.2742068440871,20.093711881641447,-0.025936722970144415,,,,,,
42,8.4,901.2733644859813,167.5981308411215,869,164,83,10,100.27336448598135,,603.4018691588785,,603.4018691588785,,0.5729906542056077,0.9940722720904094,True,14,1,4,4,"fly (4,1)",0.20000000000000107,-0.4132383848320842,0.0670303626526163,0.4186395014997641,2.093197507498809,-0.3351518132626534,603.4336670795165,11.79973910031916,0.7973011771461377,,,,,,
43,8.6,902.039534883721,167.56976744186048,870,164,83,10,101.03953488372099,,603.4302325581396,,603.4302325581396,,0.57736877076412,0.9941189992720586,True,14,1,4,4,"fly (4,1)",0.1999999999999993,0.7661703977396428,-0.028363399261024824,0.7666952202734557,3.833476101367292,0.14181699630512462,603.2647409763798,12.36119922161897,-0.8446305156830126,,,,,,
44,8.8,895.8257575757576,168.03787878787878,868,165,71,8,94.82575757575762,,602.9621212121212,,602.9621212121212,,0.5418614718614722,0.9933478108931157,True,14,1,4,4,"fly (4,1)",0.20000000000000107,-6.213777307963369,0.4681113460183042,6.231384811198195,31.15692405599081,-2.3405567300915084,603.135668594971,13.500524770574012,-0.6453619070441574,,,,,,
45,9.0,896.92673992674,167.98534798534797,870,165,73,8,95.92673992673997,,603.014652014652,,603.014652014652,,0.5481527995813713,0.9934343525776804,True,14,1,4,4,"fly (4,1)",0.1999999999999993,1.100982350982349,-0.05253080253081066,1.1022348308727825,5.511174154363932,0.26265401265391214,603.0134812129194,12.331703469038663,-0.6109369102576495,,,,,,
46,9.2,896.9700374531835,167.93632958801498,871,165,71,8,95.97003745318352,,603.063670411985,,603.063670411985,,0.5484002140181915,0.9935151077627429,True,14,1,4,4,"fly (4,1)",0.1999999999999993,0.04329752644355267,-0.0490183973329863,0.0654024393522494,0.32701219676124815,0.24509198666464813,603.02233389064,2.477080659636414,0.0442633886029864,,,,,,
47,9.4,896.6603773584906,168.011320754717,871,165,69,8,95.66037735849056,,602.988679245283,,602.988679245283,,0.5466307277628032,0.9933915638307793,True,14,1,4,4,"fly (4,1)",0.20000000000000107,-0.3096600946929584,0.07499116670200578,0.31861112555681415,1.5930556277840622,-0.3749558335096006,603.0395087092853,2.7480113110618674,0.08587409322710123,,,,,,
48,9.6,897.9227941176471,167.93382352941177,871,165,74,8,96.92279411764707,,603.0661764705883,,603.0661764705883,,0.5538445378151261,0.9935192363601125,True,14,1,4,4,"fly (4,1)",0.1999999999999993,1.2624167591565083,-0.07749722530522263,1.2647932217280538,6.323966108640291,0.38748612652625664,603.1463045622953,7.434719470671201,0.5339792650492333,,,,,,
49,9.8,900.7826086956521,167.6159420289855,870,164,77,10,99.78260869565213,,603.3840579710145,,603.3840579710145,,0.5701863354037264,0.9940429291120503,True,14,1,4,4,"fly (4,1)",0.20000000000000107,2.8598145780050572,-0.3178815004262674,2.877427335117865,14.387136675589248,1.5894075021310443,603.2251172208014,10.355551392114771,0.9884468143286502,,,,,,
0,0.0,842.1189427312776,166.86784140969164,819,165,50,5,41.11894273127757,,604.1321585903083,,604.1321585903083,,0.23496538703587183,0.9952753848275261,True,15,2,4,4,"fly (4,2)",,,,,,,604.1274828039261,0.15398963343057204,-0.023378931911111067,,,,,,
1,0.2,842.1798245614035,166.87719298245614,819,165,50,5,41.17982456140351,,604.1228070175439,,604.1228070175439,,0.23531328320802003,0.9952599786120987,True,15,2,4,4,"fly (4,2)",0.2,0.060881830125936176,0.00935157276450127,0.061595853372228816,0.3079792668611441,-0.046757863822222134,604.1215382435531,0.5491051206671914,-0.03751577916887072,,,,,,
2,0.4,841.9122807017544,166.890350877193,819,165,49,5,40.91228070175441,,604.109649122807,,604.109649122807,,0.23378446115288234,0.9952383016850198,True,15,2,4,4,"fly (4,2)",0.2,-0.2675438596490949,0.013157894736849585,0.267867219028086,1.33933609514043,-0.06578947368439003,604.0872893016856,1.268074361128212,-0.17124470933746735,,,,,,
3,0.6,842.3361344537815,166.97058823529412,819,165,49,5,41.33613445378148,,604.0294117647059,,604.0294117647059,,0.23620648259303706,0.9951061149336176,True,15,2,4,4,"fly (4,2)",0.19999999999999996,0.4238537520270711,0.08023735810112953,0.43138154427661224,2.1569077213830616,-0.40118679050578987,604.0839401771433,1.7282148890207323,-0.01674562271167218,,,,,,
4,0.8,842.0089020771513,166.88724035608308,818,164,50,7,41.00890207715133,,604.1127596439169,,604.1127596439169,,0.2343365832980076,0.9952434261020048,True,15,2,4,4,"fly (4,2)",0.20000000000000007,-0.3272323766301497,-0.0833478792110327,0.3376801701077412,1.6884008505387054,0.41673939605516336,604.0776934998439,1.802119201503974,-0.03123338649648617,,,,,,
5,1.0,842.3203463203463,166.9090909090909,819,165,49,5,41.32034632034629,,604.0909090909091,,604.0909090909091,,0.2361162646876931,0.995207428485847,True,15,2,4,4,"fly (4,2)",0.19999999999999996,0.31144424319495556,0.021850553007823237,0.31220980651803093,1.561049032590155,-0.109252765038832,604.0762577791121,2.4921475373281945,-0.007178603658909895,,,,,,
6,1.2,843.163179916318,166.97489539748955,819,165,52,5,42.16317991631797,,604.0251046025105,,604.0251046025105,,0.24093245666467414,0.9950990191145148,True,15,2,4,4,"fly (4,2)",0.19999999999999996,0.8428335959716833,0.06580448839864061,0.8453985457711443,4.2269927288557225,-0.329022441993061,604.0319777907115,2.426173654734745,-0.22139994200339674,,,,,,
7,1.4,843.4578313253012,167.02008032128515,819,165,52,6,42.457831325301186,,603.9799196787149,,603.9799196787149,,0.24261617900172106,0.9950245793718532,True,15,2,4,4,"fly (4,2)",0.19999999999999996,0.2946514089832135,0.04518492379560257,0.29809584055167115,1.490479202758356,-0.22592461897829713,604.074495273229,4.986941606336111,0.21258741258729166,,,,,,
8,1.6,841.6246153846154,166.78153846153847,818,164,50,7,40.62461538461537,,604.2184615384615,,604.2184615384615,,0.23214065934065925,0.9954175643137751,True,15,2,4,4,"fly (4,2)",0.20000000000000018,-1.8332159406858182,-0.2385418597466753,1.8486705774788519,9.243352887394252,1.1927092987332333,604.0918781453535,4.253085999612412,0.08691436062273732,,,,,,
9,1.8,842.0042918454935,166.92274678111588,819,165,50,5,41.004291845493526,,604.0772532188842,,604.0772532188842,,0.23431023911710586,0.9951849311678487,True,15,2,4,4,"fly (4,2)",0.19999999999999996,0.37967646087815865,0.14120831957740165,0.405085181736925,2.0254259086846256,-0.7060415978867242,604.1243226587434,3.75625959869296,0.16222256694883636,,,,,,
10,2.0,842.0042918454935,166.92274678111588,819,165,50,5,41.004291845493526,,604.0772532188842,,604.0772532188842,,0.23431023911710586,0.9951849311678487,True,15,2,4,4,"fly (4,2)",0.19999999999999996,0.0,0.0,0.0,0.0,0.0,604.0819369285314,1.1466450949535698,-0.21192865105907313,,,,,,
11,2.2,841.7217391304348,166.90869565217392,819,165,49,5,40.7217391304348,,604.091304347826,,604.091304347826,,0.23269565217391314,0.9952080796504548,True,15,2,4,4,"fly (4,2)",0.20000000000000018,-0.2825527150587277,-0.014051128941957813,0.28290187523521665,1.414509376176082,0.0702556447095048,603.2059443096764,28.096447018332455,-4.379963094275474,,,,,,
12,2.4,825.3586956521739,169.55072463768116,812,165,30,13,24.35869565217388,,601.4492753623189,,601.4492753623189,,0.13919254658385075,0.9908554783563738,True,15,2,4,4,"fly (4,2)",0.19999999999999973,-16.36304347826092,2.6420289855072383,16.574966335764234,82.87483167882128,-13.210144927535925,602.7702898550724,42.14467052749868,-6.56994464141321,,,,,,
1,0.2,288.7425149700599,169.77245508982037,269,168,39,6,161.74251497005991,,611.2275449101796,,611.2275449101796,,0.8210279947718777,0.9954846008309115,True,16,5,1,1,"fly (1,5)",,,,,,,611.2774088187261,0.25033278810888054,0.24931954273256451,,,,,,
2,0.4,288.75151515151515,169.6727272727273,269,168,39,5,161.75151515151515,,611.3272727272727,,611.3272727272727,,0.8210736809721582,0.9956470239857861,True,16,5,1,1,"fly (1,5)",0.2,0.009000181455235179,-0.09972781709308265,0.10013311524355221,0.5006655762177611,0.49863908546512903,611.2786892124841,1.2815888270044713,0.089508483033948,,,,,,
3,0.6,289.41875,169.71875,270,168,38,6,162.41875,,611.28125,,611.28125,,0.824460659898477,0.9955720684039088,True,16,5,1,1,"fly (1,5)",0.19999999999999996,0.6672348484848385,0.04602272727271384,0.6688201809591304,3.3441009047956527,-0.23011363636328502,611.3032682595182,1.6641914739599433,0.12289523517059324,,,,,,
4,0.8,289.6474358974359,169.69871794871796,271,168,37,6,162.6474358974359,,611.301282051282,,611.301282051282,,0.8256215020174412,0.995604693894596,True,16,5,1,1,"fly (1,5)",0.20000000000000007,0.22868589743592338,-0.020032051282043994,0.22956158817328326,1.147807940866416,0.10016025640993573,611.2903311965812,1.7120438806291756,-0.06468531468518302,,,,,,
5,1.0,289.775641025641,169.71153846153845,271,168,37,6,162.775641025641,,611.2884615384615,,611.2884615384615,,0.8262722894702589,0.9955838135805563,True,16,5,1,1,"fly (1,5)",0.19999999999999996,0.12820512820508156,0.012820512820496788,0.1288445592450916,0.6442227962254582,-0.06410256410219974,611.3027383091077,1.56228870161834,0.06203556263263484,,,,,,
6,1.2,289.19745222929936,169.6815286624204,270,168,38,6,162.19745222929936,,611.3184713375796,,611.3184713375796,,0.8233373209609105,0.9956326894748853,True,16,5,1,1,"fly (1,5)",0.19999999999999996,-0.5781887963416352,-0.03000979911806212,0.578967073552629,2.8948353677631458,0.15004899559016852,611.2718406110321,1.2733091524107818,-0.06291983994098392,,,,,,
8,1.6,289.22085889570553,169.7914110429448,270,168,38,6,162.22085889570553,,611.2085889570552,,611.2085889570552,,0.823456136526424,0.9954537279430866,True,16,5,1,1,"fly (1,5)",0.40000000000000013,0.02340666640617428,0.1098823805243967,0.11234771729749671,0.28086929324374166,-0.27470595131092057,611.2244672526832,1.674874585485463,-0.14529814130791385,,,,,,
9,1.8,289.5853658536586,169.85365853658536,271,168,37,6,162.58536585365857,,611.1463414634146,,611.1463414634146,,0.8253064256530892,0.9953523476602844,True,16,5,1,1,"fly (1,5)",0.19999999999999996,0.36450695795304,0.06224749364056947,0.36978381908990016,1.8489190954495012,-0.31123746820298953,611.2041997107087,1.5728001477928604,-0.009769059435029629,,,,,,
10,2.0,289.079754601227,169.74233128834356,270,168,38,6,162.07975460122702,,611.2576687116564,,611.2576687116564,,0.8227398710722184,0.9955336623968345,True,16,5,1,1,"fly (1,5)",0.19999999999999996,-0.5056112524315495,-0.11132724824179263,0.5177224109370675,2.588612054685338,0.5566362412088212,611.2085097208043,2.571544204737036,0.02155005047768564,,,,,,
11,2.2,289.7341772151899,169.77848101265823,271,168,37,6,162.7341772151899,,611.2215189873418,,611.2215189873418,,0.8260618132750757,0.9954747866243352,True,16,5,1,1,"fly (1,5)",0.20000000000000018,0.654422613962879,0.036149724314668674,0.6554202928152545,3.2771014640762695,-0.18074862157277477,611.2647797380499,3.640652145767463,0.2813500862280689,,,,,,
12,2.4,288.72727272727275,169.6848484848485,269,168,39,6,161.72727272727275,,611.3151515151515,,611.3151515151515,,0.8209506229810799,0.9956272825979665,True,16,5,1,1,"fly (1,5)",0.19999999999999973,-1.0069044879171543,-0.09363252780974562,1.011248583708155,5.056242918540782,0.4681626390481603,611.3046763310198,3.233787359787659,0.19948296484945652,,,,,,
13,2.6,288.99371069182394,169.62264150943398,269,168,39,5,161.99371069182394,,611.377358490566,,611.377358490566,,0.8223030999584972,0.9957285968901727,True,16,5,1,1,"fly (1,5)",0.20000000000000018,0.2664379645511872,-0.06220697541451159,0.2736035393491856,1.3680176967459268,0.311034877072984,611.2841700019059,2.6664256934797224,-0.10253164556976002,,,,,,
14,2.8,288.7657142857143,169.84,269,168,39,6,161.7657142857143,,611.16,,611.16,,0.821145757795504,0.9953745928338762,True,16,5,1,1,"fly (1,5)",0.19999999999999973,-0.22799640610963934,0.21735849056602774,0.3150032930304913,1.5750164651524585,-1.0867924528304245,611.2669438481527,1.1960680792316623,-0.08613076876542965,,,,,,
15,3.0,288.688622754491,169.73652694610777,269,168,39,6,161.688622754491,,611.2634730538922,,611.2634730538922,,0.8207544302258427,0.9955431157229515,True,16,5,1,1,"fly (1,5)",0.20000000000000018,-0.07709153122328871,-0.10347305389223038,0.12903401515932034,0.6451700757966011,0.5173652694611515,611.2234870018998,1.4503189242970416,-0.2172842312647093,,,,,,
16,3.2,289.1144578313253,169.75301204819277,269,168,39,6,162.1144578313253,,611.2469879518072,,611.2469879518072,,0.822916029600636,0.9955162670224873,True,16,5,1,1,"fly (1,5)",0.20000000000000018,0.42583507683428934,0.016485102084999426,0.42615404638841337,2.1307702319420647,-0.08242551042485495,611.2653917638046,1.299170277291378,0.20952380952375427,,,,,,
17,3.4,289.3354037267081,169.71428571428572,270,168,38,6,162.33540372670808,,611.2857142857142,,611.2857142857142,,0.8240375823690765,0.9955793392275476,True,16,5,1,1,"fly (1,5)",0.19999999999999973,0.22094589538278342,-0.03872633390705005,0.22431410482709332,1.121570524135468,0.19363166953496627,611.2710633474665,1.734641534157616,0.02835791830970429,,,,,,
18,3.6,288.9451219512195,169.71951219512195,269,168,39,6,161.9451219512195,,611.280487804878,,611.280487804878,,0.8220564566051751,0.9955708270437753,True,16,5,1,1,"fly (1,5)",0.20000000000000018,-0.39028177548857457,0.00522648083622812,0.3903167692790634,1.9515838463953152,-0.026132404180998468,611.2750085400013,2.276579314579054,0.01972596267421527,,,,,,
19,3.8,288.1941176470588,169.74117647058824,268,168,40,6,161.19411764705882,,611.2588235294118,,611.2588235294118,,0.818244252015527,0.995535543207511,True,16,5,1,1,"fly (1,5)",0.19999999999999973,-0.7510043041606878,0.021664275466292793,0.7513167146412745,3.7565835732063775,-0.108321377331322,611.2845922476982,3.259514877144886,0.047918538484736824,,,,,,
20,4.0,289.00628930817606,169.68553459119497,270,168,38,6,162.00628930817606,,611.3144654088051,,611.3144654088051,,0.8223669508029242,0.9956261651609203,True,16,5,1,1,"fly (1,5)",0.20000000000000018,0.8121716611172474,-0.055641879393277804,0.8140754423665936,4.070377211832964,0.2782093969665309,611.2783979000405,3.51656385712228,-0.030971738288675055,,,,,,
21,4.2,288.4642857142857,169.73809523809524,269,168,39,6,161.46428571428572,,611.2619047619048,,611.2619047619048,,0.819615663524293,0.9955405615014736,True,16,5,1,1,"fly (1,5)",0.20000000000000018,-0.5420035938903425,0.05256064690027529,0.5445461572655,2.7227307863274977,-0.2628032345012341,611.3168545730323,2.6212530632509976,0.042564982982526096,,,,,,
26,5.2,289.5290322580645,169.6258064516129,270,168,38,5,162.5290322580645,,611.3741935483871,,611.3741935483871,,0.8250204683150482,0.9957234422612168,True,16,5,1,1,"fly (1,5)",1.0,1.0647465437787673,-0.11228878648233831,1.070651191592531,1.070651191592531,0.11228878648228147,611.3356530791481,2.0494265472918514,-0.055725851397634474,,,,,,
27,5.4,290.0,169.6291390728477,271,168,37,5,163.0,,611.3708609271523,,611.3708609271523,,0.8274111675126904,0.9957180145393361,True,16,5,1,1,"fly (1,5)",0.20000000000000018,0.4709677419355103,0.0033326212347901674,0.4709795327911055,2.3548976639555255,-0.016663106173950823,611.3812490953324,1.8514284285203628,0.07826169894481931,,,,,,
28,5.6,289.5751633986928,169.6013071895425,270,168,38,5,162.57516339869278,,611.3986928104575,,611.3986928104575,,0.8252546365415877,0.9957633433395073,True,16,5,1,1,"fly (1,5)",0.1999999999999993,-0.42483660130722,-0.027831883305196925,0.425747286002605,2.1287364300130323,0.13915941652612723,611.3641128492454,1.767004329858681,-0.08568123043422293,,,,,,
29,5.8,289.43037974683546,169.6772151898734,270,168,38,5,162.43037974683546,,611.3227848101266,,611.3227848101266,,0.8245196941463728,0.9956397146744732,True,16,5,1,1,"fly (1,5)",0.20000000000000018,-0.144783651857324,0.07590800033091227,0.16347577912149733,0.8173788956074859,-0.37954000165484525,611.3447870187223,1.9653251776503167,-0.09662915261590842,,,,,,
30,6.0,288.840490797546,169.68711656441718,269,168,39,5,161.840490797546,,611.3128834355828,,611.3128834355828,,0.8215253339976955,0.9956235886573009,True,16,5,1,1,"fly (1,5)",0.20000000000000018,-0.5898889492894455,0.009901374543773045,0.5899720414660868,2.9498602073304316,-0.04950687271900729,611.3160560819032,2.136178603665662,-0.14365468409588766,,,,,,
31,6.2,289.36875,169.6875,270,168,38,6,162.36874999999998,,611.3125,,611.3125,,0.8242068527918781,0.9956229641693811,True,16,5,1,1,"fly (1,5)",0.20000000000000018,0.5282592024539667,0.0003834355828189473,0.528259341611814,2.6412967080590675,-0.0019171779138105177,611.336343744775,2.1499314584500433,0.012503565931609764,,,,,,
35,7.0,288.68553459119494,169.61635220125785,269,168,39,5,161.68553459119494,,611.3836477987421,,611.3836477987421,,0.8207387542700251,0.9957388400630979,True,16,5,1,1,"fly (1,5)",0.7999999999999998,-0.6832154088050402,-0.07114779874214605,0.6869099679685039,0.85863745996063,0.08893474842764705,609.9866666804954,19.64454847122803,-1.6875756248279101,,,,,,
39,7.8,244.53034300791558,173.73614775725594,222,168,48,13,117.53034300791558,,607.2638522427441,,607.2638522427441,,0.5966007259285054,0.9890290753139154,True,16,5,1,1,"fly (1,5)",0.7999999999999998,-44.15519158327936,4.119795555998081,44.3469689965315,55.43371124566439,-5.149744444997567,608.6348020396114,18.865992406447155,-1.6985135078500002,,,,,,
40,8.0,244.4696132596685,173.74309392265192,223,168,46,13,117.4696132596685,,607.256906077348,,607.256906077348,,0.596292453094764,0.9890177623409577,True,16,5,1,1,"fly (1,5)",0.20000000000000018,-0.06072974824706989,0.006946165395987691,0.061125702743288816,0.3056285137164438,-0.03473082698008054,607.2606972178086,19.07807887641999,-1.720779664017016,,,,,,
41,8.2,244.17066666666665,173.73866666666666,222,168,48,13,117.17066666666665,,607.2613333333334,,607.2613333333334,,0.5947749576988155,0.9890249728555918,True,16,5,1,1,"fly (1,5)",0.1999999999999993,-0.2989465930018582,-0.004427255985262946,0.29897937397582747,1.4948968698791427,0.022136279926599025,607.3053817232812,2.0225434814852963,0.2234225273637461,,,,,,
42,8.4,245.0130890052356,173.6020942408377,223,168,50,13,118.0130890052356,,607.3979057591623,,607.3979057591623,,0.5990512132245462,0.989247403516551,True,16,5,1,1,"fly (1,5)",0.20000000000000107,0.8424223385689515,-0.1365724258289731,0.8534210121720648,4.267105060860302,0.6828621291447198,607.3028562837363,2.7318716173742383,-0.012627197724746667,,,,,,
43,8.6,244.5495978552279,173.75067024128685,223,168,47,13,117.54959785522789,,607.2493297587132,,607.2493297587132,,0.5966984662701923,0.9890054230597934,True,16,5,1,1,"fly (1,5)",0.1999999999999993,-0.46349115000771235,0.14857600044916808,0.48672258427665227,2.43361292138327,-0.7428800022455588,607.3253942954321,2.6052301892820253,0.1126900584794508,,,,,,
44,8.8,244.7578947368421,173.67105263157896,222,168,49,13,117.7578947368421,,607.328947368421,,607.328947368421,,0.5977558108469142,0.9891350934339105,True,16,5,1,1,"fly (1,5)",0.20000000000000107,0.208296881614217,-0.07961760970789555,0.22299451712050214,1.1149725856025048,0.39808804853919144,607.299103993227,1.2462446547750057,-0.13145151102567992,,,,,,
45,9.0,244.7211796246649,173.6809651474531,223,168,47,13,117.7211796246649,,607.3190348525469,,607.3190348525469,,0.5975694397191111,0.989118949271249,True,16,5,1,1,"fly (1,5)",0.1999999999999993,-0.036715112177205356,0.009912515874134442,0.03802969146784838,0.1901484573392426,-0.049562579370672384,607.3196580593575,0.9490668167254394,0.10277033065221904,,,,,,
46,9.2,244.41286863270778,173.68900804289544,222,168,48,13,117.41286863270778,,607.3109919571045,,607.3109919571045,,0.5960044093030852,0.9891058500930041,True,16,5,1,1,"fly (1,5)",0.1999999999999993,-0.3083109919571143,0.008042895442343934,0.308415881446913,1.5420794072345705,-0.04021447721186192,607.2816269736858,1.1372922603241358,-0.19015542835859303,,,,,,
47,9.4,244.73474801061008,173.78514588859417,223,168,47,13,117.73474801061008,,607.2148541114059,,607.2148541114059,,0.5976383147746704,0.988949273797078,True,16,5,1,1,"fly (1,5)",0.20000000000000107,0.3218793779022917,0.09613784569873474,0.3359297832797206,1.6796489163985941,-0.4806892284932448,607.2792146071065,1.3528565852468208,-0.012061832896580934,,,,,,
48,9.6,244.59831460674155,173.68820224719101,224,168,45,13,117.59831460674155,,607.311797752809,,607.311797752809,,0.596945759425084,0.9891071624638582,True,16,5,1,1,"fly (1,5)",0.1999999999999993,-0.13643340386852287,-0.0969436414031577,0.1673682864214589,0.8368414321072974,0.4847182070153639,607.2950474767508,1.2110511572521876,0.07916434822201861,,,,,,
49,9.8,244.8167115902965,173.64150943396226,224,168,46,13,117.8167115902965,,607.3584905660377,,607.3584905660377,,0.5980543735548046,0.989183209390941,True,16,5,1,1,"fly (1,5)",0.20000000000000107,0.2183969835549533,-0.04669281322875918,0.22333262465013554,1.1166631232506716,0.23346406614393675,607.3351441594234,0.9767522776789844,0.3590911365796503,,,,,,
2,0.4,599.3524590163935,654.467213114754,599,604,3,86,18.35245901639348,,116.53278688524597,,116.53278688524597,,0.10368620913216656,0.19198152699381543,True,17,6,3,3,"fly (3,6)",,,,,,,139.8483143465778,116.58502919481214,116.57763730665923,,,,,,
3,0.6,599.8775894538607,607.8361581920904,590,592,23,64,18.87758945386065,,163.16384180790965,,163.16384180790965,,0.10665304776192458,0.26880369325850023,True,17,6,3,3,"fly (3,6)",0.19999999999999996,0.525130437467169,-46.63105492266368,46.634011677924846,233.17005838962427,233.15527461331845,160.97579930797497,144.54325738096142,144.49663724253887,,,,,,
4,0.8,598.4615384615385,567.7692307692307,598,565,2,7,17.461538461538453,,203.23076923076928,,203.23076923076928,,0.09865275966970877,0.3348118109238374,True,17,6,3,3,"fly (3,6)",0.20000000000000007,-1.416050992322198,-40.066927422859635,40.09194275065201,200.45971375326,200.33463711429812,183.19730551933947,216.81488607144212,216.7449558638083,,,,,,
5,1.0,379.0407407407407,173.98888888888888,364,165,35,22,24.040740740740716,,605.0111111111112,,605.0111111111112,,0.1220342169580747,0.9837579042457092,True,18,5,2,2,"fly (2,5)",,,,,,,604.9971285892634,4.500751101249786,-0.06991260923854271,,,,,,
6,1.2,380.84082397003743,174.01685393258427,366,165,34,22,25.840823970037434,,604.9831460674158,,604.9831460674158,,0.13117169527937783,0.9837124326299443,True,18,5,2,2,"fly (2,5)",0.19999999999999996,1.8000832292967175,0.02796504369538866,1.800300440499914,9.001502202499571,-0.13982521847708543,604.9868075306869,3.1086501842365304,-0.07490949596217435,,,,,,
7,1.4,380.7781954887218,174.03383458646616,366,165,34,22,25.778195488721792,,604.9661654135339,,604.9661654135339,,0.1308537842067096,0.9836848218106242,True,18,5,2,2,"fly (2,5)",0.19999999999999996,-0.0626284813156417,0.01698065388188752,0.06488967004200392,0.3244483502100197,-0.08490326940943761,604.9730975730745,4.721477593294968,-0.06854978806207633,,,,,,
8,1.6,379.81050656660415,174.03001876172607,365,165,34,22,24.810506566604147,,604.9699812382739,,604.9699812382739,,0.12594165769849822,0.9836910264036974,True,18,5,2,2,"fly (2,5)",0.20000000000000018,-0.9676889221176452,-0.003815824740087237,0.9676964454350636,4.838482227175314,0.01907912370029406,604.9768568145431,3.1126901051701377,0.0187962073429541,,,,,,
9,1.8,378.97583643122675,174.00557620817844,364,165,35,22,23.975836431226753,,604.9944237918215,,604.9944237918215,,0.12170475345800383,0.9837307703932058,True,18,5,2,2,"fly (2,5)",0.19999999999999996,-0.8346701353773938,-0.024442553547629586,0.8350279476250155,4.175139738125079,0.12221276773800585,604.9862762739723,3.004540655100131,0.04709729714609997,,,,,,
10,2.0,378.97583643122675,174.00557620817844,364,165,35,22,23.975836431226753,,604.9944237918215,,604.9944237918215,,0.12170475345800383,0.9837307703932058,True,18,5,2,2,"fly (2,5)",0.19999999999999996,0.0,0.0,0.0,0.0,0.0,604.9862762739723,2.783426492083384,4.625929269271486e-17,,,,,,
11,2.2,379.81050656660415,174.03001876172607,365,165,34,22,24.810506566604147,,604.9699812382739,,604.9699812382739,,0.12594165769849822,0.9836910264036974,True,18,5,2,2,"fly (2,5)",0.20000000000000018,0.8346701353773938,0.024442553547629586,0.8350279476250155,4.175139738125074,-0.12221276773800571,604.9862762739723,1.6702580886317036,9.251858538542972e-17,,,,,,
12,2.4,379.97583643122675,174.00557620817844,365,165,35,22,24.975836431226753,,604.9944237918215,,604.9944237918215,,0.1267808955899835,0.9837307703932058,True,18,5,2,2,"fly (2,5)",0.19999999999999973,0.16532986462260624,-0.024442553547629586,0.1671269055540072,0.8356345277700371,0.12221276773800599,604.9862762739723,1.6702580886317036,9.251858538542972e-17,,,,,,
14,2.8,379.97583643122675,174.00557620817844,365,165,35,22,24.975836431226753,,604.9944237918215,,604.9944237918215,,0.1267808955899835,0.9837307703932058,True,18,5,2,2,"fly (2,5)",0.3999999999999999,0.0,0.0,0.0,0.0,0.0,604.9894544707737,1.125973221869571,0.028314286626312034,,,,,,
16,3.2,378.9590316573557,174.02048417132215,364,165,35,22,23.959031657355695,,604.9795158286779,,604.9795158286779,,0.12161945003733855,0.9837065298027283,True,18,5,2,2,"fly (2,5)",0.40000000000000036,-1.0168047738710584,0.014907963143713232,1.0169140551354714,2.542285137838676,-0.03726990785906988,603.9353521362735,25.389601731006078,-1.0615563160719337,,,,,,
21,4.2,452.51824817518246,177.16788321167883,442,173,21,9,97.51824817518246,,601.8321167883212,,601.8321167883212,,0.49501648819889577,0.9785888077858881,True,18,5,2,2,"fly (2,5)",1.0,73.55921651782677,3.1473990403566745,73.62652005517955,73.62652005517955,-3.1473990403567313,603.8434342312418,49.88779082964928,3.7493658312699605,,,,,,
22,4.4,466.9309462915601,174.28132992327366,442,167,51,15,111.93094629156008,,604.7186700767263,,604.7186700767263,,0.5681773923429445,0.9832823903686607,True,18,5,2,2,"fly (2,5)",0.20000000000000018,14.412698116377612,-2.8865532884051675,14.698913459185937,73.49456729592961,14.432766442025683,603.7264527645397,49.72970616584564,3.611624720298091,,,,,,
23,4.6,466.5272727272727,174.37142857142857,441,167,52,15,111.5272727272727,,604.6285714285714,,604.6285714285714,,0.566128287955699,0.983135888501742,True,18,5,2,2,"fly (2,5)",0.1999999999999993,-0.40367356428737367,0.09009864815490687,0.4136062292855538,2.0680311464277765,-0.45049324077467806,604.6391846684327,25.554464143616883,4.563659519464707,,,,,,
24,4.8,466.7395833333333,174.4296875,443,167,49,15,111.73958333333331,,604.5703125,,604.5703125,,0.5672060067681894,0.9830411585365854,True,18,5,2,2,"fly (2,5)",0.20000000000000018,0.21231060606061192,0.058258928571433444,0.22015879769865143,1.1007939884932563,-0.2912946428568827,604.6378434644058,1.4468987385926628,-0.006706020133152135,,,,,,
25,5.0,466.92424242424244,174.28535353535352,443,165,49,17,111.92424242424244,,604.7146464646464,,604.7146464646464,,0.5681433625596063,0.9832758479099942,True,18,5,2,2,"fly (2,5)",0.20000000000000018,0.18465909090912191,-0.14433396464647785,0.23437421617139131,1.1718710808569555,0.7216698232321044,604.6025418771043,2.062246611935928,-0.17650793650773253,,,,,,
26,5.2,466.16533333333336,174.47733333333332,443,167,49,15,111.16533333333336,,604.5226666666667,,604.5226666666667,,0.5642910321489003,0.9829636856368564,True,18,5,2,2,"fly (2,5)",0.20000000000000018,-0.7589090909090714,0.1919797979797977,0.7828149532915152,3.9140747664575724,-0.9598989898984192,604.6481890057745,2.7192292206579896,0.22823564335055813,,,,,,
27,5.4,466.75129533678756,174.29274611398964,443,167,49,15,111.75129533678756,,604.7072538860103,,604.7072538860103,,0.5672654585623734,0.9832638274569274,True,18,5,2,2,"fly (2,5)",0.20000000000000018,0.585962003454199,-0.18458721934368327,0.6143483629318888,3.071741814659441,0.9229360967179893,604.6595505057147,2.5036244792373448,0.05680749970091891,,,,,,
28,5.6,466.6548223350254,174.251269035533,443,165,50,17,111.65482233502541,,604.748730964467,,604.748730964467,,0.56677574789353,0.9833312698609219,True,18,5,2,2,"fly (2,5)",0.1999999999999993,-0.09647300176214912,-0.04147707845663717,0.10501137131900366,0.5250568565950202,0.20738539228318661,604.6749386731027,1.498904536364983,0.07694083694066978,,,,,,
29,5.8,466.64935064935065,174.43116883116883,443,167,50,15,111.64935064935065,,604.5688311688311,,604.5688311688311,,0.5667479728393434,0.9830387498680181,True,18,5,2,2,"fly (2,5)",0.20000000000000018,-0.005471685674763194,0.17989979563583347,0.17998298756809783,0.8999149378404884,-0.8994989781791666,604.6339152689225,1.3021489809867737,-0.2051170209015628,,,,,,
30,6.0,467.1454081632653,174.4158163265306,443,167,51,15,112.1454081632653,,604.5841836734694,,604.5841836734694,,0.5692660312856107,0.9830637132901942,True,18,5,2,2,"fly (2,5)",0.20000000000000018,0.4960575139146499,-0.015352504638229902,0.49629502970496286,2.481475148524812,0.07676252319129155,604.5890626902157,1.6561827856495654,-0.22426289353423556,,,,,,
31,6.2,466.8293963254593,174.38582677165354,443,167,50,15,111.8293963254593,,604.6141732283464,,604.6141732283464,,0.5676619102815192,0.9831124767940592,True,18,5,2,2,"fly (2,5)",0.20000000000000018,-0.31601183780600195,-0.02998955487706212,0.31743165411667945,1.5871582705833958,0.14994777438516835,604.5961876957942,1.454103642620013,0.0356250278931232,,,,,,
32,6.4,466.7757731958763,174.409793814433,442,167,52,15,111.7757731958763,,604.590206185567,,604.590206185567,,0.5673897116541944,0.9830735059927919,True,18,5,2,2,"fly (2,5)",0.20000000000000018,-0.05362312958300208,0.0239670427794465,0.058735501750366036,0.2936775087518299,-0.11983521389709029,604.6190403094246,1.2145003721120686,0.11426306815148296,,,,,,
33,6.6,467.12271540469976,174.34725848563968,442,167,52,15,112.12271540469976,,604.6527415143603,,604.6527415143603,,0.5691508396177652,0.9831751894542443,True,18,5,2,2,"fly (2,5)",0.1999999999999993,0.3469422088234637,-0.06253532879330237,0.35253306740019485,1.7626653370009806,0.31267664396637085,604.6390826514601,0.8167237799922145,0.10021171017740509,,,,,,
34,6.8,467.19847328244276,174.32569974554707,443,167,51,15,112.19847328244276,,604.6743002544529,,604.6743002544529,,0.5695353973728059,0.9832102443161835,True,18,5,2,2,"fly (2,5)",0.20000000000000018,0.07575787774300125,-0.02155874009261538,0.07876569884476659,0.3938284942238326,0.1077937004629347,604.6478033517527,1.4397468143514027,0.04360350146328116,,,,,,
35,7.0,466.76982097186703,174.383631713555,443,167,50,15,111.76982097186703,,604.616368286445,,604.616368286445,,0.567359497319122,0.9831160459942195,True,18,5,2,2,"fly (2,5)",0.20000000000000018,-0.4286523105757283,0.057931968007920887,0.43254932236587934,2.162746611829395,-0.28965984003946205,604.6058021696041,1.9272954843786614,-0.2100059107431205,,,,,,
36,7.2,466.13101604278074,174.47326203208556,443,166,49,16,111.13101604278074,,604.5267379679144,,604.5267379679144,,0.5641168327044708,0.9829703056388852,True,18,5,2,2,"fly (2,5)",0.20000000000000018,-0.6388049290862909,0.08963031853056691,0.6450622694165519,3.2253113470827564,-0.44815159265283416,604.5631751175009,1.8320882807860475,-0.2131352605160447,,,,,,
37,7.4,466.1220159151194,174.45358090185675,443,166,49,16,111.12201591511939,,604.5464190981432,,604.5464190981432,,0.5640711467772558,0.9830023074766557,True,18,5,2,2,"fly (2,5)",0.20000000000000018,-0.009000127661352053,-0.019681130228804022,0.021641376689198355,0.10820688344599168,0.09840565114416214,604.5314403624074,1.197607966294803,-0.15867377546821146,,,,,,
38,7.6,466.0767195767196,174.47883597883597,443,166,49,16,111.0767195767196,,604.521164021164,,604.521164021164,,0.5638412161254802,0.9829612423108358,True,18,5,2,2,"fly (2,5)",0.1999999999999993,-0.04529633839979397,0.025255076979220803,0.051861133671131966,0.25930566835566077,-0.12627538489596235,605.0680431013488,14.07217381673055,2.6830136947076704,,,,,,
39,7.8,474.28915662650604,172.86345381526104,460,166,33,15,119.28915662650604,,606.136546184739,,606.136546184739,,0.6055287138401322,0.9855878799751854,True,18,5,2,2,"fly (2,5)",0.20000000000000018,8.212437049786445,-1.6153821635749352,8.369801779678006,41.84900889839,8.076910817874811,605.3288551029516,21.054157283372827,3.9753177164894247,,,,,,
5,1.0,600.066225165563,715.8145695364238,599,691,4,51,19.06622516556297,,55.185430463576154,,55.185430463576154,,0.10771878624611847,0.09091504194987834,True,19,7,3,3,"fly (3,7)",,,,,,,52.14385159542445,15.2083562282489,-15.207894340758518,,,,,,
6,1.2,600.1136363636364,721.8977272727273,599,692,3,67,19.113636363636374,,49.10227272727275,,49.10227272727275,,0.1079866461222394,0.08089336528381012,True,19,7,3,3,"fly (3,7)",0.19999999999999996,0.0474111980734051,6.083157736303406,6.083342491299559,30.4167124564978,-30.415788681517036,55.738886675127105,33.19283922237535,12.905877284927103,,,,,,
7,1.4,600.509892086331,708.0710431654676,590,654,24,104,19.50989208633098,,62.928956834532414,,62.928956834532414,,0.11022537901881908,0.10367208704206328,True,19,7,3,3,"fly (3,7)",0.19999999999999996,0.39625572269460463,-13.826684107259666,13.832361042125644,69.16180521062823,69.13342053629835,55.87485429837951,45.43173940280676,0.6798381162620283,,,,,,
8,1.6,600.1733333333333,715.4066666666666,599,691,4,47,19.17333333333329,,55.59333333333336,,55.59333333333336,,0.10832391713747622,0.09158704008786386,True,19,7,3,3,"fly (3,7)",0.20000000000000018,-0.3365587529976892,7.335623501199052,7.3433401082588565,36.71670054129425,-36.678117505995225,56.0270378990925,45.351094205268375,0.760918003564953,,,,,,
9,1.8,600.1,721.4411764705883,599,692,3,65,19.100000000000023,,49.55882352941171,,49.55882352941171,,0.10790960451977415,0.08164550828568651,True,19,7,3,3,"fly (3,7)",0.19999999999999996,-0.07333333333326664,6.034509803921651,6.034955372776529,30.174776863882652,-30.17254901960826,55.94905982905982,44.201743595207425,-0.389890350163365,,,,,,
10,2.0,600.5149321266969,708.3049773755656,590,656,24,102,19.514932126696863,,62.69502262443439,,62.69502262443439,,0.11025385382314612,0.10328669295623458,True,19,7,3,3,"fly (3,7)",0.19999999999999996,0.41493212669684,-13.136199095022675,13.14275067608907,65.71375338044537,65.68099547511339,53.64258639910812,55.34456601484592,-11.532367149758498,,,,,,
11,2.2,600.0434782608696,722.3260869565217,599,691,3,67,19.04347826086962,,48.67391304347825,,48.67391304347825,,0.10759027266028033,0.08018766563999712,True,19,7,3,3,"fly (3,7)",0.20000000000000018,-0.47145386582724313,14.021109580956136,14.029033560041952,70.1451678002097,-70.10554790478062,57.74147737393779,56.277044289073054,9.509802032129668,,,,,,
13,2.6,600.4822695035461,709.1445035460993,590,648,24,106,19.48226950354615,,61.85549645390074,,61.85549645390074,,0.11006931922907429,0.10190361854019891,True,19,7,3,3,"fly (3,7)",0.3999999999999999,0.4387912426765297,-13.18158341042249,13.188884674625637,32.9722116865641,32.95395852605623,68.4893950025277,89.5335795702423,42.75493530093087,,,,,,
14,2.8,599.5408163265306,676.0612244897959,598,569,5,187,18.540816326530603,,94.9387755102041,,94.9387755102041,,0.1047503747261616,0.15640654944020443,True,19,7,3,3,"fly (3,7)",0.19999999999999973,-0.9414531770155463,-33.083279056303354,33.09667184479056,165.48335922395304,165.416395281517,73.23883809291742,119.53659692023615,12.762562609929972,,,,,,
15,3.0,600.498191681736,708.0777576853526,590,656,24,96,19.49819168173599,,62.922242314647406,,62.922242314647406,,0.11015927503805643,0.10366102523006163,True,19,7,3,3,"fly (3,7)",0.20000000000000018,0.9573753552053859,32.01653319555669,32.03084397003829,160.1542198501913,-160.0826659777833,61.09950594161717,171.02406654672868,-60.69666075650105,,,,,,
16,3.2,600.09375,745.5625,599,740,3,15,19.09375,,25.4375,,25.4375,,0.10787429378531073,0.04190691927512356,True,19,7,3,3,"fly (3,7)",0.20000000000000018,-0.4044416817359888,37.484742314647406,37.48692411320837,187.43462056604167,-187.42371157323686,48.24993774554442,167.45096650853841,-64.24784098036356,,,,,,
17,3.4,599.9716312056737,714.6099290780141,599,690,3,49,18.971631205673702,,56.39007092198585,,56.39007092198585,,0.10718435709420171,0.09289962260623699,True,19,7,3,3,"fly (3,7)",0.19999999999999973,-0.12211879432629758,-30.952570921985853,30.952811821876406,154.76405910938223,154.76285460992946,55.18780665952988,159.64499582732967,34.68934456992741,,,,,,
18,3.6,599.6867924528302,687.2641509433962,599,609,3,130,18.68679245283022,,83.7358490566038,,83.7358490566038,,0.10557509860356055,0.13795032793509687,True,19,7,3,3,"fly (3,7)",0.20000000000000018,-0.28483875284348414,-27.345778134617944,27.34726156131305,136.73630780656512,136.7288906730896,85.32530665952989,150.69303308887976,150.68750000000014,,,,,,
19,3.8,599.3666666666667,655.15,599,610,3,78,18.366666666666674,,115.85000000000002,,115.85000000000002,,0.10376647834274957,0.1908566721581549,True,19,7,3,3,"fly (3,7)",0.19999999999999973,-0.32012578616354403,-32.114150943396226,32.11574647013835,160.57873235069195,160.57075471698136,105.16089148447641,99.18660688053167,99.17792412473266,,,,,,
20,4.0,599.3809523809524,655.1031746031746,599,609,3,80,18.380952380952408,,115.89682539682542,,115.89682539682542,,0.10384718859295146,0.19093381449229888,True,19,7,3,3,"fly (3,7)",0.20000000000000018,0.014285714285733775,-0.04682539682539755,0.04895609686759728,0.2447804843379862,0.23412698412698754,116.4538598317287,56.47106105634645,56.46484173626152,,,,,,
21,4.2,599.3852459016393,653.3852459016393,599,609,3,77,18.385245901639337,,117.61475409836066,,117.61475409836066,,0.10387144577197366,0.19376401004672267,True,19,7,3,3,"fly (3,7)",0.20000000000000018,0.004293520686928787,-1.717928701535243,1.7179340668018825,8.589670334009405,8.589643507676207,116.67052649839536,4.803230162618656,1.0833333333332948,,,,,,
22,4.4,599.359649122807,654.5,599,610,3,76,18.359649122807014,,116.5,,116.5,,0.10372683120229952,0.19192751235584843,True,19,7,3,3,"fly (3,7)",0.20000000000000018,-0.025596778832323253,1.1147540983606632,1.1150479339017163,5.575239669508576,-5.573770491803311,105.02000319093774,34.35270733424438,-28.623662765998613,,,,,,
24,4.8,599.7846715328467,690.0547445255474,599,619,3,122,18.784671532846687,,80.94525547445255,,80.94525547445255,,0.10612808775619598,0.13335297442249186,True,19,7,3,3,"fly (3,7)",0.39999999999999947,0.42502241003967356,35.55474452554745,35.557284799686016,88.89321199921515,-88.88686131386874,82.45538647641827,83.19924694654333,-83.19412980130777,,,,,,
25,5.0,600.090395480226,721.0790960451977,599,691,3,68,19.090395480225993,,49.92090395480227,,49.92090395480227,,0.10785534169619206,0.08224201640000374,True,19,7,3,3,"fly (3,7)",0.20000000000000018,0.3057239473793061,31.02435151965028,31.025857834181277,155.12928917090625,-155.12175759825126,60.5655559679437,82.85695822319532,-79.82019877108333,,,,,,
26,5.2,600.0790960451977,720.1694915254237,599,690,3,69,19.07909604519773,,50.83050847457628,,50.83050847457628,,0.10779150308021317,0.08374054114427723,True,19,7,3,3,"fly (3,7)",0.20000000000000018,-0.01129943502826336,-0.9096045197740068,0.909674699892912,4.548373499464557,4.54802259887003,60.91354035415736,105.15979485069506,1.739921931068314,,,,,,
27,5.4,599.7589928057554,689.0107913669065,599,610,3,132,18.758992805755383,,81.98920863309354,,81.98920863309354,,0.10598301020200782,0.13507283135600254,True,19,7,3,3,"fly (3,7)",0.20000000000000018,-0.3201032394423464,-31.158700158517263,31.16034437634291,155.8017218817144,155.79350079258617,109.352604115255,242.21028463585927,242.19531880548882,,,,,,
28,5.6,598.4761904761905,575.7619047619048,598,571,2,11,17.47619047619048,,195.23809523809518,,195.23809523809518,,0.09873553941350555,0.32164430846473674,True,19,7,3,3,"fly (3,7)",0.1999999999999993,-1.2828023295649018,-113.24888660500164,113.25615170527938,566.2807585263989,566.2444330250103,138.61365193559436,361.04124020405663,361.01896690879823,,,,,,
8,1.6,599.3153153153153,657.6666666666667,599,613,3,78,18.315315315315274,,113.33333333333326,,113.33333333333326,,0.10347635771364562,0.18671059857221295,True,20,8,3,3,"fly (3,8)",,,,,,,114.55952380952374,6.131117855137768,6.13095238095241,,,,,,
9,1.8,599.3333333333334,655.2142857142858,599,605,3,87,18.33333333333337,,115.78571428571422,,115.78571428571422,,0.10357815442561227,0.19075076488585538,True,20,8,3,3,"fly (3,8)",0.19999999999999996,0.018018018018096882,-2.452380952380963,2.4524471420551066,12.262235710275537,12.26190476190482,130.43767375123306,81.43986650784636,81.43440050219739,,,,,,
10,2.0,599.879472693032,608.8060263653483,590,593,23,63,18.87947269303197,,162.19397363465168,,162.19397363465168,,0.10666368753125408,0.26720588737174905,True,20,8,3,3,"fly (3,8)",0.19999999999999996,0.5461393596986,-46.40825934893746,46.4114727626527,232.05736381326355,232.04129674468737,131.5427084734553,157.35434435036277,5.525173611111323,,,,,,
11,2.2,599.34375,654.3515625,599,605,3,85,18.34375,,116.6484375,,116.6484375,,0.10363700564971752,0.19217205518945635,True,20,8,3,3,"fly (3,8)",0.20000000000000018,-0.5357226930319712,45.545536134651684,45.54868670550987,227.74343352754917,-227.72768067325822,113.30616603039114,245.90759358306556,-91.18271221532085,,,,,,
12,2.4,600.5009057971015,709.9239130434783,590,658,24,95,19.500905797101495,,61.07608695652175,,61.07608695652175,,0.11017460902317229,0.10061958312441804,True,20,8,3,3,"fly (3,8)",0.19999999999999973,1.1571557971014954,55.57235054347825,55.584396681676715,277.92198340838394,-277.86175271739165,88.86226222826087,252.83270846796654,-252.79471669532495,,,,,,
12,2.4,599.8813559322034,611.75329566855,590,596,23,61,18.881355932203405,,159.24670433145002,,159.24670433145002,,0.10667432730058421,0.2623504189974465,True,21,9,3,3,"fly (3,9)",,,,,,,165.49358117335862,31.234389556015238,31.23438420954298,,,,,,
13,2.6,599.8740458015267,599.2595419847328,590,584,23,64,18.874045801526677,,171.74045801526722,,171.74045801526722,,0.10663302712726937,0.2829332092508521,True,21,9,3,3,"fly (3,9)",0.20000000000000018,-0.007310130676728477,-12.493753683817204,12.493755822406106,62.468779112030475,62.46876841908596,164.6924626368757,28.03145409944699,13.614395763564156,,,,,,
15,3.0,599.8778195488721,607.9097744360902,590,592,23,64,18.87781954887214,,163.09022556390983,,163.09022556390983,,0.1066543477337409,0.2686824144380722,True,21,9,3,3,"fly (3,9)",0.3999999999999999,0.0037737473454626524,8.650232451357397,8.650233274524197,21.625583186310497,-21.625581128393495,139.5379845137181,160.2101380136018,-118.56386357299006,,,,,,
16,3.2,599.6768060836501,687.2167300380228,599,609,3,130,18.67680608365015,,83.78326996197723,,83.78326996197723,,0.10551867843870141,0.138028451337689,True,21,9,3,3,"fly (3,9)",0.20000000000000018,-0.20101346522199037,79.3069556019326,79.30721034849296,396.53605174246445,-396.53477800966266,90.77033184196235,236.6326444789164,-236.62973631598092,,,,,,
17,3.4,600.09375,745.5625,599,740,3,15,19.09375,,25.4375,,25.4375,,0.10787429378531073,0.04190691927512356,True,21,9,3,3,"fly (3,9)",0.19999999999999973,0.41694391634985095,58.345769961977226,58.34725970159477,291.73629850797425,-291.7288498098865,44.88608998732574,229.42411675014623,-229.42120927318305,,,,,,
18,3.6,600.09375,745.5625,599,740,3,15,19.09375,,25.4375,,25.4375,,0.10787429378531073,0.04190691927512356,True,21,9,3,3,"fly (3,9)",0.20000000000000018,0.0,0.0,0.0,0.0,0.0,25.34217171717171,97.72209776701209,-97.7195913507703,,,,,,
19,3.8,600.0909090909091,745.8484848484849,599,740,3,16,19.090909090909122,,25.151515151515127,,25.151515151515127,,0.10785824345146397,0.041435774549448315,True,21,9,3,3,"fly (3,9)",0.19999999999999973,-0.0028409090908780854,0.2859848484848726,0.28599895861240154,1.4299947930620096,-1.429924242424365,24.931970567746436,2.051167965693907,-2.0510057471263576,,,,,,
20,4.0,600.1034482758621,746.7931034482758,599,741,3,15,19.103448275862092,,24.206896551724185,,24.206896551724185,,0.1079290863043056,0.039879565983071144,True,21,9,3,3,"fly (3,9)",0.20000000000000018,0.012539184952970572,0.9446185997909424,0.944701820803943,4.723509104019711,-4.723092998954708,33.42139028851432,46.5496063354332,42.44709860383936,,,,,,
21,4.2,600.0,720.0942408376964,599,687,3,69,19.0,,50.90575916230364,,50.90575916230364,,0.10734463276836158,0.083864512623235,True,21,9,3,3,"fly (3,9)",0.20000000000000018,-0.10344827586209249,-26.698862610579454,26.6990630218436,133.49531510921787,133.49431305289716,44.43228874678122,58.203713499983365,55.05449229133447,,,,,,
22,4.4,599.9868421052631,712.8157894736842,599,687,3,52,18.986842105263122,,58.18421052631584,,58.18421052631584,,0.10727029438001764,0.09585537154253021,True,21,9,3,3,"fly (3,9)",0.20000000000000018,-0.013157894736878006,-7.278451364012199,7.27846325734251,36.39231628671252,36.39225682006096,64.01405852365747,97.91152241766467,97.90884888438133,,,,,,
23,4.6,599.7242647058823,688.0477941176471,599,611,3,129,18.72426470588232,,82.95220588235293,,82.95220588235293,,0.10578680624792271,0.13665931776334914,True,21,9,3,3,"fly (3,9)",0.1999999999999993,-0.2625773993808025,-24.76799535603709,24.769387171412628,123.84693585706358,123.83997678018589,84.75938289737776,78.5721305549596,78.5686832010086,,,,,,
25,5.0,599.4409448818898,657.8582677165355,599,612,3,78,18.440944881889777,,113.14173228346453,,113.14173228346453,,0.10418612927621343,0.18639494610125953,True,21,9,3,3,"fly (3,9)",0.40000000000000036,-0.2833198239925423,-30.189526401111607,30.190855808441103,75.47713952110269,75.47381600277895,103.7575999848118,69.83798984392736,69.8331467695773,,,,,,
26,5.2,599.3821138211382,655.821138211382,599,610,3,79,18.382113821138205,,115.17886178861795,,115.17886178861795,,0.10385375040191076,0.18975100788899169,True,21,9,3,3,"fly (3,9)",0.20000000000000018,-0.058831060751572295,-2.037129505153416,2.0379788307231648,10.189894153615814,10.185647525767072,103.26495292598827,56.64454880100387,0.4659902739022736,,,,,,
28,5.6,599.7536764705883,689.5257352941177,599,609,3,133,18.75367647058829,,81.47426470588232,,81.47426470588232,,0.10595297441010333,0.1342244888070549,True,21,9,3,3,"fly (3,9)",0.39999999999999947,0.3715626494500839,33.70459708273563,33.7066450913172,84.26661272829311,-84.26149270683919,93.12008978388106,33.540307334526666,-22.637151474923055,,,,,,
29,5.8,599.7571428571429,688.2928571428571,599,609,3,132,18.757142857142867,,82.70714285714291,,82.70714285714291,,0.10597255851493145,0.13625558955048256,True,21,9,3,3,"fly (3,9)",0.20000000000000018,0.0034663865545780936,-1.2328781512605929,1.232883024334216,6.164415121671074,6.164390756302959,91.1924136321195,74.62723939688767,18.44878347680513,,,,,,
30,6.0,599.4791666666666,661.6041666666667,599,609,3,87,18.47916666666663,,109.39583333333326,,109.39583333333326,,0.1044020715630883,0.18022377814387686,True,21,9,3,3,"fly (3,9)",0.20000000000000018,-0.2779761904762381,-26.688690476190345,26.69013806813979,133.45069034069883,133.4434523809516,102.80156677613574,58.050364017912756,58.045765720081164,,,,,,
31,6.2,599.3448275862069,654.698275862069,599,610,3,77,18.34482758620686,,116.30172413793105,,116.30172413793105,,0.1036430937073834,0.191600863489178,True,21,9,3,3,"fly (3,9)",0.20000000000000018,-0.1343390804597675,-6.905890804597789,6.907197318273677,34.535986591368356,34.529454022988915,92.02475660001046,165.8764677857151,-53.88405088062631,,,,,,
32,6.4,600.027397260274,720.6232876712329,599,696,3,58,19.02739726027403,,50.3767123287671,,50.3767123287671,,0.10749941954957078,0.08299293629121433,True,21,9,3,3,"fly (3,9)",0.20000000000000018,0.6825696740671674,65.92501180916395,65.92854528501567,329.6427264250781,-329.62505904581946,56.55947882223271,200.42754750038785,-177.326388888889,,,,,,
33,6.6,602.0714285714286,768.0,601,765,3,7,21.071428571428555,,3.0,,3.0,,0.11904761904761896,0.004942339373970346,True,21,9,3,3,"fly (3,9)",0.1999999999999993,2.0440313111545265,47.3767123287671,47.42078589694326,237.10392948471713,-236.88356164383634,18.881981032665937,189.13995766141235,-188.611847922193,,,,,,
35,7.0,602.0769230769231,767.7307692307693,601,763,4,9,21.076923076923094,,3.2692307692307168,,3.2692307692307168,,0.1190786614515429,0.005385882651121445,True,21,9,3,3,"fly (3,9)",0.40000000000000036,0.005494505494539226,-0.26923076923071676,0.26928682977671403,0.6732170744417845,0.6730769230767913,2.7749287749287532,81.28264325272012,-80.75962026304514,,,,,,
36,7.2,602.1111111111111,768.9444444444445,601,766,4,6,21.111111111111086,,2.055555555555543,,2.055555555555543,,0.11927181418706828,0.003386417719201883,True,21,9,3,3,"fly (3,9)",0.20000000000000018,0.034188034187991434,1.2136752136751738,1.2141566398002845,6.070783199001418,-6.068376068375864,2.3374287749287532,2.874498637570164,-2.4118589743589287,,,,,,
37,7.4,602.1875,769.3125,601,767,4,5,21.1875,,1.6875,,1.6875,,0.11970338983050847,0.0027800658978583198,True,21,9,3,3,"fly (3,9)",0.20000000000000018,0.07638888888891415,0.3680555555555429,0.37589912785344715,1.879495639267234,-1.840277777777713,2.0572089947089958,3.8874510714459976,-1.4010989010987798,,,,,,
38,7.6,602.1428571428571,768.5714285714286,601,765,4,7,21.14285714285711,,2.428571428571445,,2.428571428571445,,0.11945117029862774,0.004000941397976021,True,21,9,3,3,"fly (3,9)",0.1999999999999993,-0.044642857142889625,-0.7410714285714448,0.7424148752138541,3.7120743760692836,3.7053571428572374,1.838690476190474,3.630901939900778,-1.092592592592603,,,,,,
39,7.8,602.4,769.6,601,768,4,4,21.399999999999977,,1.3999999999999773,,1.3999999999999773,,0.12090395480225975,0.002306425041186124,True,21,9,3,3,"fly (3,9)",0.20000000000000018,0.2571428571428669,1.0285714285714675,1.0602271608731528,5.301135804365759,-5.142857142857333,2.116770186335392,4.888294132990732,1.3903985507245924,,,,,,
40,8.0,602.2608695652174,768.4782608695652,601,765,4,7,21.260869565217376,,2.521739130434753,,2.521739130434753,,0.12011790714812078,0.0041544301984098074,True,21,9,3,3,"fly (3,9)",0.20000000000000018,-0.1391304347826008,-1.1217391304347757,1.1303344437074199,5.651672218537095,5.608695652173873,2.1478260869564942,3.6509360076343036,0.15527950310551328,,,,,,
41,8.2,602.2608695652174,768.4782608695652,601,765,4,7,21.260869565217376,,2.521739130434753,,2.521739130434753,,0.12011790714812078,0.0041544301984098074,True,21,9,3,3,"fly (3,9)",0.1999999999999993,0.0,0.0,0.0,0.0,0.0,2.5811594202898505,2.4104884873102335,2.166666666666777,,,,,,
42,8.4,602.0,768.3,601,765,4,7,21.0,,2.7000000000000455,,2.7000000000000455,,0.11864406779661017,0.004448105436573386,True,21,9,3,3,"fly (3,9)",0.20000000000000107,-0.2608695652173765,-0.17826086956529252,0.31595864867871126,1.579793243393548,0.8913043478264578,2.5811594202898505,1.0531954955957223,-2.6645352591003757e-15,,,,,,
43,8.6,602.2608695652174,768.4782608695652,601,765,4,7,21.260869565217376,,2.521739130434753,,2.521739130434753,,0.12011790714812078,0.0041544301984098074,True,21,9,3,3,"fly (3,9)",0.1999999999999993,0.2608695652173765,0.17826086956529252,0.31595864867871126,1.579793243393562,-0.8913043478264658,2.615579710144933,1.232788156923814,0.17210144927540816,,,,,,
44,8.8,602.2916666666666,768.375,601,765,4,7,21.29166666666663,,2.625,,2.625,,0.12029190207156287,0.0043245469522240525,True,21,9,3,3,"fly (3,9)",0.20000000000000107,0.030797101449252295,-0.10326086956524705,0.10775559679685554,0.5387779839842748,0.5163043478262325,2.651477146042339,1.047820258598548,0.17948717948702989,,,,,,
45,9.0,602.3846153846154,768.1923076923077,601,765,4,7,21.38461538461536,,2.807692307692264,,2.807692307692264,,0.12081703607127321,0.004625522747433713,True,21,9,3,3,"fly (3,9)",0.1999999999999993,0.09294871794872961,-0.18269230769226397,0.2049779096835494,1.0248895484177507,0.913461538461323,2.993693134822138,1.7656767680887275,1.711079943898999,,,,,,
46,9.2,602.2903225806451,767.4516129032259,601,763,4,9,21.290322580645125,,3.5483870967741495,,3.5483870967741495,,0.12028430836522669,0.0058457777541584014,True,21,9,3,3,"fly (3,9)",0.1999999999999993,-0.09429280397023376,-0.7406947890818856,0.7466725543728173,3.7333627718641,3.703473945409441,3.5282169443459375,2.729676028194604,2.672619047618998,,,,,,
47,9.4,602.2,766.7714285714286,601,761,4,11,21.200000000000045,,4.228571428571399,,4.228571428571399,,0.11977401129943528,0.006966345022358154,True,21,9,3,3,"fly (3,9)",0.20000000000000107,-0.09032258064507914,-0.6801843317972498,0.6861551528603848,3.4307757643019055,3.4009216589862308,10.11083802696703,33.100570110894495,32.913105413105576,,,,,,
48,9.6,600.2777777777778,748.4444444444445,599,742,3,16,19.27777777777783,,22.555555555555543,,22.555555555555543,,0.10891399874450751,0.037159070107999244,True,21,9,3,3,"fly (3,9)",0.1999999999999993,-1.9222222222222172,-18.326984126984144,18.42751435930342,92.13757179651742,91.63492063492104,16.576190476190465,32.60262120067123,32.326762246117276,,,,,,
49,9.8,600.0555555555555,748.0555555555555,599,742,3,14,19.055555555555543,,22.944444444444457,,22.944444444444457,,0.10765850596359064,0.037799743730551,True,21,9,3,3,"fly (3,9)",0.20000000000000107,-0.22222222222228538,-0.38888888888891415,0.4479032082388616,2.239516041194296,1.9444444444445603,22.75,47.188543918855885,46.7896825396828,,,,,,
12,2.4,857.9298892988929,169.5977859778598,843,165,29,13,56.92988929889293,,601.4022140221402,,601.4022140221402,,0.32531365313653104,0.9907779473181882,True,22,3,4,4,"fly (4,3)",,,,,,,602.8354820110701,39.65728792972471,7.166339944649274,,,,,,
13,2.6,842.328125,166.73125,818,164,50,7,41.328125,,604.26875,,604.26875,,0.23616071428571428,0.9955004118616144,True,22,3,4,4,"fly (4,3)",0.20000000000000018,-15.601764298892931,-2.8665359778597974,15.862915171889897,79.31457585944942,14.332679889298548,603.2335416796965,26.972667343709812,4.3790783246815055,,,,,,
14,2.8,842.1144067796611,166.97033898305085,819,165,48,5,41.11440677966107,,604.0296610169491,,604.0296610169491,,0.23493946731234897,0.9951065255633429,True,22,3,4,4,"fly (4,3)",0.19999999999999973,-0.21371822033893295,0.23908898305086268,0.3206852343360018,1.6034261716800113,-1.1954449152540307,604.1129969090313,27.05456808720417,4.397276146674467,,,,,,
15,3.0,842.1623188405797,166.95942028985507,818,164,50,7,41.1623188405797,,604.0405797101449,,604.0405797101449,,0.23521325051759828,0.9951245135257741,True,22,3,4,4,"fly (4,3)",0.20000000000000018,0.04791206091863387,-0.010918693195776541,0.04914044609661557,0.24570223048307763,0.054593465978882656,604.03993446977,0.8533673090134538,-0.36531219630698364,,,,,,
16,3.2,842.0204081632653,166.95043731778426,818,164,50,7,41.0204081632653,,604.0495626822158,,604.0495626822158,,0.234402332361516,0.9951393124912945,True,22,3,4,4,"fly (4,3)",0.20000000000000018,-0.14191067731439944,-0.008982972070811002,0.14219470497545458,0.7109735248772723,0.044914860354197075,604.0435740341685,0.5558830934125413,0.018197821992960852,,,,,,
17,3.4,842.1623188405797,166.95942028985507,818,164,50,7,41.1623188405797,,604.0405797101449,,604.0405797101449,,0.23521325051759828,0.9951245135257741,True,22,3,4,4,"fly (4,3)",0.19999999999999973,0.14191067731439944,0.008982972070811002,0.14219470497545458,0.7109735248772738,-0.04491486035419718,604.0667581836502,1.6752301575801027,0.11592074740898761,,,,,,
18,3.6,841.4449339207049,166.88986784140968,819,165,48,5,40.4449339207049,,604.1101321585903,,604.1101321585903,,0.2311139081183137,0.9952390974606101,True,22,3,4,4,"fly (4,3)",0.20000000000000018,-0.717384919874803,-0.06955244844539266,0.7207486845971531,3.6037434229857626,0.34776224222696295,604.0777735214624,1.75796136803237,0.05507668906072145,,,,,,
19,3.8,841.6347826086957,166.91739130434783,819,165,48,5,40.63478260869567,,604.0826086956522,,604.0826086956522,,0.23219875776397528,0.9951937540290811,True,22,3,4,4,"fly (4,3)",0.19999999999999973,0.18984868799077503,0.02752346293814867,0.19183343124681446,0.9591671562340736,-0.13761731469060143,604.0917831832982,1.520970193073279,0.07004830917878717,,,,,,
20,4.0,841.6347826086957,166.91739130434783,819,165,48,5,40.63478260869567,,604.0826086956522,,604.0826086956522,,0.23219875776397528,0.9951937540290811,True,22,3,4,4,"fly (4,3)",0.20000000000000018,0.0,0.0,0.0,0.0,0.0,604.0917831832983,0.4940336772692313,-1.0177044392397268e-16,,,,,,
21,4.2,841.7356828193832,166.88986784140968,819,165,48,5,40.735682819383214,,604.1101321585903,,604.1101321585903,,0.23277533039647552,0.9952390974606101,True,22,3,4,4,"fly (4,3)",0.20000000000000018,0.1009002106875414,-0.02752346293814867,0.10458677511472418,0.5229338755736205,0.13761731469060112,604.1103779037951,0.4185321455891535,0.09297360248448656,,,,,,
22,4.4,841.8794642857143,166.86160714285714,819,165,48,5,40.879464285714334,,604.1383928571429,,604.1383928571429,,0.2335969387755105,0.9952856554483408,True,22,3,4,4,"fly (4,3)",0.20000000000000018,0.1437814663311201,-0.028260698552543317,0.14653251223876818,0.7326625611938402,0.14130349276285856,604.1113569128157,0.6836479095988818,0.004895045102746631,,,,,,
23,4.6,842.0294985250738,166.91445427728613,818,164,50,7,41.02949852507379,,604.0855457227138,,604.0855457227138,,0.23445427728613594,0.9951985926239107,True,22,3,4,4,"fly (4,3)",0.1999999999999993,0.15003423935945648,0.05284713442898692,0.15906945840583633,0.7953472920291845,-0.26423567214521976,604.1172306279404,0.6902148880005918,0.029368575623985805,,,,,,
24,4.8,841.9295154185022,166.87224669603523,819,165,49,5,40.929515418502206,,604.1277533039647,,604.1277533039647,,0.23388294524858402,0.9952681273541428,True,22,3,4,4,"fly (4,3)",0.20000000000000018,-0.09998310657158527,-0.04220758125089219,0.10852696215575024,0.5426348107787508,0.21103790625431865,604.1199885644484,0.6202829151763117,0.013789682539595144,,,,,,
25,5.0,841.8266666666667,166.85333333333332,819,165,49,5,40.82666666666671,,604.1466666666666,,604.1466666666666,,0.23329523809523833,0.9952992861065348,True,22,3,4,4,"fly (4,3)",0.20000000000000018,-0.10284875183549502,-0.01891336270190891,0.10457332854420003,0.5228666427209997,0.09456681350968657,604.1371960374081,0.43907333074575156,0.08603736479850937,,,,,,
26,5.2,841.8761061946902,166.86283185840708,819,165,49,5,40.87610619469024,,604.137168141593,,604.137168141593,,0.2335777496839442,0.995283637795046,True,22,3,4,4,"fly (4,3)",0.20000000000000018,0.04943952802352669,0.009498525073752262,0.050343707747500896,0.25171853873750427,-0.04749262536847705,604.1466949360865,0.29132559240183653,0.04749449339215058,,,,,,
27,5.4,841.8705357142857,166.84375,819,165,49,5,40.870535714285666,,604.15625,,604.15625,,0.23354591836734667,0.9953150741350906,True,22,3,4,4,"fly (4,3)",0.20000000000000018,-0.005570480404571754,-0.01908185840707688,0.01987831914940115,0.09939159574700566,0.0954092920352422,604.1638629577668,0.18908801174484036,0.08584010840100616,,,,,,
28,5.6,841.8810975609756,166.8018292682927,818,164,50,7,40.881097560975604,,604.1981707317073,,604.1981707317073,,0.23360627177700347,0.995384136296058,True,22,3,4,4,"fly (4,3)",0.1999999999999993,0.010561846689938648,-0.04192073170730737,0.04323078015000208,0.21615390075001115,0.20960365853625337,604.1576139281129,0.4796402695489947,-0.03124514826898393,,,,,,
29,5.8,841.671052631579,166.8815789473684,819,165,49,5,40.67105263157896,,604.1184210526316,,604.1184210526316,,0.23240601503759406,0.995252752969739,True,22,3,4,4,"fly (4,3)",0.20000000000000018,-0.21004492939664487,0.07974967907571795,0.22467506242999363,1.1233753121499672,-0.3987483953784473,604.1557313979926,0.7514123042046276,-0.00941265060229519,,,,,,
30,6.0,841.4909638554217,166.84939759036143,818,164,50,7,40.49096385542168,,604.1506024096386,,604.1506024096386,,0.23137693631669534,0.9953057700323535,True,22,3,4,4,"fly (4,3)",0.20000000000000018,-0.1800887761572767,-0.03218135700697644,0.18294153994278112,0.9147076997139048,0.1609067850353084,604.1397245374734,0.8771053642160064,-0.08003430259520879,,,,,,
31,6.2,841.6096096096096,166.84984984984985,818,164,50,7,40.609609609609606,,604.1501501501501,,604.1501501501501,,0.23205491205491205,0.9953050249590611,True,22,3,4,4,"fly (4,3)",0.20000000000000018,0.11864575418792356,0.00045225948841221,0.11864661615682952,0.593233080784147,-0.0022612974424873734,604.1446952977074,0.8531188062267047,0.02485380116960789,,,,,,
32,6.4,841.4,166.86666666666667,819,165,48,5,40.39999999999998,,604.1333333333333,,604.1333333333333,,0.23085714285714273,0.9952773201537617,True,22,3,4,4,"fly (4,3)",0.20000000000000018,-0.20960960960962893,0.016816816816827895,0.2102831276364126,1.051415638182062,-0.0840840840839973,604.1326736428058,0.7141948897492169,-0.06010827450779754,,,,,,
33,6.6,841.4977973568282,166.88546255506608,819,165,48,5,40.49779735682819,,604.114537444934,,604.114537444934,,0.23141598489616108,0.9952463549339933,True,22,3,4,4,"fly (4,3)",0.1999999999999993,0.09779735682820956,0.018795888399409932,0.09958719005628795,0.49793595028144155,-0.09397944199690789,604.120802741067,0.5164505294878345,-0.05935450869363509,,,,,,
34,6.8,841.4977973568282,166.88546255506608,819,165,48,5,40.49779735682819,,604.114537444934,,604.114537444934,,0.23141598489616108,0.9952463549339933,True,22,3,4,4,"fly (4,3)",0.20000000000000018,0.0,0.0,0.0,0.0,0.0,604.1558216609156,0.7131737728274544,0.17509459924326587,,,,,,
35,7.0,841.8018575851393,166.76160990712074,818,164,50,7,40.80185758513926,,604.2383900928793,,604.2383900928793,,0.23315347191508148,0.9954503955401636,True,22,3,4,4,"fly (4,3)",0.20000000000000018,0.30406022831107293,-0.12385264794534123,0.32831707364018464,1.6415853682009218,0.6192632397267056,604.124529564946,2.0981676340222877,-0.1564604798486849,,,,,,
36,7.2,842.7066115702479,166.9793388429752,819,165,49,5,41.7066115702479,,604.0206611570247,,604.0206611570247,,0.23832349468713085,0.995091698775988,True,22,3,4,4,"fly (4,3)",0.20000000000000018,0.9047539851086412,0.21772893585446695,0.9305835067731891,4.652917533865941,-1.0886446792727602,604.1118406127131,3.509314642704228,-0.06344476116453279,,,,,,
37,7.4,841.8617647058824,166.92352941176472,818,164,50,7,40.861764705882365,,604.0764705882352,,604.0764705882352,,0.2334957983193278,0.9951836418257582,True,22,3,4,4,"fly (4,3)",0.20000000000000018,-0.844846864365536,-0.05580943121049131,0.8466882052091649,4.233441026045821,0.27904715605245634,604.0609768539426,3.1760799419620245,-0.2543187938520454,,,,,,
38,7.6,841.7337278106509,166.91420118343194,818,164,50,7,40.73372781065086,,604.0857988165681,,604.0857988165681,,0.23276415891800492,0.9951990095824844,True,22,3,4,4,"fly (4,3)",0.1999999999999993,-0.12803689523150297,-0.009328228332776689,0.12837625319486187,0.6418812659743116,0.04664114166416783,604.0826050425056,1.7493277741644462,0.10814094281518762,,,,,,
39,7.8,841.8082595870206,166.91445427728613,818,164,50,7,40.80825958702064,,604.0855457227138,,604.0855457227138,,0.2331900547829751,0.9951985926239107,True,22,3,4,4,"fly (4,3)",0.20000000000000018,0.07453177636978126,0.0002530938541838168,0.07453220609464145,0.3726610304732069,-0.0012654692710611915,604.0844136970021,0.47828249325660527,0.0090432724816007,,,,,,
40,8.0,841.8922413793103,166.91810344827587,819,165,49,5,40.89224137931035,,604.0818965517242,,604.0818965517242,,0.23366995073891628,0.9951925808100893,True,22,3,4,4,"fly (4,3)",0.20000000000000018,0.08398179228970548,0.0036491709897461533,0.08406103666445972,0.4203051833222982,-0.018245854948304423,604.1222762591685,0.4923917572975987,0.18931281083231086,,,,,,
41,8.2,841.8220858895705,166.80061349693253,818,164,50,7,40.82208588957053,,604.1993865030674,,604.1993865030674,,0.23326906222611732,0.9953861392142791,True,22,3,4,4,"fly (4,3)",0.1999999999999993,-0.07015548973981822,-0.1174899513433445,0.13684181161945788,0.6842090580972918,0.5874497567162983,604.1314594309623,0.6952423625769105,0.04591585896889825,,,,,,
42,8.4,841.6458333333334,166.88690476190476,818,164,50,7,40.64583333333337,,604.1130952380952,,604.1130952380952,,0.23226190476190497,0.9952439789754451,True,22,3,4,4,"fly (4,3)",0.20000000000000107,-0.1762525562371593,0.08629126497223183,0.19624256926222947,0.9812128463111421,-0.431456324861299,604.1357187657919,0.7630819239730794,0.02129667414806266,,,,,,
43,8.6,841.7692307692307,166.90532544378698,818,164,50,7,40.76923076923072,,604.094674556213,,604.094674556213,,0.23296703296703267,0.9952136318883246,True,22,3,4,4,"fly (4,3)",0.1999999999999993,0.12339743589734553,0.018420681882219014,0.1247647735021605,0.6238238675108048,-0.09210340941081119,604.0935770558996,0.8501814001447503,-0.2107085494613625,,,,,,
44,8.8,841.9570815450644,166.92703862660943,819,165,49,5,40.9570815450644,,604.0729613733906,,604.0729613733906,,0.23404046597179656,0.9951778605821922,True,22,3,4,4,"fly (4,3)",0.20000000000000107,0.18785077583368093,0.02171318282245238,0.18910149732246195,0.9455074866123048,-0.10856591411197711,604.0768870465625,1.428126068260678,-0.08345004668531908,,,,,,
45,9.0,842.5,166.93697478991598,819,165,51,5,41.5,,604.063025210084,,604.063025210084,,0.23714285714285716,0.9951614912851466,True,22,3,4,4,"fly (4,3)",0.1999999999999993,0.5429184549356023,0.009936163306548451,0.5430093701317833,2.715046850658926,-0.049680816533168755,604.0851518700077,2.3377206256535543,0.04132411722613031,,,,,,
46,9.2,841.8318584070796,166.88053097345133,819,165,48,5,40.83185840707961,,604.1194690265487,,604.1194690265487,,0.23332490518331203,0.9952544794506568,True,22,3,4,4,"fly (4,3)",0.1999999999999993,-0.6681415929203922,-0.056443816464650354,0.6705215079378843,3.3526075396894335,0.282219082323537,604.088367644095,2.3567069258653786,0.016078870435952852,,,,,,
47,9.4,841.6347826086957,166.91739130434783,819,165,48,5,40.63478260869567,,604.0826086956522,,604.0826086956522,,0.23219875776397528,0.9951937540290811,True,22,3,4,4,"fly (4,3)",0.20000000000000107,-0.19707579838393485,0.03686033089650209,0.2004932774495568,1.0024663872477786,-0.18430165448250949,604.0993825303989,1.4967257525252045,0.05507443151941582,,,,,,
48,9.6,841.6113537117903,166.90393013100436,819,165,48,5,40.61135371179034,,604.0960698689956,,604.0960698689956,,0.23206487835308767,0.9952159305914261,True,22,3,4,4,"fly (4,3)",0.1999999999999993,-0.023428896905329566,-0.01346117334347241,0.027020666127680372,0.13510333063840235,0.06730586671722018,604.0972579342478,0.44327984915667423,-0.010622980755859435,,,,,,
49,9.8,841.6458333333334,166.88690476190476,818,164,50,7,40.64583333333337,,604.1130952380952,,604.1130952380952,,0.23226190476190497,0.9952439789754451,True,22,3,4,4,"fly (4,3)",0.20000000000000107,0.03447962154302786,-0.017025369099599175,0.03845396591676881,0.19226982958384303,0.0851268454977112,604.1045825535455,0.16368658011112203,0.07621635610746559,,,,,,
15,3.0,957.8333333333334,164.58333333333334,955,164,6,3,156.83333333333337,,606.4166666666666,,606.4166666666666,,0.8961904761904764,0.9990389895661723,True,23,4,4,4,"fly (4,4)",,,,,,,606.4166666666666,0.0,0.0,,,,,,
17,3.4,599.3170731707318,653.2357723577236,599,604,3,85,18.31707317073176,,117.76422764227641,,117.76422764227641,,0.10348628910017943,0.1940102597072099,True,24,10,3,3,"fly (3,10)",,,,,,,157.5011614401858,198.69579000232523,198.68466898954676,,,,,,
18,3.6,598.4761904761905,573.7619047619048,598,569,2,11,17.47619047619048,,197.23809523809518,,197.23809523809518,,0.09873553941350555,0.32493920138071697,True,24,10,3,3,"fly (3,10)",0.20000000000000018,-0.8408826945412784,-79.47386759581877,79.47831600093016,397.39158000465045,397.36933797909353,170.91475278808085,133.3036913060623,133.29617973599082,,,,,,
19,3.8,598.483870967742,573.258064516129,598,566,2,16,17.48387096774195,,197.74193548387098,,197.74193548387098,,0.09877893202114096,0.3257692512090131,True,24,10,3,3,"fly (3,10)",0.19999999999999973,0.007680491551468549,-0.5038402457757911,0.5038987827072832,2.519493913536419,2.519201228878959,197.40713667743702,134.13795365517186,132.46191944678068,,,,,,
20,4.0,598.4827586206897,573.7586206896551,598,567,2,15,17.48275862068965,,197.24137931034488,,197.24137931034488,,0.0987726475745178,0.3249446117139125,True,24,10,3,3,"fly (3,10)",0.20000000000000018,-0.001112347052298901,0.5005561735260926,0.500557409465736,2.502787047328678,-2.502780867630461,139.99443826473862,145.21570992038804,-143.5290093048711,,,,,,
22,4.4,600.2,746.0,599,740,3,14,19.200000000000045,,25.0,,25.0,,0.1084745762711867,0.04118616144975288,True,24,10,3,3,"fly (3,10)",0.40000000000000036,1.7172413793103942,172.24137931034488,172.24993952011977,430.62484880029905,-430.6034482758618,75.143951833607,162.60905518056714,-162.543346222434,,,,,,
24,4.8,601.952380952381,767.8095238095239,601,764,3,8,20.952380952380963,,3.190476190476147,,3.190476190476147,,0.11837503362927097,0.0052561386993017255,True,24,10,3,3,"fly (3,10)",0.39999999999999947,1.7523809523809177,21.809523809523853,21.87981187762946,54.699529694073725,-54.5238095238097,10.59972394755001,162.4749018606906,-161.01205349706095,,,,,,
25,5.0,601.9130434782609,767.3913043478261,601,763,3,9,20.913043478260875,,3.6086956521738784,,3.6086956521738784,,0.1181527880127733,0.005945132870138185,True,24,10,3,3,"fly (3,10)",0.20000000000000018,-0.0393374741200887,-0.4182194616977313,0.4200654175398027,2.1003270876990117,2.0910973084886546,3.333057280883357,19.281488891800524,-17.81815044858521,,,,,,
27,5.4,602.0,767.8,601,764,3,8,21.0,,3.2000000000000455,,3.2000000000000455,,0.11864406779661017,0.005271828665568444,True,24,10,3,3,"fly (3,10)",0.40000000000000036,0.08695652173912549,0.40869565217383297,0.41784395745153674,1.0446098936288408,-1.0217391304345815,9.753436185133259,33.27030111508136,32.44247423139448,,,,,,
28,5.6,600.2258064516129,748.5483870967741,599,742,3,16,19.225806451612925,,22.45161290322585,,22.45161290322585,,0.10862037543284138,0.036987830153584596,True,24,10,3,3,"fly (3,10)",0.1999999999999993,-1.7741935483870748,-19.251612903225805,19.333193272783173,96.66596636391621,96.25806451612937,15.934376018247008,33.0866495268441,31.245278875713723,,,,,,
29,5.8,600.3030303030303,748.8484848484849,599,742,3,17,19.303030303030255,,22.151515151515127,,22.151515151515127,,0.10905666837870201,0.03649343517547797,True,24,10,3,3,"fly (3,10)",0.20000000000000018,0.07722385141732957,0.30009775171072306,0.3098744645974505,1.5493723229872511,-1.500488758553614,30.902567739379908,75.99516595935592,74.84095860566458,,,,,,
30,6.0,600.0784313725491,722.8954248366013,599,697,3,59,19.078431372549062,,48.10457516339875,,48.10457516339875,,0.10778774786750882,0.07924971196606054,True,24,10,3,3,"fly (3,10)",0.20000000000000018,-0.22459893048119284,-25.953060011883622,25.95403183823288,129.77015919116428,129.765300059418,50.085363438304626,96.93310018120899,95.9139784946235,,,,,,
31,6.2,599.8947368421053,691.0,599,688,3,7,18.894736842105317,,80.0,,80.0,,0.10674992566161196,0.13179571663920922,True,24,10,3,3,"fly (3,10)",0.20000000000000018,-0.18369453044374495,-31.89542483660125,31.89595380589511,159.47976902947542,159.4771241830061,79.63933599973988,147.7789036081691,147.76986280717614,,,,,,
32,6.4,599.4029850746268,660.1865671641791,599,610,3,85,18.402985074626827,,110.81343283582089,,110.81343283582089,,0.10397166708828716,0.18255919742309867,True,24,10,3,3,"fly (3,10)",0.20000000000000018,-0.49175176747849036,-30.81343283582089,30.817356520773536,154.08678260386753,154.0671641791043,95.10746268656715,131.6977928849,77.34063343413614,,,,,,
33,6.6,599.5731343283583,676.4910447761195,598,571,5,186,18.573134328358265,,94.50895522388055,,94.50895522388055,,0.10493296230710884,0.1556984435319284,True,24,10,3,3,"fly (3,10)",0.1999999999999993,0.17014925373143797,16.304477611940342,16.305365404271356,81.52682702135706,-81.522388059702,92.14875532570538,117.5437188627346,-14.793536804308962,,,,,,
34,6.8,600.5017953321365,699.8761220825853,590,651,24,103,19.501795332136453,,71.12387791741469,,71.12387791741469,,0.11017963464483872,0.11717278075356621,True,24,10,3,3,"fly (3,10)",0.20000000000000018,0.9286610037781884,23.38507730646586,23.403509392595865,117.01754696297922,-116.9253865323292,77.01767717273712,75.68759201006786,-75.65539076484133,,,,,,
35,7.0,600.4986474301172,705.5798016230839,590,651,24,104,19.498647430117217,,65.42019837691612,,65.42019837691612,,0.11016184988766789,0.10777627409706116,True,24,10,3,3,"fly (3,10)",0.20000000000000018,-0.003147902019236426,5.70367954049857,5.703680409173457,28.518402045867262,-28.518397702492823,64.53271011612829,62.47833299319524,-62.4248352830441,,,,,,
36,7.2,600.0202702702703,713.9459459459459,599,689,4,51,19.020270270270316,,57.05405405405406,,57.05405405405406,,0.10745915406932383,0.09399349926532795,True,24,10,3,3,"fly (3,10)",0.20000000000000018,-0.4783771598469002,8.366144322862056,8.37980999414785,41.89904997073921,-41.83072161431024,59.793845733060685,23.750337330929103,-23.694321915338023,,,,,,
37,7.4,600.0993377483444,714.0927152317881,599,689,4,49,19.099337748344396,,56.907284768211866,,56.907284768211866,,0.10790586298499659,0.09375170472522548,True,24,10,3,3,"fly (3,10)",0.20000000000000018,0.0790674780740801,0.14676928584219695,0.16671199523616664,0.8335599761808324,-0.7338464292109841,56.96347227881677,14.29501997819141,-14.151867271219578,,,,,,
38,7.6,600.0780141843971,714.0709219858156,599,691,4,46,19.078014184397148,,56.92907801418437,,56.92907801418437,,0.10778539087230027,0.09378760793111099,True,24,10,3,3,"fly (3,10)",0.1999999999999993,-0.021323563947248658,-0.021793245972503428,0.03048999753083689,0.152449987654185,0.10896622986251753,56.495123134970946,2.463610080128531,-2.341745719229117,,,,,,
39,7.8,600.1258278145696,715.3509933774834,599,691,4,49,19.12582781456956,,55.649006622516595,,55.649006622516595,,0.10805552437609922,0.09167875885093343,True,24,10,3,3,"fly (3,10)",0.20000000000000018,0.04781363017241347,1.280071391667775,1.2809640553101163,6.404820276550575,-6.40035695833887,56.09778747149293,2.382999384047418,-1.9866783173900664,,,,,,
40,8.0,600.0277777777778,715.2847222222222,599,691,4,49,19.02777777777783,,55.71527777777783,,55.71527777777783,,0.10750156936597643,0.09178793703093546,True,24,10,3,3,"fly (3,10)",0.20000000000000018,-0.09805003679173296,-0.06627115526123362,0.11834557758749889,0.591727887937494,0.3313557763061678,55.69318739269075,2.332182721496023,-2.0230003940109054,,,,,,
41,8.2,600.0277777777778,715.2847222222222,599,691,4,49,19.02777777777783,,55.71527777777783,,55.71527777777783,,0.10750156936597643,0.09178793703093546,True,24,10,3,3,"fly (3,10)",0.1999999999999993,0.0,0.0,0.0,0.0,0.0,54.0471794048384,8.538561838032182,-8.2300399392617,,,,,,
42,8.4,600.0982658959538,720.2890173410404,599,691,3,64,19.098265895953773,,50.71098265895955,,50.71098265895955,,0.10789980732177273,0.08354362876270108,True,24,10,3,3,"fly (3,10)",0.20000000000000107,0.07048811817594469,5.004295118818277,5.004791525231837,25.02395762615905,-25.02147559409125,55.76152617848587,25.26765081770064,8.571733868237464,,,,,,
43,8.6,600.5127970749543,710.1416819012798,590,655,24,100,19.51279707495428,,60.85831809872025,,60.85831809872025,,0.11024179138392248,0.1002608205909724,True,24,10,3,3,"fly (3,10)",0.1999999999999993,0.4145311790005053,-10.147335439760695,10.15579896538854,50.77899482694288,50.736677198803655,63.81010153956121,56.96620555082624,40.24287680537661,,,,,,
44,8.8,599.7220077220077,691.1389961389962,599,608,3,135,18.722007722007675,,79.86100386100384,,79.86100386100384,,0.10577405492659703,0.1315667279423457,True,24,10,3,3,"fly (3,10)",0.20000000000000107,-0.7907893529466037,-19.00268576228359,19.01913283987546,95.0956641993768,95.01342881141744,72.08762637616935,55.92578271218709,41.38762418304059,,,,,,
45,9.0,600.4627949183304,695.456442831216,590,608,24,120,19.46279491833036,,75.54355716878399,,75.54355716878399,,0.10995929332390034,0.12445396568168697,True,24,10,3,3,"fly (3,10)",0.1999999999999993,0.7407871963226853,4.317446692219846,4.380537822048306,21.90268911024161,-21.58723346109931,68.59813051275414,80.92764646086634,-17.447479317076468,,,,,,
46,9.2,600.0621468926554,720.6101694915254,599,691,4,66,19.06214689265539,,50.389830508474574,,50.389830508474574,,0.10769574515624515,0.08301454778990869,True,24,10,3,3,"fly (3,10)",0.1999999999999993,-0.40064802567496827,25.153726660309417,25.156917214596028,125.78458607298059,-125.76863330154752,48.702433573578936,99.58961884854851,-99.47848469587588,,,,,,
47,9.4,600.2173913043479,750.8260869565217,599,747,3,10,19.21739130434787,,20.17391304347825,,20.17391304347825,,0.10857283222795407,0.033235441587278834,True,24,10,3,3,"fly (3,10)",0.20000000000000107,0.15524441169247893,30.215917464996323,30.216316272484832,151.08158136242335,-151.07958732498082,23.982786312189393,108.07347422820362,-107.94048825789518,,,,,,
49,9.8,602.6153846153846,769.6153846153846,601,768,4,4,21.61538461538464,,1.3846153846153584,,1.3846153846153584,,0.12212081703607142,0.0022810797110631932,True,24,10,3,3,"fly (3,10)",0.40000000000000036,2.397993311036771,18.789297658862893,18.941702099682797,47.35425524920695,-46.97324414715719,10.779264214046805,99.21791830581515,-99.026415736069,,,,,,
22,4.4,194.3125,169.1875,185,168,20,4,67.3125,,611.8125,,611.8125,,0.34168781725888325,0.9964372964169381,True,25,6,1,1,"fly (1,6)",,,,,,,611.8092350746269,0.8233894549380677,-0.016324626865582618,,,,,,
23,4.6,194.6417910447761,169.19402985074626,185,168,21,4,67.64179104477611,,611.8059701492538,,611.8059701492538,,0.3433593454049549,0.9964266614808693,True,25,6,1,1,"fly (1,6)",0.1999999999999993,0.32929104477611304,0.006529850746261445,0.3293557819752259,1.6467789098761354,-0.032649253731165236,611.785104084839,5.007079347705596,-0.12609649122812994,,,,,,
24,4.8,197.31578947368422,169.26315789473685,189,168,18,4,70.31578947368422,,611.7368421052631,,611.7368421052631,,0.35693294149078286,0.9963140750900051,True,25,6,1,1,"fly (1,6)",0.20000000000000018,2.6739984289081065,0.06912804399058814,2.674891826648133,13.374459133240654,-0.3456402199532246,611.7910003112542,5.754985572644017,0.029481132075564593,,,,,,
25,5.0,197.75471698113208,169.16981132075472,190,168,17,4,70.75471698113208,,611.8301886792453,,611.8301886792453,,0.35916099990422373,0.9964661053407905,True,25,6,1,1,"fly (1,6)",0.20000000000000018,0.4389275074478576,-0.09334657398213153,0.44874373496305286,2.243718674815262,0.4667328699110836,611.7964176689102,5.306805887514575,0.03846744117091863,,,,,,
32,6.4,198.17777777777778,169.17777777777778,192,168,15,4,71.17777777777778,,611.8222222222222,,611.8222222222222,,0.36130851663846586,0.996453130655085,True,25,6,1,1,"fly (1,6)",1.4000000000000004,0.42306079664570007,0.007966457023059093,0.42313579628293635,0.3022398544878116,-0.005690326445103111,611.7769941100131,1.5445721637871657,-0.08573714159592338,,,,,,
33,6.6,197.78571428571428,169.32142857142858,190,168,17,4,70.78571428571428,,611.6785714285714,,611.6785714285714,,0.3593183466279913,0.9962191717077711,True,25,6,1,1,"fly (1,6)",0.1999999999999993,-0.39206349206349955,0.14365079365080646,0.41755159241168316,2.087757962058423,-0.7182539682537507,611.7735978835977,1.963577963582992,-0.005600479185465579,,,,,,
34,6.8,197.1,169.18,190,168,16,4,70.1,,611.8199999999999,,611.8199999999999,,0.35583756345177664,0.9964495114006514,True,25,6,1,1,"fly (1,6)",0.20000000000000018,-0.6857142857142833,-0.1414285714285768,0.7001472148405489,3.500736074202741,0.707142857142457,611.7933091202582,5.031148700463633,0.09855618330201686,,,,,,
35,7.0,199.0,169.11864406779662,190,168,21,4,72.0,,611.8813559322034,,611.8813559322034,,0.36548223350253806,0.9965494396289958,True,25,6,1,1,"fly (1,6)",0.20000000000000018,1.9000000000000057,-0.061355932203383645,1.900990413025949,9.504952065129736,0.3067796610173443,611.7613443658526,21.861985117007436,-0.1598237720285547,,,,,,
36,7.2,188.48818897637796,169.41732283464566,172,168,35,4,61.488188976377955,,611.5826771653543,,611.5826771653543,,0.3121227866821216,0.9960629921259843,True,25,6,1,1,"fly (1,6)",0.20000000000000018,-10.511811023622045,0.2986787668490365,10.516053442337977,52.580267211689836,-1.4933938342454653,611.6851124817946,23.21479915731287,-0.3811594202898047,,,,,,
37,7.4,190.0,169.40869565217392,175,168,32,4,63.0,,611.591304347826,,611.591304347826,,0.3197969543147208,0.9960770429117688,True,25,6,1,1,"fly (1,6)",0.20000000000000018,1.5118110236220446,-0.008627182471741435,1.511835639023811,7.559178195119048,0.04313591235870713,611.6537385185779,24.64587875570059,-0.37456947689160297,,,,,,
40,8.0,198.27659574468086,169.2127659574468,192,168,15,4,71.27659574468086,,611.7872340425532,,611.7872340425532,,0.3618101306836592,0.9963961466491095,True,25,6,1,1,"fly (1,6)",0.5999999999999996,8.276595744680861,-0.19592969472711275,8.278914516175728,13.79819086029289,0.3265494912119495,611.6892691951897,10.678684527705965,0.18484270178532825,,,,,,
22,4.4,380.42649727767696,173.94736842105263,365,165,37,22,25.426497277676958,,605.0526315789474,,605.0526315789474,,0.12906851409988304,0.9838254172015405,True,26,6,2,2,"fly (2,6)",,,,,,,605.0253881456889,1.772834827097523,-0.06810858314622702,,,,,,
24,4.8,379.00927643784786,174.00185528756958,364,165,35,22,24.00927643784786,,604.9981447124304,,604.9981447124304,,0.12187449968450689,0.9837368206706185,True,26,6,2,2,"fly (2,6)",0.39999999999999947,-1.417220839829099,0.054486866516953114,1.4182678616780164,3.545669654195046,-0.13621716629245403,605.0163070012694,1.1818898847316819,-0.045405722097484676,,,,,,
25,5.0,379.00927643784786,174.00185528756958,364,165,35,22,24.00927643784786,,604.9981447124304,,604.9981447124304,,0.12187449968450689,0.9837368206706185,True,26,6,2,2,"fly (2,6)",0.20000000000000018,0.0,0.0,0.0,0.0,0.0,604.9950456695013,1.2250137914366308,-0.060900936743072086,,,,,,
26,5.2,378.98513011152414,174.01115241635688,364,165,35,22,23.985130111524143,,604.9888475836431,,604.9888475836431,,0.12175192950012255,0.9837217033880375,True,26,6,2,2,"fly (2,6)",0.20000000000000018,-0.024146326323716494,0.009297128787295605,0.025874344022969252,0.12937172011484616,-0.0464856439367622,604.9856578447825,3.0855804898645487,-0.04693912359414295,,,,,,
27,5.4,380.81050656660415,174.03001876172607,366,165,34,22,25.810506566604147,,604.9699812382739,,604.9699812382739,,0.1310177998304779,0.9836910264036974,True,26,6,2,2,"fly (2,6)",0.20000000000000018,1.8253764550800042,0.018866345369190185,1.8254739498957613,9.127369749478799,-0.09433172684566662,604.9825588018533,6.128037073024163,-0.015495214645587263,,,,,,
28,5.6,378.98513011152414,174.01115241635688,364,165,35,22,23.985130111524143,,604.9888475836431,,604.9888475836431,,0.12175192950012255,0.9837217033880375,True,26,6,2,2,"fly (2,6)",0.1999999999999993,-1.8253764550800042,-0.018866345369190185,1.8254739498957613,9.12736974947884,0.09433172684566704,604.9856578447825,6.128037073024161,0.01549521464558754,,,,,,
29,5.8,379.00927643784786,174.00185528756958,364,165,35,22,24.00927643784786,,604.9981447124304,,604.9981447124304,,0.12187449968450689,0.9837368206706185,True,26,6,2,2,"fly (2,6)",0.20000000000000018,0.024146326323716494,-0.009297128787295605,0.025874344022969252,0.12937172011484616,0.0464856439367622,604.993162535214,4.420997231912935,0.037523452157681075,,,,,,
30,6.0,379.81050656660415,174.00750469043152,365,165,34,22,24.810506566604147,,604.9924953095685,,604.9924953095685,,0.12594165769849822,0.9837276346497049,True,26,6,2,2,"fly (2,6)",0.20000000000000018,0.8012301287562877,0.00564940286193405,0.8012500452290245,4.006250226145119,-0.028247014309386007,604.9950212712735,1.654109168060477,0.009293680297446363,,,,,,
31,6.2,379.97583643122675,174.00557620817844,365,165,35,22,24.975836431226753,,604.9944237918215,,604.9944237918215,,0.1267808955899835,0.9837307703932058,True,26,6,2,2,"fly (2,6)",0.20000000000000018,0.16532986462260624,-0.0019284822530778456,0.16534111158429332,0.8267055579214658,0.009642411264962894,604.9937809644039,1.6109852613555284,-0.006201534348141038,,,,,,
32,6.4,379.97583643122675,174.00557620817844,365,165,35,22,24.975836431226753,,604.9944237918215,,604.9944237918215,,0.1267808955899835,0.9837307703932058,True,26,6,2,2,"fly (2,6)",0.20000000000000018,0.0,0.0,0.0,0.0,0.0,604.9975125401811,0.3928228363344401,0.010936007987349219,,,,,,
34,6.8,380.11623616236164,173.99630996309963,365,165,36,22,25.116236162361645,,605.0036900369004,,605.0036900369004,,0.12749358458051596,0.9837458374583746,True,26,6,2,2,"fly (2,6)",0.39999999999999947,0.14039973113489168,-0.009266245078805468,0.14070518043274155,0.35176295108185435,0.023165612697084757,605.009711908844,0.46786177655783945,0.053274972415427606,,,,,,
35,7.0,380.32481751824815,173.9689781021898,365,165,37,22,25.324817518248153,,605.0310218978102,,605.0310218978102,,0.12855237318907692,0.9837902795086345,True,26,6,2,2,"fly (2,6)",0.20000000000000018,0.2085813558865084,-0.027331860909839634,0.21036447571833294,1.0518223785916638,0.13665930454919806,605.1425464143862,14.634826873838408,0.6564506568116707,,,,,,
36,7.2,388.8172888015717,173.60707269155205,373,165,34,21,33.81728880157169,,605.392927308448,,605.392927308448,,0.1716613644749832,0.9843787435909723,True,26,6,2,2,"fly (2,6)",0.20000000000000018,8.492471283323539,-0.36190541063774617,8.50017905836835,42.50089529184171,1.8095270531887293,605.1394576660265,30.933434619202984,-0.01544374179805641,,,,,,
37,7.4,378.97583643122675,174.00557620817844,364,165,35,22,23.975836431226753,,604.9944237918215,,604.9944237918215,,0.12170475345800383,0.9837307703932058,True,26,6,2,2,"fly (2,6)",0.20000000000000018,-9.841452370344939,0.3985035166263913,9.849517237435123,49.24758618717557,-1.9925175831320967,605.1394576660265,32.831956246985634,3.1456319031046104e-16,,,,,,
38,7.6,380.32481751824815,173.9689781021898,365,165,37,22,25.324817518248153,,605.0310218978102,,605.0310218978102,,0.12855237318907692,0.9837902795086345,True,26,6,2,2,"fly (2,6)",0.1999999999999993,1.3489810870214,-0.0365981059886451,1.3494774523879214,6.747387261939631,0.18299052994336826,605.1447544416342,24.443307123024358,-0.2883459031792763,,,,,,
40,8.0,387.248496993988,173.59118236472946,373,165,32,21,32.248496993988,,605.4088176352706,,605.4088176352706,,0.16369795428420303,0.9844045815207652,True,26,6,2,2,"fly (2,6)",0.40000000000000036,6.923679475739846,-0.3777957374603318,6.933979167983156,17.334947919957877,0.9444893436508996,606.3867878501827,42.497648672485596,5.895337261525925,,,,,,
41,8.2,407.6637554585153,170.27947598253274,373,165,65,12,52.66375545851531,,608.7205240174673,,608.7205240174673,,0.26732870791124524,0.9897894699471013,True,26,6,2,2,"fly (2,6)",0.1999999999999993,20.415258464527312,-3.311706382196718,20.682122167111782,103.41061083555928,16.558531910983508,607.6081102531639,40.324505220573634,5.791782233689106,,,,,,
42,8.4,407.70152505446623,170.3050108932462,373,165,66,12,52.70152505446623,,608.6949891067538,,608.6949891067538,,0.26752043174855955,0.9897479497670794,True,26,6,2,2,"fly (2,6)",0.20000000000000107,0.037769595950919665,0.02553491071344638,0.04559138124074994,0.22795690620374848,-0.1276745535670891,608.7100336206881,35.14194568121592,5.5096168376216506,,,,,,
43,8.6,407.3446088794926,170.28541226215646,373,165,66,12,52.344608879492625,,608.7145877378435,,608.7145877378435,,0.265708674515191,0.9897798174599082,True,26,6,2,2,"fly (2,6)",0.1999999999999993,-0.3569161749736054,-0.019598631089735363,0.3574538603769455,1.7872693018847339,0.09799315544853505,608.685744895246,0.9336105611661555,-0.12144362721130525,,,,,,
44,8.8,407.4867617107943,170.35234215885947,373,165,67,13,52.486761710794326,,608.6476578411405,,608.6476578411405,,0.2664302624913418,0.989670988359578,True,26,6,2,2,"fly (2,6)",0.20000000000000107,0.14215283130170064,0.06692989670301586,0.15712109508199762,0.7856054754099839,-0.3346494835153617,608.6955784583007,16.44143935092887,0.04916781527413267,,,,,,
45,9.0,416.83673469387753,170.27551020408163,397,165,41,14,61.83673469387753,,608.7244897959183,,608.7244897959183,,0.3138920542836423,0.9897959183673468,True,26,6,2,2,"fly (2,6)",0.1999999999999993,9.349972983083205,-0.07683195477784466,9.350288655098346,46.751443275491894,0.3841597738892247,608.6988791443258,15.845682916967291,0.01650343012462099,,,,,,
46,9.2,416.83673469387753,170.27551020408163,397,165,41,14,61.83673469387753,,608.7244897959183,,608.7244897959183,,0.3138920542836423,0.9897959183673468,True,26,6,2,2,"fly (2,6)",0.1999999999999993,0.0,0.0,0.0,0.0,0.0,608.7221789479149,15.665900812721192,0.11649901794650508,,,,,,
47,9.4,416.8854961832061,170.2824427480916,397,165,41,14,61.8854961832061,,608.7175572519084,,608.7175572519084,,0.3141395745340411,0.9897846459380624,True,26,6,2,2,"fly (2,6)",0.20000000000000107,0.048761489328569496,0.006932544009970343,0.04925183253433696,0.2462591626716835,-0.03466272004970942,608.7255983528122,1.2193524754865201,0.01709702448617177,,,,,,
48,9.6,417.56763925729445,170.26525198938992,398,165,40,14,62.567639257294445,,608.73474801061,,608.73474801061,,0.3176022297324591,0.9898125983912358,True,26,6,2,2,"fly (2,6)",0.1999999999999993,0.6821430740883443,-0.017190758701673303,0.6823596527575729,3.411798263787877,0.08595379350822471,608.7315765016475,2.7084021592354603,0.029890744176555118,,,,,,
49,9.8,416.67424242424244,170.25757575757575,397,165,42,14,61.674242424242436,,608.7424242424242,,608.7424242424242,,0.3130672204276266,0.9898250800689825,True,26,6,2,2,"fly (2,6)",0.20000000000000107,-0.8933968330520088,-0.007676231814173207,0.8934298102493692,4.467149051246822,0.03838115907115005,608.7385861265172,3.939473657517349,0.062167476289687384,,,,,,
25,5.0,958.0909090909091,164.63636363636363,956,164,5,3,157.09090909090912,,606.3636363636364,,606.3636363636364,,0.8976623376623378,0.998951624981279,True,27,5,4,4,"fly (4,5)",,,,,,,606.3636363636364,0.0,0.0,,,,,,
26,5.2,958.0909090909091,164.63636363636363,956,164,5,3,157.09090909090912,,606.3636363636364,,606.3636363636364,,0.8976623376623378,0.998951624981279,True,27,5,4,4,"fly (4,5)",0.20000000000000018,0.0,0.0,0.0,0.0,0.0,606.3636363636364,0.0,0.0,,,,,,
27,5.4,958.0909090909091,164.63636363636363,956,164,5,3,157.09090909090912,,606.3636363636364,,606.3636363636364,,0.8976623376623378,0.998951624981279,True,27,5,4,4,"fly (4,5)",0.20000000000000018,0.0,0.0,0.0,0.0,0.0,606.3636363636364,0.0,0.0,,,,,,
28,5.6,958.0909090909091,164.63636363636363,956,164,5,3,157.09090909090912,,606.3636363636364,,606.3636363636364,,0.8976623376623378,0.998951624981279,True,27,5,4,4,"fly (4,5)",0.1999999999999993,0.0,0.0,0.0,0.0,0.0,606.3535353535353,0.7605679363819878,-0.01683501683500151,,,,,,
31,6.2,956.7222222222222,164.66666666666666,953,164,8,3,155.72222222222217,,606.3333333333334,,606.3333333333334,,0.8898412698412695,0.99890170236134,True,27,5,4,4,"fly (4,5)",0.6000000000000005,-1.3686868686869502,0.030303030303031164,1.3690222854875793,2.2817038091459634,-0.05050505050500453,606.3656565656565,1.454703670233587,0.09427609427600846,,,,,,
32,6.4,957.1333333333333,164.6,954,164,7,3,156.13333333333333,,606.4,,606.4,,0.8921904761904762,0.9990115321252059,True,27,5,4,4,"fly (4,5)",0.20000000000000018,0.41111111111115406,-0.06666666666666288,0.41648144031095985,2.082407201554797,0.3333333333330299,606.4444444444445,4.344794232273123,0.17760942760936074,,,,,,
36,7.2,950.2,164.4,945,164,12,2,149.20000000000005,,606.6,,606.6,,0.8525714285714289,0.999341021416804,True,27,5,4,4,"fly (4,5)",0.7999999999999998,-6.93333333333328,-0.19999999999998863,6.936217348894884,8.670271686118607,0.2500000000000569,606.5333333333333,3.938392962557811,0.19444444444436226,,,,,,
44,8.8,948.5,164.4,946,164,6,2,147.5,,606.6,,606.6,,0.8428571428571429,0.999341021416804,True,27,5,4,4,"fly (4,5)",1.6000000000000005,-1.7000000000000455,0.0,1.7000000000000455,1.062500000000028,0.0,606.6,3.244257228706212,0.0833333333333523,,,,,,
45,9.0,948.5,164.4,946,164,6,2,147.5,,606.6,,606.6,,0.8428571428571429,0.999341021416804,True,27,5,4,4,"fly (4,5)",0.1999999999999993,0.0,0.0,0.0,0.0,0.0,606.6,0.5312500000000142,0.0,,,,,,
39,7.8,452.7443609022556,177.15037593984962,442,173,21,9,97.74436090225561,,601.8496240601504,,601.8496240601504,,0.49616426853936857,0.9786172748945535,True,28,7,2,2,"fly (2,7)",,,,,,,603.1884483937115,35.1015011040071,6.69412166780574,,,,,,
40,8.0,466.5272727272727,174.47272727272727,443,167,50,15,111.5272727272727,,604.5272727272727,,604.5272727272727,,0.566128287955699,0.9829711751662971,True,28,7,2,2,"fly (2,7)",0.20000000000000018,13.782911825017095,-2.677648667122355,14.040600441602852,70.2030022080142,13.38824333561148,603.6848820493457,23.855192354611678,4.713542167438994,,,,,,
41,8.2,466.75447570332483,174.3222506393862,442,165,51,17,111.75447570332483,,604.6777493606138,,604.6777493606138,,0.5672816025549484,0.9832158526188842,True,28,7,2,2,"fly (2,7)",0.1999999999999993,0.22720297605212636,-0.15047663334107142,0.27251497116416623,1.362574855820836,0.7523831667055019,604.6033834310049,24.356163553684738,4.592506908296436,,,,,,
42,8.4,467.04615384615386,174.3948717948718,442,167,52,15,112.04615384615386,,604.6051282051283,,604.6051282051283,,0.5687622022647404,0.983097769439233,True,28,7,2,2,"fly (2,7)",0.20000000000000107,0.2916781428290278,0.07262115548559223,0.30058271944383846,1.5029135972191843,-0.36310577742767497,605.1803580956845,14.56842091870763,2.884873323397995,,,,,,
43,8.6,475.04508196721315,172.74180327868854,461,167,33,14,120.04508196721315,,606.2581967213115,,606.2581967213115,,0.6093658983107266,0.9857856857257098,True,28,7,2,2,"fly (2,7)",0.1999999999999993,7.9989281210592935,-1.6530685161832537,8.167954860616545,40.83977430308287,8.265342580916156,605.4316624632198,21.171343950151027,3.951118401744241,,,,,,
44,8.8,957.3333333333334,164.58333333333334,955,164,6,3,156.33333333333337,,606.4166666666666,,606.4166666666666,,0.8933333333333335,0.9990389895661723,True,29,6,4,4,"fly (4,6)",,,,,,,606.4166666666666,0.0,0.0,,,,,,
45,9.0,957.3333333333334,164.58333333333334,955,164,6,3,156.33333333333337,,606.4166666666666,,606.4166666666666,,0.8933333333333335,0.9990389895661723,True,29,6,4,4,"fly (4,6)",0.1999999999999993,0.0,0.0,0.0,0.0,0.0,606.4166666666666,0.8333333333333363,0.0,,,,,,
46,9.2,957.8333333333334,164.58333333333334,955,164,6,3,156.83333333333337,,606.4166666666666,,606.4166666666666,,0.8961904761904764,0.9990389895661723,True,29,6,4,4,"fly (4,6)",0.1999999999999993,0.5,0.0,0.5,2.500000000000009,0.0,606.453216374269,2.2625073928430988,0.06091617933722961,,,,,,
49,9.8,955.2631578947369,164.47368421052633,951,164,10,2,154.26315789473688,,606.5263157894736,,606.5263157894736,,0.8815037593984965,0.9992196306251625,True,29,6,4,4,"fly (4,6)",0.6000000000000014,-2.5701754385964932,-0.10964912280701355,2.5725133071175788,4.287522178529287,0.18274853801168883,606.4714912280701,3.393761089264648,0.09137426900584442,,,,,,
45,9.0,379.81050656660415,174.03001876172607,365,165,34,22,24.810506566604147,,604.9699812382739,,604.9699812382739,,0.12594165769849822,0.9836910264036974,True,30,8,2,2,"fly (2,8)",,,,,,,604.9699812382739,0.0,0.0,,,,,,
46,9.2,379.81050656660415,174.03001876172607,365,165,34,22,24.810506566604147,,604.9699812382739,,604.9699812382739,,0.12594165769849822,0.9836910264036974,True,30,8,2,2,"fly (2,8)",0.1999999999999993,0.0,0.0,0.0,0.0,0.0,604.9699812382739,0.0,0.0,,,,,,
47,9.4,379.81050656660415,174.03001876172607,365,165,34,22,24.810506566604147,,604.9699812382739,,604.9699812382739,,0.12594165769849822,0.9836910264036974,True,30,8,2,2,"fly (2,8)",0.20000000000000107,0.0,0.0,0.0,0.0,0.0,604.9706066291432,1.69793908946065,0.0031269543463471067,,,,,,
48,9.6,380.8292682926829,174.0281425891182,366,165,35,22,25.82926829268291,,604.9718574108817,,604.9718574108817,,0.13111303701869498,0.9836940770908646,True,30,8,2,2,"fly (2,8)",0.1999999999999993,1.0187617260787647,-0.0018761726078651009,1.0187634536763863,5.09381726838195,0.00938086303904132,604.9705499899701,3.529741619422641,-0.0002831958653359545,,,,,,
49,9.8,379.73018867924526,174.03018867924527,365,165,34,22,24.73018867924526,,604.9698113207547,,604.9698113207547,,0.12553395268652415,0.9836907501150484,True,30,8,2,2,"fly (2,8)",0.20000000000000107,-1.0990796134376524,0.002046090127066691,1.0990815179772007,5.495407589885974,-0.010230450635049184,604.9708343658182,5.294612429133962,-0.00042479379800393173,,,,,,
